<?xml version="1.0" encoding="UTF-8"?>
<osm version="0.6" generator="openstreetmap-cgimap 2.1.0 (244698 spike-07.openstreetmap.org)" copyright="OpenStreetMap and contributors" attribution="http://www.openstreetmap.org/copyright" license="http://opendatacommons.org/licenses/odbl/1-0/">
 <bounds minlat="48.5480000" minlon="0.2680000" maxlat="48.5580000" maxlon="0.2820000"/>
 <node id="268024879" visible="true" version="3" changeset="15885193" timestamp="2013-04-27T15:38:39Z" user="OxStOnE" uid="855437" lat="48.5590381" lon="0.2652064"/>
 <node id="268024880" visible="true" version="2" changeset="15885193" timestamp="2013-04-27T15:38:39Z" user="OxStOnE" uid="855437" lat="48.5581315" lon="0.2658318"/>
 <node id="268024881" visible="true" version="5" changeset="46665901" timestamp="2017-03-07T22:57:11Z" user="Kioska Journo" uid="402585" lat="48.5579958" lon="0.2660097"/>
 <node id="268024882" visible="true" version="2" changeset="7665755" timestamp="2011-03-25T13:54:39Z" user="Ropino" uid="42123" lat="48.5575258" lon="0.2677885"/>
 <node id="268024883" visible="true" version="2" changeset="7665755" timestamp="2011-03-25T13:54:38Z" user="Ropino" uid="42123" lat="48.5574214" lon="0.2692192"/>
 <node id="268024885" visible="true" version="5" changeset="15448398" timestamp="2013-03-21T21:27:00Z" user="OxStOnE" uid="855437" lat="48.5572155" lon="0.2703395"/>
 <node id="268024886" visible="true" version="3" changeset="15495622" timestamp="2013-03-25T19:48:38Z" user="OxStOnE" uid="855437" lat="48.5555013" lon="0.2690078"/>
 <node id="268024887" visible="true" version="3" changeset="15495622" timestamp="2013-03-25T19:48:38Z" user="OxStOnE" uid="855437" lat="48.5531445" lon="0.2671757"/>
 <node id="268024888" visible="true" version="3" changeset="15495622" timestamp="2013-03-25T19:48:38Z" user="OxStOnE" uid="855437" lat="48.5512681" lon="0.2657046"/>
 <node id="268024889" visible="true" version="2" changeset="7665755" timestamp="2011-03-25T13:54:39Z" user="Ropino" uid="42123" lat="48.5479338" lon="0.2631246"/>
 <node id="268024890" visible="true" version="2" changeset="7665755" timestamp="2011-03-25T13:54:39Z" user="Ropino" uid="42123" lat="48.5457523" lon="0.2608378"/>
 <node id="269479229" visible="true" version="3" changeset="14270070" timestamp="2012-12-14T11:26:52Z" user="BrunoC" uid="125252" lat="48.5432949" lon="0.2693099"/>
 <node id="269479230" visible="true" version="2" changeset="15495622" timestamp="2013-03-25T19:48:38Z" user="OxStOnE" uid="855437" lat="48.5432115" lon="0.2686159"/>
 <node id="269479231" visible="true" version="2" changeset="15495622" timestamp="2013-03-25T19:48:38Z" user="OxStOnE" uid="855437" lat="48.5431187" lon="0.2679918"/>
 <node id="269479243" visible="true" version="3" changeset="15495622" timestamp="2013-03-25T19:48:39Z" user="OxStOnE" uid="855437" lat="48.5439845" lon="0.2570699"/>
 <node id="270112438" visible="true" version="2" changeset="7665755" timestamp="2011-03-25T13:54:43Z" user="Ropino" uid="42123" lat="48.5447842" lon="0.2591770"/>
 <node id="289198526" visible="true" version="4" changeset="15881778" timestamp="2013-04-27T10:27:44Z" user="OxStOnE" uid="855437" lat="48.5647944" lon="0.2414669"/>
 <node id="334521722" visible="true" version="5" changeset="130112669" timestamp="2022-12-15T12:16:15Z" user="vinc44" uid="1060302" lat="48.5569611" lon="0.2711815"/>
 <node id="334521724" visible="true" version="4" changeset="15448398" timestamp="2013-03-21T21:27:00Z" user="OxStOnE" uid="855437" lat="48.5566489" lon="0.2737879"/>
 <node id="334521725" visible="true" version="4" changeset="130285898" timestamp="2022-12-20T11:21:24Z" user="Sylvain M" uid="672931" lat="48.5558655" lon="0.2759603"/>
 <node id="334521726" visible="true" version="3" changeset="15448398" timestamp="2013-03-21T21:27:00Z" user="OxStOnE" uid="855437" lat="48.5553998" lon="0.2774646"/>
 <node id="334521727" visible="true" version="3" changeset="15448398" timestamp="2013-03-21T21:27:00Z" user="OxStOnE" uid="855437" lat="48.5549870" lon="0.2789401"/>
 <node id="334521729" visible="true" version="3" changeset="15448398" timestamp="2013-03-21T21:27:00Z" user="OxStOnE" uid="855437" lat="48.5542720" lon="0.2812350"/>
 <node id="334521730" visible="true" version="2" changeset="582711" timestamp="2009-02-20T15:25:06Z" user="Francis C" uid="91843" lat="48.5537170" lon="0.2837890"/>
 <node id="334521731" visible="true" version="2" changeset="582711" timestamp="2009-02-20T15:25:07Z" user="Francis C" uid="91843" lat="48.5530590" lon="0.2860550"/>
 <node id="334521733" visible="true" version="3" changeset="15448398" timestamp="2013-03-21T21:27:00Z" user="OxStOnE" uid="855437" lat="48.5520299" lon="0.2887717"/>
 <node id="513481917" visible="true" version="4" changeset="8682108" timestamp="2011-07-10T10:45:17Z" user="Ropino" uid="42123" lat="48.5549288" lon="0.2599296"/>
 <node id="513481918" visible="true" version="2" changeset="7665755" timestamp="2011-03-25T13:54:39Z" user="Ropino" uid="42123" lat="48.5544520" lon="0.2601951"/>
 <node id="516964727" visible="true" version="3" changeset="187489256" timestamp="2026-08-15T13:39:07Z" user="Eric-Chambly" uid="1002121" lat="48.5609616" lon="0.2666698"/>
 <node id="516964728" visible="true" version="3" changeset="120830079" timestamp="2022-05-11T09:31:22Z" user="Alexandre148025" uid="191786" lat="48.5614894" lon="0.2652863"/>
 <node id="516964729" visible="true" version="2" changeset="46665901" timestamp="2017-03-07T22:57:11Z" user="Kioska Journo" uid="402585" lat="48.5626015" lon="0.2630090"/>
 <node id="516964730" visible="true" version="3" changeset="187489256" timestamp="2026-08-15T13:39:07Z" user="Eric-Chambly" uid="1002121" lat="48.5619743" lon="0.2623775"/>
 <node id="516964731" visible="true" version="3" changeset="120830079" timestamp="2022-05-11T09:31:22Z" user="Alexandre148025" uid="191786" lat="48.5624637" lon="0.2604467"/>
 <node id="516964734" visible="true" version="2" changeset="120830079" timestamp="2022-05-11T09:31:22Z" user="Alexandre148025" uid="191786" lat="48.5639725" lon="0.2608885"/>
 <node id="516964735" visible="true" version="2" changeset="120830079" timestamp="2022-05-11T09:31:22Z" user="Alexandre148025" uid="191786" lat="48.5651841" lon="0.2618425"/>
 <node id="516964736" visible="true" version="2" changeset="120830079" timestamp="2022-05-11T09:31:22Z" user="Alexandre148025" uid="191786" lat="48.5659195" lon="0.2610590"/>
 <node id="516964737" visible="true" version="2" changeset="120830079" timestamp="2022-05-11T09:31:22Z" user="Alexandre148025" uid="191786" lat="48.5650885" lon="0.2593301"/>
 <node id="516964739" visible="true" version="1" changeset="2707168" timestamp="2009-10-02T01:47:40Z" user="CLCF06" uid="143308" lat="48.5656780" lon="0.2582868"/>
 <node id="516964741" visible="true" version="1" changeset="2707168" timestamp="2009-10-02T01:47:41Z" user="CLCF06" uid="143308" lat="48.5651352" lon="0.2577216"/>
 <node id="516964742" visible="true" version="2" changeset="120830079" timestamp="2022-05-11T09:31:22Z" user="Alexandre148025" uid="191786" lat="48.5654971" lon="0.2571550"/>
 <node id="516964743" visible="true" version="2" changeset="120830079" timestamp="2022-05-11T09:31:22Z" user="Alexandre148025" uid="191786" lat="48.5655011" lon="0.2567127"/>
 <node id="516964744" visible="true" version="2" changeset="120830079" timestamp="2022-05-11T09:31:22Z" user="Alexandre148025" uid="191786" lat="48.5659707" lon="0.2566359"/>
 <node id="516964745" visible="true" version="1" changeset="2707168" timestamp="2009-10-02T01:47:41Z" user="CLCF06" uid="143308" lat="48.5681567" lon="0.2552876"/>
 <node id="516964746" visible="true" version="2" changeset="120830079" timestamp="2022-05-11T09:31:22Z" user="Alexandre148025" uid="191786" lat="48.5678433" lon="0.2570135"/>
 <node id="516964747" visible="true" version="2" changeset="120830079" timestamp="2022-05-11T09:31:22Z" user="Alexandre148025" uid="191786" lat="48.5679174" lon="0.2595445"/>
 <node id="516964749" visible="true" version="2" changeset="120830079" timestamp="2022-05-11T09:31:22Z" user="Alexandre148025" uid="191786" lat="48.5674479" lon="0.2597213"/>
 <node id="516964750" visible="true" version="2" changeset="120830079" timestamp="2022-05-11T09:31:22Z" user="Alexandre148025" uid="191786" lat="48.5676792" lon="0.2604591"/>
 <node id="516964751" visible="true" version="2" changeset="120830079" timestamp="2022-05-11T09:31:22Z" user="Alexandre148025" uid="191786" lat="48.5688580" lon="0.2605479"/>
 <node id="516964754" visible="true" version="2" changeset="120830079" timestamp="2022-05-11T09:31:22Z" user="Alexandre148025" uid="191786" lat="48.5692949" lon="0.2617399"/>
 <node id="516964755" visible="true" version="1" changeset="2707168" timestamp="2009-10-02T01:47:41Z" user="CLCF06" uid="143308" lat="48.5681196" lon="0.2626532"/>
 <node id="516964756" visible="true" version="2" changeset="120830079" timestamp="2022-05-11T09:31:22Z" user="Alexandre148025" uid="191786" lat="48.5690018" lon="0.2650032"/>
 <node id="516964757" visible="true" version="2" changeset="120830079" timestamp="2022-05-11T09:31:22Z" user="Alexandre148025" uid="191786" lat="48.5681785" lon="0.2656347"/>
 <node id="516964758" visible="true" version="2" changeset="120830079" timestamp="2022-05-11T09:31:22Z" user="Alexandre148025" uid="191786" lat="48.5682583" lon="0.2659757"/>
 <node id="516964768" visible="true" version="2" changeset="120830079" timestamp="2022-05-11T09:31:22Z" user="Alexandre148025" uid="191786" lat="48.5695606" lon="0.2657646"/>
 <node id="516964769" visible="true" version="2" changeset="120830079" timestamp="2022-05-11T09:31:22Z" user="Alexandre148025" uid="191786" lat="48.5701503" lon="0.2654360"/>
 <node id="516964770" visible="true" version="2" changeset="120830079" timestamp="2022-05-11T09:31:22Z" user="Alexandre148025" uid="191786" lat="48.5714670" lon="0.2653926"/>
 <node id="516964771" visible="true" version="1" changeset="2707168" timestamp="2009-10-02T01:47:42Z" user="CLCF06" uid="143308" lat="48.5717575" lon="0.2640909"/>
 <node id="516964772" visible="true" version="1" changeset="2707168" timestamp="2009-10-02T01:47:42Z" user="CLCF06" uid="143308" lat="48.5722960" lon="0.2630032"/>
 <node id="516964773" visible="true" version="1" changeset="2707168" timestamp="2009-10-02T01:47:42Z" user="CLCF06" uid="143308" lat="48.5733907" lon="0.2629978"/>
 <node id="516964774" visible="true" version="1" changeset="2707168" timestamp="2009-10-02T01:47:42Z" user="CLCF06" uid="143308" lat="48.5732277" lon="0.2653689"/>
 <node id="516964775" visible="true" version="1" changeset="2707168" timestamp="2009-10-02T01:47:42Z" user="CLCF06" uid="143308" lat="48.5730056" lon="0.2668090"/>
 <node id="516964776" visible="true" version="1" changeset="2707168" timestamp="2009-10-02T01:47:42Z" user="CLCF06" uid="143308" lat="48.5728818" lon="0.2677007"/>
 <node id="516964777" visible="true" version="1" changeset="2707168" timestamp="2009-10-02T01:47:42Z" user="CLCF06" uid="143308" lat="48.5730927" lon="0.2692210"/>
 <node id="516964778" visible="true" version="1" changeset="2707168" timestamp="2009-10-02T01:47:42Z" user="CLCF06" uid="143308" lat="48.5723036" lon="0.2692235"/>
 <node id="516964779" visible="true" version="1" changeset="2707168" timestamp="2009-10-02T01:47:42Z" user="CLCF06" uid="143308" lat="48.5719057" lon="0.2692245"/>
 <node id="516964780" visible="true" version="1" changeset="2707168" timestamp="2009-10-02T01:47:42Z" user="CLCF06" uid="143308" lat="48.5714065" lon="0.2748914"/>
 <node id="516964781" visible="true" version="1" changeset="2707168" timestamp="2009-10-02T01:47:42Z" user="CLCF06" uid="143308" lat="48.5722270" lon="0.2750164"/>
 <node id="516964782" visible="true" version="1" changeset="2707168" timestamp="2009-10-02T01:47:42Z" user="CLCF06" uid="143308" lat="48.5721026" lon="0.2758738"/>
 <node id="516964783" visible="true" version="1" changeset="2707168" timestamp="2009-10-02T01:47:42Z" user="CLCF06" uid="143308" lat="48.5709012" lon="0.2791813"/>
 <node id="516964784" visible="true" version="2" changeset="120830079" timestamp="2022-05-11T09:31:22Z" user="Alexandre148025" uid="191786" lat="48.5713383" lon="0.2794479"/>
 <node id="516964785" visible="true" version="2" changeset="120830079" timestamp="2022-05-11T09:31:22Z" user="Alexandre148025" uid="191786" lat="48.5745453" lon="0.2808764"/>
 <node id="516964786" visible="true" version="2" changeset="120830079" timestamp="2022-05-11T09:31:22Z" user="Alexandre148025" uid="191786" lat="48.5754139" lon="0.2820562"/>
 <node id="516964787" visible="true" version="1" changeset="2707168" timestamp="2009-10-02T01:47:42Z" user="CLCF06" uid="143308" lat="48.5759952" lon="0.2812442"/>
 <node id="516964788" visible="true" version="2" changeset="120830079" timestamp="2022-05-11T09:31:22Z" user="Alexandre148025" uid="191786" lat="48.5762988" lon="0.2799175"/>
 <node id="516964789" visible="true" version="2" changeset="120830079" timestamp="2022-05-11T09:31:22Z" user="Alexandre148025" uid="191786" lat="48.5755776" lon="0.2797312"/>
 <node id="516964790" visible="true" version="2" changeset="120830079" timestamp="2022-05-11T09:31:22Z" user="Alexandre148025" uid="191786" lat="48.5760777" lon="0.2770646"/>
 <node id="516964791" visible="true" version="2" changeset="120830079" timestamp="2022-05-11T09:31:22Z" user="Alexandre148025" uid="191786" lat="48.5774947" lon="0.2769791"/>
 <node id="516964792" visible="true" version="2" changeset="120830079" timestamp="2022-05-11T09:31:22Z" user="Alexandre148025" uid="191786" lat="48.5780902" lon="0.2754709"/>
 <node id="516964793" visible="true" version="2" changeset="120830079" timestamp="2022-05-11T09:31:22Z" user="Alexandre148025" uid="191786" lat="48.5787479" lon="0.2748405"/>
 <node id="516964794" visible="true" version="2" changeset="120830079" timestamp="2022-05-11T09:31:22Z" user="Alexandre148025" uid="191786" lat="48.5791213" lon="0.2731476"/>
 <node id="516964795" visible="true" version="2" changeset="120830079" timestamp="2022-05-11T09:31:22Z" user="Alexandre148025" uid="191786" lat="48.5788124" lon="0.2729655"/>
 <node id="516964796" visible="true" version="2" changeset="120830079" timestamp="2022-05-11T09:31:22Z" user="Alexandre148025" uid="191786" lat="48.5782042" lon="0.2728062"/>
 <node id="516964797" visible="true" version="2" changeset="120830079" timestamp="2022-05-11T09:31:22Z" user="Alexandre148025" uid="191786" lat="48.5776725" lon="0.2725133"/>
 <node id="516964798" visible="true" version="2" changeset="120830079" timestamp="2022-05-11T09:31:22Z" user="Alexandre148025" uid="191786" lat="48.5749518" lon="0.2687389"/>
 <node id="516964799" visible="true" version="2" changeset="120830079" timestamp="2022-05-11T09:31:22Z" user="Alexandre148025" uid="191786" lat="48.5752692" lon="0.2684087"/>
 <node id="516964800" visible="true" version="2" changeset="120830079" timestamp="2022-05-11T09:31:22Z" user="Alexandre148025" uid="191786" lat="48.5758066" lon="0.2688521"/>
 <node id="516964801" visible="true" version="2" changeset="120830079" timestamp="2022-05-11T09:31:22Z" user="Alexandre148025" uid="191786" lat="48.5760917" lon="0.2670415"/>
 <node id="516964802" visible="true" version="2" changeset="120830079" timestamp="2022-05-11T09:31:22Z" user="Alexandre148025" uid="191786" lat="48.5763719" lon="0.2660873"/>
 <node id="516964803" visible="true" version="1" changeset="2707168" timestamp="2009-10-02T01:47:43Z" user="CLCF06" uid="143308" lat="48.5770873" lon="0.2653435"/>
 <node id="516964804" visible="true" version="1" changeset="2707168" timestamp="2009-10-02T01:47:43Z" user="CLCF06" uid="143308" lat="48.5775131" lon="0.2650132"/>
 <node id="516964805" visible="true" version="1" changeset="2707168" timestamp="2009-10-02T01:47:43Z" user="CLCF06" uid="143308" lat="48.5775244" lon="0.2652749"/>
 <node id="516964806" visible="true" version="1" changeset="2707168" timestamp="2009-10-02T01:47:43Z" user="CLCF06" uid="143308" lat="48.5777926" lon="0.2656953"/>
 <node id="516964807" visible="true" version="1" changeset="2707168" timestamp="2009-10-02T01:47:43Z" user="CLCF06" uid="143308" lat="48.5783056" lon="0.2668794"/>
 <node id="516964808" visible="true" version="1" changeset="2707168" timestamp="2009-10-02T01:47:43Z" user="CLCF06" uid="143308" lat="48.5790761" lon="0.2674845"/>
 <node id="516964809" visible="true" version="1" changeset="2707168" timestamp="2009-10-02T01:47:44Z" user="CLCF06" uid="143308" lat="48.5791410" lon="0.2696558"/>
 <node id="516964810" visible="true" version="2" changeset="120830079" timestamp="2022-05-11T09:31:22Z" user="Alexandre148025" uid="191786" lat="48.5793496" lon="0.2702495"/>
 <node id="516964811" visible="true" version="2" changeset="120830079" timestamp="2022-05-11T09:31:22Z" user="Alexandre148025" uid="191786" lat="48.5803578" lon="0.2706830"/>
 <node id="516964812" visible="true" version="2" changeset="120830079" timestamp="2022-05-11T09:31:22Z" user="Alexandre148025" uid="191786" lat="48.5838307" lon="0.2695220"/>
 <node id="516964814" visible="true" version="2" changeset="120830079" timestamp="2022-05-11T09:31:22Z" user="Alexandre148025" uid="191786" lat="48.5843986" lon="0.2695920"/>
 <node id="516964815" visible="true" version="2" changeset="120830079" timestamp="2022-05-11T09:31:22Z" user="Alexandre148025" uid="191786" lat="48.5844122" lon="0.2712971"/>
 <node id="516964816" visible="true" version="2" changeset="120830079" timestamp="2022-05-11T09:31:22Z" user="Alexandre148025" uid="191786" lat="48.5837692" lon="0.2713400"/>
 <node id="516964817" visible="true" version="2" changeset="120830079" timestamp="2022-05-11T09:31:22Z" user="Alexandre148025" uid="191786" lat="48.5835807" lon="0.2734237"/>
 <node id="516964818" visible="true" version="2" changeset="120830079" timestamp="2022-05-11T09:31:22Z" user="Alexandre148025" uid="191786" lat="48.5842993" lon="0.2752112"/>
 <node id="516964819" visible="true" version="2" changeset="120830079" timestamp="2022-05-11T09:31:22Z" user="Alexandre148025" uid="191786" lat="48.5842756" lon="0.2760029"/>
 <node id="516964821" visible="true" version="2" changeset="120830079" timestamp="2022-05-11T09:31:22Z" user="Alexandre148025" uid="191786" lat="48.5845902" lon="0.2786854"/>
 <node id="516964822" visible="true" version="2" changeset="120830079" timestamp="2022-05-11T09:31:22Z" user="Alexandre148025" uid="191786" lat="48.5846157" lon="0.2801054"/>
 <node id="516964823" visible="true" version="2" changeset="120830079" timestamp="2022-05-11T09:31:22Z" user="Alexandre148025" uid="191786" lat="48.5845391" lon="0.2811462"/>
 <node id="516964825" visible="true" version="2" changeset="120830079" timestamp="2022-05-11T09:31:22Z" user="Alexandre148025" uid="191786" lat="48.5842254" lon="0.2833358"/>
 <node id="516964826" visible="true" version="2" changeset="120830079" timestamp="2022-05-11T09:31:22Z" user="Alexandre148025" uid="191786" lat="48.5857237" lon="0.2845198"/>
 <node id="516964827" visible="true" version="1" changeset="2707168" timestamp="2009-10-02T01:47:44Z" user="CLCF06" uid="143308" lat="48.5865855" lon="0.2839356"/>
 <node id="516964840" visible="true" version="2" changeset="120830079" timestamp="2022-05-11T09:31:22Z" user="Alexandre148025" uid="191786" lat="48.5869622" lon="0.2847814"/>
 <node id="516964841" visible="true" version="2" changeset="120830079" timestamp="2022-05-11T09:31:22Z" user="Alexandre148025" uid="191786" lat="48.5863509" lon="0.2861960"/>
 <node id="516964842" visible="true" version="2" changeset="120830079" timestamp="2022-05-11T09:31:22Z" user="Alexandre148025" uid="191786" lat="48.5857561" lon="0.2869592"/>
 <node id="516964843" visible="true" version="2" changeset="120830079" timestamp="2022-05-11T09:31:22Z" user="Alexandre148025" uid="191786" lat="48.5866196" lon="0.2877489"/>
 <node id="516964844" visible="true" version="2" changeset="120830079" timestamp="2022-05-11T09:31:22Z" user="Alexandre148025" uid="191786" lat="48.5882404" lon="0.2896023"/>
 <node id="516964845" visible="true" version="2" changeset="120830079" timestamp="2022-05-11T09:31:22Z" user="Alexandre148025" uid="191786" lat="48.5885789" lon="0.2895186"/>
 <node id="516964846" visible="true" version="2" changeset="120830079" timestamp="2022-05-11T09:31:22Z" user="Alexandre148025" uid="191786" lat="48.5865444" lon="0.2906341"/>
 <node id="516964847" visible="true" version="2" changeset="120830079" timestamp="2022-05-11T09:31:22Z" user="Alexandre148025" uid="191786" lat="48.5849345" lon="0.2898435"/>
 <node id="516964848" visible="true" version="2" changeset="120830079" timestamp="2022-05-11T09:31:22Z" user="Alexandre148025" uid="191786" lat="48.5856423" lon="0.2874444"/>
 <node id="516964849" visible="true" version="2" changeset="120830079" timestamp="2022-05-11T09:31:22Z" user="Alexandre148025" uid="191786" lat="48.5838858" lon="0.2867302"/>
 <node id="516964850" visible="true" version="2" changeset="120830079" timestamp="2022-05-11T09:31:22Z" user="Alexandre148025" uid="191786" lat="48.5838596" lon="0.2874511"/>
 <node id="516964851" visible="true" version="2" changeset="120830079" timestamp="2022-05-11T09:31:22Z" user="Alexandre148025" uid="191786" lat="48.5825104" lon="0.2875493"/>
 <node id="516964852" visible="true" version="2" changeset="120830079" timestamp="2022-05-11T09:31:22Z" user="Alexandre148025" uid="191786" lat="48.5814549" lon="0.2892568"/>
 <node id="516964853" visible="true" version="2" changeset="120830079" timestamp="2022-05-11T09:31:22Z" user="Alexandre148025" uid="191786" lat="48.5799083" lon="0.2893637"/>
 <node id="516964854" visible="true" version="2" changeset="120830079" timestamp="2022-05-11T09:31:22Z" user="Alexandre148025" uid="191786" lat="48.5781054" lon="0.2888915"/>
 <node id="516964856" visible="true" version="2" changeset="8682177" timestamp="2011-07-10T10:52:56Z" user="Ropino" uid="42123" lat="48.5751862" lon="0.2878227"/>
 <node id="516964857" visible="true" version="2" changeset="8682177" timestamp="2011-07-10T10:52:56Z" user="Ropino" uid="42123" lat="48.5759263" lon="0.2901157"/>
 <node id="516964858" visible="true" version="2" changeset="120830079" timestamp="2022-05-11T09:31:22Z" user="Alexandre148025" uid="191786" lat="48.5739195" lon="0.2962921"/>
 <node id="516964859" visible="true" version="2" changeset="120830079" timestamp="2022-05-11T09:31:22Z" user="Alexandre148025" uid="191786" lat="48.5724010" lon="0.2949386"/>
 <node id="516964860" visible="true" version="2" changeset="120830079" timestamp="2022-05-11T09:31:22Z" user="Alexandre148025" uid="191786" lat="48.5728626" lon="0.2931051"/>
 <node id="516964861" visible="true" version="2" changeset="120830079" timestamp="2022-05-11T09:31:22Z" user="Alexandre148025" uid="191786" lat="48.5719607" lon="0.2926562"/>
 <node id="516964862" visible="true" version="2" changeset="120830079" timestamp="2022-05-11T09:31:22Z" user="Alexandre148025" uid="191786" lat="48.5714529" lon="0.2926572"/>
 <node id="516964865" visible="true" version="3" changeset="155872504" timestamp="2024-08-28T10:23:20Z" user="wuff57" uid="2583033" lat="48.5711807" lon="0.2987054"/>
 <node id="516964866" visible="true" version="2" changeset="120830079" timestamp="2022-05-11T09:31:22Z" user="Alexandre148025" uid="191786" lat="48.5701684" lon="0.2986473"/>
 <node id="516964868" visible="true" version="2" changeset="120830079" timestamp="2022-05-11T09:31:22Z" user="Alexandre148025" uid="191786" lat="48.5687288" lon="0.3010759"/>
 <node id="516964873" visible="true" version="2" changeset="120830079" timestamp="2022-05-11T09:31:22Z" user="Alexandre148025" uid="191786" lat="48.5682526" lon="0.3006892"/>
 <node id="516964874" visible="true" version="2" changeset="120830079" timestamp="2022-05-11T09:31:22Z" user="Alexandre148025" uid="191786" lat="48.5681814" lon="0.3004126"/>
 <node id="516964875" visible="true" version="2" changeset="120830079" timestamp="2022-05-11T09:31:22Z" user="Alexandre148025" uid="191786" lat="48.5676654" lon="0.2961718"/>
 <node id="516964876" visible="true" version="1" changeset="2707168" timestamp="2009-10-02T01:47:46Z" user="CLCF06" uid="143308" lat="48.5674148" lon="0.2942696"/>
 <node id="516964877" visible="true" version="2" changeset="120830079" timestamp="2022-05-11T09:31:22Z" user="Alexandre148025" uid="191786" lat="48.5675646" lon="0.2929503"/>
 <node id="516964878" visible="true" version="2" changeset="120830079" timestamp="2022-05-11T09:31:22Z" user="Alexandre148025" uid="191786" lat="48.5695553" lon="0.2934168"/>
 <node id="516964879" visible="true" version="2" changeset="120830079" timestamp="2022-05-11T09:31:22Z" user="Alexandre148025" uid="191786" lat="48.5696135" lon="0.2918696"/>
 <node id="516964880" visible="true" version="2" changeset="120830079" timestamp="2022-05-11T09:31:22Z" user="Alexandre148025" uid="191786" lat="48.5685788" lon="0.2920488"/>
 <node id="516964881" visible="true" version="2" changeset="120830079" timestamp="2022-05-11T09:31:22Z" user="Alexandre148025" uid="191786" lat="48.5681479" lon="0.2895123"/>
 <node id="516964882" visible="true" version="2" changeset="120830079" timestamp="2022-05-11T09:31:22Z" user="Alexandre148025" uid="191786" lat="48.5703488" lon="0.2882637"/>
 <node id="516964883" visible="true" version="2" changeset="120830079" timestamp="2022-05-11T09:31:22Z" user="Alexandre148025" uid="191786" lat="48.5699742" lon="0.2873214"/>
 <node id="516964884" visible="true" version="2" changeset="120830079" timestamp="2022-05-11T09:31:22Z" user="Alexandre148025" uid="191786" lat="48.5712125" lon="0.2849939"/>
 <node id="516964885" visible="true" version="2" changeset="120830079" timestamp="2022-05-11T09:31:22Z" user="Alexandre148025" uid="191786" lat="48.5714042" lon="0.2840083"/>
 <node id="516964886" visible="true" version="2" changeset="120830079" timestamp="2022-05-11T09:31:22Z" user="Alexandre148025" uid="191786" lat="48.5717047" lon="0.2836390"/>
 <node id="516964887" visible="true" version="2" changeset="120830079" timestamp="2022-05-11T09:31:22Z" user="Alexandre148025" uid="191786" lat="48.5712548" lon="0.2818688"/>
 <node id="516964888" visible="true" version="2" changeset="120830079" timestamp="2022-05-11T09:31:22Z" user="Alexandre148025" uid="191786" lat="48.5707243" lon="0.2827264"/>
 <node id="516964889" visible="true" version="2" changeset="120830079" timestamp="2022-05-11T09:31:22Z" user="Alexandre148025" uid="191786" lat="48.5699054" lon="0.2845740"/>
 <node id="516964890" visible="true" version="2" changeset="120830079" timestamp="2022-05-11T09:31:22Z" user="Alexandre148025" uid="191786" lat="48.5688039" lon="0.2829474"/>
 <node id="516964891" visible="true" version="1" changeset="2707168" timestamp="2009-10-02T01:47:47Z" user="CLCF06" uid="143308" lat="48.5693264" lon="0.2809300"/>
 <node id="516964892" visible="true" version="1" changeset="2707168" timestamp="2009-10-02T01:47:47Z" user="CLCF06" uid="143308" lat="48.5663931" lon="0.2778574"/>
 <node id="516964893" visible="true" version="1" changeset="2707168" timestamp="2009-10-02T01:47:47Z" user="CLCF06" uid="143308" lat="48.5657632" lon="0.2791940"/>
 <node id="516964894" visible="true" version="1" changeset="2707168" timestamp="2009-10-02T01:47:47Z" user="CLCF06" uid="143308" lat="48.5659562" lon="0.2819273"/>
 <node id="516964895" visible="true" version="2" changeset="120830079" timestamp="2022-05-11T09:31:22Z" user="Alexandre148025" uid="191786" lat="48.5665866" lon="0.2831319"/>
 <node id="516964896" visible="true" version="2" changeset="120830079" timestamp="2022-05-11T09:31:22Z" user="Alexandre148025" uid="191786" lat="48.5666417" lon="0.2837293"/>
 <node id="516964897" visible="true" version="2" changeset="120830079" timestamp="2022-05-11T09:31:22Z" user="Alexandre148025" uid="191786" lat="48.5661076" lon="0.2834924"/>
 <node id="516964898" visible="true" version="2" changeset="120830079" timestamp="2022-05-11T09:31:22Z" user="Alexandre148025" uid="191786" lat="48.5657500" lon="0.2839995"/>
 <node id="516964899" visible="true" version="2" changeset="120830079" timestamp="2022-05-11T09:31:22Z" user="Alexandre148025" uid="191786" lat="48.5642074" lon="0.2845602"/>
 <node id="516964900" visible="true" version="2" changeset="120830079" timestamp="2022-05-11T09:31:22Z" user="Alexandre148025" uid="191786" lat="48.5642948" lon="0.2851520"/>
 <node id="516964901" visible="true" version="2" changeset="120830079" timestamp="2022-05-11T09:31:22Z" user="Alexandre148025" uid="191786" lat="48.5643022" lon="0.2860781"/>
 <node id="516964902" visible="true" version="2" changeset="120830079" timestamp="2022-05-11T09:31:22Z" user="Alexandre148025" uid="191786" lat="48.5646383" lon="0.2867861"/>
 <node id="516964903" visible="true" version="2" changeset="120830079" timestamp="2022-05-11T09:31:22Z" user="Alexandre148025" uid="191786" lat="48.5645453" lon="0.2872952"/>
 <node id="516964904" visible="true" version="1" changeset="2707168" timestamp="2009-10-02T01:47:48Z" user="CLCF06" uid="143308" lat="48.5660316" lon="0.2888971"/>
 <node id="516964905" visible="true" version="2" changeset="120830079" timestamp="2022-05-11T09:31:22Z" user="Alexandre148025" uid="191786" lat="48.5669750" lon="0.2898661"/>
 <node id="516964909" visible="true" version="3" changeset="120830079" timestamp="2022-05-11T09:31:22Z" user="Alexandre148025" uid="191786" lat="48.5636260" lon="0.2906922"/>
 <node id="516964910" visible="true" version="2" changeset="8682177" timestamp="2011-07-10T10:52:56Z" user="Ropino" uid="42123" lat="48.5616290" lon="0.2911236"/>
 <node id="516964915" visible="true" version="2" changeset="120830079" timestamp="2022-05-11T09:31:22Z" user="Alexandre148025" uid="191786" lat="48.5604889" lon="0.2875536"/>
 <node id="516964916" visible="true" version="2" changeset="120830079" timestamp="2022-05-11T09:31:22Z" user="Alexandre148025" uid="191786" lat="48.5602867" lon="0.2875411"/>
 <node id="516964917" visible="true" version="2" changeset="120830079" timestamp="2022-05-11T09:31:22Z" user="Alexandre148025" uid="191786" lat="48.5584136" lon="0.2867522"/>
 <node id="516964918" visible="true" version="4" changeset="120830079" timestamp="2022-05-11T09:31:22Z" user="Alexandre148025" uid="191786" lat="48.5593403" lon="0.2837607"/>
 <node id="516964921" visible="true" version="3" changeset="120830079" timestamp="2022-05-11T09:31:22Z" user="Alexandre148025" uid="191786" lat="48.5584489" lon="0.2784365"/>
 <node id="516964925" visible="true" version="3" changeset="120830079" timestamp="2022-05-11T09:31:22Z" user="Alexandre148025" uid="191786" lat="48.5581239" lon="0.2783364"/>
 <node id="516964926" visible="true" version="3" changeset="120830079" timestamp="2022-05-11T09:31:22Z" user="Alexandre148025" uid="191786" lat="48.5567290" lon="0.2792209"/>
 <node id="516964928" visible="true" version="2" changeset="8682177" timestamp="2011-07-10T10:52:56Z" user="Ropino" uid="42123" lat="48.5557134" lon="0.2809112"/>
 <node id="516964929" visible="true" version="2" changeset="8682177" timestamp="2011-07-10T10:52:56Z" user="Ropino" uid="42123" lat="48.5551402" lon="0.2810833"/>
 <node id="516964930" visible="true" version="1" changeset="2707168" timestamp="2009-10-02T01:47:49Z" user="CLCF06" uid="143308" lat="48.5542091" lon="0.2804947"/>
 <node id="516964931" visible="true" version="1" changeset="2707168" timestamp="2009-10-02T01:47:49Z" user="CLCF06" uid="143308" lat="48.5525287" lon="0.2796585"/>
 <node id="516964932" visible="true" version="2" changeset="7665755" timestamp="2011-03-25T13:54:42Z" user="Ropino" uid="42123" lat="48.5526695" lon="0.2775764"/>
 <node id="516964933" visible="true" version="3" changeset="8682046" timestamp="2011-07-10T10:36:26Z" user="Ropino" uid="42123" lat="48.5539436" lon="0.2782119"/>
 <node id="516964934" visible="true" version="2" changeset="7665755" timestamp="2011-03-25T13:54:40Z" user="Ropino" uid="42123" lat="48.5540092" lon="0.2763211"/>
 <node id="516964935" visible="true" version="2" changeset="7665755" timestamp="2011-03-25T13:54:41Z" user="Ropino" uid="42123" lat="48.5541580" lon="0.2757418"/>
 <node id="516964936" visible="true" version="2" changeset="7665755" timestamp="2011-03-25T13:54:40Z" user="Ropino" uid="42123" lat="48.5549182" lon="0.2761065"/>
 <node id="516964937" visible="true" version="2" changeset="7665755" timestamp="2011-03-25T13:54:46Z" user="Ropino" uid="42123" lat="48.5553233" lon="0.2763211"/>
 <node id="516964938" visible="true" version="2" changeset="7665755" timestamp="2011-03-25T13:54:43Z" user="Ropino" uid="42123" lat="48.5556947" lon="0.2766752"/>
 <node id="516964939" visible="true" version="1" changeset="2707168" timestamp="2009-10-02T01:47:49Z" user="CLCF06" uid="143308" lat="48.5564061" lon="0.2745793"/>
 <node id="516964940" visible="true" version="2" changeset="7665755" timestamp="2011-03-25T13:54:43Z" user="Ropino" uid="42123" lat="48.5563452" lon="0.2742934"/>
 <node id="516964941" visible="true" version="2" changeset="7665755" timestamp="2011-03-25T13:54:39Z" user="Ropino" uid="42123" lat="48.5555492" lon="0.2740144"/>
 <node id="516964943" visible="true" version="3" changeset="8682177" timestamp="2011-07-10T10:52:56Z" user="Ropino" uid="42123" lat="48.5549252" lon="0.2739806"/>
 <node id="516964944" visible="true" version="2" changeset="7665755" timestamp="2011-03-25T13:54:41Z" user="Ropino" uid="42123" lat="48.5548689" lon="0.2724373"/>
 <node id="516964945" visible="true" version="2" changeset="7665755" timestamp="2011-03-25T13:54:42Z" user="Ropino" uid="42123" lat="48.5530288" lon="0.2725660"/>
 <node id="516964946" visible="true" version="2" changeset="7665755" timestamp="2011-03-25T13:54:39Z" user="Ropino" uid="42123" lat="48.5523535" lon="0.2729952"/>
 <node id="516964947" visible="true" version="2" changeset="8682046" timestamp="2011-07-10T10:36:26Z" user="Ropino" uid="42123" lat="48.5523660" lon="0.2742417"/>
 <node id="516964948" visible="true" version="2" changeset="8682046" timestamp="2011-07-10T10:36:26Z" user="Ropino" uid="42123" lat="48.5511328" lon="0.2740865"/>
 <node id="516964950" visible="true" version="1" changeset="2707168" timestamp="2009-10-02T01:47:50Z" user="CLCF06" uid="143308" lat="48.5509779" lon="0.2754191"/>
 <node id="516964951" visible="true" version="2" changeset="8682046" timestamp="2011-07-10T10:36:26Z" user="Ropino" uid="42123" lat="48.5507580" lon="0.2762330"/>
 <node id="516964953" visible="true" version="2" changeset="8682046" timestamp="2011-07-10T10:36:26Z" user="Ropino" uid="42123" lat="48.5504004" lon="0.2781279"/>
 <node id="516964954" visible="true" version="2" changeset="8682046" timestamp="2011-07-10T10:36:26Z" user="Ropino" uid="42123" lat="48.5502871" lon="0.2795362"/>
 <node id="516964955" visible="true" version="2" changeset="8682046" timestamp="2011-07-10T10:36:26Z" user="Ropino" uid="42123" lat="48.5501861" lon="0.2805842"/>
 <node id="516964956" visible="true" version="2" changeset="8682046" timestamp="2011-07-10T10:36:26Z" user="Ropino" uid="42123" lat="48.5499777" lon="0.2812511"/>
 <node id="516964957" visible="true" version="2" changeset="8682046" timestamp="2011-07-10T10:36:26Z" user="Ropino" uid="42123" lat="48.5484161" lon="0.2832626"/>
 <node id="516964958" visible="true" version="2" changeset="8682046" timestamp="2011-07-10T10:36:26Z" user="Ropino" uid="42123" lat="48.5469242" lon="0.2851484"/>
 <node id="516964959" visible="true" version="2" changeset="8682046" timestamp="2011-07-10T10:36:26Z" user="Ropino" uid="42123" lat="48.5471497" lon="0.2856104"/>
 <node id="516964960" visible="true" version="2" changeset="8682046" timestamp="2011-07-10T10:36:26Z" user="Ropino" uid="42123" lat="48.5481872" lon="0.2840253"/>
 <node id="516964961" visible="true" version="2" changeset="8682046" timestamp="2011-07-10T10:36:26Z" user="Ropino" uid="42123" lat="48.5500444" lon="0.2851321"/>
 <node id="516964962" visible="true" version="2" changeset="8682046" timestamp="2011-07-10T10:36:26Z" user="Ropino" uid="42123" lat="48.5500923" lon="0.2847823"/>
 <node id="516964963" visible="true" version="2" changeset="8682046" timestamp="2011-07-10T10:36:26Z" user="Ropino" uid="42123" lat="48.5498767" lon="0.2841426"/>
 <node id="516964964" visible="true" version="2" changeset="8682046" timestamp="2011-07-10T10:36:26Z" user="Ropino" uid="42123" lat="48.5499546" lon="0.2832948"/>
 <node id="516964965" visible="true" version="2" changeset="8682046" timestamp="2011-07-10T10:36:26Z" user="Ropino" uid="42123" lat="48.5506400" lon="0.2822673"/>
 <node id="516964966" visible="true" version="2" changeset="8682046" timestamp="2011-07-10T10:36:27Z" user="Ropino" uid="42123" lat="48.5513060" lon="0.2834263"/>
 <node id="516964967" visible="true" version="2" changeset="8682046" timestamp="2011-07-10T10:36:27Z" user="Ropino" uid="42123" lat="48.5519769" lon="0.2846722"/>
 <node id="516964968" visible="true" version="2" changeset="8682046" timestamp="2011-07-10T10:36:27Z" user="Ropino" uid="42123" lat="48.5530882" lon="0.2856371"/>
 <node id="516964969" visible="true" version="2" changeset="8682046" timestamp="2011-07-10T10:36:27Z" user="Ropino" uid="42123" lat="48.5535904" lon="0.2840024"/>
 <node id="516964970" visible="true" version="2" changeset="8682046" timestamp="2011-07-10T10:36:27Z" user="Ropino" uid="42123" lat="48.5531331" lon="0.2833914"/>
 <node id="516964971" visible="true" version="2" changeset="8682046" timestamp="2011-07-10T10:36:27Z" user="Ropino" uid="42123" lat="48.5536817" lon="0.2813978"/>
 <node id="516964972" visible="true" version="2" changeset="8682046" timestamp="2011-07-10T10:36:27Z" user="Ropino" uid="42123" lat="48.5555629" lon="0.2819727"/>
 <node id="516964973" visible="true" version="1" changeset="2707168" timestamp="2009-10-02T01:47:50Z" user="CLCF06" uid="143308" lat="48.5543012" lon="0.2864508"/>
 <node id="516964975" visible="true" version="2" changeset="8682046" timestamp="2011-07-10T10:36:27Z" user="Ropino" uid="42123" lat="48.5532271" lon="0.2857115"/>
 <node id="516964976" visible="true" version="2" changeset="8682046" timestamp="2011-07-10T10:36:27Z" user="Ropino" uid="42123" lat="48.5521389" lon="0.2882212"/>
 <node id="516964977" visible="true" version="2" changeset="8682046" timestamp="2011-07-10T10:36:27Z" user="Ropino" uid="42123" lat="48.5519887" lon="0.2887490"/>
 <node id="516964985" visible="true" version="2" changeset="8682046" timestamp="2011-07-10T10:36:27Z" user="Ropino" uid="42123" lat="48.5514367" lon="0.2921458"/>
 <node id="516964986" visible="true" version="2" changeset="8682046" timestamp="2011-07-10T10:36:27Z" user="Ropino" uid="42123" lat="48.5499765" lon="0.2926895"/>
 <node id="516964987" visible="true" version="1" changeset="2707168" timestamp="2009-10-02T01:47:51Z" user="CLCF06" uid="143308" lat="48.5469695" lon="0.2921400"/>
 <node id="516964988" visible="true" version="1" changeset="2707168" timestamp="2009-10-02T01:47:52Z" user="CLCF06" uid="143308" lat="48.5457757" lon="0.2868092"/>
 <node id="516964989" visible="true" version="1" changeset="2707168" timestamp="2009-10-02T01:47:52Z" user="CLCF06" uid="143308" lat="48.5434867" lon="0.2852342"/>
 <node id="516964990" visible="true" version="1" changeset="2707168" timestamp="2009-10-02T01:47:52Z" user="CLCF06" uid="143308" lat="48.5432647" lon="0.2864304"/>
 <node id="516964991" visible="true" version="1" changeset="2707168" timestamp="2009-10-02T01:47:52Z" user="CLCF06" uid="143308" lat="48.5423582" lon="0.2857525"/>
 <node id="516964992" visible="true" version="1" changeset="2707168" timestamp="2009-10-02T01:47:52Z" user="CLCF06" uid="143308" lat="48.5416764" lon="0.2854590"/>
 <node id="516964993" visible="true" version="1" changeset="2707168" timestamp="2009-10-02T01:47:52Z" user="CLCF06" uid="143308" lat="48.5406939" lon="0.2836436"/>
 <node id="516964994" visible="true" version="2" changeset="7665755" timestamp="2011-03-25T13:54:43Z" user="Ropino" uid="42123" lat="48.5394780" lon="0.2805756"/>
 <node id="516964995" visible="true" version="2" changeset="7665755" timestamp="2011-03-25T13:54:45Z" user="Ropino" uid="42123" lat="48.5399696" lon="0.2769756"/>
 <node id="516964996" visible="true" version="2" changeset="7665755" timestamp="2011-03-25T13:54:45Z" user="Ropino" uid="42123" lat="48.5377174" lon="0.2762026"/>
 <node id="516964997" visible="true" version="1" changeset="2707168" timestamp="2009-10-02T01:47:52Z" user="CLCF06" uid="143308" lat="48.5385129" lon="0.2745743"/>
 <node id="516964998" visible="true" version="1" changeset="2707168" timestamp="2009-10-02T01:47:52Z" user="CLCF06" uid="143308" lat="48.5388918" lon="0.2734832"/>
 <node id="516964999" visible="true" version="2" changeset="7665755" timestamp="2011-03-25T13:54:45Z" user="Ropino" uid="42123" lat="48.5390600" lon="0.2706450"/>
 <node id="516965000" visible="true" version="1" changeset="2707168" timestamp="2009-10-02T01:47:52Z" user="CLCF06" uid="143308" lat="48.5402918" lon="0.2708709"/>
 <node id="516965001" visible="true" version="1" changeset="2707168" timestamp="2009-10-02T01:47:52Z" user="CLCF06" uid="143308" lat="48.5403154" lon="0.2711958"/>
 <node id="516965002" visible="true" version="1" changeset="2707168" timestamp="2009-10-02T01:47:52Z" user="CLCF06" uid="143308" lat="48.5404281" lon="0.2709544"/>
 <node id="516965003" visible="true" version="1" changeset="2707168" timestamp="2009-10-02T01:47:52Z" user="CLCF06" uid="143308" lat="48.5415591" lon="0.2797419"/>
 <node id="516965004" visible="true" version="2" changeset="7967564" timestamp="2011-04-25T19:11:29Z" user="Ropino" uid="42123" lat="48.5434428" lon="0.2790079"/>
 <node id="516965005" visible="true" version="2" changeset="7967564" timestamp="2011-04-25T19:11:44Z" user="Ropino" uid="42123" lat="48.5434818" lon="0.2798444"/>
 <node id="516965006" visible="true" version="2" changeset="7967564" timestamp="2011-04-25T19:11:25Z" user="Ropino" uid="42123" lat="48.5444092" lon="0.2796732"/>
 <node id="516965007" visible="true" version="2" changeset="7967564" timestamp="2011-04-25T19:11:43Z" user="Ropino" uid="42123" lat="48.5442614" lon="0.2783593"/>
 <node id="516965008" visible="true" version="2" changeset="7967564" timestamp="2011-04-25T19:11:25Z" user="Ropino" uid="42123" lat="48.5438872" lon="0.2781944"/>
 <node id="516965009" visible="true" version="2" changeset="7967564" timestamp="2011-04-25T19:11:43Z" user="Ropino" uid="42123" lat="48.5434752" lon="0.2752246"/>
 <node id="516965010" visible="true" version="1" changeset="2707168" timestamp="2009-10-02T01:47:53Z" user="CLCF06" uid="143308" lat="48.5419978" lon="0.2754921"/>
 <node id="516965011" visible="true" version="2" changeset="7967310" timestamp="2011-04-25T18:50:44Z" user="Ropino" uid="42123" lat="48.5412428" lon="0.2683340"/>
 <node id="516965012" visible="true" version="2" changeset="7967310" timestamp="2011-04-25T18:50:45Z" user="Ropino" uid="42123" lat="48.5405505" lon="0.2681508"/>
 <node id="516965013" visible="true" version="1" changeset="2707168" timestamp="2009-10-02T01:47:53Z" user="CLCF06" uid="143308" lat="48.5400112" lon="0.2654965"/>
 <node id="516965014" visible="true" version="1" changeset="2707168" timestamp="2009-10-02T01:47:53Z" user="CLCF06" uid="143308" lat="48.5406074" lon="0.2651338"/>
 <node id="516965015" visible="true" version="1" changeset="2707168" timestamp="2009-10-02T01:47:53Z" user="CLCF06" uid="143308" lat="48.5409612" lon="0.2642827"/>
 <node id="516965016" visible="true" version="1" changeset="2707168" timestamp="2009-10-02T01:47:53Z" user="CLCF06" uid="143308" lat="48.5419758" lon="0.2654790"/>
 <node id="516965017" visible="true" version="1" changeset="2707168" timestamp="2009-10-02T01:47:53Z" user="CLCF06" uid="143308" lat="48.5433256" lon="0.2652734"/>
 <node id="516965018" visible="true" version="1" changeset="2707168" timestamp="2009-10-02T01:47:53Z" user="CLCF06" uid="143308" lat="48.5431453" lon="0.2630667"/>
 <node id="516965019" visible="true" version="1" changeset="2707168" timestamp="2009-10-02T01:47:53Z" user="CLCF06" uid="143308" lat="48.5412324" lon="0.2625693"/>
 <node id="516965020" visible="true" version="1" changeset="2707168" timestamp="2009-10-02T01:47:53Z" user="CLCF06" uid="143308" lat="48.5408132" lon="0.2632813"/>
 <node id="516965021" visible="true" version="1" changeset="2707168" timestamp="2009-10-02T01:47:53Z" user="CLCF06" uid="143308" lat="48.5400011" lon="0.2622277"/>
 <node id="516965022" visible="true" version="1" changeset="2707168" timestamp="2009-10-02T01:47:53Z" user="CLCF06" uid="143308" lat="48.5403104" lon="0.2612725"/>
 <node id="516965023" visible="true" version="1" changeset="2707168" timestamp="2009-10-02T01:47:53Z" user="CLCF06" uid="143308" lat="48.5398345" lon="0.2611886"/>
 <node id="516965024" visible="true" version="1" changeset="2707168" timestamp="2009-10-02T01:47:53Z" user="CLCF06" uid="143308" lat="48.5393970" lon="0.2611112"/>
 <node id="516965025" visible="true" version="1" changeset="2707168" timestamp="2009-10-02T01:47:53Z" user="CLCF06" uid="143308" lat="48.5386964" lon="0.2583406"/>
 <node id="516965028" visible="true" version="2" changeset="7665755" timestamp="2011-03-25T13:54:40Z" user="Ropino" uid="42123" lat="48.5382356" lon="0.2567195"/>
 <node id="516965029" visible="true" version="2" changeset="7665755" timestamp="2011-03-25T13:54:43Z" user="Ropino" uid="42123" lat="48.5385816" lon="0.2554074"/>
 <node id="516965030" visible="true" version="2" changeset="7665755" timestamp="2011-03-25T13:54:45Z" user="Ropino" uid="42123" lat="48.5383635" lon="0.2550077"/>
 <node id="516965031" visible="true" version="2" changeset="7665755" timestamp="2011-03-25T13:54:41Z" user="Ropino" uid="42123" lat="48.5367925" lon="0.2543763"/>
 <node id="516965032" visible="true" version="2" changeset="7665755" timestamp="2011-03-25T13:54:40Z" user="Ropino" uid="42123" lat="48.5338098" lon="0.2530969"/>
 <node id="516965033" visible="true" version="2" changeset="7665755" timestamp="2011-03-25T13:54:40Z" user="Ropino" uid="42123" lat="48.5343216" lon="0.2508085"/>
 <node id="516965034" visible="true" version="2" changeset="7665755" timestamp="2011-03-25T13:54:45Z" user="Ropino" uid="42123" lat="48.5324532" lon="0.2501438"/>
 <node id="516965035" visible="true" version="2" changeset="8274224" timestamp="2011-05-28T18:06:24Z" user="Ropino" uid="42123" lat="48.5329464" lon="0.2492841"/>
 <node id="516965036" visible="true" version="2" changeset="7665755" timestamp="2011-03-25T13:54:41Z" user="Ropino" uid="42123" lat="48.5341533" lon="0.2480528"/>
 <node id="516965037" visible="true" version="1" changeset="2707168" timestamp="2009-10-02T01:47:54Z" user="CLCF06" uid="143308" lat="48.5351338" lon="0.2481681"/>
 <node id="516965038" visible="true" version="2" changeset="7957437" timestamp="2011-04-24T21:38:58Z" user="Ropino" uid="42123" lat="48.5356398" lon="0.2480509"/>
 <node id="516965039" visible="true" version="2" changeset="7957437" timestamp="2011-04-24T21:38:39Z" user="Ropino" uid="42123" lat="48.5361753" lon="0.2478694"/>
 <node id="516965040" visible="true" version="2" changeset="7957437" timestamp="2011-04-24T21:38:53Z" user="Ropino" uid="42123" lat="48.5366503" lon="0.2472540"/>
 <node id="516965041" visible="true" version="2" changeset="7957437" timestamp="2011-04-24T21:38:58Z" user="Ropino" uid="42123" lat="48.5380186" lon="0.2474064"/>
 <node id="516965042" visible="true" version="2" changeset="7957437" timestamp="2011-04-24T21:38:42Z" user="Ropino" uid="42123" lat="48.5388398" lon="0.2477966"/>
 <node id="516965043" visible="true" version="2" changeset="7957437" timestamp="2011-04-24T21:38:45Z" user="Ropino" uid="42123" lat="48.5387772" lon="0.2489411"/>
 <node id="516965044" visible="true" version="2" changeset="7957437" timestamp="2011-04-24T21:38:55Z" user="Ropino" uid="42123" lat="48.5387363" lon="0.2503053"/>
 <node id="516965045" visible="true" version="2" changeset="7957437" timestamp="2011-04-24T21:38:37Z" user="Ropino" uid="42123" lat="48.5411888" lon="0.2507958"/>
 <node id="516965046" visible="true" version="3" changeset="7967564" timestamp="2011-04-25T19:11:45Z" user="Ropino" uid="42123" lat="48.5427237" lon="0.2534366"/>
 <node id="516965047" visible="true" version="2" changeset="7957437" timestamp="2011-04-24T21:38:46Z" user="Ropino" uid="42123" lat="48.5432281" lon="0.2537374"/>
 <node id="516965048" visible="true" version="3" changeset="44687327" timestamp="2016-12-26T17:48:34Z" user="Kioska Journo" uid="402585" lat="48.5428995" lon="0.2551923"/>
 <node id="516965049" visible="true" version="2" changeset="8274239" timestamp="2011-05-28T18:08:09Z" user="Ropino" uid="42123" lat="48.5438730" lon="0.2563178"/>
 <node id="516965050" visible="true" version="2" changeset="8274239" timestamp="2011-05-28T18:08:11Z" user="Ropino" uid="42123" lat="48.5443535" lon="0.2562871"/>
 <node id="516965051" visible="true" version="3" changeset="64873105" timestamp="2018-11-25T17:54:04Z" user="Porphyrion" uid="706159" lat="48.5451182" lon="0.2575804"/>
 <node id="516965056" visible="true" version="4" changeset="8682108" timestamp="2011-07-10T10:45:17Z" user="Ropino" uid="42123" lat="48.5552941" lon="0.2598052"/>
 <node id="516965057" visible="true" version="2" changeset="7665755" timestamp="2011-03-25T13:54:39Z" user="Ropino" uid="42123" lat="48.5560115" lon="0.2595734"/>
 <node id="516965058" visible="true" version="5" changeset="64905729" timestamp="2018-11-26T17:28:24Z" user="Porphyrion" uid="706159" lat="48.5561568" lon="0.2594838"/>
 <node id="516965060" visible="true" version="2" changeset="7665755" timestamp="2011-03-25T13:54:43Z" user="Ropino" uid="42123" lat="48.5568491" lon="0.2606677"/>
 <node id="516965061" visible="true" version="2" changeset="7665755" timestamp="2011-03-25T13:54:39Z" user="Ropino" uid="42123" lat="48.5568505" lon="0.2626955"/>
 <node id="516965062" visible="true" version="2" changeset="7665755" timestamp="2011-03-25T13:54:39Z" user="Ropino" uid="42123" lat="48.5563821" lon="0.2626311"/>
 <node id="516965063" visible="true" version="2" changeset="7665755" timestamp="2011-03-25T13:54:40Z" user="Ropino" uid="42123" lat="48.5567798" lon="0.2638113"/>
 <node id="516965064" visible="true" version="2" changeset="7665755" timestamp="2011-03-25T13:54:42Z" user="Ropino" uid="42123" lat="48.5567077" lon="0.2650285"/>
 <node id="516965065" visible="true" version="2" changeset="7665755" timestamp="2011-03-25T13:54:44Z" user="Ropino" uid="42123" lat="48.5554086" lon="0.2656942"/>
 <node id="516965066" visible="true" version="2" changeset="7665755" timestamp="2011-03-25T13:54:45Z" user="Ropino" uid="42123" lat="48.5551611" lon="0.2689584"/>
 <node id="516965067" visible="true" version="2" changeset="7665755" timestamp="2011-03-25T13:54:41Z" user="Ropino" uid="42123" lat="48.5551181" lon="0.2713601"/>
 <node id="516965068" visible="true" version="2" changeset="7665755" timestamp="2011-03-25T13:54:42Z" user="Ropino" uid="42123" lat="48.5552743" lon="0.2722227"/>
 <node id="516965069" visible="true" version="2" changeset="7665755" timestamp="2011-03-25T13:54:41Z" user="Ropino" uid="42123" lat="48.5569818" lon="0.2722050"/>
 <node id="516965070" visible="true" version="1" changeset="2707168" timestamp="2009-10-02T01:47:55Z" user="CLCF06" uid="143308" lat="48.5571544" lon="0.2706953"/>
 <node id="516965071" visible="true" version="2" changeset="120830079" timestamp="2022-05-11T09:31:22Z" user="Alexandre148025" uid="191786" lat="48.5584294" lon="0.2710962"/>
 <node id="516965076" visible="true" version="2" changeset="120830079" timestamp="2022-05-11T09:31:22Z" user="Alexandre148025" uid="191786" lat="48.5630401" lon="0.2724891"/>
 <node id="516965078" visible="true" version="2" changeset="120830079" timestamp="2022-05-11T09:31:22Z" user="Alexandre148025" uid="191786" lat="48.5638928" lon="0.2727496"/>
 <node id="516965079" visible="true" version="2" changeset="120830079" timestamp="2022-05-11T09:31:22Z" user="Alexandre148025" uid="191786" lat="48.5631015" lon="0.2721868"/>
 <node id="516965081" visible="true" version="2" changeset="120830079" timestamp="2022-05-11T09:31:22Z" user="Alexandre148025" uid="191786" lat="48.5626861" lon="0.2710705"/>
 <node id="516965082" visible="true" version="2" changeset="120830079" timestamp="2022-05-11T09:31:22Z" user="Alexandre148025" uid="191786" lat="48.5625639" lon="0.2703210"/>
 <node id="516965083" visible="true" version="2" changeset="120830079" timestamp="2022-05-11T09:31:22Z" user="Alexandre148025" uid="191786" lat="48.5626492" lon="0.2696723"/>
 <node id="516965084" visible="true" version="2" changeset="120830079" timestamp="2022-05-11T09:31:22Z" user="Alexandre148025" uid="191786" lat="48.5630139" lon="0.2693030"/>
 <node id="516965085" visible="true" version="2" changeset="120830079" timestamp="2022-05-11T09:31:22Z" user="Alexandre148025" uid="191786" lat="48.5618402" lon="0.2674246"/>
 <node id="516965086" visible="true" version="2" changeset="46665901" timestamp="2017-03-07T22:57:11Z" user="Kioska Journo" uid="402585" lat="48.5612308" lon="0.2679570"/>
 <node id="517990283" visible="true" version="2" changeset="187489256" timestamp="2026-08-15T13:39:07Z" user="Eric-Chambly" uid="1002121" lat="48.5593929" lon="0.2637910"/>
 <node id="517990286" visible="true" version="2" changeset="187489256" timestamp="2026-08-15T13:39:07Z" user="Eric-Chambly" uid="1002121" lat="48.5593644" lon="0.2630618"/>
 <node id="517990289" visible="true" version="2" changeset="8682108" timestamp="2011-07-10T10:45:17Z" user="Ropino" uid="42123" lat="48.5595535" lon="0.2627925"/>
 <node id="517990291" visible="true" version="3" changeset="11864870" timestamp="2012-06-11T14:16:07Z" user="Alexandre148025" uid="191786" lat="48.5598104" lon="0.2612286"/>
 <node id="517990294" visible="true" version="2" changeset="11864870" timestamp="2012-06-11T14:16:07Z" user="Alexandre148025" uid="191786" lat="48.5593332" lon="0.2615397"/>
 <node id="517990309" visible="true" version="3" changeset="11864870" timestamp="2012-06-11T14:16:06Z" user="Alexandre148025" uid="191786" lat="48.5574731" lon="0.2611749"/>
 <node id="845158145" visible="true" version="1" changeset="5392866" timestamp="2010-08-03T18:58:45Z" user="Mawie" uid="150619" lat="48.5326300" lon="0.2799469"/>
 <node id="1217540272" visible="true" version="2" changeset="15448398" timestamp="2013-03-21T21:26:58Z" user="OxStOnE" uid="855437" lat="48.5568054" lon="0.2729727"/>
 <node id="1217540275" visible="true" version="1" changeset="7665755" timestamp="2011-03-25T13:54:37Z" user="Ropino" uid="42123" lat="48.5565160" lon="0.2641439"/>
 <node id="1217540278" visible="true" version="1" changeset="7665755" timestamp="2011-03-25T13:54:37Z" user="Ropino" uid="42123" lat="48.5351443" lon="0.2543458"/>
 <node id="1217540280" visible="true" version="1" changeset="7665755" timestamp="2011-03-25T13:54:37Z" user="Ropino" uid="42123" lat="48.5596784" lon="0.2650709"/>
 <node id="1217540287" visible="true" version="1" changeset="7665755" timestamp="2011-03-25T13:54:37Z" user="Ropino" uid="42123" lat="48.5552285" lon="0.2699337"/>
 <node id="1217540295" visible="true" version="1" changeset="7665755" timestamp="2011-03-25T13:54:37Z" user="Ropino" uid="42123" lat="48.5364216" lon="0.2549900"/>
 <node id="1217540297" visible="true" version="2" changeset="15495622" timestamp="2013-03-25T19:48:36Z" user="OxStOnE" uid="855437" lat="48.5466659" lon="0.2620018"/>
 <node id="1217540304" visible="true" version="2" changeset="15885193" timestamp="2013-04-27T15:38:37Z" user="OxStOnE" uid="855437" lat="48.5586224" lon="0.2653752"/>
 <node id="1217540307" visible="true" version="2" changeset="15882381" timestamp="2013-04-27T11:24:07Z" user="OxStOnE" uid="855437" lat="48.5610382" lon="0.2641049"/>
 <node id="1244565011" visible="true" version="3" changeset="15885193" timestamp="2013-04-27T15:38:38Z" user="OxStOnE" uid="855437" lat="48.5576129" lon="0.2670761"/>
 <node id="1244565030" visible="true" version="1" changeset="7862726" timestamp="2011-04-14T17:10:40Z" user="Ropino" uid="42123" lat="48.5581021" lon="0.2709917"/>
 <node id="1258810115" visible="true" version="1" changeset="7957437" timestamp="2011-04-24T21:38:25Z" user="Ropino" uid="42123" lat="48.5419530" lon="0.2513302"/>
 <node id="1258810186" visible="true" version="1" changeset="7957437" timestamp="2011-04-24T21:38:27Z" user="Ropino" uid="42123" lat="48.5416273" lon="0.2522035"/>
 <node id="1258810202" visible="true" version="1" changeset="7957437" timestamp="2011-04-24T21:38:28Z" user="Ropino" uid="42123" lat="48.5363896" lon="0.2476764"/>
 <node id="1258810240" visible="true" version="1" changeset="7957437" timestamp="2011-04-24T21:38:29Z" user="Ropino" uid="42123" lat="48.5416207" lon="0.2510139"/>
 <node id="1258810283" visible="true" version="1" changeset="7957437" timestamp="2011-04-24T21:38:30Z" user="Ropino" uid="42123" lat="48.5416436" lon="0.2529909"/>
 <node id="1258810392" visible="true" version="1" changeset="7957437" timestamp="2011-04-24T21:38:32Z" user="Ropino" uid="42123" lat="48.5398162" lon="0.2504518"/>
 <node id="1259988637" visible="true" version="1" changeset="7967310" timestamp="2011-04-25T18:50:39Z" user="Ropino" uid="42123" lat="48.5443067" lon="0.2580971"/>
 <node id="1260018106" visible="true" version="1" changeset="7967564" timestamp="2011-04-25T19:11:12Z" user="Ropino" uid="42123" lat="48.5425443" lon="0.2535883"/>
 <node id="1274591671" visible="true" version="2" changeset="44687327" timestamp="2016-12-26T17:48:34Z" user="Kioska Journo" uid="402585" lat="48.5376805" lon="0.2473375"/>
 <node id="1274591679" visible="true" version="2" changeset="44687327" timestamp="2016-12-26T17:48:35Z" user="Kioska Journo" uid="402585" lat="48.5377928" lon="0.2465534"/>
 <node id="1274591686" visible="true" version="2" changeset="64874101" timestamp="2018-11-25T18:38:30Z" user="Porphyrion" uid="706159" lat="48.5440645" lon="0.2523565"/>
 <node id="1274591695" visible="true" version="2" changeset="64874101" timestamp="2018-11-25T18:38:30Z" user="Porphyrion" uid="706159" lat="48.5445415" lon="0.2527180"/>
 <node id="1274591697" visible="true" version="2" changeset="8274239" timestamp="2011-05-28T18:08:11Z" user="Ropino" uid="42123" lat="48.5446495" lon="0.2538202"/>
 <node id="1274631642" visible="true" version="1" changeset="8067607" timestamp="2011-05-06T18:43:31Z" user="Ropino" uid="42123" lat="48.5368610" lon="0.2467114"/>
 <node id="1274631645" visible="true" version="1" changeset="8067607" timestamp="2011-05-06T18:43:31Z" user="Ropino" uid="42123" lat="48.5371880" lon="0.2465085"/>
 <node id="1303894441" visible="true" version="1" changeset="8274224" timestamp="2011-05-28T18:06:19Z" user="Ropino" uid="42123" lat="48.5335052" lon="0.2485864"/>
 <node id="1303896697" visible="true" version="1" changeset="8274239" timestamp="2011-05-28T18:08:08Z" user="Ropino" uid="42123" lat="48.5442261" lon="0.2538840"/>
 <node id="1356252810" visible="true" version="1" changeset="8682046" timestamp="2011-07-10T10:36:08Z" user="Ropino" uid="42123" lat="48.5508921" lon="0.2793399"/>
 <node id="1356252811" visible="true" version="1" changeset="8682046" timestamp="2011-07-10T10:36:08Z" user="Ropino" uid="42123" lat="48.5510941" lon="0.2781456"/>
 <node id="1356252812" visible="true" version="2" changeset="155872504" timestamp="2024-08-28T10:23:20Z" user="wuff57" uid="2583033" lat="48.5510331" lon="0.2761228"/>
 <node id="1356252814" visible="true" version="1" changeset="8682046" timestamp="2011-07-10T10:36:08Z" user="Ropino" uid="42123" lat="48.5517530" lon="0.2798973"/>
 <node id="1356252815" visible="true" version="1" changeset="8682046" timestamp="2011-07-10T10:36:08Z" user="Ropino" uid="42123" lat="48.5518759" lon="0.2764602"/>
 <node id="1356252817" visible="true" version="1" changeset="8682046" timestamp="2011-07-10T10:36:09Z" user="Ropino" uid="42123" lat="48.5520253" lon="0.2756109"/>
 <node id="1356252818" visible="true" version="1" changeset="8682046" timestamp="2011-07-10T10:36:09Z" user="Ropino" uid="42123" lat="48.5525885" lon="0.2787749"/>
 <node id="1356252823" visible="true" version="1" changeset="8682046" timestamp="2011-07-10T10:36:09Z" user="Ropino" uid="42123" lat="48.5542740" lon="0.2816888"/>
 <node id="1356252824" visible="true" version="1" changeset="8682046" timestamp="2011-07-10T10:36:09Z" user="Ropino" uid="42123" lat="48.5544145" lon="0.2811182"/>
 <node id="1356260102" visible="true" version="1" changeset="8682108" timestamp="2011-07-10T10:44:58Z" user="Ropino" uid="42123" lat="48.5528779" lon="0.2612890"/>
 <node id="1356260103" visible="true" version="1" changeset="8682108" timestamp="2011-07-10T10:44:58Z" user="Ropino" uid="42123" lat="48.5536088" lon="0.2612147"/>
 <node id="1356260124" visible="true" version="2" changeset="15885193" timestamp="2013-04-27T15:38:38Z" user="OxStOnE" uid="855437" lat="48.5577195" lon="0.2666287"/>
 <node id="1356260139" visible="true" version="2" changeset="120830079" timestamp="2022-05-11T09:31:22Z" user="Alexandre148025" uid="191786" lat="48.5593457" lon="0.2903658"/>
 <node id="1356260143" visible="true" version="2" changeset="120830079" timestamp="2022-05-11T09:31:22Z" user="Alexandre148025" uid="191786" lat="48.5596568" lon="0.2884797"/>
 <node id="1356270803" visible="true" version="2" changeset="15495622" timestamp="2013-03-25T19:48:37Z" user="OxStOnE" uid="855437" lat="48.5514193" lon="0.2759080"/>
 <node id="1356270807" visible="true" version="2" changeset="15495622" timestamp="2013-03-25T19:48:37Z" user="OxStOnE" uid="855437" lat="48.5514638" lon="0.2749976"/>
 <node id="1356270808" visible="true" version="2" changeset="15495622" timestamp="2013-03-25T19:48:37Z" user="OxStOnE" uid="855437" lat="48.5514930" lon="0.2746577"/>
 <node id="1356270809" visible="true" version="2" changeset="15495622" timestamp="2013-03-25T19:48:37Z" user="OxStOnE" uid="855437" lat="48.5514892" lon="0.2760001"/>
 <node id="1356270810" visible="true" version="2" changeset="15495622" timestamp="2013-03-25T19:48:37Z" user="OxStOnE" uid="855437" lat="48.5515795" lon="0.2745867"/>
 <node id="1356270815" visible="true" version="2" changeset="15495622" timestamp="2013-03-25T19:48:37Z" user="OxStOnE" uid="855437" lat="48.5516913" lon="0.2759579"/>
 <node id="1356270817" visible="true" version="1" changeset="8682177" timestamp="2011-07-10T10:52:44Z" user="Ropino" uid="42123" lat="48.5517304" lon="0.2752986"/>
 <node id="1356270819" visible="true" version="2" changeset="15495622" timestamp="2013-03-25T19:48:37Z" user="OxStOnE" uid="855437" lat="48.5517384" lon="0.2751532"/>
 <node id="1356270821" visible="true" version="2" changeset="15495622" timestamp="2013-03-25T19:48:37Z" user="OxStOnE" uid="855437" lat="48.5517752" lon="0.2757140"/>
 <node id="1356270823" visible="true" version="2" changeset="15495622" timestamp="2013-03-25T19:48:37Z" user="OxStOnE" uid="855437" lat="48.5517435" lon="0.2747115"/>
 <node id="1356270825" visible="true" version="2" changeset="15495622" timestamp="2013-03-25T19:48:37Z" user="OxStOnE" uid="855437" lat="48.5518083" lon="0.2750533"/>
 <node id="1356270826" visible="true" version="2" changeset="15495622" timestamp="2013-03-25T19:48:37Z" user="OxStOnE" uid="855437" lat="48.5518909" lon="0.2747461"/>
 <node id="1356270827" visible="true" version="2" changeset="15495622" timestamp="2013-03-25T19:48:37Z" user="OxStOnE" uid="855437" lat="48.5523765" lon="0.2753414"/>
 <node id="1356270828" visible="true" version="1" changeset="8682177" timestamp="2011-07-10T10:52:45Z" user="Ropino" uid="42123" lat="48.5523735" lon="0.2755636"/>
 <node id="1356270833" visible="true" version="2" changeset="15495622" timestamp="2013-03-25T19:48:37Z" user="OxStOnE" uid="855437" lat="48.5524121" lon="0.2747960"/>
 <node id="1356270835" visible="true" version="2" changeset="15495622" timestamp="2013-03-25T19:48:37Z" user="OxStOnE" uid="855437" lat="48.5524452" lon="0.2746788"/>
 <node id="1356270837" visible="true" version="2" changeset="15495622" timestamp="2013-03-25T19:48:37Z" user="OxStOnE" uid="855437" lat="48.5524693" lon="0.2752742"/>
 <node id="1356270839" visible="true" version="2" changeset="15495622" timestamp="2013-03-25T19:48:37Z" user="OxStOnE" uid="855437" lat="48.5524897" lon="0.2749823"/>
 <node id="1356270841" visible="true" version="2" changeset="15495622" timestamp="2013-03-25T19:48:37Z" user="OxStOnE" uid="855437" lat="48.5525113" lon="0.2756199"/>
 <node id="1356270842" visible="true" version="2" changeset="15495622" timestamp="2013-03-25T19:48:37Z" user="OxStOnE" uid="855437" lat="48.5525863" lon="0.2735726"/>
 <node id="1356270843" visible="true" version="2" changeset="15495622" timestamp="2013-03-25T19:48:37Z" user="OxStOnE" uid="855437" lat="48.5526372" lon="0.2733460"/>
 <node id="1356270844" visible="true" version="2" changeset="15495622" timestamp="2013-03-25T19:48:37Z" user="OxStOnE" uid="855437" lat="48.5526435" lon="0.2737896"/>
 <node id="1356270848" visible="true" version="2" changeset="15495622" timestamp="2013-03-25T19:48:37Z" user="OxStOnE" uid="855437" lat="48.5526664" lon="0.2749535"/>
 <node id="1356270850" visible="true" version="2" changeset="15495622" timestamp="2013-03-25T19:48:37Z" user="OxStOnE" uid="855437" lat="48.5527172" lon="0.2738684"/>
 <node id="1356270852" visible="true" version="2" changeset="15495622" timestamp="2013-03-25T19:48:37Z" user="OxStOnE" uid="855437" lat="48.5527795" lon="0.2745406"/>
 <node id="1356270853" visible="true" version="2" changeset="15495622" timestamp="2013-03-25T19:48:37Z" user="OxStOnE" uid="855437" lat="48.5527783" lon="0.2732269"/>
 <node id="1356270854" visible="true" version="2" changeset="15495622" timestamp="2013-03-25T19:48:37Z" user="OxStOnE" uid="855437" lat="48.5528825" lon="0.2738127"/>
 <node id="1356270855" visible="true" version="2" changeset="15495622" timestamp="2013-03-25T19:48:37Z" user="OxStOnE" uid="855437" lat="48.5529740" lon="0.2747461"/>
 <node id="1356270856" visible="true" version="2" changeset="15495622" timestamp="2013-03-25T19:48:37Z" user="OxStOnE" uid="855437" lat="48.5530020" lon="0.2737013"/>
 <node id="1356270857" visible="true" version="2" changeset="15495622" timestamp="2013-03-25T19:48:37Z" user="OxStOnE" uid="855437" lat="48.5529511" lon="0.2743716"/>
 <node id="1356270858" visible="true" version="2" changeset="15495622" timestamp="2013-03-25T19:48:37Z" user="OxStOnE" uid="855437" lat="48.5529804" lon="0.2751897"/>
 <node id="1356270862" visible="true" version="2" changeset="15495622" timestamp="2013-03-25T19:48:37Z" user="OxStOnE" uid="855437" lat="48.5531050" lon="0.2737436"/>
 <node id="1356270863" visible="true" version="1" changeset="8682177" timestamp="2011-07-10T10:52:46Z" user="Ropino" uid="42123" lat="48.5531336" lon="0.2740009"/>
 <node id="1356270864" visible="true" version="2" changeset="15495622" timestamp="2013-03-25T19:48:37Z" user="OxStOnE" uid="855437" lat="48.5531291" lon="0.2746788"/>
 <node id="1356270865" visible="true" version="2" changeset="15495622" timestamp="2013-03-25T19:48:37Z" user="OxStOnE" uid="855437" lat="48.5531520" lon="0.2730426"/>
 <node id="1356270867" visible="true" version="2" changeset="15495622" timestamp="2013-03-25T19:48:37Z" user="OxStOnE" uid="855437" lat="48.5532041" lon="0.2747441"/>
 <node id="1356270869" visible="true" version="2" changeset="15495622" timestamp="2013-03-25T19:48:38Z" user="OxStOnE" uid="855437" lat="48.5531990" lon="0.2749304"/>
 <node id="1356270870" visible="true" version="2" changeset="15495622" timestamp="2013-03-25T19:48:38Z" user="OxStOnE" uid="855437" lat="48.5533338" lon="0.2731021"/>
 <node id="1356270872" visible="true" version="1" changeset="8682177" timestamp="2011-07-10T10:52:46Z" user="Ropino" uid="42123" lat="48.5533719" lon="0.2756791"/>
 <node id="1356270874" visible="true" version="2" changeset="15495622" timestamp="2013-03-25T19:48:38Z" user="OxStOnE" uid="855437" lat="48.5534469" lon="0.2733134"/>
 <node id="1356270880" visible="true" version="2" changeset="15495622" timestamp="2013-03-25T19:48:38Z" user="OxStOnE" uid="855437" lat="48.5534762" lon="0.2755296"/>
 <node id="1356270881" visible="true" version="2" changeset="15495622" timestamp="2013-03-25T19:48:38Z" user="OxStOnE" uid="855437" lat="48.5534952" lon="0.2752723"/>
 <node id="1356270882" visible="true" version="1" changeset="8682177" timestamp="2011-07-10T10:52:46Z" user="Ropino" uid="42123" lat="48.5534823" lon="0.2728900"/>
 <node id="1356270883" visible="true" version="2" changeset="130285898" timestamp="2022-12-20T11:21:24Z" user="Sylvain M" uid="672931" lat="48.5538669" lon="0.2728598"/>
 <node id="1356270884" visible="true" version="2" changeset="130285898" timestamp="2022-12-20T11:21:24Z" user="Sylvain M" uid="672931" lat="48.5538935" lon="0.2747865"/>
 <node id="1356270885" visible="true" version="2" changeset="130285898" timestamp="2022-12-20T11:21:24Z" user="Sylvain M" uid="672931" lat="48.5541756" lon="0.2749362"/>
 <node id="1356270887" visible="true" version="1" changeset="8682177" timestamp="2011-07-10T10:52:46Z" user="Ropino" uid="42123" lat="48.5542288" lon="0.2742149"/>
 <node id="1356270889" visible="true" version="1" changeset="8682177" timestamp="2011-07-10T10:52:46Z" user="Ropino" uid="42123" lat="48.5542288" lon="0.2755534"/>
 <node id="1356270890" visible="true" version="1" changeset="8682177" timestamp="2011-07-10T10:52:46Z" user="Ropino" uid="42123" lat="48.5547955" lon="0.2758728"/>
 <node id="1356270897" visible="true" version="1" changeset="8682177" timestamp="2011-07-10T10:52:46Z" user="Ropino" uid="42123" lat="48.5549034" lon="0.2752749"/>
 <node id="1356270898" visible="true" version="2" changeset="130285898" timestamp="2022-12-20T11:21:24Z" user="Sylvain M" uid="672931" lat="48.5548239" lon="0.2752302"/>
 <node id="1356270899" visible="true" version="1" changeset="8682177" timestamp="2011-07-10T10:52:46Z" user="Ropino" uid="42123" lat="48.5550653" lon="0.2751933"/>
 <node id="1356270900" visible="true" version="1" changeset="8682177" timestamp="2011-07-10T10:52:46Z" user="Ropino" uid="42123" lat="48.5551958" lon="0.2746090"/>
 <node id="1453423252" visible="true" version="2" changeset="14271008" timestamp="2012-12-14T13:02:00Z" user="BrunoC" uid="125252" lat="48.5584831" lon="0.3107411"/>
 <node id="1783538490" visible="true" version="1" changeset="11864870" timestamp="2012-06-11T14:15:57Z" user="Alexandre148025" uid="191786" lat="48.5505005" lon="0.2609174"/>
 <node id="1783538595" visible="true" version="1" changeset="11864870" timestamp="2012-06-11T14:16:00Z" user="Alexandre148025" uid="191786" lat="48.5499252" lon="0.2608209"/>
 <node id="1783538678" visible="true" version="2" changeset="64905729" timestamp="2018-11-26T17:28:24Z" user="Porphyrion" uid="706159" lat="48.5540620" lon="0.2605894"/>
 <node id="2066298662" visible="true" version="1" changeset="14270070" timestamp="2012-12-14T11:26:39Z" user="BrunoC" uid="125252" lat="48.5328802" lon="0.2796526"/>
 <node id="2066298665" visible="true" version="1" changeset="14270070" timestamp="2012-12-14T11:26:39Z" user="BrunoC" uid="125252" lat="48.5332021" lon="0.2796547"/>
 <node id="2066298666" visible="true" version="1" changeset="14270070" timestamp="2012-12-14T11:26:39Z" user="BrunoC" uid="125252" lat="48.5335367" lon="0.2796154"/>
 <node id="2066298667" visible="true" version="1" changeset="14270070" timestamp="2012-12-14T11:26:39Z" user="BrunoC" uid="125252" lat="48.5337468" lon="0.2794283"/>
 <node id="2066298669" visible="true" version="1" changeset="14270070" timestamp="2012-12-14T11:26:39Z" user="BrunoC" uid="125252" lat="48.5339118" lon="0.2793756"/>
 <node id="2066298670" visible="true" version="1" changeset="14270070" timestamp="2012-12-14T11:26:39Z" user="BrunoC" uid="125252" lat="48.5340481" lon="0.2792322"/>
 <node id="2066298671" visible="true" version="1" changeset="14270070" timestamp="2012-12-14T11:26:39Z" user="BrunoC" uid="125252" lat="48.5341620" lon="0.2789776"/>
 <node id="2066298672" visible="true" version="1" changeset="14270070" timestamp="2012-12-14T11:26:40Z" user="BrunoC" uid="125252" lat="48.5342441" lon="0.2786478"/>
 <node id="2066298673" visible="true" version="1" changeset="14270070" timestamp="2012-12-14T11:26:40Z" user="BrunoC" uid="125252" lat="48.5343423" lon="0.2784601"/>
 <node id="2066298675" visible="true" version="1" changeset="14270070" timestamp="2012-12-14T11:26:40Z" user="BrunoC" uid="125252" lat="48.5346538" lon="0.2784473"/>
 <node id="2066298679" visible="true" version="1" changeset="14270070" timestamp="2012-12-14T11:26:40Z" user="BrunoC" uid="125252" lat="48.5348619" lon="0.2785306"/>
 <node id="2066298683" visible="true" version="1" changeset="14270070" timestamp="2012-12-14T11:26:40Z" user="BrunoC" uid="125252" lat="48.5352692" lon="0.2787587"/>
 <node id="2066298685" visible="true" version="1" changeset="14270070" timestamp="2012-12-14T11:26:40Z" user="BrunoC" uid="125252" lat="48.5355458" lon="0.2790686"/>
 <node id="2066298688" visible="true" version="1" changeset="14270070" timestamp="2012-12-14T11:26:40Z" user="BrunoC" uid="125252" lat="48.5357975" lon="0.2791246"/>
 <node id="2066298690" visible="true" version="1" changeset="14270070" timestamp="2012-12-14T11:26:40Z" user="BrunoC" uid="125252" lat="48.5361952" lon="0.2780829"/>
 <node id="2066298691" visible="true" version="1" changeset="14270070" timestamp="2012-12-14T11:26:40Z" user="BrunoC" uid="125252" lat="48.5367637" lon="0.2774882"/>
 <node id="2066298692" visible="true" version="1" changeset="14270070" timestamp="2012-12-14T11:26:40Z" user="BrunoC" uid="125252" lat="48.5368515" lon="0.2772857"/>
 <node id="2066298695" visible="true" version="1" changeset="14270070" timestamp="2012-12-14T11:26:40Z" user="BrunoC" uid="125252" lat="48.5373415" lon="0.2766585"/>
 <node id="2066298697" visible="true" version="1" changeset="14270070" timestamp="2012-12-14T11:26:40Z" user="BrunoC" uid="125252" lat="48.5375981" lon="0.2760562"/>
 <node id="2066298699" visible="true" version="1" changeset="14270070" timestamp="2012-12-14T11:26:40Z" user="BrunoC" uid="125252" lat="48.5378926" lon="0.2754829"/>
 <node id="2066298701" visible="true" version="1" changeset="14270070" timestamp="2012-12-14T11:26:40Z" user="BrunoC" uid="125252" lat="48.5381503" lon="0.2749367"/>
 <node id="2066298705" visible="true" version="1" changeset="14270070" timestamp="2012-12-14T11:26:40Z" user="BrunoC" uid="125252" lat="48.5384846" lon="0.2743210"/>
 <node id="2066298707" visible="true" version="1" changeset="14270070" timestamp="2012-12-14T11:26:40Z" user="BrunoC" uid="125252" lat="48.5386659" lon="0.2736707"/>
 <node id="2066298709" visible="true" version="1" changeset="14270070" timestamp="2012-12-14T11:26:40Z" user="BrunoC" uid="125252" lat="48.5387108" lon="0.2724140"/>
 <node id="2066298711" visible="true" version="1" changeset="14270070" timestamp="2012-12-14T11:26:40Z" user="BrunoC" uid="125252" lat="48.5387302" lon="0.2732957"/>
 <node id="2066298713" visible="true" version="1" changeset="14270070" timestamp="2012-12-14T11:26:40Z" user="BrunoC" uid="125252" lat="48.5387438" lon="0.2727391"/>
 <node id="2066298715" visible="true" version="1" changeset="14270070" timestamp="2012-12-14T11:26:40Z" user="BrunoC" uid="125252" lat="48.5387638" lon="0.2719782"/>
 <node id="2066298717" visible="true" version="1" changeset="14270070" timestamp="2012-12-14T11:26:40Z" user="BrunoC" uid="125252" lat="48.5387951" lon="0.2714617"/>
 <node id="2066298719" visible="true" version="1" changeset="14270070" timestamp="2012-12-14T11:26:40Z" user="BrunoC" uid="125252" lat="48.5388987" lon="0.2706412"/>
 <node id="2066298723" visible="true" version="1" changeset="14270070" timestamp="2012-12-14T11:26:40Z" user="BrunoC" uid="125252" lat="48.5402711" lon="0.2689929"/>
 <node id="2066298724" visible="true" version="1" changeset="14270070" timestamp="2012-12-14T11:26:40Z" user="BrunoC" uid="125252" lat="48.5403375" lon="0.2704083"/>
 <node id="2066298725" visible="true" version="1" changeset="14270070" timestamp="2012-12-14T11:26:40Z" user="BrunoC" uid="125252" lat="48.5406377" lon="0.2690338"/>
 <node id="2066298726" visible="true" version="1" changeset="14270070" timestamp="2012-12-14T11:26:40Z" user="BrunoC" uid="125252" lat="48.5408768" lon="0.2689576"/>
 <node id="2066298727" visible="true" version="1" changeset="14270070" timestamp="2012-12-14T11:26:40Z" user="BrunoC" uid="125252" lat="48.5409951" lon="0.2683814"/>
 <node id="2066298728" visible="true" version="1" changeset="14270070" timestamp="2012-12-14T11:26:40Z" user="BrunoC" uid="125252" lat="48.5415581" lon="0.2682357"/>
 <node id="2066298740" visible="true" version="1" changeset="14270070" timestamp="2012-12-14T11:26:41Z" user="BrunoC" uid="125252" lat="48.5423915" lon="0.2678645"/>
 <node id="2066298742" visible="true" version="2" changeset="15495622" timestamp="2013-03-25T19:48:38Z" user="OxStOnE" uid="855437" lat="48.5430551" lon="0.2676269"/>
 <node id="2066298745" visible="true" version="1" changeset="14270070" timestamp="2012-12-14T11:26:41Z" user="BrunoC" uid="125252" lat="48.5445132" lon="0.2694053"/>
 <node id="2066298749" visible="true" version="1" changeset="14270070" timestamp="2012-12-14T11:26:41Z" user="BrunoC" uid="125252" lat="48.5447684" lon="0.2694741"/>
 <node id="2066298751" visible="true" version="1" changeset="14270070" timestamp="2012-12-14T11:26:41Z" user="BrunoC" uid="125252" lat="48.5449194" lon="0.2694823"/>
 <node id="2066298753" visible="true" version="1" changeset="14270070" timestamp="2012-12-14T11:26:41Z" user="BrunoC" uid="125252" lat="48.5449991" lon="0.2695151"/>
 <node id="2066298755" visible="true" version="1" changeset="14270070" timestamp="2012-12-14T11:26:41Z" user="BrunoC" uid="125252" lat="48.5452457" lon="0.2696420"/>
 <node id="2066298757" visible="true" version="1" changeset="14270070" timestamp="2012-12-14T11:26:41Z" user="BrunoC" uid="125252" lat="48.5452946" lon="0.2694343"/>
 <node id="2066298761" visible="true" version="1" changeset="14270070" timestamp="2012-12-14T11:26:41Z" user="BrunoC" uid="125252" lat="48.5455780" lon="0.2696030"/>
 <node id="2066298763" visible="true" version="1" changeset="14270070" timestamp="2012-12-14T11:26:41Z" user="BrunoC" uid="125252" lat="48.5456257" lon="0.2695938"/>
 <node id="2066298765" visible="true" version="1" changeset="14270070" timestamp="2012-12-14T11:26:41Z" user="BrunoC" uid="125252" lat="48.5457276" lon="0.2696617"/>
 <node id="2066298769" visible="true" version="1" changeset="14270070" timestamp="2012-12-14T11:26:41Z" user="BrunoC" uid="125252" lat="48.5459081" lon="0.2697120"/>
 <node id="2066298771" visible="true" version="1" changeset="14270070" timestamp="2012-12-14T11:26:41Z" user="BrunoC" uid="125252" lat="48.5459285" lon="0.2697797"/>
 <node id="2066298773" visible="true" version="1" changeset="14270070" timestamp="2012-12-14T11:26:41Z" user="BrunoC" uid="125252" lat="48.5461964" lon="0.2698877"/>
 <node id="2066298780" visible="true" version="1" changeset="14270070" timestamp="2012-12-14T11:26:41Z" user="BrunoC" uid="125252" lat="48.5466954" lon="0.2700619"/>
 <node id="2066298784" visible="true" version="1" changeset="14270070" timestamp="2012-12-14T11:26:41Z" user="BrunoC" uid="125252" lat="48.5475240" lon="0.2701827"/>
 <node id="2066298788" visible="true" version="1" changeset="14270070" timestamp="2012-12-14T11:26:41Z" user="BrunoC" uid="125252" lat="48.5483202" lon="0.2703663"/>
 <node id="2066298821" visible="true" version="1" changeset="14270070" timestamp="2012-12-14T11:26:42Z" user="BrunoC" uid="125252" lat="48.5488200" lon="0.2703204"/>
 <node id="2066298822" visible="true" version="1" changeset="14270070" timestamp="2012-12-14T11:26:42Z" user="BrunoC" uid="125252" lat="48.5488217" lon="0.2704141"/>
 <node id="2066298832" visible="true" version="1" changeset="14270070" timestamp="2012-12-14T11:26:42Z" user="BrunoC" uid="125252" lat="48.5493452" lon="0.2719331"/>
 <node id="2066298836" visible="true" version="1" changeset="14270070" timestamp="2012-12-14T11:26:42Z" user="BrunoC" uid="125252" lat="48.5493893" lon="0.2710690"/>
 <node id="2066298838" visible="true" version="1" changeset="14270070" timestamp="2012-12-14T11:26:42Z" user="BrunoC" uid="125252" lat="48.5495814" lon="0.2710899"/>
 <node id="2066298840" visible="true" version="1" changeset="14270070" timestamp="2012-12-14T11:26:42Z" user="BrunoC" uid="125252" lat="48.5496488" lon="0.2705820"/>
 <node id="2066298848" visible="true" version="1" changeset="14270070" timestamp="2012-12-14T11:26:42Z" user="BrunoC" uid="125252" lat="48.5503834" lon="0.2717278"/>
 <node id="2066298850" visible="true" version="1" changeset="14270070" timestamp="2012-12-14T11:26:42Z" user="BrunoC" uid="125252" lat="48.5504107" lon="0.2717772"/>
 <node id="2066298852" visible="true" version="1" changeset="14270070" timestamp="2012-12-14T11:26:42Z" user="BrunoC" uid="125252" lat="48.5504195" lon="0.2720005"/>
 <node id="2066298854" visible="true" version="1" changeset="14270070" timestamp="2012-12-14T11:26:42Z" user="BrunoC" uid="125252" lat="48.5504393" lon="0.2724291"/>
 <node id="2066298856" visible="true" version="1" changeset="14270070" timestamp="2012-12-14T11:26:42Z" user="BrunoC" uid="125252" lat="48.5504424" lon="0.2722052"/>
 <node id="2066298860" visible="true" version="1" changeset="14270070" timestamp="2012-12-14T11:26:42Z" user="BrunoC" uid="125252" lat="48.5506225" lon="0.2724937"/>
 <node id="2066298862" visible="true" version="1" changeset="14270070" timestamp="2012-12-14T11:26:42Z" user="BrunoC" uid="125252" lat="48.5506920" lon="0.2724908"/>
 <node id="2066298866" visible="true" version="1" changeset="14270070" timestamp="2012-12-14T11:26:42Z" user="BrunoC" uid="125252" lat="48.5508926" lon="0.2724573"/>
 <node id="2066298870" visible="true" version="1" changeset="14270070" timestamp="2012-12-14T11:26:42Z" user="BrunoC" uid="125252" lat="48.5510819" lon="0.2733875"/>
 <node id="2066298872" visible="true" version="1" changeset="14270070" timestamp="2012-12-14T11:26:42Z" user="BrunoC" uid="125252" lat="48.5510892" lon="0.2724708"/>
 <node id="2066298876" visible="true" version="1" changeset="14270070" timestamp="2012-12-14T11:26:42Z" user="BrunoC" uid="125252" lat="48.5516908" lon="0.2731459"/>
 <node id="2066298878" visible="true" version="1" changeset="14270070" timestamp="2012-12-14T11:26:42Z" user="BrunoC" uid="125252" lat="48.5516943" lon="0.2732071"/>
 <node id="2066298882" visible="true" version="1" changeset="14270070" timestamp="2012-12-14T11:26:42Z" user="BrunoC" uid="125252" lat="48.5520515" lon="0.2730949"/>
 <node id="2066298884" visible="true" version="1" changeset="14270070" timestamp="2012-12-14T11:26:42Z" user="BrunoC" uid="125252" lat="48.5522473" lon="0.2730616"/>
 <node id="2066298886" visible="true" version="1" changeset="14270070" timestamp="2012-12-14T11:26:42Z" user="BrunoC" uid="125252" lat="48.5523334" lon="0.2730508"/>
 <node id="2066298892" visible="true" version="1" changeset="14270070" timestamp="2012-12-14T11:26:42Z" user="BrunoC" uid="125252" lat="48.5529476" lon="0.2728415"/>
 <node id="2066298905" visible="true" version="1" changeset="14270070" timestamp="2012-12-14T11:26:42Z" user="BrunoC" uid="125252" lat="48.5529480" lon="0.2727332"/>
 <node id="2066298907" visible="true" version="1" changeset="14270070" timestamp="2012-12-14T11:26:42Z" user="BrunoC" uid="125252" lat="48.5530843" lon="0.2727204"/>
 <node id="2066298908" visible="true" version="1" changeset="14270070" timestamp="2012-12-14T11:26:42Z" user="BrunoC" uid="125252" lat="48.5531143" lon="0.2726578"/>
 <node id="2066298909" visible="true" version="1" changeset="14270070" timestamp="2012-12-14T11:26:42Z" user="BrunoC" uid="125252" lat="48.5539257" lon="0.2726207"/>
 <node id="2066298910" visible="true" version="1" changeset="14270070" timestamp="2012-12-14T11:26:42Z" user="BrunoC" uid="125252" lat="48.5541746" lon="0.2594576"/>
 <node id="2066298911" visible="true" version="1" changeset="14270070" timestamp="2012-12-14T11:26:42Z" user="BrunoC" uid="125252" lat="48.5542278" lon="0.2602745"/>
 <node id="2066298912" visible="true" version="1" changeset="14270070" timestamp="2012-12-14T11:26:43Z" user="BrunoC" uid="125252" lat="48.5543831" lon="0.2594670"/>
 <node id="2066298913" visible="true" version="1" changeset="14270070" timestamp="2012-12-14T11:26:43Z" user="BrunoC" uid="125252" lat="48.5544733" lon="0.2602066"/>
 <node id="2066298916" visible="true" version="1" changeset="14270070" timestamp="2012-12-14T11:26:43Z" user="BrunoC" uid="125252" lat="48.5545464" lon="0.2592257"/>
 <node id="2066298919" visible="true" version="1" changeset="14270070" timestamp="2012-12-14T11:26:43Z" user="BrunoC" uid="125252" lat="48.5547048" lon="0.2591109"/>
 <node id="2066298922" visible="true" version="1" changeset="14270070" timestamp="2012-12-14T11:26:43Z" user="BrunoC" uid="125252" lat="48.5547385" lon="0.2625265"/>
 <node id="2066298925" visible="true" version="1" changeset="14270070" timestamp="2012-12-14T11:26:43Z" user="BrunoC" uid="125252" lat="48.5548768" lon="0.2639352"/>
 <node id="2066298928" visible="true" version="1" changeset="14270070" timestamp="2012-12-14T11:26:43Z" user="BrunoC" uid="125252" lat="48.5549079" lon="0.2724972"/>
 <node id="2066298931" visible="true" version="1" changeset="14270070" timestamp="2012-12-14T11:26:43Z" user="BrunoC" uid="125252" lat="48.5550192" lon="0.2590779"/>
 <node id="2066298934" visible="true" version="1" changeset="14270070" timestamp="2012-12-14T11:26:43Z" user="BrunoC" uid="125252" lat="48.5550215" lon="0.2655601"/>
 <node id="2066298937" visible="true" version="1" changeset="14270070" timestamp="2012-12-14T11:26:43Z" user="BrunoC" uid="125252" lat="48.5552113" lon="0.2590188"/>
 <node id="2066298940" visible="true" version="1" changeset="14270070" timestamp="2012-12-14T11:26:43Z" user="BrunoC" uid="125252" lat="48.5552552" lon="0.2735509"/>
 <node id="2066298943" visible="true" version="1" changeset="14270070" timestamp="2012-12-14T11:26:43Z" user="BrunoC" uid="125252" lat="48.5553077" lon="0.2730111"/>
 <node id="2066298946" visible="true" version="1" changeset="14270070" timestamp="2012-12-14T11:26:43Z" user="BrunoC" uid="125252" lat="48.5553125" lon="0.2563119"/>
 <node id="2066298948" visible="true" version="1" changeset="14270070" timestamp="2012-12-14T11:26:43Z" user="BrunoC" uid="125252" lat="48.5553204" lon="0.2569291"/>
 <node id="2066298951" visible="true" version="1" changeset="14270070" timestamp="2012-12-14T11:26:43Z" user="BrunoC" uid="125252" lat="48.5553358" lon="0.2724506"/>
 <node id="2066298954" visible="true" version="1" changeset="14270070" timestamp="2012-12-14T11:26:43Z" user="BrunoC" uid="125252" lat="48.5553450" lon="0.2575302"/>
 <node id="2066298957" visible="true" version="1" changeset="14270070" timestamp="2012-12-14T11:26:43Z" user="BrunoC" uid="125252" lat="48.5553489" lon="0.2555246"/>
 <node id="2066298960" visible="true" version="1" changeset="14270070" timestamp="2012-12-14T11:26:43Z" user="BrunoC" uid="125252" lat="48.5553639" lon="0.2656867"/>
 <node id="2066298963" visible="true" version="1" changeset="14270070" timestamp="2012-12-14T11:26:43Z" user="BrunoC" uid="125252" lat="48.5553705" lon="0.2550440"/>
 <node id="2066298966" visible="true" version="1" changeset="14270070" timestamp="2012-12-14T11:26:43Z" user="BrunoC" uid="125252" lat="48.5554128" lon="0.2584561"/>
 <node id="2066298968" visible="true" version="1" changeset="14270070" timestamp="2012-12-14T11:26:43Z" user="BrunoC" uid="125252" lat="48.5554254" lon="0.2591445"/>
 <node id="2066298971" visible="true" version="1" changeset="14270070" timestamp="2012-12-14T11:26:43Z" user="BrunoC" uid="125252" lat="48.5554563" lon="0.2657622"/>
 <node id="2066298974" visible="true" version="1" changeset="14270070" timestamp="2012-12-14T11:26:43Z" user="BrunoC" uid="125252" lat="48.5555063" lon="0.2658720"/>
 <node id="2066298977" visible="true" version="1" changeset="14270070" timestamp="2012-12-14T11:26:43Z" user="BrunoC" uid="125252" lat="48.5555617" lon="0.2590954"/>
 <node id="2066298980" visible="true" version="1" changeset="14270070" timestamp="2012-12-14T11:26:43Z" user="BrunoC" uid="125252" lat="48.5556270" lon="0.2586845"/>
 <node id="2066298983" visible="true" version="1" changeset="14270070" timestamp="2012-12-14T11:26:43Z" user="BrunoC" uid="125252" lat="48.5556459" lon="0.2589797"/>
 <node id="2066298986" visible="true" version="1" changeset="14270070" timestamp="2012-12-14T11:26:43Z" user="BrunoC" uid="125252" lat="48.5556662" lon="0.2587926"/>
 <node id="2066298988" visible="true" version="1" changeset="14270070" timestamp="2012-12-14T11:26:43Z" user="BrunoC" uid="125252" lat="48.5557741" lon="0.2550680"/>
 <node id="2066298991" visible="true" version="1" changeset="14270070" timestamp="2012-12-14T11:26:43Z" user="BrunoC" uid="125252" lat="48.5559682" lon="0.2671663"/>
 <node id="2066298994" visible="true" version="1" changeset="14270070" timestamp="2012-12-14T11:26:43Z" user="BrunoC" uid="125252" lat="48.5559794" lon="0.2549931"/>
 <node id="2066298997" visible="true" version="1" changeset="14270070" timestamp="2012-12-14T11:26:43Z" user="BrunoC" uid="125252" lat="48.5560926" lon="0.2675509"/>
 <node id="2066299000" visible="true" version="1" changeset="14270070" timestamp="2012-12-14T11:26:43Z" user="BrunoC" uid="125252" lat="48.5563760" lon="0.2736706"/>
 <node id="2066299003" visible="true" version="1" changeset="14270070" timestamp="2012-12-14T11:26:43Z" user="BrunoC" uid="125252" lat="48.5565429" lon="0.2547337"/>
 <node id="2066299005" visible="true" version="1" changeset="14270070" timestamp="2012-12-14T11:26:43Z" user="BrunoC" uid="125252" lat="48.5565861" lon="0.2686021"/>
 <node id="2066299023" visible="true" version="1" changeset="14270070" timestamp="2012-12-14T11:26:43Z" user="BrunoC" uid="125252" lat="48.5568503" lon="0.2732758"/>
 <node id="2066299026" visible="true" version="1" changeset="14270070" timestamp="2012-12-14T11:26:43Z" user="BrunoC" uid="125252" lat="48.5569871" lon="0.2714443"/>
 <node id="2066299030" visible="true" version="1" changeset="14270070" timestamp="2012-12-14T11:26:43Z" user="BrunoC" uid="125252" lat="48.5569880" lon="0.2694984"/>
 <node id="2066299032" visible="true" version="1" changeset="14270070" timestamp="2012-12-14T11:26:43Z" user="BrunoC" uid="125252" lat="48.5570708" lon="0.2709104"/>
 <node id="2066299034" visible="true" version="1" changeset="14270070" timestamp="2012-12-14T11:26:43Z" user="BrunoC" uid="125252" lat="48.5572685" lon="0.2705847"/>
 <node id="2066299036" visible="true" version="1" changeset="14270070" timestamp="2012-12-14T11:26:43Z" user="BrunoC" uid="125252" lat="48.5573452" lon="0.2700619"/>
 <node id="2066299038" visible="true" version="1" changeset="14270070" timestamp="2012-12-14T11:26:43Z" user="BrunoC" uid="125252" lat="48.5577776" lon="0.2540111"/>
 <node id="2066299040" visible="true" version="1" changeset="14270070" timestamp="2012-12-14T11:26:43Z" user="BrunoC" uid="125252" lat="48.5580042" lon="0.2538285"/>
 <node id="2066299043" visible="true" version="1" changeset="14270070" timestamp="2012-12-14T11:26:43Z" user="BrunoC" uid="125252" lat="48.5581490" lon="0.2536240"/>
 <node id="2066299046" visible="true" version="1" changeset="14270070" timestamp="2012-12-14T11:26:43Z" user="BrunoC" uid="125252" lat="48.5582725" lon="0.2531786"/>
 <node id="2066299049" visible="true" version="1" changeset="14270070" timestamp="2012-12-14T11:26:44Z" user="BrunoC" uid="125252" lat="48.5582825" lon="0.2529400"/>
 <node id="2066299052" visible="true" version="1" changeset="14270070" timestamp="2012-12-14T11:26:44Z" user="BrunoC" uid="125252" lat="48.5584794" lon="0.2523147"/>
 <node id="2066299055" visible="true" version="1" changeset="14270070" timestamp="2012-12-14T11:26:44Z" user="BrunoC" uid="125252" lat="48.5585481" lon="0.2523985"/>
 <node id="2066299058" visible="true" version="1" changeset="14270070" timestamp="2012-12-14T11:26:44Z" user="BrunoC" uid="125252" lat="48.5588455" lon="0.2515092"/>
 <node id="2066299061" visible="true" version="1" changeset="14270070" timestamp="2012-12-14T11:26:44Z" user="BrunoC" uid="125252" lat="48.5588482" lon="0.2516570"/>
 <node id="2066299064" visible="true" version="1" changeset="14270070" timestamp="2012-12-14T11:26:44Z" user="BrunoC" uid="125252" lat="48.5589722" lon="0.2514931"/>
 <node id="2066299067" visible="true" version="1" changeset="14270070" timestamp="2012-12-14T11:26:44Z" user="BrunoC" uid="125252" lat="48.5594278" lon="0.2517808"/>
 <node id="2066299070" visible="true" version="1" changeset="14270070" timestamp="2012-12-14T11:26:44Z" user="BrunoC" uid="125252" lat="48.5595403" lon="0.2517761"/>
 <node id="2066299073" visible="true" version="1" changeset="14270070" timestamp="2012-12-14T11:26:44Z" user="BrunoC" uid="125252" lat="48.5596484" lon="0.2519232"/>
 <node id="2066299075" visible="true" version="1" changeset="14270070" timestamp="2012-12-14T11:26:44Z" user="BrunoC" uid="125252" lat="48.5597278" lon="0.2518116"/>
 <node id="2066299078" visible="true" version="1" changeset="14270070" timestamp="2012-12-14T11:26:44Z" user="BrunoC" uid="125252" lat="48.5597691" lon="0.2518424"/>
 <node id="2066299081" visible="true" version="1" changeset="14270070" timestamp="2012-12-14T11:26:44Z" user="BrunoC" uid="125252" lat="48.5601662" lon="0.2502029"/>
 <node id="2066299084" visible="true" version="1" changeset="14270070" timestamp="2012-12-14T11:26:44Z" user="BrunoC" uid="125252" lat="48.5602077" lon="0.2517267"/>
 <node id="2066299087" visible="true" version="1" changeset="14270070" timestamp="2012-12-14T11:26:44Z" user="BrunoC" uid="125252" lat="48.5602135" lon="0.2519141"/>
 <node id="2066299090" visible="true" version="1" changeset="14270070" timestamp="2012-12-14T11:26:44Z" user="BrunoC" uid="125252" lat="48.5602477" lon="0.2515590"/>
 <node id="2066299093" visible="true" version="1" changeset="14270070" timestamp="2012-12-14T11:26:44Z" user="BrunoC" uid="125252" lat="48.5602492" lon="0.2505459"/>
 <node id="2066299096" visible="true" version="1" changeset="14270070" timestamp="2012-12-14T11:26:44Z" user="BrunoC" uid="125252" lat="48.5602909" lon="0.2502121"/>
 <node id="2066299099" visible="true" version="1" changeset="14270070" timestamp="2012-12-14T11:26:44Z" user="BrunoC" uid="125252" lat="48.5602981" lon="0.2495623"/>
 <node id="2066299102" visible="true" version="1" changeset="14270070" timestamp="2012-12-14T11:26:44Z" user="BrunoC" uid="125252" lat="48.5603431" lon="0.2494016"/>
 <node id="2066299105" visible="true" version="1" changeset="14270070" timestamp="2012-12-14T11:26:44Z" user="BrunoC" uid="125252" lat="48.5605286" lon="0.2490691"/>
 <node id="2066299108" visible="true" version="1" changeset="14270070" timestamp="2012-12-14T11:26:44Z" user="BrunoC" uid="125252" lat="48.5607685" lon="0.2485683"/>
 <node id="2066299111" visible="true" version="1" changeset="14270070" timestamp="2012-12-14T11:26:44Z" user="BrunoC" uid="125252" lat="48.5609048" lon="0.2481656"/>
 <node id="2066299114" visible="true" version="1" changeset="14270070" timestamp="2012-12-14T11:26:44Z" user="BrunoC" uid="125252" lat="48.5609435" lon="0.2479258"/>
 <node id="2066299117" visible="true" version="1" changeset="14270070" timestamp="2012-12-14T11:26:44Z" user="BrunoC" uid="125252" lat="48.5610547" lon="0.2477191"/>
 <node id="2066299119" visible="true" version="1" changeset="14270070" timestamp="2012-12-14T11:26:44Z" user="BrunoC" uid="125252" lat="48.5612582" lon="0.2478405"/>
 <node id="2066299122" visible="true" version="1" changeset="14270070" timestamp="2012-12-14T11:26:44Z" user="BrunoC" uid="125252" lat="48.5612983" lon="0.2479399"/>
 <node id="2066299125" visible="true" version="1" changeset="14270070" timestamp="2012-12-14T11:26:44Z" user="BrunoC" uid="125252" lat="48.5613554" lon="0.2479158"/>
 <node id="2066299128" visible="true" version="1" changeset="14270070" timestamp="2012-12-14T11:26:44Z" user="BrunoC" uid="125252" lat="48.5614479" lon="0.2477388"/>
 <node id="2066299131" visible="true" version="1" changeset="14270070" timestamp="2012-12-14T11:26:44Z" user="BrunoC" uid="125252" lat="48.5616437" lon="0.2474419"/>
 <node id="2066299173" visible="true" version="1" changeset="14270070" timestamp="2012-12-14T11:26:44Z" user="BrunoC" uid="125252" lat="48.5626971" lon="0.2466328"/>
 <node id="2066299192" visible="true" version="1" changeset="14270070" timestamp="2012-12-14T11:26:45Z" user="BrunoC" uid="125252" lat="48.5632596" lon="0.2462195"/>
 <node id="2066299210" visible="true" version="1" changeset="14270070" timestamp="2012-12-14T11:26:45Z" user="BrunoC" uid="125252" lat="48.5636864" lon="0.2459851"/>
 <node id="2066299212" visible="true" version="1" changeset="14270070" timestamp="2012-12-14T11:26:45Z" user="BrunoC" uid="125252" lat="48.5637004" lon="0.2457030"/>
 <node id="2066299213" visible="true" version="1" changeset="14270070" timestamp="2012-12-14T11:26:45Z" user="BrunoC" uid="125252" lat="48.5637765" lon="0.2453010"/>
 <node id="2066299217" visible="true" version="1" changeset="14270070" timestamp="2012-12-14T11:26:45Z" user="BrunoC" uid="125252" lat="48.5640221" lon="0.2453326"/>
 <node id="2066299221" visible="true" version="1" changeset="14270070" timestamp="2012-12-14T11:26:45Z" user="BrunoC" uid="125252" lat="48.5643652" lon="0.2451046"/>
 <node id="2066299227" visible="true" version="1" changeset="14270070" timestamp="2012-12-14T11:26:45Z" user="BrunoC" uid="125252" lat="48.5647089" lon="0.2449690"/>
 <node id="2066299230" visible="true" version="1" changeset="14270070" timestamp="2012-12-14T11:26:45Z" user="BrunoC" uid="125252" lat="48.5650166" lon="0.2448092"/>
 <node id="2066299239" visible="true" version="1" changeset="14270070" timestamp="2012-12-14T11:26:45Z" user="BrunoC" uid="125252" lat="48.5653439" lon="0.2422555"/>
 <node id="2066299245" visible="true" version="1" changeset="14270070" timestamp="2012-12-14T11:26:45Z" user="BrunoC" uid="125252" lat="48.5655818" lon="0.2445863"/>
 <node id="2066299248" visible="true" version="1" changeset="14270070" timestamp="2012-12-14T11:26:45Z" user="BrunoC" uid="125252" lat="48.5657916" lon="0.2425992"/>
 <node id="2066299261" visible="true" version="1" changeset="14270070" timestamp="2012-12-14T11:26:45Z" user="BrunoC" uid="125252" lat="48.5657971" lon="0.2444642"/>
 <node id="2066299265" visible="true" version="1" changeset="14270070" timestamp="2012-12-14T11:26:45Z" user="BrunoC" uid="125252" lat="48.5659418" lon="0.2427668"/>
 <node id="2066299268" visible="true" version="1" changeset="14270070" timestamp="2012-12-14T11:26:45Z" user="BrunoC" uid="125252" lat="48.5659709" lon="0.2429567"/>
 <node id="2066299271" visible="true" version="1" changeset="14270070" timestamp="2012-12-14T11:26:45Z" user="BrunoC" uid="125252" lat="48.5659783" lon="0.2443021"/>
 <node id="2066299274" visible="true" version="1" changeset="14270070" timestamp="2012-12-14T11:26:45Z" user="BrunoC" uid="125252" lat="48.5659891" lon="0.2431795"/>
 <node id="2066299277" visible="true" version="1" changeset="14270070" timestamp="2012-12-14T11:26:45Z" user="BrunoC" uid="125252" lat="48.5660609" lon="0.2441429"/>
 <node id="2066299280" visible="true" version="1" changeset="14270070" timestamp="2012-12-14T11:26:45Z" user="BrunoC" uid="125252" lat="48.5660615" lon="0.2433563"/>
 <node id="2066299285" visible="true" version="1" changeset="14270070" timestamp="2012-12-14T11:26:45Z" user="BrunoC" uid="125252" lat="48.5662751" lon="0.2435070"/>
 <node id="2066389474" visible="true" version="1" changeset="14271008" timestamp="2012-12-14T13:01:48Z" user="BrunoC" uid="125252" lat="48.5548877" lon="0.2792881"/>
 <node id="2066389475" visible="true" version="1" changeset="14271008" timestamp="2012-12-14T13:01:48Z" user="BrunoC" uid="125252" lat="48.5553196" lon="0.2799105"/>
 <node id="2066389476" visible="true" version="1" changeset="14271008" timestamp="2012-12-14T13:01:48Z" user="BrunoC" uid="125252" lat="48.5559587" lon="0.2792176"/>
 <node id="2066389477" visible="true" version="1" changeset="14271008" timestamp="2012-12-14T13:01:48Z" user="BrunoC" uid="125252" lat="48.5562549" lon="0.2798513"/>
 <node id="2066389478" visible="true" version="1" changeset="14271008" timestamp="2012-12-14T13:01:48Z" user="BrunoC" uid="125252" lat="48.5566386" lon="0.2794428"/>
 <node id="2066389479" visible="true" version="1" changeset="14271008" timestamp="2012-12-14T13:01:48Z" user="BrunoC" uid="125252" lat="48.5569793" lon="0.2802607"/>
 <node id="2066389480" visible="true" version="1" changeset="14271008" timestamp="2012-12-14T13:01:48Z" user="BrunoC" uid="125252" lat="48.5571562" lon="0.2805584"/>
 <node id="2066389481" visible="true" version="1" changeset="14271008" timestamp="2012-12-14T13:01:48Z" user="BrunoC" uid="125252" lat="48.5573095" lon="0.2808776"/>
 <node id="2066389482" visible="true" version="1" changeset="14271008" timestamp="2012-12-14T13:01:48Z" user="BrunoC" uid="125252" lat="48.5574163" lon="0.3065250"/>
 <node id="2066389483" visible="true" version="1" changeset="14271008" timestamp="2012-12-14T13:01:48Z" user="BrunoC" uid="125252" lat="48.5574713" lon="0.3070234"/>
 <node id="2066389484" visible="true" version="1" changeset="14271008" timestamp="2012-12-14T13:01:48Z" user="BrunoC" uid="125252" lat="48.5574722" lon="0.3068041"/>
 <node id="2066389485" visible="true" version="1" changeset="14271008" timestamp="2012-12-14T13:01:48Z" user="BrunoC" uid="125252" lat="48.5575468" lon="0.3074515"/>
 <node id="2066389486" visible="true" version="1" changeset="14271008" timestamp="2012-12-14T13:01:49Z" user="BrunoC" uid="125252" lat="48.5575501" lon="0.3072248"/>
 <node id="2066389487" visible="true" version="1" changeset="14271008" timestamp="2012-12-14T13:01:49Z" user="BrunoC" uid="125252" lat="48.5575675" lon="0.3077941"/>
 <node id="2066389488" visible="true" version="1" changeset="14271008" timestamp="2012-12-14T13:01:49Z" user="BrunoC" uid="125252" lat="48.5575884" lon="0.3063865"/>
 <node id="2066389489" visible="true" version="1" changeset="14271008" timestamp="2012-12-14T13:01:49Z" user="BrunoC" uid="125252" lat="48.5575925" lon="0.3044461"/>
 <node id="2066389490" visible="true" version="1" changeset="14271008" timestamp="2012-12-14T13:01:49Z" user="BrunoC" uid="125252" lat="48.5575951" lon="0.3040514"/>
 <node id="2066389491" visible="true" version="1" changeset="14271008" timestamp="2012-12-14T13:01:49Z" user="BrunoC" uid="125252" lat="48.5575990" lon="0.3076540"/>
 <node id="2066389492" visible="true" version="1" changeset="14271008" timestamp="2012-12-14T13:01:49Z" user="BrunoC" uid="125252" lat="48.5576422" lon="0.3051895"/>
 <node id="2066389493" visible="true" version="1" changeset="14271008" timestamp="2012-12-14T13:01:49Z" user="BrunoC" uid="125252" lat="48.5576689" lon="0.2816204"/>
 <node id="2066389494" visible="true" version="1" changeset="14271008" timestamp="2012-12-14T13:01:49Z" user="BrunoC" uid="125252" lat="48.5576909" lon="0.3084541"/>
 <node id="2066389495" visible="true" version="1" changeset="14271008" timestamp="2012-12-14T13:01:49Z" user="BrunoC" uid="125252" lat="48.5577096" lon="0.3034000"/>
 <node id="2066389496" visible="true" version="1" changeset="14271008" timestamp="2012-12-14T13:01:49Z" user="BrunoC" uid="125252" lat="48.5577112" lon="0.3086433"/>
 <node id="2066389497" visible="true" version="1" changeset="14271008" timestamp="2012-12-14T13:01:49Z" user="BrunoC" uid="125252" lat="48.5577744" lon="0.2818207"/>
 <node id="2066389498" visible="true" version="1" changeset="14271008" timestamp="2012-12-14T13:01:49Z" user="BrunoC" uid="125252" lat="48.5577931" lon="0.3087460"/>
 <node id="2066389499" visible="true" version="1" changeset="14271008" timestamp="2012-12-14T13:01:49Z" user="BrunoC" uid="125252" lat="48.5578145" lon="0.2824292"/>
 <node id="2066389500" visible="true" version="1" changeset="14271008" timestamp="2012-12-14T13:01:49Z" user="BrunoC" uid="125252" lat="48.5578191" lon="0.2820125"/>
 <node id="2066389501" visible="true" version="1" changeset="14271008" timestamp="2012-12-14T13:01:49Z" user="BrunoC" uid="125252" lat="48.5578306" lon="0.2822459"/>
 <node id="2066389502" visible="true" version="1" changeset="14271008" timestamp="2012-12-14T13:01:49Z" user="BrunoC" uid="125252" lat="48.5578319" lon="0.3090148"/>
 <node id="2066389503" visible="true" version="1" changeset="14271008" timestamp="2012-12-14T13:01:49Z" user="BrunoC" uid="125252" lat="48.5578705" lon="0.3027686"/>
 <node id="2066389504" visible="true" version="1" changeset="14271008" timestamp="2012-12-14T13:01:49Z" user="BrunoC" uid="125252" lat="48.5579033" lon="0.3092092"/>
 <node id="2066389505" visible="true" version="1" changeset="14271008" timestamp="2012-12-14T13:01:49Z" user="BrunoC" uid="125252" lat="48.5579875" lon="0.3094433"/>
 <node id="2066389506" visible="true" version="1" changeset="14271008" timestamp="2012-12-14T13:01:49Z" user="BrunoC" uid="125252" lat="48.5580335" lon="0.3095730"/>
 <node id="2066389507" visible="true" version="1" changeset="14271008" timestamp="2012-12-14T13:01:49Z" user="BrunoC" uid="125252" lat="48.5581328" lon="0.3097041"/>
 <node id="2066389508" visible="true" version="1" changeset="14271008" timestamp="2012-12-14T13:01:49Z" user="BrunoC" uid="125252" lat="48.5581682" lon="0.3096479"/>
 <node id="2066389509" visible="true" version="1" changeset="14271008" timestamp="2012-12-14T13:01:49Z" user="BrunoC" uid="125252" lat="48.5582035" lon="0.2831441"/>
 <node id="2066389510" visible="true" version="1" changeset="14271008" timestamp="2012-12-14T13:01:49Z" user="BrunoC" uid="125252" lat="48.5582490" lon="0.3099625"/>
 <node id="2066389511" visible="true" version="1" changeset="14271008" timestamp="2012-12-14T13:01:49Z" user="BrunoC" uid="125252" lat="48.5583075" lon="0.2825953"/>
 <node id="2066389512" visible="true" version="1" changeset="14271008" timestamp="2012-12-14T13:01:49Z" user="BrunoC" uid="125252" lat="48.5583251" lon="0.2975578"/>
 <node id="2066389513" visible="true" version="1" changeset="14271008" timestamp="2012-12-14T13:01:49Z" user="BrunoC" uid="125252" lat="48.5583446" lon="0.3009369"/>
 <node id="2066389514" visible="true" version="1" changeset="14271008" timestamp="2012-12-14T13:01:49Z" user="BrunoC" uid="125252" lat="48.5583559" lon="0.2976515"/>
 <node id="2066389515" visible="true" version="1" changeset="14271008" timestamp="2012-12-14T13:01:49Z" user="BrunoC" uid="125252" lat="48.5583942" lon="0.3009970"/>
 <node id="2066389516" visible="true" version="1" changeset="14271008" timestamp="2012-12-14T13:01:49Z" user="BrunoC" uid="125252" lat="48.5583974" lon="0.3103913"/>
 <node id="2066389518" visible="true" version="1" changeset="14271008" timestamp="2012-12-14T13:01:49Z" user="BrunoC" uid="125252" lat="48.5584140" lon="0.2976455"/>
 <node id="2066389519" visible="true" version="1" changeset="14271008" timestamp="2012-12-14T13:01:49Z" user="BrunoC" uid="125252" lat="48.5584308" lon="0.2966875"/>
 <node id="2066389521" visible="true" version="1" changeset="14271008" timestamp="2012-12-14T13:01:49Z" user="BrunoC" uid="125252" lat="48.5584473" lon="0.2963908"/>
 <node id="2066389523" visible="true" version="1" changeset="14271008" timestamp="2012-12-14T13:01:49Z" user="BrunoC" uid="125252" lat="48.5584707" lon="0.2976944"/>
 <node id="2066389525" visible="true" version="1" changeset="14271008" timestamp="2012-12-14T13:01:49Z" user="BrunoC" uid="125252" lat="48.5585030" lon="0.3005761"/>
 <node id="2066389527" visible="true" version="1" changeset="14271008" timestamp="2012-12-14T13:01:49Z" user="BrunoC" uid="125252" lat="48.5585483" lon="0.2976912"/>
 <node id="2066389529" visible="true" version="1" changeset="14271008" timestamp="2012-12-14T13:01:49Z" user="BrunoC" uid="125252" lat="48.5585581" lon="0.3010744"/>
 <node id="2066389533" visible="true" version="1" changeset="14271008" timestamp="2012-12-14T13:01:49Z" user="BrunoC" uid="125252" lat="48.5585932" lon="0.2957381"/>
 <node id="2066389535" visible="true" version="1" changeset="14271008" timestamp="2012-12-14T13:01:49Z" user="BrunoC" uid="125252" lat="48.5586696" lon="0.3013403"/>
 <node id="2066389537" visible="true" version="1" changeset="14271008" timestamp="2012-12-14T13:01:49Z" user="BrunoC" uid="125252" lat="48.5586738" lon="0.3011720"/>
 <node id="2066389538" visible="true" version="1" changeset="14271008" timestamp="2012-12-14T13:01:49Z" user="BrunoC" uid="125252" lat="48.5587367" lon="0.2999453"/>
 <node id="2066389539" visible="true" version="1" changeset="14271008" timestamp="2012-12-14T13:01:49Z" user="BrunoC" uid="125252" lat="48.5587432" lon="0.2977381"/>
 <node id="2066389540" visible="true" version="1" changeset="14271008" timestamp="2012-12-14T13:01:49Z" user="BrunoC" uid="125252" lat="48.5587570" lon="0.2981065"/>
 <node id="2066389541" visible="true" version="1" changeset="14271008" timestamp="2012-12-14T13:01:50Z" user="BrunoC" uid="125252" lat="48.5587692" lon="0.2951390"/>
 <node id="2066389542" visible="true" version="1" changeset="14271008" timestamp="2012-12-14T13:01:50Z" user="BrunoC" uid="125252" lat="48.5587785" lon="0.2986245"/>
 <node id="2066389543" visible="true" version="1" changeset="14271008" timestamp="2012-12-14T13:01:50Z" user="BrunoC" uid="125252" lat="48.5587936" lon="0.2982512"/>
 <node id="2066389544" visible="true" version="1" changeset="14271008" timestamp="2012-12-14T13:01:50Z" user="BrunoC" uid="125252" lat="48.5588272" lon="0.2989039"/>
 <node id="2066389545" visible="true" version="1" changeset="14271008" timestamp="2012-12-14T13:01:50Z" user="BrunoC" uid="125252" lat="48.5588597" lon="0.2995019"/>
 <node id="2066389546" visible="true" version="1" changeset="14271008" timestamp="2012-12-14T13:01:50Z" user="BrunoC" uid="125252" lat="48.5588686" lon="0.2853201"/>
 <node id="2066389547" visible="true" version="1" changeset="14271008" timestamp="2012-12-14T13:01:50Z" user="BrunoC" uid="125252" lat="48.5588856" lon="0.2990514"/>
 <node id="2066389548" visible="true" version="1" changeset="14271008" timestamp="2012-12-14T13:01:50Z" user="BrunoC" uid="125252" lat="48.5589632" lon="0.2854551"/>
 <node id="2066389549" visible="true" version="1" changeset="14271008" timestamp="2012-12-14T13:01:50Z" user="BrunoC" uid="125252" lat="48.5589797" lon="0.2848881"/>
 <node id="2066389550" visible="true" version="1" changeset="14271008" timestamp="2012-12-14T13:01:50Z" user="BrunoC" uid="125252" lat="48.5589859" lon="0.2951849"/>
 <node id="2066389551" visible="true" version="1" changeset="14271008" timestamp="2012-12-14T13:01:50Z" user="BrunoC" uid="125252" lat="48.5590023" lon="0.2946142"/>
 <node id="2066389552" visible="true" version="1" changeset="14271008" timestamp="2012-12-14T13:01:50Z" user="BrunoC" uid="125252" lat="48.5590403" lon="0.2944336"/>
 <node id="2066389553" visible="true" version="1" changeset="14271008" timestamp="2012-12-14T13:01:50Z" user="BrunoC" uid="125252" lat="48.5590479" lon="0.2940460"/>
 <node id="2066389554" visible="true" version="1" changeset="14271008" timestamp="2012-12-14T13:01:50Z" user="BrunoC" uid="125252" lat="48.5591200" lon="0.2929322"/>
 <node id="2066389555" visible="true" version="1" changeset="14271008" timestamp="2012-12-14T13:01:50Z" user="BrunoC" uid="125252" lat="48.5591261" lon="0.2925994"/>
 <node id="2066389556" visible="true" version="1" changeset="14271008" timestamp="2012-12-14T13:01:50Z" user="BrunoC" uid="125252" lat="48.5591283" lon="0.2939331"/>
 <node id="2066389557" visible="true" version="1" changeset="14271008" timestamp="2012-12-14T13:01:50Z" user="BrunoC" uid="125252" lat="48.5591407" lon="0.2844028"/>
 <node id="2066389558" visible="true" version="1" changeset="14271008" timestamp="2012-12-14T13:01:50Z" user="BrunoC" uid="125252" lat="48.5591560" lon="0.2926457"/>
 <node id="2066389559" visible="true" version="1" changeset="14271008" timestamp="2012-12-14T13:01:50Z" user="BrunoC" uid="125252" lat="48.5591651" lon="0.2932848"/>
 <node id="2066389560" visible="true" version="1" changeset="14271008" timestamp="2012-12-14T13:01:50Z" user="BrunoC" uid="125252" lat="48.5591819" lon="0.2919248"/>
 <node id="2066389561" visible="true" version="1" changeset="14271008" timestamp="2012-12-14T13:01:50Z" user="BrunoC" uid="125252" lat="48.5592053" lon="0.2858325"/>
 <node id="2066389562" visible="true" version="1" changeset="14271008" timestamp="2012-12-14T13:01:50Z" user="BrunoC" uid="125252" lat="48.5592071" lon="0.2840529"/>
 <node id="2066389563" visible="true" version="1" changeset="14271008" timestamp="2012-12-14T13:01:50Z" user="BrunoC" uid="125252" lat="48.5592217" lon="0.2914408"/>
 <node id="2066389564" visible="true" version="1" changeset="14271008" timestamp="2012-12-14T13:01:50Z" user="BrunoC" uid="125252" lat="48.5592790" lon="0.2837357"/>
 <node id="2066389565" visible="true" version="1" changeset="14271008" timestamp="2012-12-14T13:01:50Z" user="BrunoC" uid="125252" lat="48.5593380" lon="0.2904933"/>
 <node id="2066389566" visible="true" version="1" changeset="14271008" timestamp="2012-12-14T13:01:50Z" user="BrunoC" uid="125252" lat="48.5593846" lon="0.2897168"/>
 <node id="2066389567" visible="true" version="1" changeset="14271008" timestamp="2012-12-14T13:01:50Z" user="BrunoC" uid="125252" lat="48.5594201" lon="0.2892622"/>
 <node id="2066389568" visible="true" version="1" changeset="14271008" timestamp="2012-12-14T13:01:50Z" user="BrunoC" uid="125252" lat="48.5594333" lon="0.2862324"/>
 <node id="2066389569" visible="true" version="1" changeset="14271008" timestamp="2012-12-14T13:01:50Z" user="BrunoC" uid="125252" lat="48.5594946" lon="0.2888243"/>
 <node id="2066389570" visible="true" version="1" changeset="14271008" timestamp="2012-12-14T13:01:50Z" user="BrunoC" uid="125252" lat="48.5596336" lon="0.2867139"/>
 <node id="2066389571" visible="true" version="1" changeset="14271008" timestamp="2012-12-14T13:01:50Z" user="BrunoC" uid="125252" lat="48.5596370" lon="0.2885152"/>
 <node id="2066389572" visible="true" version="1" changeset="14271008" timestamp="2012-12-14T13:01:50Z" user="BrunoC" uid="125252" lat="48.5598203" lon="0.2881861"/>
 <node id="2066389573" visible="true" version="1" changeset="14271008" timestamp="2012-12-14T13:01:50Z" user="BrunoC" uid="125252" lat="48.5598600" lon="0.2874281"/>
 <node id="2066389574" visible="true" version="1" changeset="14271008" timestamp="2012-12-14T13:01:50Z" user="BrunoC" uid="125252" lat="48.5599439" lon="0.2880458"/>
 <node id="2066389575" visible="true" version="1" changeset="14271008" timestamp="2012-12-14T13:01:50Z" user="BrunoC" uid="125252" lat="48.5600163" lon="0.2877579"/>
 <node id="2066389576" visible="true" version="1" changeset="14271008" timestamp="2012-12-14T13:01:50Z" user="BrunoC" uid="125252" lat="48.5600466" lon="0.2879576"/>
 <node id="2213617310" visible="true" version="1" changeset="15447806" timestamp="2013-03-21T20:39:05Z" user="OxStOnE" uid="855437" lat="48.5518274" lon="0.2898504"/>
 <node id="2213721891" visible="true" version="1" changeset="15448398" timestamp="2013-03-21T21:26:48Z" user="OxStOnE" uid="855437" lat="48.5518761" lon="0.2894483"/>
 <node id="2213721892" visible="true" version="1" changeset="15448398" timestamp="2013-03-21T21:26:48Z" user="OxStOnE" uid="855437" lat="48.5519571" lon="0.2890652"/>
 <node id="2213721893" visible="true" version="1" changeset="15448398" timestamp="2013-03-21T21:26:48Z" user="OxStOnE" uid="855437" lat="48.5522107" lon="0.2882581"/>
 <node id="2213721894" visible="true" version="1" changeset="15448398" timestamp="2013-03-21T21:26:48Z" user="OxStOnE" uid="855437" lat="48.5525615" lon="0.2873125"/>
 <node id="2213721895" visible="true" version="1" changeset="15448398" timestamp="2013-03-21T21:26:48Z" user="OxStOnE" uid="855437" lat="48.5532018" lon="0.2856757"/>
 <node id="2213721896" visible="true" version="1" changeset="15448398" timestamp="2013-03-21T21:26:48Z" user="OxStOnE" uid="855437" lat="48.5532117" lon="0.2856494"/>
 <node id="2213721897" visible="true" version="1" changeset="15448398" timestamp="2013-03-21T21:26:48Z" user="OxStOnE" uid="855437" lat="48.5534141" lon="0.2849850"/>
 <node id="2213721898" visible="true" version="1" changeset="15448398" timestamp="2013-03-21T21:26:48Z" user="OxStOnE" uid="855437" lat="48.5536083" lon="0.2842635"/>
 <node id="2213721900" visible="true" version="1" changeset="15448398" timestamp="2013-03-21T21:26:48Z" user="OxStOnE" uid="855437" lat="48.5538808" lon="0.2830325"/>
 <node id="2213721901" visible="true" version="1" changeset="15448398" timestamp="2013-03-21T21:26:48Z" user="OxStOnE" uid="855437" lat="48.5540292" lon="0.2823722"/>
 <node id="2213721903" visible="true" version="1" changeset="15448398" timestamp="2013-03-21T21:26:48Z" user="OxStOnE" uid="855437" lat="48.5541749" lon="0.2816996"/>
 <node id="2213721905" visible="true" version="1" changeset="15448398" timestamp="2013-03-21T21:26:48Z" user="OxStOnE" uid="855437" lat="48.5544312" lon="0.2806765"/>
 <node id="2213721908" visible="true" version="1" changeset="15448398" timestamp="2013-03-21T21:26:48Z" user="OxStOnE" uid="855437" lat="48.5546255" lon="0.2801589"/>
 <node id="2213721910" visible="true" version="1" changeset="15448398" timestamp="2013-03-21T21:26:48Z" user="OxStOnE" uid="855437" lat="48.5547577" lon="0.2797553"/>
 <node id="2213721913" visible="true" version="1" changeset="15448398" timestamp="2013-03-21T21:26:48Z" user="OxStOnE" uid="855437" lat="48.5552055" lon="0.2781575"/>
 <node id="2213721917" visible="true" version="1" changeset="15448398" timestamp="2013-03-21T21:26:48Z" user="OxStOnE" uid="855437" lat="48.5560959" lon="0.2752716"/>
 <node id="2213721918" visible="true" version="1" changeset="15448398" timestamp="2013-03-21T21:26:48Z" user="OxStOnE" uid="855437" lat="48.5563306" lon="0.2746153"/>
 <node id="2213721925" visible="true" version="1" changeset="15448398" timestamp="2013-03-21T21:26:48Z" user="OxStOnE" uid="855437" lat="48.5565329" lon="0.2740977"/>
 <node id="2213721926" visible="true" version="1" changeset="15448398" timestamp="2013-03-21T21:26:48Z" user="OxStOnE" uid="855437" lat="48.5567191" lon="0.2735841"/>
 <node id="2213721927" visible="true" version="1" changeset="15448398" timestamp="2013-03-21T21:26:48Z" user="OxStOnE" uid="855437" lat="48.5567730" lon="0.2733028"/>
 <node id="2213721928" visible="true" version="1" changeset="15448398" timestamp="2013-03-21T21:26:48Z" user="OxStOnE" uid="855437" lat="48.5568675" lon="0.2721534"/>
 <node id="2213721929" visible="true" version="1" changeset="15448398" timestamp="2013-03-21T21:26:48Z" user="OxStOnE" uid="855437" lat="48.5569025" lon="0.2715990"/>
 <node id="2213721930" visible="true" version="1" changeset="15448398" timestamp="2013-03-21T21:26:48Z" user="OxStOnE" uid="855437" lat="48.5570185" lon="0.2708898"/>
 <node id="2213721931" visible="true" version="2" changeset="130112669" timestamp="2022-12-15T12:16:15Z" user="vinc44" uid="1060302" lat="48.5571149" lon="0.2706347"/>
 <node id="2213721932" visible="true" version="1" changeset="15448398" timestamp="2013-03-21T21:26:49Z" user="OxStOnE" uid="855437" lat="48.5575359" lon="0.2705957"/>
 <node id="2213721933" visible="true" version="1" changeset="15448398" timestamp="2013-03-21T21:26:49Z" user="OxStOnE" uid="855437" lat="48.5578297" lon="0.2708205"/>
 <node id="2213721937" visible="true" version="2" changeset="54488077" timestamp="2017-12-09T14:51:37Z" user="françoish" uid="2515412" lat="48.5584161" lon="0.2711780"/>
 <node id="2223074798" visible="true" version="1" changeset="15495622" timestamp="2013-03-25T19:48:24Z" user="OxStOnE" uid="855437" lat="48.5431682" lon="0.2683298"/>
 <node id="2223074816" visible="true" version="1" changeset="15495622" timestamp="2013-03-25T19:48:25Z" user="OxStOnE" uid="855437" lat="48.5432636" lon="0.2689827"/>
 <node id="2223074951" visible="true" version="1" changeset="15495622" timestamp="2013-03-25T19:48:25Z" user="OxStOnE" uid="855437" lat="48.5441180" lon="0.2575232"/>
 <node id="2223074976" visible="true" version="1" changeset="15495622" timestamp="2013-03-25T19:48:26Z" user="OxStOnE" uid="855437" lat="48.5445986" lon="0.2587831"/>
 <node id="2223075026" visible="true" version="1" changeset="15495622" timestamp="2013-03-25T19:48:26Z" user="OxStOnE" uid="855437" lat="48.5450639" lon="0.2597088"/>
 <node id="2223075057" visible="true" version="1" changeset="15495622" timestamp="2013-03-25T19:48:26Z" user="OxStOnE" uid="855437" lat="48.5453869" lon="0.2602580"/>
 <node id="2223075089" visible="true" version="1" changeset="15495622" timestamp="2013-03-25T19:48:26Z" user="OxStOnE" uid="855437" lat="48.5459717" lon="0.2611683"/>
 <node id="2223075180" visible="true" version="1" changeset="15495622" timestamp="2013-03-25T19:48:27Z" user="OxStOnE" uid="855437" lat="48.5461904" lon="0.2614410"/>
 <node id="2223075204" visible="true" version="1" changeset="15495622" timestamp="2013-03-25T19:48:27Z" user="OxStOnE" uid="855437" lat="48.5464752" lon="0.2617714"/>
 <node id="2223075242" visible="true" version="1" changeset="15495622" timestamp="2013-03-25T19:48:27Z" user="OxStOnE" uid="855437" lat="48.5468922" lon="0.2622323"/>
 <node id="2223075258" visible="true" version="1" changeset="15495622" timestamp="2013-03-25T19:48:28Z" user="OxStOnE" uid="855437" lat="48.5471262" lon="0.2624551"/>
 <node id="2223075272" visible="true" version="1" changeset="15495622" timestamp="2013-03-25T19:48:28Z" user="OxStOnE" uid="855437" lat="48.5474389" lon="0.2627316"/>
 <node id="2223075324" visible="true" version="1" changeset="15495622" timestamp="2013-03-25T19:48:28Z" user="OxStOnE" uid="855437" lat="48.5487077" lon="0.2637226"/>
 <node id="2223075393" visible="true" version="1" changeset="15495622" timestamp="2013-03-25T19:48:29Z" user="OxStOnE" uid="855437" lat="48.5514078" lon="0.2758350"/>
 <node id="2223075395" visible="true" version="1" changeset="15495622" timestamp="2013-03-25T19:48:29Z" user="OxStOnE" uid="855437" lat="48.5514129" lon="0.2757082"/>
 <node id="2223075411" visible="true" version="1" changeset="15495622" timestamp="2013-03-25T19:48:29Z" user="OxStOnE" uid="855437" lat="48.5514549" lon="0.2759656"/>
 <node id="2223075414" visible="true" version="1" changeset="15495622" timestamp="2013-03-25T19:48:29Z" user="OxStOnE" uid="855437" lat="48.5514867" lon="0.2747384"/>
 <node id="2223075417" visible="true" version="1" changeset="15495622" timestamp="2013-03-25T19:48:29Z" user="OxStOnE" uid="855437" lat="48.5515146" lon="0.2746155"/>
 <node id="2223075423" visible="true" version="1" changeset="15495622" timestamp="2013-03-25T19:48:29Z" user="OxStOnE" uid="855437" lat="48.5515375" lon="0.2760386"/>
 <node id="2223075427" visible="true" version="1" changeset="15495622" timestamp="2013-03-25T19:48:29Z" user="OxStOnE" uid="855437" lat="48.5515413" lon="0.2746020"/>
 <node id="2223075432" visible="true" version="1" changeset="15495622" timestamp="2013-03-25T19:48:29Z" user="OxStOnE" uid="855437" lat="48.5515998" lon="0.2760366"/>
 <node id="2223075436" visible="true" version="1" changeset="15495622" timestamp="2013-03-25T19:48:29Z" user="OxStOnE" uid="855437" lat="48.5516379" lon="0.2746212"/>
 <node id="2223075441" visible="true" version="1" changeset="15495622" timestamp="2013-03-25T19:48:29Z" user="OxStOnE" uid="855437" lat="48.5516405" lon="0.2760097"/>
 <node id="2223075444" visible="true" version="1" changeset="15495622" timestamp="2013-03-25T19:48:29Z" user="OxStOnE" uid="855437" lat="48.5517193" lon="0.2752166"/>
 <node id="2223075453" visible="true" version="1" changeset="15495622" timestamp="2013-03-25T19:48:29Z" user="OxStOnE" uid="855437" lat="48.5517600" lon="0.2750956"/>
 <node id="2223075455" visible="true" version="1" changeset="15495622" timestamp="2013-03-25T19:48:29Z" user="OxStOnE" uid="855437" lat="48.5517613" lon="0.2754182"/>
 <node id="2223075462" visible="true" version="1" changeset="15495622" timestamp="2013-03-25T19:48:29Z" user="OxStOnE" uid="855437" lat="48.5517867" lon="0.2755104"/>
 <node id="2223075470" visible="true" version="1" changeset="15495622" timestamp="2013-03-25T19:48:29Z" user="OxStOnE" uid="855437" lat="48.5517981" lon="0.2756007"/>
 <node id="2223075479" visible="true" version="1" changeset="15495622" timestamp="2013-03-25T19:48:29Z" user="OxStOnE" uid="855437" lat="48.5518058" lon="0.2747441"/>
 <node id="2223075497" visible="true" version="1" changeset="15495622" timestamp="2013-03-25T19:48:29Z" user="OxStOnE" uid="855437" lat="48.5520130" lon="0.2750341"/>
 <node id="2223075504" visible="true" version="1" changeset="15495622" timestamp="2013-03-25T19:48:29Z" user="OxStOnE" uid="855437" lat="48.5523562" lon="0.2754720"/>
 <node id="2223075507" visible="true" version="1" changeset="15495622" timestamp="2013-03-25T19:48:29Z" user="OxStOnE" uid="855437" lat="48.5523626" lon="0.2753971"/>
 <node id="2223075510" visible="true" version="1" changeset="15495622" timestamp="2013-03-25T19:48:29Z" user="OxStOnE" uid="855437" lat="48.5523982" lon="0.2755892"/>
 <node id="2223075514" visible="true" version="1" changeset="15495622" timestamp="2013-03-25T19:48:29Z" user="OxStOnE" uid="855437" lat="48.5524121" lon="0.2748517"/>
 <node id="2223075517" visible="true" version="1" changeset="15495622" timestamp="2013-03-25T19:48:29Z" user="OxStOnE" uid="855437" lat="48.5524147" lon="0.2747595"/>
 <node id="2223075532" visible="true" version="1" changeset="15495622" timestamp="2013-03-25T19:48:29Z" user="OxStOnE" uid="855437" lat="48.5524172" lon="0.2752953"/>
 <node id="2223075535" visible="true" version="1" changeset="15495622" timestamp="2013-03-25T19:48:29Z" user="OxStOnE" uid="855437" lat="48.5524325" lon="0.2749151"/>
 <node id="2223075541" visible="true" version="1" changeset="15495622" timestamp="2013-03-25T19:48:29Z" user="OxStOnE" uid="855437" lat="48.5524439" lon="0.2756103"/>
 <node id="2223075549" visible="true" version="1" changeset="15495622" timestamp="2013-03-25T19:48:30Z" user="OxStOnE" uid="855437" lat="48.5525939" lon="0.2734804"/>
 <node id="2223075552" visible="true" version="1" changeset="15495622" timestamp="2013-03-25T19:48:30Z" user="OxStOnE" uid="855437" lat="48.5525965" lon="0.2736590"/>
 <node id="2223075555" visible="true" version="1" changeset="15495622" timestamp="2013-03-25T19:48:30Z" user="OxStOnE" uid="855437" lat="48.5526066" lon="0.2746443"/>
 <node id="2223075557" visible="true" version="1" changeset="15495622" timestamp="2013-03-25T19:48:30Z" user="OxStOnE" uid="855437" lat="48.5526092" lon="0.2737167"/>
 <node id="2223075560" visible="true" version="1" changeset="15495622" timestamp="2013-03-25T19:48:30Z" user="OxStOnE" uid="855437" lat="48.5526130" lon="0.2734094"/>
 <node id="2223075563" visible="true" version="1" changeset="15495622" timestamp="2013-03-25T19:48:30Z" user="OxStOnE" uid="855437" lat="48.5526422" lon="0.2752492"/>
 <node id="2223075566" visible="true" version="1" changeset="15495622" timestamp="2013-03-25T19:48:30Z" user="OxStOnE" uid="855437" lat="48.5526702" lon="0.2733018"/>
 <node id="2223075570" visible="true" version="1" changeset="15495622" timestamp="2013-03-25T19:48:30Z" user="OxStOnE" uid="855437" lat="48.5527020" lon="0.2745982"/>
 <node id="2223075573" visible="true" version="1" changeset="15495622" timestamp="2013-03-25T19:48:30Z" user="OxStOnE" uid="855437" lat="48.5527160" lon="0.2732557"/>
 <node id="2223075576" visible="true" version="1" changeset="15495622" timestamp="2013-03-25T19:48:30Z" user="OxStOnE" uid="855437" lat="48.5527300" lon="0.2749131"/>
 <node id="2223075580" visible="true" version="1" changeset="15495622" timestamp="2013-03-25T19:48:30Z" user="OxStOnE" uid="855437" lat="48.5527732" lon="0.2738972"/>
 <node id="2223075584" visible="true" version="1" changeset="15495622" timestamp="2013-03-25T19:48:30Z" user="OxStOnE" uid="855437" lat="48.5528317" lon="0.2738684"/>
 <node id="2223075587" visible="true" version="1" changeset="15495622" timestamp="2013-03-25T19:48:30Z" user="OxStOnE" uid="855437" lat="48.5528736" lon="0.2744561"/>
 <node id="2223075590" visible="true" version="1" changeset="15495622" timestamp="2013-03-25T19:48:30Z" user="OxStOnE" uid="855437" lat="48.5528978" lon="0.2752051"/>
 <node id="2223075593" visible="true" version="1" changeset="15495622" timestamp="2013-03-25T19:48:30Z" user="OxStOnE" uid="855437" lat="48.5529435" lon="0.2737378"/>
 <node id="2223075596" visible="true" version="1" changeset="15495622" timestamp="2013-03-25T19:48:30Z" user="OxStOnE" uid="855437" lat="48.5530325" lon="0.2742371"/>
 <node id="2223075599" visible="true" version="1" changeset="15495622" timestamp="2013-03-25T19:48:30Z" user="OxStOnE" uid="855437" lat="48.5530350" lon="0.2751628"/>
 <node id="2223075602" visible="true" version="1" changeset="15495622" timestamp="2013-03-25T19:48:30Z" user="OxStOnE" uid="855437" lat="48.5530516" lon="0.2736975"/>
 <node id="2223075607" visible="true" version="1" changeset="15495622" timestamp="2013-03-25T19:48:30Z" user="OxStOnE" uid="855437" lat="48.5530732" lon="0.2746865"/>
 <node id="2223075609" visible="true" version="1" changeset="15495622" timestamp="2013-03-25T19:48:30Z" user="OxStOnE" uid="855437" lat="48.5530846" lon="0.2741257"/>
 <node id="2223075611" visible="true" version="1" changeset="15495622" timestamp="2013-03-25T19:48:30Z" user="OxStOnE" uid="855437" lat="48.5531202" lon="0.2750495"/>
 <node id="2223075614" visible="true" version="1" changeset="15495622" timestamp="2013-03-25T19:48:30Z" user="OxStOnE" uid="855437" lat="48.5531228" lon="0.2730560"/>
 <node id="2223075616" visible="true" version="1" changeset="15495622" timestamp="2013-03-25T19:48:30Z" user="OxStOnE" uid="855437" lat="48.5531367" lon="0.2738165"/>
 <node id="2223075620" visible="true" version="1" changeset="15495622" timestamp="2013-03-25T19:48:30Z" user="OxStOnE" uid="855437" lat="48.5531495" lon="0.2739106"/>
 <node id="2223075622" visible="true" version="1" changeset="15495622" timestamp="2013-03-25T19:48:30Z" user="OxStOnE" uid="855437" lat="48.5531660" lon="0.2747000"/>
 <node id="2223075624" visible="true" version="1" changeset="15495622" timestamp="2013-03-25T19:48:30Z" user="OxStOnE" uid="855437" lat="48.5531685" lon="0.2749880"/>
 <node id="2223075626" visible="true" version="1" changeset="15495622" timestamp="2013-03-25T19:48:30Z" user="OxStOnE" uid="855437" lat="48.5531904" lon="0.2857060"/>
 <node id="2223075639" visible="true" version="1" changeset="15495622" timestamp="2013-03-25T19:48:30Z" user="OxStOnE" uid="855437" lat="48.5532156" lon="0.2730464"/>
 <node id="2223075642" visible="true" version="1" changeset="15495622" timestamp="2013-03-25T19:48:30Z" user="OxStOnE" uid="855437" lat="48.5532181" lon="0.2748709"/>
 <node id="2223075645" visible="true" version="1" changeset="15495622" timestamp="2013-03-25T19:48:30Z" user="OxStOnE" uid="855437" lat="48.5532194" lon="0.2747902"/>
 <node id="2223075649" visible="true" version="1" changeset="15495622" timestamp="2013-03-25T19:48:30Z" user="OxStOnE" uid="855437" lat="48.5532334" lon="0.2756794"/>
 <node id="2223075652" visible="true" version="1" changeset="15495622" timestamp="2013-03-25T19:48:30Z" user="OxStOnE" uid="855437" lat="48.5532880" lon="0.2730675"/>
 <node id="2223075655" visible="true" version="1" changeset="15495622" timestamp="2013-03-25T19:48:30Z" user="OxStOnE" uid="855437" lat="48.5533872" lon="0.2731732"/>
 <node id="2223075658" visible="true" version="1" changeset="15495622" timestamp="2013-03-25T19:48:30Z" user="OxStOnE" uid="855437" lat="48.5534228" lon="0.2756410"/>
 <node id="2223075661" visible="true" version="1" changeset="15495622" timestamp="2013-03-25T19:48:30Z" user="OxStOnE" uid="855437" lat="48.5534253" lon="0.2732500"/>
 <node id="2223075665" visible="true" version="1" changeset="15495622" timestamp="2013-03-25T19:48:30Z" user="OxStOnE" uid="855437" lat="48.5534571" lon="0.2755796"/>
 <node id="2223075668" visible="true" version="1" changeset="15495622" timestamp="2013-03-25T19:48:30Z" user="OxStOnE" uid="855437" lat="48.5534622" lon="0.2734497"/>
 <node id="2223075671" visible="true" version="1" changeset="15495622" timestamp="2013-03-25T19:48:30Z" user="OxStOnE" uid="855437" lat="48.5534952" lon="0.2754259"/>
 <node id="2223075674" visible="true" version="1" changeset="15495622" timestamp="2013-03-25T19:48:30Z" user="OxStOnE" uid="855437" lat="48.5541310" lon="0.2679439"/>
 <node id="2223075677" visible="true" version="1" changeset="15495622" timestamp="2013-03-25T19:48:30Z" user="OxStOnE" uid="855437" lat="48.5566098" lon="0.2698644"/>
 <node id="2282987424" visible="true" version="1" changeset="15881778" timestamp="2013-04-27T10:27:35Z" user="OxStOnE" uid="855437" lat="48.5448535" lon="0.2570498"/>
 <node id="2282987473" visible="true" version="1" changeset="15881778" timestamp="2013-04-27T10:27:36Z" user="OxStOnE" uid="855437" lat="48.5463886" lon="0.2594821"/>
 <node id="2282987489" visible="true" version="1" changeset="15881778" timestamp="2013-04-27T10:27:36Z" user="OxStOnE" uid="855437" lat="48.5467715" lon="0.2601019"/>
 <node id="2282987502" visible="true" version="1" changeset="15881778" timestamp="2013-04-27T10:27:36Z" user="OxStOnE" uid="855437" lat="48.5469565" lon="0.2605529"/>
 <node id="2282987508" visible="true" version="1" changeset="15881778" timestamp="2013-04-27T10:27:36Z" user="OxStOnE" uid="855437" lat="48.5470115" lon="0.2606055"/>
 <node id="2282987515" visible="true" version="1" changeset="15881778" timestamp="2013-04-27T10:27:36Z" user="OxStOnE" uid="855437" lat="48.5470756" lon="0.2606359"/>
 <node id="2282987528" visible="true" version="1" changeset="15881778" timestamp="2013-04-27T10:27:37Z" user="OxStOnE" uid="855437" lat="48.5471910" lon="0.2606000"/>
 <node id="2283028603" visible="true" version="1" changeset="15882381" timestamp="2013-04-27T11:23:59Z" user="OxStOnE" uid="855437" lat="48.5527188" lon="0.2613719"/>
 <node id="2283028650" visible="true" version="1" changeset="15882381" timestamp="2013-04-27T11:24:00Z" user="OxStOnE" uid="855437" lat="48.5537575" lon="0.2611019"/>
 <node id="2283221907" visible="true" version="1" changeset="15885193" timestamp="2013-04-27T15:38:23Z" user="OxStOnE" uid="855437" lat="48.5571737" lon="0.2697357">
  <tag k="name" v="Le Poteau"/>
  <tag k="place" v="hamlet"/>
 </node>
 <node id="2283221964" visible="true" version="1" changeset="15885193" timestamp="2013-04-27T15:38:24Z" user="OxStOnE" uid="855437" lat="48.5574756" lon="0.2686649"/>
 <node id="2283221970" visible="true" version="1" changeset="15885193" timestamp="2013-04-27T15:38:24Z" user="OxStOnE" uid="855437" lat="48.5575792" lon="0.2672953"/>
 <node id="2283221976" visible="true" version="1" changeset="15885193" timestamp="2013-04-27T15:38:24Z" user="OxStOnE" uid="855437" lat="48.5576595" lon="0.2668335"/>
 <node id="2283221986" visible="true" version="1" changeset="15885193" timestamp="2013-04-27T15:38:24Z" user="OxStOnE" uid="855437" lat="48.5578092" lon="0.2663962"/>
 <node id="2283221990" visible="true" version="1" changeset="15885193" timestamp="2013-04-27T15:38:24Z" user="OxStOnE" uid="855437" lat="48.5579099" lon="0.2661583"/>
 <node id="2283222008" visible="true" version="1" changeset="15885193" timestamp="2013-04-27T15:38:25Z" user="OxStOnE" uid="855437" lat="48.5582854" lon="0.2656519"/>
 <node id="2283222023" visible="true" version="1" changeset="15885193" timestamp="2013-04-27T15:38:25Z" user="OxStOnE" uid="855437" lat="48.5584740" lon="0.2654831"/>
 <node id="2283222048" visible="true" version="1" changeset="15885193" timestamp="2013-04-27T15:38:25Z" user="OxStOnE" uid="855437" lat="48.5588128" lon="0.2652728"/>
 <node id="2283222077" visible="true" version="1" changeset="15885193" timestamp="2013-04-27T15:38:25Z" user="OxStOnE" uid="855437" lat="48.5593476" lon="0.2651483"/>
 <node id="2283222082" visible="true" version="1" changeset="15885193" timestamp="2013-04-27T15:38:26Z" user="OxStOnE" uid="855437" lat="48.5595435" lon="0.2651151"/>
 <node id="2283222096" visible="true" version="1" changeset="15885193" timestamp="2013-04-27T15:38:26Z" user="OxStOnE" uid="855437" lat="48.5598805" lon="0.2649795"/>
 <node id="2283222101" visible="true" version="1" changeset="15885193" timestamp="2013-04-27T15:38:26Z" user="OxStOnE" uid="855437" lat="48.5601735" lon="0.2647969"/>
 <node id="2283222103" visible="true" version="1" changeset="15885193" timestamp="2013-04-27T15:38:26Z" user="OxStOnE" uid="855437" lat="48.5605563" lon="0.2645174"/>
 <node id="2283222105" visible="true" version="1" changeset="15885193" timestamp="2013-04-27T15:38:26Z" user="OxStOnE" uid="855437" lat="48.5608932" lon="0.2642545"/>
 <node id="3616982227" visible="true" version="3" changeset="162483348" timestamp="2025-02-13T22:27:21Z" user="Yaaaaaaaa" uid="14093483" lat="47.7654472" lon="0.8256099"/>
 <node id="4130754189" visible="true" version="7" changeset="152120052" timestamp="2024-06-01T12:53:48Z" user="ObscureAngel" uid="20284227" lat="48.5527990" lon="0.2746901">
  <tag k="addr:street" v="Lieu-dit la Haute Folie"/>
  <tag k="alt_name" v="Circuit Karting Essay"/>
  <tag k="fee" v="yes"/>
  <tag k="leisure" v="sports_centre"/>
  <tag k="name" v="Circuit International de Karting d’Aunay-les-Bois"/>
  <tag k="phone" v="+33 2 33 27 65 87"/>
  <tag k="sport" v="kar;karting"/>
  <tag k="tourism" v="attraction"/>
  <tag k="website" v="https://www.ouest-karting.fr/"/>
 </node>
 <node id="4573629938" visible="true" version="2" changeset="64873105" timestamp="2018-11-25T17:54:04Z" user="Porphyrion" uid="706159" lat="48.5442030" lon="0.2552770"/>
 <node id="4573629939" visible="true" version="1" changeset="44687327" timestamp="2016-12-26T17:46:34Z" user="Kioska Journo" uid="402585" lat="48.5437294" lon="0.2553828"/>
 <node id="4573629960" visible="true" version="2" changeset="65132524" timestamp="2018-12-03T18:49:04Z" user="AmiFritz" uid="172867" lat="48.5572267" lon="0.2702786">
  <tag k="direction" v="forward"/>
  <tag k="highway" v="stop"/>
 </node>
 <node id="4573629961" visible="true" version="2" changeset="65132524" timestamp="2018-12-03T18:49:04Z" user="AmiFritz" uid="172867" lat="48.5572018" lon="0.2703831">
  <tag k="direction" v="backward"/>
  <tag k="highway" v="stop"/>
 </node>
 <node id="4573645085" visible="true" version="1" changeset="44687327" timestamp="2016-12-26T17:47:26Z" user="Kioska Journo" uid="402585" lat="48.5569654" lon="0.2708335"/>
 <node id="4573645086" visible="true" version="1" changeset="44687327" timestamp="2016-12-26T17:47:26Z" user="Kioska Journo" uid="402585" lat="48.5569134" lon="0.2708153"/>
 <node id="4573645087" visible="true" version="1" changeset="44687327" timestamp="2016-12-26T17:47:26Z" user="Kioska Journo" uid="402585" lat="48.5568895" lon="0.2709603"/>
 <node id="4573645088" visible="true" version="1" changeset="44687327" timestamp="2016-12-26T17:47:26Z" user="Kioska Journo" uid="402585" lat="48.5569408" lon="0.2709775"/>
 <node id="4573645089" visible="true" version="1" changeset="44687327" timestamp="2016-12-26T17:47:26Z" user="Kioska Journo" uid="402585" lat="48.5570888" lon="0.2703756"/>
 <node id="4573645090" visible="true" version="1" changeset="44687327" timestamp="2016-12-26T17:47:26Z" user="Kioska Journo" uid="402585" lat="48.5570171" lon="0.2703325"/>
 <node id="4573645091" visible="true" version="1" changeset="44687327" timestamp="2016-12-26T17:47:26Z" user="Kioska Journo" uid="402585" lat="48.5570135" lon="0.2703404"/>
 <node id="4573645092" visible="true" version="1" changeset="44687327" timestamp="2016-12-26T17:47:26Z" user="Kioska Journo" uid="402585" lat="48.5569827" lon="0.2703267"/>
 <node id="4573645093" visible="true" version="1" changeset="44687327" timestamp="2016-12-26T17:47:26Z" user="Kioska Journo" uid="402585" lat="48.5569620" lon="0.2704188"/>
 <node id="4573645094" visible="true" version="1" changeset="44687327" timestamp="2016-12-26T17:47:26Z" user="Kioska Journo" uid="402585" lat="48.5569852" lon="0.2704300"/>
 <node id="4573645095" visible="true" version="1" changeset="44687327" timestamp="2016-12-26T17:47:26Z" user="Kioska Journo" uid="402585" lat="48.5569750" lon="0.2704881"/>
 <node id="4573645096" visible="true" version="1" changeset="44687327" timestamp="2016-12-26T17:47:26Z" user="Kioska Journo" uid="402585" lat="48.5570214" lon="0.2705105"/>
 <node id="4573645097" visible="true" version="1" changeset="44687327" timestamp="2016-12-26T17:47:26Z" user="Kioska Journo" uid="402585" lat="48.5570096" lon="0.2705734"/>
 <node id="4573645098" visible="true" version="1" changeset="44687327" timestamp="2016-12-26T17:47:26Z" user="Kioska Journo" uid="402585" lat="48.5570417" lon="0.2705879"/>
 <node id="4585042049" visible="true" version="1" changeset="44839339" timestamp="2017-01-02T08:26:19Z" user="GeorgeKaplan" uid="1198089" lat="48.5554714" lon="0.2743095"/>
 <node id="4585042050" visible="true" version="1" changeset="44839339" timestamp="2017-01-02T08:26:19Z" user="GeorgeKaplan" uid="1198089" lat="48.5554495" lon="0.2742823"/>
 <node id="4585042051" visible="true" version="1" changeset="44839339" timestamp="2017-01-02T08:26:19Z" user="GeorgeKaplan" uid="1198089" lat="48.5554100" lon="0.2743448"/>
 <node id="4585042052" visible="true" version="1" changeset="44839339" timestamp="2017-01-02T08:26:19Z" user="GeorgeKaplan" uid="1198089" lat="48.5554315" lon="0.2743749"/>
 <node id="4585042073" visible="true" version="1" changeset="44839339" timestamp="2017-01-02T08:26:19Z" user="GeorgeKaplan" uid="1198089" lat="48.5538427" lon="0.2731677"/>
 <node id="4585042074" visible="true" version="1" changeset="44839339" timestamp="2017-01-02T08:26:19Z" user="GeorgeKaplan" uid="1198089" lat="48.5537287" lon="0.2731722"/>
 <node id="4585042075" visible="true" version="1" changeset="44839339" timestamp="2017-01-02T08:26:19Z" user="GeorgeKaplan" uid="1198089" lat="48.5537322" lon="0.2733389"/>
 <node id="4585042076" visible="true" version="1" changeset="44839339" timestamp="2017-01-02T08:26:19Z" user="GeorgeKaplan" uid="1198089" lat="48.5538464" lon="0.2733344"/>
 <node id="4585042077" visible="true" version="1" changeset="44839339" timestamp="2017-01-02T08:26:19Z" user="GeorgeKaplan" uid="1198089" lat="48.5536330" lon="0.2744695"/>
 <node id="4585042078" visible="true" version="1" changeset="44839339" timestamp="2017-01-02T08:26:19Z" user="GeorgeKaplan" uid="1198089" lat="48.5535854" lon="0.2744721"/>
 <node id="4585042079" visible="true" version="1" changeset="44839339" timestamp="2017-01-02T08:26:19Z" user="GeorgeKaplan" uid="1198089" lat="48.5535856" lon="0.2745567"/>
 <node id="4585042080" visible="true" version="1" changeset="44839339" timestamp="2017-01-02T08:26:19Z" user="GeorgeKaplan" uid="1198089" lat="48.5536326" lon="0.2745544"/>
 <node id="4585042081" visible="true" version="1" changeset="44839339" timestamp="2017-01-02T08:26:19Z" user="GeorgeKaplan" uid="1198089" lat="48.5536564" lon="0.2745951"/>
 <node id="4585042082" visible="true" version="1" changeset="44839339" timestamp="2017-01-02T08:26:19Z" user="GeorgeKaplan" uid="1198089" lat="48.5536315" lon="0.2745957"/>
 <node id="4585042083" visible="true" version="1" changeset="44839339" timestamp="2017-01-02T08:26:19Z" user="GeorgeKaplan" uid="1198089" lat="48.5536310" lon="0.2746770"/>
 <node id="4585042084" visible="true" version="1" changeset="44839339" timestamp="2017-01-02T08:26:19Z" user="GeorgeKaplan" uid="1198089" lat="48.5536554" lon="0.2746753"/>
 <node id="4585042085" visible="true" version="1" changeset="44839339" timestamp="2017-01-02T08:26:19Z" user="GeorgeKaplan" uid="1198089" lat="48.5537398" lon="0.2743670"/>
 <node id="4585042086" visible="true" version="1" changeset="44839339" timestamp="2017-01-02T08:26:19Z" user="GeorgeKaplan" uid="1198089" lat="48.5537421" lon="0.2744419"/>
 <node id="4585042087" visible="true" version="1" changeset="44839339" timestamp="2017-01-02T08:26:20Z" user="GeorgeKaplan" uid="1198089" lat="48.5537778" lon="0.2744396"/>
 <node id="4585042088" visible="true" version="1" changeset="44839339" timestamp="2017-01-02T08:26:20Z" user="GeorgeKaplan" uid="1198089" lat="48.5537757" lon="0.2743673"/>
 <node id="4585042089" visible="true" version="1" changeset="44839339" timestamp="2017-01-02T08:26:20Z" user="GeorgeKaplan" uid="1198089" lat="48.5539721" lon="0.2739911"/>
 <node id="4585042090" visible="true" version="1" changeset="44839339" timestamp="2017-01-02T08:26:20Z" user="GeorgeKaplan" uid="1198089" lat="48.5539356" lon="0.2739886"/>
 <node id="4585042091" visible="true" version="1" changeset="44839339" timestamp="2017-01-02T08:26:20Z" user="GeorgeKaplan" uid="1198089" lat="48.5539342" lon="0.2740580"/>
 <node id="4585042092" visible="true" version="1" changeset="44839339" timestamp="2017-01-02T08:26:20Z" user="GeorgeKaplan" uid="1198089" lat="48.5539690" lon="0.2740600"/>
 <node id="4585042093" visible="true" version="1" changeset="44839339" timestamp="2017-01-02T08:26:20Z" user="GeorgeKaplan" uid="1198089" lat="48.5536114" lon="0.2728207"/>
 <node id="4585042094" visible="true" version="1" changeset="44839339" timestamp="2017-01-02T08:26:20Z" user="GeorgeKaplan" uid="1198089" lat="48.5539026" lon="0.2728104"/>
 <node id="4585042095" visible="true" version="1" changeset="44839339" timestamp="2017-01-02T08:26:20Z" user="GeorgeKaplan" uid="1198089" lat="48.5538994" lon="0.2726750"/>
 <node id="4585042096" visible="true" version="1" changeset="44839339" timestamp="2017-01-02T08:26:20Z" user="GeorgeKaplan" uid="1198089" lat="48.5536085" lon="0.2726860"/>
 <node id="4585042097" visible="true" version="1" changeset="44839339" timestamp="2017-01-02T08:26:20Z" user="GeorgeKaplan" uid="1198089" lat="48.5540200" lon="0.2743273"/>
 <node id="4585042098" visible="true" version="1" changeset="44839339" timestamp="2017-01-02T08:26:20Z" user="GeorgeKaplan" uid="1198089" lat="48.5539665" lon="0.2743277"/>
 <node id="4585042099" visible="true" version="1" changeset="44839339" timestamp="2017-01-02T08:26:20Z" user="GeorgeKaplan" uid="1198089" lat="48.5539680" lon="0.2744793"/>
 <node id="4585042100" visible="true" version="1" changeset="44839339" timestamp="2017-01-02T08:26:20Z" user="GeorgeKaplan" uid="1198089" lat="48.5540205" lon="0.2744782"/>
 <node id="4585042101" visible="true" version="1" changeset="44839339" timestamp="2017-01-02T08:26:20Z" user="GeorgeKaplan" uid="1198089" lat="48.5541889" lon="0.2744670"/>
 <node id="4585042102" visible="true" version="1" changeset="44839339" timestamp="2017-01-02T08:26:20Z" user="GeorgeKaplan" uid="1198089" lat="48.5541862" lon="0.2743522"/>
 <node id="4585042103" visible="true" version="1" changeset="44839339" timestamp="2017-01-02T08:26:20Z" user="GeorgeKaplan" uid="1198089" lat="48.5541228" lon="0.2743548"/>
 <node id="4585042104" visible="true" version="1" changeset="44839339" timestamp="2017-01-02T08:26:20Z" user="GeorgeKaplan" uid="1198089" lat="48.5541250" lon="0.2744703"/>
 <node id="4585042748" visible="true" version="1" changeset="44839339" timestamp="2017-01-02T08:26:25Z" user="GeorgeKaplan" uid="1198089" lat="48.5537935" lon="0.2751825"/>
 <node id="4585042749" visible="true" version="1" changeset="44839339" timestamp="2017-01-02T08:26:25Z" user="GeorgeKaplan" uid="1198089" lat="48.5537569" lon="0.2751857"/>
 <node id="4585042750" visible="true" version="1" changeset="44839339" timestamp="2017-01-02T08:26:25Z" user="GeorgeKaplan" uid="1198089" lat="48.5537627" lon="0.2754316"/>
 <node id="4585042751" visible="true" version="1" changeset="44839339" timestamp="2017-01-02T08:26:25Z" user="GeorgeKaplan" uid="1198089" lat="48.5537993" lon="0.2754293"/>
 <node id="4585042752" visible="true" version="1" changeset="44839339" timestamp="2017-01-02T08:26:25Z" user="GeorgeKaplan" uid="1198089" lat="48.5541817" lon="0.2750672"/>
 <node id="4585042753" visible="true" version="1" changeset="44839339" timestamp="2017-01-02T08:26:25Z" user="GeorgeKaplan" uid="1198089" lat="48.5540993" lon="0.2750731"/>
 <node id="4585042754" visible="true" version="1" changeset="44839339" timestamp="2017-01-02T08:26:25Z" user="GeorgeKaplan" uid="1198089" lat="48.5541058" lon="0.2753941"/>
 <node id="4585042755" visible="true" version="1" changeset="44839339" timestamp="2017-01-02T08:26:25Z" user="GeorgeKaplan" uid="1198089" lat="48.5541861" lon="0.2753884"/>
 <node id="4585043042" visible="true" version="1" changeset="44839339" timestamp="2017-01-02T08:26:29Z" user="GeorgeKaplan" uid="1198089" lat="48.5537777" lon="0.2745039"/>
 <node id="4585043043" visible="true" version="1" changeset="44839339" timestamp="2017-01-02T08:26:29Z" user="GeorgeKaplan" uid="1198089" lat="48.5537433" lon="0.2745063"/>
 <node id="4585043044" visible="true" version="1" changeset="44839339" timestamp="2017-01-02T08:26:29Z" user="GeorgeKaplan" uid="1198089" lat="48.5537572" lon="0.2751559"/>
 <node id="4585043045" visible="true" version="1" changeset="44839339" timestamp="2017-01-02T08:26:29Z" user="GeorgeKaplan" uid="1198089" lat="48.5537923" lon="0.2751541"/>
 <node id="4585043046" visible="true" version="1" changeset="44839339" timestamp="2017-01-02T08:26:29Z" user="GeorgeKaplan" uid="1198089" lat="48.5537637" lon="0.2737555"/>
 <node id="4585043047" visible="true" version="1" changeset="44839339" timestamp="2017-01-02T08:26:29Z" user="GeorgeKaplan" uid="1198089" lat="48.5537285" lon="0.2737585"/>
 <node id="4723242098" visible="true" version="1" changeset="46665901" timestamp="2017-03-07T22:56:15Z" user="Kioska Journo" uid="402585" lat="48.5624186" lon="0.2637029"/>
 <node id="4723242099" visible="true" version="2" changeset="187489256" timestamp="2026-08-15T13:39:07Z" user="Eric-Chambly" uid="1002121" lat="48.5617884" lon="0.2630699"/>
 <node id="4723242100" visible="true" version="2" changeset="187489256" timestamp="2026-08-15T13:39:07Z" user="Eric-Chambly" uid="1002121" lat="48.5613908" lon="0.2637271"/>
 <node id="4723242101" visible="true" version="1" changeset="46665901" timestamp="2017-03-07T22:56:15Z" user="Kioska Journo" uid="402585" lat="48.5618115" lon="0.2649582"/>
 <node id="4723242102" visible="true" version="2" changeset="120830079" timestamp="2022-05-11T09:31:22Z" user="Alexandre148025" uid="191786" lat="48.5617454" lon="0.2665171"/>
 <node id="4723243181" visible="true" version="1" changeset="46665901" timestamp="2017-03-07T22:56:29Z" user="Kioska Journo" uid="402585" lat="48.5572816" lon="0.2692773"/>
 <node id="4723243182" visible="true" version="1" changeset="46665901" timestamp="2017-03-07T22:56:29Z" user="Kioska Journo" uid="402585" lat="48.5571913" lon="0.2690989"/>
 <node id="4723243183" visible="true" version="1" changeset="46665901" timestamp="2017-03-07T22:56:29Z" user="Kioska Journo" uid="402585" lat="48.5570869" lon="0.2692195"/>
 <node id="4723243184" visible="true" version="1" changeset="46665901" timestamp="2017-03-07T22:56:29Z" user="Kioska Journo" uid="402585" lat="48.5571772" lon="0.2693979"/>
 <node id="4723243185" visible="true" version="1" changeset="46665901" timestamp="2017-03-07T22:56:29Z" user="Kioska Journo" uid="402585" lat="48.5573002" lon="0.2695174"/>
 <node id="4723243186" visible="true" version="1" changeset="46665901" timestamp="2017-03-07T22:56:29Z" user="Kioska Journo" uid="402585" lat="48.5572296" lon="0.2694513"/>
 <node id="4723243187" visible="true" version="1" changeset="46665901" timestamp="2017-03-07T22:56:29Z" user="Kioska Journo" uid="402585" lat="48.5571644" lon="0.2696104"/>
 <node id="4723243188" visible="true" version="1" changeset="46665901" timestamp="2017-03-07T22:56:29Z" user="Kioska Journo" uid="402585" lat="48.5572106" lon="0.2696536"/>
 <node id="4723243189" visible="true" version="1" changeset="46665901" timestamp="2017-03-07T22:56:29Z" user="Kioska Journo" uid="402585" lat="48.5572443" lon="0.2695713"/>
 <node id="4723243190" visible="true" version="1" changeset="46665901" timestamp="2017-03-07T22:56:29Z" user="Kioska Journo" uid="402585" lat="48.5572687" lon="0.2695941"/>
 <node id="4723243191" visible="true" version="1" changeset="46665901" timestamp="2017-03-07T22:56:29Z" user="Kioska Journo" uid="402585" lat="48.5575340" lon="0.2700892"/>
 <node id="4723243192" visible="true" version="1" changeset="46665901" timestamp="2017-03-07T22:56:29Z" user="Kioska Journo" uid="402585" lat="48.5575622" lon="0.2699797"/>
 <node id="4723243193" visible="true" version="1" changeset="46665901" timestamp="2017-03-07T22:56:29Z" user="Kioska Journo" uid="402585" lat="48.5575031" lon="0.2699451"/>
 <node id="4723243194" visible="true" version="1" changeset="46665901" timestamp="2017-03-07T22:56:29Z" user="Kioska Journo" uid="402585" lat="48.5574750" lon="0.2700546"/>
 <node id="4723243195" visible="true" version="1" changeset="46665901" timestamp="2017-03-07T22:56:29Z" user="Kioska Journo" uid="402585" lat="48.5575938" lon="0.2693389"/>
 <node id="4723243196" visible="true" version="1" changeset="46665901" timestamp="2017-03-07T22:56:29Z" user="Kioska Journo" uid="402585" lat="48.5575690" lon="0.2694281"/>
 <node id="4723243197" visible="true" version="1" changeset="46665901" timestamp="2017-03-07T22:56:29Z" user="Kioska Journo" uid="402585" lat="48.5575850" lon="0.2694383"/>
 <node id="4723243198" visible="true" version="1" changeset="46665901" timestamp="2017-03-07T22:56:29Z" user="Kioska Journo" uid="402585" lat="48.5575564" lon="0.2695411"/>
 <node id="4723243199" visible="true" version="1" changeset="46665901" timestamp="2017-03-07T22:56:29Z" user="Kioska Journo" uid="402585" lat="48.5576204" lon="0.2695817"/>
 <node id="4723243200" visible="true" version="1" changeset="46665901" timestamp="2017-03-07T22:56:29Z" user="Kioska Journo" uid="402585" lat="48.5576738" lon="0.2693896"/>
 <node id="4723243201" visible="true" version="1" changeset="46665901" timestamp="2017-03-07T22:56:29Z" user="Kioska Journo" uid="402585" lat="48.5577681" lon="0.2693203"/>
 <node id="4723243202" visible="true" version="1" changeset="46665901" timestamp="2017-03-07T22:56:29Z" user="Kioska Journo" uid="402585" lat="48.5577289" lon="0.2693010"/>
 <node id="4723243203" visible="true" version="1" changeset="46665901" timestamp="2017-03-07T22:56:29Z" user="Kioska Journo" uid="402585" lat="48.5577165" lon="0.2693587"/>
 <node id="4723243204" visible="true" version="1" changeset="46665901" timestamp="2017-03-07T22:56:29Z" user="Kioska Journo" uid="402585" lat="48.5577557" lon="0.2693780"/>
 <node id="4723245025" visible="true" version="1" changeset="46665901" timestamp="2017-03-07T22:56:39Z" user="Kioska Journo" uid="402585" lat="48.5731589" lon="0.2806525"/>
 <node id="6090532517" visible="true" version="1" changeset="64873047" timestamp="2018-11-25T17:51:38Z" user="Porphyrion" uid="706159" lat="48.5479173" lon="0.2608433"/>
 <node id="6090532520" visible="true" version="1" changeset="64873047" timestamp="2018-11-25T17:51:38Z" user="Porphyrion" uid="706159" lat="48.5446772" lon="0.2549535"/>
 <node id="6090532521" visible="true" version="1" changeset="64873047" timestamp="2018-11-25T17:51:38Z" user="Porphyrion" uid="706159" lat="48.5447761" lon="0.2567580"/>
 <node id="6090532522" visible="true" version="1" changeset="64873047" timestamp="2018-11-25T17:51:38Z" user="Porphyrion" uid="706159" lat="48.5459188" lon="0.2588615"/>
 <node id="6090536086" visible="true" version="1" changeset="64873105" timestamp="2018-11-25T17:54:04Z" user="Porphyrion" uid="706159" lat="48.5456038" lon="0.2584183"/>
 <node id="6090631552" visible="true" version="2" changeset="83197263" timestamp="2020-04-07T12:20:57Z" user="Smockwette" uid="10505227" lat="48.5448852" lon="0.2547621"/>
 <node id="6090631553" visible="true" version="1" changeset="64874101" timestamp="2018-11-25T18:38:29Z" user="Porphyrion" uid="706159" lat="48.5448281" lon="0.2518976"/>
 <node id="6090631554" visible="true" version="1" changeset="64874101" timestamp="2018-11-25T18:38:29Z" user="Porphyrion" uid="706159" lat="48.5444565" lon="0.2518663"/>
 <node id="6090631555" visible="true" version="1" changeset="64874101" timestamp="2018-11-25T18:38:29Z" user="Porphyrion" uid="706159" lat="48.5444948" lon="0.2523046"/>
 <node id="6090631556" visible="true" version="1" changeset="64874101" timestamp="2018-11-25T18:38:29Z" user="Porphyrion" uid="706159" lat="48.5440891" lon="0.2527962"/>
 <node id="6090631557" visible="true" version="1" changeset="64874101" timestamp="2018-11-25T18:38:29Z" user="Porphyrion" uid="706159" lat="48.5449064" lon="0.2571754"/>
 <node id="6090631558" visible="true" version="1" changeset="64874101" timestamp="2018-11-25T18:38:29Z" user="Porphyrion" uid="706159" lat="48.5449625" lon="0.2573089"/>
 <node id="6090631559" visible="true" version="1" changeset="64874101" timestamp="2018-11-25T18:38:29Z" user="Porphyrion" uid="706159" lat="48.5447980" lon="0.2568690"/>
 <node id="6093297671" visible="true" version="2" changeset="71208819" timestamp="2019-06-13T08:47:15Z" user="françoish" uid="2515412" lat="48.5525706" lon="0.2616242"/>
 <node id="6093297672" visible="true" version="1" changeset="64905729" timestamp="2018-11-26T17:28:24Z" user="Porphyrion" uid="706159" lat="48.5471320" lon="0.2606357"/>
 <node id="6113755036" visible="true" version="2" changeset="156222299" timestamp="2024-09-05T09:49:38Z" user="Nzau" uid="15118949" lat="48.5609474" lon="0.2641986">
  <tag k="crossing:markings" v="zebra"/>
  <tag k="highway" v="crossing"/>
 </node>
 <node id="7375415058" visible="true" version="1" changeset="83197263" timestamp="2020-04-07T12:20:57Z" user="Smockwette" uid="10505227" lat="48.5446281" lon="0.2552788"/>
 <node id="8452772489" visible="true" version="4" changeset="184390339" timestamp="2026-06-21T13:32:09Z" user="InfosReseaux" uid="93222" lat="48.5535626" lon="0.2846880">
  <tag k="line_management" v="transition"/>
  <tag k="location:transition" v="yes"/>
  <tag k="operator" v="Enedis"/>
  <tag k="operator:wikidata" v="Q3587594"/>
  <tag k="power" v="pole"/>
 </node>
 <node id="8452772490" visible="true" version="3" changeset="162520266" timestamp="2025-02-14T22:09:20Z" user="InfosReseaux" uid="93222" lat="48.5538236" lon="0.2834917">
  <tag k="operator" v="Enedis"/>
  <tag k="operator:wikidata" v="Q3587594"/>
  <tag k="power" v="pole"/>
 </node>
 <node id="8452772491" visible="true" version="3" changeset="162520266" timestamp="2025-02-14T22:09:20Z" user="InfosReseaux" uid="93222" lat="48.5540988" lon="0.2822629">
  <tag k="operator" v="Enedis"/>
  <tag k="operator:wikidata" v="Q3587594"/>
  <tag k="power" v="pole"/>
 </node>
 <node id="8452772492" visible="true" version="3" changeset="162520266" timestamp="2025-02-14T22:09:20Z" user="InfosReseaux" uid="93222" lat="48.5543589" lon="0.2810833">
  <tag k="operator" v="Enedis"/>
  <tag k="operator:wikidata" v="Q3587594"/>
  <tag k="power" v="pole"/>
 </node>
 <node id="8452772493" visible="true" version="3" changeset="162520266" timestamp="2025-02-14T22:09:20Z" user="InfosReseaux" uid="93222" lat="48.5553195" lon="0.2775982">
  <tag k="operator" v="Enedis"/>
  <tag k="operator:wikidata" v="Q3587594"/>
  <tag k="power" v="pole"/>
 </node>
 <node id="8452772494" visible="true" version="4" changeset="162520266" timestamp="2025-02-14T22:09:20Z" user="InfosReseaux" uid="93222" lat="48.5556545" lon="0.2765169">
  <tag k="frequency" v="50"/>
  <tag k="location:transition" v="yes"/>
  <tag k="operator" v="Enedis"/>
  <tag k="operator:wikidata" v="Q3587594"/>
  <tag k="power" v="pole"/>
  <tag k="substation" v="minor_distribution"/>
  <tag k="transformer" v="main"/>
  <tag k="voltage:primary" v="20000"/>
  <tag k="voltage:secondary" v="400"/>
 </node>
 <node id="8452772495" visible="true" version="3" changeset="162520266" timestamp="2025-02-14T22:09:20Z" user="InfosReseaux" uid="93222" lat="48.5551558" lon="0.2785334">
  <tag k="operator" v="Enedis"/>
  <tag k="operator:wikidata" v="Q3587594"/>
  <tag k="power" v="pole"/>
 </node>
 <node id="8452772496" visible="true" version="3" changeset="162520266" timestamp="2025-02-14T22:09:20Z" user="InfosReseaux" uid="93222" lat="48.5547920" lon="0.2798083">
  <tag k="operator" v="Enedis"/>
  <tag k="operator:wikidata" v="Q3587594"/>
  <tag k="power" v="pole"/>
 </node>
 <node id="9677086421" visible="true" version="1" changeset="119903641" timestamp="2022-04-19T11:55:28Z" user="Alexandre148025" uid="191786" lat="48.5660083" lon="0.2432264"/>
 <node id="9677086423" visible="true" version="1" changeset="119903641" timestamp="2022-04-19T11:55:28Z" user="Alexandre148025" uid="191786" lat="48.5653009" lon="0.2421938"/>
 <node id="9732170668" visible="true" version="1" changeset="120830079" timestamp="2022-05-11T09:31:22Z" user="Alexandre148025" uid="191786" lat="48.5822589" lon="0.2896288"/>
 <node id="9732170669" visible="true" version="1" changeset="120830079" timestamp="2022-05-11T09:31:22Z" user="Alexandre148025" uid="191786" lat="48.5826081" lon="0.2897875"/>
 <node id="9732170670" visible="true" version="1" changeset="120830079" timestamp="2022-05-11T09:31:22Z" user="Alexandre148025" uid="191786" lat="48.5826617" lon="0.2888806"/>
 <node id="9732181530" visible="true" version="1" changeset="120830079" timestamp="2022-05-11T09:31:22Z" user="Alexandre148025" uid="191786" lat="48.5855447" lon="0.2904456"/>
 <node id="9732181543" visible="true" version="1" changeset="120830079" timestamp="2022-05-11T09:31:22Z" user="Alexandre148025" uid="191786" lat="48.5854046" lon="0.2902592"/>
 <node id="9732181545" visible="true" version="1" changeset="120830079" timestamp="2022-05-11T09:31:22Z" user="Alexandre148025" uid="191786" lat="48.5860263" lon="0.2908472"/>
 <node id="9732181546" visible="true" version="1" changeset="120830079" timestamp="2022-05-11T09:31:22Z" user="Alexandre148025" uid="191786" lat="48.5858892" lon="0.2907329"/>
 <node id="9732181547" visible="true" version="1" changeset="120830079" timestamp="2022-05-11T09:31:22Z" user="Alexandre148025" uid="191786" lat="48.5857047" lon="0.2907230"/>
 <node id="9732181555" visible="true" version="1" changeset="120830079" timestamp="2022-05-11T09:31:22Z" user="Alexandre148025" uid="191786" lat="48.5861560" lon="0.2905329"/>
 <node id="9732181556" visible="true" version="1" changeset="120830079" timestamp="2022-05-11T09:31:22Z" user="Alexandre148025" uid="191786" lat="48.5863455" lon="0.2905192"/>
 <node id="9732181557" visible="true" version="1" changeset="120830079" timestamp="2022-05-11T09:31:22Z" user="Alexandre148025" uid="191786" lat="48.5867804" lon="0.2905804"/>
 <node id="9732181558" visible="true" version="1" changeset="120830079" timestamp="2022-05-11T09:31:22Z" user="Alexandre148025" uid="191786" lat="48.5870733" lon="0.2906313"/>
 <node id="9732181559" visible="true" version="1" changeset="120830079" timestamp="2022-05-11T09:31:22Z" user="Alexandre148025" uid="191786" lat="48.5873069" lon="0.2905829"/>
 <node id="9732181560" visible="true" version="1" changeset="120830079" timestamp="2022-05-11T09:31:22Z" user="Alexandre148025" uid="191786" lat="48.5875563" lon="0.2903692"/>
 <node id="9732181561" visible="true" version="1" changeset="120830079" timestamp="2022-05-11T09:31:22Z" user="Alexandre148025" uid="191786" lat="48.5877800" lon="0.2908300"/>
 <node id="9732181562" visible="true" version="1" changeset="120830079" timestamp="2022-05-11T09:31:22Z" user="Alexandre148025" uid="191786" lat="48.5885490" lon="0.2904601"/>
 <node id="9732181563" visible="true" version="1" changeset="120830079" timestamp="2022-05-11T09:31:22Z" user="Alexandre148025" uid="191786" lat="48.5882503" lon="0.2890886"/>
 <node id="9732181564" visible="true" version="1" changeset="120830079" timestamp="2022-05-11T09:31:22Z" user="Alexandre148025" uid="191786" lat="48.5854021" lon="0.2886486"/>
 <node id="9732181565" visible="true" version="1" changeset="120830079" timestamp="2022-05-11T09:31:22Z" user="Alexandre148025" uid="191786" lat="48.5826842" lon="0.2883385"/>
 <node id="9732181566" visible="true" version="1" changeset="120830079" timestamp="2022-05-11T09:31:22Z" user="Alexandre148025" uid="191786" lat="48.5810597" lon="0.2899988"/>
 <node id="9732181567" visible="true" version="1" changeset="120830079" timestamp="2022-05-11T09:31:22Z" user="Alexandre148025" uid="191786" lat="48.5773857" lon="0.2882743"/>
 <node id="9732181568" visible="true" version="1" changeset="120830079" timestamp="2022-05-11T09:31:22Z" user="Alexandre148025" uid="191786" lat="48.5767580" lon="0.2883068"/>
 <node id="9732181573" visible="true" version="1" changeset="120830079" timestamp="2022-05-11T09:31:22Z" user="Alexandre148025" uid="191786" lat="48.5831803" lon="0.2748308"/>
 <node id="9732181574" visible="true" version="1" changeset="120830079" timestamp="2022-05-11T09:31:22Z" user="Alexandre148025" uid="191786" lat="48.5826052" lon="0.2734231"/>
 <node id="9732181575" visible="true" version="1" changeset="120830079" timestamp="2022-05-11T09:31:22Z" user="Alexandre148025" uid="191786" lat="48.5819272" lon="0.2732299"/>
 <node id="9732181576" visible="true" version="1" changeset="120830079" timestamp="2022-05-11T09:31:22Z" user="Alexandre148025" uid="191786" lat="48.5816026" lon="0.2747181"/>
 <node id="9732181577" visible="true" version="1" changeset="120830079" timestamp="2022-05-11T09:31:22Z" user="Alexandre148025" uid="191786" lat="48.5817529" lon="0.2748203"/>
 <node id="9732181578" visible="true" version="1" changeset="120830079" timestamp="2022-05-11T09:31:22Z" user="Alexandre148025" uid="191786" lat="48.5832462" lon="0.2696639"/>
 <node id="9732181579" visible="true" version="1" changeset="120830079" timestamp="2022-05-11T09:31:22Z" user="Alexandre148025" uid="191786" lat="48.5820222" lon="0.2703953"/>
 <node id="9732181580" visible="true" version="1" changeset="120830079" timestamp="2022-05-11T09:31:22Z" user="Alexandre148025" uid="191786" lat="48.5813992" lon="0.2705460"/>
 <node id="9732181581" visible="true" version="1" changeset="120830079" timestamp="2022-05-11T09:31:22Z" user="Alexandre148025" uid="191786" lat="48.5802676" lon="0.2711025"/>
 <node id="9732181582" visible="true" version="1" changeset="120830079" timestamp="2022-05-11T09:31:22Z" user="Alexandre148025" uid="191786" lat="48.5794409" lon="0.2721789"/>
 <node id="9732181583" visible="true" version="1" changeset="120830079" timestamp="2022-05-11T09:31:22Z" user="Alexandre148025" uid="191786" lat="48.5799973" lon="0.2711536"/>
 <node id="9732181584" visible="true" version="1" changeset="120830079" timestamp="2022-05-11T09:31:22Z" user="Alexandre148025" uid="191786" lat="48.5792136" lon="0.2718631"/>
 <node id="9732181585" visible="true" version="1" changeset="120830079" timestamp="2022-05-11T09:31:22Z" user="Alexandre148025" uid="191786" lat="48.5784997" lon="0.2752860"/>
 <node id="9732181586" visible="true" version="1" changeset="120830079" timestamp="2022-05-11T09:31:22Z" user="Alexandre148025" uid="191786" lat="48.5771025" lon="0.2719975"/>
 <node id="9732181587" visible="true" version="1" changeset="120830079" timestamp="2022-05-11T09:31:22Z" user="Alexandre148025" uid="191786" lat="48.5761390" lon="0.2704632"/>
 <node id="9732181588" visible="true" version="1" changeset="120830079" timestamp="2022-05-11T09:31:22Z" user="Alexandre148025" uid="191786" lat="48.5774837" lon="0.2776749"/>
 <node id="9732181589" visible="true" version="1" changeset="120830079" timestamp="2022-05-11T09:31:22Z" user="Alexandre148025" uid="191786" lat="48.5739810" lon="0.2804105"/>
 <node id="9732181590" visible="true" version="1" changeset="120830079" timestamp="2022-05-11T09:31:22Z" user="Alexandre148025" uid="191786" lat="48.5737639" lon="0.2811510"/>
 <node id="9732181591" visible="true" version="1" changeset="120830079" timestamp="2022-05-11T09:31:22Z" user="Alexandre148025" uid="191786" lat="48.5725423" lon="0.2800315"/>
 <node id="9732181592" visible="true" version="1" changeset="120830079" timestamp="2022-05-11T09:31:22Z" user="Alexandre148025" uid="191786" lat="48.5709289" lon="0.2857970"/>
 <node id="9732181593" visible="true" version="1" changeset="120830079" timestamp="2022-05-11T09:31:22Z" user="Alexandre148025" uid="191786" lat="48.5704823" lon="0.2866903"/>
 <node id="9732181594" visible="true" version="1" changeset="120830079" timestamp="2022-05-11T09:31:22Z" user="Alexandre148025" uid="191786" lat="48.5677419" lon="0.2929919"/>
 <node id="9732181595" visible="true" version="1" changeset="120830079" timestamp="2022-05-11T09:31:22Z" user="Alexandre148025" uid="191786" lat="48.5684205" lon="0.2937986"/>
 <node id="9732181597" visible="true" version="1" changeset="120830079" timestamp="2022-05-11T09:31:22Z" user="Alexandre148025" uid="191786" lat="48.5714523" lon="0.2944724"/>
 <node id="9732181598" visible="true" version="1" changeset="120830079" timestamp="2022-05-11T09:31:22Z" user="Alexandre148025" uid="191786" lat="48.5716014" lon="0.2951087"/>
 <node id="9732181599" visible="true" version="1" changeset="120830079" timestamp="2022-05-11T09:31:22Z" user="Alexandre148025" uid="191786" lat="48.5719435" lon="0.2949498"/>
 <node id="9732181600" visible="true" version="1" changeset="120830079" timestamp="2022-05-11T09:31:22Z" user="Alexandre148025" uid="191786" lat="48.5720557" lon="0.2951754"/>
 <node id="9732181908" visible="true" version="1" changeset="120830079" timestamp="2022-05-11T09:31:22Z" user="Alexandre148025" uid="191786" lat="48.5620176" lon="0.2892677"/>
 <node id="9732181909" visible="true" version="1" changeset="120830079" timestamp="2022-05-11T09:31:22Z" user="Alexandre148025" uid="191786" lat="48.5611709" lon="0.2884420"/>
 <node id="9732181910" visible="true" version="1" changeset="120830079" timestamp="2022-05-11T09:31:22Z" user="Alexandre148025" uid="191786" lat="48.5590657" lon="0.2814934"/>
 <node id="9732181911" visible="true" version="1" changeset="120830079" timestamp="2022-05-11T09:31:22Z" user="Alexandre148025" uid="191786" lat="48.5633372" lon="0.2732775"/>
 <node id="9732181912" visible="true" version="1" changeset="120830079" timestamp="2022-05-11T09:31:22Z" user="Alexandre148025" uid="191786" lat="48.5639327" lon="0.2856191"/>
 <node id="9732181913" visible="true" version="1" changeset="120830079" timestamp="2022-05-11T09:31:22Z" user="Alexandre148025" uid="191786" lat="48.5656123" lon="0.2884452"/>
 <node id="9732181914" visible="true" version="1" changeset="120830079" timestamp="2022-05-11T09:31:22Z" user="Alexandre148025" uid="191786" lat="48.5653450" lon="0.2884654"/>
 <node id="9732181915" visible="true" version="1" changeset="120830079" timestamp="2022-05-11T09:31:22Z" user="Alexandre148025" uid="191786" lat="48.5664527" lon="0.2895774"/>
 <node id="9732181938" visible="true" version="1" changeset="120830079" timestamp="2022-05-11T09:31:22Z" user="Alexandre148025" uid="191786" lat="48.5624778" lon="0.2686280"/>
 <node id="9732181939" visible="true" version="1" changeset="120830079" timestamp="2022-05-11T09:31:22Z" user="Alexandre148025" uid="191786" lat="48.5619126" lon="0.2681663"/>
 <node id="9732181940" visible="true" version="1" changeset="120830079" timestamp="2022-05-11T09:31:22Z" user="Alexandre148025" uid="191786" lat="48.5611523" lon="0.2698818"/>
 <node id="9732181941" visible="true" version="1" changeset="120830079" timestamp="2022-05-11T09:31:22Z" user="Alexandre148025" uid="191786" lat="48.5606334" lon="0.2706590"/>
 <node id="9732181942" visible="true" version="1" changeset="120830079" timestamp="2022-05-11T09:31:22Z" user="Alexandre148025" uid="191786" lat="48.5595552" lon="0.2703021"/>
 <node id="9732181943" visible="true" version="1" changeset="120830079" timestamp="2022-05-11T09:31:22Z" user="Alexandre148025" uid="191786" lat="48.5609389" lon="0.2697275"/>
 <node id="9732181944" visible="true" version="1" changeset="120830079" timestamp="2022-05-11T09:31:22Z" user="Alexandre148025" uid="191786" lat="48.5607676" lon="0.2700141"/>
 <node id="9732181945" visible="true" version="1" changeset="120830079" timestamp="2022-05-11T09:31:22Z" user="Alexandre148025" uid="191786" lat="48.5627455" lon="0.2701725"/>
 <node id="9732181946" visible="true" version="1" changeset="120830079" timestamp="2022-05-11T09:31:22Z" user="Alexandre148025" uid="191786" lat="48.5629200" lon="0.2717440"/>
 <node id="9732181947" visible="true" version="1" changeset="120830079" timestamp="2022-05-11T09:31:22Z" user="Alexandre148025" uid="191786" lat="48.5595897" lon="0.2716501"/>
 <node id="9732181948" visible="true" version="1" changeset="120830079" timestamp="2022-05-11T09:31:22Z" user="Alexandre148025" uid="191786" lat="48.5594771" lon="0.2721797"/>
 <node id="9732181949" visible="true" version="1" changeset="120830079" timestamp="2022-05-11T09:31:22Z" user="Alexandre148025" uid="191786" lat="48.5592522" lon="0.2713183"/>
 <node id="9732181950" visible="true" version="1" changeset="120830079" timestamp="2022-05-11T09:31:22Z" user="Alexandre148025" uid="191786" lat="48.5584044" lon="0.2717450"/>
 <node id="9732181951" visible="true" version="1" changeset="120830079" timestamp="2022-05-11T09:31:22Z" user="Alexandre148025" uid="191786" lat="48.5590853" lon="0.2718589"/>
 <node id="9732181952" visible="true" version="1" changeset="120830079" timestamp="2022-05-11T09:31:22Z" user="Alexandre148025" uid="191786" lat="48.5763430" lon="0.2673770"/>
 <node id="9732181953" visible="true" version="1" changeset="120830079" timestamp="2022-05-11T09:31:22Z" user="Alexandre148025" uid="191786" lat="48.5694485" lon="0.2654682"/>
 <node id="9732181954" visible="true" version="1" changeset="120830079" timestamp="2022-05-11T09:31:22Z" user="Alexandre148025" uid="191786" lat="48.5657131" lon="0.2565071"/>
 <node id="9732181955" visible="true" version="1" changeset="120830079" timestamp="2022-05-11T09:31:22Z" user="Alexandre148025" uid="191786" lat="48.5663976" lon="0.2561374"/>
 <node id="9732181956" visible="true" version="1" changeset="120830079" timestamp="2022-05-11T09:31:22Z" user="Alexandre148025" uid="191786" lat="48.5680989" lon="0.2550888"/>
 <node id="10264862133" visible="true" version="1" changeset="130112669" timestamp="2022-12-15T12:16:15Z" user="vinc44" uid="1060302" lat="48.5563315" lon="0.2702341"/>
 <node id="10264862134" visible="true" version="1" changeset="130112669" timestamp="2022-12-15T12:16:15Z" user="vinc44" uid="1060302" lat="48.5563002" lon="0.2710234"/>
 <node id="10264862135" visible="true" version="1" changeset="130112669" timestamp="2022-12-15T12:16:15Z" user="vinc44" uid="1060302" lat="48.5551990" lon="0.2708845"/>
 <node id="10264862136" visible="true" version="1" changeset="130112669" timestamp="2022-12-15T12:16:15Z" user="vinc44" uid="1060302" lat="48.5552658" lon="0.2702373"/>
 <node id="10264862137" visible="true" version="1" changeset="130112669" timestamp="2022-12-15T12:16:15Z" user="vinc44" uid="1060302" lat="48.5564257" lon="0.2697221"/>
 <node id="10264862138" visible="true" version="1" changeset="130112669" timestamp="2022-12-15T12:16:15Z" user="vinc44" uid="1060302" lat="48.5553097" lon="0.2698837"/>
 <node id="10264862139" visible="true" version="1" changeset="130112669" timestamp="2022-12-15T12:16:15Z" user="vinc44" uid="1060302" lat="48.5570618" lon="0.2687052"/>
 <node id="10264862140" visible="true" version="1" changeset="130112669" timestamp="2022-12-15T12:16:15Z" user="vinc44" uid="1060302" lat="48.5568324" lon="0.2689685"/>
 <node id="10264862141" visible="true" version="1" changeset="130112669" timestamp="2022-12-15T12:16:15Z" user="vinc44" uid="1060302" lat="48.5568805" lon="0.2690690"/>
 <node id="10264862142" visible="true" version="1" changeset="130112669" timestamp="2022-12-15T12:16:15Z" user="vinc44" uid="1060302" lat="48.5570189" lon="0.2689010"/>
 <node id="10264862143" visible="true" version="1" changeset="130112669" timestamp="2022-12-15T12:16:15Z" user="vinc44" uid="1060302" lat="48.5570372" lon="0.2689473"/>
 <node id="10264862144" visible="true" version="1" changeset="130112669" timestamp="2022-12-15T12:16:15Z" user="vinc44" uid="1060302" lat="48.5571309" lon="0.2688309"/>
 <node id="10264862145" visible="true" version="1" changeset="130112669" timestamp="2022-12-15T12:16:15Z" user="vinc44" uid="1060302" lat="48.5571500" lon="0.2691466"/>
 <node id="10264862146" visible="true" version="1" changeset="130112669" timestamp="2022-12-15T12:16:15Z" user="vinc44" uid="1060302" lat="48.5570924" lon="0.2690214"/>
 <node id="10264862147" visible="true" version="1" changeset="130112669" timestamp="2022-12-15T12:16:15Z" user="vinc44" uid="1060302" lat="48.5569830" lon="0.2691523"/>
 <node id="10264862148" visible="true" version="1" changeset="130112669" timestamp="2022-12-15T12:16:15Z" user="vinc44" uid="1060302" lat="48.5570513" lon="0.2692701"/>
 <node id="10264862149" visible="true" version="1" changeset="130112669" timestamp="2022-12-15T12:16:15Z" user="vinc44" uid="1060302" lat="48.5573314" lon="0.2688481"/>
 <node id="10264862150" visible="true" version="1" changeset="130112669" timestamp="2022-12-15T12:16:15Z" user="vinc44" uid="1060302" lat="48.5573778" lon="0.2688825"/>
 <node id="10264862151" visible="true" version="1" changeset="130112669" timestamp="2022-12-15T12:16:15Z" user="vinc44" uid="1060302" lat="48.5573559" lon="0.2689499"/>
 <node id="10264862152" visible="true" version="1" changeset="130112669" timestamp="2022-12-15T12:16:15Z" user="vinc44" uid="1060302" lat="48.5573078" lon="0.2689195"/>
 <node id="10275486394" visible="true" version="1" changeset="130285898" timestamp="2022-12-20T11:21:24Z" user="Sylvain M" uid="672931" lat="48.5530983" lon="0.2744231"/>
 <node id="10275486395" visible="true" version="1" changeset="130285898" timestamp="2022-12-20T11:21:24Z" user="Sylvain M" uid="672931" lat="48.5530983" lon="0.2745299"/>
 <node id="10275486396" visible="true" version="1" changeset="130285898" timestamp="2022-12-20T11:21:24Z" user="Sylvain M" uid="672931" lat="48.5531903" lon="0.2745572"/>
 <node id="10275486397" visible="true" version="1" changeset="130285898" timestamp="2022-12-20T11:21:24Z" user="Sylvain M" uid="672931" lat="48.5532314" lon="0.2745894"/>
 <node id="10275486398" visible="true" version="1" changeset="130285898" timestamp="2022-12-20T11:21:24Z" user="Sylvain M" uid="672931" lat="48.5532708" lon="0.2746465"/>
 <node id="10275486399" visible="true" version="1" changeset="130285898" timestamp="2022-12-20T11:21:24Z" user="Sylvain M" uid="672931" lat="48.5532889" lon="0.2747085"/>
 <node id="10275486400" visible="true" version="1" changeset="130285898" timestamp="2022-12-20T11:21:24Z" user="Sylvain M" uid="672931" lat="48.5533103" lon="0.2747954"/>
 <node id="10275486401" visible="true" version="1" changeset="130285898" timestamp="2022-12-20T11:21:24Z" user="Sylvain M" uid="672931" lat="48.5533103" lon="0.2749021"/>
 <node id="10275486402" visible="true" version="1" changeset="130285898" timestamp="2022-12-20T11:21:24Z" user="Sylvain M" uid="672931" lat="48.5533661" lon="0.2749096"/>
 <node id="10275486403" visible="true" version="1" changeset="130285898" timestamp="2022-12-20T11:21:24Z" user="Sylvain M" uid="672931" lat="48.5533661" lon="0.2748004"/>
 <node id="10275486404" visible="true" version="1" changeset="130285898" timestamp="2022-12-20T11:21:24Z" user="Sylvain M" uid="672931" lat="48.5533579" lon="0.2746912"/>
 <node id="10275486405" visible="true" version="1" changeset="130285898" timestamp="2022-12-20T11:21:24Z" user="Sylvain M" uid="672931" lat="48.5533333" lon="0.2746118"/>
 <node id="10275486406" visible="true" version="1" changeset="130285898" timestamp="2022-12-20T11:21:24Z" user="Sylvain M" uid="672931" lat="48.5532856" lon="0.2745423"/>
 <node id="10275486407" visible="true" version="1" changeset="130285898" timestamp="2022-12-20T11:21:24Z" user="Sylvain M" uid="672931" lat="48.5532478" lon="0.2744951"/>
 <node id="10275486408" visible="true" version="1" changeset="130285898" timestamp="2022-12-20T11:21:24Z" user="Sylvain M" uid="672931" lat="48.5531821" lon="0.2744480"/>
 <node id="10275516309" visible="true" version="1" changeset="130285898" timestamp="2022-12-20T11:21:24Z" user="Sylvain M" uid="672931" lat="48.5531427" lon="0.2744331"/>
 <node id="10275516310" visible="true" version="1" changeset="130285898" timestamp="2022-12-20T11:21:24Z" user="Sylvain M" uid="672931" lat="48.5516760" lon="0.2749238"/>
 <node id="10275516311" visible="true" version="1" changeset="130285898" timestamp="2022-12-20T11:21:24Z" user="Sylvain M" uid="672931" lat="48.5517047" lon="0.2749759"/>
 <node id="10275516312" visible="true" version="1" changeset="130285898" timestamp="2022-12-20T11:21:24Z" user="Sylvain M" uid="672931" lat="48.5516645" lon="0.2750541"/>
 <node id="10275516313" visible="true" version="1" changeset="130285898" timestamp="2022-12-20T11:21:24Z" user="Sylvain M" uid="672931" lat="48.5516415" lon="0.2751562"/>
 <node id="10275516314" visible="true" version="1" changeset="130285898" timestamp="2022-12-20T11:21:24Z" user="Sylvain M" uid="672931" lat="48.5516429" lon="0.2752953"/>
 <node id="10275516315" visible="true" version="1" changeset="130285898" timestamp="2022-12-20T11:21:24Z" user="Sylvain M" uid="672931" lat="48.5516343" lon="0.2755017"/>
 <node id="10275516316" visible="true" version="1" changeset="130285898" timestamp="2022-12-20T11:21:24Z" user="Sylvain M" uid="672931" lat="48.5515839" lon="0.2754843"/>
 <node id="10275516317" visible="true" version="1" changeset="130285898" timestamp="2022-12-20T11:21:24Z" user="Sylvain M" uid="672931" lat="48.5515667" lon="0.2752475"/>
 <node id="10275516318" visible="true" version="1" changeset="130285898" timestamp="2022-12-20T11:21:24Z" user="Sylvain M" uid="672931" lat="48.5515667" lon="0.2751454"/>
 <node id="10275516319" visible="true" version="1" changeset="130285898" timestamp="2022-12-20T11:21:24Z" user="Sylvain M" uid="672931" lat="48.5515839" lon="0.2750650"/>
 <node id="10275516320" visible="true" version="1" changeset="130285898" timestamp="2022-12-20T11:21:24Z" user="Sylvain M" uid="672931" lat="48.5516199" lon="0.2749868"/>
 <node id="10275516321" visible="true" version="1" changeset="130285898" timestamp="2022-12-20T11:21:24Z" user="Sylvain M" uid="672931" lat="48.5516602" lon="0.2749238"/>
 <node id="10275516322" visible="true" version="1" changeset="130285898" timestamp="2022-12-20T11:21:24Z" user="Sylvain M" uid="672931" lat="48.5535723" lon="0.2758961"/>
 <node id="10275516323" visible="true" version="1" changeset="130285898" timestamp="2022-12-20T11:21:24Z" user="Sylvain M" uid="672931" lat="48.5534904" lon="0.2759657"/>
 <node id="10275516324" visible="true" version="1" changeset="130285898" timestamp="2022-12-20T11:21:24Z" user="Sylvain M" uid="672931" lat="48.5534170" lon="0.2760004"/>
 <node id="10275516325" visible="true" version="1" changeset="130285898" timestamp="2022-12-20T11:21:24Z" user="Sylvain M" uid="672931" lat="48.5533092" lon="0.2759961"/>
 <node id="10275516326" visible="true" version="1" changeset="130285898" timestamp="2022-12-20T11:21:24Z" user="Sylvain M" uid="672931" lat="48.5531869" lon="0.2759744"/>
 <node id="10275516327" visible="true" version="1" changeset="130285898" timestamp="2022-12-20T11:21:24Z" user="Sylvain M" uid="672931" lat="48.5531955" lon="0.2758961"/>
 <node id="10275516328" visible="true" version="1" changeset="130285898" timestamp="2022-12-20T11:21:24Z" user="Sylvain M" uid="672931" lat="48.5533048" lon="0.2759070"/>
 <node id="10275516329" visible="true" version="1" changeset="130285898" timestamp="2022-12-20T11:21:24Z" user="Sylvain M" uid="672931" lat="48.5533753" lon="0.2759179"/>
 <node id="10275516330" visible="true" version="1" changeset="130285898" timestamp="2022-12-20T11:21:24Z" user="Sylvain M" uid="672931" lat="48.5534285" lon="0.2759092"/>
 <node id="10275516331" visible="true" version="1" changeset="130285898" timestamp="2022-12-20T11:21:24Z" user="Sylvain M" uid="672931" lat="48.5534904" lon="0.2758788"/>
 <node id="10275516332" visible="true" version="1" changeset="130285898" timestamp="2022-12-20T11:21:24Z" user="Sylvain M" uid="672931" lat="48.5535393" lon="0.2758353"/>
 <node id="10275516333" visible="true" version="1" changeset="130285898" timestamp="2022-12-20T11:21:24Z" user="Sylvain M" uid="672931" lat="48.5535594" lon="0.2758310"/>
 <node id="10275516334" visible="true" version="1" changeset="130285898" timestamp="2022-12-20T11:21:24Z" user="Sylvain M" uid="672931" lat="48.5535709" lon="0.2758592"/>
 <node id="10275516335" visible="true" version="1" changeset="130285898" timestamp="2022-12-20T11:21:24Z" user="Sylvain M" uid="672931" lat="48.5535156" lon="0.2756441"/>
 <node id="10275516336" visible="true" version="1" changeset="130285898" timestamp="2022-12-20T11:21:24Z" user="Sylvain M" uid="672931" lat="48.5536158" lon="0.2755945"/>
 <node id="10275516337" visible="true" version="1" changeset="130285898" timestamp="2022-12-20T11:21:24Z" user="Sylvain M" uid="672931" lat="48.5536454" lon="0.2755647"/>
 <node id="10275516338" visible="true" version="1" changeset="130285898" timestamp="2022-12-20T11:21:24Z" user="Sylvain M" uid="672931" lat="48.5536569" lon="0.2755349"/>
 <node id="10275516339" visible="true" version="1" changeset="130285898" timestamp="2022-12-20T11:21:24Z" user="Sylvain M" uid="672931" lat="48.5536602" lon="0.2754108"/>
 <node id="10275516340" visible="true" version="1" changeset="130285898" timestamp="2022-12-20T11:21:24Z" user="Sylvain M" uid="672931" lat="48.5536684" lon="0.2753686"/>
 <node id="10275516341" visible="true" version="1" changeset="130285898" timestamp="2022-12-20T11:21:24Z" user="Sylvain M" uid="672931" lat="48.5536914" lon="0.2753537"/>
 <node id="10275516342" visible="true" version="1" changeset="130285898" timestamp="2022-12-20T11:21:24Z" user="Sylvain M" uid="672931" lat="48.5537144" lon="0.2753314"/>
 <node id="10275516343" visible="true" version="1" changeset="130285898" timestamp="2022-12-20T11:21:24Z" user="Sylvain M" uid="672931" lat="48.5537226" lon="0.2753016"/>
 <node id="10275516344" visible="true" version="1" changeset="130285898" timestamp="2022-12-20T11:21:24Z" user="Sylvain M" uid="672931" lat="48.5537226" lon="0.2752470"/>
 <node id="10275516345" visible="true" version="1" changeset="130285898" timestamp="2022-12-20T11:21:24Z" user="Sylvain M" uid="672931" lat="48.5536848" lon="0.2731548"/>
 <node id="10275516346" visible="true" version="1" changeset="130285898" timestamp="2022-12-20T11:21:24Z" user="Sylvain M" uid="672931" lat="48.5536837" lon="0.2730964"/>
 <node id="10275516347" visible="true" version="1" changeset="130285898" timestamp="2022-12-20T11:21:24Z" user="Sylvain M" uid="672931" lat="48.5536753" lon="0.2730722"/>
 <node id="10275516348" visible="true" version="1" changeset="130285898" timestamp="2022-12-20T11:21:24Z" user="Sylvain M" uid="672931" lat="48.5536601" lon="0.2730645"/>
 <node id="10275516349" visible="true" version="1" changeset="130285898" timestamp="2022-12-20T11:21:24Z" user="Sylvain M" uid="672931" lat="48.5536432" lon="0.2730722"/>
 <node id="10275516350" visible="true" version="1" changeset="130285898" timestamp="2022-12-20T11:21:24Z" user="Sylvain M" uid="672931" lat="48.5536322" lon="0.2730887"/>
 <node id="10275516351" visible="true" version="1" changeset="130285898" timestamp="2022-12-20T11:21:24Z" user="Sylvain M" uid="672931" lat="48.5536212" lon="0.2731206"/>
 <node id="10275516352" visible="true" version="1" changeset="130285898" timestamp="2022-12-20T11:21:24Z" user="Sylvain M" uid="672931" lat="48.5536111" lon="0.2731296"/>
 <node id="10275516353" visible="true" version="1" changeset="130285898" timestamp="2022-12-20T11:21:24Z" user="Sylvain M" uid="672931" lat="48.5535866" lon="0.2731308"/>
 <node id="10275516354" visible="true" version="1" changeset="130285898" timestamp="2022-12-20T11:21:24Z" user="Sylvain M" uid="672931" lat="48.5534135" lon="0.2730734"/>
 <node id="10275516355" visible="true" version="1" changeset="130285898" timestamp="2022-12-20T11:21:24Z" user="Sylvain M" uid="672931" lat="48.5534143" lon="0.2729490"/>
 <node id="10275516356" visible="true" version="1" changeset="130285898" timestamp="2022-12-20T11:21:24Z" user="Sylvain M" uid="672931" lat="48.5535232" lon="0.2728698"/>
 <node id="10275516357" visible="true" version="1" changeset="130285898" timestamp="2022-12-20T11:21:24Z" user="Sylvain M" uid="672931" lat="48.5539470" lon="0.2728791"/>
 <node id="10275516358" visible="true" version="1" changeset="130285898" timestamp="2022-12-20T11:21:24Z" user="Sylvain M" uid="672931" lat="48.5539503" lon="0.2736948"/>
 <node id="10275516359" visible="true" version="1" changeset="130285898" timestamp="2022-12-20T11:21:24Z" user="Sylvain M" uid="672931" lat="48.5539225" lon="0.2737730"/>
 <node id="10275516360" visible="true" version="1" changeset="130285898" timestamp="2022-12-20T11:21:24Z" user="Sylvain M" uid="672931" lat="48.5538899" lon="0.2738550"/>
 <node id="10275516361" visible="true" version="1" changeset="130285898" timestamp="2022-12-20T11:21:24Z" user="Sylvain M" uid="672931" lat="48.5538754" lon="0.2739537"/>
 <node id="10275516362" visible="true" version="1" changeset="130285898" timestamp="2022-12-20T11:21:24Z" user="Sylvain M" uid="672931" lat="48.5539210" lon="0.2748421"/>
 <node id="10275516363" visible="true" version="1" changeset="130285898" timestamp="2022-12-20T11:21:24Z" user="Sylvain M" uid="672931" lat="48.5550670" lon="0.2753741"/>
 <node id="10275516364" visible="true" version="1" changeset="130285898" timestamp="2022-12-20T11:21:24Z" user="Sylvain M" uid="672931" lat="48.5540289" lon="0.2748820"/>
 <node id="10275516365" visible="true" version="1" changeset="130285898" timestamp="2022-12-20T11:21:24Z" user="Sylvain M" uid="672931" lat="48.5540306" lon="0.2753573"/>
 <node id="10275516366" visible="true" version="1" changeset="130285898" timestamp="2022-12-20T11:21:24Z" user="Sylvain M" uid="672931" lat="48.5524295" lon="0.2740313"/>
 <node id="10275516367" visible="true" version="1" changeset="130285898" timestamp="2022-12-20T11:21:24Z" user="Sylvain M" uid="672931" lat="48.5524438" lon="0.2740773"/>
 <node id="10275516368" visible="true" version="1" changeset="130285898" timestamp="2022-12-20T11:21:24Z" user="Sylvain M" uid="672931" lat="48.5524599" lon="0.2741015"/>
 <node id="10275516369" visible="true" version="1" changeset="130285898" timestamp="2022-12-20T11:21:24Z" user="Sylvain M" uid="672931" lat="48.5524827" lon="0.2741066"/>
 <node id="10275516370" visible="true" version="1" changeset="130285898" timestamp="2022-12-20T11:21:24Z" user="Sylvain M" uid="672931" lat="48.5525063" lon="0.2741245"/>
 <node id="10275516371" visible="true" version="1" changeset="130285898" timestamp="2022-12-20T11:21:24Z" user="Sylvain M" uid="672931" lat="48.5525232" lon="0.2741793"/>
 <node id="10275516372" visible="true" version="1" changeset="130285898" timestamp="2022-12-20T11:21:24Z" user="Sylvain M" uid="672931" lat="48.5525240" lon="0.2742329"/>
 <node id="10275516373" visible="true" version="1" changeset="130285898" timestamp="2022-12-20T11:21:24Z" user="Sylvain M" uid="672931" lat="48.5524979" lon="0.2742623"/>
 <node id="10275516374" visible="true" version="1" changeset="130285898" timestamp="2022-12-20T11:21:24Z" user="Sylvain M" uid="672931" lat="48.5524303" lon="0.2743018"/>
 <node id="10275516375" visible="true" version="1" changeset="130285898" timestamp="2022-12-20T11:21:24Z" user="Sylvain M" uid="672931" lat="48.5523678" lon="0.2742789"/>
 <node id="10275516376" visible="true" version="1" changeset="130285898" timestamp="2022-12-20T11:21:24Z" user="Sylvain M" uid="672931" lat="48.5523577" lon="0.2742623"/>
 <node id="10275516377" visible="true" version="1" changeset="130285898" timestamp="2022-12-20T11:21:24Z" user="Sylvain M" uid="672931" lat="48.5523543" lon="0.2741985"/>
 <node id="10275516378" visible="true" version="1" changeset="130285898" timestamp="2022-12-20T11:21:24Z" user="Sylvain M" uid="672931" lat="48.5523830" lon="0.2740849"/>
 <node id="10275516379" visible="true" version="1" changeset="130285898" timestamp="2022-12-20T11:21:24Z" user="Sylvain M" uid="672931" lat="48.5523881" lon="0.2740122"/>
 <node id="10275516380" visible="true" version="1" changeset="130285898" timestamp="2022-12-20T11:21:24Z" user="Sylvain M" uid="672931" lat="48.5523965" lon="0.2739790"/>
 <node id="10275516381" visible="true" version="1" changeset="130285898" timestamp="2022-12-20T11:21:24Z" user="Sylvain M" uid="672931" lat="48.5524151" lon="0.2739829"/>
 <node id="10275516382" visible="true" version="1" changeset="130285898" timestamp="2022-12-20T11:21:24Z" user="Sylvain M" uid="672931" lat="48.5524261" lon="0.2740020"/>
 <node id="11627169547" visible="true" version="2" changeset="158970024" timestamp="2024-11-10T14:38:50Z" user="Penegal" uid="2815659" lat="47.8055456" lon="0.9676550"/>
 <node id="11949984083" visible="true" version="3" changeset="152121314" timestamp="2024-06-01T13:26:15Z" user="ObscureAngel" uid="20284227" lat="48.5555735" lon="0.2749277">
  <tag k="access" v="customers"/>
  <tag k="addr:housenumber" v="7-9-11"/>
  <tag k="addr:street" v="Route du Mêle"/>
  <tag k="covered" v="no"/>
  <tag k="fee" v="yes"/>
  <tag k="indoor" v="no"/>
  <tag k="leisure" v="pitch"/>
  <tag k="lit" v="no"/>
  <tag k="name" v="Ouest Paintball"/>
  <tag k="name:fr" v="Ouest Paintball"/>
  <tag k="source" v="survey;local knowledge"/>
  <tag k="sport" v="paintball"/>
  <tag k="surface" v="grass"/>
 </node>
 <node id="12141830806" visible="true" version="1" changeset="155872504" timestamp="2024-08-28T10:23:20Z" user="wuff57" uid="2583033" lat="48.5469076" lon="0.2852315"/>
 <node id="12141830807" visible="true" version="1" changeset="155872504" timestamp="2024-08-28T10:23:20Z" user="wuff57" uid="2583033" lat="48.5469804" lon="0.2853656"/>
 <node id="12141830808" visible="true" version="1" changeset="155872504" timestamp="2024-08-28T10:23:20Z" user="wuff57" uid="2583033" lat="48.5471047" lon="0.2853414"/>
 <node id="12141830809" visible="true" version="1" changeset="155872504" timestamp="2024-08-28T10:23:20Z" user="wuff57" uid="2583033" lat="48.5472290" lon="0.2852690"/>
 <node id="12141830810" visible="true" version="1" changeset="155872504" timestamp="2024-08-28T10:23:20Z" user="wuff57" uid="2583033" lat="48.5474652" lon="0.2849767"/>
 <node id="12141830811" visible="true" version="1" changeset="155872504" timestamp="2024-08-28T10:23:20Z" user="wuff57" uid="2583033" lat="48.5483547" lon="0.2835014"/>
 <node id="12141830812" visible="true" version="1" changeset="155872504" timestamp="2024-08-28T10:23:20Z" user="wuff57" uid="2583033" lat="48.5499279" lon="0.2813879"/>
 <node id="12141830813" visible="true" version="1" changeset="155872504" timestamp="2024-08-28T10:23:20Z" user="wuff57" uid="2583033" lat="48.5501072" lon="0.2810580"/>
 <node id="12141830814" visible="true" version="1" changeset="155872504" timestamp="2024-08-28T10:23:20Z" user="wuff57" uid="2583033" lat="48.5503451" lon="0.2804008"/>
 <node id="12141830815" visible="true" version="1" changeset="155872504" timestamp="2024-08-28T10:23:20Z" user="wuff57" uid="2583033" lat="48.5503682" lon="0.2798483"/>
 <node id="12141830816" visible="true" version="1" changeset="155872504" timestamp="2024-08-28T10:23:20Z" user="wuff57" uid="2583033" lat="48.5504037" lon="0.2792260"/>
 <node id="12141830817" visible="true" version="1" changeset="155872504" timestamp="2024-08-28T10:23:20Z" user="wuff57" uid="2583033" lat="48.5504712" lon="0.2783489"/>
 <node id="12141830818" visible="true" version="1" changeset="155872504" timestamp="2024-08-28T10:23:20Z" user="wuff57" uid="2583033" lat="48.5510257" lon="0.2760287"/>
 <node id="12141830819" visible="true" version="1" changeset="155872504" timestamp="2024-08-28T10:23:20Z" user="wuff57" uid="2583033" lat="48.5510518" lon="0.2758679"/>
 <node id="12141830820" visible="true" version="1" changeset="155872504" timestamp="2024-08-28T10:23:20Z" user="wuff57" uid="2583033" lat="48.5511033" lon="0.2757069"/>
 <node id="12141830821" visible="true" version="1" changeset="155872504" timestamp="2024-08-28T10:23:20Z" user="wuff57" uid="2583033" lat="48.5511636" lon="0.2756828"/>
 <node id="12141830822" visible="true" version="1" changeset="155872504" timestamp="2024-08-28T10:23:20Z" user="wuff57" uid="2583033" lat="48.5511814" lon="0.2759081"/>
 <node id="12141830823" visible="true" version="1" changeset="155872504" timestamp="2024-08-28T10:23:20Z" user="wuff57" uid="2583033" lat="48.5512311" lon="0.2761441"/>
 <node id="12141830824" visible="true" version="1" changeset="155872504" timestamp="2024-08-28T10:23:20Z" user="wuff57" uid="2583033" lat="48.5511767" lon="0.2761803"/>
 <node id="12141830825" visible="true" version="1" changeset="155872504" timestamp="2024-08-28T10:23:20Z" user="wuff57" uid="2583033" lat="48.5505706" lon="0.2778661"/>
 <node id="12141830826" visible="true" version="1" changeset="155872504" timestamp="2024-08-28T10:23:20Z" user="wuff57" uid="2583033" lat="48.5507908" lon="0.2766484"/>
 <node id="12141830827" visible="true" version="1" changeset="155872504" timestamp="2024-08-28T10:23:20Z" user="wuff57" uid="2583033" lat="48.5508867" lon="0.2761495"/>
 <node id="12141830828" visible="true" version="1" changeset="155872504" timestamp="2024-08-28T10:23:20Z" user="wuff57" uid="2583033" lat="48.5508902" lon="0.2757794"/>
 <node id="12141830829" visible="true" version="1" changeset="155872504" timestamp="2024-08-28T10:23:20Z" user="wuff57" uid="2583033" lat="48.5509399" lon="0.2755380"/>
 <node id="12141830830" visible="true" version="1" changeset="155872504" timestamp="2024-08-28T10:23:20Z" user="wuff57" uid="2583033" lat="48.5510358" lon="0.2752697"/>
 <node id="12141830831" visible="true" version="1" changeset="155872504" timestamp="2024-08-28T10:23:20Z" user="wuff57" uid="2583033" lat="48.5511104" lon="0.2748513"/>
 <node id="12141830832" visible="true" version="1" changeset="155872504" timestamp="2024-08-28T10:23:20Z" user="wuff57" uid="2583033" lat="48.5510855" lon="0.2742076"/>
 <node id="12141830833" visible="true" version="1" changeset="155872504" timestamp="2024-08-28T10:23:20Z" user="wuff57" uid="2583033" lat="48.5510784" lon="0.2725929"/>
 <node id="12141830834" visible="true" version="1" changeset="155872504" timestamp="2024-08-28T10:23:20Z" user="wuff57" uid="2583033" lat="48.5503167" lon="0.2805617"/>
 <node id="12141830835" visible="true" version="1" changeset="155872504" timestamp="2024-08-28T10:23:20Z" user="wuff57" uid="2583033" lat="48.5504517" lon="0.2806020"/>
 <node id="12141830836" visible="true" version="1" changeset="155872504" timestamp="2024-08-28T10:23:20Z" user="wuff57" uid="2583033" lat="48.5506825" lon="0.2805644"/>
 <node id="12141830837" visible="true" version="1" changeset="155872504" timestamp="2024-08-28T10:23:20Z" user="wuff57" uid="2583033" lat="48.5510003" lon="0.2805510"/>
 <node id="12141830838" visible="true" version="1" changeset="155872504" timestamp="2024-08-28T10:23:20Z" user="wuff57" uid="2583033" lat="48.5514619" lon="0.2804518"/>
 <node id="12141830839" visible="true" version="1" changeset="155872504" timestamp="2024-08-28T10:23:20Z" user="wuff57" uid="2583033" lat="48.5516537" lon="0.2805135"/>
 <node id="12141830840" visible="true" version="1" changeset="155872504" timestamp="2024-08-28T10:23:20Z" user="wuff57" uid="2583033" lat="48.5517922" lon="0.2805456"/>
 <node id="12141830841" visible="true" version="1" changeset="155872504" timestamp="2024-08-28T10:23:20Z" user="wuff57" uid="2583033" lat="48.5518064" lon="0.2803606"/>
 <node id="12141830842" visible="true" version="1" changeset="155872504" timestamp="2024-08-28T10:23:20Z" user="wuff57" uid="2583033" lat="48.5518046" lon="0.2802131"/>
 <node id="12141830843" visible="true" version="1" changeset="155872504" timestamp="2024-08-28T10:23:20Z" user="wuff57" uid="2583033" lat="48.5518632" lon="0.2800709"/>
 <node id="12141830844" visible="true" version="1" changeset="155872504" timestamp="2024-08-28T10:23:20Z" user="wuff57" uid="2583033" lat="48.5519733" lon="0.2800602"/>
 <node id="12141830845" visible="true" version="1" changeset="155872504" timestamp="2024-08-28T10:23:20Z" user="wuff57" uid="2583033" lat="48.5521650" lon="0.2800789"/>
 <node id="12141830846" visible="true" version="1" changeset="155872504" timestamp="2024-08-28T10:23:20Z" user="wuff57" uid="2583033" lat="48.5523106" lon="0.2800065"/>
 <node id="12141830847" visible="true" version="1" changeset="155872504" timestamp="2024-08-28T10:23:20Z" user="wuff57" uid="2583033" lat="48.5526497" lon="0.2799422"/>
 <node id="12141830848" visible="true" version="1" changeset="155872504" timestamp="2024-08-28T10:23:20Z" user="wuff57" uid="2583033" lat="48.5529853" lon="0.2799931"/>
 <node id="12141830849" visible="true" version="1" changeset="155872504" timestamp="2024-08-28T10:23:20Z" user="wuff57" uid="2583033" lat="48.5532605" lon="0.2800870"/>
 <node id="12141830850" visible="true" version="1" changeset="155872504" timestamp="2024-08-28T10:23:20Z" user="wuff57" uid="2583033" lat="48.5539227" lon="0.2803096"/>
 <node id="12141830851" visible="true" version="1" changeset="155872504" timestamp="2024-08-28T10:23:20Z" user="wuff57" uid="2583033" lat="48.5541925" lon="0.2803874"/>
 <node id="12141830852" visible="true" version="1" changeset="155872504" timestamp="2024-08-28T10:23:20Z" user="wuff57" uid="2583033" lat="48.5544393" lon="0.2805993"/>
 <node id="12141830853" visible="true" version="1" changeset="155872504" timestamp="2024-08-28T10:23:20Z" user="wuff57" uid="2583033" lat="48.5545370" lon="0.2806717"/>
 <node id="12141830854" visible="true" version="1" changeset="155872504" timestamp="2024-08-28T10:23:20Z" user="wuff57" uid="2583033" lat="48.5550447" lon="0.2810472"/>
 <node id="12141830855" visible="true" version="1" changeset="155872504" timestamp="2024-08-28T10:23:20Z" user="wuff57" uid="2583033" lat="48.5557087" lon="0.2808809"/>
 <node id="12141830856" visible="true" version="1" changeset="155872504" timestamp="2024-08-28T10:23:20Z" user="wuff57" uid="2583033" lat="48.5564082" lon="0.2798080"/>
 <node id="12141830857" visible="true" version="1" changeset="155872504" timestamp="2024-08-28T10:23:20Z" user="wuff57" uid="2583033" lat="48.5568271" lon="0.2792984"/>
 <node id="12141830865" visible="true" version="1" changeset="155872504" timestamp="2024-08-28T10:23:20Z" user="wuff57" uid="2583033" lat="48.5572568" lon="0.2790409"/>
 <node id="12141830866" visible="true" version="1" changeset="155872504" timestamp="2024-08-28T10:23:20Z" user="wuff57" uid="2583033" lat="48.5577716" lon="0.2786386"/>
 <node id="12141830867" visible="true" version="1" changeset="155872504" timestamp="2024-08-28T10:23:20Z" user="wuff57" uid="2583033" lat="48.5581302" lon="0.2784294"/>
 <node id="12141830868" visible="true" version="1" changeset="155872504" timestamp="2024-08-28T10:23:20Z" user="wuff57" uid="2583033" lat="48.5583184" lon="0.2784777"/>
 <node id="12141830869" visible="true" version="1" changeset="155872504" timestamp="2024-08-28T10:23:20Z" user="wuff57" uid="2583033" lat="48.5585456" lon="0.2784401"/>
 <node id="12141830870" visible="true" version="1" changeset="155872504" timestamp="2024-08-28T10:23:20Z" user="wuff57" uid="2583033" lat="48.5594155" lon="0.2774531"/>
 <node id="12328732869" visible="true" version="1" changeset="158970024" timestamp="2024-11-10T14:38:50Z" user="Penegal" uid="2815659" lat="47.7748679" lon="0.9499737"/>
 <node id="12328732870" visible="true" version="1" changeset="158970024" timestamp="2024-11-10T14:38:50Z" user="Penegal" uid="2815659" lat="47.7739450" lon="0.9410473"/>
 <node id="12328732871" visible="true" version="1" changeset="158970024" timestamp="2024-11-10T14:38:50Z" user="Penegal" uid="2815659" lat="47.7836349" lon="0.9053418"/>
 <node id="12328732872" visible="true" version="1" changeset="158970024" timestamp="2024-11-10T14:38:50Z" user="Penegal" uid="2815659" lat="47.7658687" lon="0.8995053"/>
 <node id="12328732873" visible="true" version="1" changeset="158970024" timestamp="2024-11-10T14:38:50Z" user="Penegal" uid="2815659" lat="47.7492508" lon="0.8768460"/>
 <node id="12328732874" visible="true" version="1" changeset="158970024" timestamp="2024-11-10T14:38:50Z" user="Penegal" uid="2815659" lat="47.7654072" lon="0.8339306"/>
 <node id="12328732875" visible="true" version="1" changeset="158970024" timestamp="2024-11-10T14:38:50Z" user="Penegal" uid="2815659" lat="47.7656380" lon="0.7858654"/>
 <node id="12328732876" visible="true" version="1" changeset="158970024" timestamp="2024-11-10T14:38:50Z" user="Penegal" uid="2815659" lat="47.7591759" lon="0.7558249"/>
 <node id="12328732877" visible="true" version="1" changeset="158970024" timestamp="2024-11-10T14:38:50Z" user="Penegal" uid="2815659" lat="47.7579065" lon="0.7209776"/>
 <node id="12328732878" visible="true" version="1" changeset="158970024" timestamp="2024-11-10T14:38:50Z" user="Penegal" uid="2815659" lat="47.7630993" lon="0.7087897"/>
 <node id="12328732879" visible="true" version="1" changeset="158970024" timestamp="2024-11-10T14:38:50Z" user="Penegal" uid="2815659" lat="47.7819045" lon="0.7165144"/>
 <node id="12328732880" visible="true" version="1" changeset="158970024" timestamp="2024-11-10T14:38:50Z" user="Penegal" uid="2815659" lat="47.8198404" lon="0.7441519"/>
 <node id="12328732881" visible="true" version="1" changeset="158970024" timestamp="2024-11-10T14:38:50Z" user="Penegal" uid="2815659" lat="47.8681137" lon="0.7923887"/>
 <node id="12328732882" visible="true" version="1" changeset="158970024" timestamp="2024-11-10T14:38:50Z" user="Penegal" uid="2815659" lat="47.9032248" lon="0.8349608"/>
 <node id="12328732883" visible="true" version="1" changeset="158970024" timestamp="2024-11-10T14:38:50Z" user="Penegal" uid="2815659" lat="47.9185281" lon="0.8490370"/>
 <node id="12328732884" visible="true" version="1" changeset="158970024" timestamp="2024-11-10T14:38:50Z" user="Penegal" uid="2815659" lat="47.9326767" lon="0.8456038"/>
 <node id="12328732885" visible="true" version="1" changeset="158970024" timestamp="2024-11-10T14:38:50Z" user="Penegal" uid="2815659" lat="47.9507307" lon="0.8504103"/>
 <node id="12328732886" visible="true" version="1" changeset="158970024" timestamp="2024-11-10T14:38:50Z" user="Penegal" uid="2815659" lat="47.9634912" lon="0.8407973"/>
 <node id="12328732887" visible="true" version="1" changeset="158970024" timestamp="2024-11-10T14:38:50Z" user="Penegal" uid="2815659" lat="47.9815344" lon="0.8219145"/>
 <node id="12328732888" visible="true" version="1" changeset="158970024" timestamp="2024-11-10T14:38:50Z" user="Penegal" uid="2815659" lat="47.9924492" lon="0.8213995"/>
 <node id="12328732889" visible="true" version="1" changeset="158970024" timestamp="2024-11-10T14:38:50Z" user="Penegal" uid="2815659" lat="48.0102527" lon="0.8217428"/>
 <node id="12328732890" visible="true" version="1" changeset="158970024" timestamp="2024-11-10T14:38:50Z" user="Penegal" uid="2815659" lat="48.0205873" lon="0.8177946"/>
 <node id="12328732891" visible="true" version="1" changeset="158970024" timestamp="2024-11-10T14:38:50Z" user="Penegal" uid="2815659" lat="48.0314939" lon="0.8133314"/>
 <node id="12328732892" visible="true" version="1" changeset="158970024" timestamp="2024-11-10T14:38:50Z" user="Penegal" uid="2815659" lat="48.0399879" lon="0.8002852"/>
 <node id="12328732893" visible="true" version="1" changeset="158970024" timestamp="2024-11-10T14:38:50Z" user="Penegal" uid="2815659" lat="48.0396436" lon="0.7880972"/>
 <node id="12328732894" visible="true" version="1" changeset="158970024" timestamp="2024-11-10T14:38:50Z" user="Penegal" uid="2815659" lat="48.0409061" lon="0.7726477"/>
 <node id="12328732895" visible="true" version="1" changeset="158970024" timestamp="2024-11-10T14:38:50Z" user="Penegal" uid="2815659" lat="48.0478780" lon="0.7512331"/>
 <node id="12328732896" visible="true" version="1" changeset="158970024" timestamp="2024-11-10T14:38:50Z" user="Penegal" uid="2815659" lat="48.0501157" lon="0.7426071"/>
 <node id="12328732897" visible="true" version="2" changeset="158970875" timestamp="2024-11-10T14:59:12Z" user="Penegal" uid="2815659" lat="48.6347239" lon="0.4796215"/>
 <node id="12328732898" visible="true" version="2" changeset="158970875" timestamp="2024-11-10T14:59:12Z" user="Penegal" uid="2815659" lat="48.6143000" lon="0.4439160"/>
 <node id="12328745808" visible="true" version="1" changeset="158970024" timestamp="2024-11-10T14:38:50Z" user="Penegal" uid="2815659" lat="48.6010198" lon="0.4198836"/>
 <node id="12328745809" visible="true" version="1" changeset="158970024" timestamp="2024-11-10T14:38:50Z" user="Penegal" uid="2815659" lat="48.5919374" lon="0.4224586"/>
 <node id="12328745810" visible="true" version="1" changeset="158970024" timestamp="2024-11-10T14:38:50Z" user="Penegal" uid="2815659" lat="48.5821720" lon="0.4209994"/>
 <node id="12328745811" visible="true" version="1" changeset="158970024" timestamp="2024-11-10T14:38:50Z" user="Penegal" uid="2815659" lat="48.5695083" lon="0.4181670"/>
 <node id="12328745812" visible="true" version="1" changeset="158970024" timestamp="2024-11-10T14:38:50Z" user="Penegal" uid="2815659" lat="48.5529782" lon="0.4290675"/>
 <node id="12328745813" visible="true" version="1" changeset="158970024" timestamp="2024-11-10T14:38:50Z" user="Penegal" uid="2815659" lat="48.5453362" lon="0.4319429"/>
 <node id="12328745814" visible="true" version="1" changeset="158970024" timestamp="2024-11-10T14:38:50Z" user="Penegal" uid="2815659" lat="48.5472967" lon="0.4113003"/>
 <node id="12328745815" visible="true" version="1" changeset="158970024" timestamp="2024-11-10T14:38:50Z" user="Penegal" uid="2815659" lat="48.5518421" lon="0.3625485"/>
 <node id="12328745816" visible="true" version="1" changeset="158970024" timestamp="2024-11-10T14:38:50Z" user="Penegal" uid="2815659" lat="48.5436601" lon="0.3251263"/>
 <node id="12328745817" visible="true" version="1" changeset="158970024" timestamp="2024-11-10T14:38:50Z" user="Penegal" uid="2815659" lat="48.5463876" lon="0.3062436"/>
 <node id="12328745818" visible="true" version="1" changeset="158970024" timestamp="2024-11-10T14:38:50Z" user="Penegal" uid="2815659" lat="48.5550236" lon="0.2715680"/>
 <node id="12328745819" visible="true" version="1" changeset="158970024" timestamp="2024-11-10T14:38:50Z" user="Penegal" uid="2815659" lat="48.5413871" lon="0.2523419"/>
 <node id="12328745820" visible="true" version="1" changeset="158970024" timestamp="2024-11-10T14:38:50Z" user="Penegal" uid="2815659" lat="48.5268374" lon="0.2286526"/>
 <node id="12328745821" visible="true" version="1" changeset="158970024" timestamp="2024-11-10T14:38:50Z" user="Penegal" uid="2815659" lat="48.5131932" lon="0.2255627"/>
 <node id="12328745822" visible="true" version="1" changeset="158970024" timestamp="2024-11-10T14:38:50Z" user="Penegal" uid="2815659" lat="48.4922650" lon="0.2152630"/>
 <node id="12328745823" visible="true" version="1" changeset="158970024" timestamp="2024-11-10T14:38:50Z" user="Penegal" uid="2815659" lat="48.4833907" lon="0.2331158"/>
 <node id="12328745824" visible="true" version="1" changeset="158970024" timestamp="2024-11-10T14:38:50Z" user="Penegal" uid="2815659" lat="48.4831631" lon="0.2533718"/>
 <node id="12328745825" visible="true" version="1" changeset="158970024" timestamp="2024-11-10T14:38:50Z" user="Penegal" uid="2815659" lat="48.4924925" lon="0.2966305"/>
 <node id="12328745826" visible="true" version="1" changeset="158970024" timestamp="2024-11-10T14:38:50Z" user="Penegal" uid="2815659" lat="48.5043225" lon="0.3134533"/>
 <node id="12328745827" visible="true" version="1" changeset="158970024" timestamp="2024-11-10T14:38:50Z" user="Penegal" uid="2815659" lat="48.5125109" lon="0.3536221"/>
 <node id="12328745828" visible="true" version="1" changeset="158970024" timestamp="2024-11-10T14:38:50Z" user="Penegal" uid="2815659" lat="48.5006828" lon="0.3701016"/>
 <node id="12328745829" visible="true" version="1" changeset="158970024" timestamp="2024-11-10T14:38:50Z" user="Penegal" uid="2815659" lat="48.4927201" lon="0.3694149"/>
 <node id="12328745830" visible="true" version="1" changeset="158970024" timestamp="2024-11-10T14:38:50Z" user="Penegal" uid="2815659" lat="48.4688243" lon="0.4164502"/>
 <node id="12328745831" visible="true" version="1" changeset="158970024" timestamp="2024-11-10T14:38:50Z" user="Penegal" uid="2815659" lat="48.4415010" lon="0.4576489"/>
 <node id="12328745832" visible="true" version="1" changeset="158970024" timestamp="2024-11-10T14:38:50Z" user="Penegal" uid="2815659" lat="48.4330734" lon="0.4384228"/>
 <node id="12328745833" visible="true" version="1" changeset="158970024" timestamp="2024-11-10T14:38:50Z" user="Penegal" uid="2815659" lat="48.4214546" lon="0.4339596"/>
 <node id="12328745834" visible="true" version="1" changeset="158970024" timestamp="2024-11-10T14:38:50Z" user="Penegal" uid="2815659" lat="48.4045913" lon="0.4288098"/>
 <node id="12328745835" visible="true" version="1" changeset="158970024" timestamp="2024-11-10T14:38:50Z" user="Penegal" uid="2815659" lat="48.3927381" lon="0.4384228"/>
 <node id="12328745836" visible="true" version="1" changeset="158970024" timestamp="2024-11-10T14:38:50Z" user="Penegal" uid="2815659" lat="48.3797419" lon="0.4995343"/>
 <node id="12328745837" visible="true" version="1" changeset="158970024" timestamp="2024-11-10T14:38:50Z" user="Penegal" uid="2815659" lat="48.3799700" lon="0.5712887"/>
 <node id="12328745838" visible="true" version="1" changeset="158970024" timestamp="2024-11-10T14:38:50Z" user="Penegal" uid="2815659" lat="48.3729005" lon="0.5681988"/>
 <node id="12328745839" visible="true" version="1" changeset="158970024" timestamp="2024-11-10T14:38:50Z" user="Penegal" uid="2815659" lat="48.3379950" lon="0.5304333"/>
 <node id="12328745840" visible="true" version="1" changeset="158970024" timestamp="2024-11-10T14:38:50Z" user="Penegal" uid="2815659" lat="48.3092314" lon="0.4926678"/>
 <node id="12328745841" visible="true" version="1" changeset="158970024" timestamp="2024-11-10T14:38:50Z" user="Penegal" uid="2815659" lat="48.2548557" lon="0.4480359"/>
 <node id="12328745842" visible="true" version="1" changeset="158970024" timestamp="2024-11-10T14:38:50Z" user="Penegal" uid="2815659" lat="48.2230718" lon="0.4308697"/>
 <node id="12328745843" visible="true" version="1" changeset="158970024" timestamp="2024-11-10T14:38:50Z" user="Penegal" uid="2815659" lat="48.1834857" lon="0.4700085"/>
 <node id="12328745844" visible="true" version="1" changeset="158970024" timestamp="2024-11-10T14:38:50Z" user="Penegal" uid="2815659" lat="48.1374543" lon="0.4957577"/>
 <node id="12328745845" visible="true" version="1" changeset="158970024" timestamp="2024-11-10T14:38:50Z" user="Penegal" uid="2815659" lat="48.1078899" lon="0.5170437"/>
 <node id="12328745846" visible="true" version="1" changeset="158970024" timestamp="2024-11-10T14:38:50Z" user="Penegal" uid="2815659" lat="48.0879416" lon="0.5149838"/>
 <node id="12328745847" visible="true" version="1" changeset="158970024" timestamp="2024-11-10T14:38:50Z" user="Penegal" uid="2815659" lat="48.0739502" lon="0.4833981"/>
 <node id="12328745848" visible="true" version="1" changeset="158970024" timestamp="2024-11-10T14:38:50Z" user="Penegal" uid="2815659" lat="48.0592666" lon="0.4909512"/>
 <node id="12328745849" visible="true" version="1" changeset="158970024" timestamp="2024-11-10T14:38:50Z" user="Penegal" uid="2815659" lat="48.0404471" lon="0.5324932"/>
 <node id="12328745850" visible="true" version="1" changeset="158970024" timestamp="2024-11-10T14:38:50Z" user="Penegal" uid="2815659" lat="48.0404471" lon="0.5874249"/>
 <node id="12328745851" visible="true" version="1" changeset="158970024" timestamp="2024-11-10T14:38:50Z" user="Penegal" uid="2815659" lat="48.0484807" lon="0.6512829"/>
 <node id="12328745852" visible="true" version="1" changeset="158970024" timestamp="2024-11-10T14:38:50Z" user="Penegal" uid="2815659" lat="48.0562835" lon="0.6859585"/>
 <node id="12328745853" visible="true" version="1" changeset="158970024" timestamp="2024-11-10T14:38:50Z" user="Penegal" uid="2815659" lat="48.0546771" lon="0.7089611"/>
 <node id="12328745854" visible="true" version="1" changeset="158970024" timestamp="2024-11-10T14:38:50Z" user="Penegal" uid="2815659" lat="48.0541464" lon="0.7405254"/>
 <node id="13907313782" visible="true" version="1" changeset="183595463" timestamp="2026-06-03T13:46:28Z" user="ZekOwney" uid="19052266" lat="48.5570270" lon="0.2704570">
  <tag k="addr:housenumber" v="2022"/>
  <tag k="addr:street" v="Route de Marguerite de Lorraine"/>
 </node>
 <node id="13909079766" visible="true" version="1" changeset="183630063" timestamp="2026-06-04T08:02:40Z" user="ZekOwney" uid="19052266" lat="48.5574234" lon="0.2697645">
  <tag k="addr:housenumber" v="7"/>
  <tag k="addr:street" v="Route de l'Étang"/>
 </node>
 <node id="13909079772" visible="true" version="1" changeset="183630063" timestamp="2026-06-04T08:02:40Z" user="ZekOwney" uid="19052266" lat="48.5572723" lon="0.2697091">
  <tag k="addr:housenumber" v="18"/>
  <tag k="addr:street" v="Route de l'Étang"/>
 </node>
 <node id="14096785109" visible="true" version="1" changeset="187489256" timestamp="2026-08-15T13:39:07Z" user="Eric-Chambly" uid="1002121" lat="48.5589131" lon="0.2643961"/>
 <node id="14096785110" visible="true" version="1" changeset="187489256" timestamp="2026-08-15T13:39:07Z" user="Eric-Chambly" uid="1002121" lat="48.5589894" lon="0.2638435"/>
 <node id="14096785111" visible="true" version="1" changeset="187489256" timestamp="2026-08-15T13:39:07Z" user="Eric-Chambly" uid="1002121" lat="48.5595646" lon="0.2645382"/>
 <node id="14096785112" visible="true" version="1" changeset="187489256" timestamp="2026-08-15T13:39:07Z" user="Eric-Chambly" uid="1002121" lat="48.5595610" lon="0.2651739"/>
 <node id="14096785113" visible="true" version="1" changeset="187489256" timestamp="2026-08-15T13:39:07Z" user="Eric-Chambly" uid="1002121" lat="48.5597456" lon="0.2651712"/>
 <node id="14096785115" visible="true" version="1" changeset="187489256" timestamp="2026-08-15T13:39:07Z" user="Eric-Chambly" uid="1002121" lat="48.5603148" lon="0.2646941"/>
 <node id="14096785116" visible="true" version="1" changeset="187489256" timestamp="2026-08-15T13:39:07Z" user="Eric-Chambly" uid="1002121" lat="48.5606670" lon="0.2654716"/>
 <node id="14096785117" visible="true" version="1" changeset="187489256" timestamp="2026-08-15T13:39:07Z" user="Eric-Chambly" uid="1002121" lat="48.5599640" lon="0.2660859"/>
 <way id="41839461" visible="true" version="18" changeset="120830079" timestamp="2022-05-11T09:31:22Z" user="Alexandre148025" uid="191786">
  <nd ref="4723242102"/>
  <nd ref="516964728"/>
  <nd ref="4723242101"/>
  <nd ref="4723242100"/>
  <nd ref="4723242099"/>
  <nd ref="4723242098"/>
  <nd ref="516964729"/>
  <nd ref="516964730"/>
  <nd ref="516964731"/>
  <nd ref="516964734"/>
  <nd ref="516964735"/>
  <nd ref="516964736"/>
  <nd ref="516964737"/>
  <nd ref="516964739"/>
  <nd ref="516964741"/>
  <nd ref="516964742"/>
  <nd ref="516964743"/>
  <nd ref="9732181954"/>
  <nd ref="516964744"/>
  <nd ref="9732181955"/>
  <nd ref="9732181956"/>
  <nd ref="516964745"/>
  <nd ref="516964746"/>
  <nd ref="516964747"/>
  <nd ref="516964749"/>
  <nd ref="516964750"/>
  <nd ref="516964751"/>
  <nd ref="516964754"/>
  <nd ref="516964755"/>
  <nd ref="516964756"/>
  <nd ref="516964757"/>
  <nd ref="516964758"/>
  <nd ref="9732181953"/>
  <nd ref="516964768"/>
  <nd ref="516964769"/>
  <nd ref="516964770"/>
  <nd ref="516964771"/>
  <nd ref="516964772"/>
  <nd ref="516964773"/>
  <nd ref="516964774"/>
  <nd ref="516964775"/>
  <nd ref="516964776"/>
  <nd ref="516964777"/>
  <nd ref="516964778"/>
  <nd ref="516964779"/>
  <nd ref="516964780"/>
  <nd ref="516964781"/>
  <nd ref="516964782"/>
  <nd ref="516964783"/>
  <nd ref="516964784"/>
  <nd ref="9732181591"/>
  <nd ref="4723245025"/>
  <nd ref="9732181590"/>
  <nd ref="9732181589"/>
  <nd ref="516964785"/>
  <nd ref="516964786"/>
  <nd ref="516964787"/>
  <nd ref="516964788"/>
  <nd ref="516964789"/>
  <nd ref="516964790"/>
  <nd ref="9732181588"/>
  <nd ref="516964791"/>
  <nd ref="516964792"/>
  <nd ref="9732181585"/>
  <nd ref="516964793"/>
  <nd ref="516964794"/>
  <nd ref="516964795"/>
  <nd ref="516964796"/>
  <nd ref="516964797"/>
  <nd ref="9732181586"/>
  <nd ref="9732181587"/>
  <nd ref="516964798"/>
  <nd ref="516964799"/>
  <nd ref="516964800"/>
  <nd ref="9732181952"/>
  <nd ref="516964801"/>
  <nd ref="516964802"/>
  <nd ref="516964803"/>
  <nd ref="516964804"/>
  <nd ref="516964805"/>
  <nd ref="516964806"/>
  <nd ref="516964807"/>
  <nd ref="516964808"/>
  <nd ref="516964809"/>
  <nd ref="516964810"/>
  <nd ref="9732181584"/>
  <nd ref="9732181582"/>
  <nd ref="9732181583"/>
  <nd ref="9732181581"/>
  <nd ref="516964811"/>
  <nd ref="9732181580"/>
  <nd ref="9732181579"/>
  <nd ref="9732181578"/>
  <nd ref="516964812"/>
  <nd ref="516964814"/>
  <nd ref="516964815"/>
  <nd ref="516964816"/>
  <nd ref="516964817"/>
  <nd ref="9732181574"/>
  <nd ref="9732181575"/>
  <nd ref="9732181576"/>
  <nd ref="9732181577"/>
  <nd ref="9732181573"/>
  <nd ref="516964818"/>
  <nd ref="516964819"/>
  <nd ref="516964821"/>
  <nd ref="516964822"/>
  <nd ref="516964823"/>
  <nd ref="516964825"/>
  <nd ref="516964826"/>
  <nd ref="516964827"/>
  <nd ref="516964840"/>
  <nd ref="516964841"/>
  <nd ref="516964842"/>
  <nd ref="516964843"/>
  <nd ref="9732181563"/>
  <nd ref="516964844"/>
  <nd ref="516964845"/>
  <nd ref="9732181562"/>
  <nd ref="9732181561"/>
  <nd ref="9732181560"/>
  <nd ref="9732181559"/>
  <nd ref="9732181558"/>
  <nd ref="9732181557"/>
  <nd ref="516964846"/>
  <nd ref="9732181556"/>
  <nd ref="9732181555"/>
  <nd ref="9732181545"/>
  <nd ref="9732181546"/>
  <nd ref="9732181547"/>
  <nd ref="9732181530"/>
  <nd ref="9732181543"/>
  <nd ref="516964847"/>
  <nd ref="9732181564"/>
  <nd ref="516964848"/>
  <nd ref="516964849"/>
  <nd ref="516964850"/>
  <nd ref="516964851"/>
  <nd ref="9732181565"/>
  <nd ref="9732170670"/>
  <nd ref="9732170669"/>
  <nd ref="9732170668"/>
  <nd ref="516964852"/>
  <nd ref="9732181566"/>
  <nd ref="516964853"/>
  <nd ref="516964854"/>
  <nd ref="9732181567"/>
  <nd ref="9732181568"/>
  <nd ref="516964856"/>
  <nd ref="516964857"/>
  <nd ref="516964858"/>
  <nd ref="516964859"/>
  <nd ref="516964860"/>
  <nd ref="516964861"/>
  <nd ref="516964862"/>
  <nd ref="9732181597"/>
  <nd ref="9732181598"/>
  <nd ref="9732181599"/>
  <nd ref="9732181600"/>
  <nd ref="516964865"/>
  <nd ref="516964866"/>
  <nd ref="516964868"/>
  <nd ref="516964873"/>
  <nd ref="516964874"/>
  <nd ref="516964875"/>
  <nd ref="516964876"/>
  <nd ref="516964877"/>
  <nd ref="9732181594"/>
  <nd ref="9732181595"/>
  <nd ref="516964878"/>
  <nd ref="516964879"/>
  <nd ref="516964880"/>
  <nd ref="516964881"/>
  <nd ref="516964882"/>
  <nd ref="516964883"/>
  <nd ref="9732181593"/>
  <nd ref="9732181592"/>
  <nd ref="516964884"/>
  <nd ref="516964885"/>
  <nd ref="516964886"/>
  <nd ref="516964887"/>
  <nd ref="516964888"/>
  <nd ref="516964889"/>
  <nd ref="516964890"/>
  <nd ref="516964891"/>
  <nd ref="516964892"/>
  <nd ref="516964893"/>
  <nd ref="516964894"/>
  <nd ref="516964895"/>
  <nd ref="516964896"/>
  <nd ref="516964897"/>
  <nd ref="516964898"/>
  <nd ref="516964899"/>
  <nd ref="516964900"/>
  <nd ref="9732181912"/>
  <nd ref="516964901"/>
  <nd ref="516964902"/>
  <nd ref="516964903"/>
  <nd ref="9732181914"/>
  <nd ref="9732181913"/>
  <nd ref="516964904"/>
  <nd ref="9732181915"/>
  <nd ref="516964905"/>
  <nd ref="516964909"/>
  <nd ref="516964910"/>
  <nd ref="9732181908"/>
  <nd ref="9732181909"/>
  <nd ref="516964915"/>
  <nd ref="516964916"/>
  <nd ref="516964917"/>
  <nd ref="516964918"/>
  <nd ref="9732181910"/>
  <nd ref="516964921"/>
  <nd ref="516964925"/>
  <nd ref="516964926"/>
  <nd ref="516964928"/>
  <nd ref="516964929"/>
  <nd ref="516964930"/>
  <nd ref="516964931"/>
  <nd ref="1356252818"/>
  <nd ref="516964932"/>
  <nd ref="516964933"/>
  <nd ref="516964934"/>
  <nd ref="516964935"/>
  <nd ref="516964936"/>
  <nd ref="516964937"/>
  <nd ref="516964938"/>
  <nd ref="516964939"/>
  <nd ref="516964940"/>
  <nd ref="516964941"/>
  <nd ref="516964943"/>
  <nd ref="516964944"/>
  <nd ref="516964945"/>
  <nd ref="516964946"/>
  <nd ref="516964947"/>
  <nd ref="516964948"/>
  <nd ref="516964950"/>
  <nd ref="516964951"/>
  <nd ref="516964953"/>
  <nd ref="516964954"/>
  <nd ref="516964955"/>
  <nd ref="516964956"/>
  <nd ref="516964957"/>
  <nd ref="516964958"/>
  <nd ref="516964959"/>
  <nd ref="516964960"/>
  <nd ref="516964961"/>
  <nd ref="516964962"/>
  <nd ref="516964963"/>
  <nd ref="516964964"/>
  <nd ref="516964965"/>
  <nd ref="516964966"/>
  <nd ref="516964967"/>
  <nd ref="516964968"/>
  <nd ref="516964969"/>
  <nd ref="516964970"/>
  <nd ref="516964971"/>
  <nd ref="1356252823"/>
  <nd ref="1356252824"/>
  <nd ref="516964972"/>
  <nd ref="516964973"/>
  <nd ref="516964975"/>
  <nd ref="516964976"/>
  <nd ref="516964977"/>
  <nd ref="516964985"/>
  <nd ref="516964986"/>
  <nd ref="516964987"/>
  <nd ref="516964988"/>
  <nd ref="516964989"/>
  <nd ref="516964990"/>
  <nd ref="516964991"/>
  <nd ref="516964992"/>
  <nd ref="516964993"/>
  <nd ref="516964994"/>
  <nd ref="516964995"/>
  <nd ref="516964996"/>
  <nd ref="516964997"/>
  <nd ref="516964998"/>
  <nd ref="516964999"/>
  <nd ref="516965000"/>
  <nd ref="516965001"/>
  <nd ref="516965002"/>
  <nd ref="516965003"/>
  <nd ref="516965004"/>
  <nd ref="516965005"/>
  <nd ref="516965006"/>
  <nd ref="516965007"/>
  <nd ref="516965008"/>
  <nd ref="516965009"/>
  <nd ref="516965010"/>
  <nd ref="516965011"/>
  <nd ref="516965012"/>
  <nd ref="516965013"/>
  <nd ref="516965014"/>
  <nd ref="516965015"/>
  <nd ref="516965016"/>
  <nd ref="516965017"/>
  <nd ref="516965018"/>
  <nd ref="516965019"/>
  <nd ref="516965020"/>
  <nd ref="516965021"/>
  <nd ref="516965022"/>
  <nd ref="516965023"/>
  <nd ref="516965024"/>
  <nd ref="516965025"/>
  <nd ref="516965028"/>
  <nd ref="516965029"/>
  <nd ref="516965030"/>
  <nd ref="516965031"/>
  <nd ref="1217540295"/>
  <nd ref="1217540278"/>
  <nd ref="516965032"/>
  <nd ref="516965033"/>
  <nd ref="516965034"/>
  <nd ref="516965035"/>
  <nd ref="1303894441"/>
  <nd ref="516965036"/>
  <nd ref="516965037"/>
  <nd ref="516965038"/>
  <nd ref="516965039"/>
  <nd ref="1258810202"/>
  <nd ref="516965040"/>
  <nd ref="1274631642"/>
  <nd ref="1274631645"/>
  <nd ref="1274591679"/>
  <nd ref="1274591671"/>
  <nd ref="516965041"/>
  <nd ref="516965042"/>
  <nd ref="516965043"/>
  <nd ref="516965044"/>
  <nd ref="1258810392"/>
  <nd ref="516965045"/>
  <nd ref="1258810240"/>
  <nd ref="1258810115"/>
  <nd ref="1258810186"/>
  <nd ref="1258810283"/>
  <nd ref="1260018106"/>
  <nd ref="516965046"/>
  <nd ref="516965047"/>
  <nd ref="516965048"/>
  <nd ref="4573629939"/>
  <nd ref="516965049"/>
  <nd ref="516965050"/>
  <nd ref="4573629938"/>
  <nd ref="1303896697"/>
  <nd ref="1274591697"/>
  <nd ref="1274591695"/>
  <nd ref="6090631556"/>
  <nd ref="1274591686"/>
  <nd ref="6090631555"/>
  <nd ref="6090631554"/>
  <nd ref="6090631553"/>
  <nd ref="6090631552"/>
  <nd ref="6090532520"/>
  <nd ref="7375415058"/>
  <nd ref="6090532521"/>
  <nd ref="6090631559"/>
  <nd ref="2282987424"/>
  <nd ref="6090631557"/>
  <nd ref="6090631558"/>
  <nd ref="516965051"/>
  <nd ref="6090536086"/>
  <nd ref="6090532522"/>
  <nd ref="2282987473"/>
  <nd ref="2282987489"/>
  <nd ref="2282987502"/>
  <nd ref="2282987508"/>
  <nd ref="2282987515"/>
  <nd ref="6093297672"/>
  <nd ref="2282987528"/>
  <nd ref="6090532517"/>
  <nd ref="1783538595"/>
  <nd ref="1783538490"/>
  <nd ref="6093297671"/>
  <nd ref="2283028603"/>
  <nd ref="1356260102"/>
  <nd ref="1356260103"/>
  <nd ref="2283028650"/>
  <nd ref="1783538678"/>
  <nd ref="513481918"/>
  <nd ref="513481917"/>
  <nd ref="516965056"/>
  <nd ref="516965057"/>
  <nd ref="516965058"/>
  <nd ref="516965060"/>
  <nd ref="516965061"/>
  <nd ref="516965062"/>
  <nd ref="516965063"/>
  <nd ref="1217540275"/>
  <nd ref="516965064"/>
  <nd ref="516965065"/>
  <nd ref="516965066"/>
  <nd ref="1217540287"/>
  <nd ref="516965067"/>
  <nd ref="516965068"/>
  <nd ref="516965069"/>
  <nd ref="516965070"/>
  <nd ref="516965071"/>
  <nd ref="9732181950"/>
  <nd ref="9732181951"/>
  <nd ref="9732181948"/>
  <nd ref="9732181947"/>
  <nd ref="516965076"/>
  <nd ref="9732181911"/>
  <nd ref="516965078"/>
  <nd ref="516965079"/>
  <nd ref="9732181946"/>
  <nd ref="516965081"/>
  <nd ref="516965082"/>
  <nd ref="9732181945"/>
  <nd ref="516965083"/>
  <nd ref="516965084"/>
  <nd ref="9732181938"/>
  <nd ref="9732181939"/>
  <nd ref="516965085"/>
  <nd ref="4723242102"/>
  <tag k="CLC:code" v="211"/>
  <tag k="CLC:id" v="FR-252546"/>
  <tag k="CLC:year" v="2006"/>
  <tag k="landuse" v="farmland"/>
  <tag k="source" v="Union européenne - SOeS, CORINE Land Cover, 2006."/>
 </way>
 <way id="41976647" visible="true" version="7" changeset="187489256" timestamp="2026-08-15T13:39:07Z" user="Eric-Chambly" uid="1002121">
  <nd ref="517990309"/>
  <nd ref="517990294"/>
  <nd ref="517990291"/>
  <nd ref="517990289"/>
  <nd ref="517990286"/>
  <nd ref="517990283"/>
  <nd ref="14096785110"/>
  <nd ref="14096785109"/>
  <nd ref="14096785111"/>
  <nd ref="14096785112"/>
  <nd ref="14096785113"/>
  <nd ref="14096785117"/>
  <nd ref="14096785116"/>
  <nd ref="516964727"/>
  <nd ref="516965086"/>
  <nd ref="516965085"/>
  <nd ref="9732181939"/>
  <nd ref="9732181940"/>
  <nd ref="9732181943"/>
  <nd ref="9732181944"/>
  <nd ref="9732181941"/>
  <nd ref="9732181942"/>
  <nd ref="9732181949"/>
  <nd ref="516965071"/>
  <nd ref="516965070"/>
  <nd ref="516965069"/>
  <nd ref="516965068"/>
  <nd ref="516965067"/>
  <nd ref="1217540287"/>
  <nd ref="516965066"/>
  <nd ref="516965065"/>
  <nd ref="516965064"/>
  <nd ref="1217540275"/>
  <nd ref="516965063"/>
  <nd ref="516965062"/>
  <nd ref="516965061"/>
  <nd ref="516965060"/>
  <nd ref="517990309"/>
  <tag k="CLC:code" v="231"/>
  <tag k="CLC:id" v="FR-252829"/>
  <tag k="CLC:year" v="2006"/>
  <tag k="landuse" v="meadow"/>
  <tag k="source" v="Union européenne - SOeS, CORINE Land Cover, 2006."/>
 </way>
 <way id="121082904" visible="true" version="2" changeset="155872504" timestamp="2024-08-28T10:23:20Z" user="wuff57" uid="2583033">
  <nd ref="516964950"/>
  <nd ref="516964951"/>
  <nd ref="516964953"/>
  <nd ref="516964954"/>
  <nd ref="1356252814"/>
  <nd ref="1356252810"/>
  <nd ref="1356252811"/>
  <nd ref="1356252818"/>
  <nd ref="516964932"/>
  <nd ref="516964933"/>
  <nd ref="516964934"/>
  <nd ref="1356252817"/>
  <nd ref="1356252815"/>
  <nd ref="12141830824"/>
  <nd ref="1356252812"/>
  <nd ref="12141830818"/>
  <nd ref="516964950"/>
  <tag k="landuse" v="forest"/>
 </way>
 <way id="121083416" visible="true" version="1" changeset="8682108" timestamp="2011-07-10T10:45:01Z" user="Ropino" uid="42123">
  <nd ref="516964956"/>
  <nd ref="516964965"/>
  <nd ref="516964964"/>
  <nd ref="516964963"/>
  <nd ref="516964962"/>
  <nd ref="516964961"/>
  <nd ref="516964960"/>
  <nd ref="516964959"/>
  <nd ref="516964958"/>
  <nd ref="516964957"/>
  <nd ref="516964956"/>
  <tag k="landuse" v="forest"/>
 </way>
 <way id="121084003" visible="true" version="5" changeset="130577670" timestamp="2022-12-28T00:13:12Z" user="GeorgeKaplan" uid="1198089">
  <nd ref="1356270835"/>
  <nd ref="2223075517"/>
  <nd ref="1356270833"/>
  <nd ref="2223075514"/>
  <nd ref="2223075535"/>
  <nd ref="1356270839"/>
  <tag k="highway" v="raceway"/>
  <tag k="sport" v="karting"/>
 </way>
 <way id="121084004" visible="true" version="7" changeset="130577670" timestamp="2022-12-28T00:13:12Z" user="GeorgeKaplan" uid="1198089">
  <nd ref="1356270823"/>
  <nd ref="2223075436"/>
  <nd ref="1356270810"/>
  <nd ref="2223075427"/>
  <nd ref="2223075417"/>
  <nd ref="1356270808"/>
  <nd ref="2223075414"/>
  <nd ref="1356270807"/>
  <nd ref="2223075395"/>
  <nd ref="2223075393"/>
  <nd ref="1356270803"/>
  <nd ref="2223075411"/>
  <nd ref="1356270809"/>
  <nd ref="2223075423"/>
  <nd ref="2223075432"/>
  <nd ref="2223075441"/>
  <nd ref="1356270815"/>
  <nd ref="1356270821"/>
  <nd ref="2223075470"/>
  <nd ref="2223075462"/>
  <nd ref="2223075455"/>
  <nd ref="1356270817"/>
  <nd ref="2223075444"/>
  <nd ref="1356270819"/>
  <nd ref="2223075453"/>
  <nd ref="1356270825"/>
  <nd ref="2223075497"/>
  <nd ref="1356270839"/>
  <nd ref="1356270848"/>
  <nd ref="2223075576"/>
  <nd ref="1356270855"/>
  <nd ref="2223075607"/>
  <nd ref="1356270864"/>
  <nd ref="2223075622"/>
  <nd ref="1356270867"/>
  <nd ref="2223075645"/>
  <nd ref="2223075642"/>
  <nd ref="1356270869"/>
  <nd ref="2223075624"/>
  <nd ref="2223075611"/>
  <nd ref="2223075599"/>
  <nd ref="1356270858"/>
  <nd ref="2223075590"/>
  <nd ref="2223075563"/>
  <nd ref="1356270837"/>
  <nd ref="2223075532"/>
  <nd ref="1356270827"/>
  <nd ref="2223075507"/>
  <nd ref="2223075504"/>
  <nd ref="1356270828"/>
  <nd ref="2223075510"/>
  <nd ref="2223075541"/>
  <nd ref="1356270841"/>
  <nd ref="2223075649"/>
  <nd ref="1356270872"/>
  <nd ref="2223075658"/>
  <nd ref="2223075665"/>
  <nd ref="1356270880"/>
  <nd ref="2223075671"/>
  <nd ref="1356270881"/>
  <nd ref="2223075668"/>
  <nd ref="1356270874"/>
  <nd ref="2223075661"/>
  <nd ref="2223075655"/>
  <nd ref="1356270870"/>
  <nd ref="2223075652"/>
  <nd ref="2223075639"/>
  <nd ref="1356270865"/>
  <nd ref="2223075614"/>
  <nd ref="1356270853"/>
  <nd ref="2223075573"/>
  <nd ref="2223075566"/>
  <nd ref="1356270843"/>
  <nd ref="2223075560"/>
  <nd ref="2223075549"/>
  <nd ref="1356270842"/>
  <nd ref="2223075552"/>
  <nd ref="2223075557"/>
  <nd ref="1356270844"/>
  <nd ref="1356270850"/>
  <nd ref="2223075580"/>
  <nd ref="2223075584"/>
  <nd ref="1356270854"/>
  <nd ref="2223075593"/>
  <nd ref="1356270856"/>
  <nd ref="2223075602"/>
  <nd ref="1356270862"/>
  <nd ref="2223075616"/>
  <nd ref="2223075620"/>
  <nd ref="1356270863"/>
  <nd ref="2223075609"/>
  <nd ref="2223075596"/>
  <nd ref="1356270857"/>
  <nd ref="2223075587"/>
  <nd ref="1356270852"/>
  <nd ref="2223075570"/>
  <nd ref="2223075555"/>
  <nd ref="1356270835"/>
  <nd ref="1356270826"/>
  <nd ref="2223075479"/>
  <nd ref="1356270823"/>
  <tag k="highway" v="raceway"/>
  <tag k="sport" v="karting"/>
 </way>
 <way id="121084006" visible="true" version="6" changeset="152170217" timestamp="2024-06-02T17:28:05Z" user="ObscureAngel" uid="20284227">
  <nd ref="334521725"/>
  <nd ref="10275516363"/>
  <nd ref="1356270898"/>
  <nd ref="1356270885"/>
  <nd ref="10275516364"/>
  <nd ref="10275516362"/>
  <nd ref="1356270884"/>
  <nd ref="10275516361"/>
  <nd ref="10275516360"/>
  <nd ref="10275516359"/>
  <nd ref="10275516358"/>
  <nd ref="10275516357"/>
  <nd ref="1356270883"/>
  <nd ref="10275516356"/>
  <nd ref="1356270882"/>
  <nd ref="10275516355"/>
  <nd ref="1356270870"/>
  <tag k="highway" v="service"/>
  <tag k="smoothness" v="good"/>
  <tag k="surface" v="asphalt"/>
 </way>
 <way id="121084007" visible="true" version="2" changeset="152170210" timestamp="2024-06-02T17:27:54Z" user="ObscureAngel" uid="20284227">
  <nd ref="1356270887"/>
  <nd ref="1356270889"/>
  <nd ref="1356270890"/>
  <nd ref="1356270897"/>
  <nd ref="1356270899"/>
  <nd ref="1356270900"/>
  <nd ref="1356270887"/>
  <tag k="amenity" v="parking"/>
  <tag k="parking" v="street_side"/>
 </way>
 <way id="196283215" visible="true" version="4" changeset="119903641" timestamp="2022-04-19T11:55:28Z" user="Alexandre148025" uid="191786">
  <nd ref="289198526"/>
  <nd ref="9677086423"/>
  <nd ref="2066299239"/>
  <nd ref="2066299248"/>
  <nd ref="2066299265"/>
  <nd ref="2066299268"/>
  <nd ref="2066299274"/>
  <nd ref="9677086421"/>
  <nd ref="2066299280"/>
  <nd ref="2066299285"/>
  <nd ref="2066299277"/>
  <nd ref="2066299271"/>
  <nd ref="2066299261"/>
  <nd ref="2066299245"/>
  <nd ref="2066299230"/>
  <nd ref="2066299227"/>
  <nd ref="2066299221"/>
  <nd ref="2066299217"/>
  <nd ref="2066299213"/>
  <nd ref="2066299212"/>
  <nd ref="2066299210"/>
  <nd ref="2066299192"/>
  <nd ref="2066299173"/>
  <nd ref="2066299131"/>
  <nd ref="2066299128"/>
  <nd ref="2066299125"/>
  <nd ref="2066299122"/>
  <nd ref="2066299119"/>
  <nd ref="2066299117"/>
  <nd ref="2066299114"/>
  <nd ref="2066299111"/>
  <nd ref="2066299108"/>
  <nd ref="2066299105"/>
  <nd ref="2066299102"/>
  <nd ref="2066299099"/>
  <nd ref="2066299096"/>
  <nd ref="2066299081"/>
  <nd ref="2066299093"/>
  <nd ref="2066299090"/>
  <nd ref="2066299084"/>
  <nd ref="2066299087"/>
  <nd ref="2066299078"/>
  <nd ref="2066299075"/>
  <nd ref="2066299073"/>
  <nd ref="2066299070"/>
  <nd ref="2066299067"/>
  <nd ref="2066299064"/>
  <nd ref="2066299058"/>
  <nd ref="2066299061"/>
  <nd ref="2066299052"/>
  <nd ref="2066299055"/>
  <nd ref="2066299049"/>
  <nd ref="2066299046"/>
  <nd ref="2066299043"/>
  <nd ref="2066299040"/>
  <nd ref="2066299038"/>
  <nd ref="2066299003"/>
  <nd ref="2066298994"/>
  <nd ref="2066298988"/>
  <nd ref="2066298963"/>
  <nd ref="2066298957"/>
  <nd ref="2066298946"/>
  <nd ref="2066298948"/>
  <nd ref="2066298954"/>
  <nd ref="2066298966"/>
  <nd ref="2066298980"/>
  <nd ref="2066298986"/>
  <nd ref="2066298983"/>
  <nd ref="2066298977"/>
  <nd ref="2066298968"/>
  <nd ref="2066298937"/>
  <nd ref="2066298931"/>
  <nd ref="2066298919"/>
  <nd ref="2066298916"/>
  <nd ref="2066298912"/>
  <nd ref="2066298910"/>
  <nd ref="2066298911"/>
  <nd ref="2066298913"/>
  <nd ref="2066298922"/>
  <nd ref="2066298925"/>
  <nd ref="2066298934"/>
  <nd ref="2066298960"/>
  <nd ref="2066298971"/>
  <nd ref="2066298974"/>
  <nd ref="2066298991"/>
  <nd ref="2066298997"/>
  <nd ref="2066299005"/>
  <nd ref="2066299030"/>
  <nd ref="2066299036"/>
  <nd ref="2066299034"/>
  <nd ref="2066299032"/>
  <nd ref="2066299026"/>
  <nd ref="2066299023"/>
  <nd ref="334521724"/>
  <tag k="admin_level" v="8"/>
  <tag k="boundary" v="administrative"/>
  <tag k="source" v="cadastre-dgi-fr source : Direction Générale des Impôts - Cadastre ; mise à jour : 2010"/>
 </way>
 <way id="196293950" visible="true" version="8" changeset="21948759" timestamp="2014-04-26T07:40:45Z" user="David Crochet" uid="50624">
  <nd ref="2066389474"/>
  <nd ref="2213721910"/>
  <nd ref="2213721908"/>
  <nd ref="2213721905"/>
  <nd ref="334521729"/>
  <nd ref="2213721903"/>
  <nd ref="2213721901"/>
  <nd ref="2213721900"/>
  <nd ref="334521730"/>
  <nd ref="2213721898"/>
  <nd ref="2213721897"/>
  <nd ref="2213721896"/>
  <nd ref="2213721895"/>
  <nd ref="2223075626"/>
  <nd ref="334521731"/>
  <nd ref="2213721894"/>
  <nd ref="2213721893"/>
  <nd ref="334521733"/>
  <nd ref="2213721892"/>
  <nd ref="2213721891"/>
  <nd ref="2213617310"/>
  <tag k="highway" v="tertiary"/>
  <tag k="ref" v="D 214"/>
  <tag k="source" v="bing"/>
 </way>
 <way id="196293951" visible="true" version="5" changeset="152170216" timestamp="2024-06-02T17:28:05Z" user="ObscureAngel" uid="20284227">
  <nd ref="334521724"/>
  <nd ref="2213721925"/>
  <nd ref="2213721918"/>
  <nd ref="2213721917"/>
  <nd ref="334521725"/>
  <nd ref="334521726"/>
  <nd ref="2213721913"/>
  <nd ref="334521727"/>
  <nd ref="2066389474"/>
  <tag k="admin_level" v="8"/>
  <tag k="boundary" v="administrative"/>
  <tag k="highway" v="tertiary"/>
  <tag k="ref" v="D 214"/>
  <tag k="source" v="Bing"/>
  <tag k="surface" v="asphalt"/>
 </way>
 <way id="196293960" visible="true" version="4" changeset="26192019" timestamp="2014-10-19T13:07:59Z" user="Verdy_p" uid="90780">
  <nd ref="334521724"/>
  <nd ref="2066299000"/>
  <nd ref="2066298940"/>
  <nd ref="2066298943"/>
  <nd ref="2066298951"/>
  <nd ref="2066298928"/>
  <nd ref="2066298909"/>
  <nd ref="2066298908"/>
  <nd ref="2066298907"/>
  <nd ref="2066298905"/>
  <nd ref="2066298892"/>
  <nd ref="2066298886"/>
  <nd ref="2066298884"/>
  <nd ref="2066298882"/>
  <nd ref="2066298876"/>
  <nd ref="2066298878"/>
  <nd ref="2066298870"/>
  <nd ref="2066298872"/>
  <nd ref="2066298866"/>
  <nd ref="2066298862"/>
  <nd ref="2066298860"/>
  <nd ref="2066298854"/>
  <nd ref="2066298856"/>
  <nd ref="2066298852"/>
  <nd ref="2066298850"/>
  <nd ref="2066298848"/>
  <nd ref="2066298832"/>
  <nd ref="2066298836"/>
  <nd ref="2066298838"/>
  <nd ref="2066298840"/>
  <nd ref="2066298821"/>
  <nd ref="2066298822"/>
  <nd ref="2066298788"/>
  <nd ref="2066298784"/>
  <nd ref="2066298780"/>
  <nd ref="2066298773"/>
  <nd ref="2066298771"/>
  <nd ref="2066298769"/>
  <nd ref="2066298765"/>
  <nd ref="2066298763"/>
  <nd ref="2066298761"/>
  <nd ref="2066298757"/>
  <nd ref="2066298755"/>
  <nd ref="2066298753"/>
  <nd ref="2066298751"/>
  <nd ref="2066298749"/>
  <nd ref="2066298745"/>
  <nd ref="269479229"/>
  <nd ref="2223074816"/>
  <nd ref="269479230"/>
  <nd ref="2223074798"/>
  <nd ref="269479231"/>
  <nd ref="2066298742"/>
  <nd ref="2066298740"/>
  <nd ref="2066298728"/>
  <nd ref="2066298727"/>
  <nd ref="2066298726"/>
  <nd ref="2066298725"/>
  <nd ref="2066298723"/>
  <nd ref="2066298724"/>
  <nd ref="2066298719"/>
  <nd ref="2066298717"/>
  <nd ref="2066298715"/>
  <nd ref="2066298709"/>
  <nd ref="2066298713"/>
  <nd ref="2066298711"/>
  <nd ref="2066298707"/>
  <nd ref="2066298705"/>
  <nd ref="2066298701"/>
  <nd ref="2066298699"/>
  <nd ref="2066298697"/>
  <nd ref="2066298695"/>
  <nd ref="2066298692"/>
  <nd ref="2066298691"/>
  <nd ref="2066298690"/>
  <nd ref="2066298688"/>
  <nd ref="2066298685"/>
  <nd ref="2066298683"/>
  <nd ref="2066298679"/>
  <nd ref="2066298675"/>
  <nd ref="2066298673"/>
  <nd ref="2066298672"/>
  <nd ref="2066298671"/>
  <nd ref="2066298670"/>
  <nd ref="2066298669"/>
  <nd ref="2066298667"/>
  <nd ref="2066298666"/>
  <nd ref="2066298665"/>
  <nd ref="2066298662"/>
  <nd ref="845158145"/>
  <tag k="admin_level" v="8"/>
  <tag k="boundary" v="administrative"/>
  <tag k="source" v="cadastre-dgi-fr source : Direction Générale des Impôts - Cadastre. Mise à jour : 2010"/>
 </way>
 <way id="196293962" visible="true" version="4" changeset="120830079" timestamp="2022-05-11T09:31:22Z" user="Alexandre148025" uid="191786">
  <nd ref="1453423252"/>
  <nd ref="2066389516"/>
  <nd ref="2066389510"/>
  <nd ref="2066389507"/>
  <nd ref="2066389508"/>
  <nd ref="2066389506"/>
  <nd ref="2066389505"/>
  <nd ref="2066389504"/>
  <nd ref="2066389502"/>
  <nd ref="2066389498"/>
  <nd ref="2066389496"/>
  <nd ref="2066389494"/>
  <nd ref="2066389487"/>
  <nd ref="2066389491"/>
  <nd ref="2066389485"/>
  <nd ref="2066389486"/>
  <nd ref="2066389483"/>
  <nd ref="2066389484"/>
  <nd ref="2066389482"/>
  <nd ref="2066389488"/>
  <nd ref="2066389492"/>
  <nd ref="2066389489"/>
  <nd ref="2066389490"/>
  <nd ref="2066389495"/>
  <nd ref="2066389503"/>
  <nd ref="2066389535"/>
  <nd ref="2066389537"/>
  <nd ref="2066389529"/>
  <nd ref="2066389515"/>
  <nd ref="2066389513"/>
  <nd ref="2066389525"/>
  <nd ref="2066389538"/>
  <nd ref="2066389545"/>
  <nd ref="2066389547"/>
  <nd ref="2066389544"/>
  <nd ref="2066389542"/>
  <nd ref="2066389543"/>
  <nd ref="2066389540"/>
  <nd ref="2066389539"/>
  <nd ref="2066389527"/>
  <nd ref="2066389523"/>
  <nd ref="2066389518"/>
  <nd ref="2066389514"/>
  <nd ref="2066389512"/>
  <nd ref="2066389519"/>
  <nd ref="2066389521"/>
  <nd ref="2066389533"/>
  <nd ref="2066389541"/>
  <nd ref="2066389550"/>
  <nd ref="2066389551"/>
  <nd ref="2066389552"/>
  <nd ref="2066389553"/>
  <nd ref="2066389556"/>
  <nd ref="2066389559"/>
  <nd ref="2066389554"/>
  <nd ref="2066389558"/>
  <nd ref="2066389555"/>
  <nd ref="2066389560"/>
  <nd ref="2066389563"/>
  <nd ref="2066389565"/>
  <nd ref="1356260139"/>
  <nd ref="2066389566"/>
  <nd ref="2066389567"/>
  <nd ref="2066389569"/>
  <nd ref="2066389571"/>
  <nd ref="1356260143"/>
  <nd ref="2066389572"/>
  <nd ref="2066389574"/>
  <nd ref="2066389576"/>
  <nd ref="2066389575"/>
  <nd ref="2066389573"/>
  <nd ref="2066389570"/>
  <nd ref="2066389568"/>
  <nd ref="2066389561"/>
  <nd ref="2066389548"/>
  <nd ref="2066389546"/>
  <nd ref="2066389549"/>
  <nd ref="2066389557"/>
  <nd ref="2066389562"/>
  <nd ref="2066389564"/>
  <nd ref="2066389509"/>
  <nd ref="2066389511"/>
  <nd ref="2066389499"/>
  <nd ref="2066389501"/>
  <nd ref="2066389500"/>
  <nd ref="2066389497"/>
  <nd ref="2066389493"/>
  <nd ref="2066389481"/>
  <nd ref="2066389480"/>
  <nd ref="2066389479"/>
  <nd ref="2066389478"/>
  <nd ref="2066389477"/>
  <nd ref="2066389476"/>
  <nd ref="2066389475"/>
  <nd ref="2066389474"/>
  <tag k="admin_level" v="8"/>
  <tag k="boundary" v="administrative"/>
  <tag k="source" v="cadastre-dgi-fr source : Direction Générale des Impôts - Cadastre. Mise à jour : 2010"/>
 </way>
 <way id="318712751" visible="true" version="7" changeset="184390339" timestamp="2026-06-21T13:33:46Z" user="InfosReseaux" uid="93222">
  <nd ref="8452772489"/>
  <nd ref="8452772490"/>
  <nd ref="8452772491"/>
  <nd ref="8452772492"/>
  <nd ref="8452772496"/>
  <nd ref="8452772495"/>
  <nd ref="8452772493"/>
  <nd ref="8452772494"/>
  <tag k="cables" v="3"/>
  <tag k="operator" v="Enedis"/>
  <tag k="operator:wikidata" v="Q3587594"/>
  <tag k="power" v="minor_line"/>
  <tag k="voltage" v="20000"/>
 </way>
 <way id="461931335" visible="true" version="1" changeset="44687327" timestamp="2016-12-26T17:47:42Z" user="Kioska Journo" uid="402585">
  <nd ref="4573645085"/>
  <nd ref="4573645086"/>
  <nd ref="4573645087"/>
  <nd ref="4573645088"/>
  <nd ref="4573645085"/>
  <tag k="building" v="yes"/>
  <tag k="source" v="cadastre-dgi-fr source : Direction Générale des Finances Publiques - Cadastre. Mise à jour : 2016"/>
 </way>
 <way id="461931338" visible="true" version="1" changeset="44687327" timestamp="2016-12-26T17:47:42Z" user="Kioska Journo" uid="402585">
  <nd ref="4573645089"/>
  <nd ref="4573645090"/>
  <nd ref="4573645091"/>
  <nd ref="4573645092"/>
  <nd ref="4573645093"/>
  <nd ref="4573645094"/>
  <nd ref="4573645095"/>
  <nd ref="4573645096"/>
  <nd ref="4573645097"/>
  <nd ref="4573645098"/>
  <nd ref="4573645089"/>
  <tag k="building" v="yes"/>
  <tag k="source" v="cadastre-dgi-fr source : Direction Générale des Finances Publiques - Cadastre. Mise à jour : 2016"/>
 </way>
 <way id="463209609" visible="true" version="1" changeset="44839339" timestamp="2017-01-02T08:26:31Z" user="GeorgeKaplan" uid="1198089">
  <nd ref="4585042049"/>
  <nd ref="4585042050"/>
  <nd ref="4585042051"/>
  <nd ref="4585042052"/>
  <nd ref="4585042049"/>
  <tag k="building" v="yes"/>
  <tag k="source" v="cadastre-dgi-fr source : Direction Générale des Finances Publiques - Cadastre. Mise à jour : 2017"/>
 </way>
 <way id="463209629" visible="true" version="1" changeset="44839339" timestamp="2017-01-02T08:26:32Z" user="GeorgeKaplan" uid="1198089">
  <nd ref="4585042073"/>
  <nd ref="4585042074"/>
  <nd ref="4585042075"/>
  <nd ref="4585042076"/>
  <nd ref="4585042073"/>
  <tag k="building" v="yes"/>
  <tag k="source" v="cadastre-dgi-fr source : Direction Générale des Finances Publiques - Cadastre. Mise à jour : 2017"/>
 </way>
 <way id="463209633" visible="true" version="1" changeset="44839339" timestamp="2017-01-02T08:26:32Z" user="GeorgeKaplan" uid="1198089">
  <nd ref="4585042077"/>
  <nd ref="4585042078"/>
  <nd ref="4585042079"/>
  <nd ref="4585042080"/>
  <nd ref="4585042077"/>
  <tag k="building" v="yes"/>
  <tag k="source" v="cadastre-dgi-fr source : Direction Générale des Finances Publiques - Cadastre. Mise à jour : 2017"/>
 </way>
 <way id="463209636" visible="true" version="1" changeset="44839339" timestamp="2017-01-02T08:26:32Z" user="GeorgeKaplan" uid="1198089">
  <nd ref="4585042081"/>
  <nd ref="4585042082"/>
  <nd ref="4585042083"/>
  <nd ref="4585042084"/>
  <nd ref="4585042081"/>
  <tag k="building" v="yes"/>
  <tag k="source" v="cadastre-dgi-fr source : Direction Générale des Finances Publiques - Cadastre. Mise à jour : 2017"/>
 </way>
 <way id="463209640" visible="true" version="1" changeset="44839339" timestamp="2017-01-02T08:26:33Z" user="GeorgeKaplan" uid="1198089">
  <nd ref="4585042085"/>
  <nd ref="4585042086"/>
  <nd ref="4585042087"/>
  <nd ref="4585042088"/>
  <nd ref="4585042085"/>
  <tag k="building" v="yes"/>
  <tag k="source" v="cadastre-dgi-fr source : Direction Générale des Finances Publiques - Cadastre. Mise à jour : 2017"/>
 </way>
 <way id="463209642" visible="true" version="1" changeset="44839339" timestamp="2017-01-02T08:26:33Z" user="GeorgeKaplan" uid="1198089">
  <nd ref="4585042089"/>
  <nd ref="4585042090"/>
  <nd ref="4585042091"/>
  <nd ref="4585042092"/>
  <nd ref="4585042089"/>
  <tag k="building" v="yes"/>
  <tag k="source" v="cadastre-dgi-fr source : Direction Générale des Finances Publiques - Cadastre. Mise à jour : 2017"/>
 </way>
 <way id="463209645" visible="true" version="1" changeset="44839339" timestamp="2017-01-02T08:26:33Z" user="GeorgeKaplan" uid="1198089">
  <nd ref="4585042093"/>
  <nd ref="4585042094"/>
  <nd ref="4585042095"/>
  <nd ref="4585042096"/>
  <nd ref="4585042093"/>
  <tag k="building" v="yes"/>
  <tag k="source" v="cadastre-dgi-fr source : Direction Générale des Finances Publiques - Cadastre. Mise à jour : 2017"/>
 </way>
 <way id="463209648" visible="true" version="1" changeset="44839339" timestamp="2017-01-02T08:26:33Z" user="GeorgeKaplan" uid="1198089">
  <nd ref="4585042097"/>
  <nd ref="4585042098"/>
  <nd ref="4585042099"/>
  <nd ref="4585042100"/>
  <nd ref="4585042097"/>
  <tag k="building" v="yes"/>
  <tag k="source" v="cadastre-dgi-fr source : Direction Générale des Finances Publiques - Cadastre. Mise à jour : 2017"/>
 </way>
 <way id="463209651" visible="true" version="1" changeset="44839339" timestamp="2017-01-02T08:26:33Z" user="GeorgeKaplan" uid="1198089">
  <nd ref="4585042101"/>
  <nd ref="4585042102"/>
  <nd ref="4585042103"/>
  <nd ref="4585042104"/>
  <nd ref="4585042101"/>
  <tag k="building" v="yes"/>
  <tag k="source" v="cadastre-dgi-fr source : Direction Générale des Finances Publiques - Cadastre. Mise à jour : 2017"/>
 </way>
 <way id="463209661" visible="true" version="1" changeset="44839339" timestamp="2017-01-02T08:26:34Z" user="GeorgeKaplan" uid="1198089">
  <nd ref="4585042748"/>
  <nd ref="4585042749"/>
  <nd ref="4585042750"/>
  <nd ref="4585042751"/>
  <nd ref="4585042748"/>
  <tag k="building" v="yes"/>
  <tag k="source" v="cadastre-dgi-fr source : Direction Générale des Finances Publiques - Cadastre. Mise à jour : 2017"/>
 </way>
 <way id="463209664" visible="true" version="1" changeset="44839339" timestamp="2017-01-02T08:26:34Z" user="GeorgeKaplan" uid="1198089">
  <nd ref="4585042752"/>
  <nd ref="4585042753"/>
  <nd ref="4585042754"/>
  <nd ref="4585042755"/>
  <nd ref="4585042752"/>
  <tag k="building" v="yes"/>
  <tag k="source" v="cadastre-dgi-fr source : Direction Générale des Finances Publiques - Cadastre. Mise à jour : 2017"/>
 </way>
 <way id="463209702" visible="true" version="1" changeset="44839339" timestamp="2017-01-02T08:26:36Z" user="GeorgeKaplan" uid="1198089">
  <nd ref="4585042085"/>
  <nd ref="4585042088"/>
  <nd ref="4585043046"/>
  <nd ref="4585043047"/>
  <nd ref="4585042085"/>
  <tag k="building" v="yes"/>
  <tag k="source" v="cadastre-dgi-fr source : Direction Générale des Finances Publiques - Cadastre. Mise à jour : 2017"/>
  <tag k="wall" v="no"/>
 </way>
 <way id="463209837" visible="true" version="1" changeset="44839339" timestamp="2017-01-02T08:26:44Z" user="GeorgeKaplan" uid="1198089">
  <nd ref="4585043042"/>
  <nd ref="4585043043"/>
  <nd ref="4585043044"/>
  <nd ref="4585043045"/>
  <nd ref="4585043042"/>
  <tag k="building" v="yes"/>
  <tag k="source" v="cadastre-dgi-fr source : Direction Générale des Finances Publiques - Cadastre. Mise à jour : 2017"/>
  <tag k="wall" v="no"/>
 </way>
 <way id="479178183" visible="true" version="2" changeset="130112669" timestamp="2022-12-15T12:16:15Z" user="vinc44" uid="1060302">
  <nd ref="4723243181"/>
  <nd ref="4723243182"/>
  <nd ref="10264862145"/>
  <nd ref="4723243183"/>
  <nd ref="4723243184"/>
  <nd ref="4723243181"/>
  <tag k="building" v="yes"/>
  <tag k="source" v="cadastre-dgi-fr source : Direction Générale des Finances Publiques - Cadastre. Mise à jour : 2017"/>
 </way>
 <way id="479178184" visible="true" version="1" changeset="46665901" timestamp="2017-03-07T22:57:04Z" user="Kioska Journo" uid="402585">
  <nd ref="4723243185"/>
  <nd ref="4723243186"/>
  <nd ref="4723243187"/>
  <nd ref="4723243188"/>
  <nd ref="4723243189"/>
  <nd ref="4723243190"/>
  <nd ref="4723243185"/>
  <tag k="building" v="yes"/>
  <tag k="source" v="cadastre-dgi-fr source : Direction Générale des Finances Publiques - Cadastre. Mise à jour : 2017"/>
 </way>
 <way id="479178185" visible="true" version="1" changeset="46665901" timestamp="2017-03-07T22:57:04Z" user="Kioska Journo" uid="402585">
  <nd ref="4723243191"/>
  <nd ref="4723243192"/>
  <nd ref="4723243193"/>
  <nd ref="4723243194"/>
  <nd ref="4723243191"/>
  <tag k="building" v="yes"/>
  <tag k="source" v="cadastre-dgi-fr source : Direction Générale des Finances Publiques - Cadastre. Mise à jour : 2017"/>
 </way>
 <way id="479178186" visible="true" version="1" changeset="46665901" timestamp="2017-03-07T22:57:05Z" user="Kioska Journo" uid="402585">
  <nd ref="4723243195"/>
  <nd ref="4723243196"/>
  <nd ref="4723243197"/>
  <nd ref="4723243198"/>
  <nd ref="4723243199"/>
  <nd ref="4723243200"/>
  <nd ref="4723243195"/>
  <tag k="building" v="yes"/>
  <tag k="source" v="cadastre-dgi-fr source : Direction Générale des Finances Publiques - Cadastre. Mise à jour : 2017"/>
 </way>
 <way id="479178187" visible="true" version="1" changeset="46665901" timestamp="2017-03-07T22:57:05Z" user="Kioska Journo" uid="402585">
  <nd ref="4723243201"/>
  <nd ref="4723243202"/>
  <nd ref="4723243203"/>
  <nd ref="4723243204"/>
  <nd ref="4723243201"/>
  <tag k="building" v="yes"/>
  <tag k="source" v="cadastre-dgi-fr source : Direction Générale des Finances Publiques - Cadastre. Mise à jour : 2017"/>
 </way>
 <way id="545676386" visible="true" version="6" changeset="187489256" timestamp="2026-08-15T13:39:07Z" user="Eric-Chambly" uid="1002121">
  <nd ref="1217540307"/>
  <nd ref="6113755036"/>
  <nd ref="2283222105"/>
  <nd ref="2283222103"/>
  <nd ref="14096785115"/>
  <nd ref="2283222101"/>
  <nd ref="2283222096"/>
  <nd ref="1217540280"/>
  <nd ref="2283222082"/>
  <nd ref="2283222077"/>
  <nd ref="268024879"/>
  <nd ref="2283222048"/>
  <nd ref="1217540304"/>
  <nd ref="2283222023"/>
  <nd ref="2283222008"/>
  <nd ref="268024880"/>
  <nd ref="268024881"/>
  <nd ref="2283221990"/>
  <nd ref="2283221986"/>
  <nd ref="1356260124"/>
  <nd ref="2283221976"/>
  <nd ref="1244565011"/>
  <nd ref="2283221970"/>
  <nd ref="268024882"/>
  <nd ref="2283221964"/>
  <nd ref="268024883"/>
  <nd ref="4573629960"/>
  <nd ref="268024885"/>
  <tag k="highway" v="tertiary"/>
  <tag k="name" v="Route de l'Étang"/>
  <tag k="ref" v="D 214"/>
  <tag k="source" v="bing"/>
  <tag k="surface" v="asphalt"/>
 </way>
 <way id="545677185" visible="true" version="6" changeset="183538832" timestamp="2026-06-02T10:16:28Z" user="ZekOwney" uid="19052266">
  <nd ref="268024885"/>
  <nd ref="2223075677"/>
  <nd ref="10264862137"/>
  <nd ref="268024886"/>
  <nd ref="2223075674"/>
  <nd ref="268024887"/>
  <nd ref="268024888"/>
  <nd ref="2223075324"/>
  <nd ref="268024889"/>
  <nd ref="2223075272"/>
  <nd ref="2223075258"/>
  <nd ref="2223075242"/>
  <nd ref="1217540297"/>
  <nd ref="2223075204"/>
  <nd ref="2223075180"/>
  <nd ref="2223075089"/>
  <nd ref="268024890"/>
  <nd ref="2223075057"/>
  <nd ref="2223075026"/>
  <nd ref="270112438"/>
  <nd ref="2223074976"/>
  <nd ref="1259988637"/>
  <nd ref="2223074951"/>
  <nd ref="269479243"/>
  <tag k="highway" v="secondary"/>
  <tag k="maxspeed" v="90"/>
  <tag k="name" v="Route de Marguerite de Lorraine"/>
  <tag k="ref" v="D 31"/>
  <tag k="surface" v="asphalt"/>
 </way>
 <way id="1122284966" visible="true" version="1" changeset="130112669" timestamp="2022-12-15T12:16:15Z" user="vinc44" uid="1060302">
  <nd ref="10264862133"/>
  <nd ref="10264862134"/>
  <nd ref="10264862135"/>
  <nd ref="10264862136"/>
  <nd ref="10264862133"/>
  <tag k="natural" v="wood"/>
 </way>
 <way id="1122284967" visible="true" version="1" changeset="130112669" timestamp="2022-12-15T12:16:15Z" user="vinc44" uid="1060302">
  <nd ref="10264862137"/>
  <nd ref="10264862138"/>
  <tag k="highway" v="track"/>
 </way>
 <way id="1122284968" visible="true" version="1" changeset="130112669" timestamp="2022-12-15T12:16:15Z" user="vinc44" uid="1060302">
  <nd ref="10264862139"/>
  <nd ref="10264862140"/>
  <nd ref="10264862141"/>
  <nd ref="10264862142"/>
  <nd ref="10264862143"/>
  <nd ref="10264862144"/>
  <nd ref="10264862139"/>
  <tag k="building" v="yes"/>
 </way>
 <way id="1122284969" visible="true" version="1" changeset="130112669" timestamp="2022-12-15T12:16:15Z" user="vinc44" uid="1060302">
  <nd ref="10264862145"/>
  <nd ref="10264862146"/>
  <nd ref="10264862147"/>
  <nd ref="10264862148"/>
  <nd ref="4723243183"/>
  <nd ref="10264862145"/>
  <tag k="building" v="yes"/>
 </way>
 <way id="1122284970" visible="true" version="1" changeset="130112669" timestamp="2022-12-15T12:16:15Z" user="vinc44" uid="1060302">
  <nd ref="10264862149"/>
  <nd ref="10264862150"/>
  <nd ref="10264862151"/>
  <nd ref="10264862152"/>
  <nd ref="10264862149"/>
  <tag k="building" v="yes"/>
 </way>
 <way id="1123597648" visible="true" version="1" changeset="130285898" timestamp="2022-12-20T11:21:24Z" user="Sylvain M" uid="672931">
  <nd ref="10275486394"/>
  <nd ref="10275486395"/>
  <nd ref="10275486396"/>
  <nd ref="10275486397"/>
  <nd ref="10275486398"/>
  <nd ref="10275486399"/>
  <nd ref="10275486400"/>
  <nd ref="10275486401"/>
  <nd ref="10275486402"/>
  <nd ref="10275486403"/>
  <nd ref="10275486404"/>
  <nd ref="10275486405"/>
  <nd ref="10275486406"/>
  <nd ref="10275486407"/>
  <nd ref="10275486408"/>
  <nd ref="10275516309"/>
  <nd ref="10275486394"/>
  <tag k="natural" v="sand"/>
 </way>
 <way id="1123597649" visible="true" version="1" changeset="130285898" timestamp="2022-12-20T11:21:24Z" user="Sylvain M" uid="672931">
  <nd ref="10275516310"/>
  <nd ref="10275516311"/>
  <nd ref="10275516312"/>
  <nd ref="10275516313"/>
  <nd ref="10275516314"/>
  <nd ref="10275516315"/>
  <nd ref="10275516316"/>
  <nd ref="10275516317"/>
  <nd ref="10275516318"/>
  <nd ref="10275516319"/>
  <nd ref="10275516320"/>
  <nd ref="10275516321"/>
  <nd ref="10275516310"/>
  <tag k="natural" v="sand"/>
 </way>
 <way id="1123597650" visible="true" version="1" changeset="130285898" timestamp="2022-12-20T11:21:24Z" user="Sylvain M" uid="672931">
  <nd ref="10275516322"/>
  <nd ref="10275516323"/>
  <nd ref="10275516324"/>
  <nd ref="10275516325"/>
  <nd ref="10275516326"/>
  <nd ref="10275516327"/>
  <nd ref="10275516328"/>
  <nd ref="10275516329"/>
  <nd ref="10275516330"/>
  <nd ref="10275516331"/>
  <nd ref="10275516332"/>
  <nd ref="10275516333"/>
  <nd ref="10275516334"/>
  <nd ref="10275516322"/>
  <tag k="natural" v="sand"/>
 </way>
 <way id="1123597651" visible="true" version="1" changeset="130285898" timestamp="2022-12-20T11:21:24Z" user="Sylvain M" uid="672931">
  <nd ref="2223075658"/>
  <nd ref="10275516335"/>
  <nd ref="10275516336"/>
  <nd ref="10275516337"/>
  <nd ref="10275516338"/>
  <nd ref="10275516339"/>
  <nd ref="10275516340"/>
  <nd ref="10275516341"/>
  <nd ref="10275516342"/>
  <nd ref="10275516343"/>
  <nd ref="10275516344"/>
  <nd ref="10275516345"/>
  <nd ref="10275516346"/>
  <nd ref="10275516347"/>
  <nd ref="10275516348"/>
  <nd ref="10275516349"/>
  <nd ref="10275516350"/>
  <nd ref="10275516351"/>
  <nd ref="10275516352"/>
  <nd ref="10275516353"/>
  <nd ref="10275516354"/>
  <nd ref="1356270870"/>
  <tag k="highway" v="service"/>
 </way>
 <way id="1123597652" visible="true" version="1" changeset="130285898" timestamp="2022-12-20T11:21:24Z" user="Sylvain M" uid="672931">
  <nd ref="10275516364"/>
  <nd ref="10275516365"/>
  <tag k="highway" v="service"/>
 </way>
 <way id="1123597653" visible="true" version="1" changeset="130285898" timestamp="2022-12-20T11:21:24Z" user="Sylvain M" uid="672931">
  <nd ref="10275516366"/>
  <nd ref="10275516367"/>
  <nd ref="10275516368"/>
  <nd ref="10275516369"/>
  <nd ref="10275516370"/>
  <nd ref="10275516371"/>
  <nd ref="10275516372"/>
  <nd ref="10275516373"/>
  <nd ref="10275516374"/>
  <nd ref="10275516375"/>
  <nd ref="10275516376"/>
  <nd ref="10275516377"/>
  <nd ref="10275516378"/>
  <nd ref="10275516379"/>
  <nd ref="10275516380"/>
  <nd ref="10275516381"/>
  <nd ref="10275516382"/>
  <nd ref="10275516366"/>
  <tag k="natural" v="water"/>
  <tag k="water" v="pond"/>
 </way>
 <way id="1311738178" visible="true" version="1" changeset="155872504" timestamp="2024-08-28T10:23:20Z" user="wuff57" uid="2583033">
  <nd ref="12141830824"/>
  <nd ref="12141830823"/>
  <nd ref="12141830822"/>
  <nd ref="12141830821"/>
  <nd ref="12141830820"/>
  <nd ref="12141830819"/>
  <nd ref="12141830818"/>
  <nd ref="1356252812"/>
  <nd ref="12141830824"/>
  <tag k="natural" v="water"/>
 </way>
 <way id="1311738179" visible="true" version="1" changeset="155872504" timestamp="2024-08-28T10:23:20Z" user="wuff57" uid="2583033">
  <nd ref="12141830833"/>
  <nd ref="12141830832"/>
  <nd ref="12141830831"/>
  <nd ref="12141830830"/>
  <nd ref="12141830829"/>
  <nd ref="12141830828"/>
  <nd ref="12141830827"/>
  <nd ref="12141830826"/>
  <nd ref="12141830825"/>
  <nd ref="12141830817"/>
  <nd ref="12141830816"/>
  <nd ref="12141830815"/>
  <nd ref="12141830814"/>
  <nd ref="12141830834"/>
  <nd ref="12141830813"/>
  <nd ref="12141830812"/>
  <nd ref="12141830811"/>
  <nd ref="12141830810"/>
  <nd ref="12141830809"/>
  <nd ref="12141830808"/>
  <nd ref="12141830807"/>
  <nd ref="12141830806"/>
  <tag k="waterway" v="stream"/>
 </way>
 <way id="1311738180" visible="true" version="1" changeset="155872504" timestamp="2024-08-28T10:23:20Z" user="wuff57" uid="2583033">
  <nd ref="12141830852"/>
  <nd ref="12141830851"/>
  <nd ref="12141830850"/>
  <nd ref="12141830849"/>
  <nd ref="12141830848"/>
  <nd ref="12141830847"/>
  <nd ref="12141830846"/>
  <nd ref="12141830845"/>
  <nd ref="12141830844"/>
  <nd ref="12141830843"/>
  <nd ref="12141830842"/>
  <nd ref="12141830841"/>
  <nd ref="12141830840"/>
  <nd ref="12141830839"/>
  <nd ref="12141830838"/>
  <nd ref="12141830837"/>
  <nd ref="12141830836"/>
  <nd ref="12141830835"/>
  <nd ref="12141830834"/>
  <tag k="waterway" v="stream"/>
 </way>
 <way id="1311738181" visible="true" version="1" changeset="155872504" timestamp="2024-08-28T10:23:20Z" user="wuff57" uid="2583033">
  <nd ref="12141830853"/>
  <nd ref="12141830852"/>
  <tag k="layer" v="-1"/>
  <tag k="tunnel" v="culvert"/>
  <tag k="waterway" v="stream"/>
 </way>
 <way id="1311738183" visible="true" version="1" changeset="155872504" timestamp="2024-08-28T10:23:20Z" user="wuff57" uid="2583033">
  <nd ref="12141830870"/>
  <nd ref="12141830869"/>
  <nd ref="12141830868"/>
  <nd ref="12141830867"/>
  <nd ref="12141830866"/>
  <nd ref="12141830865"/>
  <nd ref="12141830857"/>
  <nd ref="12141830856"/>
  <nd ref="12141830855"/>
  <nd ref="12141830854"/>
  <nd ref="12141830853"/>
  <tag k="waterway" v="stream"/>
 </way>
 <way id="1317358368" visible="true" version="1" changeset="156944359" timestamp="2024-09-22T10:22:04Z" user="mga_geo" uid="341930">
  <nd ref="268024885"/>
  <nd ref="4573629961"/>
  <nd ref="2213721931"/>
  <nd ref="2213721930"/>
  <nd ref="334521722"/>
  <nd ref="2213721929"/>
  <nd ref="2213721928"/>
  <nd ref="1217540272"/>
  <nd ref="2213721927"/>
  <nd ref="2213721926"/>
  <nd ref="334521724"/>
  <tag k="highway" v="tertiary"/>
  <tag k="ref" v="D 214"/>
  <tag k="source" v="bing"/>
  <tag k="surface" v="asphalt"/>
 </way>
 <way id="1317358369" visible="true" version="2" changeset="178841847" timestamp="2026-02-21T02:52:02Z" user="Olyon" uid="1443767">
  <nd ref="2213721937"/>
  <nd ref="1244565030"/>
  <nd ref="2213721933"/>
  <nd ref="2213721932"/>
  <nd ref="268024885"/>
  <tag k="highway" v="secondary"/>
  <tag k="maxspeed" v="90"/>
  <tag k="ref" v="D 31"/>
  <tag k="surface" v="asphalt"/>
 </way>
 <way id="1332621664" visible="true" version="3" changeset="162483348" timestamp="2025-02-13T22:27:21Z" user="Yaaaaaaaa" uid="14093483">
  <nd ref="11627169547"/>
  <nd ref="12328732869"/>
  <nd ref="12328732870"/>
  <nd ref="12328732871"/>
  <nd ref="12328732872"/>
  <nd ref="12328732873"/>
  <nd ref="12328732874"/>
  <nd ref="3616982227"/>
  <nd ref="12328732875"/>
  <nd ref="12328732876"/>
  <nd ref="12328732877"/>
  <nd ref="12328732878"/>
  <nd ref="12328732879"/>
  <nd ref="12328732880"/>
  <nd ref="12328732881"/>
  <nd ref="12328732882"/>
  <nd ref="12328732883"/>
  <nd ref="12328732884"/>
  <nd ref="12328732885"/>
  <nd ref="12328732886"/>
  <nd ref="12328732887"/>
  <nd ref="12328732888"/>
  <nd ref="12328732889"/>
  <nd ref="12328732890"/>
  <nd ref="12328732891"/>
  <nd ref="12328732892"/>
  <nd ref="12328732893"/>
  <nd ref="12328732894"/>
  <nd ref="12328732895"/>
  <nd ref="12328732896"/>
  <nd ref="12328745854"/>
  <nd ref="12328745853"/>
  <nd ref="12328745852"/>
  <nd ref="12328745851"/>
  <nd ref="12328745850"/>
  <nd ref="12328745849"/>
  <nd ref="12328745848"/>
  <nd ref="12328745847"/>
  <nd ref="12328745846"/>
  <nd ref="12328745845"/>
  <nd ref="12328745844"/>
  <nd ref="12328745843"/>
  <nd ref="12328745842"/>
  <nd ref="12328745841"/>
  <nd ref="12328745840"/>
  <nd ref="12328745839"/>
  <nd ref="12328745838"/>
  <nd ref="12328745837"/>
  <nd ref="12328745836"/>
  <nd ref="12328745835"/>
  <nd ref="12328745834"/>
  <nd ref="12328745833"/>
  <nd ref="12328745832"/>
  <nd ref="12328745831"/>
  <nd ref="12328745830"/>
  <nd ref="12328745829"/>
  <nd ref="12328745828"/>
  <nd ref="12328745827"/>
  <nd ref="12328745826"/>
  <nd ref="12328745825"/>
  <nd ref="12328745824"/>
  <nd ref="12328745823"/>
  <nd ref="12328745822"/>
  <nd ref="12328745821"/>
  <nd ref="12328745820"/>
  <nd ref="12328745819"/>
  <nd ref="12328745818"/>
  <nd ref="12328745817"/>
  <nd ref="12328745816"/>
  <nd ref="12328745815"/>
  <nd ref="12328745814"/>
  <nd ref="12328745813"/>
  <nd ref="12328745812"/>
  <nd ref="12328745811"/>
  <nd ref="12328745810"/>
  <nd ref="12328745809"/>
  <nd ref="12328745808"/>
  <nd ref="12328732898"/>
  <nd ref="12328732897"/>
 </way>
 <relation id="2638180" visible="true" version="11" changeset="158880110" timestamp="2024-11-08T03:59:54Z" user="Cyrille37Bot" uid="587556">
  <member type="node" ref="268025008" role="admin_centre"/>
  <member type="way" ref="196283213" role="outer"/>
  <member type="way" ref="196283220" role="outer"/>
  <member type="way" ref="196283217" role="outer"/>
  <member type="way" ref="208048370" role="outer"/>
  <member type="way" ref="196257051" role="outer"/>
  <member type="way" ref="71080978" role="outer"/>
  <member type="way" ref="196293960" role="outer"/>
  <member type="way" ref="196283215" role="outer"/>
  <member type="way" ref="196283211" role="outer"/>
  <member type="way" ref="196283216" role="outer"/>
  <member type="way" ref="196283214" role="outer"/>
  <tag k="admin_level" v="8"/>
  <tag k="boundary" v="administrative"/>
  <tag k="name" v="Essay"/>
  <tag k="population" v="540"/>
  <tag k="population:date" v="2021"/>
  <tag k="postal_code" v="61500"/>
  <tag k="ref:FR:SIREN" v="216101568"/>
  <tag k="ref:INSEE" v="61156"/>
  <tag k="source:population" v="INSEE 2024"/>
  <tag k="type" v="boundary"/>
  <tag k="wikidata" v="Q681279"/>
  <tag k="wikipedia" v="fr:Essay"/>
 </relation>
 <relation id="2638307" visible="true" version="9" changeset="158880110" timestamp="2024-11-08T03:59:54Z" user="Cyrille37Bot" uid="587556">
  <member type="way" ref="196293958" role="outer"/>
  <member type="way" ref="71008126" role="outer"/>
  <member type="way" ref="196283218" role="outer"/>
  <member type="way" ref="196293960" role="outer"/>
  <member type="way" ref="196293951" role="outer"/>
  <member type="way" ref="196293962" role="outer"/>
  <member type="node" ref="269479332" role="admin_centre"/>
  <tag k="admin_level" v="8"/>
  <tag k="boundary" v="administrative"/>
  <tag k="name" v="Aunay-les-Bois"/>
  <tag k="population" v="140"/>
  <tag k="population:date" v="2021"/>
  <tag k="postal_code" v="61500"/>
  <tag k="ref:FR:SIREN" v="216100131"/>
  <tag k="ref:INSEE" v="61013"/>
  <tag k="source:population" v="INSEE 2024"/>
  <tag k="type" v="boundary"/>
  <tag k="wikidata" v="Q1047563"/>
  <tag k="wikipedia" v="fr:Aunay-les-Bois"/>
 </relation>
 <relation id="2638308" visible="true" version="12" changeset="158880110" timestamp="2024-11-08T03:59:54Z" user="Cyrille37Bot" uid="587556">
  <member type="way" ref="196293951" role="outer"/>
  <member type="way" ref="196283215" role="outer"/>
  <member type="way" ref="196283211" role="outer"/>
  <member type="way" ref="196283216" role="outer"/>
  <member type="way" ref="51263684" role="outer"/>
  <member type="way" ref="216975913" role="outer"/>
  <member type="way" ref="216975899" role="outer"/>
  <member type="way" ref="166963854" role="outer"/>
  <member type="way" ref="166963852" role="outer"/>
  <member type="way" ref="196293959" role="outer"/>
  <member type="way" ref="196293961" role="outer"/>
  <member type="way" ref="196325287" role="outer"/>
  <member type="way" ref="196293952" role="outer"/>
  <member type="way" ref="132061259" role="outer"/>
  <member type="way" ref="196293962" role="outer"/>
  <member type="node" ref="268025634" role="admin_centre"/>
  <tag k="admin_level" v="8"/>
  <tag k="boundary" v="administrative"/>
  <tag k="name" v="Boitron"/>
  <tag k="population" v="347"/>
  <tag k="population:date" v="2021"/>
  <tag k="postal_code" v="61500"/>
  <tag k="ref:FR:SIREN" v="216100511"/>
  <tag k="ref:INSEE" v="61051"/>
  <tag k="source:population" v="INSEE 2024"/>
  <tag k="type" v="boundary"/>
  <tag k="wikidata" v="Q1095946"/>
  <tag k="wikipedia" v="fr:Boitron (Orne)"/>
 </relation>
 <relation id="3393277" visible="true" version="7" changeset="67790873" timestamp="2019-03-05T05:09:06Z" user="b-jazz-bot" uid="9451067">
  <member type="way" ref="150363335" role="outer"/>
  <member type="way" ref="157456455" role="outer"/>
  <member type="way" ref="32872490" role="outer"/>
  <member type="way" ref="71003995" role="outer"/>
  <member type="way" ref="32794664" role="outer"/>
  <member type="way" ref="71081945" role="outer"/>
  <member type="way" ref="70906814" role="outer"/>
  <member type="way" ref="150363336" role="outer"/>
  <member type="way" ref="150363334" role="outer"/>
  <member type="way" ref="150363337" role="outer"/>
  <member type="way" ref="132045566" role="outer"/>
  <member type="way" ref="178805675" role="outer"/>
  <member type="way" ref="178805664" role="outer"/>
  <member type="way" ref="178805674" role="outer"/>
  <member type="way" ref="178805652" role="outer"/>
  <member type="way" ref="178805660" role="outer"/>
  <member type="way" ref="132045555" role="outer"/>
  <member type="way" ref="32878535" role="outer"/>
  <member type="way" ref="32793985" role="outer"/>
  <member type="way" ref="132045595" role="outer"/>
  <member type="way" ref="132144944" role="outer"/>
  <member type="way" ref="132146786" role="outer"/>
  <member type="way" ref="135251322" role="outer"/>
  <member type="way" ref="141328941" role="outer"/>
  <member type="way" ref="178607866" role="outer"/>
  <member type="way" ref="168091290" role="outer"/>
  <member type="way" ref="168091032" role="outer"/>
  <member type="way" ref="157456504" role="outer"/>
  <member type="way" ref="157456485" role="outer"/>
  <member type="way" ref="168091287" role="outer"/>
  <member type="way" ref="132046802" role="outer"/>
  <member type="way" ref="165692489" role="outer"/>
  <member type="way" ref="157456459" role="outer"/>
  <member type="way" ref="165692487" role="outer"/>
  <member type="way" ref="172430061" role="outer"/>
  <member type="way" ref="172430059" role="outer"/>
  <member type="way" ref="157456473" role="outer"/>
  <member type="way" ref="194759981" role="outer"/>
  <member type="way" ref="194759977" role="outer"/>
  <member type="way" ref="194759978" role="outer"/>
  <member type="way" ref="194759975" role="outer"/>
  <member type="way" ref="194759973" role="outer"/>
  <member type="way" ref="221107870" role="outer"/>
  <member type="way" ref="221105958" role="outer"/>
  <member type="way" ref="243558524" role="outer"/>
  <member type="way" ref="246052429" role="outer"/>
  <member type="way" ref="245374383" role="outer"/>
  <member type="way" ref="245374376" role="outer"/>
  <member type="way" ref="245730780" role="outer"/>
  <member type="way" ref="245727269" role="outer"/>
  <member type="way" ref="210107429" role="outer"/>
  <member type="way" ref="51259081" role="outer"/>
  <member type="way" ref="51259072" role="outer"/>
  <member type="way" ref="148998443" role="outer"/>
  <member type="way" ref="196325288" role="outer"/>
  <member type="way" ref="196293961" role="outer"/>
  <member type="way" ref="196325287" role="outer"/>
  <member type="way" ref="196293952" role="outer"/>
  <member type="way" ref="132061259" role="outer"/>
  <member type="way" ref="196293962" role="outer"/>
  <member type="way" ref="196293951" role="outer"/>
  <member type="way" ref="196293960" role="outer"/>
  <member type="way" ref="71080978" role="outer"/>
  <member type="way" ref="196257051" role="outer"/>
  <member type="way" ref="71080977" role="outer"/>
  <member type="way" ref="196256453" role="outer"/>
  <member type="way" ref="71003930" role="outer"/>
  <member type="way" ref="71003987" role="outer"/>
  <member type="way" ref="216975869" role="outer"/>
  <tag k="boundary" v="local_authority"/>
  <tag k="local_authority:FR" v="CC"/>
  <tag k="name" v="Communauté de communes de la Vallée de la Haute Sarthe"/>
  <tag k="ref:FR:SIREN" v="200035103"/>
  <tag k="short_name" v="CCVHS"/>
  <tag k="type" v="boundary"/>
  <tag k="website" v="https://www.cdcvalleedelahautesarthe.com/"/>
  <tag k="wikidata" v="Q2987915"/>
  <tag k="wikipedia" v="fr:Communauté de communes de la Vallée de la Haute Sarthe"/>
 </relation>
 <relation id="3393281" visible="true" version="9" changeset="169605687" timestamp="2025-07-28T10:40:46Z" user="BBecquet" uid="21817">
  <member type="way" ref="244741917" role="outer"/>
  <member type="way" ref="244726649" role="outer"/>
  <member type="way" ref="244726642" role="outer"/>
  <member type="way" ref="261221869" role="outer"/>
  <member type="way" ref="261221866" role="outer"/>
  <member type="way" ref="261221867" role="outer"/>
  <member type="way" ref="261221865" role="outer"/>
  <member type="way" ref="261221868" role="outer"/>
  <member type="way" ref="261221864" role="outer"/>
  <member type="way" ref="261502964" role="outer"/>
  <member type="way" ref="261502963" role="outer"/>
  <member type="way" ref="244637037" role="outer"/>
  <member type="way" ref="244636808" role="outer"/>
  <member type="way" ref="244636804" role="outer"/>
  <member type="way" ref="244636806" role="outer"/>
  <member type="way" ref="244636809" role="outer"/>
  <member type="way" ref="243773491" role="outer"/>
  <member type="way" ref="217922910" role="outer"/>
  <member type="way" ref="159185753" role="outer"/>
  <member type="way" ref="159185754" role="outer"/>
  <member type="way" ref="81611051" role="outer"/>
  <member type="way" ref="98025944" role="outer"/>
  <member type="way" ref="98025957" role="outer"/>
  <member type="way" ref="166961304" role="outer"/>
  <member type="way" ref="196257039" role="outer"/>
  <member type="way" ref="208048372" role="outer"/>
  <member type="way" ref="196283217" role="outer"/>
  <member type="way" ref="208048370" role="outer"/>
  <member type="way" ref="196257051" role="outer"/>
  <member type="way" ref="71080978" role="outer"/>
  <member type="way" ref="196293960" role="outer"/>
  <member type="way" ref="196293951" role="outer"/>
  <member type="way" ref="196293962" role="outer"/>
  <member type="way" ref="132061259" role="outer"/>
  <member type="way" ref="196293952" role="outer"/>
  <member type="way" ref="196325287" role="outer"/>
  <member type="way" ref="196293961" role="outer"/>
  <member type="way" ref="196325288" role="outer"/>
  <member type="way" ref="148998443" role="outer"/>
  <member type="way" ref="51259072" role="outer"/>
  <member type="way" ref="51259081" role="outer"/>
  <member type="way" ref="51228970" role="outer"/>
  <member type="way" ref="148998458" role="outer"/>
  <member type="way" ref="51204248" role="outer"/>
  <member type="way" ref="51204249" role="outer"/>
  <member type="way" ref="57385571" role="outer"/>
  <member type="way" ref="243594076" role="outer"/>
  <member type="way" ref="148998473" role="outer"/>
  <member type="way" ref="243977294" role="outer"/>
  <member type="way" ref="245066131" role="outer"/>
  <member type="way" ref="243977295" role="outer"/>
  <member type="way" ref="266899501" role="outer"/>
  <member type="way" ref="266899523" role="outer"/>
  <member type="way" ref="69983350" role="outer"/>
  <member type="way" ref="71190792" role="outer"/>
  <member type="way" ref="71123785" role="outer"/>
  <member type="way" ref="70007400" role="outer"/>
  <member type="way" ref="71123769" role="outer"/>
  <member type="way" ref="71123781" role="outer"/>
  <member type="way" ref="71123797" role="outer"/>
  <member type="way" ref="244765291" role="outer"/>
  <member type="way" ref="244765290" role="outer"/>
  <member type="way" ref="227908612" role="outer"/>
  <tag k="boundary" v="local_authority"/>
  <tag k="local_authority:FR" v="CC"/>
  <tag k="name" v="Communauté de communes des Sources de l'Orne"/>
  <tag k="ref:FR:SIREN" v="200035111"/>
  <tag k="short_name" v="CCSO"/>
  <tag k="type" v="boundary"/>
  <tag k="website" v="https://www.cdc-sourcesdelorne.fr/"/>
  <tag k="wikidata" v="Q16305365"/>
  <tag k="wikipedia" v="fr:Communauté de communes des Sources de l'Orne"/>
 </relation>
 <relation id="4550647" visible="true" version="6" changeset="102421811" timestamp="2021-04-06T16:41:23Z" user="LudoTA" uid="5197297">
  <member type="node" ref="1581106396" role="admin_centre"/>
  <member type="way" ref="81611051" role="outer"/>
  <member type="way" ref="159185754" role="outer"/>
  <member type="way" ref="159185753" role="outer"/>
  <member type="way" ref="81611052" role="outer"/>
  <member type="way" ref="241499776" role="outer"/>
  <member type="way" ref="277988486" role="outer"/>
  <member type="way" ref="926807737" role="outer"/>
  <member type="way" ref="277988449" role="outer"/>
  <member type="way" ref="241499778" role="outer"/>
  <member type="way" ref="71122827" role="outer"/>
  <member type="way" ref="55337511" role="outer"/>
  <member type="way" ref="71035080" role="outer"/>
  <member type="way" ref="32872489" role="outer"/>
  <member type="way" ref="32872488" role="outer"/>
  <member type="way" ref="32872387" role="outer"/>
  <member type="way" ref="32872388" role="outer"/>
  <member type="way" ref="216975869" role="outer"/>
  <member type="way" ref="150363335" role="outer"/>
  <member type="way" ref="157456455" role="outer"/>
  <member type="way" ref="32872490" role="outer"/>
  <member type="way" ref="71003995" role="outer"/>
  <member type="way" ref="32794664" role="outer"/>
  <member type="way" ref="71081945" role="outer"/>
  <member type="way" ref="70906814" role="outer"/>
  <member type="way" ref="150363336" role="outer"/>
  <member type="way" ref="150363334" role="outer"/>
  <member type="way" ref="150363337" role="outer"/>
  <member type="way" ref="132045566" role="outer"/>
  <member type="way" ref="178805675" role="outer"/>
  <member type="way" ref="178805664" role="outer"/>
  <member type="way" ref="178805674" role="outer"/>
  <member type="way" ref="178805652" role="outer"/>
  <member type="way" ref="178805660" role="outer"/>
  <member type="way" ref="132045555" role="outer"/>
  <member type="way" ref="32878535" role="outer"/>
  <member type="way" ref="32793985" role="outer"/>
  <member type="way" ref="132045595" role="outer"/>
  <member type="way" ref="132144944" role="outer"/>
  <member type="way" ref="132146786" role="outer"/>
  <member type="way" ref="135251322" role="outer"/>
  <member type="way" ref="141328941" role="outer"/>
  <member type="way" ref="178607866" role="outer"/>
  <member type="way" ref="168091290" role="outer"/>
  <member type="way" ref="168091032" role="outer"/>
  <member type="way" ref="157456504" role="outer"/>
  <member type="way" ref="157456485" role="outer"/>
  <member type="way" ref="168091287" role="outer"/>
  <member type="way" ref="132046802" role="outer"/>
  <member type="way" ref="165692489" role="outer"/>
  <member type="way" ref="157456459" role="outer"/>
  <member type="way" ref="165692487" role="outer"/>
  <member type="way" ref="172430061" role="outer"/>
  <member type="way" ref="172430059" role="outer"/>
  <member type="way" ref="157456473" role="outer"/>
  <member type="way" ref="194759981" role="outer"/>
  <member type="way" ref="194759977" role="outer"/>
  <member type="way" ref="194759978" role="outer"/>
  <member type="way" ref="194759975" role="outer"/>
  <member type="way" ref="194759973" role="outer"/>
  <member type="way" ref="221107870" role="outer"/>
  <member type="way" ref="221105958" role="outer"/>
  <member type="way" ref="243558524" role="outer"/>
  <member type="way" ref="246052429" role="outer"/>
  <member type="way" ref="245374383" role="outer"/>
  <member type="way" ref="245374376" role="outer"/>
  <member type="way" ref="245730780" role="outer"/>
  <member type="way" ref="245727269" role="outer"/>
  <member type="way" ref="210107429" role="outer"/>
  <member type="way" ref="51259081" role="outer"/>
  <member type="way" ref="51259072" role="outer"/>
  <member type="way" ref="148998443" role="outer"/>
  <member type="way" ref="196325288" role="outer"/>
  <member type="way" ref="196293961" role="outer"/>
  <member type="way" ref="196325287" role="outer"/>
  <member type="way" ref="196293952" role="outer"/>
  <member type="way" ref="132061259" role="outer"/>
  <member type="way" ref="196293962" role="outer"/>
  <member type="way" ref="196293951" role="outer"/>
  <member type="way" ref="196283215" role="outer"/>
  <member type="way" ref="196283211" role="outer"/>
  <member type="way" ref="196283216" role="outer"/>
  <member type="way" ref="196283214" role="outer"/>
  <member type="way" ref="196283219" role="outer"/>
  <member type="way" ref="166961308" role="outer"/>
  <member type="way" ref="166961236" role="outer"/>
  <member type="way" ref="166961278" role="outer"/>
  <member type="way" ref="166961304" role="outer"/>
  <member type="way" ref="98025957" role="outer"/>
  <member type="way" ref="98025944" role="outer"/>
  <tag k="boundary" v="political"/>
  <tag k="name" v="Radon"/>
  <tag k="political_division" v="canton"/>
  <tag k="ref:INSEE" v="6117"/>
  <tag k="start_date" v="2015-03"/>
  <tag k="type" v="boundary"/>
 </relation>
 <relation id="4550649" visible="true" version="5" changeset="169605687" timestamp="2025-07-28T10:40:46Z" user="BBecquet" uid="21817">
  <member type="way" ref="51204249" role="outer"/>
  <member type="way" ref="51204248" role="outer"/>
  <member type="way" ref="148998458" role="outer"/>
  <member type="way" ref="51228970" role="outer"/>
  <member type="way" ref="51259081" role="outer"/>
  <member type="way" ref="51259072" role="outer"/>
  <member type="way" ref="148998443" role="outer"/>
  <member type="way" ref="196325288" role="outer"/>
  <member type="way" ref="196293961" role="outer"/>
  <member type="way" ref="196325287" role="outer"/>
  <member type="way" ref="196293952" role="outer"/>
  <member type="way" ref="132061259" role="outer"/>
  <member type="way" ref="196293962" role="outer"/>
  <member type="way" ref="196293951" role="outer"/>
  <member type="way" ref="196283215" role="outer"/>
  <member type="way" ref="196283211" role="outer"/>
  <member type="way" ref="196283216" role="outer"/>
  <member type="way" ref="196283214" role="outer"/>
  <member type="way" ref="196283219" role="outer"/>
  <member type="way" ref="166961308" role="outer"/>
  <member type="way" ref="166961236" role="outer"/>
  <member type="way" ref="166961278" role="outer"/>
  <member type="way" ref="166961304" role="outer"/>
  <member type="way" ref="98025957" role="outer"/>
  <member type="way" ref="98025944" role="outer"/>
  <member type="way" ref="81611051" role="outer"/>
  <member type="way" ref="159185754" role="outer"/>
  <member type="way" ref="159185753" role="outer"/>
  <member type="way" ref="217922910" role="outer"/>
  <member type="way" ref="243773491" role="outer"/>
  <member type="way" ref="244636809" role="outer"/>
  <member type="way" ref="244636806" role="outer"/>
  <member type="way" ref="244636804" role="outer"/>
  <member type="way" ref="244636808" role="outer"/>
  <member type="way" ref="244637037" role="outer"/>
  <member type="way" ref="261502963" role="outer"/>
  <member type="way" ref="261502964" role="outer"/>
  <member type="way" ref="261221864" role="outer"/>
  <member type="way" ref="261221868" role="outer"/>
  <member type="way" ref="261221865" role="outer"/>
  <member type="way" ref="261221867" role="outer"/>
  <member type="way" ref="261221866" role="outer"/>
  <member type="way" ref="261221869" role="outer"/>
  <member type="way" ref="244726642" role="outer"/>
  <member type="way" ref="244726649" role="outer"/>
  <member type="way" ref="244741917" role="outer"/>
  <member type="way" ref="227908612" role="outer"/>
  <member type="way" ref="244765290" role="outer"/>
  <member type="way" ref="244765291" role="outer"/>
  <member type="way" ref="71123797" role="outer"/>
  <member type="way" ref="71123781" role="outer"/>
  <member type="way" ref="71123769" role="outer"/>
  <member type="way" ref="70007400" role="outer"/>
  <member type="way" ref="71123785" role="outer"/>
  <member type="way" ref="71190792" role="outer"/>
  <member type="way" ref="69983350" role="outer"/>
  <member type="way" ref="266899523" role="outer"/>
  <member type="way" ref="266899501" role="outer"/>
  <member type="way" ref="243977295" role="outer"/>
  <member type="way" ref="245066131" role="outer"/>
  <member type="way" ref="243977294" role="outer"/>
  <member type="way" ref="148998473" role="outer"/>
  <member type="way" ref="243594076" role="outer"/>
  <member type="way" ref="57385571" role="outer"/>
  <member type="node" ref="26697514" role="admin_centre"/>
  <tag k="boundary" v="political"/>
  <tag k="name" v="Sées"/>
  <tag k="political_division" v="canton"/>
  <tag k="ref:INSEE" v="6119"/>
  <tag k="start_date" v="2015-03"/>
  <tag k="type" v="boundary"/>
 </relation>
 <relation id="4616173" visible="true" version="9" changeset="41441512" timestamp="2016-08-14T12:49:33Z" user="Pichasso" uid="512235">
  <member type="relation" ref="4550643" role="01"/>
  <member type="relation" ref="4552972" role="02"/>
  <member type="relation" ref="4552973" role="03"/>
  <member type="relation" ref="4550633" role="04"/>
  <member type="relation" ref="4550634" role="05"/>
  <member type="relation" ref="4550635" role="06"/>
  <member type="relation" ref="4550636" role="07"/>
  <member type="relation" ref="4550637" role="08"/>
  <member type="relation" ref="4550638" role="09"/>
  <member type="relation" ref="4550639" role="10"/>
  <member type="relation" ref="4550640" role="11"/>
  <member type="relation" ref="4550644" role="12"/>
  <member type="relation" ref="4550641" role="13"/>
  <member type="relation" ref="4550642" role="14"/>
  <member type="relation" ref="4550645" role="15"/>
  <member type="relation" ref="4550646" role="16"/>
  <member type="relation" ref="4550647" role="17"/>
  <member type="relation" ref="4550648" role="18"/>
  <member type="relation" ref="4550649" role="19"/>
  <member type="relation" ref="4550650" role="20"/>
  <member type="relation" ref="4553025" role="21"/>
  <tag k="boundary" v="political"/>
  <tag k="collection" v="boundary"/>
  <tag k="description" v="21 cantons"/>
  <tag k="name" v="Orne - cantons (mars 2015)"/>
  <tag k="planned:ref" v="061"/>
  <tag k="political_division" v="canton"/>
  <tag k="source" v="(JORF 2014-02-28) Décret nº 2014-247 du 25 février 2014 portant délimitation des cantons dans le département de l’Orne"/>
  <tag k="source:url" v="http://www.legifrance.gouv.fr/affichTexte.do?cidTexte=JORFTEXT000028661490"/>
  <tag k="start_date" v="2015-03"/>
  <tag k="type" v="collection"/>
 </relation>
 <relation id="18067079" visible="true" version="27" changeset="185166760" timestamp="2026-07-05T23:12:01Z" user="Olyon" uid="1443767">
  <member type="node" ref="12185446151" role="platform"/>
  <member type="node" ref="7043857338" role="platform"/>
  <member type="node" ref="12185420976" role="platform"/>
  <member type="node" ref="12185446058" role="platform"/>
  <member type="node" ref="12185446042" role="platform"/>
  <member type="node" ref="12185446131" role="platform"/>
  <member type="node" ref="1260018167" role="platform"/>
  <member type="node" ref="12185446133" role="platform"/>
  <member type="node" ref="12185446107" role="platform"/>
  <member type="node" ref="12185446029" role="platform"/>
  <member type="node" ref="12185446097" role="platform"/>
  <member type="node" ref="12185446144" role="platform"/>
  <member type="node" ref="8260107979" role="platform"/>
  <member type="node" ref="5836111406" role="platform"/>
  <member type="way" ref="518025359" role=""/>
  <member type="way" ref="54380921" role=""/>
  <member type="way" ref="114929655" role=""/>
  <member type="way" ref="114929657" role=""/>
  <member type="way" ref="55418619" role=""/>
  <member type="way" ref="1096295279" role=""/>
  <member type="way" ref="1054510682" role=""/>
  <member type="way" ref="518025361" role=""/>
  <member type="way" ref="155785537" role=""/>
  <member type="way" ref="54038028" role=""/>
  <member type="way" ref="714397655" role=""/>
  <member type="way" ref="1316843040" role=""/>
  <member type="way" ref="243958678" role=""/>
  <member type="way" ref="243958693" role=""/>
  <member type="way" ref="9925926" role=""/>
  <member type="way" ref="151050707" role=""/>
  <member type="way" ref="151050675" role=""/>
  <member type="way" ref="1186108597" role=""/>
  <member type="way" ref="1186108596" role=""/>
  <member type="way" ref="1317247620" role=""/>
  <member type="way" ref="302454841" role=""/>
  <member type="way" ref="183177970" role=""/>
  <member type="way" ref="1316843039" role=""/>
  <member type="way" ref="982809380" role=""/>
  <member type="way" ref="982809379" role=""/>
  <member type="way" ref="1316843038" role=""/>
  <member type="way" ref="982809373" role=""/>
  <member type="way" ref="302454841" role=""/>
  <member type="way" ref="1316847067" role=""/>
  <member type="way" ref="243958625" role=""/>
  <member type="way" ref="55418598" role=""/>
  <member type="way" ref="55418599" role=""/>
  <member type="way" ref="230093139" role=""/>
  <member type="way" ref="753914755" role=""/>
  <member type="way" ref="753914756" role=""/>
  <member type="way" ref="1525382462" role=""/>
  <member type="way" ref="1525382463" role=""/>
  <member type="way" ref="518310569" role=""/>
  <member type="way" ref="9925922" role=""/>
  <member type="way" ref="734830892" role=""/>
  <member type="way" ref="734830891" role=""/>
  <member type="way" ref="226091505" role=""/>
  <member type="way" ref="1418091343" role=""/>
  <member type="way" ref="226091500" role=""/>
  <member type="way" ref="1274167589" role=""/>
  <member type="way" ref="1444725375" role=""/>
  <member type="way" ref="1444725376" role=""/>
  <member type="way" ref="9925921" role=""/>
  <member type="way" ref="1014258658" role=""/>
  <member type="way" ref="1014258667" role=""/>
  <member type="way" ref="1014258662" role=""/>
  <member type="way" ref="1014258665" role=""/>
  <member type="way" ref="1444725423" role=""/>
  <member type="way" ref="1014258661" role=""/>
  <member type="way" ref="9925919" role=""/>
  <member type="way" ref="1014258668" role=""/>
  <member type="way" ref="1014258670" role=""/>
  <member type="way" ref="1014258669" role=""/>
  <member type="way" ref="4525074" role=""/>
  <member type="way" ref="243958687" role=""/>
  <member type="way" ref="24910321" role=""/>
  <member type="way" ref="24910322" role=""/>
  <member type="way" ref="243958685" role=""/>
  <member type="way" ref="24695259" role=""/>
  <member type="way" ref="1171228735" role=""/>
  <member type="way" ref="22972315" role=""/>
  <member type="way" ref="1171229199" role=""/>
  <member type="way" ref="22972289" role=""/>
  <member type="way" ref="1171229197" role=""/>
  <member type="way" ref="22972316" role=""/>
  <member type="way" ref="24910341" role=""/>
  <member type="way" ref="24910342" role=""/>
  <member type="way" ref="570301215" role=""/>
  <member type="way" ref="570301213" role=""/>
  <member type="way" ref="1415115571" role=""/>
  <member type="way" ref="1418669723" role=""/>
  <member type="way" ref="1415115573" role=""/>
  <member type="way" ref="1481259089" role=""/>
  <member type="way" ref="184169689" role=""/>
  <member type="way" ref="184169695" role=""/>
  <member type="way" ref="184169695" role=""/>
  <member type="way" ref="1481259088" role=""/>
  <member type="way" ref="184169685" role=""/>
  <member type="way" ref="435790944" role=""/>
  <member type="way" ref="435790945" role=""/>
  <member type="way" ref="1481258594" role=""/>
  <member type="way" ref="435790948" role=""/>
  <member type="way" ref="1481258593" role=""/>
  <member type="way" ref="435790946" role=""/>
  <member type="way" ref="1110570190" role=""/>
  <member type="way" ref="1187633048" role=""/>
  <member type="way" ref="1110570193" role=""/>
  <member type="way" ref="1481258977" role=""/>
  <member type="way" ref="1187633053" role=""/>
  <member type="way" ref="1110570192" role=""/>
  <member type="way" ref="1187633052" role=""/>
  <member type="way" ref="1443442336" role=""/>
  <member type="way" ref="110303335" role=""/>
  <member type="way" ref="1443442043" role=""/>
  <member type="way" ref="1443442337" role=""/>
  <member type="way" ref="1110570191" role=""/>
  <member type="way" ref="24858812" role=""/>
  <member type="way" ref="110149229" role=""/>
  <member type="way" ref="1317331762" role=""/>
  <member type="way" ref="1317331762" role=""/>
  <member type="way" ref="1317331763" role=""/>
  <member type="way" ref="110149235" role=""/>
  <member type="way" ref="24628885" role=""/>
  <member type="way" ref="110221834" role=""/>
  <member type="way" ref="110221839" role=""/>
  <member type="way" ref="216865545" role=""/>
  <member type="way" ref="24803750" role=""/>
  <member type="way" ref="1280178535" role=""/>
  <member type="way" ref="1280178529" role=""/>
  <member type="way" ref="1280178533" role=""/>
  <member type="way" ref="697092506" role=""/>
  <member type="way" ref="110303341" role=""/>
  <member type="way" ref="277205886" role=""/>
  <member type="way" ref="545677185" role=""/>
  <member type="way" ref="545676386" role=""/>
  <member type="way" ref="1481258473" role=""/>
  <member type="way" ref="108475973" role=""/>
  <member type="way" ref="1317358367" role=""/>
  <member type="way" ref="24659110" role=""/>
  <member type="way" ref="1411060360" role=""/>
  <member type="way" ref="1411060361" role=""/>
  <member type="way" ref="1185850520" role=""/>
  <member type="way" ref="1185850519" role=""/>
  <member type="way" ref="25023407" role=""/>
  <member type="way" ref="1481258987" role=""/>
  <member type="way" ref="25023408" role=""/>
  <member type="way" ref="1452439725" role=""/>
  <member type="way" ref="488889458" role=""/>
  <member type="way" ref="173778043" role=""/>
  <member type="way" ref="488889456" role=""/>
  <member type="way" ref="488889467" role=""/>
  <member type="way" ref="1481650177" role=""/>
  <member type="way" ref="1481650176" role=""/>
  <member type="way" ref="128195285" role=""/>
  <member type="way" ref="1317331765" role=""/>
  <member type="way" ref="493001868" role=""/>
  <member type="way" ref="1317331764" role=""/>
  <member type="way" ref="493001861" role=""/>
  <member type="way" ref="493001860" role=""/>
  <member type="way" ref="128195289" role=""/>
  <member type="way" ref="1535693853" role=""/>
  <member type="way" ref="1375667194" role=""/>
  <member type="way" ref="1481258954" role=""/>
  <member type="way" ref="509481530" role=""/>
  <member type="way" ref="509481531" role=""/>
  <member type="way" ref="509481532" role=""/>
  <member type="way" ref="738155279" role=""/>
  <member type="way" ref="738155280" role=""/>
  <member type="way" ref="202856497" role=""/>
  <member type="way" ref="202856502" role=""/>
  <member type="way" ref="1317331759" role=""/>
  <member type="way" ref="202856497" role=""/>
  <member type="way" ref="738155272" role=""/>
  <member type="way" ref="191467603" role=""/>
  <member type="way" ref="738155276" role=""/>
  <member type="way" ref="493000482" role=""/>
  <member type="way" ref="1481258935" role=""/>
  <member type="way" ref="1186816809" role=""/>
  <member type="way" ref="1481258934" role=""/>
  <member type="way" ref="1481258933" role=""/>
  <member type="way" ref="1186816825" role=""/>
  <member type="way" ref="1481258883" role=""/>
  <member type="way" ref="1186816824" role=""/>
  <member type="way" ref="1413037750" role=""/>
  <member type="way" ref="1481258887" role=""/>
  <member type="way" ref="1187487112" role=""/>
  <member type="way" ref="1481258910" role=""/>
  <member type="way" ref="1187487111" role=""/>
  <member type="way" ref="1413037747" role=""/>
  <member type="way" ref="191467598" role=""/>
  <member type="way" ref="1481258435" role=""/>
  <member type="way" ref="1481258909" role=""/>
  <member type="way" ref="191467602" role=""/>
  <member type="way" ref="27242551" role=""/>
  <member type="way" ref="1172508730" role=""/>
  <member type="way" ref="27243248" role=""/>
  <member type="way" ref="1469334515" role=""/>
  <member type="way" ref="1481258431" role=""/>
  <member type="way" ref="1232668680" role=""/>
  <member type="way" ref="1006399243" role=""/>
  <member type="way" ref="1006399242" role=""/>
  <member type="way" ref="1006399241" role=""/>
  <member type="way" ref="232804905" role=""/>
  <member type="way" ref="232802366" role=""/>
  <member type="way" ref="1481650315" role=""/>
  <member type="way" ref="1481650314" role=""/>
  <member type="way" ref="272046736" role=""/>
  <member type="way" ref="1317331768" role=""/>
  <member type="way" ref="232802374" role=""/>
  <member type="way" ref="232802374" role=""/>
  <member type="way" ref="1317331768" role=""/>
  <member type="way" ref="1250710715" role=""/>
  <member type="way" ref="1250710716" role=""/>
  <member type="way" ref="1250710717" role=""/>
  <member type="way" ref="888585243" role=""/>
  <member type="way" ref="155412859" role=""/>
  <member type="way" ref="1017152929" role=""/>
  <member type="way" ref="287235668" role=""/>
  <member type="way" ref="888585238" role=""/>
  <member type="way" ref="151183248" role=""/>
  <tag k="colour" v="#588AC7"/>
  <tag k="description" v="Ligne 415 : L'AIGLE / MOULINS-LA-MARCHE / ALENÇON"/>
  <tag k="from" v="ALENCON - Champ Perrier"/>
  <tag k="gtfs:route_id" v="ATOUMOD040:Line:1008245:LOC"/>
  <tag k="gtfs:route_long_name" v="L'AIGLE / MOULINS-LA-MARCHE / ALENÇON"/>
  <tag k="gtfs:route_short_name" v="415"/>
  <tag k="gtfs:shape_id" v="NOMAD:1636$1045671$1737"/>
  <tag k="name" v="Car Nomad 415 : Alencon - Champ Perrier → L'Aigle - Gare SNCF"/>
  <tag k="network" v="Nomad"/>
  <tag k="network:wikidata" v="Q98131290"/>
  <tag k="public_transport:version" v="2"/>
  <tag k="ref" v="415"/>
  <tag k="ref:network" v="415-B"/>
  <tag k="route" v="bus"/>
  <tag k="text_colour" v="#FFFFFF"/>
  <tag k="to" v="L'AIGLE - Gare SNCF"/>
  <tag k="type" v="route"/>
 </relation>
 <relation id="18067080" visible="true" version="29" changeset="185166760" timestamp="2026-07-05T23:12:01Z" user="Olyon" uid="1443767">
  <member type="node" ref="5836111406" role="platform"/>
  <member type="node" ref="8260107979" role="platform"/>
  <member type="node" ref="12185446097" role="platform"/>
  <member type="node" ref="12185446029" role="platform"/>
  <member type="node" ref="12185446107" role="platform"/>
  <member type="node" ref="12185446133" role="platform"/>
  <member type="node" ref="1260018167" role="platform"/>
  <member type="node" ref="12185446131" role="platform"/>
  <member type="node" ref="12185446042" role="platform"/>
  <member type="node" ref="4336859631" role="platform"/>
  <member type="node" ref="12185446058" role="platform"/>
  <member type="node" ref="12185420976" role="platform"/>
  <member type="node" ref="7043857338" role="platform"/>
  <member type="node" ref="12185446151" role="platform"/>
  <member type="node" ref="12185420953" role="platform"/>
  <member type="node" ref="12185420941" role="platform"/>
  <member type="way" ref="151183248" role=""/>
  <member type="way" ref="1132693494" role=""/>
  <member type="way" ref="151183249" role=""/>
  <member type="way" ref="94719447" role=""/>
  <member type="way" ref="94719435" role=""/>
  <member type="way" ref="232802367" role=""/>
  <member type="way" ref="232802369" role=""/>
  <member type="way" ref="176491209" role=""/>
  <member type="way" ref="1481650315" role=""/>
  <member type="way" ref="1481650314" role=""/>
  <member type="way" ref="272046736" role=""/>
  <member type="way" ref="1317331768" role=""/>
  <member type="way" ref="232802374" role=""/>
  <member type="way" ref="1232696245" role=""/>
  <member type="way" ref="232802374" role=""/>
  <member type="way" ref="1317331768" role=""/>
  <member type="way" ref="272046736" role=""/>
  <member type="way" ref="1481650314" role=""/>
  <member type="way" ref="1481650315" role=""/>
  <member type="way" ref="232802366" role=""/>
  <member type="way" ref="232804905" role=""/>
  <member type="way" ref="1006399241" role=""/>
  <member type="way" ref="1006399242" role=""/>
  <member type="way" ref="1006399243" role=""/>
  <member type="way" ref="1232668680" role=""/>
  <member type="way" ref="1481258431" role=""/>
  <member type="way" ref="1469334515" role=""/>
  <member type="way" ref="27243248" role=""/>
  <member type="way" ref="1172508731" role=""/>
  <member type="way" ref="27242551" role=""/>
  <member type="way" ref="191467601" role=""/>
  <member type="way" ref="1481258909" role=""/>
  <member type="way" ref="1481258435" role=""/>
  <member type="way" ref="191467598" role=""/>
  <member type="way" ref="1413037747" role=""/>
  <member type="way" ref="1187487111" role=""/>
  <member type="way" ref="1481258910" role=""/>
  <member type="way" ref="1187487112" role=""/>
  <member type="way" ref="1481258887" role=""/>
  <member type="way" ref="1413037750" role=""/>
  <member type="way" ref="1186816824" role=""/>
  <member type="way" ref="1481258883" role=""/>
  <member type="way" ref="1186816825" role=""/>
  <member type="way" ref="1481258933" role=""/>
  <member type="way" ref="1481258934" role=""/>
  <member type="way" ref="1186816809" role=""/>
  <member type="way" ref="1481258935" role=""/>
  <member type="way" ref="493000482" role=""/>
  <member type="way" ref="191467600" role=""/>
  <member type="way" ref="738155277" role=""/>
  <member type="way" ref="738155275" role=""/>
  <member type="way" ref="738155272" role=""/>
  <member type="way" ref="202856497" role=""/>
  <member type="way" ref="202856502" role=""/>
  <member type="way" ref="1317331759" role=""/>
  <member type="way" ref="202856497" role=""/>
  <member type="way" ref="738155280" role=""/>
  <member type="way" ref="738155279" role=""/>
  <member type="way" ref="509481532" role=""/>
  <member type="way" ref="509481531" role=""/>
  <member type="way" ref="509481530" role=""/>
  <member type="way" ref="1481258954" role=""/>
  <member type="way" ref="1375667194" role=""/>
  <member type="way" ref="1535693853" role=""/>
  <member type="way" ref="128195289" role=""/>
  <member type="way" ref="493001860" role=""/>
  <member type="way" ref="493001861" role=""/>
  <member type="way" ref="1318593560" role=""/>
  <member type="way" ref="493001866" role=""/>
  <member type="way" ref="493001867" role=""/>
  <member type="way" ref="1317331765" role=""/>
  <member type="way" ref="128195285" role=""/>
  <member type="way" ref="1481650176" role=""/>
  <member type="way" ref="1481650177" role=""/>
  <member type="way" ref="488889467" role=""/>
  <member type="way" ref="1317358366" role=""/>
  <member type="way" ref="173778043" role=""/>
  <member type="way" ref="969788375" role=""/>
  <member type="way" ref="1481258987" role=""/>
  <member type="way" ref="25023408" role=""/>
  <member type="way" ref="1452439725" role=""/>
  <member type="way" ref="25023407" role=""/>
  <member type="way" ref="1185850519" role=""/>
  <member type="way" ref="1185850520" role=""/>
  <member type="way" ref="1411060361" role=""/>
  <member type="way" ref="1411060360" role=""/>
  <member type="way" ref="24659110" role=""/>
  <member type="way" ref="1317358367" role=""/>
  <member type="way" ref="108475973" role=""/>
  <member type="way" ref="1481258473" role=""/>
  <member type="way" ref="545676386" role=""/>
  <member type="way" ref="545677185" role=""/>
  <member type="way" ref="277205886" role=""/>
  <member type="way" ref="110303341" role=""/>
  <member type="way" ref="697092506" role=""/>
  <member type="way" ref="1280178530" role=""/>
  <member type="way" ref="1280178529" role=""/>
  <member type="way" ref="1280178534" role=""/>
  <member type="way" ref="24803750" role=""/>
  <member type="way" ref="216865545" role=""/>
  <member type="way" ref="110221839" role=""/>
  <member type="way" ref="110221834" role=""/>
  <member type="way" ref="24628885" role=""/>
  <member type="way" ref="110149235" role=""/>
  <member type="way" ref="1317331763" role=""/>
  <member type="way" ref="1317331762" role=""/>
  <member type="way" ref="1317331762" role=""/>
  <member type="way" ref="110149229" role=""/>
  <member type="way" ref="24858812" role=""/>
  <member type="way" ref="1110570191" role=""/>
  <member type="way" ref="1443442337" role=""/>
  <member type="way" ref="1443442043" role=""/>
  <member type="way" ref="110303335" role=""/>
  <member type="way" ref="1443442336" role=""/>
  <member type="way" ref="1187633052" role=""/>
  <member type="way" ref="1110570192" role=""/>
  <member type="way" ref="1187633053" role=""/>
  <member type="way" ref="1481258977" role=""/>
  <member type="way" ref="1110570193" role=""/>
  <member type="way" ref="1187633048" role=""/>
  <member type="way" ref="1110570190" role=""/>
  <member type="way" ref="435790946" role=""/>
  <member type="way" ref="1481258593" role=""/>
  <member type="way" ref="435790948" role=""/>
  <member type="way" ref="1481258594" role=""/>
  <member type="way" ref="435790945" role=""/>
  <member type="way" ref="435790944" role=""/>
  <member type="way" ref="184169685" role=""/>
  <member type="way" ref="1481259088" role=""/>
  <member type="way" ref="184169695" role=""/>
  <member type="way" ref="184169695" role=""/>
  <member type="way" ref="184169689" role=""/>
  <member type="way" ref="1481259089" role=""/>
  <member type="way" ref="1415115573" role=""/>
  <member type="way" ref="1418669723" role=""/>
  <member type="way" ref="1415115571" role=""/>
  <member type="way" ref="570301213" role=""/>
  <member type="way" ref="570301215" role=""/>
  <member type="way" ref="24910342" role=""/>
  <member type="way" ref="24910341" role=""/>
  <member type="way" ref="22972316" role=""/>
  <member type="way" ref="1171229198" role=""/>
  <member type="way" ref="22972289" role=""/>
  <member type="way" ref="1171229200" role=""/>
  <member type="way" ref="22972315" role=""/>
  <member type="way" ref="1171228734" role=""/>
  <member type="way" ref="24695259" role=""/>
  <member type="way" ref="243958689" role=""/>
  <member type="way" ref="24910322" role=""/>
  <member type="way" ref="24910321" role=""/>
  <member type="way" ref="24695257" role=""/>
  <member type="way" ref="4525074" role=""/>
  <member type="way" ref="1171228003" role=""/>
  <member type="way" ref="1014258670" role=""/>
  <member type="way" ref="1014258668" role=""/>
  <member type="way" ref="9925919" role=""/>
  <member type="way" ref="1014258660" role=""/>
  <member type="way" ref="1014258666" role=""/>
  <member type="way" ref="1014258659" role=""/>
  <member type="way" ref="1014258667" role=""/>
  <member type="way" ref="1014258656" role=""/>
  <member type="way" ref="1014258657" role=""/>
  <member type="way" ref="1444725378" role=""/>
  <member type="way" ref="433035202" role=""/>
  <member type="way" ref="1481258488" role=""/>
  <member type="way" ref="1418092529" role=""/>
  <member type="way" ref="734830891" role=""/>
  <member type="way" ref="734830892" role=""/>
  <member type="way" ref="9925922" role=""/>
  <member type="way" ref="518310569" role=""/>
  <member type="way" ref="1525382463" role=""/>
  <member type="way" ref="1525382462" role=""/>
  <member type="way" ref="753914757" role=""/>
  <member type="way" ref="753914755" role=""/>
  <member type="way" ref="230093139" role=""/>
  <member type="way" ref="55418599" role=""/>
  <member type="way" ref="55418598" role=""/>
  <member type="way" ref="243958625" role=""/>
  <member type="way" ref="1316847067" role=""/>
  <member type="way" ref="183177970" role=""/>
  <member type="way" ref="1316843039" role=""/>
  <member type="way" ref="982809380" role=""/>
  <member type="way" ref="982809379" role=""/>
  <member type="way" ref="1316843038" role=""/>
  <member type="way" ref="982809373" role=""/>
  <member type="way" ref="1317247620" role=""/>
  <member type="way" ref="1186108596" role=""/>
  <member type="way" ref="1186108597" role=""/>
  <member type="way" ref="151050675" role=""/>
  <member type="way" ref="151050707" role=""/>
  <member type="way" ref="9925926" role=""/>
  <member type="way" ref="151050715" role=""/>
  <member type="way" ref="151050661" role=""/>
  <member type="way" ref="202670922" role=""/>
  <member type="way" ref="888933637" role=""/>
  <member type="way" ref="202668033" role=""/>
  <member type="way" ref="326109121" role=""/>
  <member type="way" ref="155796083" role=""/>
  <member type="way" ref="326109122" role=""/>
  <member type="way" ref="155796082" role=""/>
  <member type="way" ref="840685905" role=""/>
  <member type="way" ref="37811113" role=""/>
  <member type="way" ref="518025359" role=""/>
  <member type="way" ref="518025359" role=""/>
  <member type="way" ref="54379859" role=""/>
  <member type="way" ref="772073151" role=""/>
  <member type="way" ref="518025356" role=""/>
  <member type="way" ref="965677028" role=""/>
  <member type="way" ref="840685903" role=""/>
  <member type="way" ref="23981278" role=""/>
  <member type="way" ref="23221498" role=""/>
  <member type="way" ref="23981432" role=""/>
  <member type="way" ref="1014345981" role=""/>
  <member type="way" ref="888937561" role=""/>
  <member type="way" ref="996837443" role=""/>
  <member type="way" ref="1014345982" role=""/>
  <member type="way" ref="112146381" role=""/>
  <member type="way" ref="840692457" role=""/>
  <member type="way" ref="1014345984" role=""/>
  <member type="way" ref="224208963" role=""/>
  <member type="way" ref="1014345983" role=""/>
  <member type="way" ref="102161071" role=""/>
  <member type="way" ref="1165915293" role=""/>
  <member type="way" ref="1418684168" role=""/>
  <member type="way" ref="1206652210" role=""/>
  <member type="way" ref="1443704200" role=""/>
  <member type="way" ref="1443704203" role=""/>
  <member type="way" ref="888693370" role=""/>
  <member type="way" ref="151037488" role=""/>
  <member type="way" ref="1097260993" role=""/>
  <member type="way" ref="320519018" role=""/>
  <member type="way" ref="320519019" role=""/>
  <member type="way" ref="320519020" role=""/>
  <member type="way" ref="157708986" role=""/>
  <tag k="colour" v="#588AC7"/>
  <tag k="description" v="Ligne 415 : L'AIGLE / MOULINS-LA-MARCHE / ALENÇON"/>
  <tag k="from" v="L'AIGLE - Gare SNCF"/>
  <tag k="gtfs:route_id" v="ATOUMOD040:Line:1008245:LOC"/>
  <tag k="gtfs:route_long_name" v="L'AIGLE / MOULINS-LA-MARCHE / ALENÇON"/>
  <tag k="gtfs:route_short_name" v="415"/>
  <tag k="gtfs:shape_id" v="NOMAD:1636$1062701$845"/>
  <tag k="name" v="Car Nomad 415 : L'Aigle - Gare SNCF → Alencon - CFA / ETPN Plaine Saint Gilles"/>
  <tag k="network" v="Nomad"/>
  <tag k="network:wikidata" v="Q98131290"/>
  <tag k="public_transport:version" v="2"/>
  <tag k="ref" v="415"/>
  <tag k="ref:network" v="415-A"/>
  <tag k="route" v="bus"/>
  <tag k="text_colour" v="#FFFFFF"/>
  <tag k="to" v="ALENCON - CFA / ETPN Plaine Saint Gilles"/>
  <tag k="type" v="route"/>
 </relation>
 <relation id="18072839" visible="true" version="3" changeset="171245020" timestamp="2025-08-30T20:39:24Z" user="Valenting01" uid="5037102">
  <member type="relation" ref="18067079" role=""/>
  <member type="relation" ref="18067080" role=""/>
  <tag k="colour" v="#588AC7"/>
  <tag k="description" v="L'AIGLE / MOULINS-LA-MARCHE / ALENÇON"/>
  <tag k="gtfs:route_id" v="ATOUMOD040:Line:1008245:LOC"/>
  <tag k="gtfs:route_long_name" v="L'AIGLE / MOULINS-LA-MARCHE / ALENÇON"/>
  <tag k="gtfs:route_short_name" v="415"/>
  <tag k="name" v="Car Nomad 415 L'Aigle ↔ Moulins-la-Marche ↔ Alençon"/>
  <tag k="network" v="Nomad"/>
  <tag k="network:wikidata" v="Q98131290"/>
  <tag k="operator" v="Région Normandie"/>
  <tag k="public_transport:version" v="2"/>
  <tag k="ref" v="415"/>
  <tag k="ref:network" v="415"/>
  <tag k="route_master" v="bus"/>
  <tag k="text_colour" v="#FFFFFF"/>
  <tag k="type" v="route_master"/>
 </relation>
 <relation id="18271555" visible="true" version="2" changeset="158970875" timestamp="2024-11-10T14:59:12Z" user="Penegal" uid="2815659">
  <member type="way" ref="1332621662" role="outer"/>
  <member type="way" ref="1250831312" role="outer"/>
  <member type="way" ref="1332621664" role="outer"/>
  <member type="way" ref="1332625651" role="outer"/>
  <tag k="boundary" v="natural"/>
  <tag k="fuzzy" v="yes"/>
  <tag k="name" v="Perche"/>
  <tag k="note" v="Natural area = fuzzy boundaries"/>
  <tag k="place" v="region"/>
  <tag k="region:type" v="natural_area"/>
  <tag k="type" v="boundary"/>
  <tag k="wikidata" v="Q21007830"/>
  <tag k="wikipedia" v="fr:Perche (région naturelle)"/>
 </relation>
</osm>
