<?xml version="1.0" encoding="UTF-8"?>
<osm version="0.6" generator="openstreetmap-cgimap 2.1.0 (3498758 spike-06.openstreetmap.org)" copyright="OpenStreetMap and contributors" attribution="http://www.openstreetmap.org/copyright" license="http://opendatacommons.org/licenses/odbl/1-0/">
 <bounds minlat="53.4413050" minlon="9.6804750" maxlat="53.4556950" maxlon="9.7045250"/>
 <node id="33202089" visible="true" version="7" changeset="10771715" timestamp="2012-02-23T19:41:19Z" user="Ropino" uid="42123" lat="53.4563928" lon="9.7078576"/>
 <node id="183128292" visible="true" version="3" changeset="35969404" timestamp="2015-12-15T15:39:48Z" user="Heideammer" uid="347762" lat="53.4461937" lon="9.6831108"/>
 <node id="183128294" visible="true" version="3" changeset="35969404" timestamp="2015-12-15T15:39:48Z" user="Heideammer" uid="347762" lat="53.4458724" lon="9.6833463"/>
 <node id="183128296" visible="true" version="2" changeset="17823506" timestamp="2013-09-13T20:12:13Z" user="Omegatherion" uid="75582" lat="53.4457799" lon="9.6831019"/>
 <node id="183128843" visible="true" version="2" changeset="14812524" timestamp="2013-01-27T19:21:15Z" user="sundew" uid="617520" lat="53.4458691" lon="9.6778463"/>
 <node id="183137459" visible="true" version="4" changeset="17823506" timestamp="2013-09-13T20:12:13Z" user="Omegatherion" uid="75582" lat="53.4418110" lon="9.6823416"/>
 <node id="183137460" visible="true" version="3" changeset="17823506" timestamp="2013-09-13T20:12:13Z" user="Omegatherion" uid="75582" lat="53.4421494" lon="9.6813829"/>
 <node id="183137462" visible="true" version="3" changeset="17823506" timestamp="2013-09-13T20:12:13Z" user="Omegatherion" uid="75582" lat="53.4419347" lon="9.6817949"/>
 <node id="183137464" visible="true" version="4" changeset="17823506" timestamp="2013-09-13T20:12:13Z" user="Omegatherion" uid="75582" lat="53.4421457" lon="9.6820849"/>
 <node id="183137808" visible="true" version="4" changeset="17823506" timestamp="2013-09-13T20:12:13Z" user="Omegatherion" uid="75582" lat="53.4421093" lon="9.6821247"/>
 <node id="183137810" visible="true" version="3" changeset="17823506" timestamp="2013-09-13T20:12:13Z" user="Omegatherion" uid="75582" lat="53.4419457" lon="9.6824508"/>
 <node id="183137811" visible="true" version="3" changeset="17823506" timestamp="2013-09-13T20:12:13Z" user="Omegatherion" uid="75582" lat="53.4418537" lon="9.6823049"/>
 <node id="183137814" visible="true" version="3" changeset="17823506" timestamp="2013-09-13T20:12:13Z" user="Omegatherion" uid="75582" lat="53.4418792" lon="9.6821847"/>
 <node id="183137816" visible="true" version="3" changeset="17823506" timestamp="2013-09-13T20:12:13Z" user="Omegatherion" uid="75582" lat="53.4418077" lon="9.6820732"/>
 <node id="183137818" visible="true" version="3" changeset="17823506" timestamp="2013-09-13T20:12:13Z" user="Omegatherion" uid="75582" lat="53.4418997" lon="9.6818500"/>
 <node id="183138043" visible="true" version="4" changeset="17823506" timestamp="2013-09-13T20:12:13Z" user="Omegatherion" uid="75582" lat="53.4419196" lon="9.6825340"/>
 <node id="183138044" visible="true" version="3" changeset="17823506" timestamp="2013-09-13T20:12:13Z" user="Omegatherion" uid="75582" lat="53.4417815" lon="9.6828001"/>
 <node id="183138045" visible="true" version="3" changeset="17823506" timestamp="2013-09-13T20:12:13Z" user="Omegatherion" uid="75582" lat="53.4417048" lon="9.6825941"/>
 <node id="183138047" visible="true" version="3" changeset="17823506" timestamp="2013-09-13T20:12:13Z" user="Omegatherion" uid="75582" lat="53.4418173" lon="9.6823709"/>
 <node id="183138274" visible="true" version="4" changeset="17823506" timestamp="2013-09-13T20:12:13Z" user="Omegatherion" uid="75582" lat="53.4416412" lon="9.6826577"/>
 <node id="183138275" visible="true" version="3" changeset="17823506" timestamp="2013-09-13T20:12:13Z" user="Omegatherion" uid="75582" lat="53.4417485" lon="9.6829324"/>
 <node id="183138276" visible="true" version="3" changeset="17823506" timestamp="2013-09-13T20:12:13Z" user="Omegatherion" uid="75582" lat="53.4414980" lon="9.6832414"/>
 <node id="183138277" visible="true" version="3" changeset="17823506" timestamp="2013-09-13T20:12:13Z" user="Omegatherion" uid="75582" lat="53.4414111" lon="9.6829496"/>
 <node id="183138776" visible="true" version="4" changeset="17823506" timestamp="2013-09-13T20:12:13Z" user="Omegatherion" uid="75582" lat="53.4413702" lon="9.6829152"/>
 <node id="183138777" visible="true" version="3" changeset="17823506" timestamp="2013-09-13T20:12:13Z" user="Omegatherion" uid="75582" lat="53.4412424" lon="9.6830182"/>
 <node id="183138778" visible="true" version="3" changeset="17823506" timestamp="2013-09-13T20:12:13Z" user="Omegatherion" uid="75582" lat="53.4413651" lon="9.6832242"/>
 <node id="183138779" visible="true" version="3" changeset="17823506" timestamp="2013-09-13T20:12:13Z" user="Omegatherion" uid="75582" lat="53.4414162" lon="9.6831813"/>
 <node id="183139296" visible="true" version="4" changeset="17823506" timestamp="2013-09-13T20:12:14Z" user="Omegatherion" uid="75582" lat="53.4412066" lon="9.6830697"/>
 <node id="183139298" visible="true" version="3" changeset="17823506" timestamp="2013-09-13T20:12:14Z" user="Omegatherion" uid="75582" lat="53.4411606" lon="9.6830182"/>
 <node id="183139299" visible="true" version="3" changeset="17823506" timestamp="2013-09-13T20:12:14Z" user="Omegatherion" uid="75582" lat="53.4410123" lon="9.6829753"/>
 <node id="183139300" visible="true" version="3" changeset="17823506" timestamp="2013-09-13T20:12:14Z" user="Omegatherion" uid="75582" lat="53.4409408" lon="9.6829753"/>
 <node id="183139301" visible="true" version="3" changeset="17823506" timestamp="2013-09-13T20:12:14Z" user="Omegatherion" uid="75582" lat="53.4408845" lon="9.6830611"/>
 <node id="183139303" visible="true" version="3" changeset="17823506" timestamp="2013-09-13T20:12:14Z" user="Omegatherion" uid="75582" lat="53.4408283" lon="9.6832071"/>
 <node id="183139304" visible="true" version="3" changeset="17823506" timestamp="2013-09-13T20:12:14Z" user="Omegatherion" uid="75582" lat="53.4408385" lon="9.6833701"/>
 <node id="183139307" visible="true" version="3" changeset="17823506" timestamp="2013-09-13T20:12:14Z" user="Omegatherion" uid="75582" lat="53.4409203" lon="9.6835161"/>
 <node id="183139310" visible="true" version="3" changeset="17823506" timestamp="2013-09-13T20:12:14Z" user="Omegatherion" uid="75582" lat="53.4411146" lon="9.6837735"/>
 <node id="183139312" visible="true" version="3" changeset="17823506" timestamp="2013-09-13T20:12:14Z" user="Omegatherion" uid="75582" lat="53.4412475" lon="9.6836276"/>
 <node id="183139316" visible="true" version="3" changeset="17823506" timestamp="2013-09-13T20:12:14Z" user="Omegatherion" uid="75582" lat="53.4413089" lon="9.6835504"/>
 <node id="183139318" visible="true" version="3" changeset="17823506" timestamp="2013-09-13T20:12:14Z" user="Omegatherion" uid="75582" lat="53.4413140" lon="9.6834045"/>
 <node id="183139321" visible="true" version="3" changeset="17823506" timestamp="2013-09-13T20:12:14Z" user="Omegatherion" uid="75582" lat="53.4412628" lon="9.6832414"/>
 <node id="183140723" visible="true" version="2" changeset="389674" timestamp="2007-12-22T15:29:45Z" user="fahrrad" uid="11238" lat="53.4396816" lon="9.6854335"/>
 <node id="183140727" visible="true" version="2" changeset="389674" timestamp="2007-12-22T15:29:45Z" user="fahrrad" uid="11238" lat="53.4397992" lon="9.6855880"/>
 <node id="183140728" visible="true" version="3" changeset="17823506" timestamp="2013-09-13T20:12:15Z" user="Omegatherion" uid="75582" lat="53.4399077" lon="9.6853497"/>
 <node id="183142539" visible="true" version="4" changeset="35969404" timestamp="2015-12-15T15:39:48Z" user="Heideammer" uid="347762" lat="53.4406208" lon="9.6782629"/>
 <node id="183143343" visible="true" version="4" changeset="17823506" timestamp="2013-09-13T20:12:15Z" user="Omegatherion" uid="75582" lat="53.4420367" lon="9.6796432"/>
 <node id="183143344" visible="true" version="3" changeset="17823506" timestamp="2013-09-13T20:12:15Z" user="Omegatherion" uid="75582" lat="53.4419242" lon="9.6798235"/>
 <node id="183143345" visible="true" version="3" changeset="17823506" timestamp="2013-09-13T20:12:15Z" user="Omegatherion" uid="75582" lat="53.4424048" lon="9.6801668"/>
 <node id="183143346" visible="true" version="3" changeset="17823506" timestamp="2013-09-13T20:12:15Z" user="Omegatherion" uid="75582" lat="53.4423536" lon="9.6805359"/>
 <node id="183143347" visible="true" version="3" changeset="17823506" timestamp="2013-09-13T20:12:15Z" user="Omegatherion" uid="75582" lat="53.4423230" lon="9.6805359"/>
 <node id="183143348" visible="true" version="3" changeset="17823506" timestamp="2013-09-13T20:12:15Z" user="Omegatherion" uid="75582" lat="53.4422616" lon="9.6804500"/>
 <node id="183143349" visible="true" version="3" changeset="17823506" timestamp="2013-09-13T20:12:16Z" user="Omegatherion" uid="75582" lat="53.4422054" lon="9.6805101"/>
 <node id="183143350" visible="true" version="3" changeset="17823506" timestamp="2013-09-13T20:12:16Z" user="Omegatherion" uid="75582" lat="53.4422105" lon="9.6806904"/>
 <node id="183143351" visible="true" version="3" changeset="17823506" timestamp="2013-09-13T20:12:16Z" user="Omegatherion" uid="75582" lat="53.4422821" lon="9.6807075"/>
 <node id="183143352" visible="true" version="3" changeset="17823506" timestamp="2013-09-13T20:12:16Z" user="Omegatherion" uid="75582" lat="53.4423127" lon="9.6806560"/>
 <node id="183143353" visible="true" version="3" changeset="17823506" timestamp="2013-09-13T20:12:16Z" user="Omegatherion" uid="75582" lat="53.4423434" lon="9.6806646"/>
 <node id="183143355" visible="true" version="3" changeset="17823506" timestamp="2013-09-13T20:12:16Z" user="Omegatherion" uid="75582" lat="53.4423485" lon="9.6808105"/>
 <node id="183143356" visible="true" version="3" changeset="17823506" timestamp="2013-09-13T20:12:16Z" user="Omegatherion" uid="75582" lat="53.4424354" lon="9.6806560"/>
 <node id="183143357" visible="true" version="3" changeset="17823506" timestamp="2013-09-13T20:12:16Z" user="Omegatherion" uid="75582" lat="53.4424610" lon="9.6803728"/>
 <node id="183143358" visible="true" version="3" changeset="17823506" timestamp="2013-09-13T20:12:16Z" user="Omegatherion" uid="75582" lat="53.4425479" lon="9.6802440"/>
 <node id="183143360" visible="true" version="3" changeset="17823506" timestamp="2013-09-13T20:12:16Z" user="Omegatherion" uid="75582" lat="53.4425172" lon="9.6799522"/>
 <node id="183143362" visible="true" version="3" changeset="17823506" timestamp="2013-09-13T20:12:16Z" user="Omegatherion" uid="75582" lat="53.4423945" lon="9.6798063"/>
 <node id="183143363" visible="true" version="4" changeset="35969404" timestamp="2015-12-15T15:39:48Z" user="Heideammer" uid="347762" lat="53.4422867" lon="9.6797021"/>
 <node id="183143365" visible="true" version="4" changeset="35969404" timestamp="2015-12-15T15:39:48Z" user="Heideammer" uid="347762" lat="53.4421687" lon="9.6796461"/>
 <node id="183143367" visible="true" version="3" changeset="17823506" timestamp="2013-09-13T20:12:16Z" user="Omegatherion" uid="75582" lat="53.4421031" lon="9.6796346"/>
 <node id="183143663" visible="true" version="4" changeset="17823506" timestamp="2013-09-13T20:12:16Z" user="Omegatherion" uid="75582" lat="53.4424214" lon="9.6811866"/>
 <node id="183143665" visible="true" version="3" changeset="17823506" timestamp="2013-09-13T20:12:16Z" user="Omegatherion" uid="75582" lat="53.4424674" lon="9.6812982"/>
 <node id="183143666" visible="true" version="3" changeset="17823506" timestamp="2013-09-13T20:12:16Z" user="Omegatherion" uid="75582" lat="53.4424674" lon="9.6814698"/>
 <node id="183143667" visible="true" version="3" changeset="17823506" timestamp="2013-09-13T20:12:16Z" user="Omegatherion" uid="75582" lat="53.4425236" lon="9.6815728"/>
 <node id="183143668" visible="true" version="3" changeset="17823506" timestamp="2013-09-13T20:12:16Z" user="Omegatherion" uid="75582" lat="53.4425083" lon="9.6816501"/>
 <node id="183143670" visible="true" version="3" changeset="17823506" timestamp="2013-09-13T20:12:16Z" user="Omegatherion" uid="75582" lat="53.4424112" lon="9.6815814"/>
 <node id="183143671" visible="true" version="3" changeset="17823506" timestamp="2013-09-13T20:12:16Z" user="Omegatherion" uid="75582" lat="53.4423498" lon="9.6814441"/>
 <node id="183143672" visible="true" version="3" changeset="17823506" timestamp="2013-09-13T20:12:16Z" user="Omegatherion" uid="75582" lat="53.4423498" lon="9.6813153"/>
 <node id="183144012" visible="true" version="4" changeset="17823506" timestamp="2013-09-13T20:12:16Z" user="Omegatherion" uid="75582" lat="53.4431791" lon="9.6818859"/>
 <node id="183144014" visible="true" version="3" changeset="17823506" timestamp="2013-09-13T20:12:16Z" user="Omegatherion" uid="75582" lat="53.4429235" lon="9.6816884"/>
 <node id="183144017" visible="true" version="3" changeset="17823506" timestamp="2013-09-13T20:12:16Z" user="Omegatherion" uid="75582" lat="53.4428263" lon="9.6822807"/>
 <node id="183144018" visible="true" version="3" changeset="17823506" timestamp="2013-09-13T20:12:16Z" user="Omegatherion" uid="75582" lat="53.4427803" lon="9.6826755"/>
 <node id="183144020" visible="true" version="3" changeset="17823506" timestamp="2013-09-13T20:12:16Z" user="Omegatherion" uid="75582" lat="53.4428417" lon="9.6828300"/>
 <node id="183144022" visible="true" version="3" changeset="17823506" timestamp="2013-09-13T20:12:16Z" user="Omegatherion" uid="75582" lat="53.4429541" lon="9.6827957"/>
 <node id="183144236" visible="true" version="4" changeset="17823506" timestamp="2013-09-13T20:12:16Z" user="Omegatherion" uid="75582" lat="53.4429044" lon="9.6830327"/>
 <node id="183144238" visible="true" version="3" changeset="17823506" timestamp="2013-09-13T20:12:16Z" user="Omegatherion" uid="75582" lat="53.4427459" lon="9.6829812"/>
 <node id="183144239" visible="true" version="3" changeset="17823506" timestamp="2013-09-13T20:12:16Z" user="Omegatherion" uid="75582" lat="53.4426999" lon="9.6834533"/>
 <node id="183144241" visible="true" version="3" changeset="17823506" timestamp="2013-09-13T20:12:16Z" user="Omegatherion" uid="75582" lat="53.4427612" lon="9.6835906"/>
 <node id="183144243" visible="true" version="3" changeset="17823506" timestamp="2013-09-13T20:12:16Z" user="Omegatherion" uid="75582" lat="53.4428379" lon="9.6836164"/>
 <node id="183145122" visible="true" version="2" changeset="17823506" timestamp="2013-09-13T20:12:16Z" user="Omegatherion" uid="75582" lat="53.4428460" lon="9.6838330"/>
 <node id="183145124" visible="true" version="2" changeset="17823506" timestamp="2013-09-13T20:12:16Z" user="Omegatherion" uid="75582" lat="53.4427028" lon="9.6838072"/>
 <node id="183145126" visible="true" version="2" changeset="17823506" timestamp="2013-09-13T20:12:17Z" user="Omegatherion" uid="75582" lat="53.4426568" lon="9.6842020"/>
 <node id="183145127" visible="true" version="2" changeset="17823506" timestamp="2013-09-13T20:12:17Z" user="Omegatherion" uid="75582" lat="53.4427846" lon="9.6842278"/>
 <node id="244984879" visible="true" version="5" changeset="42404658" timestamp="2016-09-24T12:55:23Z" user="smarties" uid="45882" lat="53.4541727" lon="9.6956725"/>
 <node id="244984880" visible="true" version="5" changeset="42404658" timestamp="2016-09-24T12:55:23Z" user="smarties" uid="45882" lat="53.4534183" lon="9.6954726"/>
 <node id="244984886" visible="true" version="9" changeset="44456670" timestamp="2016-12-16T20:46:59Z" user="Omegatherion" uid="75582" lat="53.4530597" lon="9.6953547">
  <tag k="traffic_sign" v="DE:418"/>
  <tag k="traffic_sign:note" v="418 Pfeilwegweiser auf sonstigen Straßen mit größerer Verkehrsbedeutung"/>
  <tag k="traffic_sign:source" v="GPS and Videomapping"/>
 </node>
 <node id="244984935" visible="true" version="5" changeset="119084622" timestamp="2022-03-29T18:57:06Z" user="Funki-Bux" uid="15130873" lat="53.4528851" lon="9.7068591"/>
 <node id="244984940" visible="true" version="6" changeset="119084622" timestamp="2022-03-29T18:57:06Z" user="Funki-Bux" uid="15130873" lat="53.4520828" lon="9.7064581"/>
 <node id="244984941" visible="true" version="6" changeset="33256440" timestamp="2015-08-11T01:21:54Z" user="Omegatherion" uid="75582" lat="53.4517546" lon="9.7046252"/>
 <node id="249401528" visible="true" version="1" changeset="208652" timestamp="2008-02-26T16:54:25Z" user="fahrrad" uid="11238" lat="53.4426421" lon="9.6853197"/>
 <node id="249401529" visible="true" version="4" changeset="17823506" timestamp="2013-09-13T20:12:21Z" user="Omegatherion" uid="75582" lat="53.4437593" lon="9.6811501"/>
 <node id="249401530" visible="true" version="2" changeset="17823506" timestamp="2013-09-13T20:12:21Z" user="Omegatherion" uid="75582" lat="53.4437010" lon="9.6818676"/>
 <node id="249401531" visible="true" version="2" changeset="17823506" timestamp="2013-09-13T20:12:21Z" user="Omegatherion" uid="75582" lat="53.4443214" lon="9.6827176"/>
 <node id="249401532" visible="true" version="2" changeset="17823506" timestamp="2013-09-13T20:12:21Z" user="Omegatherion" uid="75582" lat="53.4445718" lon="9.6828994"/>
 <node id="249401533" visible="true" version="2" changeset="17823506" timestamp="2013-09-13T20:12:21Z" user="Omegatherion" uid="75582" lat="53.4446461" lon="9.6832746"/>
 <node id="249401534" visible="true" version="1" changeset="208652" timestamp="2008-02-26T16:54:25Z" user="fahrrad" uid="11238" lat="53.4439560" lon="9.6837490"/>
 <node id="249401535" visible="true" version="1" changeset="208652" timestamp="2008-02-26T16:54:25Z" user="fahrrad" uid="11238" lat="53.4440071" lon="9.6839808"/>
 <node id="249401536" visible="true" version="1" changeset="208652" timestamp="2008-02-26T16:54:25Z" user="fahrrad" uid="11238" lat="53.4444672" lon="9.6838349"/>
 <node id="249401537" visible="true" version="1" changeset="208652" timestamp="2008-02-26T16:54:25Z" user="fahrrad" uid="11238" lat="53.4445694" lon="9.6847189"/>
 <node id="249401538" visible="true" version="1" changeset="208652" timestamp="2008-02-26T16:54:25Z" user="fahrrad" uid="11238" lat="53.4432709" lon="9.6855257"/>
 <node id="249401539" visible="true" version="1" changeset="208652" timestamp="2008-02-26T16:54:25Z" user="fahrrad" uid="11238" lat="53.4431687" lon="9.6845644"/>
 <node id="249401640" visible="true" version="1" changeset="208652" timestamp="2008-02-26T16:56:02Z" user="fahrrad" uid="11238" lat="53.4520989" lon="9.6835087"/>
 <node id="249401641" visible="true" version="1" changeset="208652" timestamp="2008-02-26T16:56:02Z" user="fahrrad" uid="11238" lat="53.4514497" lon="9.6839636"/>
 <node id="249401642" visible="true" version="1" changeset="208652" timestamp="2008-02-26T16:56:02Z" user="fahrrad" uid="11238" lat="53.4510766" lon="9.6841353"/>
 <node id="249401643" visible="true" version="2" changeset="69849616" timestamp="2019-05-03T15:51:14Z" user="usernamex91" uid="9851549" lat="53.4508653" lon="9.6839124"/>
 <node id="249401644" visible="true" version="2" changeset="69849616" timestamp="2019-05-03T15:51:14Z" user="usernamex91" uid="9851549" lat="53.4505956" lon="9.6837682"/>
 <node id="249401645" visible="true" version="2" changeset="69849616" timestamp="2019-05-03T15:51:14Z" user="usernamex91" uid="9851549" lat="53.4501951" lon="9.6838106"/>
 <node id="249401653" visible="true" version="2" changeset="17914080" timestamp="2013-09-18T21:31:20Z" user="Omegatherion" uid="75582" lat="53.4478998" lon="9.6846651"/>
 <node id="249401654" visible="true" version="2" changeset="17914080" timestamp="2013-09-18T21:31:20Z" user="Omegatherion" uid="75582" lat="53.4477583" lon="9.6845668"/>
 <node id="249401655" visible="true" version="2" changeset="17914080" timestamp="2013-09-18T21:31:20Z" user="Omegatherion" uid="75582" lat="53.4471852" lon="9.6846727"/>
 <node id="249401658" visible="true" version="2" changeset="69849616" timestamp="2019-05-03T15:51:14Z" user="usernamex91" uid="9851549" lat="53.4467457" lon="9.6846094"/>
 <node id="249401659" visible="true" version="2" changeset="17914080" timestamp="2013-09-18T21:31:20Z" user="Omegatherion" uid="75582" lat="53.4465945" lon="9.6844375"/>
 <node id="249401660" visible="true" version="3" changeset="17914080" timestamp="2013-09-18T21:31:20Z" user="Omegatherion" uid="75582" lat="53.4465690" lon="9.6840853"/>
 <node id="249401661" visible="true" version="2" changeset="14812524" timestamp="2013-01-27T19:21:16Z" user="sundew" uid="617520" lat="53.4464456" lon="9.6836632"/>
 <node id="249401662" visible="true" version="2" changeset="14812524" timestamp="2013-01-27T19:21:16Z" user="sundew" uid="617520" lat="53.4464156" lon="9.6830489"/>
 <node id="249401721" visible="true" version="3" changeset="17823506" timestamp="2013-09-13T20:12:21Z" user="Omegatherion" uid="75582" lat="53.4425124" lon="9.6797662"/>
 <node id="249401722" visible="true" version="2" changeset="17823506" timestamp="2013-09-13T20:12:21Z" user="Omegatherion" uid="75582" lat="53.4427534" lon="9.6794924"/>
 <node id="249401725" visible="true" version="3" changeset="35969404" timestamp="2015-12-15T15:39:49Z" user="Heideammer" uid="347762" lat="53.4427302" lon="9.6785119"/>
 <node id="249401726" visible="true" version="2" changeset="17823506" timestamp="2013-09-13T20:12:21Z" user="Omegatherion" uid="75582" lat="53.4425267" lon="9.6784578"/>
 <node id="249401727" visible="true" version="2" changeset="17823506" timestamp="2013-09-13T20:12:21Z" user="Omegatherion" uid="75582" lat="53.4421907" lon="9.6783923"/>
 <node id="249401728" visible="true" version="2" changeset="17823506" timestamp="2013-09-13T20:12:21Z" user="Omegatherion" uid="75582" lat="53.4419607" lon="9.6782862"/>
 <node id="249401729" visible="true" version="2" changeset="17823506" timestamp="2013-09-13T20:12:21Z" user="Omegatherion" uid="75582" lat="53.4417890" lon="9.6780491"/>
 <node id="249401730" visible="true" version="2" changeset="17823506" timestamp="2013-09-13T20:12:21Z" user="Omegatherion" uid="75582" lat="53.4412493" lon="9.6767650"/>
 <node id="249401731" visible="true" version="2" changeset="17823506" timestamp="2013-09-13T20:12:21Z" user="Omegatherion" uid="75582" lat="53.4407488" lon="9.6756226"/>
 <node id="249401732" visible="true" version="2" changeset="17823506" timestamp="2013-09-13T20:12:21Z" user="Omegatherion" uid="75582" lat="53.4402815" lon="9.6748747"/>
 <node id="249401733" visible="true" version="3" changeset="17823506" timestamp="2013-09-13T20:12:21Z" user="Omegatherion" uid="75582" lat="53.4397242" lon="9.6741034"/>
 <node id="249401734" visible="true" version="2" changeset="896375" timestamp="2009-04-22T12:01:24Z" user="Brazzo" uid="52035" lat="53.4394599" lon="9.6734000"/>
 <node id="249401735" visible="true" version="2" changeset="17823506" timestamp="2013-09-13T20:12:21Z" user="Omegatherion" uid="75582" lat="53.4387421" lon="9.6728084"/>
 <node id="249401736" visible="true" version="1" changeset="208652" timestamp="2008-02-26T16:57:39Z" user="fahrrad" uid="11238" lat="53.4382453" lon="9.6726769"/>
 <node id="249401737" visible="true" version="2" changeset="17823506" timestamp="2013-09-13T20:12:21Z" user="Omegatherion" uid="75582" lat="53.4378843" lon="9.6726090"/>
 <node id="249401738" visible="true" version="2" changeset="17823506" timestamp="2013-09-13T20:12:22Z" user="Omegatherion" uid="75582" lat="53.4375066" lon="9.6723607"/>
 <node id="249401739" visible="true" version="2" changeset="17823506" timestamp="2013-09-13T20:12:22Z" user="Omegatherion" uid="75582" lat="53.4370245" lon="9.6720443"/>
 <node id="249401740" visible="true" version="2" changeset="17823506" timestamp="2013-09-13T20:12:22Z" user="Omegatherion" uid="75582" lat="53.4365825" lon="9.6720033"/>
 <node id="249401741" visible="true" version="2" changeset="17823506" timestamp="2013-09-13T20:12:22Z" user="Omegatherion" uid="75582" lat="53.4360029" lon="9.6719963"/>
 <node id="249401742" visible="true" version="2" changeset="17823506" timestamp="2013-09-13T20:12:22Z" user="Omegatherion" uid="75582" lat="53.4358247" lon="9.6717690"/>
 <node id="249401743" visible="true" version="2" changeset="17823506" timestamp="2013-09-13T20:12:22Z" user="Omegatherion" uid="75582" lat="53.4355699" lon="9.6713977"/>
 <node id="249401744" visible="true" version="2" changeset="17823506" timestamp="2013-09-13T20:12:22Z" user="Omegatherion" uid="75582" lat="53.4353599" lon="9.6713184"/>
 <node id="249401745" visible="true" version="2" changeset="17823506" timestamp="2013-09-13T20:12:22Z" user="Omegatherion" uid="75582" lat="53.4351062" lon="9.6714376"/>
 <node id="249401746" visible="true" version="1" changeset="208652" timestamp="2008-02-26T16:57:39Z" user="fahrrad" uid="11238" lat="53.4348554" lon="9.6718357"/>
 <node id="249401747" visible="true" version="2" changeset="17823506" timestamp="2013-09-13T20:12:22Z" user="Omegatherion" uid="75582" lat="53.4344731" lon="9.6720468"/>
 <node id="249401748" visible="true" version="2" changeset="17823506" timestamp="2013-09-13T20:12:22Z" user="Omegatherion" uid="75582" lat="53.4342720" lon="9.6719667"/>
 <node id="249401749" visible="true" version="2" changeset="17823506" timestamp="2013-09-13T20:12:22Z" user="Omegatherion" uid="75582" lat="53.4334722" lon="9.6720118"/>
 <node id="249401750" visible="true" version="2" changeset="17823506" timestamp="2013-09-13T20:12:22Z" user="Omegatherion" uid="75582" lat="53.4333908" lon="9.6720954"/>
 <node id="249401751" visible="true" version="2" changeset="17823506" timestamp="2013-09-13T20:12:22Z" user="Omegatherion" uid="75582" lat="53.4330840" lon="9.6716864"/>
 <node id="249401752" visible="true" version="2" changeset="17823506" timestamp="2013-09-13T20:12:22Z" user="Omegatherion" uid="75582" lat="53.4328556" lon="9.6715726"/>
 <node id="249401753" visible="true" version="2" changeset="17823506" timestamp="2013-09-13T20:12:22Z" user="Omegatherion" uid="75582" lat="53.4321882" lon="9.6713251"/>
 <node id="249401756" visible="true" version="2" changeset="17823506" timestamp="2013-09-13T20:12:22Z" user="Omegatherion" uid="75582" lat="53.4307897" lon="9.6702623"/>
 <node id="249401757" visible="true" version="2" changeset="17823506" timestamp="2013-09-13T20:12:22Z" user="Omegatherion" uid="75582" lat="53.4306025" lon="9.6701256"/>
 <node id="249401758" visible="true" version="2" changeset="17823506" timestamp="2013-09-13T20:12:22Z" user="Omegatherion" uid="75582" lat="53.4299004" lon="9.6701864"/>
 <node id="249401759" visible="true" version="2" changeset="17823506" timestamp="2013-09-13T20:12:22Z" user="Omegatherion" uid="75582" lat="53.4296110" lon="9.6702973"/>
 <node id="249401760" visible="true" version="2" changeset="17823506" timestamp="2013-09-13T20:12:22Z" user="Omegatherion" uid="75582" lat="53.4288713" lon="9.6706134"/>
 <node id="249401761" visible="true" version="1" changeset="208652" timestamp="2008-02-26T16:57:39Z" user="fahrrad" uid="11238" lat="53.4287446" lon="9.6708573"/>
 <node id="249401762" visible="true" version="2" changeset="17823506" timestamp="2013-09-13T20:12:22Z" user="Omegatherion" uid="75582" lat="53.4285282" lon="9.6712621"/>
 <node id="249401763" visible="true" version="2" changeset="17823506" timestamp="2013-09-13T20:12:22Z" user="Omegatherion" uid="75582" lat="53.4283879" lon="9.6712987"/>
 <node id="249401764" visible="true" version="2" changeset="17823506" timestamp="2013-09-13T20:12:22Z" user="Omegatherion" uid="75582" lat="53.4281190" lon="9.6713072"/>
 <node id="249401765" visible="true" version="2" changeset="17823506" timestamp="2013-09-13T20:12:22Z" user="Omegatherion" uid="75582" lat="53.4279145" lon="9.6716391"/>
 <node id="249401766" visible="true" version="3" changeset="135613453" timestamp="2023-05-02T12:01:21Z" user="BikeTschorsch" uid="6441004" lat="53.4276870" lon="9.6720009"/>
 <node id="249401767" visible="true" version="3" changeset="135613453" timestamp="2023-05-02T12:01:21Z" user="BikeTschorsch" uid="6441004" lat="53.4272419" lon="9.6721747"/>
 <node id="249401768" visible="true" version="2" changeset="17823506" timestamp="2013-09-13T20:12:22Z" user="Omegatherion" uid="75582" lat="53.4269849" lon="9.6722493"/>
 <node id="249401769" visible="true" version="2" changeset="17823506" timestamp="2013-09-13T20:12:22Z" user="Omegatherion" uid="75582" lat="53.4268192" lon="9.6719203"/>
 <node id="249401771" visible="true" version="2" changeset="17823506" timestamp="2013-09-13T20:12:22Z" user="Omegatherion" uid="75582" lat="53.4263315" lon="9.6714045"/>
 <node id="249401772" visible="true" version="2" changeset="17823506" timestamp="2013-09-13T20:12:22Z" user="Omegatherion" uid="75582" lat="53.4260204" lon="9.6712571"/>
 <node id="249401773" visible="true" version="1" changeset="208652" timestamp="2008-02-26T16:57:39Z" user="fahrrad" uid="11238" lat="53.4258602" lon="9.6714924"/>
 <node id="249401774" visible="true" version="2" changeset="17823506" timestamp="2013-09-13T20:12:22Z" user="Omegatherion" uid="75582" lat="53.4256468" lon="9.6718272"/>
 <node id="249401775" visible="true" version="2" changeset="17823506" timestamp="2013-09-13T20:12:22Z" user="Omegatherion" uid="75582" lat="53.4254430" lon="9.6720797"/>
 <node id="249401776" visible="true" version="2" changeset="17823506" timestamp="2013-09-13T20:12:22Z" user="Omegatherion" uid="75582" lat="53.4252525" lon="9.6720547"/>
 <node id="249401777" visible="true" version="2" changeset="17823506" timestamp="2013-09-13T20:12:22Z" user="Omegatherion" uid="75582" lat="53.4247965" lon="9.6720247"/>
 <node id="249401778" visible="true" version="1" changeset="208652" timestamp="2008-02-26T16:57:39Z" user="fahrrad" uid="11238" lat="53.4246839" lon="9.6722477"/>
 <node id="249401779" visible="true" version="3" changeset="135613453" timestamp="2023-05-02T12:01:21Z" user="BikeTschorsch" uid="6441004" lat="53.4246703" lon="9.6725925"/>
 <node id="249401780" visible="true" version="3" changeset="135613453" timestamp="2023-05-02T12:01:21Z" user="BikeTschorsch" uid="6441004" lat="53.4245944" lon="9.6729640"/>
 <node id="249401874" visible="true" version="2" changeset="17823506" timestamp="2013-09-13T20:12:23Z" user="Omegatherion" uid="75582" lat="53.4312453" lon="9.6706864"/>
 <node id="249402127" visible="true" version="1" changeset="208652" timestamp="2008-02-26T17:09:30Z" user="fahrrad" uid="11238" lat="53.4201062" lon="9.6781014"/>
 <node id="249402145" visible="true" version="1" changeset="208652" timestamp="2008-02-26T17:09:30Z" user="fahrrad" uid="11238" lat="53.4277627" lon="9.6725481"/>
 <node id="253455414" visible="true" version="4" changeset="69852285" timestamp="2019-05-03T16:39:48Z" user="usernamex91" uid="9851549" lat="53.4560083" lon="9.6763190"/>
 <node id="253455416" visible="true" version="2" changeset="10772227" timestamp="2012-02-23T20:28:12Z" user="Ropino" uid="42123" lat="53.4550501" lon="9.6753194"/>
 <node id="253455557" visible="true" version="1" changeset="378231" timestamp="2008-03-23T09:46:26Z" user="TravelingViking" uid="11101" lat="53.4549401" lon="9.6756427"/>
 <node id="253455559" visible="true" version="1" changeset="378231" timestamp="2008-03-23T09:46:26Z" user="TravelingViking" uid="11101" lat="53.4545670" lon="9.6777112"/>
 <node id="253455560" visible="true" version="1" changeset="378231" timestamp="2008-03-23T09:46:26Z" user="TravelingViking" uid="11101" lat="53.4543881" lon="9.6779944"/>
 <node id="253455563" visible="true" version="2" changeset="16950434" timestamp="2013-07-14T15:12:41Z" user="slhh" uid="527116" lat="53.4547670" lon="9.6788995"/>
 <node id="253455567" visible="true" version="1" changeset="378231" timestamp="2008-03-23T09:46:26Z" user="TravelingViking" uid="11101" lat="53.4543830" lon="9.6815822"/>
 <node id="253455569" visible="true" version="1" changeset="378231" timestamp="2008-03-23T09:46:26Z" user="TravelingViking" uid="11101" lat="53.4541019" lon="9.6821143"/>
 <node id="253455570" visible="true" version="2" changeset="14812524" timestamp="2013-01-27T19:40:28Z" user="sundew" uid="617520" lat="53.4538504" lon="9.6821040"/>
 <node id="253455571" visible="true" version="2" changeset="14812524" timestamp="2013-01-27T19:40:28Z" user="sundew" uid="617520" lat="53.4536198" lon="9.6818258"/>
 <node id="253455573" visible="true" version="3" changeset="14812524" timestamp="2013-01-27T19:27:39Z" user="sundew" uid="617520" lat="53.4530541" lon="9.6819944"/>
 <node id="253455575" visible="true" version="1" changeset="378231" timestamp="2008-03-23T09:46:26Z" user="TravelingViking" uid="11101" lat="53.4533812" lon="9.6806208"/>
 <node id="253455578" visible="true" version="4" changeset="16950434" timestamp="2013-07-14T15:12:41Z" user="slhh" uid="527116" lat="53.4536514" lon="9.6783511"/>
 <node id="253455579" visible="true" version="3" changeset="16950434" timestamp="2013-07-14T15:12:41Z" user="slhh" uid="527116" lat="53.4538799" lon="9.6784520"/>
 <node id="253455580" visible="true" version="1" changeset="378231" timestamp="2008-03-23T09:46:26Z" user="TravelingViking" uid="11101" lat="53.4541786" lon="9.6781318"/>
 <node id="266579142" visible="true" version="5" changeset="44456670" timestamp="2016-12-16T20:46:59Z" user="Omegatherion" uid="75582" lat="53.4508229" lon="9.6946820"/>
 <node id="268818975" visible="true" version="4" changeset="147835458" timestamp="2024-02-23T21:43:13Z" user="CalBarg" uid="130937" lat="53.4623261" lon="9.6922673"/>
 <node id="268886347" visible="true" version="9" changeset="69852285" timestamp="2019-05-03T16:39:48Z" user="usernamex91" uid="9851549" lat="53.4587635" lon="9.6836260"/>
 <node id="268886349" visible="true" version="3" changeset="21913237" timestamp="2014-04-24T17:38:18Z" user="Omegatherion" uid="75582" lat="53.4584374" lon="9.6844789"/>
 <node id="268886350" visible="true" version="3" changeset="21913237" timestamp="2014-04-24T17:38:18Z" user="Omegatherion" uid="75582" lat="53.4580149" lon="9.6846756"/>
 <node id="268886351" visible="true" version="1" changeset="79309" timestamp="2008-06-07T00:06:10Z" user="nilsl" uid="39361" lat="53.4580227" lon="9.6864071"/>
 <node id="268886352" visible="true" version="3" changeset="10772227" timestamp="2012-02-23T20:28:12Z" user="Ropino" uid="42123" lat="53.4582373" lon="9.6868631"/>
 <node id="268886649" visible="true" version="2" changeset="69849616" timestamp="2019-05-03T15:51:14Z" user="usernamex91" uid="9851549" lat="53.4525662" lon="9.6832353"/>
 <node id="268886650" visible="true" version="2" changeset="69849616" timestamp="2019-05-03T15:51:14Z" user="usernamex91" uid="9851549" lat="53.4530030" lon="9.6831902"/>
 <node id="268886651" visible="true" version="2" changeset="69849616" timestamp="2019-05-03T15:51:14Z" user="usernamex91" uid="9851549" lat="53.4535327" lon="9.6832661"/>
 <node id="268886652" visible="true" version="2" changeset="69849616" timestamp="2019-05-03T15:51:14Z" user="usernamex91" uid="9851549" lat="53.4541384" lon="9.6837655"/>
 <node id="268886658" visible="true" version="3" changeset="69849616" timestamp="2019-05-03T15:51:14Z" user="usernamex91" uid="9851549" lat="53.4554546" lon="9.6861249"/>
 <node id="268886663" visible="true" version="2" changeset="69849616" timestamp="2019-05-03T15:51:14Z" user="usernamex91" uid="9851549" lat="53.4564351" lon="9.6871786"/>
 <node id="268886664" visible="true" version="1" changeset="79309" timestamp="2008-06-07T00:10:34Z" user="nilsl" uid="39361" lat="53.4565110" lon="9.6870166"/>
 <node id="268886665" visible="true" version="1" changeset="79309" timestamp="2008-06-07T00:10:34Z" user="nilsl" uid="39361" lat="53.4566573" lon="9.6865533"/>
 <node id="268886666" visible="true" version="1" changeset="79309" timestamp="2008-06-07T00:10:34Z" user="nilsl" uid="39361" lat="53.4569743" lon="9.6864558"/>
 <node id="268886667" visible="true" version="1" changeset="79309" timestamp="2008-06-07T00:10:34Z" user="nilsl" uid="39361" lat="53.4572425" lon="9.6865533"/>
 <node id="268886668" visible="true" version="1" changeset="79309" timestamp="2008-06-07T00:10:34Z" user="nilsl" uid="39361" lat="53.4573400" lon="9.6868459"/>
 <node id="268886669" visible="true" version="1" changeset="79309" timestamp="2008-06-07T00:10:35Z" user="nilsl" uid="39361" lat="53.4574376" lon="9.6872848"/>
 <node id="268886670" visible="true" version="1" changeset="79309" timestamp="2008-06-07T00:10:35Z" user="nilsl" uid="39361" lat="53.4574376" lon="9.6876262"/>
 <node id="268886671" visible="true" version="1" changeset="79309" timestamp="2008-06-07T00:10:35Z" user="nilsl" uid="39361" lat="53.4575595" lon="9.6880407"/>
 <node id="268886672" visible="true" version="1" changeset="79309" timestamp="2008-06-07T00:10:35Z" user="nilsl" uid="39361" lat="53.4576814" lon="9.6883820"/>
 <node id="268886673" visible="true" version="1" changeset="79309" timestamp="2008-06-07T00:10:36Z" user="nilsl" uid="39361" lat="53.4578521" lon="9.6888209"/>
 <node id="268886674" visible="true" version="1" changeset="79309" timestamp="2008-06-07T00:10:36Z" user="nilsl" uid="39361" lat="53.4579496" lon="9.6892598"/>
 <node id="268886675" visible="true" version="1" changeset="79309" timestamp="2008-06-07T00:10:36Z" user="nilsl" uid="39361" lat="53.4581203" lon="9.6896012"/>
 <node id="268886677" visible="true" version="1" changeset="79309" timestamp="2008-06-07T00:10:36Z" user="nilsl" uid="39361" lat="53.4583397" lon="9.6898937"/>
 <node id="268886678" visible="true" version="1" changeset="79309" timestamp="2008-06-07T00:10:36Z" user="nilsl" uid="39361" lat="53.4586323" lon="9.6902351"/>
 <node id="268886680" visible="true" version="1" changeset="79309" timestamp="2008-06-07T00:10:36Z" user="nilsl" uid="39361" lat="53.4588030" lon="9.6905521"/>
 <node id="268886681" visible="true" version="1" changeset="79309" timestamp="2008-06-07T00:10:37Z" user="nilsl" uid="39361" lat="53.4589980" lon="9.6911372"/>
 <node id="268886683" visible="true" version="1" changeset="79309" timestamp="2008-06-07T00:10:37Z" user="nilsl" uid="39361" lat="53.4592662" lon="9.6916005"/>
 <node id="268886684" visible="true" version="1" changeset="79309" timestamp="2008-06-07T00:10:37Z" user="nilsl" uid="39361" lat="53.4594125" lon="9.6920394"/>
 <node id="268886686" visible="true" version="1" changeset="79309" timestamp="2008-06-07T00:10:37Z" user="nilsl" uid="39361" lat="53.4596076" lon="9.6928440"/>
 <node id="268886687" visible="true" version="1" changeset="79309" timestamp="2008-06-07T00:10:38Z" user="nilsl" uid="39361" lat="53.4598027" lon="9.6932098"/>
 <node id="268886688" visible="true" version="2" changeset="16159791" timestamp="2013-05-16T22:05:04Z" user="sundew" uid="617520" lat="53.4599899" lon="9.6932069"/>
 <node id="268886692" visible="true" version="2" changeset="16159791" timestamp="2013-05-16T22:05:04Z" user="sundew" uid="617520" lat="53.4610509" lon="9.6924117"/>
 <node id="268886693" visible="true" version="3" changeset="16159791" timestamp="2013-05-16T22:05:04Z" user="sundew" uid="617520" lat="53.4615146" lon="9.6924612"/>
 <node id="269950122" visible="true" version="1" changeset="140709" timestamp="2008-06-12T19:31:18Z" user="nilsl" uid="39361" lat="53.4609260" lon="9.6917304"/>
 <node id="269950123" visible="true" version="2" changeset="19426312" timestamp="2013-12-13T07:27:04Z" user="user_1418319" uid="1418319" lat="53.4607741" lon="9.6910867"/>
 <node id="269950124" visible="true" version="1" changeset="140709" timestamp="2008-06-12T19:31:18Z" user="nilsl" uid="39361" lat="53.4610793" lon="9.6902283"/>
 <node id="269950125" visible="true" version="3" changeset="17247131" timestamp="2013-08-06T21:13:50Z" user="Omegatherion" uid="75582" lat="53.4602640" lon="9.6902574"/>
 <node id="269950128" visible="true" version="3" changeset="17946246" timestamp="2013-09-20T20:09:43Z" user="Omegatherion" uid="75582" lat="53.4590766" lon="9.6892041"/>
 <node id="269950129" visible="true" version="3" changeset="17946246" timestamp="2013-09-20T20:09:43Z" user="Omegatherion" uid="75582" lat="53.4584288" lon="9.6879180"/>
 <node id="269950132" visible="true" version="4" changeset="134410744" timestamp="2023-04-02T11:54:38Z" user="DCA" uid="75107" lat="53.4579945" lon="9.6833133"/>
 <node id="269950133" visible="true" version="3" changeset="134410744" timestamp="2023-04-02T11:54:38Z" user="DCA" uid="75107" lat="53.4581780" lon="9.6820971"/>
 <node id="269950134" visible="true" version="2" changeset="21913237" timestamp="2014-04-24T17:38:18Z" user="Omegatherion" uid="75582" lat="53.4579093" lon="9.6815926"/>
 <node id="269950136" visible="true" version="2" changeset="10772227" timestamp="2012-02-23T20:28:13Z" user="Ropino" uid="42123" lat="53.4581742" lon="9.6788829"/>
 <node id="269950137" visible="true" version="2" changeset="10772227" timestamp="2012-02-23T20:28:13Z" user="Ropino" uid="42123" lat="53.4581791" lon="9.6783911"/>
 <node id="269951904" visible="true" version="2" changeset="10772227" timestamp="2012-02-23T20:28:14Z" user="Ropino" uid="42123" lat="53.4542252" lon="9.6743521"/>
 <node id="269951905" visible="true" version="2" changeset="10772227" timestamp="2012-02-23T20:28:14Z" user="Ropino" uid="42123" lat="53.4537578" lon="9.6756378"/>
 <node id="269951906" visible="true" version="2" changeset="17657190" timestamp="2013-09-03T16:35:47Z" user="Omegatherion" uid="75582" lat="53.4535338" lon="9.6756648"/>
 <node id="269951907" visible="true" version="3" changeset="17657190" timestamp="2013-09-03T16:35:47Z" user="Omegatherion" uid="75582" lat="53.4539741" lon="9.6736861"/>
 <node id="269951908" visible="true" version="3" changeset="17657190" timestamp="2013-09-03T16:35:47Z" user="Omegatherion" uid="75582" lat="53.4535527" lon="9.6730366"/>
 <node id="269951909" visible="true" version="2" changeset="474097" timestamp="2008-10-20T21:32:12Z" user="hofoen" uid="52797" lat="53.4532996" lon="9.6730428"/>
 <node id="269951910" visible="true" version="3" changeset="49063594" timestamp="2017-05-29T07:27:29Z" user="richard23" uid="1854009" lat="53.4529132" lon="9.6738302"/>
 <node id="269951911" visible="true" version="3" changeset="17657190" timestamp="2013-09-03T16:35:47Z" user="Omegatherion" uid="75582" lat="53.4521769" lon="9.6736994"/>
 <node id="269951912" visible="true" version="2" changeset="49063594" timestamp="2017-05-29T07:27:28Z" user="richard23" uid="1854009" lat="53.4518472" lon="9.6762351"/>
 <node id="269951914" visible="true" version="2" changeset="69849966" timestamp="2019-05-03T15:57:02Z" user="usernamex91" uid="9851549" lat="53.4497762" lon="9.6748877"/>
 <node id="269951915" visible="true" version="2" changeset="69849966" timestamp="2019-05-03T15:57:01Z" user="usernamex91" uid="9851549" lat="53.4497128" lon="9.6739036"/>
 <node id="269951917" visible="true" version="3" changeset="69849966" timestamp="2019-05-03T15:57:01Z" user="usernamex91" uid="9851549" lat="53.4492245" lon="9.6775220"/>
 <node id="269951918" visible="true" version="2" changeset="17823506" timestamp="2013-09-13T20:12:26Z" user="Omegatherion" uid="75582" lat="53.4495169" lon="9.6767064"/>
 <node id="269951919" visible="true" version="2" changeset="17823506" timestamp="2013-09-13T20:12:26Z" user="Omegatherion" uid="75582" lat="53.4497198" lon="9.6776774"/>
 <node id="269951920" visible="true" version="2" changeset="17823506" timestamp="2013-09-13T20:12:26Z" user="Omegatherion" uid="75582" lat="53.4496558" lon="9.6800610"/>
 <node id="269951921" visible="true" version="1" changeset="140709" timestamp="2008-06-12T19:43:09Z" user="nilsl" uid="39361" lat="53.4493500" lon="9.6813019"/>
 <node id="269951922" visible="true" version="1" changeset="140709" timestamp="2008-06-12T19:43:09Z" user="nilsl" uid="39361" lat="53.4495545" lon="9.6825036"/>
 <node id="269951926" visible="true" version="1" changeset="140709" timestamp="2008-06-12T19:43:09Z" user="nilsl" uid="39361" lat="53.4577576" lon="9.6921166"/>
 <node id="269951927" visible="true" version="2" changeset="17657190" timestamp="2013-09-03T16:35:47Z" user="Omegatherion" uid="75582" lat="53.4588642" lon="9.6936616"/>
 <node id="269951929" visible="true" version="2" changeset="17657190" timestamp="2013-09-03T16:35:47Z" user="Omegatherion" uid="75582" lat="53.4593267" lon="9.6935138"/>
 <node id="269951930" visible="true" version="2" changeset="17657190" timestamp="2013-09-03T16:35:47Z" user="Omegatherion" uid="75582" lat="53.4599144" lon="9.6933832"/>
 <node id="269951932" visible="true" version="3" changeset="17247131" timestamp="2013-08-06T21:13:50Z" user="Omegatherion" uid="75582" lat="53.4600002" lon="9.6897987"/>
 <node id="269951933" visible="true" version="2" changeset="10772227" timestamp="2012-02-23T20:28:14Z" user="Ropino" uid="42123" lat="53.4592936" lon="9.6894124"/>
 <node id="269951935" visible="true" version="3" changeset="10772227" timestamp="2012-02-23T20:28:14Z" user="Ropino" uid="42123" lat="53.4577713" lon="9.6778006"/>
 <node id="269951936" visible="true" version="2" changeset="10772227" timestamp="2012-02-23T20:28:14Z" user="Ropino" uid="42123" lat="53.4576021" lon="9.6772888"/>
 <node id="269951937" visible="true" version="2" changeset="10772227" timestamp="2012-02-23T20:28:14Z" user="Ropino" uid="42123" lat="53.4575249" lon="9.6771074"/>
 <node id="269951938" visible="true" version="2" changeset="10772227" timestamp="2012-02-23T20:28:14Z" user="Ropino" uid="42123" lat="53.4574366" lon="9.6768634"/>
 <node id="270070240" visible="true" version="3" changeset="69849616" timestamp="2019-05-03T15:51:13Z" user="usernamex91" uid="9851549" lat="53.4495248" lon="9.6898889"/>
 <node id="270070242" visible="true" version="2" changeset="44456670" timestamp="2016-12-16T20:46:59Z" user="Omegatherion" uid="75582" lat="53.4491928" lon="9.6944105"/>
 <node id="270195065" visible="true" version="3" changeset="69849966" timestamp="2019-05-03T15:57:01Z" user="usernamex91" uid="9851549" lat="53.4493130" lon="9.6763857"/>
 <node id="270835204" visible="true" version="4" changeset="35969404" timestamp="2015-12-15T15:39:49Z" user="Heideammer" uid="347762" lat="53.4387192" lon="9.6673662"/>
 <node id="270835207" visible="true" version="3" changeset="35969404" timestamp="2015-12-15T15:39:49Z" user="Heideammer" uid="347762" lat="53.4382491" lon="9.6690094"/>
 <node id="270835211" visible="true" version="1" changeset="192535" timestamp="2008-06-17T00:02:36Z" user="nilsl" uid="39361" lat="53.4386320" lon="9.6743459"/>
 <node id="270835213" visible="true" version="2" changeset="17823506" timestamp="2013-09-13T20:12:28Z" user="Omegatherion" uid="75582" lat="53.4409427" lon="9.6760676"/>
 <node id="270835218" visible="true" version="2" changeset="17823506" timestamp="2013-09-13T20:12:28Z" user="Omegatherion" uid="75582" lat="53.4437991" lon="9.6771028"/>
 <node id="270835219" visible="true" version="2" changeset="14812524" timestamp="2013-01-27T19:21:17Z" user="sundew" uid="617520" lat="53.4468474" lon="9.6795312"/>
 <node id="270835220" visible="true" version="2" changeset="14812524" timestamp="2013-01-27T19:21:17Z" user="sundew" uid="617520" lat="53.4464641" lon="9.6791478"/>
 <node id="270835221" visible="true" version="2" changeset="14812524" timestamp="2013-01-27T19:21:17Z" user="sundew" uid="617520" lat="53.4460424" lon="9.6791478"/>
 <node id="270835222" visible="true" version="1" changeset="192535" timestamp="2008-06-17T00:02:38Z" user="nilsl" uid="39361" lat="53.4455701" lon="9.6790608"/>
 <node id="270835223" visible="true" version="1" changeset="192535" timestamp="2008-06-17T00:02:39Z" user="nilsl" uid="39361" lat="53.4454935" lon="9.6784858"/>
 <node id="270835224" visible="true" version="4" changeset="19426416" timestamp="2013-12-13T07:34:35Z" user="user_1418319" uid="1418319" lat="53.4447874" lon="9.6773251"/>
 <node id="270835225" visible="true" version="3" changeset="14812524" timestamp="2013-01-27T19:21:17Z" user="sundew" uid="617520" lat="53.4442824" lon="9.6768799"/>
 <node id="270835245" visible="true" version="2" changeset="17823506" timestamp="2013-09-13T20:12:28Z" user="Omegatherion" uid="75582" lat="53.4447955" lon="9.6864120"/>
 <node id="270835247" visible="true" version="2" changeset="17823506" timestamp="2013-09-13T20:12:28Z" user="Omegatherion" uid="75582" lat="53.4435057" lon="9.6874307"/>
 <node id="270835249" visible="true" version="2" changeset="17823506" timestamp="2013-09-13T20:12:28Z" user="Omegatherion" uid="75582" lat="53.4434850" lon="9.6887358"/>
 <node id="270835250" visible="true" version="1" changeset="192535" timestamp="2008-06-17T00:02:46Z" user="nilsl" uid="39361" lat="53.4431531" lon="9.6895323"/>
 <node id="270835251" visible="true" version="1" changeset="192535" timestamp="2008-06-17T00:02:46Z" user="nilsl" uid="39361" lat="53.4429780" lon="9.6892823"/>
 <node id="270835252" visible="true" version="2" changeset="17823506" timestamp="2013-09-13T20:12:28Z" user="Omegatherion" uid="75582" lat="53.4428612" lon="9.6884068"/>
 <node id="270835253" visible="true" version="2" changeset="17823506" timestamp="2013-09-13T20:12:28Z" user="Omegatherion" uid="75582" lat="53.4418356" lon="9.6880002"/>
 <node id="270835254" visible="true" version="3" changeset="17823506" timestamp="2013-09-13T20:12:28Z" user="Omegatherion" uid="75582" lat="53.4403197" lon="9.6887696"/>
 <node id="270835255" visible="true" version="1" changeset="192535" timestamp="2008-06-17T00:02:47Z" user="nilsl" uid="39361" lat="53.4401025" lon="9.6903824"/>
 <node id="270835256" visible="true" version="1" changeset="192535" timestamp="2008-06-17T00:02:48Z" user="nilsl" uid="39361" lat="53.4403276" lon="9.6907325"/>
 <node id="270835257" visible="true" version="6" changeset="142133257" timestamp="2023-10-04T08:38:28Z" user="Sunsurfer89" uid="11997267" lat="53.4404189" lon="9.6921809">
  <tag k="name" v="Pippensen"/>
  <tag k="traffic_sign" v="city_limit"/>
 </node>
 <node id="270835259" visible="true" version="2" changeset="30341634" timestamp="2015-04-19T21:03:12Z" user="Omegatherion" uid="75582" lat="53.4394558" lon="9.6918688"/>
 <node id="270835260" visible="true" version="3" changeset="30341634" timestamp="2015-04-19T21:03:12Z" user="Omegatherion" uid="75582" lat="53.4400722" lon="9.6916929"/>
 <node id="270835261" visible="true" version="1" changeset="192535" timestamp="2008-06-17T00:02:48Z" user="nilsl" uid="39361" lat="53.4401047" lon="9.6910257"/>
 <node id="270835262" visible="true" version="2" changeset="17823506" timestamp="2013-09-13T20:12:29Z" user="Omegatherion" uid="75582" lat="53.4400556" lon="9.6906468"/>
 <node id="270835263" visible="true" version="2" changeset="17823506" timestamp="2013-09-13T20:12:29Z" user="Omegatherion" uid="75582" lat="53.4397579" lon="9.6900990"/>
 <node id="270835264" visible="true" version="2" changeset="17823506" timestamp="2013-09-13T20:12:29Z" user="Omegatherion" uid="75582" lat="53.4394505" lon="9.6904113"/>
 <node id="270835266" visible="true" version="2" changeset="17823506" timestamp="2013-09-13T20:12:29Z" user="Omegatherion" uid="75582" lat="53.4392820" lon="9.6903708"/>
 <node id="270835269" visible="true" version="2" changeset="17823506" timestamp="2013-09-13T20:12:29Z" user="Omegatherion" uid="75582" lat="53.4388890" lon="9.6907885"/>
 <node id="270835272" visible="true" version="1" changeset="192535" timestamp="2008-06-17T00:02:50Z" user="nilsl" uid="39361" lat="53.4388625" lon="9.6903825"/>
 <node id="270835273" visible="true" version="2" changeset="17823506" timestamp="2013-09-13T20:12:29Z" user="Omegatherion" uid="75582" lat="53.4387634" lon="9.6898918"/>
 <node id="270835274" visible="true" version="2" changeset="18426836" timestamp="2013-10-18T22:08:23Z" user="Omegatherion" uid="75582" lat="53.4389162" lon="9.6891343"/>
 <node id="270835275" visible="true" version="2" changeset="18426836" timestamp="2013-10-18T22:08:23Z" user="Omegatherion" uid="75582" lat="53.4386983" lon="9.6889074"/>
 <node id="270835276" visible="true" version="2" changeset="18426836" timestamp="2013-10-18T22:08:23Z" user="Omegatherion" uid="75582" lat="53.4382232" lon="9.6892134"/>
 <node id="270835277" visible="true" version="2" changeset="18426836" timestamp="2013-10-18T22:08:23Z" user="Omegatherion" uid="75582" lat="53.4381352" lon="9.6890271"/>
 <node id="270835278" visible="true" version="3" changeset="105304299" timestamp="2021-05-25T16:25:40Z" user="Heideammer" uid="347762" lat="53.4376156" lon="9.6890507"/>
 <node id="270835280" visible="true" version="1" changeset="192535" timestamp="2008-06-17T00:02:52Z" user="nilsl" uid="39361" lat="53.4377122" lon="9.6876872"/>
 <node id="270835281" visible="true" version="1" changeset="192535" timestamp="2008-06-17T00:02:52Z" user="nilsl" uid="39361" lat="53.4379033" lon="9.6878358"/>
 <node id="270835282" visible="true" version="1" changeset="192535" timestamp="2008-06-17T00:02:53Z" user="nilsl" uid="39361" lat="53.4378609" lon="9.6881332"/>
 <node id="270835283" visible="true" version="1" changeset="192535" timestamp="2008-06-17T00:02:53Z" user="nilsl" uid="39361" lat="53.4380520" lon="9.6882393"/>
 <node id="270835284" visible="true" version="1" changeset="192535" timestamp="2008-06-17T00:02:53Z" user="nilsl" uid="39361" lat="53.4385192" lon="9.6881756"/>
 <node id="270835285" visible="true" version="2" changeset="105304299" timestamp="2021-05-25T16:25:40Z" user="Heideammer" uid="347762" lat="53.4386262" lon="9.6874395"/>
 <node id="270835286" visible="true" version="2" changeset="105304299" timestamp="2021-05-25T16:25:40Z" user="Heideammer" uid="347762" lat="53.4385187" lon="9.6871901"/>
 <node id="270835287" visible="true" version="2" changeset="105304299" timestamp="2021-05-25T16:25:40Z" user="Heideammer" uid="347762" lat="53.4386026" lon="9.6870592"/>
 <node id="270835288" visible="true" version="1" changeset="192535" timestamp="2008-06-17T00:02:54Z" user="nilsl" uid="39361" lat="53.4386466" lon="9.6869651"/>
 <node id="270835289" visible="true" version="2" changeset="105304299" timestamp="2021-05-25T16:25:40Z" user="Heideammer" uid="347762" lat="53.4385874" lon="9.6868136"/>
 <node id="270835290" visible="true" version="2" changeset="105304299" timestamp="2021-05-25T16:25:40Z" user="Heideammer" uid="347762" lat="53.4383873" lon="9.6864950"/>
 <node id="270835291" visible="true" version="1" changeset="192535" timestamp="2008-06-17T00:02:55Z" user="nilsl" uid="39361" lat="53.4382431" lon="9.6860731"/>
 <node id="270835292" visible="true" version="1" changeset="192535" timestamp="2008-06-17T00:02:55Z" user="nilsl" uid="39361" lat="53.4384980" lon="9.6857121"/>
 <node id="270835316" visible="true" version="1" changeset="192535" timestamp="2008-06-17T00:02:58Z" user="nilsl" uid="39361" lat="53.4387528" lon="9.6855847"/>
 <node id="270835317" visible="true" version="1" changeset="192535" timestamp="2008-06-17T00:02:58Z" user="nilsl" uid="39361" lat="53.4393475" lon="9.6856059"/>
 <node id="270835318" visible="true" version="1" changeset="192535" timestamp="2008-06-17T00:02:59Z" user="nilsl" uid="39361" lat="53.4434887" lon="9.6804878"/>
 <node id="270835319" visible="true" version="1" changeset="192535" timestamp="2008-06-17T00:02:59Z" user="nilsl" uid="39361" lat="53.4435737" lon="9.6807638"/>
 <node id="270835320" visible="true" version="1" changeset="192535" timestamp="2008-06-17T00:02:59Z" user="nilsl" uid="39361" lat="53.4435100" lon="9.6809975"/>
 <node id="270835321" visible="true" version="2" changeset="17823506" timestamp="2013-09-13T20:12:29Z" user="Omegatherion" uid="75582" lat="53.4449114" lon="9.6812170"/>
 <node id="270835322" visible="true" version="1" changeset="192535" timestamp="2008-06-17T00:02:59Z" user="nilsl" uid="39361" lat="53.4455275" lon="9.6818257"/>
 <node id="270835323" visible="true" version="2" changeset="17823506" timestamp="2013-09-13T20:12:29Z" user="Omegatherion" uid="75582" lat="53.4452514" lon="9.6829027"/>
 <node id="270835324" visible="true" version="2" changeset="17823506" timestamp="2013-09-13T20:12:29Z" user="Omegatherion" uid="75582" lat="53.4456013" lon="9.6829087"/>
 <node id="270835325" visible="true" version="2" changeset="14812524" timestamp="2013-01-27T19:21:19Z" user="sundew" uid="617520" lat="53.4464872" lon="9.6799626"/>
 <node id="270835326" visible="true" version="2" changeset="14812524" timestamp="2013-01-27T19:21:19Z" user="sundew" uid="617520" lat="53.4470819" lon="9.6812581"/>
 <node id="270835327" visible="true" version="2" changeset="14812524" timestamp="2013-01-27T19:21:19Z" user="sundew" uid="617520" lat="53.4473155" lon="9.6807271"/>
 <node id="270835328" visible="true" version="2" changeset="14812524" timestamp="2013-01-27T19:21:19Z" user="sundew" uid="617520" lat="53.4472942" lon="9.6802387"/>
 <node id="270835329" visible="true" version="3" changeset="17823506" timestamp="2013-09-13T20:12:29Z" user="Omegatherion" uid="75582" lat="53.4473493" lon="9.6792869"/>
 <node id="270835330" visible="true" version="2" changeset="14812524" timestamp="2013-01-27T19:21:19Z" user="sundew" uid="617520" lat="53.4480375" lon="9.6791768"/>
 <node id="270835331" visible="true" version="2" changeset="14812524" timestamp="2013-01-27T19:21:19Z" user="sundew" uid="617520" lat="53.4485047" lon="9.6790494"/>
 <node id="270835332" visible="true" version="2" changeset="14812524" timestamp="2013-01-27T19:21:19Z" user="sundew" uid="617520" lat="53.4487614" lon="9.6793769"/>
 <node id="270835333" visible="true" version="3" changeset="17823506" timestamp="2013-09-13T20:12:29Z" user="Omegatherion" uid="75582" lat="53.4476967" lon="9.6794609"/>
 <node id="270835334" visible="true" version="2" changeset="14812524" timestamp="2013-01-27T19:21:21Z" user="sundew" uid="617520" lat="53.4477402" lon="9.6802812"/>
 <node id="270835335" visible="true" version="2" changeset="14812524" timestamp="2013-01-27T19:21:21Z" user="sundew" uid="617520" lat="53.4476977" lon="9.6807484"/>
 <node id="270835336" visible="true" version="2" changeset="14812524" timestamp="2013-01-27T19:21:21Z" user="sundew" uid="617520" lat="53.4474217" lon="9.6813005"/>
 <node id="270835337" visible="true" version="2" changeset="14812524" timestamp="2013-01-27T19:21:21Z" user="sundew" uid="617520" lat="53.4474217" lon="9.6816616"/>
 <node id="270835338" visible="true" version="2" changeset="14812524" timestamp="2013-01-27T19:21:21Z" user="sundew" uid="617520" lat="53.4476128" lon="9.6818102"/>
 <node id="270835339" visible="true" version="2" changeset="14812524" timestamp="2013-01-27T19:21:21Z" user="sundew" uid="617520" lat="53.4474641" lon="9.6823412"/>
 <node id="270835340" visible="true" version="2" changeset="14812524" timestamp="2013-01-27T19:21:21Z" user="sundew" uid="617520" lat="53.4472093" lon="9.6821075"/>
 <node id="270835349" visible="true" version="4" changeset="19426312" timestamp="2013-12-13T07:27:04Z" user="user_1418319" uid="1418319" lat="53.4534155" lon="9.6897166"/>
 <node id="270835350" visible="true" version="5" changeset="69849616" timestamp="2019-05-03T15:51:14Z" user="usernamex91" uid="9851549" lat="53.4531740" lon="9.6892760"/>
 <node id="270835352" visible="true" version="2" changeset="69849616" timestamp="2019-05-03T15:51:14Z" user="usernamex91" uid="9851549" lat="53.4524278" lon="9.6887957"/>
 <node id="270835353" visible="true" version="3" changeset="69849616" timestamp="2019-05-03T15:51:13Z" user="usernamex91" uid="9851549" lat="53.4522646" lon="9.6883919"/>
 <node id="270835354" visible="true" version="3" changeset="69849616" timestamp="2019-05-03T15:51:13Z" user="usernamex91" uid="9851549" lat="53.4502328" lon="9.6895510"/>
 <node id="270835356" visible="true" version="2" changeset="69849616" timestamp="2019-05-03T15:51:13Z" user="usernamex91" uid="9851549" lat="53.4506953" lon="9.6891151"/>
 <node id="270835357" visible="true" version="1" changeset="192535" timestamp="2008-06-17T00:03:06Z" user="nilsl" uid="39361" lat="53.4511553" lon="9.6869226"/>
 <node id="270835358" visible="true" version="2" changeset="13251201" timestamp="2012-09-25T19:23:50Z" user="Heideammer" uid="347762" lat="53.4499296" lon="9.6863643"/>
 <node id="270835359" visible="true" version="1" changeset="192535" timestamp="2008-06-17T00:03:07Z" user="nilsl" uid="39361" lat="53.4495838" lon="9.6884517"/>
 <node id="270835360" visible="true" version="2" changeset="13251201" timestamp="2012-09-25T19:23:50Z" user="Heideammer" uid="347762" lat="53.4492013" lon="9.6880794"/>
 <node id="270835361" visible="true" version="2" changeset="13251201" timestamp="2012-09-25T19:23:50Z" user="Heideammer" uid="347762" lat="53.4493106" lon="9.6873521"/>
 <node id="270835362" visible="true" version="1" changeset="192535" timestamp="2008-06-17T00:03:07Z" user="nilsl" uid="39361" lat="53.4482671" lon="9.6870925"/>
 <node id="270835363" visible="true" version="2" changeset="13251201" timestamp="2012-09-25T19:23:50Z" user="Heideammer" uid="347762" lat="53.4479606" lon="9.6892839"/>
 <node id="270835364" visible="true" version="1" changeset="192535" timestamp="2008-06-17T00:03:08Z" user="nilsl" uid="39361" lat="53.4481397" lon="9.6897047"/>
 <node id="270835365" visible="true" version="2" changeset="13251201" timestamp="2012-09-25T19:23:50Z" user="Heideammer" uid="347762" lat="53.4483578" lon="9.6905016"/>
 <node id="270835368" visible="true" version="2" changeset="69849616" timestamp="2019-05-03T15:51:13Z" user="usernamex91" uid="9851549" lat="53.4493107" lon="9.6900893"/>
 <node id="270835391" visible="true" version="2" changeset="17823506" timestamp="2013-09-13T20:12:29Z" user="Omegatherion" uid="75582" lat="53.4473012" lon="9.6892914"/>
 <node id="270835392" visible="true" version="1" changeset="192535" timestamp="2008-06-17T00:03:13Z" user="nilsl" uid="39361" lat="53.4473327" lon="9.6890464"/>
 <node id="270835393" visible="true" version="2" changeset="17823506" timestamp="2013-09-13T20:12:29Z" user="Omegatherion" uid="75582" lat="53.4468671" lon="9.6886070"/>
 <node id="270835394" visible="true" version="2" changeset="17823506" timestamp="2013-09-13T20:12:29Z" user="Omegatherion" uid="75582" lat="53.4468174" lon="9.6884108"/>
 <node id="270835395" visible="true" version="2" changeset="17823506" timestamp="2013-09-13T20:12:29Z" user="Omegatherion" uid="75582" lat="53.4459881" lon="9.6883583"/>
 <node id="270835396" visible="true" version="2" changeset="17823506" timestamp="2013-09-13T20:12:29Z" user="Omegatherion" uid="75582" lat="53.4451820" lon="9.6881962"/>
 <node id="270835397" visible="true" version="1" changeset="192535" timestamp="2008-06-17T00:03:14Z" user="nilsl" uid="39361" lat="53.4530399" lon="9.6904199"/>
 <node id="270835398" visible="true" version="3" changeset="69849616" timestamp="2019-05-03T15:51:14Z" user="usernamex91" uid="9851549" lat="53.4523225" lon="9.6914791"/>
 <node id="270835399" visible="true" version="3" changeset="69849616" timestamp="2019-05-03T15:51:14Z" user="usernamex91" uid="9851549" lat="53.4525068" lon="9.6921934"/>
 <node id="270835403" visible="true" version="2" changeset="17823506" timestamp="2013-09-13T20:12:29Z" user="Omegatherion" uid="75582" lat="53.4457997" lon="9.6923945"/>
 <node id="270835404" visible="true" version="2" changeset="17823506" timestamp="2013-09-13T20:12:29Z" user="Omegatherion" uid="75582" lat="53.4459689" lon="9.6890740"/>
 <node id="270835449" visible="true" version="1" changeset="192535" timestamp="2008-06-17T00:03:25Z" user="nilsl" uid="39361" lat="53.4510522" lon="9.6945195"/>
 <node id="270835451" visible="true" version="1" changeset="192535" timestamp="2008-06-17T00:03:25Z" user="nilsl" uid="39361" lat="53.4553525" lon="9.6947828"/>
 <node id="270835452" visible="true" version="2" changeset="44456670" timestamp="2016-12-16T20:46:59Z" user="Omegatherion" uid="75582" lat="53.4547892" lon="9.6945010"/>
 <node id="270835454" visible="true" version="5" changeset="42404658" timestamp="2016-09-24T12:55:24Z" user="smarties" uid="45882" lat="53.4550993" lon="9.6958596"/>
 <node id="270835455" visible="true" version="1" changeset="192535" timestamp="2008-06-17T00:03:26Z" user="nilsl" uid="39361" lat="53.4566864" lon="9.6912022"/>
 <node id="270835459" visible="true" version="2" changeset="17914080" timestamp="2013-09-18T21:31:21Z" user="Omegatherion" uid="75582" lat="53.4561126" lon="9.6937828"/>
 <node id="270835461" visible="true" version="2" changeset="17657190" timestamp="2013-09-03T16:35:47Z" user="Omegatherion" uid="75582" lat="53.4581332" lon="9.6928268"/>
 <node id="270840431" visible="true" version="2" changeset="10771715" timestamp="2012-02-23T19:41:17Z" user="Ropino" uid="42123" lat="53.4591547" lon="9.7056705"/>
 <node id="270840432" visible="true" version="2" changeset="10771715" timestamp="2012-02-23T19:41:17Z" user="Ropino" uid="42123" lat="53.4590881" lon="9.7052667"/>
 <node id="270840433" visible="true" version="1" changeset="192535" timestamp="2008-06-17T00:48:22Z" user="nilsl" uid="39361" lat="53.4575559" lon="9.7079285"/>
 <node id="270840434" visible="true" version="2" changeset="10772398" timestamp="2012-02-23T20:45:00Z" user="Ropino" uid="42123" lat="53.4569509" lon="9.7083905"/>
 <node id="270840435" visible="true" version="2" changeset="10772398" timestamp="2012-02-23T20:45:00Z" user="Ropino" uid="42123" lat="53.4570713" lon="9.7093670"/>
 <node id="270840436" visible="true" version="4" changeset="10772398" timestamp="2012-02-23T20:45:00Z" user="Ropino" uid="42123" lat="53.4566825" lon="9.7094932"/>
 <node id="270840437" visible="true" version="5" changeset="10772398" timestamp="2012-02-23T20:45:00Z" user="Ropino" uid="42123" lat="53.4567153" lon="9.7099010"/>
 <node id="270840442" visible="true" version="3" changeset="10772398" timestamp="2012-02-23T20:45:01Z" user="Ropino" uid="42123" lat="53.4565449" lon="9.7099932"/>
 <node id="270840443" visible="true" version="4" changeset="33256440" timestamp="2015-08-11T01:21:57Z" user="Omegatherion" uid="75582" lat="53.4562075" lon="9.7097765"/>
 <node id="270840444" visible="true" version="4" changeset="33256440" timestamp="2015-08-11T01:21:57Z" user="Omegatherion" uid="75582" lat="53.4561285" lon="9.7091452"/>
 <node id="270840445" visible="true" version="4" changeset="33256440" timestamp="2015-08-11T01:21:57Z" user="Omegatherion" uid="75582" lat="53.4559805" lon="9.7090228"/>
 <node id="270840447" visible="true" version="5" changeset="148184223" timestamp="2024-03-03T22:41:27Z" user="Funki-Bux" uid="15130873" lat="53.4552480" lon="9.7089619"/>
 <node id="270840448" visible="true" version="4" changeset="33256440" timestamp="2015-08-11T01:21:57Z" user="Omegatherion" uid="75582" lat="53.4549610" lon="9.7087004"/>
 <node id="270840449" visible="true" version="4" changeset="10772398" timestamp="2012-02-23T20:45:01Z" user="Ropino" uid="42123" lat="53.4546488" lon="9.7083550"/>
 <node id="270840478" visible="true" version="2" changeset="30341634" timestamp="2015-04-19T21:03:12Z" user="Omegatherion" uid="75582" lat="53.4425234" lon="9.7025167"/>
 <node id="270840479" visible="true" version="2" changeset="30341634" timestamp="2015-04-19T21:03:12Z" user="Omegatherion" uid="75582" lat="53.4412896" lon="9.7025252"/>
 <node id="270840480" visible="true" version="2" changeset="30341634" timestamp="2015-04-19T21:03:12Z" user="Omegatherion" uid="75582" lat="53.4413824" lon="9.7028230"/>
 <node id="270840481" visible="true" version="2" changeset="30341634" timestamp="2015-04-19T21:03:12Z" user="Omegatherion" uid="75582" lat="53.4414860" lon="9.7030440"/>
 <node id="270840482" visible="true" version="2" changeset="30341634" timestamp="2015-04-19T21:03:12Z" user="Omegatherion" uid="75582" lat="53.4415984" lon="9.7031890"/>
 <node id="270840483" visible="true" version="2" changeset="30341634" timestamp="2015-04-19T21:03:12Z" user="Omegatherion" uid="75582" lat="53.4419994" lon="9.7033856"/>
 <node id="270840484" visible="true" version="2" changeset="30341634" timestamp="2015-04-19T21:03:12Z" user="Omegatherion" uid="75582" lat="53.4425263" lon="9.7035614"/>
 <node id="270840485" visible="true" version="2" changeset="30341634" timestamp="2015-04-19T21:03:12Z" user="Omegatherion" uid="75582" lat="53.4427073" lon="9.7036683"/>
 <node id="270840487" visible="true" version="4" changeset="30341634" timestamp="2015-04-19T21:03:12Z" user="Omegatherion" uid="75582" lat="53.4439715" lon="9.7046412"/>
 <node id="270840488" visible="true" version="3" changeset="17823506" timestamp="2013-09-13T20:12:29Z" user="Omegatherion" uid="75582" lat="53.4441099" lon="9.7000597"/>
 <node id="270840489" visible="true" version="3" changeset="17823506" timestamp="2013-09-13T20:12:30Z" user="Omegatherion" uid="75582" lat="53.4457624" lon="9.6970401"/>
 <node id="270840491" visible="true" version="3" changeset="17823506" timestamp="2013-09-13T20:12:30Z" user="Omegatherion" uid="75582" lat="53.4462775" lon="9.6941420"/>
 <node id="270840492" visible="true" version="2" changeset="2622104" timestamp="2009-09-25T17:01:52Z" user="nairda" uid="177645" lat="53.4462059" lon="9.6938319"/>
 <node id="270840493" visible="true" version="5" changeset="20665023" timestamp="2014-02-19T21:49:08Z" user="sundew" uid="617520" lat="53.4400438" lon="9.6921694"/>
 <node id="274061056" visible="true" version="3" changeset="126233352" timestamp="2022-09-15T17:17:35Z" user="BikeTschorsch" uid="6441004" lat="53.4140797" lon="9.6761758"/>
 <node id="274061058" visible="true" version="1" changeset="317058" timestamp="2008-06-27T18:10:09Z" user="nilsl" uid="39361" lat="53.4128216" lon="9.6772009"/>
 <node id="274061066" visible="true" version="3" changeset="126233352" timestamp="2022-09-15T17:17:35Z" user="BikeTschorsch" uid="6441004" lat="53.4137264" lon="9.6851252"/>
 <node id="274061068" visible="true" version="5" changeset="118996042" timestamp="2022-03-27T20:50:21Z" user="Funki-Bux" uid="15130873" lat="53.4148449" lon="9.6848049"/>
 <node id="280172227" visible="true" version="2" changeset="17657190" timestamp="2013-09-03T16:35:48Z" user="Omegatherion" uid="75582" lat="53.4569569" lon="9.6854044"/>
 <node id="280172228" visible="true" version="2" changeset="17657190" timestamp="2013-09-03T16:35:48Z" user="Omegatherion" uid="75582" lat="53.4572529" lon="9.6855839"/>
 <node id="280172348" visible="true" version="3" changeset="69849616" timestamp="2019-05-03T15:51:14Z" user="usernamex91" uid="9851549" lat="53.4544032" lon="9.6839608"/>
 <node id="281497964" visible="true" version="2" changeset="21531322" timestamp="2014-04-06T12:24:34Z" user="Omegatherion" uid="75582" lat="53.4559591" lon="9.7064064"/>
 <node id="281497968" visible="true" version="3" changeset="18426705" timestamp="2013-10-18T21:57:37Z" user="Omegatherion" uid="75582" lat="53.4545605" lon="9.7048357"/>
 <node id="281497970" visible="true" version="3" changeset="59751435" timestamp="2018-06-11T18:48:44Z" user="sundew" uid="617520" lat="53.4519526" lon="9.7037727"/>
 <node id="281497978" visible="true" version="2" changeset="1043282" timestamp="2009-05-02T00:38:22Z" user="nilsl" uid="39361" lat="53.4520715" lon="9.7002268"/>
 <node id="281497980" visible="true" version="2" changeset="1043282" timestamp="2009-05-02T00:38:22Z" user="nilsl" uid="39361" lat="53.4518330" lon="9.7007355"/>
 <node id="281497982" visible="true" version="2" changeset="1043282" timestamp="2009-05-02T00:38:22Z" user="nilsl" uid="39361" lat="53.4516422" lon="9.7018167"/>
 <node id="281497984" visible="true" version="5" changeset="59751435" timestamp="2018-06-11T18:48:44Z" user="sundew" uid="617520" lat="53.4516926" lon="9.7036656"/>
 <node id="281497986" visible="true" version="3" changeset="18426705" timestamp="2013-10-18T21:57:37Z" user="Omegatherion" uid="75582" lat="53.4547524" lon="9.7037528"/>
 <node id="281497988" visible="true" version="2" changeset="13307684" timestamp="2012-09-30T11:09:11Z" user="poppei82" uid="461945" lat="53.4546845" lon="9.7037045"/>
 <node id="281497990" visible="true" version="2" changeset="13307684" timestamp="2012-09-30T11:09:11Z" user="poppei82" uid="461945" lat="53.4547069" lon="9.7040088"/>
 <node id="281497991" visible="true" version="2" changeset="21664635" timestamp="2014-04-13T12:55:18Z" user="Omegatherion" uid="75582" lat="53.4526000" lon="9.7000533"/>
 <node id="281497995" visible="true" version="4" changeset="119085200" timestamp="2022-03-29T19:13:36Z" user="Funki-Bux" uid="15130873" lat="53.4520554" lon="9.7064769">
  <tag k="name" v="Eilendorf"/>
  <tag k="traffic_sign" v="city_limit"/>
 </node>
 <node id="281498001" visible="true" version="4" changeset="10772398" timestamp="2012-02-23T20:45:03Z" user="Ropino" uid="42123" lat="53.4547590" lon="9.7079885"/>
 <node id="281498002" visible="true" version="4" changeset="17823506" timestamp="2013-09-13T20:12:30Z" user="Omegatherion" uid="75582" lat="53.4487029" lon="9.7039682"/>
 <node id="281498003" visible="true" version="2" changeset="10771715" timestamp="2012-02-23T19:41:19Z" user="Ropino" uid="42123" lat="53.4561922" lon="9.7071529"/>
 <node id="297101614" visible="true" version="1" changeset="643242" timestamp="2008-09-14T23:59:52Z" user="nilsl" uid="39361" lat="53.4398230" lon="9.6717794"/>
 <node id="297101617" visible="true" version="1" changeset="643242" timestamp="2008-09-14T23:59:52Z" user="nilsl" uid="39361" lat="53.4400743" lon="9.6721974"/>
 <node id="297101619" visible="true" version="2" changeset="34836709" timestamp="2015-10-24T08:24:54Z" user="Ruffi" uid="81431" lat="53.4406366" lon="9.6726406"/>
 <node id="297101621" visible="true" version="3" changeset="34836709" timestamp="2015-10-24T08:24:54Z" user="Ruffi" uid="81431" lat="53.4413072" lon="9.6736953"/>
 <node id="297101624" visible="true" version="3" changeset="15937848" timestamp="2013-05-01T19:13:53Z" user="sundew" uid="617520" lat="53.4415733" lon="9.6739184"/>
 <node id="297101625" visible="true" version="3" changeset="15937848" timestamp="2013-05-01T19:13:53Z" user="sundew" uid="617520" lat="53.4417296" lon="9.6741713"/>
 <node id="297101627" visible="true" version="2" changeset="726632" timestamp="2009-01-03T20:11:51Z" user="Ray_K" uid="88370" lat="53.4426249" lon="9.6749529"/>
 <node id="297101629" visible="true" version="1" changeset="643242" timestamp="2008-09-14T23:59:54Z" user="nilsl" uid="39361" lat="53.4435516" lon="9.6757651"/>
 <node id="297101630" visible="true" version="1" changeset="643242" timestamp="2008-09-14T23:59:54Z" user="nilsl" uid="39361" lat="53.4438898" lon="9.6762273"/>
 <node id="297101632" visible="true" version="1" changeset="643242" timestamp="2008-09-14T23:59:54Z" user="nilsl" uid="39361" lat="53.4441173" lon="9.6770140"/>
 <node id="297101634" visible="true" version="1" changeset="643242" timestamp="2008-09-14T23:59:54Z" user="nilsl" uid="39361" lat="53.4444912" lon="9.6773001"/>
 <node id="297101635" visible="true" version="4" changeset="14812524" timestamp="2013-01-27T19:21:21Z" user="sundew" uid="617520" lat="53.4450391" lon="9.6775287"/>
 <node id="297101637" visible="true" version="2" changeset="726632" timestamp="2009-01-03T20:11:53Z" user="Ray_K" uid="88370" lat="53.4461139" lon="9.6777869"/>
 <node id="297101640" visible="true" version="1" changeset="643242" timestamp="2008-09-14T23:59:55Z" user="nilsl" uid="39361" lat="53.4464449" lon="9.6777942"/>
 <node id="297101656" visible="true" version="3" changeset="737455" timestamp="2009-01-05T16:16:08Z" user="Ray_K" uid="88370" lat="53.4486467" lon="9.6774359"/>
 <node id="297101658" visible="true" version="2" changeset="737455" timestamp="2009-01-05T16:16:08Z" user="Ray_K" uid="88370" lat="53.4504212" lon="9.6776997"/>
 <node id="297101660" visible="true" version="3" changeset="737455" timestamp="2009-01-05T16:16:08Z" user="Ray_K" uid="88370" lat="53.4512783" lon="9.6779275"/>
 <node id="297101662" visible="true" version="2" changeset="737455" timestamp="2009-01-05T16:16:08Z" user="Ray_K" uid="88370" lat="53.4515460" lon="9.6779788"/>
 <node id="297101663" visible="true" version="3" changeset="737455" timestamp="2009-01-05T16:16:08Z" user="Ray_K" uid="88370" lat="53.4517915" lon="9.6780696"/>
 <node id="297101665" visible="true" version="2" changeset="737455" timestamp="2009-01-05T16:16:08Z" user="Ray_K" uid="88370" lat="53.4517862" lon="9.6786194"/>
 <node id="297101667" visible="true" version="3" changeset="737455" timestamp="2009-01-05T16:16:08Z" user="Ray_K" uid="88370" lat="53.4512067" lon="9.6812994"/>
 <node id="297101669" visible="true" version="2" changeset="737455" timestamp="2009-01-05T16:16:09Z" user="Ray_K" uid="88370" lat="53.4514820" lon="9.6813258"/>
 <node id="297101670" visible="true" version="2" changeset="737455" timestamp="2009-01-05T16:16:09Z" user="Ray_K" uid="88370" lat="53.4516902" lon="9.6813738"/>
 <node id="297101672" visible="true" version="2" changeset="737455" timestamp="2009-01-05T16:16:09Z" user="Ray_K" uid="88370" lat="53.4521386" lon="9.6819023"/>
 <node id="297101674" visible="true" version="2" changeset="737455" timestamp="2009-01-05T16:16:09Z" user="Ray_K" uid="88370" lat="53.4528912" lon="9.6819504"/>
 <node id="297101675" visible="true" version="1" changeset="643242" timestamp="2008-09-14T23:59:59Z" user="nilsl" uid="39361" lat="53.4543646" lon="9.6822226"/>
 <node id="297101678" visible="true" version="1" changeset="643242" timestamp="2008-09-14T23:59:59Z" user="nilsl" uid="39361" lat="53.4548610" lon="9.6829913"/>
 <node id="297101681" visible="true" version="1" changeset="643242" timestamp="2008-09-15T00:00:00Z" user="nilsl" uid="39361" lat="53.4552133" lon="9.6832795"/>
 <node id="297101683" visible="true" version="1" changeset="643242" timestamp="2008-09-15T00:00:00Z" user="nilsl" uid="39361" lat="53.4554055" lon="9.6831835"/>
 <node id="297101685" visible="true" version="3" changeset="16950434" timestamp="2013-07-14T15:12:42Z" user="slhh" uid="527116" lat="53.4559347" lon="9.6794604"/>
 <node id="297101689" visible="true" version="3" changeset="16950434" timestamp="2013-07-14T15:12:42Z" user="slhh" uid="527116" lat="53.4567868" lon="9.6799052"/>
 <node id="297101691" visible="true" version="1" changeset="643242" timestamp="2008-09-15T00:00:01Z" user="nilsl" uid="39361" lat="53.4568948" lon="9.6804610"/>
 <node id="297101692" visible="true" version="1" changeset="643242" timestamp="2008-09-15T00:00:01Z" user="nilsl" uid="39361" lat="53.4568147" lon="9.6819824"/>
 <node id="297101694" visible="true" version="1" changeset="643242" timestamp="2008-09-15T00:00:01Z" user="nilsl" uid="39361" lat="53.4568788" lon="9.6839682"/>
 <node id="297101696" visible="true" version="1" changeset="643242" timestamp="2008-09-15T00:00:02Z" user="nilsl" uid="39361" lat="53.4571323" lon="9.6848363"/>
 <node id="297101697" visible="true" version="2" changeset="17657190" timestamp="2013-09-03T16:35:48Z" user="Omegatherion" uid="75582" lat="53.4574362" lon="9.6849304"/>
 <node id="297101700" visible="true" version="1" changeset="643242" timestamp="2008-09-15T00:00:02Z" user="nilsl" uid="39361" lat="53.4576151" lon="9.6850304"/>
 <node id="297101702" visible="true" version="1" changeset="643242" timestamp="2008-09-15T00:00:02Z" user="nilsl" uid="39361" lat="53.4576886" lon="9.6850095"/>
 <node id="297101704" visible="true" version="2" changeset="134410744" timestamp="2023-04-02T11:54:38Z" user="DCA" uid="75107" lat="53.4577758" lon="9.6851412"/>
 <node id="315878985" visible="true" version="1" changeset="815899" timestamp="2008-11-30T18:02:33Z" user="LarsF" uid="56631" lat="53.4433323" lon="9.6814058"/>
 <node id="323333680" visible="true" version="1" changeset="679578" timestamp="2008-12-31T00:53:13Z" user="geofabrik_infas_import" uid="88204" lat="53.4111455" lon="9.6815544"/>
 <node id="323424828" visible="true" version="1" changeset="681591" timestamp="2008-12-31T02:47:44Z" user="geofabrik_infas_import" uid="88204" lat="53.4094096" lon="9.6766252"/>
 <node id="323438528" visible="true" version="1" changeset="681591" timestamp="2008-12-31T03:06:55Z" user="geofabrik_infas_import" uid="88204" lat="53.4120454" lon="9.6828722"/>
 <node id="323440009" visible="true" version="1" changeset="681591" timestamp="2008-12-31T03:09:10Z" user="geofabrik_infas_import" uid="88204" lat="53.4086957" lon="9.6699253"/>
 <node id="323440642" visible="true" version="1" changeset="681591" timestamp="2008-12-31T03:10:09Z" user="geofabrik_infas_import" uid="88204" lat="53.4090277" lon="9.6738027"/>
 <node id="323518391" visible="true" version="1" changeset="681978" timestamp="2008-12-31T05:07:00Z" user="geofabrik_infas_import" uid="88204" lat="53.4083907" lon="9.6710431"/>
 <node id="323525057" visible="true" version="1" changeset="681978" timestamp="2008-12-31T05:17:31Z" user="geofabrik_infas_import" uid="88204" lat="53.4112295" lon="9.6802466"/>
 <node id="323528104" visible="true" version="2" changeset="178959821" timestamp="2026-02-23T20:05:00Z" user="Ropino" uid="42123" lat="53.4114436" lon="9.6835338"/>
 <node id="323561241" visible="true" version="1" changeset="682355" timestamp="2008-12-31T06:06:57Z" user="geofabrik_infas_import" uid="88204" lat="53.4108815" lon="9.6796517"/>
 <node id="323582607" visible="true" version="1" changeset="682355" timestamp="2008-12-31T06:35:24Z" user="geofabrik_infas_import" uid="88204" lat="53.4110685" lon="9.6821543"/>
 <node id="323583685" visible="true" version="1" changeset="682355" timestamp="2008-12-31T06:36:54Z" user="geofabrik_infas_import" uid="88204" lat="53.4116484" lon="9.6827902"/>
 <node id="323650118" visible="true" version="1" changeset="683279" timestamp="2008-12-31T08:57:04Z" user="geofabrik_infas_import" uid="88204" lat="53.4085667" lon="9.6693504"/>
 <node id="323667218" visible="true" version="1" changeset="683279" timestamp="2008-12-31T09:17:14Z" user="geofabrik_infas_import" uid="88204" lat="53.4115994" lon="9.6803936"/>
 <node id="323667673" visible="true" version="1" changeset="683279" timestamp="2008-12-31T09:18:10Z" user="geofabrik_infas_import" uid="88204" lat="53.4105345" lon="9.6792468"/>
 <node id="323697865" visible="true" version="1" changeset="683279" timestamp="2008-12-31T10:01:19Z" user="geofabrik_infas_import" uid="88204" lat="53.4088677" lon="9.6683605"/>
 <node id="323715397" visible="true" version="1" changeset="683617" timestamp="2008-12-31T10:26:42Z" user="geofabrik_infas_import" uid="88204" lat="53.4102606" lon="9.6780720"/>
 <node id="323720903" visible="true" version="1" changeset="683617" timestamp="2008-12-31T10:34:29Z" user="geofabrik_infas_import" uid="88204" lat="53.4118394" lon="9.6828742"/>
 <node id="323732067" visible="true" version="1" changeset="683617" timestamp="2008-12-31T10:50:28Z" user="geofabrik_infas_import" uid="88204" lat="53.4101996" lon="9.6785649"/>
 <node id="323758379" visible="true" version="1" changeset="683617" timestamp="2008-12-31T11:21:13Z" user="geofabrik_infas_import" uid="88204" lat="53.4110045" lon="9.6819624"/>
 <node id="323773819" visible="true" version="1" changeset="683617" timestamp="2008-12-31T11:40:55Z" user="geofabrik_infas_import" uid="88204" lat="53.4114274" lon="9.6825233"/>
 <node id="323776721" visible="true" version="1" changeset="684043" timestamp="2008-12-31T11:45:19Z" user="geofabrik_infas_import" uid="88204" lat="53.4098486" lon="9.6772401"/>
 <node id="323800922" visible="true" version="1" changeset="684043" timestamp="2008-12-31T12:17:55Z" user="geofabrik_infas_import" uid="88204" lat="53.4089937" lon="9.6678876"/>
 <node id="323810184" visible="true" version="1" changeset="684043" timestamp="2008-12-31T12:30:51Z" user="geofabrik_infas_import" uid="88204" lat="53.4113135" lon="9.6824103"/>
 <node id="323824382" visible="true" version="1" changeset="684043" timestamp="2008-12-31T12:49:59Z" user="geofabrik_infas_import" uid="88204" lat="53.4084177" lon="9.6707001"/>
 <node id="323861327" visible="true" version="1" changeset="684660" timestamp="2008-12-31T13:51:58Z" user="geofabrik_infas_import" uid="88204" lat="53.4115724" lon="9.6802426"/>
 <node id="323864083" visible="true" version="1" changeset="684660" timestamp="2008-12-31T13:55:31Z" user="geofabrik_infas_import" uid="88204" lat="53.4116034" lon="9.6806286"/>
 <node id="323925514" visible="true" version="1" changeset="685687" timestamp="2008-12-31T15:19:49Z" user="geofabrik_infas_import" uid="88204" lat="53.4084177" lon="9.6713650"/>
 <node id="324033718" visible="true" version="1" changeset="686294" timestamp="2008-12-31T17:43:35Z" user="geofabrik_infas_import" uid="88204" lat="53.4115114" lon="9.6801356"/>
 <node id="324046747" visible="true" version="1" changeset="686294" timestamp="2008-12-31T18:03:26Z" user="geofabrik_infas_import" uid="88204" lat="53.4091997" lon="9.6749135"/>
 <node id="324067828" visible="true" version="2" changeset="178959821" timestamp="2026-02-23T20:05:00Z" user="Ropino" uid="42123" lat="53.4122417" lon="9.6828498"/>
 <node id="324069200" visible="true" version="1" changeset="686294" timestamp="2008-12-31T18:33:12Z" user="geofabrik_infas_import" uid="88204" lat="53.4085667" lon="9.6692424"/>
 <node id="324119698" visible="true" version="2" changeset="178959821" timestamp="2026-02-23T20:05:00Z" user="Ropino" uid="42123" lat="53.4122321" lon="9.6827933"/>
 <node id="324145023" visible="true" version="1" changeset="686883" timestamp="2008-12-31T19:56:14Z" user="geofabrik_infas_import" uid="88204" lat="53.4102636" lon="9.6787569"/>
 <node id="324156322" visible="true" version="1" changeset="694241" timestamp="2008-12-31T20:11:02Z" user="geofabrik_infas_import" uid="88204" lat="53.4122174" lon="9.6855208"/>
 <node id="325154615" visible="true" version="3" changeset="48929546" timestamp="2017-05-23T21:45:38Z" user="sundew" uid="617520" lat="53.4340218" lon="9.6651335"/>
 <node id="325154655" visible="true" version="1" changeset="721704" timestamp="2009-01-03T17:01:18Z" user="Ray_K" uid="88370" lat="53.4322060" lon="9.6653163"/>
 <node id="325154669" visible="true" version="1" changeset="721704" timestamp="2009-01-03T17:01:19Z" user="Ray_K" uid="88370" lat="53.4320090" lon="9.6656084"/>
 <node id="325154685" visible="true" version="1" changeset="721704" timestamp="2009-01-03T17:01:20Z" user="Ray_K" uid="88370" lat="53.4315810" lon="9.6659548"/>
 <node id="325154704" visible="true" version="1" changeset="721704" timestamp="2009-01-03T17:01:22Z" user="Ray_K" uid="88370" lat="53.4312142" lon="9.6661654"/>
 <node id="325154712" visible="true" version="1" changeset="721704" timestamp="2009-01-03T17:01:23Z" user="Ray_K" uid="88370" lat="53.4309289" lon="9.6661518"/>
 <node id="325154720" visible="true" version="2" changeset="135613453" timestamp="2023-05-02T12:01:21Z" user="BikeTschorsch" uid="6441004" lat="53.4306137" lon="9.6661716"/>
 <node id="325154740" visible="true" version="2" changeset="135613453" timestamp="2023-05-02T12:01:21Z" user="BikeTschorsch" uid="6441004" lat="53.4304155" lon="9.6662194"/>
 <node id="325154753" visible="true" version="1" changeset="721704" timestamp="2009-01-03T17:01:38Z" user="Ray_K" uid="88370" lat="53.4302700" lon="9.6665186"/>
 <node id="325154766" visible="true" version="1" changeset="721704" timestamp="2009-01-03T17:01:41Z" user="Ray_K" uid="88370" lat="53.4297673" lon="9.6668236"/>
 <node id="325154780" visible="true" version="2" changeset="135613453" timestamp="2023-05-02T12:01:21Z" user="BikeTschorsch" uid="6441004" lat="53.4289308" lon="9.6670933"/>
 <node id="325154796" visible="true" version="2" changeset="135613453" timestamp="2023-05-02T12:01:21Z" user="BikeTschorsch" uid="6441004" lat="53.4271301" lon="9.6679471"/>
 <node id="325154970" visible="true" version="5" changeset="19280417" timestamp="2013-12-04T22:33:39Z" user="sundew" uid="617520" lat="53.4186042" lon="9.6714967"/>
 <node id="325155009" visible="true" version="3" changeset="11255421" timestamp="2012-04-10T17:53:21Z" user="zahilb" uid="81732" lat="53.4181285" lon="9.6717528"/>
 <node id="325155025" visible="true" version="4" changeset="135613453" timestamp="2023-05-02T12:01:21Z" user="BikeTschorsch" uid="6441004" lat="53.4176178" lon="9.6719673"/>
 <node id="325155031" visible="true" version="3" changeset="135613453" timestamp="2023-05-02T12:01:21Z" user="BikeTschorsch" uid="6441004" lat="53.4170486" lon="9.6721271"/>
 <node id="325155045" visible="true" version="4" changeset="135613453" timestamp="2023-05-02T12:01:21Z" user="BikeTschorsch" uid="6441004" lat="53.4167537" lon="9.6728200"/>
 <node id="325155074" visible="true" version="4" changeset="135613453" timestamp="2023-05-02T12:01:21Z" user="BikeTschorsch" uid="6441004" lat="53.4166678" lon="9.6736023"/>
 <node id="325155089" visible="true" version="3" changeset="135613453" timestamp="2023-05-02T12:01:21Z" user="BikeTschorsch" uid="6441004" lat="53.4165146" lon="9.6741194"/>
 <node id="325155099" visible="true" version="4" changeset="135613453" timestamp="2023-05-02T12:01:21Z" user="BikeTschorsch" uid="6441004" lat="53.4158953" lon="9.6747145"/>
 <node id="325155840" visible="true" version="3" changeset="135613453" timestamp="2023-05-02T12:01:21Z" user="BikeTschorsch" uid="6441004" lat="53.4140975" lon="9.6747716"/>
 <node id="325212731" visible="true" version="2" changeset="737455" timestamp="2009-01-05T16:16:08Z" user="Ray_K" uid="88370" lat="53.4506563" lon="9.6777698"/>
 <node id="325212736" visible="true" version="1" changeset="726632" timestamp="2009-01-03T20:11:35Z" user="Ray_K" uid="88370" lat="53.4506953" lon="9.6794725"/>
 <node id="325212741" visible="true" version="1" changeset="726632" timestamp="2009-01-03T20:11:35Z" user="Ray_K" uid="88370" lat="53.4507615" lon="9.6804310"/>
 <node id="325212744" visible="true" version="1" changeset="726632" timestamp="2009-01-03T20:11:36Z" user="Ray_K" uid="88370" lat="53.4508122" lon="9.6808519"/>
 <node id="325212749" visible="true" version="1" changeset="726632" timestamp="2009-01-03T20:11:36Z" user="Ray_K" uid="88370" lat="53.4509797" lon="9.6812298"/>
 <node id="325212753" visible="true" version="2" changeset="737455" timestamp="2009-01-05T16:16:08Z" user="Ray_K" uid="88370" lat="53.4515213" lon="9.6802401"/>
 <node id="325212802" visible="true" version="2" changeset="737455" timestamp="2009-01-05T16:16:08Z" user="Ray_K" uid="88370" lat="53.4497195" lon="9.6775958"/>
 <node id="325212810" visible="true" version="1" changeset="726632" timestamp="2009-01-03T20:11:40Z" user="Ray_K" uid="88370" lat="53.4496507" lon="9.6798960"/>
 <node id="325212818" visible="true" version="2" changeset="14812524" timestamp="2013-01-27T19:21:21Z" user="sundew" uid="617520" lat="53.4488664" lon="9.6794550"/>
 <node id="325212825" visible="true" version="2" changeset="14812524" timestamp="2013-01-27T19:21:21Z" user="sundew" uid="617520" lat="53.4485872" lon="9.6790520"/>
 <node id="325212832" visible="true" version="1" changeset="726632" timestamp="2009-01-03T20:11:40Z" user="Ray_K" uid="88370" lat="53.4507184" lon="9.6808992"/>
 <node id="325212841" visible="true" version="1" changeset="726632" timestamp="2009-01-03T20:11:41Z" user="Ray_K" uid="88370" lat="53.4503364" lon="9.6805488"/>
 <node id="325212844" visible="true" version="1" changeset="726632" timestamp="2009-01-03T20:11:41Z" user="Ray_K" uid="88370" lat="53.4498214" lon="9.6802405"/>
 <node id="325212863" visible="true" version="3" changeset="17823506" timestamp="2013-09-13T20:12:31Z" user="Omegatherion" uid="75582" lat="53.4511812" lon="9.6812740"/>
 <node id="325212871" visible="true" version="2" changeset="17823506" timestamp="2013-09-13T20:12:31Z" user="Omegatherion" uid="75582" lat="53.4512941" lon="9.6806346"/>
 <node id="325212880" visible="true" version="3" changeset="17823506" timestamp="2013-09-13T20:12:31Z" user="Omegatherion" uid="75582" lat="53.4510160" lon="9.6805397"/>
 <node id="325212903" visible="true" version="2" changeset="17823506" timestamp="2013-09-13T20:12:31Z" user="Omegatherion" uid="75582" lat="53.4509914" lon="9.6812021"/>
 <node id="325212914" visible="true" version="1" changeset="726632" timestamp="2009-01-03T20:11:43Z" user="Ray_K" uid="88370" lat="53.4447615" lon="9.6774714"/>
 <node id="325212918" visible="true" version="2" changeset="15937848" timestamp="2013-05-01T19:13:53Z" user="sundew" uid="617520" lat="53.4418654" lon="9.6745889"/>
 <node id="359983767" visible="true" version="2" changeset="17823506" timestamp="2013-09-13T20:12:33Z" user="Omegatherion" uid="75582" lat="53.4384808" lon="9.6805411"/>
 <node id="359983769" visible="true" version="2" changeset="17823506" timestamp="2013-09-13T20:12:33Z" user="Omegatherion" uid="75582" lat="53.4401275" lon="9.6814022"/>
 <node id="359983770" visible="true" version="2" changeset="17823506" timestamp="2013-09-13T20:12:33Z" user="Omegatherion" uid="75582" lat="53.4402159" lon="9.6800346"/>
 <node id="359983772" visible="true" version="2" changeset="17823506" timestamp="2013-09-13T20:12:33Z" user="Omegatherion" uid="75582" lat="53.4405392" lon="9.6799622"/>
 <node id="359983774" visible="true" version="2" changeset="17823506" timestamp="2013-09-13T20:12:33Z" user="Omegatherion" uid="75582" lat="53.4406879" lon="9.6803059"/>
 <node id="359983777" visible="true" version="2" changeset="17823506" timestamp="2013-09-13T20:12:33Z" user="Omegatherion" uid="75582" lat="53.4406621" lon="9.6808631"/>
 <node id="359983781" visible="true" version="1" changeset="799800" timestamp="2009-03-13T17:36:06Z" user="Ruffi" uid="81431" lat="53.4406922" lon="9.6810875"/>
 <node id="359983783" visible="true" version="1" changeset="799800" timestamp="2009-03-13T17:36:06Z" user="Ruffi" uid="81431" lat="53.4408215" lon="9.6812937"/>
 <node id="359983785" visible="true" version="2" changeset="17823506" timestamp="2013-09-13T20:12:33Z" user="Omegatherion" uid="75582" lat="53.4407784" lon="9.6817026"/>
 <node id="359983787" visible="true" version="2" changeset="17823506" timestamp="2013-09-13T20:12:33Z" user="Omegatherion" uid="75582" lat="53.4411340" lon="9.6819161"/>
 <node id="359983789" visible="true" version="2" changeset="17823506" timestamp="2013-09-13T20:12:33Z" user="Omegatherion" uid="75582" lat="53.4413733" lon="9.6808089"/>
 <node id="359983791" visible="true" version="2" changeset="17823506" timestamp="2013-09-13T20:12:33Z" user="Omegatherion" uid="75582" lat="53.4419530" lon="9.6806243"/>
 <node id="359983793" visible="true" version="2" changeset="17823506" timestamp="2013-09-13T20:12:33Z" user="Omegatherion" uid="75582" lat="53.4420457" lon="9.6807944"/>
 <node id="359983796" visible="true" version="2" changeset="17823506" timestamp="2013-09-13T20:12:33Z" user="Omegatherion" uid="75582" lat="53.4411620" lon="9.6824516"/>
 <node id="359983798" visible="true" version="2" changeset="17823506" timestamp="2013-09-13T20:12:33Z" user="Omegatherion" uid="75582" lat="53.4419268" lon="9.6796997"/>
 <node id="359983799" visible="true" version="1" changeset="799800" timestamp="2009-03-13T17:36:07Z" user="Ruffi" uid="81431" lat="53.4420571" lon="9.6789273"/>
 <node id="359983802" visible="true" version="1" changeset="799800" timestamp="2009-03-13T17:36:07Z" user="Ruffi" uid="81431" lat="53.4415909" lon="9.6786282"/>
 <node id="359983803" visible="true" version="1" changeset="799800" timestamp="2009-03-13T17:36:07Z" user="Ruffi" uid="81431" lat="53.4415079" lon="9.6781242"/>
 <node id="359983804" visible="true" version="1" changeset="799800" timestamp="2009-03-13T17:36:08Z" user="Ruffi" uid="81431" lat="53.4413493" lon="9.6778373"/>
 <node id="359983805" visible="true" version="2" changeset="17823506" timestamp="2013-09-13T20:12:33Z" user="Omegatherion" uid="75582" lat="53.4409491" lon="9.6777566"/>
 <node id="359983806" visible="true" version="1" changeset="799800" timestamp="2009-03-13T17:36:08Z" user="Ruffi" uid="81431" lat="53.4408026" lon="9.6778332"/>
 <node id="359983807" visible="true" version="1" changeset="799800" timestamp="2009-03-13T17:36:08Z" user="Ruffi" uid="81431" lat="53.4406635" lon="9.6774604"/>
 <node id="359983809" visible="true" version="1" changeset="799800" timestamp="2009-03-13T17:36:08Z" user="Ruffi" uid="81431" lat="53.4399898" lon="9.6781148"/>
 <node id="359983812" visible="true" version="1" changeset="799800" timestamp="2009-03-13T17:36:08Z" user="Ruffi" uid="81431" lat="53.4390838" lon="9.6770867"/>
 <node id="359983813" visible="true" version="2" changeset="162093829" timestamp="2025-02-03T16:31:36Z" user="TimonBd" uid="19384887" lat="53.4391986" lon="9.6773379"/>
 <node id="359983814" visible="true" version="1" changeset="799800" timestamp="2009-03-13T17:36:09Z" user="Ruffi" uid="81431" lat="53.4397874" lon="9.6781997"/>
 <node id="359983815" visible="true" version="2" changeset="17914080" timestamp="2013-09-18T21:31:23Z" user="Omegatherion" uid="75582" lat="53.4396887" lon="9.6786445"/>
 <node id="359983816" visible="true" version="2" changeset="17914080" timestamp="2013-09-18T21:31:23Z" user="Omegatherion" uid="75582" lat="53.4396222" lon="9.6789870"/>
 <node id="359983817" visible="true" version="2" changeset="17914080" timestamp="2013-09-18T21:31:23Z" user="Omegatherion" uid="75582" lat="53.4395078" lon="9.6792927"/>
 <node id="359983818" visible="true" version="2" changeset="17914080" timestamp="2013-09-18T21:31:23Z" user="Omegatherion" uid="75582" lat="53.4394213" lon="9.6794376"/>
 <node id="359983820" visible="true" version="2" changeset="17914080" timestamp="2013-09-18T21:31:23Z" user="Omegatherion" uid="75582" lat="53.4392531" lon="9.6796252"/>
 <node id="359983821" visible="true" version="2" changeset="17914080" timestamp="2013-09-18T21:31:23Z" user="Omegatherion" uid="75582" lat="53.4391587" lon="9.6797680"/>
 <node id="359983822" visible="true" version="2" changeset="17914080" timestamp="2013-09-18T21:31:23Z" user="Omegatherion" uid="75582" lat="53.4390175" lon="9.6799215"/>
 <node id="359983823" visible="true" version="2" changeset="17914080" timestamp="2013-09-18T21:31:23Z" user="Omegatherion" uid="75582" lat="53.4387418" lon="9.6802337"/>
 <node id="359983824" visible="true" version="1" changeset="799800" timestamp="2009-03-13T17:36:10Z" user="Ruffi" uid="81431" lat="53.4385018" lon="9.6803749"/>
 <node id="359984721" visible="true" version="2" changeset="18014536" timestamp="2013-09-24T18:48:34Z" user="Omegatherion" uid="75582" lat="53.4376738" lon="9.6744088"/>
 <node id="359984727" visible="true" version="2" changeset="18014536" timestamp="2013-09-24T18:48:34Z" user="Omegatherion" uid="75582" lat="53.4378879" lon="9.6739724"/>
 <node id="359984732" visible="true" version="2" changeset="18014536" timestamp="2013-09-24T18:48:34Z" user="Omegatherion" uid="75582" lat="53.4385797" lon="9.6740975"/>
 <node id="359985719" visible="true" version="3" changeset="142133257" timestamp="2023-10-04T08:38:28Z" user="Sunsurfer89" uid="11997267" lat="53.4388210" lon="9.6905030"/>
 <node id="359988528" visible="true" version="2" changeset="135613453" timestamp="2023-05-02T12:01:21Z" user="BikeTschorsch" uid="6441004" lat="53.4243631" lon="9.6730225"/>
 <node id="359988529" visible="true" version="3" changeset="135613453" timestamp="2023-05-02T12:01:21Z" user="BikeTschorsch" uid="6441004" lat="53.4240410" lon="9.6730530"/>
 <node id="359988530" visible="true" version="3" changeset="135613453" timestamp="2023-05-02T12:01:21Z" user="BikeTschorsch" uid="6441004" lat="53.4238618" lon="9.6729911"/>
 <node id="359988531" visible="true" version="2" changeset="17823506" timestamp="2013-09-13T20:12:34Z" user="Omegatherion" uid="75582" lat="53.4236671" lon="9.6728544"/>
 <node id="359988532" visible="true" version="2" changeset="17823506" timestamp="2013-09-13T20:12:34Z" user="Omegatherion" uid="75582" lat="53.4234836" lon="9.6728051"/>
 <node id="359988534" visible="true" version="2" changeset="17823506" timestamp="2013-09-13T20:12:34Z" user="Omegatherion" uid="75582" lat="53.4224854" lon="9.6730802"/>
 <node id="359988535" visible="true" version="2" changeset="17823506" timestamp="2013-09-13T20:12:34Z" user="Omegatherion" uid="75582" lat="53.4220355" lon="9.6734225"/>
 <node id="359988536" visible="true" version="2" changeset="17823506" timestamp="2013-09-13T20:12:34Z" user="Omegatherion" uid="75582" lat="53.4213463" lon="9.6738063"/>
 <node id="359988537" visible="true" version="2" changeset="17823506" timestamp="2013-09-13T20:12:34Z" user="Omegatherion" uid="75582" lat="53.4212965" lon="9.6739546"/>
 <node id="359988539" visible="true" version="2" changeset="17823506" timestamp="2013-09-13T20:12:34Z" user="Omegatherion" uid="75582" lat="53.4211858" lon="9.6745084"/>
 <node id="359988540" visible="true" version="2" changeset="17823506" timestamp="2013-09-13T20:12:34Z" user="Omegatherion" uid="75582" lat="53.4209549" lon="9.6748100"/>
 <node id="359988541" visible="true" version="2" changeset="17823506" timestamp="2013-09-13T20:12:34Z" user="Omegatherion" uid="75582" lat="53.4206894" lon="9.6748884"/>
 <node id="359988542" visible="true" version="2" changeset="17823506" timestamp="2013-09-13T20:12:34Z" user="Omegatherion" uid="75582" lat="53.4203781" lon="9.6752022"/>
 <node id="359988544" visible="true" version="2" changeset="17823506" timestamp="2013-09-13T20:12:34Z" user="Omegatherion" uid="75582" lat="53.4198193" lon="9.6754668"/>
 <node id="359988547" visible="true" version="2" changeset="17823506" timestamp="2013-09-13T20:12:34Z" user="Omegatherion" uid="75582" lat="53.4196079" lon="9.6753416"/>
 <node id="359988548" visible="true" version="2" changeset="17823506" timestamp="2013-09-13T20:12:34Z" user="Omegatherion" uid="75582" lat="53.4194184" lon="9.6751799"/>
 <node id="359988549" visible="true" version="2" changeset="17823506" timestamp="2013-09-13T20:12:34Z" user="Omegatherion" uid="75582" lat="53.4190407" lon="9.6748717"/>
 <node id="359988550" visible="true" version="2" changeset="17823506" timestamp="2013-09-13T20:12:34Z" user="Omegatherion" uid="75582" lat="53.4188332" lon="9.6748503"/>
 <node id="359988552" visible="true" version="1" changeset="799800" timestamp="2009-03-13T17:54:39Z" user="Ruffi" uid="81431" lat="53.4186319" lon="9.6750322"/>
 <node id="359988553" visible="true" version="2" changeset="17823506" timestamp="2013-09-13T20:12:34Z" user="Omegatherion" uid="75582" lat="53.4185801" lon="9.6751472"/>
 <node id="359988554" visible="true" version="2" changeset="17823506" timestamp="2013-09-13T20:12:34Z" user="Omegatherion" uid="75582" lat="53.4185462" lon="9.6753597"/>
 <node id="359988555" visible="true" version="2" changeset="17823506" timestamp="2013-09-13T20:12:35Z" user="Omegatherion" uid="75582" lat="53.4185942" lon="9.6758261"/>
 <node id="359988556" visible="true" version="2" changeset="17823506" timestamp="2013-09-13T20:12:35Z" user="Omegatherion" uid="75582" lat="53.4185058" lon="9.6762782"/>
 <node id="359988557" visible="true" version="2" changeset="17823506" timestamp="2013-09-13T20:12:35Z" user="Omegatherion" uid="75582" lat="53.4183480" lon="9.6771856"/>
 <node id="359988558" visible="true" version="2" changeset="17823506" timestamp="2013-09-13T20:12:35Z" user="Omegatherion" uid="75582" lat="53.4182019" lon="9.6773074"/>
 <node id="359988559" visible="true" version="2" changeset="17823506" timestamp="2013-09-13T20:12:35Z" user="Omegatherion" uid="75582" lat="53.4178684" lon="9.6770952"/>
 <node id="359988562" visible="true" version="2" changeset="17823506" timestamp="2013-09-13T20:12:35Z" user="Omegatherion" uid="75582" lat="53.4177252" lon="9.6773233"/>
 <node id="359988564" visible="true" version="2" changeset="17823506" timestamp="2013-09-13T20:12:35Z" user="Omegatherion" uid="75582" lat="53.4176611" lon="9.6787459"/>
 <node id="359988565" visible="true" version="2" changeset="17823506" timestamp="2013-09-13T20:12:35Z" user="Omegatherion" uid="75582" lat="53.4174981" lon="9.6789190"/>
 <node id="359988567" visible="true" version="2" changeset="17823506" timestamp="2013-09-13T20:12:35Z" user="Omegatherion" uid="75582" lat="53.4172154" lon="9.6790616"/>
 <node id="359988569" visible="true" version="2" changeset="17823506" timestamp="2013-09-13T20:12:35Z" user="Omegatherion" uid="75582" lat="53.4170086" lon="9.6793248"/>
 <node id="359988570" visible="true" version="2" changeset="17823506" timestamp="2013-09-13T20:12:35Z" user="Omegatherion" uid="75582" lat="53.4168363" lon="9.6794514"/>
 <node id="359988571" visible="true" version="2" changeset="17823506" timestamp="2013-09-13T20:12:35Z" user="Omegatherion" uid="75582" lat="53.4165423" lon="9.6794952"/>
 <node id="359988572" visible="true" version="2" changeset="17823506" timestamp="2013-09-13T20:12:35Z" user="Omegatherion" uid="75582" lat="53.4159351" lon="9.6792405"/>
 <node id="359988573" visible="true" version="2" changeset="17823506" timestamp="2013-09-13T20:12:35Z" user="Omegatherion" uid="75582" lat="53.4157937" lon="9.6793369"/>
 <node id="359988574" visible="true" version="1" changeset="799800" timestamp="2009-03-13T17:54:42Z" user="Ruffi" uid="81431" lat="53.4156285" lon="9.6797102"/>
 <node id="359988575" visible="true" version="3" changeset="35972453" timestamp="2015-12-15T18:10:53Z" user="Heideammer" uid="347762" lat="53.4151737" lon="9.6807212"/>
 <node id="359988576" visible="true" version="2" changeset="17823506" timestamp="2013-09-13T20:12:35Z" user="Omegatherion" uid="75582" lat="53.4149178" lon="9.6812161"/>
 <node id="359988577" visible="true" version="2" changeset="17823506" timestamp="2013-09-13T20:12:35Z" user="Omegatherion" uid="75582" lat="53.4146319" lon="9.6813462"/>
 <node id="359988578" visible="true" version="2" changeset="17823506" timestamp="2013-09-13T20:12:35Z" user="Omegatherion" uid="75582" lat="53.4144659" lon="9.6814847"/>
 <node id="359988579" visible="true" version="1" changeset="799800" timestamp="2009-03-13T17:54:43Z" user="Ruffi" uid="81431" lat="53.4142941" lon="9.6818072"/>
 <node id="359988580" visible="true" version="2" changeset="17823506" timestamp="2013-09-13T20:12:35Z" user="Omegatherion" uid="75582" lat="53.4140890" lon="9.6822289"/>
 <node id="359988581" visible="true" version="2" changeset="17823506" timestamp="2013-09-13T20:12:35Z" user="Omegatherion" uid="75582" lat="53.4140054" lon="9.6829350"/>
 <node id="359988582" visible="true" version="1" changeset="799800" timestamp="2009-03-13T17:54:44Z" user="Ruffi" uid="81431" lat="53.4139056" lon="9.6833622"/>
 <node id="359988583" visible="true" version="1" changeset="799800" timestamp="2009-03-13T17:54:44Z" user="Ruffi" uid="81431" lat="53.4138672" lon="9.6835687"/>
 <node id="359988585" visible="true" version="2" changeset="17823506" timestamp="2013-09-13T20:12:35Z" user="Omegatherion" uid="75582" lat="53.4136925" lon="9.6835483"/>
 <node id="388182157" visible="true" version="2" changeset="69849616" timestamp="2019-05-03T15:51:14Z" user="usernamex91" uid="9851549" lat="53.4551500" lon="9.6844860"/>
 <node id="388182158" visible="true" version="2" changeset="69849616" timestamp="2019-05-03T15:51:14Z" user="usernamex91" uid="9851549" lat="53.4556241" lon="9.6850246"/>
 <node id="388182161" visible="true" version="2" changeset="69849616" timestamp="2019-05-03T15:51:14Z" user="usernamex91" uid="9851549" lat="53.4556453" lon="9.6853268"/>
 <node id="388182163" visible="true" version="1" changeset="1035862" timestamp="2009-05-01T13:13:31Z" user="nilsl" uid="39361" lat="53.4554341" lon="9.6857510"/>
 <node id="388182165" visible="true" version="2" changeset="69849616" timestamp="2019-05-03T15:51:14Z" user="usernamex91" uid="9851549" lat="53.4553951" lon="9.6859422"/>
 <node id="388182168" visible="true" version="2" changeset="69849616" timestamp="2019-05-03T15:51:14Z" user="usernamex91" uid="9851549" lat="53.4555846" lon="9.6863763"/>
 <node id="388182170" visible="true" version="2" changeset="69849616" timestamp="2019-05-03T15:51:14Z" user="usernamex91" uid="9851549" lat="53.4556487" lon="9.6866052"/>
 <node id="388182172" visible="true" version="2" changeset="69849616" timestamp="2019-05-03T15:51:14Z" user="usernamex91" uid="9851549" lat="53.4557740" lon="9.6868085"/>
 <node id="388182175" visible="true" version="2" changeset="69849616" timestamp="2019-05-03T15:51:14Z" user="usernamex91" uid="9851549" lat="53.4560794" lon="9.6869755"/>
 <node id="388439958" visible="true" version="4" changeset="105085527" timestamp="2021-05-21T11:15:09Z" user="Heideammer" uid="347762" lat="53.4400661" lon="9.7126300"/>
 <node id="388439963" visible="true" version="4" changeset="30341634" timestamp="2015-04-19T21:03:13Z" user="Omegatherion" uid="75582" lat="53.4398660" lon="9.7058422"/>
 <node id="388439964" visible="true" version="3" changeset="17823506" timestamp="2013-09-13T20:12:36Z" user="Omegatherion" uid="75582" lat="53.4413885" lon="9.7065028"/>
 <node id="388439966" visible="true" version="3" changeset="17823506" timestamp="2013-09-13T20:12:36Z" user="Omegatherion" uid="75582" lat="53.4433570" lon="9.6929911"/>
 <node id="388439971" visible="true" version="2" changeset="17823506" timestamp="2013-09-13T20:12:36Z" user="Omegatherion" uid="75582" lat="53.4375508" lon="9.6880156"/>
 <node id="388439982" visible="true" version="3" changeset="30341634" timestamp="2015-04-19T21:03:13Z" user="Omegatherion" uid="75582" lat="53.4394504" lon="9.6920469"/>
 <node id="388439984" visible="true" version="2" changeset="17823506" timestamp="2013-09-13T20:12:36Z" user="Omegatherion" uid="75582" lat="53.4400160" lon="9.6919916"/>
 <node id="388439985" visible="true" version="2" changeset="17823506" timestamp="2013-09-13T20:12:36Z" user="Omegatherion" uid="75582" lat="53.4402548" lon="9.6919834"/>
 <node id="388440004" visible="true" version="3" changeset="19426312" timestamp="2013-12-13T07:27:05Z" user="user_1418319" uid="1418319" lat="53.4469477" lon="9.6892483"/>
 <node id="388440006" visible="true" version="2" changeset="17823506" timestamp="2013-09-13T20:12:37Z" user="Omegatherion" uid="75582" lat="53.4458235" lon="9.6834355"/>
 <node id="388440007" visible="true" version="2" changeset="17823506" timestamp="2013-09-13T20:12:37Z" user="Omegatherion" uid="75582" lat="53.4458889" lon="9.6836740"/>
 <node id="388440008" visible="true" version="2" changeset="17823506" timestamp="2013-09-13T20:12:37Z" user="Omegatherion" uid="75582" lat="53.4461805" lon="9.6838823"/>
 <node id="388440010" visible="true" version="2" changeset="17914080" timestamp="2013-09-18T21:31:24Z" user="Omegatherion" uid="75582" lat="53.4467639" lon="9.6846301"/>
 <node id="388440011" visible="true" version="2" changeset="17914080" timestamp="2013-09-18T21:31:24Z" user="Omegatherion" uid="75582" lat="53.4469073" lon="9.6847757"/>
 <node id="388440012" visible="true" version="2" changeset="17914080" timestamp="2013-09-18T21:31:24Z" user="Omegatherion" uid="75582" lat="53.4470971" lon="9.6846186"/>
 <node id="388440033" visible="true" version="3" changeset="69849616" timestamp="2019-05-03T15:51:13Z" user="usernamex91" uid="9851549" lat="53.4478678" lon="9.6920060"/>
 <node id="388440034" visible="true" version="2" changeset="44456670" timestamp="2016-12-16T20:46:59Z" user="Omegatherion" uid="75582" lat="53.4534267" lon="9.6947713"/>
 <node id="388440035" visible="true" version="4" changeset="69849616" timestamp="2019-05-03T15:51:14Z" user="usernamex91" uid="9851549" lat="53.4538334" lon="9.6948505"/>
 <node id="388440036" visible="true" version="5" changeset="44456670" timestamp="2016-12-16T20:46:59Z" user="Omegatherion" uid="75582" lat="53.4542649" lon="9.6955472"/>
 <node id="388440044" visible="true" version="2" changeset="17823506" timestamp="2013-09-13T20:12:37Z" user="Omegatherion" uid="75582" lat="53.4551165" lon="9.6957792"/>
 <node id="388440071" visible="true" version="2" changeset="16159791" timestamp="2013-05-16T22:05:05Z" user="sundew" uid="617520" lat="53.4602717" lon="9.6928687"/>
 <node id="388440074" visible="true" version="2" changeset="16159791" timestamp="2013-05-16T22:05:05Z" user="sundew" uid="617520" lat="53.4607753" lon="9.6925124"/>
 <node id="388440075" visible="true" version="3" changeset="16159791" timestamp="2013-05-16T22:05:05Z" user="sundew" uid="617520" lat="53.4612114" lon="9.6924749"/>
 <node id="388440077" visible="true" version="1" changeset="1043282" timestamp="2009-05-02T00:38:17Z" user="nilsl" uid="39361" lat="53.4497583" lon="9.6838970"/>
 <node id="388440079" visible="true" version="1" changeset="1043282" timestamp="2009-05-02T00:38:17Z" user="nilsl" uid="39361" lat="53.4493462" lon="9.6841782"/>
 <node id="388440081" visible="true" version="1" changeset="1043282" timestamp="2009-05-02T00:38:17Z" user="nilsl" uid="39361" lat="53.4490333" lon="9.6848061"/>
 <node id="388440083" visible="true" version="1" changeset="1043282" timestamp="2009-05-02T00:38:17Z" user="nilsl" uid="39361" lat="53.4488087" lon="9.6851573"/>
 <node id="388440084" visible="true" version="2" changeset="17914080" timestamp="2013-09-18T21:31:24Z" user="Omegatherion" uid="75582" lat="53.4485609" lon="9.6851910"/>
 <node id="388440086" visible="true" version="2" changeset="17914080" timestamp="2013-09-18T21:31:24Z" user="Omegatherion" uid="75582" lat="53.4483498" lon="9.6852459"/>
 <node id="388440088" visible="true" version="2" changeset="17914080" timestamp="2013-09-18T21:31:24Z" user="Omegatherion" uid="75582" lat="53.4481593" lon="9.6853181"/>
 <node id="388440090" visible="true" version="2" changeset="14812524" timestamp="2013-01-27T19:21:21Z" user="sundew" uid="617520" lat="53.4464331" lon="9.6825957"/>
 <node id="388440091" visible="true" version="2" changeset="14812524" timestamp="2013-01-27T19:21:21Z" user="sundew" uid="617520" lat="53.4465752" lon="9.6820426"/>
 <node id="388440095" visible="true" version="2" changeset="14812524" timestamp="2013-01-27T19:21:22Z" user="sundew" uid="617520" lat="53.4465303" lon="9.6812841"/>
 <node id="388440097" visible="true" version="2" changeset="14812524" timestamp="2013-01-27T19:21:22Z" user="sundew" uid="617520" lat="53.4465048" lon="9.6807741"/>
 <node id="388440098" visible="true" version="2" changeset="14812524" timestamp="2013-01-27T19:21:22Z" user="sundew" uid="617520" lat="53.4464209" lon="9.6803621"/>
 <node id="388440101" visible="true" version="2" changeset="14812524" timestamp="2013-01-27T19:21:22Z" user="sundew" uid="617520" lat="53.4463247" lon="9.6801713"/>
 <node id="388440102" visible="true" version="2" changeset="14812524" timestamp="2013-01-27T19:21:22Z" user="sundew" uid="617520" lat="53.4459499" lon="9.6798553"/>
 <node id="388440104" visible="true" version="2" changeset="14812524" timestamp="2013-01-27T19:21:22Z" user="sundew" uid="617520" lat="53.4455805" lon="9.6797106"/>
 <node id="388440106" visible="true" version="3" changeset="17823506" timestamp="2013-09-13T20:12:37Z" user="Omegatherion" uid="75582" lat="53.4453096" lon="9.6797124"/>
 <node id="388440108" visible="true" version="3" changeset="17823506" timestamp="2013-09-13T20:12:37Z" user="Omegatherion" uid="75582" lat="53.4448768" lon="9.6798371"/>
 <node id="388440110" visible="true" version="2" changeset="17823506" timestamp="2013-09-13T20:12:37Z" user="Omegatherion" uid="75582" lat="53.4447127" lon="9.6800782"/>
 <node id="388440111" visible="true" version="2" changeset="17823506" timestamp="2013-09-13T20:12:37Z" user="Omegatherion" uid="75582" lat="53.4439955" lon="9.6801783"/>
 <node id="388440113" visible="true" version="3" changeset="17823506" timestamp="2013-09-13T20:12:37Z" user="Omegatherion" uid="75582" lat="53.4435872" lon="9.6800717"/>
 <node id="388440115" visible="true" version="2" changeset="17823506" timestamp="2013-09-13T20:12:37Z" user="Omegatherion" uid="75582" lat="53.4435842" lon="9.6799834"/>
 <node id="388440119" visible="true" version="2" changeset="17823506" timestamp="2013-09-13T20:12:38Z" user="Omegatherion" uid="75582" lat="53.4432520" lon="9.6801260"/>
 <node id="388440123" visible="true" version="2" changeset="17823506" timestamp="2013-09-13T20:12:38Z" user="Omegatherion" uid="75582" lat="53.4429675" lon="9.6802308"/>
 <node id="388440127" visible="true" version="2" changeset="17823506" timestamp="2013-09-13T20:12:38Z" user="Omegatherion" uid="75582" lat="53.4428367" lon="9.6801394"/>
 <node id="388440133" visible="true" version="2" changeset="17823506" timestamp="2013-09-13T20:12:38Z" user="Omegatherion" uid="75582" lat="53.4427917" lon="9.6799613"/>
 <node id="388440135" visible="true" version="2" changeset="17823506" timestamp="2013-09-13T20:12:38Z" user="Omegatherion" uid="75582" lat="53.4418962" lon="9.6798383"/>
 <node id="388440137" visible="true" version="2" changeset="17823506" timestamp="2013-09-13T20:12:38Z" user="Omegatherion" uid="75582" lat="53.4425635" lon="9.6802443"/>
 <node id="388440139" visible="true" version="2" changeset="17823506" timestamp="2013-09-13T20:12:38Z" user="Omegatherion" uid="75582" lat="53.4422090" lon="9.6807380"/>
 <node id="388440140" visible="true" version="2" changeset="17823506" timestamp="2013-09-13T20:12:38Z" user="Omegatherion" uid="75582" lat="53.4424651" lon="9.6804322"/>
 <node id="388440142" visible="true" version="2" changeset="17823506" timestamp="2013-09-13T20:12:38Z" user="Omegatherion" uid="75582" lat="53.4423236" lon="9.6807165"/>
 <node id="388440144" visible="true" version="2" changeset="17823506" timestamp="2013-09-13T20:12:38Z" user="Omegatherion" uid="75582" lat="53.4423567" lon="9.6808404"/>
 <node id="388440146" visible="true" version="2" changeset="17823506" timestamp="2013-09-13T20:12:38Z" user="Omegatherion" uid="75582" lat="53.4423435" lon="9.6808522"/>
 <node id="388440149" visible="true" version="2" changeset="17823506" timestamp="2013-09-13T20:12:38Z" user="Omegatherion" uid="75582" lat="53.4423052" lon="9.6810335"/>
 <node id="388440161" visible="true" version="1" changeset="1043282" timestamp="2009-05-02T00:38:17Z" user="nilsl" uid="39361" lat="53.4422900" lon="9.6810194"/>
 <node id="388440163" visible="true" version="2" changeset="17823506" timestamp="2013-09-13T20:12:38Z" user="Omegatherion" uid="75582" lat="53.4424218" lon="9.6811721"/>
 <node id="388440165" visible="true" version="2" changeset="17823506" timestamp="2013-09-13T20:12:38Z" user="Omegatherion" uid="75582" lat="53.4423375" lon="9.6814574"/>
 <node id="388440167" visible="true" version="2" changeset="17823506" timestamp="2013-09-13T20:12:38Z" user="Omegatherion" uid="75582" lat="53.4424853" lon="9.6814194"/>
 <node id="388440168" visible="true" version="2" changeset="17823506" timestamp="2013-09-13T20:12:38Z" user="Omegatherion" uid="75582" lat="53.4421509" lon="9.6813452"/>
 <node id="388440170" visible="true" version="2" changeset="17823506" timestamp="2013-09-13T20:12:38Z" user="Omegatherion" uid="75582" lat="53.4425394" lon="9.6816627"/>
 <node id="388440172" visible="true" version="2" changeset="17823506" timestamp="2013-09-13T20:12:38Z" user="Omegatherion" uid="75582" lat="53.4423945" lon="9.6816305"/>
 <node id="388440175" visible="true" version="2" changeset="17823506" timestamp="2013-09-13T20:12:38Z" user="Omegatherion" uid="75582" lat="53.4423571" lon="9.6816424"/>
 <node id="388440176" visible="true" version="2" changeset="17823506" timestamp="2013-09-13T20:12:38Z" user="Omegatherion" uid="75582" lat="53.4414407" lon="9.6828366"/>
 <node id="388440178" visible="true" version="1" changeset="1043282" timestamp="2009-05-02T00:38:18Z" user="nilsl" uid="39361" lat="53.4416659" lon="9.6831248"/>
 <node id="388440180" visible="true" version="1" changeset="1043282" timestamp="2009-05-02T00:38:18Z" user="nilsl" uid="39361" lat="53.4414154" lon="9.6834274"/>
 <node id="388440182" visible="true" version="2" changeset="17823506" timestamp="2013-09-13T20:12:38Z" user="Omegatherion" uid="75582" lat="53.4428680" lon="9.6795800"/>
 <node id="388440184" visible="true" version="2" changeset="17823506" timestamp="2013-09-13T20:12:38Z" user="Omegatherion" uid="75582" lat="53.4429360" lon="9.6791126"/>
 <node id="388440186" visible="true" version="3" changeset="35969404" timestamp="2015-12-15T15:39:49Z" user="Heideammer" uid="347762" lat="53.4428932" lon="9.6788369"/>
 <node id="388440188" visible="true" version="2" changeset="17823506" timestamp="2013-09-13T20:12:38Z" user="Omegatherion" uid="75582" lat="53.4427361" lon="9.6785843"/>
 <node id="388440202" visible="true" version="3" changeset="69852285" timestamp="2019-05-03T16:39:48Z" user="usernamex91" uid="9851549" lat="53.4560779" lon="9.6751150"/>
 <node id="388440206" visible="true" version="3" changeset="69852285" timestamp="2019-05-03T16:39:48Z" user="usernamex91" uid="9851549" lat="53.4554302" lon="9.6748022"/>
 <node id="388440311" visible="true" version="3" changeset="69849616" timestamp="2019-05-03T15:51:13Z" user="usernamex91" uid="9851549" lat="53.4467645" lon="9.6926875"/>
 <node id="388440313" visible="true" version="3" changeset="69849616" timestamp="2019-05-03T15:51:13Z" user="usernamex91" uid="9851549" lat="53.4462181" lon="9.6934719"/>
 <node id="465238114" visible="true" version="3" changeset="4266725" timestamp="2010-03-29T12:01:04Z" user="nairda" uid="177645" lat="53.4539872" lon="9.6824460"/>
 <node id="465238115" visible="true" version="4" changeset="14812524" timestamp="2013-01-27T19:40:28Z" user="sundew" uid="617520" lat="53.4538624" lon="9.6823281"/>
 <node id="465238116" visible="true" version="4" changeset="14812524" timestamp="2013-01-27T19:40:28Z" user="sundew" uid="617520" lat="53.4541564" lon="9.6816666"/>
 <node id="465238117" visible="true" version="4" changeset="14812524" timestamp="2013-01-27T19:40:28Z" user="sundew" uid="617520" lat="53.4537586" lon="9.6819666"/>
 <node id="465238118" visible="true" version="4" changeset="14812524" timestamp="2013-01-27T19:40:28Z" user="sundew" uid="617520" lat="53.4534798" lon="9.6823281"/>
 <node id="465238119" visible="true" version="4" changeset="14812524" timestamp="2013-01-27T19:40:28Z" user="sundew" uid="617520" lat="53.4534496" lon="9.6824636"/>
 <node id="465238120" visible="true" version="4" changeset="14812524" timestamp="2013-01-27T19:40:28Z" user="sundew" uid="617520" lat="53.4538859" lon="9.6826578"/>
 <node id="465238121" visible="true" version="2" changeset="10772227" timestamp="2012-02-23T20:28:17Z" user="Ropino" uid="42123" lat="53.4565463" lon="9.6765901"/>
 <node id="465238125" visible="true" version="2" changeset="16950434" timestamp="2013-07-14T15:12:42Z" user="slhh" uid="527116" lat="53.4566636" lon="9.6798380"/>
 <node id="469842345" visible="true" version="3" changeset="19280417" timestamp="2013-12-04T22:33:39Z" user="sundew" uid="617520" lat="53.4191578" lon="9.6712170"/>
 <node id="469842441" visible="true" version="2" changeset="60848631" timestamp="2018-07-18T20:14:10Z" user="sundew" uid="617520" lat="53.4217656" lon="9.6766696"/>
 <node id="469842472" visible="true" version="2" changeset="135613453" timestamp="2023-05-02T12:01:21Z" user="BikeTschorsch" uid="6441004" lat="53.4285218" lon="9.6731314"/>
 <node id="469842476" visible="true" version="1" changeset="2179335" timestamp="2009-08-17T16:30:47Z" user="bergziege" uid="40115" lat="53.4294730" lon="9.6730232"/>
 <node id="469842697" visible="true" version="3" changeset="135613453" timestamp="2023-05-02T12:01:21Z" user="BikeTschorsch" uid="6441004" lat="53.4196581" lon="9.6791299"/>
 <node id="469842709" visible="true" version="1" changeset="2179335" timestamp="2009-08-17T16:31:16Z" user="bergziege" uid="40115" lat="53.4150954" lon="9.6846104"/>
 <node id="469844343" visible="true" version="1" changeset="2179335" timestamp="2009-08-17T16:37:46Z" user="bergziege" uid="40115" lat="53.4218053" lon="9.6767431"/>
 <node id="469844356" visible="true" version="1" changeset="2179335" timestamp="2009-08-17T16:37:46Z" user="bergziege" uid="40115" lat="53.4215610" lon="9.6771431"/>
 <node id="469844369" visible="true" version="1" changeset="2179335" timestamp="2009-08-17T16:37:47Z" user="bergziege" uid="40115" lat="53.4210649" lon="9.6776152"/>
 <node id="469844371" visible="true" version="1" changeset="2179335" timestamp="2009-08-17T16:37:47Z" user="bergziege" uid="40115" lat="53.4198731" lon="9.6782245"/>
 <node id="469844374" visible="true" version="2" changeset="53953111" timestamp="2017-11-20T15:42:11Z" user="friesede" uid="40595" lat="53.4197184" lon="9.6784413"/>
 <node id="469844387" visible="true" version="3" changeset="135613453" timestamp="2023-05-02T12:01:21Z" user="BikeTschorsch" uid="6441004" lat="53.4196884" lon="9.6787406"/>
 <node id="472301381" visible="true" version="2" changeset="6362565" timestamp="2010-11-13T22:16:50Z" user="Leonardozwei" uid="116410" lat="53.4422264" lon="9.6747828"/>
 <node id="507410048" visible="true" version="2" changeset="17823506" timestamp="2013-09-13T20:12:41Z" user="Omegatherion" uid="75582" lat="53.4509985" lon="9.7034476"/>
 <node id="507410051" visible="true" version="2" changeset="17823506" timestamp="2013-09-13T20:12:41Z" user="Omegatherion" uid="75582" lat="53.4503464" lon="9.7034905"/>
 <node id="507410053" visible="true" version="3" changeset="30341634" timestamp="2015-04-19T21:03:13Z" user="Omegatherion" uid="75582" lat="53.4427294" lon="9.7048746"/>
 <node id="517240166" visible="true" version="2" changeset="60848631" timestamp="2018-07-18T20:14:10Z" user="sundew" uid="617520" lat="53.4217517" lon="9.6766438"/>
 <node id="517240168" visible="true" version="2" changeset="60848631" timestamp="2018-07-18T20:14:10Z" user="sundew" uid="617520" lat="53.4219710" lon="9.6762766"/>
 <node id="517240170" visible="true" version="3" changeset="135613453" timestamp="2023-05-02T12:01:21Z" user="BikeTschorsch" uid="6441004" lat="53.4220092" lon="9.6752112"/>
 <node id="517240172" visible="true" version="2" changeset="60848631" timestamp="2018-07-18T20:14:10Z" user="sundew" uid="617520" lat="53.4224387" lon="9.6744420"/>
 <node id="517240173" visible="true" version="2" changeset="60848631" timestamp="2018-07-18T20:14:10Z" user="sundew" uid="617520" lat="53.4226842" lon="9.6743170"/>
 <node id="517240174" visible="true" version="2" changeset="60848631" timestamp="2018-07-18T20:14:10Z" user="sundew" uid="617520" lat="53.4231777" lon="9.6744366"/>
 <node id="517240176" visible="true" version="1" changeset="2708813" timestamp="2009-10-02T07:25:41Z" user="bergziege" uid="40115" lat="53.4241847" lon="9.6736803"/>
 <node id="517240180" visible="true" version="1" changeset="2708813" timestamp="2009-10-02T07:25:42Z" user="bergziege" uid="40115" lat="53.4246245" lon="9.6734829"/>
 <node id="517240182" visible="true" version="2" changeset="60848631" timestamp="2018-07-18T20:14:10Z" user="sundew" uid="617520" lat="53.4252772" lon="9.6733809"/>
 <node id="517240185" visible="true" version="2" changeset="60848631" timestamp="2018-07-18T20:14:10Z" user="sundew" uid="617520" lat="53.4263928" lon="9.6728220"/>
 <node id="517240187" visible="true" version="1" changeset="2708813" timestamp="2009-10-02T07:25:42Z" user="bergziege" uid="40115" lat="53.4266294" lon="9.6729078"/>
 <node id="517240189" visible="true" version="2" changeset="135613453" timestamp="2023-05-02T12:01:21Z" user="BikeTschorsch" uid="6441004" lat="53.4274007" lon="9.6724138"/>
 <node id="517241363" visible="true" version="1" changeset="2708858" timestamp="2009-10-02T07:32:49Z" user="bergziege" uid="40115" lat="53.4568695" lon="9.6836795"/>
 <node id="518676518" visible="true" version="2" changeset="178959821" timestamp="2026-02-23T20:05:00Z" user="Ropino" uid="42123" lat="53.4265055" lon="9.6702998"/>
 <node id="536670613" visible="true" version="3" changeset="17823506" timestamp="2013-09-13T20:12:41Z" user="Omegatherion" uid="75582" lat="53.4120887" lon="9.6826655"/>
 <node id="536677086" visible="true" version="2" changeset="17823506" timestamp="2013-09-13T20:12:41Z" user="Omegatherion" uid="75582" lat="53.4123702" lon="9.6828567"/>
 <node id="568796063" visible="true" version="1" changeset="3191408" timestamp="2009-11-22T21:59:28Z" user="nairda" uid="177645" lat="53.4568253" lon="9.6823104"/>
 <node id="573398795" visible="true" version="4" changeset="20859071" timestamp="2014-03-02T06:46:16Z" user="Omegatherion" uid="75582" lat="53.4607158" lon="9.6911154"/>
 <node id="573398796" visible="true" version="2" changeset="3249634" timestamp="2009-11-29T19:40:01Z" user="Max B" uid="51916" lat="53.4608305" lon="9.6916667"/>
 <node id="573398799" visible="true" version="2" changeset="3249634" timestamp="2009-11-29T19:40:01Z" user="Max B" uid="51916" lat="53.4609296" lon="9.6919303"/>
 <node id="573398800" visible="true" version="2" changeset="3249634" timestamp="2009-11-29T19:40:01Z" user="Max B" uid="51916" lat="53.4611431" lon="9.6920454"/>
 <node id="573398801" visible="true" version="2" changeset="3249634" timestamp="2009-11-29T19:40:01Z" user="Max B" uid="51916" lat="53.4614372" lon="9.6921117"/>
 <node id="573398802" visible="true" version="2" changeset="16159791" timestamp="2013-05-16T22:05:06Z" user="sundew" uid="617520" lat="53.4616153" lon="9.6920658"/>
 <node id="573398803" visible="true" version="4" changeset="157774066" timestamp="2024-10-11T21:30:19Z" user="BikeTschorsch" uid="6441004" lat="53.4618127" lon="9.6921085"/>
 <node id="574934247" visible="true" version="3" changeset="17247131" timestamp="2013-08-06T21:13:57Z" user="Omegatherion" uid="75582" lat="53.4596090" lon="9.6900340"/>
 <node id="574934256" visible="true" version="4" changeset="134410744" timestamp="2023-04-02T11:54:38Z" user="DCA" uid="75107" lat="53.4598310" lon="9.6901467"/>
 <node id="574934641" visible="true" version="3" changeset="17247131" timestamp="2013-08-06T21:13:57Z" user="Omegatherion" uid="75582" lat="53.4600159" lon="9.6905399"/>
 <node id="663359740" visible="true" version="5" changeset="38130930" timestamp="2016-03-28T22:00:39Z" user="hotteliene" uid="1913655" lat="53.4515570" lon="9.6949304"/>
 <node id="663359744" visible="true" version="5" changeset="42404658" timestamp="2016-09-24T12:55:25Z" user="smarties" uid="45882" lat="53.4568030" lon="9.6962410"/>
 <node id="671523009" visible="true" version="1" changeset="4193438" timestamp="2010-03-21T16:46:01Z" user="Max B" uid="51916" lat="53.4535447" lon="9.6908886"/>
 <node id="671523014" visible="true" version="2" changeset="18426705" timestamp="2013-10-18T21:57:38Z" user="Omegatherion" uid="75582" lat="53.4489599" lon="9.6903615"/>
 <node id="671523030" visible="true" version="2" changeset="69849616" timestamp="2019-05-03T15:51:14Z" user="usernamex91" uid="9851549" lat="53.4535899" lon="9.6925582"/>
 <node id="671523034" visible="true" version="1" changeset="4193438" timestamp="2010-03-21T16:46:01Z" user="Max B" uid="51916" lat="53.4504015" lon="9.6893123"/>
 <node id="671523048" visible="true" version="2" changeset="21692128" timestamp="2014-04-14T18:29:19Z" user="Omegatherion" uid="75582" lat="53.4546936" lon="9.6895220"/>
 <node id="671523072" visible="true" version="1" changeset="4193438" timestamp="2010-03-21T16:46:02Z" user="Max B" uid="51916" lat="53.4536087" lon="9.6923575"/>
 <node id="671523074" visible="true" version="2" changeset="18426705" timestamp="2013-10-18T21:57:38Z" user="Omegatherion" uid="75582" lat="53.4500702" lon="9.6895022"/>
 <node id="671523086" visible="true" version="2" changeset="21692128" timestamp="2014-04-14T18:29:19Z" user="Omegatherion" uid="75582" lat="53.4542956" lon="9.6895395"/>
 <node id="671523087" visible="true" version="1" changeset="4193438" timestamp="2010-03-21T16:46:02Z" user="Max B" uid="51916" lat="53.4521717" lon="9.6880344"/>
 <node id="671523096" visible="true" version="2" changeset="21692128" timestamp="2014-04-14T18:29:19Z" user="Omegatherion" uid="75582" lat="53.4568619" lon="9.6906408"/>
 <node id="671523107" visible="true" version="2" changeset="21692128" timestamp="2014-04-14T18:29:19Z" user="Omegatherion" uid="75582" lat="53.4558370" lon="9.6900175"/>
 <node id="671523121" visible="true" version="1" changeset="4193438" timestamp="2010-03-21T16:46:02Z" user="Max B" uid="51916" lat="53.4532655" lon="9.6888847"/>
 <node id="671523126" visible="true" version="6" changeset="140246360" timestamp="2023-08-22T20:43:24Z" user="TomJeffs" uid="6397757" lat="53.4462609" lon="9.6936339"/>
 <node id="671523147" visible="true" version="1" changeset="4193438" timestamp="2010-03-21T16:46:03Z" user="Max B" uid="51916" lat="53.4516402" lon="9.6884807"/>
 <node id="671523162" visible="true" version="2" changeset="21692128" timestamp="2014-04-14T18:29:19Z" user="Omegatherion" uid="75582" lat="53.4551676" lon="9.6896666"/>
 <node id="671523165" visible="true" version="1" changeset="4193438" timestamp="2010-03-21T16:46:03Z" user="Max B" uid="51916" lat="53.4531115" lon="9.6886561"/>
 <node id="671523182" visible="true" version="1" changeset="4193438" timestamp="2010-03-21T16:46:03Z" user="Max B" uid="51916" lat="53.4535653" lon="9.6904590"/>
 <node id="671523187" visible="true" version="1" changeset="4193438" timestamp="2010-03-21T16:46:03Z" user="Max B" uid="51916" lat="53.4473547" lon="9.6922202"/>
 <node id="671523210" visible="true" version="2" changeset="17823506" timestamp="2013-09-13T20:12:41Z" user="Omegatherion" uid="75582" lat="53.4531122" lon="9.6950673"/>
 <node id="671523213" visible="true" version="1" changeset="4193438" timestamp="2010-03-21T16:46:04Z" user="Max B" uid="51916" lat="53.4526369" lon="9.6881540"/>
 <node id="671523228" visible="true" version="2" changeset="21692128" timestamp="2014-04-14T18:29:19Z" user="Omegatherion" uid="75582" lat="53.4568438" lon="9.6907205">
  <tag k="barrier" v="gate"/>
  <tag k="bicycle" v="no"/>
  <tag k="foot" v="no"/>
 </node>
 <node id="671523235" visible="true" version="1" changeset="4193438" timestamp="2010-03-21T16:46:04Z" user="Max B" uid="51916" lat="53.4535276" lon="9.6900177"/>
 <node id="671523247" visible="true" version="1" changeset="4193438" timestamp="2010-03-21T16:46:04Z" user="Max B" uid="51916" lat="53.4535858" lon="9.6914370"/>
 <node id="671523249" visible="true" version="2" changeset="18426705" timestamp="2013-10-18T21:57:38Z" user="Omegatherion" uid="75582" lat="53.4495070" lon="9.6897664"/>
 <node id="1093877135" visible="true" version="2" changeset="17823506" timestamp="2013-09-13T20:12:09Z" user="Omegatherion" uid="75582" lat="53.4494264" lon="9.7003127"/>
 <node id="1093877156" visible="true" version="2" changeset="17823506" timestamp="2013-09-13T20:12:09Z" user="Omegatherion" uid="75582" lat="53.4457772" lon="9.6970883"/>
 <node id="1093877177" visible="true" version="1" changeset="6914055" timestamp="2011-01-09T11:51:06Z" user="dieter_meierhof" uid="207908" lat="53.4480663" lon="9.6964441"/>
 <node id="1093877186" visible="true" version="2" changeset="17823506" timestamp="2013-09-13T20:12:09Z" user="Omegatherion" uid="75582" lat="53.4507808" lon="9.6965711"/>
 <node id="1093877198" visible="true" version="1" changeset="6914055" timestamp="2011-01-09T11:51:06Z" user="dieter_meierhof" uid="207908" lat="53.4500725" lon="9.6961651"/>
 <node id="1093877203" visible="true" version="3" changeset="69849616" timestamp="2019-05-03T15:51:13Z" user="usernamex91" uid="9851549" lat="53.4469984" lon="9.7023438"/>
 <node id="1093877205" visible="true" version="3" changeset="69849616" timestamp="2019-05-03T15:51:13Z" user="usernamex91" uid="9851549" lat="53.4470668" lon="9.7040555"/>
 <node id="1093877208" visible="true" version="2" changeset="17823506" timestamp="2013-09-13T20:12:09Z" user="Omegatherion" uid="75582" lat="53.4479487" lon="9.7021234"/>
 <node id="1093877209" visible="true" version="2" changeset="17823506" timestamp="2013-09-13T20:12:09Z" user="Omegatherion" uid="75582" lat="53.4479270" lon="9.7017015"/>
 <node id="1093877210" visible="true" version="2" changeset="17823506" timestamp="2013-09-13T20:12:09Z" user="Omegatherion" uid="75582" lat="53.4485768" lon="9.7011178"/>
 <node id="1093877243" visible="true" version="2" changeset="17823506" timestamp="2013-09-13T20:12:09Z" user="Omegatherion" uid="75582" lat="53.4485854" lon="9.7015190"/>
 <node id="1093877262" visible="true" version="2" changeset="17823506" timestamp="2013-09-13T20:12:09Z" user="Omegatherion" uid="75582" lat="53.4441637" lon="9.7001977"/>
 <node id="1093877293" visible="true" version="2" changeset="17823506" timestamp="2013-09-13T20:12:09Z" user="Omegatherion" uid="75582" lat="53.4508679" lon="9.6996809"/>
 <node id="1093877310" visible="true" version="2" changeset="17823506" timestamp="2013-09-13T20:12:10Z" user="Omegatherion" uid="75582" lat="53.4440184" lon="9.7045667"/>
 <node id="1093877320" visible="true" version="3" changeset="17823506" timestamp="2013-09-13T20:12:10Z" user="Omegatherion" uid="75582" lat="53.4462918" lon="9.6941512"/>
 <node id="1093877321" visible="true" version="1" changeset="6914055" timestamp="2011-01-09T11:51:08Z" user="dieter_meierhof" uid="207908" lat="53.4506859" lon="9.6962080"/>
 <node id="1093877323" visible="true" version="1" changeset="6914055" timestamp="2011-01-09T11:51:08Z" user="dieter_meierhof" uid="207908" lat="53.4477851" lon="9.6955643"/>
 <node id="1093910605" visible="true" version="2" changeset="21313816" timestamp="2014-03-25T21:19:38Z" user="Omegatherion" uid="75582" lat="53.4538651" lon="9.7025310"/>
 <node id="1093910609" visible="true" version="1" changeset="6914055" timestamp="2011-01-09T12:02:38Z" user="dieter_meierhof" uid="207908" lat="53.4583902" lon="9.7028808"/>
 <node id="1093910652" visible="true" version="1" changeset="6914055" timestamp="2011-01-09T12:02:39Z" user="dieter_meierhof" uid="207908" lat="53.4572979" lon="9.7047364"/>
 <node id="1093910656" visible="true" version="1" changeset="6914055" timestamp="2011-01-09T12:02:39Z" user="dieter_meierhof" uid="207908" lat="53.4586522" lon="9.7022693"/>
 <node id="1093910657" visible="true" version="1" changeset="6914055" timestamp="2011-01-09T12:02:39Z" user="dieter_meierhof" uid="207908" lat="53.4575151" lon="9.7052192"/>
 <node id="1093910660" visible="true" version="1" changeset="6914055" timestamp="2011-01-09T12:02:39Z" user="dieter_meierhof" uid="207908" lat="53.4522254" lon="9.7023551"/>
 <node id="1093910720" visible="true" version="1" changeset="6914055" timestamp="2011-01-09T12:02:40Z" user="dieter_meierhof" uid="207908" lat="53.4517398" lon="9.7016256"/>
 <node id="1093910727" visible="true" version="1" changeset="6914055" timestamp="2011-01-09T12:02:40Z" user="dieter_meierhof" uid="207908" lat="53.4541612" lon="9.7039210"/>
 <node id="1093910741" visible="true" version="1" changeset="6914055" timestamp="2011-01-09T12:02:40Z" user="dieter_meierhof" uid="207908" lat="53.4558733" lon="9.7006922"/>
 <node id="1093910746" visible="true" version="1" changeset="6914055" timestamp="2011-01-09T12:02:40Z" user="dieter_meierhof" uid="207908" lat="53.4561224" lon="9.6989004"/>
 <node id="1093910770" visible="true" version="1" changeset="6914055" timestamp="2011-01-09T12:02:41Z" user="dieter_meierhof" uid="207908" lat="53.4563652" lon="9.7070002"/>
 <node id="1093910777" visible="true" version="1" changeset="6914055" timestamp="2011-01-09T12:02:41Z" user="dieter_meierhof" uid="207908" lat="53.4574767" lon="9.7002308"/>
 <node id="1093910780" visible="true" version="1" changeset="6914055" timestamp="2011-01-09T12:02:41Z" user="dieter_meierhof" uid="207908" lat="53.4565313" lon="9.7058951"/>
 <node id="1093910786" visible="true" version="2" changeset="21313816" timestamp="2014-03-25T21:19:38Z" user="Omegatherion" uid="75582" lat="53.4530704" lon="9.7020402"/>
 <node id="1093910790" visible="true" version="1" changeset="6914055" timestamp="2011-01-09T12:02:41Z" user="dieter_meierhof" uid="207908" lat="53.4557072" lon="9.7045326"/>
 <node id="1093910793" visible="true" version="1" changeset="6914055" timestamp="2011-01-09T12:02:41Z" user="dieter_meierhof" uid="207908" lat="53.4561544" lon="9.7065067"/>
 <node id="1093910795" visible="true" version="1" changeset="6914055" timestamp="2011-01-09T12:02:41Z" user="dieter_meierhof" uid="207908" lat="53.4557647" lon="9.7043502"/>
 <node id="1093910858" visible="true" version="1" changeset="6914055" timestamp="2011-01-09T12:02:42Z" user="dieter_meierhof" uid="207908" lat="53.4568251" lon="9.6990721"/>
 <node id="1093910902" visible="true" version="2" changeset="21531322" timestamp="2014-04-06T12:24:34Z" user="Omegatherion" uid="75582" lat="53.4520151" lon="9.7005421"/>
 <node id="1093910907" visible="true" version="1" changeset="6914055" timestamp="2011-01-09T12:02:43Z" user="dieter_meierhof" uid="207908" lat="53.4546020" lon="9.7004239"/>
 <node id="1093910914" visible="true" version="1" changeset="6914055" timestamp="2011-01-09T12:02:43Z" user="dieter_meierhof" uid="207908" lat="53.4574767" lon="9.7005849"/>
 <node id="1093910918" visible="true" version="1" changeset="6914055" timestamp="2011-01-09T12:02:43Z" user="dieter_meierhof" uid="207908" lat="53.4564419" lon="9.6986751"/>
 <node id="1093910926" visible="true" version="1" changeset="6914055" timestamp="2011-01-09T12:02:43Z" user="dieter_meierhof" uid="207908" lat="53.4545636" lon="9.6995335"/>
 <node id="1093910986" visible="true" version="1" changeset="6914055" timestamp="2011-01-09T12:02:44Z" user="dieter_meierhof" uid="207908" lat="53.4536692" lon="9.7035460"/>
 <node id="1093910988" visible="true" version="2" changeset="69852700" timestamp="2019-05-03T16:50:34Z" user="usernamex91" uid="9851549" lat="53.4574969" lon="9.6998527"/>
 <node id="1093910995" visible="true" version="1" changeset="6914055" timestamp="2011-01-09T12:02:44Z" user="dieter_meierhof" uid="207908" lat="53.4568124" lon="9.6995656"/>
 <node id="1093911005" visible="true" version="1" changeset="6914055" timestamp="2011-01-09T12:02:44Z" user="dieter_meierhof" uid="207908" lat="53.4554133" lon="9.7037708"/>
 <node id="1093911015" visible="true" version="1" changeset="6914055" timestamp="2011-01-09T12:02:44Z" user="dieter_meierhof" uid="207908" lat="53.4572979" lon="9.7011857"/>
 <node id="1093911069" visible="true" version="3" changeset="21692128" timestamp="2014-04-14T18:29:17Z" user="Omegatherion" uid="75582" lat="53.4575266" lon="9.6997548"/>
 <node id="1093911074" visible="true" version="1" changeset="6914055" timestamp="2011-01-09T12:02:45Z" user="dieter_meierhof" uid="207908" lat="53.4526662" lon="9.7000162"/>
 <node id="1093911079" visible="true" version="1" changeset="6914055" timestamp="2011-01-09T12:02:46Z" user="dieter_meierhof" uid="207908" lat="53.4530431" lon="9.6987932"/>
 <node id="1093911139" visible="true" version="1" changeset="6914055" timestamp="2011-01-09T12:02:47Z" user="dieter_meierhof" uid="207908" lat="53.4572276" lon="9.7013788"/>
 <node id="1093911221" visible="true" version="2" changeset="21313816" timestamp="2014-03-25T21:19:38Z" user="Omegatherion" uid="75582" lat="53.4528302" lon="9.7033143"/>
 <node id="1093911347" visible="true" version="2" changeset="69852700" timestamp="2019-05-03T16:50:34Z" user="usernamex91" uid="9851549" lat="53.4579590" lon="9.7012286"/>
 <node id="1093911410" visible="true" version="2" changeset="69852700" timestamp="2019-05-03T16:50:34Z" user="usernamex91" uid="9851549" lat="53.4575712" lon="9.7017151"/>
 <node id="1093911414" visible="true" version="2" changeset="21531322" timestamp="2014-04-06T12:24:34Z" user="Omegatherion" uid="75582" lat="53.4524467" lon="9.7007780"/>
 <node id="1093911478" visible="true" version="1" changeset="6914055" timestamp="2011-01-09T12:02:51Z" user="dieter_meierhof" uid="207908" lat="53.4572340" lon="9.7016041"/>
 <node id="1093911488" visible="true" version="2" changeset="21313816" timestamp="2014-03-25T21:19:38Z" user="Omegatherion" uid="75582" lat="53.4521392" lon="9.7030399"/>
 <node id="1093911496" visible="true" version="1" changeset="6914055" timestamp="2011-01-09T12:02:51Z" user="dieter_meierhof" uid="207908" lat="53.4568890" lon="9.6996407"/>
 <node id="1093911539" visible="true" version="1" changeset="6914055" timestamp="2011-01-09T12:02:52Z" user="dieter_meierhof" uid="207908" lat="53.4570360" lon="9.6997158"/>
 <node id="1093911561" visible="true" version="1" changeset="6914055" timestamp="2011-01-09T12:02:52Z" user="dieter_meierhof" uid="207908" lat="53.4543528" lon="9.7028916"/>
 <node id="1093911576" visible="true" version="3" changeset="21692128" timestamp="2014-04-14T18:29:17Z" user="Omegatherion" uid="75582" lat="53.4577579" lon="9.6983904"/>
 <node id="1217407292" visible="true" version="3" changeset="135613453" timestamp="2023-05-02T12:01:21Z" user="BikeTschorsch" uid="6441004" lat="53.4354939" lon="9.6672379"/>
 <node id="1274364824" visible="true" version="2" changeset="17823506" timestamp="2013-09-13T20:12:10Z" user="Omegatherion" uid="75582" lat="53.4398124" lon="9.7024168"/>
 <node id="1274364825" visible="true" version="2" changeset="17823506" timestamp="2013-09-13T20:12:10Z" user="Omegatherion" uid="75582" lat="53.4425470" lon="9.7024875"/>
 <node id="1314084684" visible="true" version="1" changeset="8360250" timestamp="2011-06-06T13:19:52Z" user="dieter_meierhof" uid="207908" lat="53.4569128" lon="9.6854317"/>
 <node id="1314084685" visible="true" version="1" changeset="8360250" timestamp="2011-06-06T13:19:53Z" user="dieter_meierhof" uid="207908" lat="53.4553732" lon="9.6833288"/>
 <node id="1314084690" visible="true" version="1" changeset="8360250" timestamp="2011-06-06T13:19:53Z" user="dieter_meierhof" uid="207908" lat="53.4567850" lon="9.6853834"/>
 <node id="1314084691" visible="true" version="1" changeset="8360250" timestamp="2011-06-06T13:19:53Z" user="dieter_meierhof" uid="207908" lat="53.4566764" lon="9.6853190"/>
 <node id="1314084692" visible="true" version="1" changeset="8360250" timestamp="2011-06-06T13:19:53Z" user="dieter_meierhof" uid="207908" lat="53.4565838" lon="9.6852332"/>
 <node id="1314084693" visible="true" version="1" changeset="8360250" timestamp="2011-06-06T13:19:53Z" user="dieter_meierhof" uid="207908" lat="53.4563889" lon="9.6844768"/>
 <node id="1314084694" visible="true" version="1" changeset="8360250" timestamp="2011-06-06T13:19:53Z" user="dieter_meierhof" uid="207908" lat="53.4564880" lon="9.6850079"/>
 <node id="1314084695" visible="true" version="2" changeset="101648357" timestamp="2021-03-24T12:54:20Z" user="user_11026705" uid="11026705" lat="53.4562509" lon="9.6841767"/>
 <node id="1314084698" visible="true" version="2" changeset="101648554" timestamp="2021-03-24T12:56:52Z" user="user_11026705" uid="11026705" lat="53.4560434" lon="9.6838097"/>
 <node id="1314084700" visible="true" version="1" changeset="8360250" timestamp="2011-06-06T13:19:53Z" user="dieter_meierhof" uid="207908" lat="53.4552135" lon="9.6833986"/>
 <node id="1314084701" visible="true" version="1" changeset="8360250" timestamp="2011-06-06T13:19:54Z" user="dieter_meierhof" uid="207908" lat="53.4550090" lon="9.6832484"/>
 <node id="1314084702" visible="true" version="1" changeset="8360250" timestamp="2011-06-06T13:19:54Z" user="dieter_meierhof" uid="207908" lat="53.4548397" lon="9.6830123"/>
 <node id="1314084705" visible="true" version="1" changeset="8360250" timestamp="2011-06-06T13:19:54Z" user="dieter_meierhof" uid="207908" lat="53.4547152" lon="9.6828353"/>
 <node id="1314084706" visible="true" version="1" changeset="8360250" timestamp="2011-06-06T13:19:54Z" user="dieter_meierhof" uid="207908" lat="53.4546066" lon="9.6826636"/>
 <node id="1314084707" visible="true" version="1" changeset="8360250" timestamp="2011-06-06T13:19:54Z" user="dieter_meierhof" uid="207908" lat="53.4545124" lon="9.6824514"/>
 <node id="1316049223" visible="true" version="2" changeset="17823506" timestamp="2013-09-13T20:12:11Z" user="Omegatherion" uid="75582" lat="53.4369940" lon="9.6683723"/>
 <node id="1316057495" visible="true" version="2" changeset="34597886" timestamp="2015-10-12T19:40:08Z" user="sundew" uid="617520" lat="53.4101061" lon="9.6653171"/>
 <node id="1316057497" visible="true" version="3" changeset="126233352" timestamp="2022-09-15T17:17:35Z" user="BikeTschorsch" uid="6441004" lat="53.4106862" lon="9.6572536"/>
 <node id="1316057511" visible="true" version="2" changeset="16616129" timestamp="2013-06-19T11:51:16Z" user="SiegiB" uid="206185" lat="53.4094671" lon="9.6692380"/>
 <node id="1316057516" visible="true" version="2" changeset="34597886" timestamp="2015-10-12T19:40:10Z" user="sundew" uid="617520" lat="53.4096364" lon="9.6751180"/>
 <node id="1316057535" visible="true" version="3" changeset="34597886" timestamp="2015-10-12T19:40:10Z" user="sundew" uid="617520" lat="53.4097906" lon="9.6691272"/>
 <node id="1492469378" visible="true" version="1" changeset="9747587" timestamp="2011-11-05T15:56:26Z" user="smarties" uid="45882" lat="53.4131239" lon="9.6831962"/>
 <node id="1671705099" visible="true" version="1" changeset="10952899" timestamp="2012-03-12T10:08:48Z" user="dieter_meierhof" uid="207908" lat="53.4473431" lon="9.6871182"/>
 <node id="1671705102" visible="true" version="1" changeset="10952899" timestamp="2012-03-12T10:08:48Z" user="dieter_meierhof" uid="207908" lat="53.4466338" lon="9.6854070"/>
 <node id="1671705105" visible="true" version="1" changeset="10952899" timestamp="2012-03-12T10:08:49Z" user="dieter_meierhof" uid="207908" lat="53.4480364" lon="9.6875688"/>
 <node id="1671705108" visible="true" version="1" changeset="10952899" timestamp="2012-03-12T10:08:49Z" user="dieter_meierhof" uid="207908" lat="53.4444037" lon="9.6836904"/>
 <node id="1671705112" visible="true" version="2" changeset="157774066" timestamp="2024-10-11T21:30:19Z" user="BikeTschorsch" uid="6441004" lat="53.4408317" lon="9.6856305"/>
 <node id="1671705114" visible="true" version="1" changeset="10952899" timestamp="2012-03-12T10:08:49Z" user="dieter_meierhof" uid="207908" lat="53.4481705" lon="9.6896717"/>
 <node id="1671705123" visible="true" version="1" changeset="10952899" timestamp="2012-03-12T10:08:49Z" user="dieter_meierhof" uid="207908" lat="53.4454517" lon="9.6838245"/>
 <node id="1671705140" visible="true" version="1" changeset="10952899" timestamp="2012-03-12T10:08:49Z" user="dieter_meierhof" uid="207908" lat="53.4475763" lon="9.6870002"/>
 <node id="1671705148" visible="true" version="2" changeset="157774066" timestamp="2024-10-11T21:30:19Z" user="BikeTschorsch" uid="6441004" lat="53.4413669" lon="9.6855145"/>
 <node id="1671705151" visible="true" version="1" changeset="10952899" timestamp="2012-03-12T10:08:50Z" user="dieter_meierhof" uid="207908" lat="53.4465444" lon="9.6852890"/>
 <node id="1671705155" visible="true" version="1" changeset="10952899" timestamp="2012-03-12T10:08:50Z" user="dieter_meierhof" uid="207908" lat="53.4480108" lon="9.6872577"/>
 <node id="1671705158" visible="true" version="1" changeset="10952899" timestamp="2012-03-12T10:08:50Z" user="dieter_meierhof" uid="207908" lat="53.4479277" lon="9.6869895"/>
 <node id="1671705160" visible="true" version="1" changeset="10952899" timestamp="2012-03-12T10:08:50Z" user="dieter_meierhof" uid="207908" lat="53.4442599" lon="9.6838298"/>
 <node id="1671705161" visible="true" version="1" changeset="10952899" timestamp="2012-03-12T10:08:50Z" user="dieter_meierhof" uid="207908" lat="53.4464645" lon="9.6852085"/>
 <node id="1671705162" visible="true" version="1" changeset="10952899" timestamp="2012-03-12T10:08:50Z" user="dieter_meierhof" uid="207908" lat="53.4478255" lon="9.6868876"/>
 <node id="1671705163" visible="true" version="1" changeset="10952899" timestamp="2012-03-12T10:08:50Z" user="dieter_meierhof" uid="207908" lat="53.4462952" lon="9.6849939"/>
 <node id="1671705164" visible="true" version="1" changeset="10952899" timestamp="2012-03-12T10:08:50Z" user="dieter_meierhof" uid="207908" lat="53.4440235" lon="9.6839371"/>
 <node id="1671705188" visible="true" version="1" changeset="10952899" timestamp="2012-03-12T10:08:50Z" user="dieter_meierhof" uid="207908" lat="53.4460555" lon="9.6848330"/>
 <node id="1671705191" visible="true" version="1" changeset="10952899" timestamp="2012-03-12T10:08:51Z" user="dieter_meierhof" uid="207908" lat="53.4457424" lon="9.6845809"/>
 <node id="1671705196" visible="true" version="1" changeset="10952899" timestamp="2012-03-12T10:08:51Z" user="dieter_meierhof" uid="207908" lat="53.4436273" lon="9.6841356"/>
 <node id="1671705201" visible="true" version="1" changeset="10952899" timestamp="2012-03-12T10:08:51Z" user="dieter_meierhof" uid="207908" lat="53.4390389" lon="9.6892103"/>
 <node id="1671705204" visible="true" version="2" changeset="157774066" timestamp="2024-10-11T21:30:19Z" user="BikeTschorsch" uid="6441004" lat="53.4405204" lon="9.6857246"/>
 <node id="1671705206" visible="true" version="1" changeset="10952899" timestamp="2012-03-12T10:08:51Z" user="dieter_meierhof" uid="207908" lat="53.4395182" lon="9.6874508"/>
 <node id="1671705208" visible="true" version="1" changeset="10952899" timestamp="2012-03-12T10:08:51Z" user="dieter_meierhof" uid="207908" lat="53.4390261" lon="9.6894464"/>
 <node id="1671705210" visible="true" version="1" changeset="10952899" timestamp="2012-03-12T10:08:51Z" user="dieter_meierhof" uid="207908" lat="53.4471290" lon="9.6869788"/>
 <node id="1671705213" visible="true" version="1" changeset="10952899" timestamp="2012-03-12T10:08:51Z" user="dieter_meierhof" uid="207908" lat="53.4432886" lon="9.6844146"/>
 <node id="1671705214" visible="true" version="1" changeset="10952899" timestamp="2012-03-12T10:08:51Z" user="dieter_meierhof" uid="207908" lat="53.4456178" lon="9.6842965"/>
 <node id="1671705223" visible="true" version="1" changeset="10952899" timestamp="2012-03-12T10:08:51Z" user="dieter_meierhof" uid="207908" lat="53.4430650" lon="9.6846399"/>
 <node id="1671705230" visible="true" version="1" changeset="10952899" timestamp="2012-03-12T10:08:52Z" user="dieter_meierhof" uid="207908" lat="53.4480108" lon="9.6881375"/>
 <node id="1671705232" visible="true" version="1" changeset="10952899" timestamp="2012-03-12T10:08:52Z" user="dieter_meierhof" uid="207908" lat="53.4424834" lon="9.6855411"/>
 <node id="1671705233" visible="true" version="1" changeset="10952899" timestamp="2012-03-12T10:08:52Z" user="dieter_meierhof" uid="207908" lat="53.4390453" lon="9.6896502"/>
 <node id="1671705235" visible="true" version="1" changeset="10952899" timestamp="2012-03-12T10:08:52Z" user="dieter_meierhof" uid="207908" lat="53.4450204" lon="9.6834490"/>
 <node id="1671705236" visible="true" version="1" changeset="10952899" timestamp="2012-03-12T10:08:52Z" user="dieter_meierhof" uid="207908" lat="53.4390644" lon="9.6898541"/>
 <node id="1671705240" visible="true" version="1" changeset="10952899" timestamp="2012-03-12T10:08:52Z" user="dieter_meierhof" uid="207908" lat="53.4470971" lon="9.6868822"/>
 <node id="1671705243" visible="true" version="1" changeset="10952899" timestamp="2012-03-12T10:08:52Z" user="dieter_meierhof" uid="207908" lat="53.4389877" lon="9.6901223"/>
 <node id="1671705263" visible="true" version="1" changeset="10952899" timestamp="2012-03-12T10:08:53Z" user="dieter_meierhof" uid="207908" lat="53.4472824" lon="9.6871075"/>
 <node id="1671705265" visible="true" version="1" changeset="10952899" timestamp="2012-03-12T10:08:53Z" user="dieter_meierhof" uid="207908" lat="53.4391795" lon="9.6885344"/>
 <node id="1671705267" visible="true" version="1" changeset="10952899" timestamp="2012-03-12T10:08:53Z" user="dieter_meierhof" uid="207908" lat="53.4388919" lon="9.6904012"/>
 <node id="1671705270" visible="true" version="2" changeset="38326212" timestamp="2016-04-05T17:52:17Z" user="Ruffi" uid="81431" lat="53.4402819" lon="9.6859327"/>
 <node id="1671705272" visible="true" version="1" changeset="10952899" timestamp="2012-03-12T10:08:53Z" user="dieter_meierhof" uid="207908" lat="53.4471162" lon="9.6865335"/>
 <node id="1671705273" visible="true" version="1" changeset="10952899" timestamp="2012-03-12T10:08:53Z" user="dieter_meierhof" uid="207908" lat="53.4449437" lon="9.6834007"/>
 <node id="1671705275" visible="true" version="2" changeset="157774066" timestamp="2024-10-11T21:30:19Z" user="BikeTschorsch" uid="6441004" lat="53.4422030" lon="9.6858176"/>
 <node id="1671705277" visible="true" version="1" changeset="10952899" timestamp="2012-03-12T10:08:53Z" user="dieter_meierhof" uid="207908" lat="53.4471674" lon="9.6863350"/>
 <node id="1671705278" visible="true" version="2" changeset="157774066" timestamp="2024-10-11T21:30:19Z" user="BikeTschorsch" uid="6441004" lat="53.4421367" lon="9.6858572"/>
 <node id="1671705280" visible="true" version="3" changeset="157774066" timestamp="2024-10-11T21:30:19Z" user="BikeTschorsch" uid="6441004" lat="53.4400514" lon="9.6862168"/>
 <node id="1671705281" visible="true" version="1" changeset="10952899" timestamp="2012-03-12T10:08:53Z" user="dieter_meierhof" uid="207908" lat="53.4474741" lon="9.6870753"/>
 <node id="1671705282" visible="true" version="2" changeset="157774066" timestamp="2024-10-11T21:30:19Z" user="BikeTschorsch" uid="6441004" lat="53.4420386" lon="9.6858468"/>
 <node id="1671705284" visible="true" version="1" changeset="10952899" timestamp="2012-03-12T10:08:54Z" user="dieter_meierhof" uid="207908" lat="53.4448798" lon="9.6834007"/>
 <node id="1671705285" visible="true" version="1" changeset="10952899" timestamp="2012-03-12T10:08:54Z" user="dieter_meierhof" uid="207908" lat="53.4472345" lon="9.6860507"/>
 <node id="1671705290" visible="true" version="3" changeset="157774066" timestamp="2024-10-11T21:30:19Z" user="BikeTschorsch" uid="6441004" lat="53.4399330" lon="9.6864609"/>
 <node id="1671705292" visible="true" version="1" changeset="10952899" timestamp="2012-03-12T10:08:54Z" user="dieter_meierhof" uid="207908" lat="53.4472089" lon="9.6858576"/>
 <node id="1671705293" visible="true" version="1" changeset="10952899" timestamp="2012-03-12T10:08:54Z" user="dieter_meierhof" uid="207908" lat="53.4480427" lon="9.6878156"/>
 <node id="1671705295" visible="true" version="2" changeset="157774066" timestamp="2024-10-11T21:30:19Z" user="BikeTschorsch" uid="6441004" lat="53.4417845" lon="9.6856721"/>
 <node id="1671705300" visible="true" version="1" changeset="10952899" timestamp="2012-03-12T10:08:54Z" user="dieter_meierhof" uid="207908" lat="53.4391028" lon="9.6888778"/>
 <node id="1671705301" visible="true" version="2" changeset="157774066" timestamp="2024-10-11T21:30:19Z" user="BikeTschorsch" uid="6441004" lat="53.4415879" lon="9.6855748"/>
 <node id="1671705302" visible="true" version="1" changeset="10952899" timestamp="2012-03-12T10:08:54Z" user="dieter_meierhof" uid="207908" lat="53.4451897" lon="9.6835294"/>
 <node id="1671705308" visible="true" version="1" changeset="10952899" timestamp="2012-03-12T10:08:55Z" user="dieter_meierhof" uid="207908" lat="53.4471833" lon="9.6870270"/>
 <node id="1671705310" visible="true" version="2" changeset="157774066" timestamp="2024-10-11T21:30:19Z" user="BikeTschorsch" uid="6441004" lat="53.4397472" lon="9.6869715"/>
 <node id="1671705317" visible="true" version="1" changeset="10952899" timestamp="2012-03-12T10:08:55Z" user="dieter_meierhof" uid="207908" lat="53.4390964" lon="9.6890601"/>
 <node id="1671705323" visible="true" version="1" changeset="10952899" timestamp="2012-03-12T10:08:55Z" user="dieter_meierhof" uid="207908" lat="53.4446465" lon="9.6835294"/>
 <node id="1671705326" visible="true" version="1" changeset="10952899" timestamp="2012-03-12T10:08:55Z" user="dieter_meierhof" uid="207908" lat="53.4470364" lon="9.6857020"/>
 <node id="1671705355" visible="true" version="2" changeset="18426705" timestamp="2013-10-18T21:57:36Z" user="Omegatherion" uid="75582" lat="53.4485435" lon="9.6908253"/>
 <node id="1671705357" visible="true" version="2" changeset="18426705" timestamp="2013-10-18T21:57:36Z" user="Omegatherion" uid="75582" lat="53.4484903" lon="9.6905145">
  <tag k="barrier" v="gate"/>
 </node>
 <node id="1671705358" visible="true" version="1" changeset="10952899" timestamp="2012-03-12T10:08:57Z" user="dieter_meierhof" uid="207908" lat="53.4480619" lon="9.6893927"/>
 <node id="1671705360" visible="true" version="1" changeset="10952899" timestamp="2012-03-12T10:08:57Z" user="dieter_meierhof" uid="207908" lat="53.4479980" lon="9.6891460"/>
 <node id="1671705361" visible="true" version="1" changeset="10952899" timestamp="2012-03-12T10:08:57Z" user="dieter_meierhof" uid="207908" lat="53.4479661" lon="9.6888992"/>
 <node id="1671705363" visible="true" version="1" changeset="10952899" timestamp="2012-03-12T10:08:57Z" user="dieter_meierhof" uid="207908" lat="53.4479405" lon="9.6887168"/>
 <node id="1671705364" visible="true" version="1" changeset="10952899" timestamp="2012-03-12T10:08:57Z" user="dieter_meierhof" uid="207908" lat="53.4479661" lon="9.6884808"/>
 <node id="1671705371" visible="true" version="1" changeset="10952899" timestamp="2012-03-12T10:08:57Z" user="dieter_meierhof" uid="207908" lat="53.4476785" lon="9.6869305"/>
 <node id="1671705373" visible="true" version="2" changeset="157774066" timestamp="2024-10-11T21:30:19Z" user="BikeTschorsch" uid="6441004" lat="53.4410964" lon="9.6855544"/>
 <node id="1671705374" visible="true" version="2" changeset="157774066" timestamp="2024-10-11T21:30:19Z" user="BikeTschorsch" uid="6441004" lat="53.4398418" lon="9.6866709"/>
 <node id="1671705375" visible="true" version="1" changeset="10952899" timestamp="2012-03-12T10:08:58Z" user="dieter_meierhof" uid="207908" lat="53.4467872" lon="9.6855250"/>
 <node id="1671705377" visible="true" version="1" changeset="10952899" timestamp="2012-03-12T10:08:58Z" user="dieter_meierhof" uid="207908" lat="53.4456242" lon="9.6841571"/>
 <node id="1671705378" visible="true" version="1" changeset="10952899" timestamp="2012-03-12T10:08:58Z" user="dieter_meierhof" uid="207908" lat="53.4453367" lon="9.6836528"/>
 <node id="1671705380" visible="true" version="1" changeset="10952899" timestamp="2012-03-12T10:08:58Z" user="dieter_meierhof" uid="207908" lat="53.4456594" lon="9.6845058"/>
 <node id="1909808070" visible="true" version="2" changeset="134410744" timestamp="2023-04-02T11:54:38Z" user="DCA" uid="75107" lat="53.4591321" lon="9.6899893"/>
 <node id="1909808072" visible="true" version="3" changeset="134410744" timestamp="2023-04-02T11:54:38Z" user="DCA" uid="75107" lat="53.4588814" lon="9.6898262"/>
 <node id="1932749749" visible="true" version="1" changeset="13251201" timestamp="2012-09-25T19:23:39Z" user="Heideammer" uid="347762" lat="53.4470616" lon="9.6949237"/>
 <node id="1932749754" visible="true" version="1" changeset="13251201" timestamp="2012-09-25T19:23:39Z" user="Heideammer" uid="347762" lat="53.4479183" lon="9.6959811"/>
 <node id="1932749756" visible="true" version="1" changeset="13251201" timestamp="2012-09-25T19:23:39Z" user="Heideammer" uid="347762" lat="53.4480101" lon="9.6955660"/>
 <node id="1932749758" visible="true" version="1" changeset="13251201" timestamp="2012-09-25T19:23:39Z" user="Heideammer" uid="347762" lat="53.4483567" lon="9.6954041"/>
 <node id="1932749760" visible="true" version="1" changeset="13251201" timestamp="2012-09-25T19:23:39Z" user="Heideammer" uid="347762" lat="53.4485730" lon="9.6869244"/>
 <node id="1932749762" visible="true" version="1" changeset="13251201" timestamp="2012-09-25T19:23:39Z" user="Heideammer" uid="347762" lat="53.4486400" lon="9.6955559"/>
 <node id="1932749763" visible="true" version="1" changeset="13251201" timestamp="2012-09-25T19:23:39Z" user="Heideammer" uid="347762" lat="53.4487907" lon="9.6954648"/>
 <node id="1932749765" visible="true" version="1" changeset="13251201" timestamp="2012-09-25T19:23:39Z" user="Heideammer" uid="347762" lat="53.4490077" lon="9.6957887"/>
 <node id="1932749767" visible="true" version="1" changeset="13251201" timestamp="2012-09-25T19:23:39Z" user="Heideammer" uid="347762" lat="53.4492971" lon="9.6957179"/>
 <node id="1932749768" visible="true" version="1" changeset="13251201" timestamp="2012-09-25T19:23:39Z" user="Heideammer" uid="347762" lat="53.4493935" lon="9.6953838"/>
 <node id="1932749769" visible="true" version="1" changeset="13251201" timestamp="2012-09-25T19:23:39Z" user="Heideammer" uid="347762" lat="53.4496406" lon="9.6951814"/>
 <node id="1932749776" visible="true" version="1" changeset="13251201" timestamp="2012-09-25T19:23:39Z" user="Heideammer" uid="347762" lat="53.4500144" lon="9.6950701"/>
 <node id="1932749778" visible="true" version="1" changeset="13251201" timestamp="2012-09-25T19:23:39Z" user="Heideammer" uid="347762" lat="53.4502012" lon="9.6961632"/>
 <node id="1932749780" visible="true" version="1" changeset="13251201" timestamp="2012-09-25T19:23:39Z" user="Heideammer" uid="347762" lat="53.4503157" lon="9.6952927"/>
 <node id="1932749782" visible="true" version="1" changeset="13251201" timestamp="2012-09-25T19:23:39Z" user="Heideammer" uid="347762" lat="53.4504423" lon="9.6957786"/>
 <node id="1932749784" visible="true" version="1" changeset="13251201" timestamp="2012-09-25T19:23:39Z" user="Heideammer" uid="347762" lat="53.4504544" lon="9.6953636"/>
 <node id="1932749788" visible="true" version="1" changeset="13251201" timestamp="2012-09-25T19:23:40Z" user="Heideammer" uid="347762" lat="53.4507489" lon="9.6865600"/>
 <node id="1932749791" visible="true" version="2" changeset="19426312" timestamp="2013-12-13T07:27:04Z" user="user_1418319" uid="1418319" lat="53.4509826" lon="9.6949069"/>
 <node id="1932749793" visible="true" version="2" changeset="19426312" timestamp="2013-12-13T07:27:04Z" user="user_1418319" uid="1418319" lat="53.4510555" lon="9.6949381"/>
 <node id="1932749795" visible="true" version="1" changeset="13251201" timestamp="2012-09-25T19:23:40Z" user="Heideammer" uid="347762" lat="53.4511536" lon="9.6945487"/>
 <node id="1932749797" visible="true" version="1" changeset="13251201" timestamp="2012-09-25T19:23:40Z" user="Heideammer" uid="347762" lat="53.4511866" lon="9.6938790"/>
 <node id="1932749799" visible="true" version="1" changeset="13251201" timestamp="2012-09-25T19:23:40Z" user="Heideammer" uid="347762" lat="53.4512996" lon="9.6939081"/>
 <node id="1937737849" visible="true" version="2" changeset="17823506" timestamp="2013-09-13T20:12:17Z" user="Omegatherion" uid="75582" lat="53.4469014" lon="9.6931692"/>
 <node id="1937737851" visible="true" version="2" changeset="17823506" timestamp="2013-09-13T20:12:17Z" user="Omegatherion" uid="75582" lat="53.4469174" lon="9.6933210"/>
 <node id="1937737853" visible="true" version="2" changeset="17823506" timestamp="2013-09-13T20:12:17Z" user="Omegatherion" uid="75582" lat="53.4469493" lon="9.6929995"/>
 <node id="1937737854" visible="true" version="4" changeset="140246316" timestamp="2023-08-22T20:41:24Z" user="TomJeffs" uid="6397757" lat="53.4470461" lon="9.6934192"/>
 <node id="1937737858" visible="true" version="4" changeset="140246316" timestamp="2023-08-22T20:41:24Z" user="TomJeffs" uid="6397757" lat="53.4475923" lon="9.6933852"/>
 <node id="1937737859" visible="true" version="4" changeset="140246316" timestamp="2023-08-22T20:41:24Z" user="TomJeffs" uid="6397757" lat="53.4477160" lon="9.6933357"/>
 <node id="1937737860" visible="true" version="3" changeset="21180210" timestamp="2014-03-18T19:23:26Z" user="Omegatherion" uid="75582" lat="53.4478300" lon="9.6921551"/>
 <node id="1937737861" visible="true" version="3" changeset="21180210" timestamp="2014-03-18T19:23:26Z" user="Omegatherion" uid="75582" lat="53.4480583" lon="9.6919843"/>
 <node id="1937737864" visible="true" version="2" changeset="17823506" timestamp="2013-09-13T20:12:17Z" user="Omegatherion" uid="75582" lat="53.4483479" lon="9.6916869"/>
 <node id="1937737865" visible="true" version="4" changeset="140246316" timestamp="2023-08-22T20:41:24Z" user="TomJeffs" uid="6397757" lat="53.4483513" lon="9.6927349"/>
 <node id="1937737870" visible="true" version="4" changeset="140246316" timestamp="2023-08-22T20:41:24Z" user="TomJeffs" uid="6397757" lat="53.4484637" lon="9.6927718"/>
 <node id="1937737872" visible="true" version="4" changeset="140246316" timestamp="2023-08-22T20:41:24Z" user="TomJeffs" uid="6397757" lat="53.4485198" lon="9.6928298"/>
 <node id="1937737873" visible="true" version="4" changeset="140246316" timestamp="2023-08-22T20:41:24Z" user="TomJeffs" uid="6397757" lat="53.4487099" lon="9.6923694"/>
 <node id="1937737875" visible="true" version="2" changeset="17823506" timestamp="2013-09-13T20:12:17Z" user="Omegatherion" uid="75582" lat="53.4485758" lon="9.6929926"/>
 <node id="1937737876" visible="true" version="3" changeset="140246316" timestamp="2023-08-22T20:41:24Z" user="TomJeffs" uid="6397757" lat="53.4486223" lon="9.6932072"/>
 <node id="1937737877" visible="true" version="3" changeset="140246316" timestamp="2023-08-22T20:41:24Z" user="TomJeffs" uid="6397757" lat="53.4486594" lon="9.6933705"/>
 <node id="1937737879" visible="true" version="2" changeset="17823506" timestamp="2013-09-13T20:12:17Z" user="Omegatherion" uid="75582" lat="53.4486859" lon="9.6911778"/>
 <node id="1937737880" visible="true" version="3" changeset="140246316" timestamp="2023-08-22T20:41:24Z" user="TomJeffs" uid="6397757" lat="53.4487093" lon="9.6934902"/>
 <node id="1937737882" visible="true" version="2" changeset="17823506" timestamp="2013-09-13T20:12:17Z" user="Omegatherion" uid="75582" lat="53.4487600" lon="9.6935609"/>
 <node id="1937737883" visible="true" version="2" changeset="17823506" timestamp="2013-09-13T20:12:17Z" user="Omegatherion" uid="75582" lat="53.4488352" lon="9.6935735"/>
 <node id="1937737885" visible="true" version="2" changeset="17823506" timestamp="2013-09-13T20:12:17Z" user="Omegatherion" uid="75582" lat="53.4489555" lon="9.6935040"/>
 <node id="1937737891" visible="true" version="2" changeset="17823506" timestamp="2013-09-13T20:12:17Z" user="Omegatherion" uid="75582" lat="53.4490608" lon="9.6933525"/>
 <node id="1937737893" visible="true" version="2" changeset="17823506" timestamp="2013-09-13T20:12:17Z" user="Omegatherion" uid="75582" lat="53.4492070" lon="9.6904009"/>
 <node id="1937737894" visible="true" version="2" changeset="17823506" timestamp="2013-09-13T20:12:17Z" user="Omegatherion" uid="75582" lat="53.4492564" lon="9.6929926"/>
 <node id="1937737895" visible="true" version="2" changeset="17823506" timestamp="2013-09-13T20:12:17Z" user="Omegatherion" uid="75582" lat="53.4493559" lon="9.6902045"/>
 <node id="1937737897" visible="true" version="2" changeset="17823506" timestamp="2013-09-13T20:12:17Z" user="Omegatherion" uid="75582" lat="53.4494669" lon="9.6925380"/>
 <node id="1937737898" visible="true" version="2" changeset="17823506" timestamp="2013-09-13T20:12:17Z" user="Omegatherion" uid="75582" lat="53.4494812" lon="9.6912866"/>
 <node id="1937737900" visible="true" version="2" changeset="17823506" timestamp="2013-09-13T20:12:17Z" user="Omegatherion" uid="75582" lat="53.4494942" lon="9.6900884"/>
 <node id="1937737901" visible="true" version="2" changeset="17823506" timestamp="2013-09-13T20:12:17Z" user="Omegatherion" uid="75582" lat="53.4495045" lon="9.6915719"/>
 <node id="1937737903" visible="true" version="2" changeset="17823506" timestamp="2013-09-13T20:12:17Z" user="Omegatherion" uid="75582" lat="53.4495384" lon="9.6918119"/>
 <node id="1937737904" visible="true" version="2" changeset="17823506" timestamp="2013-09-13T20:12:17Z" user="Omegatherion" uid="75582" lat="53.4495384" lon="9.6922854"/>
 <node id="1937737906" visible="true" version="2" changeset="17823506" timestamp="2013-09-13T20:12:17Z" user="Omegatherion" uid="75582" lat="53.4495450" lon="9.6910366"/>
 <node id="1937737907" visible="true" version="2" changeset="17823506" timestamp="2013-09-13T20:12:18Z" user="Omegatherion" uid="75582" lat="53.4495572" lon="9.6920392"/>
 <node id="1937737909" visible="true" version="2" changeset="17823506" timestamp="2013-09-13T20:12:18Z" user="Omegatherion" uid="75582" lat="53.4496274" lon="9.6908446"/>
 <node id="1937737910" visible="true" version="2" changeset="17823506" timestamp="2013-09-13T20:12:18Z" user="Omegatherion" uid="75582" lat="53.4496484" lon="9.6900705"/>
 <node id="1937737912" visible="true" version="2" changeset="17823506" timestamp="2013-09-13T20:12:18Z" user="Omegatherion" uid="75582" lat="53.4497471" lon="9.6901436"/>
 <node id="1937737913" visible="true" version="2" changeset="17823506" timestamp="2013-09-13T20:12:18Z" user="Omegatherion" uid="75582" lat="53.4497577" lon="9.6906080"/>
 <node id="1937737914" visible="true" version="3" changeset="140231582" timestamp="2023-08-22T14:10:03Z" user="TomJeffs" uid="6397757" lat="53.4498073" lon="9.6903031"/>
 <node id="1937737915" visible="true" version="2" changeset="17823506" timestamp="2013-09-13T20:12:18Z" user="Omegatherion" uid="75582" lat="53.4498003" lon="9.6904517"/>
 <node id="1939513070" visible="true" version="1" changeset="13307684" timestamp="2012-09-30T11:07:54Z" user="poppei82" uid="461945" lat="53.4546293" lon="9.7039619"/>
 <node id="2131285703" visible="true" version="1" changeset="14812524" timestamp="2013-01-27T19:26:42Z" user="sundew" uid="617520" lat="53.4520085" lon="9.6825819"/>
 <node id="2131285705" visible="true" version="1" changeset="14812524" timestamp="2013-01-27T19:26:42Z" user="sundew" uid="617520" lat="53.4520356" lon="9.6827637"/>
 <node id="2131285706" visible="true" version="1" changeset="14812524" timestamp="2013-01-27T19:26:42Z" user="sundew" uid="617520" lat="53.4521013" lon="9.6823286"/>
 <node id="2131285707" visible="true" version="1" changeset="14812524" timestamp="2013-01-27T19:26:42Z" user="sundew" uid="617520" lat="53.4521091" lon="9.6825299"/>
 <node id="2131285708" visible="true" version="1" changeset="14812524" timestamp="2013-01-27T19:26:42Z" user="sundew" uid="617520" lat="53.4521439" lon="9.6824130"/>
 <node id="2131285709" visible="true" version="1" changeset="14812524" timestamp="2013-01-27T19:26:42Z" user="sundew" uid="617520" lat="53.4522096" lon="9.6826598"/>
 <node id="2131285710" visible="true" version="1" changeset="14812524" timestamp="2013-01-27T19:26:42Z" user="sundew" uid="617520" lat="53.4522715" lon="9.6828157"/>
 <node id="2131285711" visible="true" version="1" changeset="14812524" timestamp="2013-01-27T19:26:42Z" user="sundew" uid="617520" lat="53.4524726" lon="9.6824065"/>
 <node id="2131285712" visible="true" version="1" changeset="14812524" timestamp="2013-01-27T19:26:42Z" user="sundew" uid="617520" lat="53.4524958" lon="9.6823156"/>
 <node id="2131285713" visible="true" version="1" changeset="14812524" timestamp="2013-01-27T19:26:42Z" user="sundew" uid="617520" lat="53.4526698" lon="9.6826338"/>
 <node id="2131285714" visible="true" version="1" changeset="14812524" timestamp="2013-01-27T19:26:42Z" user="sundew" uid="617520" lat="53.4526930" lon="9.6827572"/>
 <node id="2131285715" visible="true" version="1" changeset="14812524" timestamp="2013-01-27T19:26:42Z" user="sundew" uid="617520" lat="53.4527588" lon="9.6824650"/>
 <node id="2131285716" visible="true" version="1" changeset="14812524" timestamp="2013-01-27T19:26:42Z" user="sundew" uid="617520" lat="53.4527742" lon="9.6825884"/>
 <node id="2131285717" visible="true" version="1" changeset="14812524" timestamp="2013-01-27T19:26:42Z" user="sundew" uid="617520" lat="53.4528245" lon="9.6824000"/>
 <node id="2131285718" visible="true" version="1" changeset="14812524" timestamp="2013-01-27T19:26:42Z" user="sundew" uid="617520" lat="53.4528864" lon="9.6826533"/>
 <node id="2131285720" visible="true" version="1" changeset="14812524" timestamp="2013-01-27T19:26:43Z" user="sundew" uid="617520" lat="53.4528902" lon="9.6825169"/>
 <node id="2131318807" visible="true" version="1" changeset="14812524" timestamp="2013-01-27T19:40:27Z" user="sundew" uid="617520" lat="53.4537381" lon="9.6819964"/>
 <node id="2131318810" visible="true" version="1" changeset="14812524" timestamp="2013-01-27T19:40:27Z" user="sundew" uid="617520" lat="53.4538442" lon="9.6821171"/>
 <node id="2131318821" visible="true" version="1" changeset="14812524" timestamp="2013-01-27T19:40:27Z" user="sundew" uid="617520" lat="53.4538607" lon="9.6820781"/>
 <node id="2131318823" visible="true" version="1" changeset="14812524" timestamp="2013-01-27T19:40:27Z" user="sundew" uid="617520" lat="53.4539495" lon="9.6817167"/>
 <node id="2131318825" visible="true" version="1" changeset="14812524" timestamp="2013-01-27T19:40:27Z" user="sundew" uid="617520" lat="53.4539509" lon="9.6821355"/>
 <node id="2131318827" visible="true" version="1" changeset="14812524" timestamp="2013-01-27T19:40:27Z" user="sundew" uid="617520" lat="53.4539728" lon="9.6820919"/>
 <node id="2131318830" visible="true" version="1" changeset="14812524" timestamp="2013-01-27T19:40:27Z" user="sundew" uid="617520" lat="53.4540302" lon="9.6820280"/>
 <node id="2131320971" visible="true" version="2" changeset="17823506" timestamp="2013-09-13T20:12:19Z" user="Omegatherion" uid="75582" lat="53.4509000" lon="9.6808926"/>
 <node id="2131320972" visible="true" version="2" changeset="17823506" timestamp="2013-09-13T20:12:19Z" user="Omegatherion" uid="75582" lat="53.4512069" lon="9.6805628"/>
 <node id="2131320973" visible="true" version="2" changeset="17823506" timestamp="2013-09-13T20:12:19Z" user="Omegatherion" uid="75582" lat="53.4512124" lon="9.6809922"/>
 <node id="2306992195" visible="true" version="1" changeset="16159791" timestamp="2013-05-16T22:04:53Z" user="sundew" uid="617520" lat="53.4617302" lon="9.6923732"/>
 <node id="2352168958" visible="true" version="1" changeset="16616129" timestamp="2013-06-19T11:48:39Z" user="SiegiB" uid="206185" lat="53.4092523" lon="9.6704932"/>
 <node id="2352169052" visible="true" version="2" changeset="103635252" timestamp="2021-04-26T11:56:54Z" user="Heideammer" uid="347762" lat="53.4094605" lon="9.6545728"/>
 <node id="2352169176" visible="true" version="1" changeset="16616129" timestamp="2013-06-19T11:48:45Z" user="SiegiB" uid="206185" lat="53.4096988" lon="9.6686336"/>
 <node id="2352169207" visible="true" version="1" changeset="16616129" timestamp="2013-06-19T11:48:45Z" user="SiegiB" uid="206185" lat="53.4097823" lon="9.6531098"/>
 <node id="2352169292" visible="true" version="2" changeset="34597886" timestamp="2015-10-12T19:40:23Z" user="sundew" uid="617520" lat="53.4099307" lon="9.6677169"/>
 <node id="2352169504" visible="true" version="1" changeset="16616129" timestamp="2013-06-19T11:48:50Z" user="SiegiB" uid="206185" lat="53.4103840" lon="9.6549255"/>
 <node id="2352169513" visible="true" version="1" changeset="16616129" timestamp="2013-06-19T11:48:50Z" user="SiegiB" uid="206185" lat="53.4104656" lon="9.6558785"/>
 <node id="2352169518" visible="true" version="1" changeset="16616129" timestamp="2013-06-19T11:48:50Z" user="SiegiB" uid="206185" lat="53.4104837" lon="9.6547054"/>
 <node id="2352169523" visible="true" version="1" changeset="16616129" timestamp="2013-06-19T11:48:51Z" user="SiegiB" uid="206185" lat="53.4104838" lon="9.6531338"/>
 <node id="2352169550" visible="true" version="2" changeset="34597886" timestamp="2015-10-12T19:40:23Z" user="sundew" uid="617520" lat="53.4106158" lon="9.6560344"/>
 <node id="2352169649" visible="true" version="1" changeset="16616129" timestamp="2013-06-19T11:48:54Z" user="SiegiB" uid="206185" lat="53.4112238" lon="9.6763114"/>
 <node id="2352169681" visible="true" version="1" changeset="16616129" timestamp="2013-06-19T11:48:55Z" user="SiegiB" uid="206185" lat="53.4116149" lon="9.6759541"/>
 <node id="2352169708" visible="true" version="1" changeset="16616129" timestamp="2013-06-19T11:48:55Z" user="SiegiB" uid="206185" lat="53.4120320" lon="9.6759541"/>
 <node id="2352169712" visible="true" version="1" changeset="16616129" timestamp="2013-06-19T11:48:55Z" user="SiegiB" uid="206185" lat="53.4120711" lon="9.6756625"/>
 <node id="2352169722" visible="true" version="1" changeset="16616129" timestamp="2013-06-19T11:48:56Z" user="SiegiB" uid="206185" lat="53.4121450" lon="9.6756479"/>
 <node id="2352170824" visible="true" version="2" changeset="35954942" timestamp="2015-12-14T21:18:48Z" user="Heideammer" uid="347762" lat="53.4252024" lon="9.6680516"/>
 <node id="2352170830" visible="true" version="1" changeset="16616129" timestamp="2013-06-19T11:49:39Z" user="SiegiB" uid="206185" lat="53.4257288" lon="9.6676650"/>
 <node id="2352170832" visible="true" version="2" changeset="35954942" timestamp="2015-12-14T21:18:48Z" user="Heideammer" uid="347762" lat="53.4259037" lon="9.6668515"/>
 <node id="2352172625" visible="true" version="2" changeset="132329840" timestamp="2023-02-09T21:49:44Z" user="Garstedter" uid="2822207" lat="53.4322357" lon="9.6652554"/>
 <node id="2352172689" visible="true" version="2" changeset="132329840" timestamp="2023-02-09T21:49:44Z" user="Garstedter" uid="2822207" lat="53.4337229" lon="9.6656413"/>
 <node id="2354556958" visible="true" version="1" changeset="16641138" timestamp="2013-06-21T09:35:16Z" user="SiegiB" uid="206185" lat="53.4437197" lon="9.7152311"/>
 <node id="2354556960" visible="true" version="1" changeset="16641138" timestamp="2013-06-21T09:35:16Z" user="SiegiB" uid="206185" lat="53.4440556" lon="9.7151988"/>
 <node id="2457193447" visible="true" version="1" changeset="17823506" timestamp="2013-09-13T20:11:25Z" user="Omegatherion" uid="75582" lat="53.4229688" lon="9.6728698"/>
 <node id="2457193466" visible="true" version="2" changeset="132329840" timestamp="2023-02-09T21:49:44Z" user="Garstedter" uid="2822207" lat="53.4337058" lon="9.6657910"/>
 <node id="2457193468" visible="true" version="3" changeset="135613453" timestamp="2023-05-02T12:01:21Z" user="BikeTschorsch" uid="6441004" lat="53.4344146" lon="9.6642047"/>
 <node id="2457193473" visible="true" version="3" changeset="135613453" timestamp="2023-05-02T12:01:21Z" user="BikeTschorsch" uid="6441004" lat="53.4354100" lon="9.6667273"/>
 <node id="2457193474" visible="true" version="1" changeset="17823506" timestamp="2013-09-13T20:11:26Z" user="Omegatherion" uid="75582" lat="53.4353946" lon="9.6648333"/>
 <node id="2457193476" visible="true" version="3" changeset="135613453" timestamp="2023-05-02T12:01:21Z" user="BikeTschorsch" uid="6441004" lat="53.4353206" lon="9.6660305"/>
 <node id="2457193479" visible="true" version="1" changeset="17823506" timestamp="2013-09-13T20:11:26Z" user="Omegatherion" uid="75582" lat="53.4355453" lon="9.6649532"/>
 <node id="2457193480" visible="true" version="3" changeset="135613453" timestamp="2023-05-02T12:01:21Z" user="BikeTschorsch" uid="6441004" lat="53.4354967" lon="9.6670555"/>
 <node id="2457193484" visible="true" version="1" changeset="17823506" timestamp="2013-09-13T20:11:26Z" user="Omegatherion" uid="75582" lat="53.4359157" lon="9.6678324"/>
 <node id="2457193489" visible="true" version="1" changeset="17823506" timestamp="2013-09-13T20:11:26Z" user="Omegatherion" uid="75582" lat="53.4366699" lon="9.6681827"/>
 <node id="2457193495" visible="true" version="2" changeset="18426836" timestamp="2013-10-18T22:08:23Z" user="Omegatherion" uid="75582" lat="53.4375335" lon="9.6882893"/>
 <node id="2457193508" visible="true" version="1" changeset="17823506" timestamp="2013-09-13T20:11:26Z" user="Omegatherion" uid="75582" lat="53.4389371" lon="9.6899959"/>
 <node id="2457193510" visible="true" version="1" changeset="17823506" timestamp="2013-09-13T20:11:26Z" user="Omegatherion" uid="75582" lat="53.4389722" lon="9.6905154"/>
 <node id="2457193513" visible="true" version="1" changeset="17823506" timestamp="2013-09-13T20:11:26Z" user="Omegatherion" uid="75582" lat="53.4396337" lon="9.6900778"/>
 <node id="2457193519" visible="true" version="1" changeset="17823506" timestamp="2013-09-13T20:11:27Z" user="Omegatherion" uid="75582" lat="53.4398989" lon="9.6903644"/>
 <node id="2457193521" visible="true" version="1" changeset="17823506" timestamp="2013-09-13T20:11:27Z" user="Omegatherion" uid="75582" lat="53.4400031" lon="9.6744715"/>
 <node id="2457193523" visible="true" version="1" changeset="17823506" timestamp="2013-09-13T20:11:27Z" user="Omegatherion" uid="75582" lat="53.4402516" lon="9.6847995"/>
 <node id="2457193525" visible="true" version="1" changeset="17823506" timestamp="2013-09-13T20:11:27Z" user="Omegatherion" uid="75582" lat="53.4403582" lon="9.6813240"/>
 <node id="2457193529" visible="true" version="1" changeset="17823506" timestamp="2013-09-13T20:11:27Z" user="Omegatherion" uid="75582" lat="53.4404684" lon="9.6886858"/>
 <node id="2457193530" visible="true" version="1" changeset="17823506" timestamp="2013-09-13T20:11:27Z" user="Omegatherion" uid="75582" lat="53.4404748" lon="9.6884542"/>
 <node id="2457193533" visible="true" version="1" changeset="17823506" timestamp="2013-09-13T20:11:27Z" user="Omegatherion" uid="75582" lat="53.4406929" lon="9.6842949"/>
 <node id="2457193534" visible="true" version="1" changeset="17823506" timestamp="2013-09-13T20:11:27Z" user="Omegatherion" uid="75582" lat="53.4406930" lon="9.6779481"/>
 <node id="2457193535" visible="true" version="1" changeset="17823506" timestamp="2013-09-13T20:11:27Z" user="Omegatherion" uid="75582" lat="53.4407157" lon="9.6783859"/>
 <node id="2457193538" visible="true" version="1" changeset="17823506" timestamp="2013-09-13T20:11:27Z" user="Omegatherion" uid="75582" lat="53.4407986" lon="9.6783841"/>
 <node id="2457193541" visible="true" version="1" changeset="17823506" timestamp="2013-09-13T20:11:27Z" user="Omegatherion" uid="75582" lat="53.4408978" lon="9.6778015"/>
 <node id="2457193542" visible="true" version="1" changeset="17823506" timestamp="2013-09-13T20:11:27Z" user="Omegatherion" uid="75582" lat="53.4409204" lon="9.6784457"/>
 <node id="2457193545" visible="true" version="1" changeset="17823506" timestamp="2013-09-13T20:11:27Z" user="Omegatherion" uid="75582" lat="53.4409797" lon="9.6784963"/>
 <node id="2457193546" visible="true" version="1" changeset="17823506" timestamp="2013-09-13T20:11:27Z" user="Omegatherion" uid="75582" lat="53.4409840" lon="9.6785470"/>
 <node id="2457193549" visible="true" version="1" changeset="17823506" timestamp="2013-09-13T20:11:27Z" user="Omegatherion" uid="75582" lat="53.4410045" lon="9.6781761"/>
 <node id="2457193550" visible="true" version="1" changeset="17823506" timestamp="2013-09-13T20:11:27Z" user="Omegatherion" uid="75582" lat="53.4410347" lon="9.6782104"/>
 <node id="2457193552" visible="true" version="1" changeset="17823506" timestamp="2013-09-13T20:11:27Z" user="Omegatherion" uid="75582" lat="53.4410875" lon="9.6791513"/>
 <node id="2457193553" visible="true" version="1" changeset="17823506" timestamp="2013-09-13T20:11:27Z" user="Omegatherion" uid="75582" lat="53.4411232" lon="9.6839074"/>
 <node id="2457193555" visible="true" version="1" changeset="17823506" timestamp="2013-09-13T20:11:27Z" user="Omegatherion" uid="75582" lat="53.4411640" lon="9.6786972"/>
 <node id="2457193558" visible="true" version="1" changeset="17823506" timestamp="2013-09-13T20:11:27Z" user="Omegatherion" uid="75582" lat="53.4411791" lon="9.6788491"/>
 <node id="2457193561" visible="true" version="1" changeset="17823506" timestamp="2013-09-13T20:11:28Z" user="Omegatherion" uid="75582" lat="53.4412793" lon="9.6782104"/>
 <node id="2457193562" visible="true" version="1" changeset="17823506" timestamp="2013-09-13T20:11:28Z" user="Omegatherion" uid="75582" lat="53.4413424" lon="9.7103305"/>
 <node id="2457193563" visible="true" version="1" changeset="17823506" timestamp="2013-09-13T20:11:28Z" user="Omegatherion" uid="75582" lat="53.4413704" lon="9.6836765"/>
 <node id="2457193566" visible="true" version="1" changeset="17823506" timestamp="2013-09-13T20:11:28Z" user="Omegatherion" uid="75582" lat="53.4414690" lon="9.6795132"/>
 <node id="2457193567" visible="true" version="1" changeset="17823506" timestamp="2013-09-13T20:11:28Z" user="Omegatherion" uid="75582" lat="53.4415294" lon="9.6792870"/>
 <node id="2457193568" visible="true" version="1" changeset="17823506" timestamp="2013-09-13T20:11:28Z" user="Omegatherion" uid="75582" lat="53.4415348" lon="9.6792092"/>
 <node id="2457193571" visible="true" version="1" changeset="17823506" timestamp="2013-09-13T20:11:28Z" user="Omegatherion" uid="75582" lat="53.4416953" lon="9.6798353"/>
 <node id="2457193572" visible="true" version="1" changeset="17823506" timestamp="2013-09-13T20:11:28Z" user="Omegatherion" uid="75582" lat="53.4417072" lon="9.6797104"/>
 <node id="2457193573" visible="true" version="1" changeset="17823506" timestamp="2013-09-13T20:11:28Z" user="Omegatherion" uid="75582" lat="53.4417699" lon="9.6820890"/>
 <node id="2457193574" visible="true" version="1" changeset="17823506" timestamp="2013-09-13T20:11:28Z" user="Omegatherion" uid="75582" lat="53.4418010" lon="9.6799710"/>
 <node id="2457193576" visible="true" version="1" changeset="17823506" timestamp="2013-09-13T20:11:28Z" user="Omegatherion" uid="75582" lat="53.4421900" lon="9.6804885"/>
 <node id="2457193578" visible="true" version="1" changeset="17823506" timestamp="2013-09-13T20:11:28Z" user="Omegatherion" uid="75582" lat="53.4422849" lon="9.6804070"/>
 <node id="2457193579" visible="true" version="1" changeset="17823506" timestamp="2013-09-13T20:11:28Z" user="Omegatherion" uid="75582" lat="53.4423355" lon="9.6812882"/>
 <node id="2457193580" visible="true" version="1" changeset="17823506" timestamp="2013-09-13T20:11:28Z" user="Omegatherion" uid="75582" lat="53.4423377" lon="9.6805065"/>
 <node id="2457193581" visible="true" version="1" changeset="17823506" timestamp="2013-09-13T20:11:28Z" user="Omegatherion" uid="75582" lat="53.4423670" lon="9.6816223"/>
 <node id="2457193582" visible="true" version="1" changeset="17823506" timestamp="2013-09-13T20:11:28Z" user="Omegatherion" uid="75582" lat="53.4423765" lon="9.6802062"/>
 <node id="2457193584" visible="true" version="1" changeset="17823506" timestamp="2013-09-13T20:11:28Z" user="Omegatherion" uid="75582" lat="53.4423929" lon="9.6815890"/>
 <node id="2457193585" visible="true" version="1" changeset="17823506" timestamp="2013-09-13T20:11:28Z" user="Omegatherion" uid="75582" lat="53.4424541" lon="9.6806712"/>
 <node id="2457193586" visible="true" version="1" changeset="17823506" timestamp="2013-09-13T20:11:28Z" user="Omegatherion" uid="75582" lat="53.4424853" lon="9.6812665"/>
 <node id="2457193587" visible="true" version="1" changeset="17823506" timestamp="2013-09-13T20:11:28Z" user="Omegatherion" uid="75582" lat="53.4425338" lon="9.6815307"/>
 <node id="2457193589" visible="true" version="1" changeset="17823506" timestamp="2013-09-13T20:11:28Z" user="Omegatherion" uid="75582" lat="53.4426023" lon="9.6842517"/>
 <node id="2457193590" visible="true" version="1" changeset="17823506" timestamp="2013-09-13T20:11:28Z" user="Omegatherion" uid="75582" lat="53.4426078" lon="9.7027588"/>
 <node id="2457193591" visible="true" version="1" changeset="17823506" timestamp="2013-09-13T20:11:28Z" user="Omegatherion" uid="75582" lat="53.4426139" lon="9.7030198"/>
 <node id="2457193593" visible="true" version="1" changeset="17823506" timestamp="2013-09-13T20:11:28Z" user="Omegatherion" uid="75582" lat="53.4427170" lon="9.6797647"/>
 <node id="2457193594" visible="true" version="1" changeset="17823506" timestamp="2013-09-13T20:11:28Z" user="Omegatherion" uid="75582" lat="53.4427328" lon="9.7031733"/>
 <node id="2457193595" visible="true" version="1" changeset="17823506" timestamp="2013-09-13T20:11:28Z" user="Omegatherion" uid="75582" lat="53.4427328" lon="9.7036569"/>
 <node id="2457193596" visible="true" version="1" changeset="17823506" timestamp="2013-09-13T20:11:28Z" user="Omegatherion" uid="75582" lat="53.4427743" lon="9.6799754"/>
 <node id="2457193597" visible="true" version="1" changeset="17823506" timestamp="2013-09-13T20:11:28Z" user="Omegatherion" uid="75582" lat="53.4428017" lon="9.6799557"/>
 <node id="2457193599" visible="true" version="1" changeset="17823506" timestamp="2013-09-13T20:11:28Z" user="Omegatherion" uid="75582" lat="53.4428170" lon="9.6801621"/>
 <node id="2457193600" visible="true" version="1" changeset="17823506" timestamp="2013-09-13T20:11:28Z" user="Omegatherion" uid="75582" lat="53.4428212" lon="9.6843044"/>
 <node id="2457193601" visible="true" version="1" changeset="17823506" timestamp="2013-09-13T20:11:28Z" user="Omegatherion" uid="75582" lat="53.4428432" lon="9.6801221"/>
 <node id="2457193602" visible="true" version="1" changeset="17823506" timestamp="2013-09-13T20:11:28Z" user="Omegatherion" uid="75582" lat="53.4428490" lon="9.6795711"/>
 <node id="2457193603" visible="true" version="1" changeset="17823506" timestamp="2013-09-13T20:11:28Z" user="Omegatherion" uid="75582" lat="53.4428777" lon="9.6795857"/>
 <node id="2457193604" visible="true" version="2" changeset="35969404" timestamp="2015-12-15T15:39:48Z" user="Heideammer" uid="347762" lat="53.4429087" lon="9.6791444"/>
 <node id="2457193605" visible="true" version="1" changeset="17823506" timestamp="2013-09-13T20:11:29Z" user="Omegatherion" uid="75582" lat="53.4428998" lon="9.6816063"/>
 <node id="2457193607" visible="true" version="1" changeset="17823506" timestamp="2013-09-13T20:11:29Z" user="Omegatherion" uid="75582" lat="53.4429339" lon="9.6789303"/>
 <node id="2457193608" visible="true" version="1" changeset="17823506" timestamp="2013-09-13T20:11:29Z" user="Omegatherion" uid="75582" lat="53.4429478" lon="9.6791071"/>
 <node id="2457193609" visible="true" version="1" changeset="17823506" timestamp="2013-09-13T20:11:29Z" user="Omegatherion" uid="75582" lat="53.4429664" lon="9.6802671"/>
 <node id="2457193610" visible="true" version="1" changeset="17823506" timestamp="2013-09-13T20:11:29Z" user="Omegatherion" uid="75582" lat="53.4429682" lon="9.6802126"/>
 <node id="2457193615" visible="true" version="1" changeset="17823506" timestamp="2013-09-13T20:11:29Z" user="Omegatherion" uid="75582" lat="53.4432495" lon="9.6801095"/>
 <node id="2457193616" visible="true" version="1" changeset="17823506" timestamp="2013-09-13T20:11:29Z" user="Omegatherion" uid="75582" lat="53.4432526" lon="9.6818578"/>
 <node id="2457193617" visible="true" version="1" changeset="17823506" timestamp="2013-09-13T20:11:29Z" user="Omegatherion" uid="75582" lat="53.4432529" lon="9.6801673"/>
 <node id="2457193619" visible="true" version="1" changeset="17823506" timestamp="2013-09-13T20:11:29Z" user="Omegatherion" uid="75582" lat="53.4435119" lon="9.6812481"/>
 <node id="2457193620" visible="true" version="1" changeset="17823506" timestamp="2013-09-13T20:11:29Z" user="Omegatherion" uid="75582" lat="53.4435310" lon="9.6813464"/>
 <node id="2457193621" visible="true" version="1" changeset="17823506" timestamp="2013-09-13T20:11:29Z" user="Omegatherion" uid="75582" lat="53.4435350" lon="9.6812371"/>
 <node id="2457193622" visible="true" version="1" changeset="17823506" timestamp="2013-09-13T20:11:29Z" user="Omegatherion" uid="75582" lat="53.4435841" lon="9.6799692"/>
 <node id="2457193623" visible="true" version="1" changeset="17823506" timestamp="2013-09-13T20:11:29Z" user="Omegatherion" uid="75582" lat="53.4435884" lon="9.6813292"/>
 <node id="2457193624" visible="true" version="1" changeset="17823506" timestamp="2013-09-13T20:11:29Z" user="Omegatherion" uid="75582" lat="53.4436432" lon="9.6811168"/>
 <node id="2457193626" visible="true" version="1" changeset="17823506" timestamp="2013-09-13T20:11:29Z" user="Omegatherion" uid="75582" lat="53.4439740" lon="9.6818154"/>
 <node id="2457193627" visible="true" version="1" changeset="17823506" timestamp="2013-09-13T20:11:29Z" user="Omegatherion" uid="75582" lat="53.4439901" lon="9.7047137"/>
 <node id="2457193630" visible="true" version="1" changeset="17823506" timestamp="2013-09-13T20:11:29Z" user="Omegatherion" uid="75582" lat="53.4440029" lon="9.6809735"/>
 <node id="2457193631" visible="true" version="1" changeset="17823506" timestamp="2013-09-13T20:11:29Z" user="Omegatherion" uid="75582" lat="53.4442910" lon="9.6806818"/>
 <node id="2457193633" visible="true" version="1" changeset="17823506" timestamp="2013-09-13T20:11:29Z" user="Omegatherion" uid="75582" lat="53.4443397" lon="9.6800421"/>
 <node id="2457193635" visible="true" version="1" changeset="17823506" timestamp="2013-09-13T20:11:29Z" user="Omegatherion" uid="75582" lat="53.4445333" lon="9.6801035"/>
 <node id="2457193641" visible="true" version="1" changeset="17823506" timestamp="2013-09-13T20:11:29Z" user="Omegatherion" uid="75582" lat="53.4449433" lon="9.6807765"/>
 <node id="2457193642" visible="true" version="1" changeset="17823506" timestamp="2013-09-13T20:11:29Z" user="Omegatherion" uid="75582" lat="53.4452168" lon="9.6874772"/>
 <node id="2457193651" visible="true" version="1" changeset="17823506" timestamp="2013-09-13T20:11:30Z" user="Omegatherion" uid="75582" lat="53.4460680" lon="9.6839239"/>
 <node id="2457193652" visible="true" version="1" changeset="17823506" timestamp="2013-09-13T20:11:30Z" user="Omegatherion" uid="75582" lat="53.4461843" lon="9.6936944"/>
 <node id="2457193653" visible="true" version="1" changeset="17823506" timestamp="2013-09-13T20:11:30Z" user="Omegatherion" uid="75582" lat="53.4461883" lon="9.6939779"/>
 <node id="2457193654" visible="true" version="1" changeset="17823506" timestamp="2013-09-13T20:11:30Z" user="Omegatherion" uid="75582" lat="53.4461960" lon="9.6939745"/>
 <node id="2457193656" visible="true" version="1" changeset="17823506" timestamp="2013-09-13T20:11:30Z" user="Omegatherion" uid="75582" lat="53.4462103" lon="9.6936822"/>
 <node id="2457193658" visible="true" version="1" changeset="17823506" timestamp="2013-09-13T20:11:30Z" user="Omegatherion" uid="75582" lat="53.4463178" lon="9.6936758"/>
 <node id="2457193660" visible="true" version="1" changeset="17823506" timestamp="2013-09-13T20:11:30Z" user="Omegatherion" uid="75582" lat="53.4463667" lon="9.6827903"/>
 <node id="2457193664" visible="true" version="2" changeset="69849616" timestamp="2019-05-03T15:51:14Z" user="usernamex91" uid="9851549" lat="53.4463994" lon="9.6826945"/>
 <node id="2457193670" visible="true" version="1" changeset="17823506" timestamp="2013-09-13T20:11:30Z" user="Omegatherion" uid="75582" lat="53.4465444" lon="9.7042378"/>
 <node id="2457193672" visible="true" version="1" changeset="17823506" timestamp="2013-09-13T20:11:30Z" user="Omegatherion" uid="75582" lat="53.4465902" lon="9.6816814"/>
 <node id="2457193673" visible="true" version="2" changeset="69849616" timestamp="2019-05-03T15:51:13Z" user="usernamex91" uid="9851549" lat="53.4470367" lon="9.7032817"/>
 <node id="2457193675" visible="true" version="2" changeset="69849616" timestamp="2019-05-03T15:51:13Z" user="usernamex91" uid="9851549" lat="53.4470228" lon="9.7029877"/>
 <node id="2457193679" visible="true" version="1" changeset="17823506" timestamp="2013-09-13T20:11:30Z" user="Omegatherion" uid="75582" lat="53.4472723" lon="9.6886907"/>
 <node id="2457193693" visible="true" version="1" changeset="17823506" timestamp="2013-09-13T20:11:30Z" user="Omegatherion" uid="75582" lat="53.4483548" lon="9.6905108"/>
 <node id="2457193694" visible="true" version="1" changeset="17823506" timestamp="2013-09-13T20:11:30Z" user="Omegatherion" uid="75582" lat="53.4484706" lon="9.6792677"/>
 <node id="2457193695" visible="true" version="2" changeset="69849616" timestamp="2019-05-03T15:51:13Z" user="usernamex91" uid="9851549" lat="53.4485246" lon="9.6912418"/>
 <node id="2457193702" visible="true" version="2" changeset="69849616" timestamp="2019-05-03T15:51:13Z" user="usernamex91" uid="9851549" lat="53.4491340" lon="9.6902909"/>
 <node id="2457193706" visible="true" version="2" changeset="140231582" timestamp="2023-08-22T14:10:03Z" user="TomJeffs" uid="6397757" lat="53.4493524" lon="9.6941651"/>
 <node id="2457193712" visible="true" version="1" changeset="17823506" timestamp="2013-09-13T20:11:31Z" user="Omegatherion" uid="75582" lat="53.4493994" lon="9.6773823"/>
 <node id="2457193715" visible="true" version="1" changeset="17823506" timestamp="2013-09-13T20:11:31Z" user="Omegatherion" uid="75582" lat="53.4494428" lon="9.7005766"/>
 <node id="2457193723" visible="true" version="2" changeset="140231582" timestamp="2023-08-22T14:10:03Z" user="TomJeffs" uid="6397757" lat="53.4496268" lon="9.6928280"/>
 <node id="2457193730" visible="true" version="2" changeset="69849616" timestamp="2019-05-03T15:51:13Z" user="usernamex91" uid="9851549" lat="53.4501378" lon="9.6896210"/>
 <node id="2457193762" visible="true" version="1" changeset="17823506" timestamp="2013-09-13T20:11:33Z" user="Omegatherion" uid="75582" lat="53.4511260" lon="9.6949865"/>
 <node id="2463357874" visible="true" version="1" changeset="17914080" timestamp="2013-09-18T21:26:47Z" user="Omegatherion" uid="75582" lat="53.4530440" lon="9.6924102"/>
 <node id="2463357893" visible="true" version="1" changeset="17914080" timestamp="2013-09-18T21:26:47Z" user="Omegatherion" uid="75582" lat="53.4555663" lon="9.6900315"/>
 <node id="2463357897" visible="true" version="2" changeset="69849616" timestamp="2019-05-03T15:51:14Z" user="usernamex91" uid="9851549" lat="53.4558330" lon="9.6907952"/>
 <node id="2463357903" visible="true" version="2" changeset="19426312" timestamp="2013-12-13T07:27:04Z" user="user_1418319" uid="1418319" lat="53.4563972" lon="9.6909982"/>
 <node id="2464928332" visible="true" version="1" changeset="17934001" timestamp="2013-09-20T05:50:59Z" user="Omegatherion" uid="75582" lat="53.4500008" lon="9.7035595"/>
 <node id="2465865631" visible="true" version="1" changeset="17946246" timestamp="2013-09-20T20:09:25Z" user="Omegatherion" uid="75582" lat="53.4581025" lon="9.6875097"/>
 <node id="2465865665" visible="true" version="1" changeset="17946246" timestamp="2013-09-20T20:09:26Z" user="Omegatherion" uid="75582" lat="53.4581749" lon="9.6892691"/>
 <node id="2465865668" visible="true" version="1" changeset="17946246" timestamp="2013-09-20T20:09:26Z" user="Omegatherion" uid="75582" lat="53.4582109" lon="9.6892956"/>
 <node id="2465865673" visible="true" version="1" changeset="17946246" timestamp="2013-09-20T20:09:26Z" user="Omegatherion" uid="75582" lat="53.4586932" lon="9.6896507"/>
 <node id="2465865675" visible="true" version="1" changeset="17946246" timestamp="2013-09-20T20:09:26Z" user="Omegatherion" uid="75582" lat="53.4588033" lon="9.6897317"/>
 <node id="2465865682" visible="true" version="1" changeset="17946246" timestamp="2013-09-20T20:09:26Z" user="Omegatherion" uid="75582" lat="53.4589649" lon="9.6891032"/>
 <node id="2470318735" visible="true" version="2" changeset="35969404" timestamp="2015-12-15T15:39:48Z" user="Heideammer" uid="347762" lat="53.4387900" lon="9.6750340"/>
 <node id="2501143374" visible="true" version="1" changeset="18426705" timestamp="2013-10-18T21:56:33Z" user="Omegatherion" uid="75582" lat="53.4530164" lon="9.6955722">
  <tag k="name" v="Eilendorf"/>
  <tag k="traffic_sign" v="city_limit"/>
 </node>
 <node id="2501143439" visible="true" version="5" changeset="120907220" timestamp="2022-05-12T21:40:58Z" user="Funki-Bux" uid="15130873" lat="53.4520292" lon="9.7035408">
  <tag k="addr:city" v="Buxtehude"/>
  <tag k="addr:country" v="DE"/>
  <tag k="addr:housenumber" v="1a"/>
  <tag k="addr:postcode" v="21614"/>
  <tag k="addr:street" v="Altklosterbergstraße"/>
  <tag k="entrance" v="yes"/>
 </node>
 <node id="2501143441" visible="true" version="5" changeset="120907220" timestamp="2022-05-12T21:40:58Z" user="Funki-Bux" uid="15130873" lat="53.4520467" lon="9.7033870">
  <tag k="addr:city" v="Buxtehude"/>
  <tag k="addr:country" v="DE"/>
  <tag k="addr:housenumber" v="1b"/>
  <tag k="addr:postcode" v="21614"/>
  <tag k="addr:street" v="Altklosterbergstraße"/>
  <tag k="entrance" v="yes"/>
 </node>
 <node id="2501143520" visible="true" version="6" changeset="120907220" timestamp="2022-05-12T21:40:58Z" user="Funki-Bux" uid="15130873" lat="53.4517918" lon="9.7029635">
  <tag k="addr:city" v="Buxtehude"/>
  <tag k="addr:country" v="DE"/>
  <tag k="addr:housenumber" v="2b"/>
  <tag k="addr:postcode" v="21614"/>
  <tag k="addr:street" v="Eilendorfer Weg"/>
  <tag k="entrance" v="yes"/>
 </node>
 <node id="2501143768" visible="true" version="2" changeset="140246360" timestamp="2023-08-22T20:43:24Z" user="TomJeffs" uid="6397757" lat="53.4467747" lon="9.6927247"/>
 <node id="2501143780" visible="true" version="2" changeset="69849616" timestamp="2019-05-03T15:51:13Z" user="usernamex91" uid="9851549" lat="53.4502617" lon="9.7017665"/>
 <node id="2501143782" visible="true" version="2" changeset="69849616" timestamp="2019-05-03T15:51:13Z" user="usernamex91" uid="9851549" lat="53.4502624" lon="9.7034198"/>
 <node id="2501143784" visible="true" version="2" changeset="69849616" timestamp="2019-05-03T15:51:13Z" user="usernamex91" uid="9851549" lat="53.4504102" lon="9.7005745"/>
 <node id="2501143786" visible="true" version="2" changeset="69849616" timestamp="2019-05-03T15:51:13Z" user="usernamex91" uid="9851549" lat="53.4504078" lon="9.7017201"/>
 <node id="2501143788" visible="true" version="1" changeset="18426705" timestamp="2013-10-18T21:56:46Z" user="Omegatherion" uid="75582" lat="53.4507039" lon="9.7005337"/>
 <node id="2501143790" visible="true" version="1" changeset="18426705" timestamp="2013-10-18T21:56:46Z" user="Omegatherion" uid="75582" lat="53.4507064" lon="9.7001790"/>
 <node id="2501143796" visible="true" version="1" changeset="18426705" timestamp="2013-10-18T21:56:46Z" user="Omegatherion" uid="75582" lat="53.4509734" lon="9.7033670"/>
 <node id="2501143800" visible="true" version="1" changeset="18426705" timestamp="2013-10-18T21:56:46Z" user="Omegatherion" uid="75582" lat="53.4516500" lon="9.7003105"/>
 <node id="2501143802" visible="true" version="6" changeset="59751435" timestamp="2018-06-11T18:48:46Z" user="sundew" uid="617520" lat="53.4516495" lon="9.7013987">
  <tag k="bench" v="yes"/>
  <tag k="highway" v="bus_stop"/>
  <tag k="name" v="Eilendorf, Eilendorfer Weg"/>
  <tag k="public_transport" v="platform"/>
  <tag k="route_ref" v="2038;AST"/>
  <tag k="shelter" v="yes"/>
  <tag k="waste_basket" v="yes"/>
 </node>
 <node id="2501143803" visible="true" version="1" changeset="18426705" timestamp="2013-10-18T21:56:46Z" user="Omegatherion" uid="75582" lat="53.4517041" lon="9.7035178"/>
 <node id="2501143804" visible="true" version="3" changeset="20665023" timestamp="2014-02-19T21:49:05Z" user="sundew" uid="617520" lat="53.4516785" lon="9.7014153">
  <tag k="bus" v="yes"/>
  <tag k="name" v="Eilendorf, Eilendorfer Weg"/>
  <tag k="public_transport" v="stop_position"/>
 </node>
 <node id="2501143806" visible="true" version="3" changeset="20665023" timestamp="2014-02-19T21:49:05Z" user="sundew" uid="617520" lat="53.4521007" lon="9.7001367">
  <tag k="bus" v="yes"/>
  <tag k="name" v="Eilendorf, Eilendorfer Weg"/>
  <tag k="public_transport" v="stop_position"/>
 </node>
 <node id="2501143809" visible="true" version="6" changeset="59751435" timestamp="2018-06-11T18:48:46Z" user="sundew" uid="617520" lat="53.4521360" lon="9.7001725">
  <tag k="bench" v="yes"/>
  <tag k="highway" v="bus_stop"/>
  <tag k="name" v="Eilendorf, Eilendorfer Weg"/>
  <tag k="public_transport" v="platform"/>
  <tag k="route_ref" v="2038;2114;AST"/>
  <tag k="shelter" v="yes"/>
  <tag k="waste_basket" v="yes"/>
 </node>
 <node id="2501143812" visible="true" version="1" changeset="18426705" timestamp="2013-10-18T21:56:46Z" user="Omegatherion" uid="75582" lat="53.4525753" lon="9.6974327">
  <tag k="emergency" v="fire_hydrant"/>
  <tag k="fire_hydrant:diameter" v="150"/>
  <tag k="fire_hydrant:position" v="green"/>
  <tag k="fire_hydrant:type" v="underground"/>
 </node>
 <node id="2501143817" visible="true" version="1" changeset="18426705" timestamp="2013-10-18T21:56:46Z" user="Omegatherion" uid="75582" lat="53.4526048" lon="9.6955072"/>
 <node id="2501143819" visible="true" version="1" changeset="18426705" timestamp="2013-10-18T21:56:46Z" user="Omegatherion" uid="75582" lat="53.4530470" lon="9.6956307">
  <tag k="emergency" v="fire_hydrant"/>
  <tag k="fire_hydrant:diameter" v="150"/>
  <tag k="fire_hydrant:position" v="lane"/>
  <tag k="fire_hydrant:type" v="underground"/>
 </node>
 <node id="2501143823" visible="true" version="2" changeset="21692128" timestamp="2014-04-14T18:29:18Z" user="Omegatherion" uid="75582" lat="53.4530875" lon="9.7041595"/>
 <node id="2501143825" visible="true" version="1" changeset="18426705" timestamp="2013-10-18T21:56:46Z" user="Omegatherion" uid="75582" lat="53.4533870" lon="9.7042380">
  <tag k="emergency" v="fire_hydrant"/>
  <tag k="fire_hydrant:diameter" v="125"/>
  <tag k="fire_hydrant:position" v="green"/>
  <tag k="fire_hydrant:type" v="underground"/>
 </node>
 <node id="2501143829" visible="true" version="2" changeset="21692128" timestamp="2014-04-14T18:29:18Z" user="Omegatherion" uid="75582" lat="53.4534399" lon="9.7024673"/>
 <node id="2501143831" visible="true" version="16" changeset="170778234" timestamp="2025-08-21T12:51:20Z" user="FL0815H" uid="56679" lat="53.4536115" lon="9.7044280">
  <tag k="amenity" v="post_box"/>
  <tag k="check_date" v="2025-06-08"/>
  <tag k="collection_times" v="Mo-Sa 09:30"/>
  <tag k="operator" v="Deutsche Post"/>
  <tag k="ref" v="Altklosterbergstraße 16, 21614 Buxtehude / Eilendorf"/>
 </node>
 <node id="2501143840" visible="true" version="1" changeset="18426705" timestamp="2013-10-18T21:56:47Z" user="Omegatherion" uid="75582" lat="53.4538923" lon="9.7073957"/>
 <node id="2501143842" visible="true" version="1" changeset="18426705" timestamp="2013-10-18T21:56:47Z" user="Omegatherion" uid="75582" lat="53.4540382" lon="9.7067485"/>
 <node id="2501143844" visible="true" version="2" changeset="21692128" timestamp="2014-04-14T18:29:18Z" user="Omegatherion" uid="75582" lat="53.4538560" lon="9.6958082"/>
 <node id="2501143846" visible="true" version="1" changeset="18426705" timestamp="2013-10-18T21:56:47Z" user="Omegatherion" uid="75582" lat="53.4541849" lon="9.7045549"/>
 <node id="2501143854" visible="true" version="1" changeset="18426705" timestamp="2013-10-18T21:56:47Z" user="Omegatherion" uid="75582" lat="53.4547493" lon="9.7049886"/>
 <node id="2501143857" visible="true" version="2" changeset="21531322" timestamp="2014-04-06T12:24:34Z" user="Omegatherion" uid="75582" lat="53.4547622" lon="9.7057683"/>
 <node id="2501143859" visible="true" version="2" changeset="21531322" timestamp="2014-04-06T12:24:34Z" user="Omegatherion" uid="75582" lat="53.4548528" lon="9.7054534"/>
 <node id="2501143864" visible="true" version="1" changeset="18426705" timestamp="2013-10-18T21:56:47Z" user="Omegatherion" uid="75582" lat="53.4552870" lon="9.7050384"/>
 <node id="2501143866" visible="true" version="1" changeset="18426705" timestamp="2013-10-18T21:56:47Z" user="Omegatherion" uid="75582" lat="53.4554012" lon="9.7057905"/>
 <node id="2501143868" visible="true" version="1" changeset="18426705" timestamp="2013-10-18T21:56:47Z" user="Omegatherion" uid="75582" lat="53.4557872" lon="9.7071052"/>
 <node id="2501143870" visible="true" version="1" changeset="18426705" timestamp="2013-10-18T21:56:47Z" user="Omegatherion" uid="75582" lat="53.4558285" lon="9.7075781"/>
 <node id="2501143879" visible="true" version="2" changeset="19909786" timestamp="2014-01-09T23:18:24Z" user="sundew" uid="617520" lat="53.4560865" lon="9.7067640">
  <tag k="bus" v="yes"/>
  <tag k="name" v="Eilendorf, Altklosterbergstraße"/>
  <tag k="public_transport" v="stop_position"/>
 </node>
 <node id="2501143883" visible="true" version="1" changeset="18426705" timestamp="2013-10-18T21:56:47Z" user="Omegatherion" uid="75582" lat="53.4586754" lon="9.6993398"/>
 <node id="2501143905" visible="true" version="1" changeset="18426705" timestamp="2013-10-18T21:56:48Z" user="Omegatherion" uid="75582" lat="53.4596852" lon="9.7026162"/>
 <node id="2501143906" visible="true" version="1" changeset="18426705" timestamp="2013-10-18T21:56:48Z" user="Omegatherion" uid="75582" lat="53.4597979" lon="9.7028623"/>
 <node id="2501143908" visible="true" version="1" changeset="18426705" timestamp="2013-10-18T21:56:48Z" user="Omegatherion" uid="75582" lat="53.4600896" lon="9.7018534"/>
 <node id="2501143909" visible="true" version="1" changeset="18426705" timestamp="2013-10-18T21:56:48Z" user="Omegatherion" uid="75582" lat="53.4601548" lon="9.7011385"/>
 <node id="2501143910" visible="true" version="1" changeset="18426705" timestamp="2013-10-18T21:56:49Z" user="Omegatherion" uid="75582" lat="53.4601857" lon="9.7026778"/>
 <node id="2508070840" visible="true" version="1" changeset="18532491" timestamp="2013-10-25T09:28:34Z" user="Omegatherion" uid="75582" lat="53.4516000" lon="9.7020250">
  <tag k="emergency" v="fire_hydrant"/>
  <tag k="fire_hydrant:diameter" v="150"/>
  <tag k="fire_hydrant:position" v="sidewalk"/>
  <tag k="fire_hydrant:type" v="underground"/>
 </node>
 <node id="2508070841" visible="true" version="3" changeset="59751435" timestamp="2018-06-11T18:48:47Z" user="sundew" uid="617520" lat="53.4516398" lon="9.7037120">
  <tag k="emergency" v="fire_hydrant"/>
  <tag k="fire_hydrant:diameter" v="150"/>
  <tag k="fire_hydrant:position" v="green"/>
  <tag k="fire_hydrant:type" v="underground"/>
 </node>
 <node id="2772337498" visible="true" version="1" changeset="21531322" timestamp="2014-04-06T12:24:13Z" user="Omegatherion" uid="75582" lat="53.4503634" lon="9.7021329"/>
 <node id="2772337501" visible="true" version="1" changeset="21531322" timestamp="2014-04-06T12:24:13Z" user="Omegatherion" uid="75582" lat="53.4504009" lon="9.7018238"/>
 <node id="2772337503" visible="true" version="2" changeset="120907220" timestamp="2022-05-12T21:40:58Z" user="Funki-Bux" uid="15130873" lat="53.4504749" lon="9.7031613"/>
 <node id="2772337505" visible="true" version="2" changeset="120907220" timestamp="2022-05-12T21:40:58Z" user="Funki-Bux" uid="15130873" lat="53.4504960" lon="9.7030054"/>
 <node id="2772337508" visible="true" version="1" changeset="21531322" timestamp="2014-04-06T12:24:13Z" user="Omegatherion" uid="75582" lat="53.4505619" lon="9.7022007"/>
 <node id="2772337511" visible="true" version="1" changeset="21531322" timestamp="2014-04-06T12:24:13Z" user="Omegatherion" uid="75582" lat="53.4505813" lon="9.7022232"/>
 <node id="2772337515" visible="true" version="1" changeset="21531322" timestamp="2014-04-06T12:24:13Z" user="Omegatherion" uid="75582" lat="53.4505993" lon="9.7018916"/>
 <node id="2772337517" visible="true" version="1" changeset="21531322" timestamp="2014-04-06T12:24:13Z" user="Omegatherion" uid="75582" lat="53.4506270" lon="9.7018919"/>
 <node id="2772337519" visible="true" version="2" changeset="120907220" timestamp="2022-05-12T21:40:58Z" user="Funki-Bux" uid="15130873" lat="53.4507424" lon="9.7032632"/>
 <node id="2772337522" visible="true" version="2" changeset="120907220" timestamp="2022-05-12T21:40:58Z" user="Funki-Bux" uid="15130873" lat="53.4507634" lon="9.7031073"/>
 <node id="2772337525" visible="true" version="1" changeset="21531322" timestamp="2014-04-06T12:24:13Z" user="Omegatherion" uid="75582" lat="53.4509447" lon="9.7023646"/>
 <node id="2772337529" visible="true" version="1" changeset="21531322" timestamp="2014-04-06T12:24:13Z" user="Omegatherion" uid="75582" lat="53.4509904" lon="9.7020334"/>
 <node id="2772337531" visible="true" version="1" changeset="21531322" timestamp="2014-04-06T12:24:13Z" user="Omegatherion" uid="75582" lat="53.4509912" lon="9.7029147"/>
 <node id="2772337533" visible="true" version="1" changeset="21531322" timestamp="2014-04-06T12:24:13Z" user="Omegatherion" uid="75582" lat="53.4510770" lon="9.7022612"/>
 <node id="2772337535" visible="true" version="1" changeset="21531322" timestamp="2014-04-06T12:24:13Z" user="Omegatherion" uid="75582" lat="53.4511207" lon="9.7029626"/>
 <node id="2772337536" visible="true" version="1" changeset="21531322" timestamp="2014-04-06T12:24:13Z" user="Omegatherion" uid="75582" lat="53.4512065" lon="9.7023092"/>
 <node id="2772337545" visible="true" version="1" changeset="21531322" timestamp="2014-04-06T12:24:13Z" user="Omegatherion" uid="75582" lat="53.4519079" lon="9.6999187"/>
 <node id="2772337547" visible="true" version="1" changeset="21531322" timestamp="2014-04-06T12:24:13Z" user="Omegatherion" uid="75582" lat="53.4519504" lon="9.6997168"/>
 <node id="2772337553" visible="true" version="1" changeset="21531322" timestamp="2014-04-06T12:24:13Z" user="Omegatherion" uid="75582" lat="53.4519828" lon="9.6993156"/>
 <node id="2772337554" visible="true" version="1" changeset="21531322" timestamp="2014-04-06T12:24:13Z" user="Omegatherion" uid="75582" lat="53.4519846" lon="9.6996576"/>
 <node id="2772337556" visible="true" version="1" changeset="21531322" timestamp="2014-04-06T12:24:13Z" user="Omegatherion" uid="75582" lat="53.4519935" lon="9.6999695"/>
 <node id="2772337558" visible="true" version="1" changeset="21531322" timestamp="2014-04-06T12:24:13Z" user="Omegatherion" uid="75582" lat="53.4520138" lon="9.6995066"/>
 <node id="2772337560" visible="true" version="1" changeset="21531322" timestamp="2014-04-06T12:24:13Z" user="Omegatherion" uid="75582" lat="53.4520311" lon="9.6990640"/>
 <node id="2772337562" visible="true" version="1" changeset="21531322" timestamp="2014-04-06T12:24:13Z" user="Omegatherion" uid="75582" lat="53.4520360" lon="9.6997676"/>
 <node id="2772337563" visible="true" version="1" changeset="21531322" timestamp="2014-04-06T12:24:13Z" user="Omegatherion" uid="75582" lat="53.4520500" lon="9.6993521"/>
 <node id="2772337565" visible="true" version="1" changeset="21531322" timestamp="2014-04-06T12:24:13Z" user="Omegatherion" uid="75582" lat="53.4520599" lon="9.6996987"/>
 <node id="2772337567" visible="true" version="1" changeset="21531322" timestamp="2014-04-06T12:24:13Z" user="Omegatherion" uid="75582" lat="53.4520770" lon="9.6992116"/>
 <node id="2772337571" visible="true" version="1" changeset="21531322" timestamp="2014-04-06T12:24:14Z" user="Omegatherion" uid="75582" lat="53.4520892" lon="9.6995478"/>
 <node id="2772337572" visible="true" version="1" changeset="21531322" timestamp="2014-04-06T12:24:14Z" user="Omegatherion" uid="75582" lat="53.4520981" lon="9.6991003"/>
 <node id="2772337576" visible="true" version="1" changeset="21531322" timestamp="2014-04-06T12:24:14Z" user="Omegatherion" uid="75582" lat="53.4521151" lon="9.6990114"/>
 <node id="2772337580" visible="true" version="1" changeset="21531322" timestamp="2014-04-06T12:24:14Z" user="Omegatherion" uid="75582" lat="53.4521462" lon="9.6992491"/>
 <node id="2772337581" visible="true" version="1" changeset="21531322" timestamp="2014-04-06T12:24:14Z" user="Omegatherion" uid="75582" lat="53.4521568" lon="9.6986907"/>
 <node id="2772337586" visible="true" version="1" changeset="21531322" timestamp="2014-04-06T12:24:14Z" user="Omegatherion" uid="75582" lat="53.4521846" lon="9.6990489"/>
 <node id="2772337590" visible="true" version="1" changeset="21531322" timestamp="2014-04-06T12:24:14Z" user="Omegatherion" uid="75582" lat="53.4521899" lon="9.6985166"/>
 <node id="2772337591" visible="true" version="1" changeset="21531322" timestamp="2014-04-06T12:24:14Z" user="Omegatherion" uid="75582" lat="53.4522147" lon="9.6987218"/>
 <node id="2772337593" visible="true" version="1" changeset="21531322" timestamp="2014-04-06T12:24:14Z" user="Omegatherion" uid="75582" lat="53.4522479" lon="9.6985477"/>
 <node id="2772337595" visible="true" version="1" changeset="21531322" timestamp="2014-04-06T12:24:14Z" user="Omegatherion" uid="75582" lat="53.4522659" lon="9.6981735"/>
 <node id="2772337597" visible="true" version="1" changeset="21531322" timestamp="2014-04-06T12:24:14Z" user="Omegatherion" uid="75582" lat="53.4522844" lon="9.6978881"/>
 <node id="2772337598" visible="true" version="1" changeset="21531322" timestamp="2014-04-06T12:24:14Z" user="Omegatherion" uid="75582" lat="53.4522956" lon="9.6980255"/>
 <node id="2772337601" visible="true" version="1" changeset="21531322" timestamp="2014-04-06T12:24:14Z" user="Omegatherion" uid="75582" lat="53.4523033" lon="9.6977934"/>
 <node id="2772337603" visible="true" version="1" changeset="21531322" timestamp="2014-04-06T12:24:14Z" user="Omegatherion" uid="75582" lat="53.4523106" lon="9.7042437"/>
 <node id="2772337605" visible="true" version="1" changeset="21531322" timestamp="2014-04-06T12:24:14Z" user="Omegatherion" uid="75582" lat="53.4523209" lon="9.7044184"/>
 <node id="2772337607" visible="true" version="1" changeset="21531322" timestamp="2014-04-06T12:24:14Z" user="Omegatherion" uid="75582" lat="53.4523316" lon="9.6982106"/>
 <node id="2772337608" visible="true" version="1" changeset="21531322" timestamp="2014-04-06T12:24:14Z" user="Omegatherion" uid="75582" lat="53.4523361" lon="9.7040794"/>
 <node id="2772337610" visible="true" version="1" changeset="21531322" timestamp="2014-04-06T12:24:14Z" user="Omegatherion" uid="75582" lat="53.4523456" lon="9.7042590"/>
 <node id="2772337613" visible="true" version="1" changeset="21531322" timestamp="2014-04-06T12:24:14Z" user="Omegatherion" uid="75582" lat="53.4523560" lon="9.6978231"/>
 <node id="2772337615" visible="true" version="1" changeset="21531322" timestamp="2014-04-06T12:24:14Z" user="Omegatherion" uid="75582" lat="53.4523612" lon="9.6980626"/>
 <node id="2772337617" visible="true" version="1" changeset="21531322" timestamp="2014-04-06T12:24:14Z" user="Omegatherion" uid="75582" lat="53.4523686" lon="9.6975028"/>
 <node id="2772337619" visible="true" version="1" changeset="21531322" timestamp="2014-04-06T12:24:14Z" user="Omegatherion" uid="75582" lat="53.4523795" lon="9.6970894"/>
 <node id="2772337620" visible="true" version="1" changeset="21531322" timestamp="2014-04-06T12:24:14Z" user="Omegatherion" uid="75582" lat="53.4523826" lon="9.6975197"/>
 <node id="2772337623" visible="true" version="1" changeset="21531322" timestamp="2014-04-06T12:24:14Z" user="Omegatherion" uid="75582" lat="53.4523842" lon="9.6975113"/>
 <node id="2772337625" visible="true" version="1" changeset="21531322" timestamp="2014-04-06T12:24:14Z" user="Omegatherion" uid="75582" lat="53.4523866" lon="9.6976703"/>
 <node id="2772337627" visible="true" version="1" changeset="21531322" timestamp="2014-04-06T12:24:14Z" user="Omegatherion" uid="75582" lat="53.4523956" lon="9.6973628"/>
 <node id="2772337629" visible="true" version="1" changeset="21531322" timestamp="2014-04-06T12:24:14Z" user="Omegatherion" uid="75582" lat="53.4524031" lon="9.6979551"/>
 <node id="2772337631" visible="true" version="1" changeset="21531322" timestamp="2014-04-06T12:24:14Z" user="Omegatherion" uid="75582" lat="53.4524035" lon="9.6979531"/>
 <node id="2772337632" visible="true" version="1" changeset="21531322" timestamp="2014-04-06T12:24:14Z" user="Omegatherion" uid="75582" lat="53.4524046" lon="9.6979537"/>
 <node id="2772337635" visible="true" version="1" changeset="21531322" timestamp="2014-04-06T12:24:14Z" user="Omegatherion" uid="75582" lat="53.4524093" lon="9.7042870"/>
 <node id="2772337637" visible="true" version="1" changeset="21531322" timestamp="2014-04-06T12:24:14Z" user="Omegatherion" uid="75582" lat="53.4524107" lon="9.6973710"/>
 <node id="2772337639" visible="true" version="1" changeset="21531322" timestamp="2014-04-06T12:24:14Z" user="Omegatherion" uid="75582" lat="53.4524255" lon="9.6968812"/>
 <node id="2772337640" visible="true" version="1" changeset="21531322" timestamp="2014-04-06T12:24:14Z" user="Omegatherion" uid="75582" lat="53.4524279" lon="9.6972815"/>
 <node id="2772337642" visible="true" version="1" changeset="21531322" timestamp="2014-04-06T12:24:14Z" user="Omegatherion" uid="75582" lat="53.4524289" lon="9.7044658"/>
 <node id="2772337645" visible="true" version="1" changeset="21531322" timestamp="2014-04-06T12:24:14Z" user="Omegatherion" uid="75582" lat="53.4524349" lon="9.7041227"/>
 <node id="2772337647" visible="true" version="1" changeset="21531322" timestamp="2014-04-06T12:24:14Z" user="Omegatherion" uid="75582" lat="53.4524537" lon="9.6977082"/>
 <node id="2772337649" visible="true" version="1" changeset="21531322" timestamp="2014-04-06T12:24:14Z" user="Omegatherion" uid="75582" lat="53.4524537" lon="9.7043064"/>
 <node id="2772337650" visible="true" version="1" changeset="21531322" timestamp="2014-04-06T12:24:14Z" user="Omegatherion" uid="75582" lat="53.4524571" lon="9.6971377"/>
 <node id="2772337652" visible="true" version="1" changeset="21531322" timestamp="2014-04-06T12:24:14Z" user="Omegatherion" uid="75582" lat="53.4524764" lon="9.6975706"/>
 <node id="2772337654" visible="true" version="1" changeset="21531322" timestamp="2014-04-06T12:24:14Z" user="Omegatherion" uid="75582" lat="53.4524817" lon="9.6968862"/>
 <node id="2772337657" visible="true" version="1" changeset="21531322" timestamp="2014-04-06T12:24:14Z" user="Omegatherion" uid="75582" lat="53.4524913" lon="9.6999072"/>
 <node id="2772337659" visible="true" version="1" changeset="21531322" timestamp="2014-04-06T12:24:14Z" user="Omegatherion" uid="75582" lat="53.4525031" lon="9.6969295"/>
 <node id="2772337660" visible="true" version="1" changeset="21531322" timestamp="2014-04-06T12:24:14Z" user="Omegatherion" uid="75582" lat="53.4525221" lon="9.6973326"/>
 <node id="2772337662" visible="true" version="1" changeset="21531322" timestamp="2014-04-06T12:24:14Z" user="Omegatherion" uid="75582" lat="53.4525274" lon="9.6997577"/>
 <node id="2772337664" visible="true" version="1" changeset="21531322" timestamp="2014-04-06T12:24:14Z" user="Omegatherion" uid="75582" lat="53.4525308" lon="9.6966707"/>
 <node id="2772337666" visible="true" version="1" changeset="21531322" timestamp="2014-04-06T12:24:14Z" user="Omegatherion" uid="75582" lat="53.4525310" lon="9.7044454"/>
 <node id="2772337669" visible="true" version="1" changeset="21531322" timestamp="2014-04-06T12:24:14Z" user="Omegatherion" uid="75582" lat="53.4525626" lon="9.6969382"/>
 <node id="2772337671" visible="true" version="1" changeset="21531322" timestamp="2014-04-06T12:24:14Z" user="Omegatherion" uid="75582" lat="53.4525632" lon="9.6965588"/>
 <node id="2772337672" visible="true" version="1" changeset="21531322" timestamp="2014-04-06T12:24:15Z" user="Omegatherion" uid="75582" lat="53.4525793" lon="9.7043595"/>
 <node id="2772337674" visible="true" version="1" changeset="21531322" timestamp="2014-04-06T12:24:15Z" user="Omegatherion" uid="75582" lat="53.4525885" lon="9.6997992"/>
 <node id="2772337676" visible="true" version="1" changeset="21531322" timestamp="2014-04-06T12:24:15Z" user="Omegatherion" uid="75582" lat="53.4526009" lon="9.6997475"/>
 <node id="2772337678" visible="true" version="1" changeset="21531322" timestamp="2014-04-06T12:24:15Z" user="Omegatherion" uid="75582" lat="53.4526032" lon="9.7045602"/>
 <node id="2772337681" visible="true" version="1" changeset="21531322" timestamp="2014-04-06T12:24:15Z" user="Omegatherion" uid="75582" lat="53.4526033" lon="9.6960559"/>
 <node id="2772337683" visible="true" version="1" changeset="21531322" timestamp="2014-04-06T12:24:15Z" user="Omegatherion" uid="75582" lat="53.4526115" lon="9.7042537"/>
 <node id="2772337685" visible="true" version="1" changeset="21531322" timestamp="2014-04-06T12:24:15Z" user="Omegatherion" uid="75582" lat="53.4526118" lon="9.6967228"/>
 <node id="2772337686" visible="true" version="1" changeset="21531322" timestamp="2014-04-06T12:24:15Z" user="Omegatherion" uid="75582" lat="53.4526147" lon="9.6999910"/>
 <node id="2772337688" visible="true" version="1" changeset="21531322" timestamp="2014-04-06T12:24:15Z" user="Omegatherion" uid="75582" lat="53.4526162" lon="9.6962982"/>
 <node id="2772337691" visible="true" version="1" changeset="21531322" timestamp="2014-04-06T12:24:15Z" user="Omegatherion" uid="75582" lat="53.4526375" lon="9.6958679"/>
 <node id="2772337693" visible="true" version="1" changeset="21531322" timestamp="2014-04-06T12:24:15Z" user="Omegatherion" uid="75582" lat="53.4526482" lon="9.7044803"/>
 <node id="2772337695" visible="true" version="1" changeset="21531322" timestamp="2014-04-06T12:24:15Z" user="Omegatherion" uid="75582" lat="53.4526595" lon="9.6993714"/>
 <node id="2772337697" visible="true" version="1" changeset="21531322" timestamp="2014-04-06T12:24:15Z" user="Omegatherion" uid="75582" lat="53.4526631" lon="9.6997898"/>
 <node id="2772337699" visible="true" version="1" changeset="21531322" timestamp="2014-04-06T12:24:15Z" user="Omegatherion" uid="75582" lat="53.4526728" lon="9.7038453"/>
 <node id="2772337700" visible="true" version="1" changeset="21531322" timestamp="2014-04-06T12:24:15Z" user="Omegatherion" uid="75582" lat="53.4526751" lon="9.6966230"/>
 <node id="2772337703" visible="true" version="1" changeset="21531322" timestamp="2014-04-06T12:24:15Z" user="Omegatherion" uid="75582" lat="53.4526975" lon="9.7043222"/>
 <node id="2772337705" visible="true" version="1" changeset="21531322" timestamp="2014-04-06T12:24:15Z" user="Omegatherion" uid="75582" lat="53.4526992" lon="9.6991825"/>
 <node id="2772337707" visible="true" version="1" changeset="21531322" timestamp="2014-04-06T12:24:15Z" user="Omegatherion" uid="75582" lat="53.4527004" lon="9.7036582"/>
 <node id="2772337709" visible="true" version="1" changeset="21531322" timestamp="2014-04-06T12:24:15Z" user="Omegatherion" uid="75582" lat="53.4527032" lon="9.6961070"/>
 <node id="2772337711" visible="true" version="1" changeset="21531322" timestamp="2014-04-06T12:24:15Z" user="Omegatherion" uid="75582" lat="53.4527281" lon="9.6963624"/>
 <node id="2772337713" visible="true" version="1" changeset="21531322" timestamp="2014-04-06T12:24:15Z" user="Omegatherion" uid="75582" lat="53.4527373" lon="9.6959190"/>
 <node id="2772337715" visible="true" version="1" changeset="21531322" timestamp="2014-04-06T12:24:15Z" user="Omegatherion" uid="75582" lat="53.4527627" lon="9.7043910"/>
 <node id="2772337717" visible="true" version="1" changeset="21531322" timestamp="2014-04-06T12:24:15Z" user="Omegatherion" uid="75582" lat="53.4527647" lon="9.7038835"/>
 <node id="2772337718" visible="true" version="1" changeset="21531322" timestamp="2014-04-06T12:24:15Z" user="Omegatherion" uid="75582" lat="53.4527694" lon="9.6994366"/>
 <node id="2772337720" visible="true" version="1" changeset="21531322" timestamp="2014-04-06T12:24:15Z" user="Omegatherion" uid="75582" lat="53.4527736" lon="9.7044874"/>
 <node id="2772337722" visible="true" version="1" changeset="21531322" timestamp="2014-04-06T12:24:15Z" user="Omegatherion" uid="75582" lat="53.4527923" lon="9.7036964"/>
 <node id="2772337723" visible="true" version="1" changeset="21531322" timestamp="2014-04-06T12:24:15Z" user="Omegatherion" uid="75582" lat="53.4527938" lon="9.7044157"/>
 <node id="2772337726" visible="true" version="1" changeset="21531322" timestamp="2014-04-06T12:24:15Z" user="Omegatherion" uid="75582" lat="53.4528020" lon="9.7042516"/>
 <node id="2772337728" visible="true" version="1" changeset="21531322" timestamp="2014-04-06T12:24:15Z" user="Omegatherion" uid="75582" lat="53.4528091" lon="9.6992477"/>
 <node id="2772337730" visible="true" version="1" changeset="21531322" timestamp="2014-04-06T12:24:15Z" user="Omegatherion" uid="75582" lat="53.4528465" lon="9.6978414"/>
 <node id="2772337732" visible="true" version="1" changeset="21531322" timestamp="2014-04-06T12:24:15Z" user="Omegatherion" uid="75582" lat="53.4528542" lon="9.7045515"/>
 <node id="2772337733" visible="true" version="1" changeset="21531322" timestamp="2014-04-06T12:24:15Z" user="Omegatherion" uid="75582" lat="53.4528858" lon="9.6996511"/>
 <node id="2772337735" visible="true" version="1" changeset="21531322" timestamp="2014-04-06T12:24:15Z" user="Omegatherion" uid="75582" lat="53.4529081" lon="9.6974879"/>
 <node id="2772337738" visible="true" version="1" changeset="21531322" timestamp="2014-04-06T12:24:15Z" user="Omegatherion" uid="75582" lat="53.4529137" lon="9.7043404"/>
 <node id="2772337740" visible="true" version="1" changeset="21531322" timestamp="2014-04-06T12:24:15Z" user="Omegatherion" uid="75582" lat="53.4529439" lon="9.6978893"/>
 <node id="2772337741" visible="true" version="1" changeset="21531322" timestamp="2014-04-06T12:24:15Z" user="Omegatherion" uid="75582" lat="53.4529480" lon="9.7045337"/>
 <node id="2772337743" visible="true" version="1" changeset="21531322" timestamp="2014-04-06T12:24:15Z" user="Omegatherion" uid="75582" lat="53.4529921" lon="9.7043772"/>
 <node id="2772337745" visible="true" version="1" changeset="21531322" timestamp="2014-04-06T12:24:15Z" user="Omegatherion" uid="75582" lat="53.4530055" lon="9.6975358"/>
 <node id="2772337746" visible="true" version="1" changeset="21531322" timestamp="2014-04-06T12:24:15Z" user="Omegatherion" uid="75582" lat="53.4530191" lon="9.7034029"/>
 <node id="2772337748" visible="true" version="1" changeset="21531322" timestamp="2014-04-06T12:24:15Z" user="Omegatherion" uid="75582" lat="53.4530344" lon="9.6979626"/>
 <node id="2772337751" visible="true" version="1" changeset="21531322" timestamp="2014-04-06T12:24:15Z" user="Omegatherion" uid="75582" lat="53.4530454" lon="9.7046111"/>
 <node id="2772337753" visible="true" version="1" changeset="21531322" timestamp="2014-04-06T12:24:15Z" user="Omegatherion" uid="75582" lat="53.4530462" lon="9.7031779"/>
 <node id="2772337754" visible="true" version="1" changeset="21531322" timestamp="2014-04-06T12:24:15Z" user="Omegatherion" uid="75582" lat="53.4530520" lon="9.7029339"/>
 <node id="2772337756" visible="true" version="1" changeset="21531322" timestamp="2014-04-06T12:24:15Z" user="Omegatherion" uid="75582" lat="53.4530624" lon="9.7028419"/>
 <node id="2772337758" visible="true" version="1" changeset="21531322" timestamp="2014-04-06T12:24:15Z" user="Omegatherion" uid="75582" lat="53.4530895" lon="9.7044546"/>
 <node id="2772337760" visible="true" version="1" changeset="21531322" timestamp="2014-04-06T12:24:15Z" user="Omegatherion" uid="75582" lat="53.4530948" lon="9.7034286"/>
 <node id="2772337763" visible="true" version="1" changeset="21531322" timestamp="2014-04-06T12:24:15Z" user="Omegatherion" uid="75582" lat="53.4531167" lon="9.7028592"/>
 <node id="2772337765" visible="true" version="1" changeset="21531322" timestamp="2014-04-06T12:24:15Z" user="Omegatherion" uid="75582" lat="53.4531218" lon="9.7032036"/>
 <node id="2772337767" visible="true" version="1" changeset="21531322" timestamp="2014-04-06T12:24:15Z" user="Omegatherion" uid="75582" lat="53.4531241" lon="9.6974873"/>
 <node id="2772337769" visible="true" version="1" changeset="21531322" timestamp="2014-04-06T12:24:15Z" user="Omegatherion" uid="75582" lat="53.4531311" lon="9.7027317"/>
 <node id="2772337771" visible="true" version="1" changeset="21531322" timestamp="2014-04-06T12:24:15Z" user="Omegatherion" uid="75582" lat="53.4531454" lon="9.6980217"/>
 <node id="2772337774" visible="true" version="1" changeset="21531322" timestamp="2014-04-06T12:24:16Z" user="Omegatherion" uid="75582" lat="53.4531671" lon="9.7025869"/>
 <node id="2772337776" visible="true" version="1" changeset="21531322" timestamp="2014-04-06T12:24:16Z" user="Omegatherion" uid="75582" lat="53.4531866" lon="9.7046148"/>
 <node id="2772337777" visible="true" version="1" changeset="21531322" timestamp="2014-04-06T12:24:16Z" user="Omegatherion" uid="75582" lat="53.4531895" lon="9.7029777"/>
 <node id="2772337779" visible="true" version="1" changeset="21531322" timestamp="2014-04-06T12:24:16Z" user="Omegatherion" uid="75582" lat="53.4532020" lon="9.6969543"/>
 <node id="2772337781" visible="true" version="1" changeset="21531322" timestamp="2014-04-06T12:24:16Z" user="Omegatherion" uid="75582" lat="53.4532021" lon="9.7023201"/>
 <node id="2772337783" visible="true" version="1" changeset="21531322" timestamp="2014-04-06T12:24:16Z" user="Omegatherion" uid="75582" lat="53.4532142" lon="9.7027582"/>
 <node id="2772337785" visible="true" version="1" changeset="21531322" timestamp="2014-04-06T12:24:16Z" user="Omegatherion" uid="75582" lat="53.4532351" lon="9.6975464"/>
 <node id="2772337787" visible="true" version="1" changeset="21531322" timestamp="2014-04-06T12:24:16Z" user="Omegatherion" uid="75582" lat="53.4532406" lon="9.7044213"/>
 <node id="2772337789" visible="true" version="1" changeset="21531322" timestamp="2014-04-06T12:24:16Z" user="Omegatherion" uid="75582" lat="53.4532441" lon="9.6967226"/>
 <node id="2772337790" visible="true" version="1" changeset="21531322" timestamp="2014-04-06T12:24:16Z" user="Omegatherion" uid="75582" lat="53.4532642" lon="9.7046759"/>
 <node id="2772337792" visible="true" version="1" changeset="21531322" timestamp="2014-04-06T12:24:16Z" user="Omegatherion" uid="75582" lat="53.4532696" lon="9.7040490"/>
 <node id="2772337795" visible="true" version="1" changeset="21531322" timestamp="2014-04-06T12:24:16Z" user="Omegatherion" uid="75582" lat="53.4532786" lon="9.6969936"/>
 <node id="2772337797" visible="true" version="1" changeset="21531322" timestamp="2014-04-06T12:24:16Z" user="Omegatherion" uid="75582" lat="53.4532844" lon="9.7039245"/>
 <node id="2772337799" visible="true" version="1" changeset="21531322" timestamp="2014-04-06T12:24:16Z" user="Omegatherion" uid="75582" lat="53.4533170" lon="9.7026424"/>
 <node id="2772337800" visible="true" version="1" changeset="21531322" timestamp="2014-04-06T12:24:16Z" user="Omegatherion" uid="75582" lat="53.4533182" lon="9.7044824"/>
 <node id="2772337802" visible="true" version="1" changeset="21531322" timestamp="2014-04-06T12:24:16Z" user="Omegatherion" uid="75582" lat="53.4533207" lon="9.6967618"/>
 <node id="2772337804" visible="true" version="1" changeset="21531322" timestamp="2014-04-06T12:24:16Z" user="Omegatherion" uid="75582" lat="53.4533521" lon="9.7023756"/>
 <node id="2772337808" visible="true" version="1" changeset="21531322" timestamp="2014-04-06T12:24:16Z" user="Omegatherion" uid="75582" lat="53.4533845" lon="9.7046491"/>
 <node id="2772337809" visible="true" version="1" changeset="21531322" timestamp="2014-04-06T12:24:16Z" user="Omegatherion" uid="75582" lat="53.4533964" lon="9.7040916"/>
 <node id="2772337810" visible="true" version="1" changeset="21531322" timestamp="2014-04-06T12:24:16Z" user="Omegatherion" uid="75582" lat="53.4534113" lon="9.7039671"/>
 <node id="2772337811" visible="true" version="1" changeset="21531322" timestamp="2014-04-06T12:24:16Z" user="Omegatherion" uid="75582" lat="53.4534156" lon="9.6965366"/>
 <node id="2772337812" visible="true" version="1" changeset="21531322" timestamp="2014-04-06T12:24:16Z" user="Omegatherion" uid="75582" lat="53.4534270" lon="9.7044944"/>
 <node id="2772337814" visible="true" version="1" changeset="21531322" timestamp="2014-04-06T12:24:16Z" user="Omegatherion" uid="75582" lat="53.4534417" lon="9.7033508"/>
 <node id="2772337815" visible="true" version="1" changeset="21531322" timestamp="2014-04-06T12:24:16Z" user="Omegatherion" uid="75582" lat="53.4534537" lon="9.6963391"/>
 <node id="2772337816" visible="true" version="1" changeset="21531322" timestamp="2014-04-06T12:24:16Z" user="Omegatherion" uid="75582" lat="53.4534624" lon="9.7047093"/>
 <node id="2772337822" visible="true" version="1" changeset="21531322" timestamp="2014-04-06T12:24:16Z" user="Omegatherion" uid="75582" lat="53.4534670" lon="9.7031943"/>
 <node id="2772337824" visible="true" version="1" changeset="21531322" timestamp="2014-04-06T12:24:16Z" user="Omegatherion" uid="75582" lat="53.4534843" lon="9.6965740"/>
 <node id="2772337826" visible="true" version="1" changeset="21531322" timestamp="2014-04-06T12:24:16Z" user="Omegatherion" uid="75582" lat="53.4535041" lon="9.6964718"/>
 <node id="2772337828" visible="true" version="1" changeset="21531322" timestamp="2014-04-06T12:24:16Z" user="Omegatherion" uid="75582" lat="53.4535048" lon="9.7045547"/>
 <node id="2772337830" visible="true" version="1" changeset="21531322" timestamp="2014-04-06T12:24:16Z" user="Omegatherion" uid="75582" lat="53.4535116" lon="9.6963707"/>
 <node id="2772337832" visible="true" version="1" changeset="21531322" timestamp="2014-04-06T12:24:16Z" user="Omegatherion" uid="75582" lat="53.4535334" lon="9.7033927"/>
 <node id="2772337835" visible="true" version="1" changeset="21531322" timestamp="2014-04-06T12:24:16Z" user="Omegatherion" uid="75582" lat="53.4535356" lon="9.6962466"/>
 <node id="2772337837" visible="true" version="1" changeset="21531322" timestamp="2014-04-06T12:24:16Z" user="Omegatherion" uid="75582" lat="53.4535588" lon="9.7032362"/>
 <node id="2772337839" visible="true" version="1" changeset="21531322" timestamp="2014-04-06T12:24:16Z" user="Omegatherion" uid="75582" lat="53.4535654" lon="9.7046731"/>
 <node id="2772337841" visible="true" version="1" changeset="21531322" timestamp="2014-04-06T12:24:16Z" user="Omegatherion" uid="75582" lat="53.4535668" lon="9.7028406"/>
 <node id="2772337843" visible="true" version="1" changeset="21531322" timestamp="2014-04-06T12:24:16Z" user="Omegatherion" uid="75582" lat="53.4535759" lon="9.6965110"/>
 <node id="2772337845" visible="true" version="1" changeset="21531322" timestamp="2014-04-06T12:24:16Z" user="Omegatherion" uid="75582" lat="53.4535999" lon="9.7026499"/>
 <node id="2772337847" visible="true" version="1" changeset="21531322" timestamp="2014-04-06T12:24:16Z" user="Omegatherion" uid="75582" lat="53.4536062" lon="9.7040879"/>
 <node id="2772337849" visible="true" version="1" changeset="21531322" timestamp="2014-04-06T12:24:16Z" user="Omegatherion" uid="75582" lat="53.4536100" lon="9.7045250"/>
 <node id="2772337851" visible="true" version="1" changeset="21531322" timestamp="2014-04-06T12:24:16Z" user="Omegatherion" uid="75582" lat="53.4536183" lon="9.6962917"/>
 <node id="2772337853" visible="true" version="1" changeset="21531322" timestamp="2014-04-06T12:24:17Z" user="Omegatherion" uid="75582" lat="53.4536233" lon="9.7039352"/>
 <node id="2772337855" visible="true" version="1" changeset="21531322" timestamp="2014-04-06T12:24:17Z" user="Omegatherion" uid="75582" lat="53.4536279" lon="9.7053524"/>
 <node id="2772337856" visible="true" version="1" changeset="21531322" timestamp="2014-04-06T12:24:17Z" user="Omegatherion" uid="75582" lat="53.4536661" lon="9.7028892"/>
 <node id="2772337859" visible="true" version="1" changeset="21531322" timestamp="2014-04-06T12:24:17Z" user="Omegatherion" uid="75582" lat="53.4536843" lon="9.7041126"/>
 <node id="2772337861" visible="true" version="1" changeset="21531322" timestamp="2014-04-06T12:24:17Z" user="Omegatherion" uid="75582" lat="53.4536992" lon="9.7026984"/>
 <node id="2772337863" visible="true" version="1" changeset="21531322" timestamp="2014-04-06T12:24:17Z" user="Omegatherion" uid="75582" lat="53.4537014" lon="9.7039598"/>
 <node id="2772337865" visible="true" version="1" changeset="21531322" timestamp="2014-04-06T12:24:17Z" user="Omegatherion" uid="75582" lat="53.4537095" lon="9.7050894"/>
 <node id="2772337867" visible="true" version="1" changeset="21531322" timestamp="2014-04-06T12:24:17Z" user="Omegatherion" uid="75582" lat="53.4537246" lon="9.7048085"/>
 <node id="2772337868" visible="true" version="1" changeset="21531322" timestamp="2014-04-06T12:24:17Z" user="Omegatherion" uid="75582" lat="53.4537693" lon="9.7046604"/>
 <node id="2772337871" visible="true" version="1" changeset="21531322" timestamp="2014-04-06T12:24:17Z" user="Omegatherion" uid="75582" lat="53.4538063" lon="9.7041380"/>
 <node id="2772337873" visible="true" version="1" changeset="21531322" timestamp="2014-04-06T12:24:17Z" user="Omegatherion" uid="75582" lat="53.4538250" lon="9.7039666"/>
 <node id="2772337875" visible="true" version="1" changeset="21531322" timestamp="2014-04-06T12:24:17Z" user="Omegatherion" uid="75582" lat="53.4538806" lon="9.7042477"/>
 <node id="2772337877" visible="true" version="1" changeset="21531322" timestamp="2014-04-06T12:24:17Z" user="Omegatherion" uid="75582" lat="53.4538898" lon="9.7041636"/>
 <node id="2772337878" visible="true" version="1" changeset="21531322" timestamp="2014-04-06T12:24:17Z" user="Omegatherion" uid="75582" lat="53.4539109" lon="9.7042570"/>
 <node id="2772337880" visible="true" version="1" changeset="21531322" timestamp="2014-04-06T12:24:17Z" user="Omegatherion" uid="75582" lat="53.4539199" lon="9.7041740"/>
 <node id="2772337883" visible="true" version="1" changeset="21531322" timestamp="2014-04-06T12:24:17Z" user="Omegatherion" uid="75582" lat="53.4539390" lon="9.7041799"/>
 <node id="2772337885" visible="true" version="1" changeset="21531322" timestamp="2014-04-06T12:24:17Z" user="Omegatherion" uid="75582" lat="53.4539399" lon="9.7052617"/>
 <node id="2772337887" visible="true" version="1" changeset="21531322" timestamp="2014-04-06T12:24:17Z" user="Omegatherion" uid="75582" lat="53.4539578" lon="9.7040073"/>
 <node id="2772337889" visible="true" version="1" changeset="21531322" timestamp="2014-04-06T12:24:17Z" user="Omegatherion" uid="75582" lat="53.4540395" lon="9.7042513"/>
 <node id="2772337891" visible="true" version="1" changeset="21531322" timestamp="2014-04-06T12:24:17Z" user="Omegatherion" uid="75582" lat="53.4540723" lon="9.7040909"/>
 <node id="2772337892" visible="true" version="1" changeset="21531322" timestamp="2014-04-06T12:24:17Z" user="Omegatherion" uid="75582" lat="53.4541199" lon="9.7042975"/>
 <node id="2772337895" visible="true" version="1" changeset="21531322" timestamp="2014-04-06T12:24:17Z" user="Omegatherion" uid="75582" lat="53.4541526" lon="9.7041371"/>
 <node id="2772337897" visible="true" version="1" changeset="21531322" timestamp="2014-04-06T12:24:17Z" user="Omegatherion" uid="75582" lat="53.4542366" lon="9.7043397"/>
 <node id="2772337899" visible="true" version="1" changeset="21531322" timestamp="2014-04-06T12:24:17Z" user="Omegatherion" uid="75582" lat="53.4542834" lon="9.7041053"/>
 <node id="2772337901" visible="true" version="1" changeset="21531322" timestamp="2014-04-06T12:24:17Z" user="Omegatherion" uid="75582" lat="53.4543463" lon="9.7044015"/>
 <node id="2772337905" visible="true" version="1" changeset="21531322" timestamp="2014-04-06T12:24:17Z" user="Omegatherion" uid="75582" lat="53.4543930" lon="9.7041671"/>
 <node id="2772337913" visible="true" version="1" changeset="21531322" timestamp="2014-04-06T12:24:17Z" user="Omegatherion" uid="75582" lat="53.4544409" lon="9.7038343"/>
 <node id="2772337920" visible="true" version="1" changeset="21531322" timestamp="2014-04-06T12:24:17Z" user="Omegatherion" uid="75582" lat="53.4544542" lon="9.7045152"/>
 <node id="2772337947" visible="true" version="1" changeset="21531322" timestamp="2014-04-06T12:24:18Z" user="Omegatherion" uid="75582" lat="53.4544815" lon="9.7036352"/>
 <node id="2772337949" visible="true" version="1" changeset="21531322" timestamp="2014-04-06T12:24:18Z" user="Omegatherion" uid="75582" lat="53.4544944" lon="9.7034842"/>
 <node id="2772337952" visible="true" version="1" changeset="21531322" timestamp="2014-04-06T12:24:18Z" user="Omegatherion" uid="75582" lat="53.4544963" lon="9.7043266"/>
 <node id="2772337955" visible="true" version="1" changeset="21531322" timestamp="2014-04-06T12:24:18Z" user="Omegatherion" uid="75582" lat="53.4545073" lon="9.7034050"/>
 <node id="2772337957" visible="true" version="1" changeset="21531322" timestamp="2014-04-06T12:24:18Z" user="Omegatherion" uid="75582" lat="53.4545155" lon="9.7038772"/>
 <node id="2772337961" visible="true" version="1" changeset="21531322" timestamp="2014-04-06T12:24:18Z" user="Omegatherion" uid="75582" lat="53.4545233" lon="9.7033128"/>
 <node id="2772337963" visible="true" version="1" changeset="21531322" timestamp="2014-04-06T12:24:18Z" user="Omegatherion" uid="75582" lat="53.4545388" lon="9.7032172"/>
 <node id="2772337964" visible="true" version="1" changeset="21531322" timestamp="2014-04-06T12:24:18Z" user="Omegatherion" uid="75582" lat="53.4545486" lon="9.7034240"/>
 <node id="2772337967" visible="true" version="1" changeset="21531322" timestamp="2014-04-06T12:24:18Z" user="Omegatherion" uid="75582" lat="53.4545535" lon="9.7045777"/>
 <node id="2772337969" visible="true" version="1" changeset="21531322" timestamp="2014-04-06T12:24:18Z" user="Omegatherion" uid="75582" lat="53.4545561" lon="9.7036781"/>
 <node id="2772337975" visible="true" version="1" changeset="21531322" timestamp="2014-04-06T12:24:18Z" user="Omegatherion" uid="75582" lat="53.4545637" lon="9.7033312"/>
 <node id="2772337981" visible="true" version="1" changeset="21531322" timestamp="2014-04-06T12:24:18Z" user="Omegatherion" uid="75582" lat="53.4545884" lon="9.7034422"/>
 <node id="2772337983" visible="true" version="1" changeset="21531322" timestamp="2014-04-06T12:24:18Z" user="Omegatherion" uid="75582" lat="53.4545956" lon="9.7043892"/>
 <node id="2772337985" visible="true" version="1" changeset="21531322" timestamp="2014-04-06T12:24:18Z" user="Omegatherion" uid="75582" lat="53.4546035" lon="9.7033495"/>
 <node id="2772337990" visible="true" version="1" changeset="21531322" timestamp="2014-04-06T12:24:18Z" user="Omegatherion" uid="75582" lat="53.4546100" lon="9.7035371"/>
 <node id="2772337992" visible="true" version="1" changeset="21531322" timestamp="2014-04-06T12:24:18Z" user="Omegatherion" uid="75582" lat="53.4546229" lon="9.7034579"/>
 <node id="2772337994" visible="true" version="1" changeset="21531322" timestamp="2014-04-06T12:24:18Z" user="Omegatherion" uid="75582" lat="53.4546389" lon="9.7033657"/>
 <node id="2772337997" visible="true" version="1" changeset="21531322" timestamp="2014-04-06T12:24:18Z" user="Omegatherion" uid="75582" lat="53.4546544" lon="9.7032701"/>
 <node id="2772338006" visible="true" version="1" changeset="21531322" timestamp="2014-04-06T12:24:18Z" user="Omegatherion" uid="75582" lat="53.4547006" lon="9.7046946"/>
 <node id="2772338009" visible="true" version="1" changeset="21531322" timestamp="2014-04-06T12:24:18Z" user="Omegatherion" uid="75582" lat="53.4547091" lon="9.7035835"/>
 <node id="2772338014" visible="true" version="1" changeset="21531322" timestamp="2014-04-06T12:24:18Z" user="Omegatherion" uid="75582" lat="53.4547144" lon="9.7034597"/>
 <node id="2772338016" visible="true" version="1" changeset="21531322" timestamp="2014-04-06T12:24:18Z" user="Omegatherion" uid="75582" lat="53.4547396" lon="9.7045139"/>
 <node id="2772338018" visible="true" version="1" changeset="21531322" timestamp="2014-04-06T12:24:18Z" user="Omegatherion" uid="75582" lat="53.4547517" lon="9.7036156"/>
 <node id="2772338019" visible="true" version="1" changeset="21531322" timestamp="2014-04-06T12:24:18Z" user="Omegatherion" uid="75582" lat="53.4547529" lon="9.7035888"/>
 <node id="2772338021" visible="true" version="1" changeset="21531322" timestamp="2014-04-06T12:24:18Z" user="Omegatherion" uid="75582" lat="53.4547587" lon="9.7034651"/>
 <node id="2772338024" visible="true" version="1" changeset="21531322" timestamp="2014-04-06T12:24:18Z" user="Omegatherion" uid="75582" lat="53.4547603" lon="9.7034277"/>
 <node id="2772338026" visible="true" version="1" changeset="21531322" timestamp="2014-04-06T12:24:18Z" user="Omegatherion" uid="75582" lat="53.4547831" lon="9.7036194"/>
 <node id="2772338030" visible="true" version="1" changeset="21531322" timestamp="2014-04-06T12:24:18Z" user="Omegatherion" uid="75582" lat="53.4548023" lon="9.7034329"/>
 <node id="2772338031" visible="true" version="1" changeset="21531322" timestamp="2014-04-06T12:24:18Z" user="Omegatherion" uid="75582" lat="53.4548035" lon="9.7047572"/>
 <node id="2772338034" visible="true" version="1" changeset="21531322" timestamp="2014-04-06T12:24:18Z" user="Omegatherion" uid="75582" lat="53.4548044" lon="9.7033837"/>
 <node id="2772338042" visible="true" version="1" changeset="21531322" timestamp="2014-04-06T12:24:19Z" user="Omegatherion" uid="75582" lat="53.4548425" lon="9.7045765"/>
 <node id="2772338048" visible="true" version="1" changeset="21531322" timestamp="2014-04-06T12:24:19Z" user="Omegatherion" uid="75582" lat="53.4548876" lon="9.7036321"/>
 <node id="2772338050" visible="true" version="1" changeset="21531322" timestamp="2014-04-06T12:24:19Z" user="Omegatherion" uid="75582" lat="53.4548978" lon="9.7033951"/>
 <node id="2772338066" visible="true" version="1" changeset="21531322" timestamp="2014-04-06T12:24:19Z" user="Omegatherion" uid="75582" lat="53.4550374" lon="9.7045335"/>
 <node id="2772338075" visible="true" version="1" changeset="21531322" timestamp="2014-04-06T12:24:19Z" user="Omegatherion" uid="75582" lat="53.4550772" lon="9.7042651"/>
 <node id="2772338081" visible="true" version="1" changeset="21531322" timestamp="2014-04-06T12:24:19Z" user="Omegatherion" uid="75582" lat="53.4551347" lon="9.7045742"/>
 <node id="2772338087" visible="true" version="1" changeset="21531322" timestamp="2014-04-06T12:24:19Z" user="Omegatherion" uid="75582" lat="53.4551745" lon="9.7043057"/>
 <node id="2772338138" visible="true" version="1" changeset="21531322" timestamp="2014-04-06T12:24:19Z" user="Omegatherion" uid="75582" lat="53.4557711" lon="9.7057891"/>
 <node id="2787913166" visible="true" version="1" changeset="21664635" timestamp="2014-04-13T12:55:18Z" user="Omegatherion" uid="75582" lat="53.4521370" lon="9.6999616"/>
 <node id="2787913173" visible="true" version="1" changeset="21664635" timestamp="2014-04-13T12:55:18Z" user="Omegatherion" uid="75582" lat="53.4522820" lon="9.7000618"/>
 <node id="2787913176" visible="true" version="1" changeset="21664635" timestamp="2014-04-13T12:55:18Z" user="Omegatherion" uid="75582" lat="53.4523322" lon="9.7000062"/>
 <node id="2791045471" visible="true" version="5" changeset="120907220" timestamp="2022-05-12T21:40:58Z" user="Funki-Bux" uid="15130873" lat="53.4518490" lon="9.7029595">
  <tag k="addr:city" v="Buxtehude"/>
  <tag k="addr:country" v="DE"/>
  <tag k="addr:housenumber" v="2c"/>
  <tag k="addr:postcode" v="21614"/>
  <tag k="addr:street" v="Eilendorfer Weg"/>
  <tag k="entrance" v="yes"/>
 </node>
 <node id="2791045476" visible="true" version="2" changeset="120907220" timestamp="2022-05-12T21:40:58Z" user="Funki-Bux" uid="15130873" lat="53.4512174" lon="9.7010238"/>
 <node id="2791045479" visible="true" version="2" changeset="120907220" timestamp="2022-05-12T21:40:58Z" user="Funki-Bux" uid="15130873" lat="53.4512846" lon="9.7013644"/>
 <node id="2791045481" visible="true" version="2" changeset="120907220" timestamp="2022-05-12T21:40:58Z" user="Funki-Bux" uid="15130873" lat="53.4512887" lon="9.7009841"/>
 <node id="2791045483" visible="true" version="2" changeset="120907220" timestamp="2022-05-12T21:40:58Z" user="Funki-Bux" uid="15130873" lat="53.4513559" lon="9.7013247"/>
 <node id="2791045485" visible="true" version="1" changeset="21692128" timestamp="2014-04-14T18:28:51Z" user="Omegatherion" uid="75582" lat="53.4516272" lon="9.7008348"/>
 <node id="2791045487" visible="true" version="1" changeset="21692128" timestamp="2014-04-14T18:28:51Z" user="Omegatherion" uid="75582" lat="53.4516764" lon="9.7006343"/>
 <node id="2791045489" visible="true" version="1" changeset="21692128" timestamp="2014-04-14T18:28:51Z" user="Omegatherion" uid="75582" lat="53.4517257" lon="9.7004337"/>
 <node id="2791045491" visible="true" version="1" changeset="21692128" timestamp="2014-04-14T18:28:51Z" user="Omegatherion" uid="75582" lat="53.4517299" lon="9.7009058"/>
 <node id="2791045493" visible="true" version="2" changeset="120907220" timestamp="2022-05-12T21:40:58Z" user="Funki-Bux" uid="15130873" lat="53.4517364" lon="9.7021650"/>
 <node id="2791045495" visible="true" version="2" changeset="120907220" timestamp="2022-05-12T21:40:58Z" user="Funki-Bux" uid="15130873" lat="53.4517467" lon="9.7019994"/>
 <node id="2791045497" visible="true" version="1" changeset="21692128" timestamp="2014-04-14T18:28:51Z" user="Omegatherion" uid="75582" lat="53.4517791" lon="9.7007053"/>
 <node id="2791045498" visible="true" version="1" changeset="21692128" timestamp="2014-04-14T18:28:51Z" user="Omegatherion" uid="75582" lat="53.4518283" lon="9.7005048"/>
 <node id="2791045500" visible="true" version="2" changeset="120907220" timestamp="2022-05-12T21:40:58Z" user="Funki-Bux" uid="15130873" lat="53.4519055" lon="9.7021945"/>
 <node id="2791045502" visible="true" version="2" changeset="120907220" timestamp="2022-05-12T21:40:58Z" user="Funki-Bux" uid="15130873" lat="53.4519158" lon="9.7020289"/>
 <node id="2791045512" visible="true" version="2" changeset="120907220" timestamp="2022-05-12T21:40:58Z" user="Funki-Bux" uid="15130873" lat="53.4521886" lon="9.7037020"/>
 <node id="2791045514" visible="true" version="2" changeset="120907220" timestamp="2022-05-12T21:40:58Z" user="Funki-Bux" uid="15130873" lat="53.4522240" lon="9.7034148"/>
 <node id="2791045516" visible="true" version="2" changeset="120907220" timestamp="2022-05-12T21:40:58Z" user="Funki-Bux" uid="15130873" lat="53.4522807" lon="9.7037340"/>
 <node id="2791045518" visible="true" version="2" changeset="120907220" timestamp="2022-05-12T21:40:58Z" user="Funki-Bux" uid="15130873" lat="53.4523161" lon="9.7034468"/>
 <node id="2791045520" visible="true" version="2" changeset="120907220" timestamp="2022-05-12T21:40:58Z" user="Funki-Bux" uid="15130873" lat="53.4523940" lon="9.7037023"/>
 <node id="2791045522" visible="true" version="2" changeset="120907220" timestamp="2022-05-12T21:40:58Z" user="Funki-Bux" uid="15130873" lat="53.4524693" lon="9.7034846"/>
 <node id="2791045524" visible="true" version="2" changeset="120907220" timestamp="2022-05-12T21:40:58Z" user="Funki-Bux" uid="15130873" lat="53.4525288" lon="9.7037463"/>
 <node id="2791045526" visible="true" version="2" changeset="120907220" timestamp="2022-05-12T21:40:58Z" user="Funki-Bux" uid="15130873" lat="53.4525558" lon="9.7035129"/>
 <node id="2791045527" visible="true" version="1" changeset="21692128" timestamp="2014-04-14T18:28:52Z" user="Omegatherion" uid="75582" lat="53.4528877" lon="9.7039291"/>
 <node id="2791045529" visible="true" version="1" changeset="21692128" timestamp="2014-04-14T18:28:52Z" user="Omegatherion" uid="75582" lat="53.4529137" lon="9.7037106"/>
 <node id="2791045531" visible="true" version="1" changeset="21692128" timestamp="2014-04-14T18:28:52Z" user="Omegatherion" uid="75582" lat="53.4529897" lon="9.7039634"/>
 <node id="2791045533" visible="true" version="1" changeset="21692128" timestamp="2014-04-14T18:28:52Z" user="Omegatherion" uid="75582" lat="53.4530157" lon="9.7037448"/>
 <node id="2791045535" visible="true" version="1" changeset="21692128" timestamp="2014-04-14T18:28:52Z" user="Omegatherion" uid="75582" lat="53.4533330" lon="9.7040703"/>
 <node id="2791045537" visible="true" version="1" changeset="21692128" timestamp="2014-04-14T18:28:52Z" user="Omegatherion" uid="75582" lat="53.4533479" lon="9.7039458"/>
 <node id="2791045539" visible="true" version="1" changeset="21692128" timestamp="2014-04-14T18:28:52Z" user="Omegatherion" uid="75582" lat="53.4533873" lon="9.7036562"/>
 <node id="2791045540" visible="true" version="1" changeset="21692128" timestamp="2014-04-14T18:28:52Z" user="Omegatherion" uid="75582" lat="53.4534101" lon="9.7034940"/>
 <node id="2791045542" visible="true" version="1" changeset="21692128" timestamp="2014-04-14T18:28:52Z" user="Omegatherion" uid="75582" lat="53.4534535" lon="9.7036825"/>
 <node id="2791045544" visible="true" version="1" changeset="21692128" timestamp="2014-04-14T18:28:52Z" user="Omegatherion" uid="75582" lat="53.4534655" lon="9.7023452"/>
 <node id="2791045546" visible="true" version="1" changeset="21692128" timestamp="2014-04-14T18:28:52Z" user="Omegatherion" uid="75582" lat="53.4534763" lon="9.7035202"/>
 <node id="2791045548" visible="true" version="1" changeset="21692128" timestamp="2014-04-14T18:28:52Z" user="Omegatherion" uid="75582" lat="53.4535423" lon="9.6975014"/>
 <node id="2791045550" visible="true" version="1" changeset="21692128" timestamp="2014-04-14T18:28:52Z" user="Omegatherion" uid="75582" lat="53.4536878" lon="9.7014831"/>
 <node id="2791045552" visible="true" version="1" changeset="21692128" timestamp="2014-04-14T18:28:52Z" user="Omegatherion" uid="75582" lat="53.4538499" lon="9.7010119"/>
 <node id="2791045566" visible="true" version="1" changeset="21692128" timestamp="2014-04-14T18:28:52Z" user="Omegatherion" uid="75582" lat="53.4541097" lon="9.7007467"/>
 <node id="2791045567" visible="true" version="1" changeset="21692128" timestamp="2014-04-14T18:28:52Z" user="Omegatherion" uid="75582" lat="53.4541638" lon="9.7010119"/>
 <node id="2791045573" visible="true" version="1" changeset="21692128" timestamp="2014-04-14T18:28:52Z" user="Omegatherion" uid="75582" lat="53.4545358" lon="9.7006420"/>
 <node id="2791045575" visible="true" version="1" changeset="21692128" timestamp="2014-04-14T18:28:52Z" user="Omegatherion" uid="75582" lat="53.4545586" lon="9.7010643"/>
 <node id="2791045577" visible="true" version="1" changeset="21692128" timestamp="2014-04-14T18:28:52Z" user="Omegatherion" uid="75582" lat="53.4548538" lon="9.7010468"/>
 <node id="2791045579" visible="true" version="1" changeset="21692128" timestamp="2014-04-14T18:28:52Z" user="Omegatherion" uid="75582" lat="53.4548600" lon="9.7005442"/>
 <node id="2791045581" visible="true" version="1" changeset="21692128" timestamp="2014-04-14T18:28:52Z" user="Omegatherion" uid="75582" lat="53.4549327" lon="9.7011132"/>
 <node id="2791045584" visible="true" version="1" changeset="21692128" timestamp="2014-04-14T18:28:52Z" user="Omegatherion" uid="75582" lat="53.4552295" lon="9.7046222"/>
 <node id="2791045586" visible="true" version="1" changeset="21692128" timestamp="2014-04-14T18:28:52Z" user="Omegatherion" uid="75582" lat="53.4552523" lon="9.7044106"/>
 <node id="2791045588" visible="true" version="1" changeset="21692128" timestamp="2014-04-14T18:28:52Z" user="Omegatherion" uid="75582" lat="53.4553355" lon="9.7046544"/>
 <node id="2791045591" visible="true" version="1" changeset="21692128" timestamp="2014-04-14T18:28:52Z" user="Omegatherion" uid="75582" lat="53.4553583" lon="9.7044428"/>
 <node id="2791045593" visible="true" version="1" changeset="21692128" timestamp="2014-04-14T18:28:52Z" user="Omegatherion" uid="75582" lat="53.4555188" lon="9.7011899"/>
 <node id="2791045595" visible="true" version="2" changeset="42404658" timestamp="2016-09-24T12:55:24Z" user="smarties" uid="45882" lat="53.4556839" lon="9.6959639"/>
 <node id="2791045597" visible="true" version="1" changeset="21692128" timestamp="2014-04-14T18:28:52Z" user="Omegatherion" uid="75582" lat="53.4557537" lon="9.7013295"/>
 <node id="2791045603" visible="true" version="1" changeset="21692128" timestamp="2014-04-14T18:28:52Z" user="Omegatherion" uid="75582" lat="53.4558160" lon="9.7008304"/>
 <node id="2791045612" visible="true" version="1" changeset="21692128" timestamp="2014-04-14T18:28:53Z" user="Omegatherion" uid="75582" lat="53.4560592" lon="9.7008060"/>
 <node id="2791045614" visible="true" version="1" changeset="21692128" timestamp="2014-04-14T18:28:53Z" user="Omegatherion" uid="75582" lat="53.4561096" lon="9.6939390"/>
 <node id="2791045616" visible="true" version="1" changeset="21692128" timestamp="2014-04-14T18:28:53Z" user="Omegatherion" uid="75582" lat="53.4563605" lon="9.7003872"/>
 <node id="2791045619" visible="true" version="1" changeset="21692128" timestamp="2014-04-14T18:28:53Z" user="Omegatherion" uid="75582" lat="53.4564561" lon="9.7014412"/>
 <node id="2791045622" visible="true" version="1" changeset="21692128" timestamp="2014-04-14T18:28:53Z" user="Omegatherion" uid="75582" lat="53.4566369" lon="9.7001673"/>
 <node id="2791045624" visible="true" version="1" changeset="21692128" timestamp="2014-04-14T18:28:53Z" user="Omegatherion" uid="75582" lat="53.4567200" lon="9.7050850"/>
 <node id="2791045625" visible="true" version="1" changeset="21692128" timestamp="2014-04-14T18:28:53Z" user="Omegatherion" uid="75582" lat="53.4568322" lon="9.7017135"/>
 <node id="2791045628" visible="true" version="1" changeset="21692128" timestamp="2014-04-14T18:28:53Z" user="Omegatherion" uid="75582" lat="53.4568946" lon="9.7047046"/>
 <node id="2791045630" visible="true" version="1" changeset="21692128" timestamp="2014-04-14T18:28:53Z" user="Omegatherion" uid="75582" lat="53.4570421" lon="9.6999893"/>
 <node id="2791045632" visible="true" version="1" changeset="21692128" timestamp="2014-04-14T18:28:53Z" user="Omegatherion" uid="75582" lat="53.4570442" lon="9.7042334"/>
 <node id="2791045644" visible="true" version="1" changeset="21692128" timestamp="2014-04-14T18:28:53Z" user="Omegatherion" uid="75582" lat="53.4570754" lon="9.6998881"/>
 <node id="2791045646" visible="true" version="1" changeset="21692128" timestamp="2014-04-14T18:28:53Z" user="Omegatherion" uid="75582" lat="53.4572250" lon="9.6997834"/>
 <node id="2791045649" visible="true" version="1" changeset="21692128" timestamp="2014-04-14T18:28:53Z" user="Omegatherion" uid="75582" lat="53.4574474" lon="9.6997973"/>
 <node id="2791045651" visible="true" version="1" changeset="21692128" timestamp="2014-04-14T18:28:53Z" user="Omegatherion" uid="75582" lat="53.4575035" lon="9.7021044"/>
 <node id="2791045652" visible="true" version="1" changeset="21692128" timestamp="2014-04-14T18:28:53Z" user="Omegatherion" uid="75582" lat="53.4575390" lon="9.6914817"/>
 <node id="2791045658" visible="true" version="1" changeset="21692128" timestamp="2014-04-14T18:28:53Z" user="Omegatherion" uid="75582" lat="53.4575783" lon="9.6999439"/>
 <node id="2791045662" visible="true" version="1" changeset="21692128" timestamp="2014-04-14T18:28:53Z" user="Omegatherion" uid="75582" lat="53.4576406" lon="9.7013156"/>
 <node id="2791045714" visible="true" version="1" changeset="21692128" timestamp="2014-04-14T18:28:54Z" user="Omegatherion" uid="75582" lat="53.4578298" lon="9.7006943"/>
 <node id="2791045720" visible="true" version="1" changeset="21692128" timestamp="2014-04-14T18:28:54Z" user="Omegatherion" uid="75582" lat="53.4579046" lon="9.7001498"/>
 <node id="2791045733" visible="true" version="1" changeset="21692128" timestamp="2014-04-14T18:28:54Z" user="Omegatherion" uid="75582" lat="53.4581565" lon="9.6924463"/>
 <node id="2813720578" visible="true" version="1" changeset="21913237" timestamp="2014-04-24T17:37:46Z" user="Omegatherion" uid="75582" lat="53.4558588" lon="9.7060771"/>
 <node id="2867993981" visible="true" version="3" changeset="140246316" timestamp="2023-08-22T20:41:24Z" user="TomJeffs" uid="6397757" lat="53.4481424" lon="9.6933606"/>
 <node id="2867993982" visible="true" version="3" changeset="140246316" timestamp="2023-08-22T20:41:24Z" user="TomJeffs" uid="6397757" lat="53.4482521" lon="9.6933665"/>
 <node id="2867993983" visible="true" version="3" changeset="140246316" timestamp="2023-08-22T20:41:24Z" user="TomJeffs" uid="6397757" lat="53.4483222" lon="9.6932511"/>
 <node id="2867993984" visible="true" version="2" changeset="52617006" timestamp="2017-10-04T07:40:56Z" user="TomJeffs" uid="6397757" lat="53.4483758" lon="9.6931810"/>
 <node id="2867993985" visible="true" version="1" changeset="22419860" timestamp="2014-05-19T07:57:19Z" user="HolgerJeromin" uid="67862" lat="53.4484274" lon="9.6931997"/>
 <node id="2867993986" visible="true" version="2" changeset="140231915" timestamp="2023-08-22T14:16:32Z" user="TomJeffs" uid="6397757" lat="53.4485126" lon="9.6922410"/>
 <node id="2867993987" visible="true" version="1" changeset="22419860" timestamp="2014-05-19T07:57:19Z" user="HolgerJeromin" uid="67862" lat="53.4485045" lon="9.6934586"/>
 <node id="2867993988" visible="true" version="2" changeset="140231915" timestamp="2023-08-22T14:16:32Z" user="TomJeffs" uid="6397757" lat="53.4485463" lon="9.6923622"/>
 <node id="2867993989" visible="true" version="1" changeset="22419860" timestamp="2014-05-19T07:57:19Z" user="HolgerJeromin" uid="67862" lat="53.4485792" lon="9.6935395"/>
 <node id="2867993990" visible="true" version="1" changeset="22419860" timestamp="2014-05-19T07:57:19Z" user="HolgerJeromin" uid="67862" lat="53.4485819" lon="9.6920385"/>
 <node id="2867993991" visible="true" version="2" changeset="140231915" timestamp="2023-08-22T14:16:32Z" user="TomJeffs" uid="6397757" lat="53.4486075" lon="9.6921510"/>
 <node id="2867993992" visible="true" version="1" changeset="22419860" timestamp="2014-05-19T07:57:19Z" user="HolgerJeromin" uid="67862" lat="53.4486230" lon="9.6921118"/>
 <node id="2867993993" visible="true" version="2" changeset="140231915" timestamp="2023-08-22T14:16:32Z" user="TomJeffs" uid="6397757" lat="53.4486448" lon="9.6922849"/>
 <node id="2867993995" visible="true" version="1" changeset="22419860" timestamp="2014-05-19T07:57:19Z" user="HolgerJeromin" uid="67862" lat="53.4487088" lon="9.6919763"/>
 <node id="2867993997" visible="true" version="1" changeset="22419860" timestamp="2014-05-19T07:57:19Z" user="HolgerJeromin" uid="67862" lat="53.4487446" lon="9.6917816"/>
 <node id="2867993998" visible="true" version="1" changeset="22419860" timestamp="2014-05-19T07:57:19Z" user="HolgerJeromin" uid="67862" lat="53.4487568" lon="9.6920619"/>
 <node id="2868018201" visible="true" version="1" changeset="22419860" timestamp="2014-05-19T07:57:19Z" user="HolgerJeromin" uid="67862" lat="53.4488336" lon="9.6919406"/>
 <node id="3466272800" visible="true" version="1" changeset="30341634" timestamp="2015-04-19T21:02:12Z" user="Omegatherion" uid="75582" lat="53.4390983" lon="9.6949437"/>
 <node id="3466272807" visible="true" version="1" changeset="30341634" timestamp="2015-04-19T21:02:12Z" user="Omegatherion" uid="75582" lat="53.4393479" lon="9.6922510"/>
 <node id="3466272812" visible="true" version="1" changeset="30341634" timestamp="2015-04-19T21:02:12Z" user="Omegatherion" uid="75582" lat="53.4397743" lon="9.6918271"/>
 <node id="3466272815" visible="true" version="1" changeset="30341634" timestamp="2015-04-19T21:02:12Z" user="Omegatherion" uid="75582" lat="53.4397986" lon="9.6915927"/>
 <node id="3466272816" visible="true" version="1" changeset="30341634" timestamp="2015-04-19T21:02:12Z" user="Omegatherion" uid="75582" lat="53.4398383" lon="9.7024601"/>
 <node id="3466272818" visible="true" version="1" changeset="30341634" timestamp="2015-04-19T21:02:12Z" user="Omegatherion" uid="75582" lat="53.4398438" lon="9.7023651"/>
 <node id="3466272819" visible="true" version="1" changeset="30341634" timestamp="2015-04-19T21:02:12Z" user="Omegatherion" uid="75582" lat="53.4398660" lon="9.6981719"/>
 <node id="3466272821" visible="true" version="1" changeset="30341634" timestamp="2015-04-19T21:02:12Z" user="Omegatherion" uid="75582" lat="53.4399258" lon="9.6980619"/>
 <node id="3466272823" visible="true" version="1" changeset="30341634" timestamp="2015-04-19T21:02:12Z" user="Omegatherion" uid="75582" lat="53.4401622" lon="9.6951913"/>
 <node id="3466272825" visible="true" version="1" changeset="30341634" timestamp="2015-04-19T21:02:12Z" user="Omegatherion" uid="75582" lat="53.4407872" lon="9.6981840"/>
 <node id="3466272826" visible="true" version="1" changeset="30341634" timestamp="2015-04-19T21:02:12Z" user="Omegatherion" uid="75582" lat="53.4407980" lon="9.6980984"/>
 <node id="3466272827" visible="true" version="1" changeset="30341634" timestamp="2015-04-19T21:02:12Z" user="Omegatherion" uid="75582" lat="53.4412220" lon="9.7024949"/>
 <node id="3466272829" visible="true" version="1" changeset="30341634" timestamp="2015-04-19T21:02:12Z" user="Omegatherion" uid="75582" lat="53.4416772" lon="9.7031684"/>
 <node id="3466272830" visible="true" version="1" changeset="30341634" timestamp="2015-04-19T21:02:12Z" user="Omegatherion" uid="75582" lat="53.4419116" lon="9.7032546"/>
 <node id="3466272832" visible="true" version="1" changeset="30341634" timestamp="2015-04-19T21:02:12Z" user="Omegatherion" uid="75582" lat="53.4421180" lon="9.7033363"/>
 <node id="3466272833" visible="true" version="1" changeset="30341634" timestamp="2015-04-19T21:02:12Z" user="Omegatherion" uid="75582" lat="53.4425295" lon="9.7082039"/>
 <node id="3466272834" visible="true" version="1" changeset="30341634" timestamp="2015-04-19T21:02:12Z" user="Omegatherion" uid="75582" lat="53.4425723" lon="9.7027189"/>
 <node id="3466272836" visible="true" version="1" changeset="30341634" timestamp="2015-04-19T21:02:12Z" user="Omegatherion" uid="75582" lat="53.4426098" lon="9.7081996"/>
 <node id="3466272837" visible="true" version="1" changeset="30341634" timestamp="2015-04-19T21:02:13Z" user="Omegatherion" uid="75582" lat="53.4426299" lon="9.7026523"/>
 <node id="3466272838" visible="true" version="1" changeset="30341634" timestamp="2015-04-19T21:02:13Z" user="Omegatherion" uid="75582" lat="53.4426353" lon="9.7024391"/>
 <node id="3466272839" visible="true" version="1" changeset="30341634" timestamp="2015-04-19T21:02:13Z" user="Omegatherion" uid="75582" lat="53.4426525" lon="9.7046658"/>
 <node id="3466272840" visible="true" version="1" changeset="30341634" timestamp="2015-04-19T21:02:13Z" user="Omegatherion" uid="75582" lat="53.4426648" lon="9.7046786"/>
 <node id="3466272841" visible="true" version="1" changeset="30341634" timestamp="2015-04-19T21:02:13Z" user="Omegatherion" uid="75582" lat="53.4426830" lon="9.7045659"/>
 <node id="3466272842" visible="true" version="1" changeset="30341634" timestamp="2015-04-19T21:02:13Z" user="Omegatherion" uid="75582" lat="53.4426956" lon="9.7047680"/>
 <node id="3466272845" visible="true" version="1" changeset="30341634" timestamp="2015-04-19T21:02:13Z" user="Omegatherion" uid="75582" lat="53.4427117" lon="9.7046862"/>
 <node id="3466272846" visible="true" version="1" changeset="30341634" timestamp="2015-04-19T21:02:13Z" user="Omegatherion" uid="75582" lat="53.4427152" lon="9.7001786"/>
 <node id="3466272847" visible="true" version="1" changeset="30341634" timestamp="2015-04-19T21:02:13Z" user="Omegatherion" uid="75582" lat="53.4427296" lon="9.7050107"/>
 <node id="3466272848" visible="true" version="1" changeset="30341634" timestamp="2015-04-19T21:02:13Z" user="Omegatherion" uid="75582" lat="53.4427660" lon="9.7036814"/>
 <node id="3466272849" visible="true" version="1" changeset="30341634" timestamp="2015-04-19T21:02:13Z" user="Omegatherion" uid="75582" lat="53.4427820" lon="9.7048194"/>
 <node id="3466272850" visible="true" version="1" changeset="30341634" timestamp="2015-04-19T21:02:13Z" user="Omegatherion" uid="75582" lat="53.4428021" lon="9.7026629"/>
 <node id="3466272852" visible="true" version="1" changeset="30341634" timestamp="2015-04-19T21:02:13Z" user="Omegatherion" uid="75582" lat="53.4428886" lon="9.7001904"/>
 <node id="3466272853" visible="true" version="1" changeset="30341634" timestamp="2015-04-19T21:02:13Z" user="Omegatherion" uid="75582" lat="53.4429761" lon="9.6982128"/>
 <node id="3466272892" visible="true" version="1" changeset="30341634" timestamp="2015-04-19T21:02:13Z" user="Omegatherion" uid="75582" lat="53.4439517" lon="9.7047804"/>
 <node id="3466273312" visible="true" version="4" changeset="135701518" timestamp="2023-05-04T13:23:49Z" user="Epsilon25" uid="9560007" lat="53.4461200" lon="9.6936729">
  <tag k="emergency" v="fire_hydrant"/>
  <tag k="fire_hydrant:diameter" v="150"/>
  <tag k="fire_hydrant:position" v="green"/>
  <tag k="fire_hydrant:type" v="underground"/>
  <tag k="water_source" v="main"/>
 </node>
 <node id="3603245386" visible="true" version="1" changeset="32057342" timestamp="2015-06-18T17:49:49Z" user="Ruffi" uid="81431" lat="53.4495151" lon="9.6738004"/>
 <node id="3603250812" visible="true" version="2" changeset="32057639" timestamp="2015-06-18T18:01:38Z" user="Ruffi" uid="81431" lat="53.4538960" lon="9.6813628"/>
 <node id="3603250815" visible="true" version="2" changeset="32057639" timestamp="2015-06-18T18:01:38Z" user="Ruffi" uid="81431" lat="53.4541070" lon="9.6810492"/>
 <node id="3603250818" visible="true" version="2" changeset="32057639" timestamp="2015-06-18T18:01:38Z" user="Ruffi" uid="81431" lat="53.4544741" lon="9.6809221"/>
 <node id="3603250820" visible="true" version="1" changeset="32057342" timestamp="2015-06-18T17:49:49Z" user="Ruffi" uid="81431" lat="53.4547183" lon="9.6768721"/>
 <node id="3603262692" visible="true" version="1" changeset="32057639" timestamp="2015-06-18T18:01:38Z" user="Ruffi" uid="81431" lat="53.4503698" lon="9.6752111"/>
 <node id="3603262695" visible="true" version="1" changeset="32057639" timestamp="2015-06-18T18:01:38Z" user="Ruffi" uid="81431" lat="53.4517279" lon="9.6789760"/>
 <node id="3603262696" visible="true" version="1" changeset="32057639" timestamp="2015-06-18T18:01:38Z" user="Ruffi" uid="81431" lat="53.4520819" lon="9.6794264"/>
 <node id="3603262697" visible="true" version="1" changeset="32057639" timestamp="2015-06-18T18:01:38Z" user="Ruffi" uid="81431" lat="53.4523155" lon="9.6798366"/>
 <node id="3603262698" visible="true" version="1" changeset="32057639" timestamp="2015-06-18T18:01:38Z" user="Ruffi" uid="81431" lat="53.4525330" lon="9.6801117"/>
 <node id="3603262699" visible="true" version="1" changeset="32057639" timestamp="2015-06-18T18:01:38Z" user="Ruffi" uid="81431" lat="53.4527263" lon="9.6801297"/>
 <node id="3603262700" visible="true" version="1" changeset="32057639" timestamp="2015-06-18T18:01:38Z" user="Ruffi" uid="81431" lat="53.4529787" lon="9.6802244"/>
 <node id="3603262701" visible="true" version="1" changeset="32057639" timestamp="2015-06-18T18:01:38Z" user="Ruffi" uid="81431" lat="53.4531908" lon="9.6803371"/>
 <node id="3603262702" visible="true" version="1" changeset="32057639" timestamp="2015-06-18T18:01:38Z" user="Ruffi" uid="81431" lat="53.4533914" lon="9.6805352"/>
 <node id="3603262703" visible="true" version="1" changeset="32057639" timestamp="2015-06-18T18:01:38Z" user="Ruffi" uid="81431" lat="53.4535989" lon="9.6806076"/>
 <node id="3603262704" visible="true" version="1" changeset="32057639" timestamp="2015-06-18T18:01:38Z" user="Ruffi" uid="81431" lat="53.4542459" lon="9.6807970"/>
 <node id="3603262705" visible="true" version="1" changeset="32057639" timestamp="2015-06-18T18:01:38Z" user="Ruffi" uid="81431" lat="53.4548738" lon="9.6841837"/>
 <node id="3603262706" visible="true" version="1" changeset="32057639" timestamp="2015-06-18T18:01:38Z" user="Ruffi" uid="81431" lat="53.4549118" lon="9.6839669"/>
 <node id="3603262707" visible="true" version="1" changeset="32057639" timestamp="2015-06-18T18:01:38Z" user="Ruffi" uid="81431" lat="53.4550105" lon="9.6842921"/>
 <node id="3603262708" visible="true" version="1" changeset="32057639" timestamp="2015-06-18T18:01:38Z" user="Ruffi" uid="81431" lat="53.4551282" lon="9.6837054"/>
 <node id="3603262709" visible="true" version="1" changeset="32057639" timestamp="2015-06-18T18:01:38Z" user="Ruffi" uid="81431" lat="53.4551851" lon="9.6843749"/>
 <node id="3603262710" visible="true" version="1" changeset="32057639" timestamp="2015-06-18T18:01:38Z" user="Ruffi" uid="81431" lat="53.4552231" lon="9.6837437"/>
 <node id="3603264702" visible="true" version="1" changeset="32057662" timestamp="2015-06-18T18:02:35Z" user="Ruffi" uid="81431" lat="53.4568198" lon="9.6821414"/>
 <node id="3603264704" visible="true" version="1" changeset="32057662" timestamp="2015-06-18T18:02:35Z" user="Ruffi" uid="81431" lat="53.4569218" lon="9.6841156"/>
 <node id="3603264706" visible="true" version="1" changeset="32057662" timestamp="2015-06-18T18:02:35Z" user="Ruffi" uid="81431" lat="53.4570057" lon="9.6844027"/>
 <node id="3632400332" visible="true" version="1" changeset="32380163" timestamp="2015-07-03T06:47:14Z" user="Ruffi" uid="81431" lat="53.4518750" lon="9.7006460"/>
 <node id="3632400333" visible="true" version="1" changeset="32380163" timestamp="2015-07-03T06:47:14Z" user="Ruffi" uid="81431" lat="53.4519848" lon="9.7008184"/>
 <node id="3632400334" visible="true" version="1" changeset="32380163" timestamp="2015-07-03T06:47:14Z" user="Ruffi" uid="81431" lat="53.4520908" lon="9.7008679"/>
 <node id="3632400335" visible="true" version="1" changeset="32380163" timestamp="2015-07-03T06:47:15Z" user="Ruffi" uid="81431" lat="53.4522038" lon="9.7008020"/>
 <node id="3632400336" visible="true" version="1" changeset="32380163" timestamp="2015-07-03T06:47:15Z" user="Ruffi" uid="81431" lat="53.4522694" lon="9.7009898"/>
 <node id="3632400337" visible="true" version="1" changeset="32380163" timestamp="2015-07-03T06:47:15Z" user="Ruffi" uid="81431" lat="53.4522773" lon="9.7007591"/>
 <node id="3632400338" visible="true" version="1" changeset="32380163" timestamp="2015-07-03T06:47:15Z" user="Ruffi" uid="81431" lat="53.4523734" lon="9.7011514"/>
 <node id="3632400339" visible="true" version="1" changeset="32380163" timestamp="2015-07-03T06:47:15Z" user="Ruffi" uid="81431" lat="53.4525580" lon="9.7012239"/>
 <node id="3632400340" visible="true" version="1" changeset="32380163" timestamp="2015-07-03T06:47:15Z" user="Ruffi" uid="81431" lat="53.4527150" lon="9.7010755"/>
 <node id="3632400341" visible="true" version="1" changeset="32380163" timestamp="2015-07-03T06:47:15Z" user="Ruffi" uid="81431" lat="53.4530016" lon="9.7011645"/>
 <node id="3632400342" visible="true" version="1" changeset="32380163" timestamp="2015-07-03T06:47:15Z" user="Ruffi" uid="81431" lat="53.4533078" lon="9.7013920"/>
 <node id="3632404624" visible="true" version="2" changeset="157774066" timestamp="2024-10-11T21:30:19Z" user="BikeTschorsch" uid="6441004" lat="53.4398131" lon="9.6867724"/>
 <node id="3690606718" visible="true" version="1" changeset="33256440" timestamp="2015-08-11T01:19:54Z" user="Omegatherion" uid="75582" lat="53.4399947" lon="9.7106922"/>
 <node id="3690606720" visible="true" version="1" changeset="33256440" timestamp="2015-08-11T01:19:54Z" user="Omegatherion" uid="75582" lat="53.4400300" lon="9.7106816"/>
 <node id="3690606721" visible="true" version="1" changeset="33256440" timestamp="2015-08-11T01:19:54Z" user="Omegatherion" uid="75582" lat="53.4400302" lon="9.7114461"/>
 <node id="3690606723" visible="true" version="1" changeset="33256440" timestamp="2015-08-11T01:19:54Z" user="Omegatherion" uid="75582" lat="53.4403536" lon="9.7153269"/>
 <node id="3690606724" visible="true" version="1" changeset="33256440" timestamp="2015-08-11T01:19:54Z" user="Omegatherion" uid="75582" lat="53.4406832" lon="9.7105008"/>
 <node id="3690606728" visible="true" version="1" changeset="33256440" timestamp="2015-08-11T01:19:54Z" user="Omegatherion" uid="75582" lat="53.4429916" lon="9.7145848"/>
 <node id="3690606729" visible="true" version="1" changeset="33256440" timestamp="2015-08-11T01:19:55Z" user="Omegatherion" uid="75582" lat="53.4430043" lon="9.7147130"/>
 <node id="3690606733" visible="true" version="1" changeset="33256440" timestamp="2015-08-11T01:19:55Z" user="Omegatherion" uid="75582" lat="53.4434165" lon="9.7144908"/>
 <node id="3690606734" visible="true" version="1" changeset="33256440" timestamp="2015-08-11T01:19:55Z" user="Omegatherion" uid="75582" lat="53.4435106" lon="9.7152939"/>
 <node id="3690606739" visible="true" version="1" changeset="33256440" timestamp="2015-08-11T01:19:55Z" user="Omegatherion" uid="75582" lat="53.4442485" lon="9.7145549"/>
 <node id="3690606741" visible="true" version="1" changeset="33256440" timestamp="2015-08-11T01:19:55Z" user="Omegatherion" uid="75582" lat="53.4443016" lon="9.7152158"/>
 <node id="3690606766" visible="true" version="1" changeset="33256440" timestamp="2015-08-11T01:19:55Z" user="Omegatherion" uid="75582" lat="53.4454748" lon="9.7154092"/>
 <node id="3690606767" visible="true" version="1" changeset="33256440" timestamp="2015-08-11T01:19:55Z" user="Omegatherion" uid="75582" lat="53.4455638" lon="9.7152854"/>
 <node id="3690606779" visible="true" version="1" changeset="33256440" timestamp="2015-08-11T01:19:56Z" user="Omegatherion" uid="75582" lat="53.4462024" lon="9.7141149"/>
 <node id="3690606784" visible="true" version="1" changeset="33256440" timestamp="2015-08-11T01:19:56Z" user="Omegatherion" uid="75582" lat="53.4466450" lon="9.7144481"/>
 <node id="3690606787" visible="true" version="1" changeset="33256440" timestamp="2015-08-11T01:19:56Z" user="Omegatherion" uid="75582" lat="53.4470546" lon="9.7148112"/>
 <node id="3690606791" visible="true" version="1" changeset="33256440" timestamp="2015-08-11T01:19:56Z" user="Omegatherion" uid="75582" lat="53.4471564" lon="9.7167420"/>
 <node id="3690606792" visible="true" version="2" changeset="105304299" timestamp="2021-05-25T16:25:40Z" user="Heideammer" uid="347762" lat="53.4472270" lon="9.7161566"/>
 <node id="3690606944" visible="true" version="1" changeset="33256440" timestamp="2015-08-11T01:19:59Z" user="Omegatherion" uid="75582" lat="53.4494834" lon="9.7180219"/>
 <node id="3690606951" visible="true" version="1" changeset="33256440" timestamp="2015-08-11T01:19:59Z" user="Omegatherion" uid="75582" lat="53.4495532" lon="9.7037355"/>
 <node id="3690607014" visible="true" version="1" changeset="33256440" timestamp="2015-08-11T01:20:00Z" user="Omegatherion" uid="75582" lat="53.4501816" lon="9.7156757"/>
 <node id="3690607047" visible="true" version="1" changeset="33256440" timestamp="2015-08-11T01:20:00Z" user="Omegatherion" uid="75582" lat="53.4509917" lon="9.7137705"/>
 <node id="3690607061" visible="true" version="1" changeset="33256440" timestamp="2015-08-11T01:20:01Z" user="Omegatherion" uid="75582" lat="53.4513029" lon="9.7131347"/>
 <node id="3690607091" visible="true" version="1" changeset="33256440" timestamp="2015-08-11T01:20:01Z" user="Omegatherion" uid="75582" lat="53.4517220" lon="9.7124415"/>
 <node id="3690607128" visible="true" version="1" changeset="33256440" timestamp="2015-08-11T01:20:02Z" user="Omegatherion" uid="75582" lat="53.4519954" lon="9.7069012"/>
 <node id="3690607160" visible="true" version="1" changeset="33256440" timestamp="2015-08-11T01:20:03Z" user="Omegatherion" uid="75582" lat="53.4521474" lon="9.7117181"/>
 <node id="3690607198" visible="true" version="1" changeset="33256440" timestamp="2015-08-11T01:20:04Z" user="Omegatherion" uid="75582" lat="53.4523041" lon="9.7090619"/>
 <node id="3690607275" visible="true" version="1" changeset="33256440" timestamp="2015-08-11T01:20:05Z" user="Omegatherion" uid="75582" lat="53.4528291" lon="9.7105597"/>
 <node id="3690607286" visible="true" version="1" changeset="33256440" timestamp="2015-08-11T01:20:05Z" user="Omegatherion" uid="75582" lat="53.4530863" lon="9.7101081"/>
 <node id="3690607287" visible="true" version="1" changeset="33256440" timestamp="2015-08-11T01:20:05Z" user="Omegatherion" uid="75582" lat="53.4532320" lon="9.7041385">
  <tag k="emergency" v="fire_hydrant"/>
  <tag k="fire_hydrant:diameter" v="125"/>
  <tag k="fire_hydrant:position" v="green"/>
  <tag k="fire_hydrant:type" v="underground"/>
 </node>
 <node id="3690607291" visible="true" version="1" changeset="33256440" timestamp="2015-08-11T01:20:05Z" user="Omegatherion" uid="75582" lat="53.4533577" lon="9.7096115"/>
 <node id="3690607310" visible="true" version="1" changeset="33256440" timestamp="2015-08-11T01:20:05Z" user="Omegatherion" uid="75582" lat="53.4538628" lon="9.6989823"/>
 <node id="3690607318" visible="true" version="1" changeset="33256440" timestamp="2015-08-11T01:20:06Z" user="Omegatherion" uid="75582" lat="53.4540220" lon="9.6983101"/>
 <node id="3690607331" visible="true" version="1" changeset="33256440" timestamp="2015-08-11T01:20:06Z" user="Omegatherion" uid="75582" lat="53.4542133" lon="9.6982247"/>
 <node id="3690607336" visible="true" version="1" changeset="33256440" timestamp="2015-08-11T01:20:06Z" user="Omegatherion" uid="75582" lat="53.4542785" lon="9.6990752"/>
 <node id="3690607339" visible="true" version="1" changeset="33256440" timestamp="2015-08-11T01:20:06Z" user="Omegatherion" uid="75582" lat="53.4542907" lon="9.6988635"/>
 <node id="3690607347" visible="true" version="1" changeset="33256440" timestamp="2015-08-11T01:20:06Z" user="Omegatherion" uid="75582" lat="53.4544215" lon="9.6974348"/>
 <node id="3690607352" visible="true" version="1" changeset="33256440" timestamp="2015-08-11T01:20:06Z" user="Omegatherion" uid="75582" lat="53.4545439" lon="9.6989842"/>
 <node id="3690607354" visible="true" version="1" changeset="33256440" timestamp="2015-08-11T01:20:06Z" user="Omegatherion" uid="75582" lat="53.4545795" lon="9.6974663"/>
 <node id="3690607355" visible="true" version="1" changeset="33256440" timestamp="2015-08-11T01:20:06Z" user="Omegatherion" uid="75582" lat="53.4545877" lon="9.7000927"/>
 <node id="3690607361" visible="true" version="1" changeset="33256440" timestamp="2015-08-11T01:20:06Z" user="Omegatherion" uid="75582" lat="53.4547178" lon="9.7084979"/>
 <node id="3690607364" visible="true" version="1" changeset="33256440" timestamp="2015-08-11T01:20:06Z" user="Omegatherion" uid="75582" lat="53.4548249" lon="9.6970268"/>
 <node id="3690607369" visible="true" version="1" changeset="33256440" timestamp="2015-08-11T01:20:06Z" user="Omegatherion" uid="75582" lat="53.4548957" lon="9.6963435"/>
 <node id="3690607380" visible="true" version="2" changeset="148184223" timestamp="2024-03-03T22:41:27Z" user="Funki-Bux" uid="15130873" lat="53.4553675" lon="9.7085470"/>
 <node id="3690607383" visible="true" version="1" changeset="33256440" timestamp="2015-08-11T01:20:07Z" user="Omegatherion" uid="75582" lat="53.4552596" lon="9.7005627"/>
 <node id="3690607385" visible="true" version="1" changeset="33256440" timestamp="2015-08-11T01:20:07Z" user="Omegatherion" uid="75582" lat="53.4553007" lon="9.7000775"/>
 <node id="3690607386" visible="true" version="2" changeset="148184223" timestamp="2024-03-03T22:41:27Z" user="Funki-Bux" uid="15130873" lat="53.4554192" lon="9.7083630"/>
 <node id="3690607390" visible="true" version="1" changeset="33256440" timestamp="2015-08-11T01:20:07Z" user="Omegatherion" uid="75582" lat="53.4554911" lon="9.7083676"/>
 <node id="3690607392" visible="true" version="1" changeset="33256440" timestamp="2015-08-11T01:20:07Z" user="Omegatherion" uid="75582" lat="53.4555152" lon="9.7085000"/>
 <node id="3690607394" visible="true" version="1" changeset="33256440" timestamp="2015-08-11T01:20:07Z" user="Omegatherion" uid="75582" lat="53.4556035" lon="9.6965020"/>
 <node id="3690607400" visible="true" version="1" changeset="33256440" timestamp="2015-08-11T01:20:07Z" user="Omegatherion" uid="75582" lat="53.4558563" lon="9.6965745"/>
 <node id="3690607405" visible="true" version="1" changeset="33256440" timestamp="2015-08-11T01:20:07Z" user="Omegatherion" uid="75582" lat="53.4559081" lon="9.6961645"/>
 <node id="3690607407" visible="true" version="1" changeset="33256440" timestamp="2015-08-11T01:20:07Z" user="Omegatherion" uid="75582" lat="53.4559915" lon="9.7087463"/>
 <node id="3690607445" visible="true" version="2" changeset="69852700" timestamp="2019-05-03T16:50:34Z" user="usernamex91" uid="9851549" lat="53.4571131" lon="9.6997931"/>
 <node id="3690607479" visible="true" version="1" changeset="33256440" timestamp="2015-08-11T01:20:08Z" user="Omegatherion" uid="75582" lat="53.4577944" lon="9.6966979"/>
 <node id="3690607485" visible="true" version="1" changeset="33256440" timestamp="2015-08-11T01:20:08Z" user="Omegatherion" uid="75582" lat="53.4579846" lon="9.6969302"/>
 <node id="3783725921" visible="true" version="1" changeset="34597886" timestamp="2015-10-12T19:40:00Z" user="sundew" uid="617520" lat="53.4093065" lon="9.6717316"/>
 <node id="3783725922" visible="true" version="1" changeset="34597886" timestamp="2015-10-12T19:40:00Z" user="sundew" uid="617520" lat="53.4093126" lon="9.6698228"/>
 <node id="3800431417" visible="true" version="1" changeset="34836709" timestamp="2015-10-24T08:24:54Z" user="Ruffi" uid="81431" lat="53.4410586" lon="9.6733597"/>
 <node id="3800431419" visible="true" version="1" changeset="34836709" timestamp="2015-10-24T08:24:54Z" user="Ruffi" uid="81431" lat="53.4411280" lon="9.6734711"/>
 <node id="3800431421" visible="true" version="1" changeset="34836709" timestamp="2015-10-24T08:24:54Z" user="Ruffi" uid="81431" lat="53.4411714" lon="9.6735256"/>
 <node id="3888844815" visible="true" version="1" changeset="35905625" timestamp="2015-12-12T09:41:51Z" user="Ruffi" uid="81431" lat="53.4539323" lon="9.6783958"/>
 <node id="3888844818" visible="true" version="1" changeset="35905625" timestamp="2015-12-12T09:41:51Z" user="Ruffi" uid="81431" lat="53.4543109" lon="9.6822004"/>
 <node id="3888844820" visible="true" version="1" changeset="35905625" timestamp="2015-12-12T09:41:52Z" user="Ruffi" uid="81431" lat="53.4545818" lon="9.6818203"/>
 <node id="3888844821" visible="true" version="1" changeset="35905625" timestamp="2015-12-12T09:41:52Z" user="Ruffi" uid="81431" lat="53.4547887" lon="9.6817581"/>
 <node id="3888844822" visible="true" version="1" changeset="35905625" timestamp="2015-12-12T09:41:52Z" user="Ruffi" uid="81431" lat="53.4549485" lon="9.6818740"/>
 <node id="3888844823" visible="true" version="1" changeset="35905625" timestamp="2015-12-12T09:41:52Z" user="Ruffi" uid="81431" lat="53.4550141" lon="9.6822553"/>
 <node id="3888844824" visible="true" version="1" changeset="35905625" timestamp="2015-12-12T09:41:52Z" user="Ruffi" uid="81431" lat="53.4552160" lon="9.6826790"/>
 <node id="3888844825" visible="true" version="1" changeset="35905625" timestamp="2015-12-12T09:41:52Z" user="Ruffi" uid="81431" lat="53.4554263" lon="9.6830369"/>
 <node id="3888844826" visible="true" version="1" changeset="35905625" timestamp="2015-12-12T09:41:52Z" user="Ruffi" uid="81431" lat="53.4557760" lon="9.6805770"/>
 <node id="3892383758" visible="true" version="1" changeset="35953324" timestamp="2015-12-14T19:52:22Z" user="Heideammer" uid="347762" lat="53.4576603" lon="9.7077472"/>
 <node id="3892493222" visible="true" version="1" changeset="35954942" timestamp="2015-12-14T21:18:38Z" user="Heideammer" uid="347762" lat="53.4243007" lon="9.6686397"/>
 <node id="3892493235" visible="true" version="1" changeset="35954942" timestamp="2015-12-14T21:18:38Z" user="Heideammer" uid="347762" lat="53.4248854" lon="9.6683901"/>
 <node id="3892493252" visible="true" version="1" changeset="35954942" timestamp="2015-12-14T21:18:38Z" user="Heideammer" uid="347762" lat="53.4264690" lon="9.6667519"/>
 <node id="3892493253" visible="true" version="1" changeset="35954942" timestamp="2015-12-14T21:18:38Z" user="Heideammer" uid="347762" lat="53.4265174" lon="9.6671874"/>
 <node id="3892493254" visible="true" version="1" changeset="35954942" timestamp="2015-12-14T21:18:38Z" user="Heideammer" uid="347762" lat="53.4265797" lon="9.6672106"/>
 <node id="3892493255" visible="true" version="1" changeset="35954942" timestamp="2015-12-14T21:18:38Z" user="Heideammer" uid="347762" lat="53.4267215" lon="9.6678783"/>
 <node id="3892493260" visible="true" version="1" changeset="35954942" timestamp="2015-12-14T21:18:38Z" user="Heideammer" uid="347762" lat="53.4269118" lon="9.6678957"/>
 <node id="3892493286" visible="true" version="1" changeset="35954942" timestamp="2015-12-14T21:18:39Z" user="Heideammer" uid="347762" lat="53.4294502" lon="9.6746726"/>
 <node id="3892493303" visible="true" version="2" changeset="151963462" timestamp="2024-05-28T21:12:26Z" user="osmsh" uid="85409" lat="53.4312338" lon="9.6745991"/>
 <node id="3892493320" visible="true" version="1" changeset="35954942" timestamp="2015-12-14T21:18:39Z" user="Heideammer" uid="347762" lat="53.4323280" lon="9.6745257"/>
 <node id="3892493321" visible="true" version="1" changeset="35954942" timestamp="2015-12-14T21:18:39Z" user="Heideammer" uid="347762" lat="53.4324569" lon="9.6744681"/>
 <node id="3892493323" visible="true" version="1" changeset="35954942" timestamp="2015-12-14T21:18:39Z" user="Heideammer" uid="347762" lat="53.4326439" lon="9.6745133"/>
 <node id="3892493329" visible="true" version="1" changeset="35954942" timestamp="2015-12-14T21:18:39Z" user="Heideammer" uid="347762" lat="53.4331487" lon="9.6737770"/>
 <node id="3892493331" visible="true" version="1" changeset="35954942" timestamp="2015-12-14T21:18:39Z" user="Heideammer" uid="347762" lat="53.4331852" lon="9.6744145"/>
 <node id="3892493336" visible="true" version="1" changeset="35954942" timestamp="2015-12-14T21:18:40Z" user="Heideammer" uid="347762" lat="53.4333824" lon="9.6738301"/>
 <node id="3892493344" visible="true" version="1" changeset="35954942" timestamp="2015-12-14T21:18:40Z" user="Heideammer" uid="347762" lat="53.4338133" lon="9.6738383"/>
 <node id="3892493345" visible="true" version="1" changeset="35954942" timestamp="2015-12-14T21:18:40Z" user="Heideammer" uid="347762" lat="53.4338328" lon="9.6739568"/>
 <node id="3892493352" visible="true" version="1" changeset="35954942" timestamp="2015-12-14T21:18:40Z" user="Heideammer" uid="347762" lat="53.4343005" lon="9.6739242"/>
 <node id="3892493356" visible="true" version="1" changeset="35954942" timestamp="2015-12-14T21:18:40Z" user="Heideammer" uid="347762" lat="53.4364261" lon="9.6737504"/>
 <node id="3892493357" visible="true" version="1" changeset="35954942" timestamp="2015-12-14T21:18:40Z" user="Heideammer" uid="347762" lat="53.4366690" lon="9.6738669"/>
 <node id="3892493360" visible="true" version="1" changeset="35954942" timestamp="2015-12-14T21:18:40Z" user="Heideammer" uid="347762" lat="53.4371357" lon="9.6741323"/>
 <node id="3892493361" visible="true" version="1" changeset="35954942" timestamp="2015-12-14T21:18:40Z" user="Heideammer" uid="347762" lat="53.4373089" lon="9.6741978"/>
 <node id="3893590296" visible="true" version="2" changeset="105304299" timestamp="2021-05-25T16:25:40Z" user="Heideammer" uid="347762" lat="53.4366870" lon="9.6824755"/>
 <node id="3893590297" visible="true" version="1" changeset="35969404" timestamp="2015-12-15T15:39:40Z" user="Heideammer" uid="347762" lat="53.4367890" lon="9.6801540"/>
 <node id="3893590298" visible="true" version="1" changeset="35969404" timestamp="2015-12-15T15:39:40Z" user="Heideammer" uid="347762" lat="53.4368323" lon="9.6796442"/>
 <node id="3893590299" visible="true" version="1" changeset="35969404" timestamp="2015-12-15T15:39:40Z" user="Heideammer" uid="347762" lat="53.4374622" lon="9.6849519"/>
 <node id="3893590300" visible="true" version="1" changeset="35969404" timestamp="2015-12-15T15:39:41Z" user="Heideammer" uid="347762" lat="53.4375668" lon="9.6829263"/>
 <node id="3893590301" visible="true" version="1" changeset="35969404" timestamp="2015-12-15T15:39:41Z" user="Heideammer" uid="347762" lat="53.4382523" lon="9.6855853"/>
 <node id="3893590302" visible="true" version="1" changeset="35969404" timestamp="2015-12-15T15:39:41Z" user="Heideammer" uid="347762" lat="53.4383271" lon="9.6858299"/>
 <node id="3893590303" visible="true" version="1" changeset="35969404" timestamp="2015-12-15T15:39:41Z" user="Heideammer" uid="347762" lat="53.4383498" lon="9.6859220"/>
 <node id="3893590311" visible="true" version="1" changeset="35969404" timestamp="2015-12-15T15:39:41Z" user="Heideammer" uid="347762" lat="53.4388194" lon="9.6767764"/>
 <node id="3893590313" visible="true" version="1" changeset="35969404" timestamp="2015-12-15T15:39:41Z" user="Heideammer" uid="347762" lat="53.4389094" lon="9.6757818"/>
 <node id="3893590314" visible="true" version="1" changeset="35969404" timestamp="2015-12-15T15:39:41Z" user="Heideammer" uid="347762" lat="53.4389171" lon="9.6755822"/>
 <node id="3893590320" visible="true" version="1" changeset="35969404" timestamp="2015-12-15T15:39:41Z" user="Heideammer" uid="347762" lat="53.4397866" lon="9.6847618"/>
 <node id="3893590323" visible="true" version="1" changeset="35969404" timestamp="2015-12-15T15:39:41Z" user="Heideammer" uid="347762" lat="53.4399155" lon="9.6844702"/>
 <node id="3893590327" visible="true" version="1" changeset="35969404" timestamp="2015-12-15T15:39:41Z" user="Heideammer" uid="347762" lat="53.4401191" lon="9.6841849"/>
 <node id="3893590330" visible="true" version="1" changeset="35969404" timestamp="2015-12-15T15:39:41Z" user="Heideammer" uid="347762" lat="53.4402759" lon="9.6834323"/>
 <node id="3893590333" visible="true" version="1" changeset="35969404" timestamp="2015-12-15T15:39:41Z" user="Heideammer" uid="347762" lat="53.4404665" lon="9.6831814"/>
 <node id="3893590334" visible="true" version="1" changeset="35969404" timestamp="2015-12-15T15:39:41Z" user="Heideammer" uid="347762" lat="53.4406122" lon="9.6831877"/>
 <node id="3893590336" visible="true" version="1" changeset="35969404" timestamp="2015-12-15T15:39:41Z" user="Heideammer" uid="347762" lat="53.4407028" lon="9.6755490"/>
 <node id="3893590338" visible="true" version="1" changeset="35969404" timestamp="2015-12-15T15:39:41Z" user="Heideammer" uid="347762" lat="53.4407504" lon="9.6831814"/>
 <node id="3893590344" visible="true" version="1" changeset="35969404" timestamp="2015-12-15T15:39:41Z" user="Heideammer" uid="347762" lat="53.4419632" lon="9.6794841"/>
 <node id="3893590354" visible="true" version="1" changeset="35969404" timestamp="2015-12-15T15:39:41Z" user="Heideammer" uid="347762" lat="53.4428868" lon="9.6787654"/>
 <node id="3893590357" visible="true" version="1" changeset="35969404" timestamp="2015-12-15T15:39:42Z" user="Heideammer" uid="347762" lat="53.4429193" lon="9.6789543"/>
 <node id="3893590361" visible="true" version="1" changeset="35969404" timestamp="2015-12-15T15:39:42Z" user="Heideammer" uid="347762" lat="53.4440189" lon="9.6770014"/>
 <node id="3893590363" visible="true" version="1" changeset="35969404" timestamp="2015-12-15T15:39:42Z" user="Heideammer" uid="347762" lat="53.4488811" lon="9.6795291"/>
 <node id="3893590365" visible="true" version="1" changeset="35969404" timestamp="2015-12-15T15:39:42Z" user="Heideammer" uid="347762" lat="53.4496582" lon="9.6799708"/>
 <node id="3893809494" visible="true" version="1" changeset="35972453" timestamp="2015-12-15T18:10:36Z" user="Heideammer" uid="347762" lat="53.4099957" lon="9.6763520"/>
 <node id="3893809495" visible="true" version="1" changeset="35972453" timestamp="2015-12-15T18:10:36Z" user="Heideammer" uid="347762" lat="53.4101075" lon="9.6766609"/>
 <node id="3893809546" visible="true" version="1" changeset="35972453" timestamp="2015-12-15T18:10:37Z" user="Heideammer" uid="347762" lat="53.4148687" lon="9.6812646"/>
 <node id="3893809551" visible="true" version="1" changeset="35972453" timestamp="2015-12-15T18:10:37Z" user="Heideammer" uid="347762" lat="53.4156414" lon="9.6796810"/>
 <node id="3893809552" visible="true" version="1" changeset="35972453" timestamp="2015-12-15T18:10:37Z" user="Heideammer" uid="347762" lat="53.4166969" lon="9.6794883"/>
 <node id="3893809554" visible="true" version="1" changeset="35972453" timestamp="2015-12-15T18:10:37Z" user="Heideammer" uid="347762" lat="53.4226788" lon="9.6729531"/>
 <node id="3906199303" visible="true" version="2" changeset="126233352" timestamp="2022-09-15T17:17:35Z" user="BikeTschorsch" uid="6441004" lat="53.4103841" lon="9.6574388"/>
 <node id="3906199304" visible="true" version="2" changeset="126233352" timestamp="2022-09-15T17:17:35Z" user="BikeTschorsch" uid="6441004" lat="53.4101014" lon="9.6580166"/>
 <node id="3906199305" visible="true" version="1" changeset="36122430" timestamp="2015-12-23T10:29:47Z" user="ferdoz" uid="238449" lat="53.4101459" lon="9.6649288"/>
 <node id="4100238411" visible="true" version="2" changeset="135613453" timestamp="2023-05-02T12:01:21Z" user="BikeTschorsch" uid="6441004" lat="53.4303481" lon="9.6662813"/>
 <node id="4100244768" visible="true" version="2" changeset="135613453" timestamp="2023-05-02T12:01:21Z" user="BikeTschorsch" uid="6441004" lat="53.4278111" lon="9.6676246"/>
 <node id="4416287428" visible="true" version="2" changeset="44456670" timestamp="2016-12-16T20:46:59Z" user="Omegatherion" uid="75582" lat="53.4482539" lon="9.6941574"/>
 <node id="4428828887" visible="true" version="1" changeset="42602377" timestamp="2016-10-03T11:07:58Z" user="smarties" uid="45882" lat="53.4402517" lon="9.6920394"/>
 <node id="4428828888" visible="true" version="1" changeset="42602377" timestamp="2016-10-03T11:07:58Z" user="smarties" uid="45882" lat="53.4431705" lon="9.6927609"/>
 <node id="4428828989" visible="true" version="3" changeset="140246360" timestamp="2023-08-22T20:43:24Z" user="TomJeffs" uid="6397757" lat="53.4462730" lon="9.6935528"/>
 <node id="4428828990" visible="true" version="1" changeset="42602377" timestamp="2016-10-03T11:07:58Z" user="smarties" uid="45882" lat="53.4482681" lon="9.6941074"/>
 <node id="4428828991" visible="true" version="1" changeset="42602377" timestamp="2016-10-03T11:07:58Z" user="smarties" uid="45882" lat="53.4507360" lon="9.6946009"/>
 <node id="4428828992" visible="true" version="1" changeset="42602377" timestamp="2016-10-03T11:07:58Z" user="smarties" uid="45882" lat="53.4508885" lon="9.6946439"/>
 <node id="4428828993" visible="true" version="1" changeset="42602377" timestamp="2016-10-03T11:07:58Z" user="smarties" uid="45882" lat="53.4516776" lon="9.6948557"/>
 <node id="4428828994" visible="true" version="1" changeset="42602377" timestamp="2016-10-03T11:07:58Z" user="smarties" uid="45882" lat="53.4527677" lon="9.6953707"/>
 <node id="4428828995" visible="true" version="1" changeset="42602377" timestamp="2016-10-03T11:07:58Z" user="smarties" uid="45882" lat="53.4527766" lon="9.6952747"/>
 <node id="4428828996" visible="true" version="1" changeset="42602377" timestamp="2016-10-03T11:07:58Z" user="smarties" uid="45882" lat="53.4527861" lon="9.6951736"/>
 <node id="4428828997" visible="true" version="1" changeset="42602377" timestamp="2016-10-03T11:07:58Z" user="smarties" uid="45882" lat="53.4530444" lon="9.6954313"/>
 <node id="4428828998" visible="true" version="1" changeset="42602377" timestamp="2016-10-03T11:07:58Z" user="smarties" uid="45882" lat="53.4534166" lon="9.6955397"/>
 <node id="4428828999" visible="true" version="1" changeset="42602377" timestamp="2016-10-03T11:07:58Z" user="smarties" uid="45882" lat="53.4541576" lon="9.6957489"/>
 <node id="4428829000" visible="true" version="1" changeset="42602377" timestamp="2016-10-03T11:07:59Z" user="smarties" uid="45882" lat="53.4556685" lon="9.6960359"/>
 <node id="4428829001" visible="true" version="1" changeset="42602377" timestamp="2016-10-03T11:07:59Z" user="smarties" uid="45882" lat="53.4567865" lon="9.6963149"/>
 <node id="4428829002" visible="true" version="1" changeset="42602377" timestamp="2016-10-03T11:07:59Z" user="smarties" uid="45882" lat="53.4587109" lon="9.6968567"/>
 <node id="4428829003" visible="true" version="1" changeset="42602377" timestamp="2016-10-03T11:07:59Z" user="smarties" uid="45882" lat="53.4590249" lon="9.6969256"/>
 <node id="4428829004" visible="true" version="1" changeset="42602377" timestamp="2016-10-03T11:07:59Z" user="smarties" uid="45882" lat="53.4592395" lon="9.6969345"/>
 <node id="4428829005" visible="true" version="1" changeset="42602377" timestamp="2016-10-03T11:07:59Z" user="smarties" uid="45882" lat="53.4594216" lon="9.6969023"/>
 <node id="4428829006" visible="true" version="1" changeset="42602377" timestamp="2016-10-03T11:07:59Z" user="smarties" uid="45882" lat="53.4596659" lon="9.6968325"/>
 <node id="4428829007" visible="true" version="1" changeset="42602377" timestamp="2016-10-03T11:07:59Z" user="smarties" uid="45882" lat="53.4600542" lon="9.6966662"/>
 <node id="4428829055" visible="true" version="2" changeset="94564421" timestamp="2020-11-21T22:53:30Z" user="CalBarg" uid="130937" lat="53.4612918" lon="9.6961244"/>
 <node id="4428829060" visible="true" version="1" changeset="42602377" timestamp="2016-10-03T11:08:00Z" user="smarties" uid="45882" lat="53.4613756" lon="9.6961580"/>
 <node id="4447863424" visible="true" version="3" changeset="82277532" timestamp="2020-03-17T00:21:03Z" user="CalBarg" uid="130937" lat="53.4602525" lon="9.6965855">
  <tag k="traffic_sign" v="DE:434;DE:432"/>
 </node>
 <node id="4447863427" visible="true" version="2" changeset="82277532" timestamp="2020-03-17T00:21:03Z" user="CalBarg" uid="130937" lat="53.4604101" lon="9.6965197"/>
 <node id="4557730048" visible="true" version="1" changeset="44456670" timestamp="2016-12-16T20:46:59Z" user="Omegatherion" uid="75582" lat="53.4511958" lon="9.6940037"/>
 <node id="4557730049" visible="true" version="1" changeset="44456670" timestamp="2016-12-16T20:46:59Z" user="Omegatherion" uid="75582" lat="53.4517724" lon="9.6948272"/>
 <node id="4557730050" visible="true" version="1" changeset="44456670" timestamp="2016-12-16T20:46:59Z" user="Omegatherion" uid="75582" lat="53.4510600" lon="9.6946072"/>
 <node id="4557730051" visible="true" version="2" changeset="140231582" timestamp="2023-08-22T14:10:03Z" user="TomJeffs" uid="6397757" lat="53.4493021" lon="9.6942077"/>
 <node id="4557730052" visible="true" version="2" changeset="140231582" timestamp="2023-08-22T14:10:03Z" user="TomJeffs" uid="6397757" lat="53.4503692" lon="9.6894903"/>
 <node id="4557730053" visible="true" version="1" changeset="44456670" timestamp="2016-12-16T20:46:59Z" user="Omegatherion" uid="75582" lat="53.4491592" lon="9.6941874"/>
 <node id="4557730054" visible="true" version="2" changeset="140231582" timestamp="2023-08-22T14:10:03Z" user="TomJeffs" uid="6397757" lat="53.4463854" lon="9.6935835"/>
 <node id="4557730055" visible="true" version="1" changeset="44456670" timestamp="2016-12-16T20:46:59Z" user="Omegatherion" uid="75582" lat="53.4462144" lon="9.6934928"/>
 <node id="4557730056" visible="true" version="2" changeset="140231582" timestamp="2023-08-22T14:10:03Z" user="TomJeffs" uid="6397757" lat="53.4463405" lon="9.6936253"/>
 <node id="4557730057" visible="true" version="2" changeset="69849616" timestamp="2019-05-03T15:51:14Z" user="usernamex91" uid="9851549" lat="53.4539741" lon="9.6954912"/>
 <node id="4557730058" visible="true" version="2" changeset="69849616" timestamp="2019-05-03T15:51:14Z" user="usernamex91" uid="9851549" lat="53.4537385" lon="9.6954498"/>
 <node id="4557730059" visible="true" version="2" changeset="69849616" timestamp="2019-05-03T15:51:14Z" user="usernamex91" uid="9851549" lat="53.4531937" lon="9.6946478"/>
 <node id="4557730061" visible="true" version="2" changeset="69849616" timestamp="2019-05-03T15:51:14Z" user="usernamex91" uid="9851549" lat="53.4533950" lon="9.6936115"/>
 <node id="4557730062" visible="true" version="1" changeset="44456670" timestamp="2016-12-16T20:46:59Z" user="Omegatherion" uid="75582" lat="53.4533050" lon="9.6935679"/>
 <node id="4557730063" visible="true" version="1" changeset="44456670" timestamp="2016-12-16T20:46:59Z" user="Omegatherion" uid="75582" lat="53.4527268" lon="9.6935786"/>
 <node id="4557730064" visible="true" version="1" changeset="44456670" timestamp="2016-12-16T20:46:59Z" user="Omegatherion" uid="75582" lat="53.4528450" lon="9.6948714"/>
 <node id="4557730065" visible="true" version="1" changeset="44456670" timestamp="2016-12-16T20:46:59Z" user="Omegatherion" uid="75582" lat="53.4527539" lon="9.6950914"/>
 <node id="4557730066" visible="true" version="1" changeset="44456670" timestamp="2016-12-16T20:46:59Z" user="Omegatherion" uid="75582" lat="53.4508244" lon="9.6947215"/>
 <node id="4557730067" visible="true" version="1" changeset="44456670" timestamp="2016-12-16T20:46:59Z" user="Omegatherion" uid="75582" lat="53.4510658" lon="9.6948052"/>
 <node id="4623970732" visible="true" version="2" changeset="126233352" timestamp="2022-09-15T17:17:35Z" user="BikeTschorsch" uid="6441004" lat="53.4101165" lon="9.6612858"/>
 <node id="4882961737" visible="true" version="1" changeset="49063594" timestamp="2017-05-29T07:27:28Z" user="richard23" uid="1854009" lat="53.4512207" lon="9.6714302"/>
 <node id="4882961738" visible="true" version="1" changeset="49063594" timestamp="2017-05-29T07:27:28Z" user="richard23" uid="1854009" lat="53.4514151" lon="9.6754460"/>
 <node id="4882961740" visible="true" version="1" changeset="49063594" timestamp="2017-05-29T07:27:28Z" user="richard23" uid="1854009" lat="53.4517458" lon="9.6758239"/>
 <node id="4882961741" visible="true" version="1" changeset="49063594" timestamp="2017-05-29T07:27:28Z" user="richard23" uid="1854009" lat="53.4509575" lon="9.6750185"/>
 <node id="4882961744" visible="true" version="1" changeset="49063594" timestamp="2017-05-29T07:27:28Z" user="richard23" uid="1854009" lat="53.4510949" lon="9.6725294"/>
 <node id="4882961747" visible="true" version="1" changeset="49063594" timestamp="2017-05-29T07:27:28Z" user="richard23" uid="1854009" lat="53.4517547" lon="9.6754246"/>
 <node id="4882961748" visible="true" version="1" changeset="49063594" timestamp="2017-05-29T07:27:28Z" user="richard23" uid="1854009" lat="53.4509835" lon="9.6754144"/>
 <node id="4882961749" visible="true" version="2" changeset="69850800" timestamp="2019-05-03T16:14:24Z" user="usernamex91" uid="9851549" lat="53.4512858" lon="9.6705958"/>
 <node id="4882961750" visible="true" version="1" changeset="49063594" timestamp="2017-05-29T07:27:28Z" user="richard23" uid="1854009" lat="53.4508331" lon="9.6745620"/>
 <node id="4882961751" visible="true" version="1" changeset="49063594" timestamp="2017-05-29T07:27:28Z" user="richard23" uid="1854009" lat="53.4511396" lon="9.6734408"/>
 <node id="4882961753" visible="true" version="1" changeset="49063594" timestamp="2017-05-29T07:27:28Z" user="richard23" uid="1854009" lat="53.4507018" lon="9.6749114"/>
 <node id="4882961754" visible="true" version="1" changeset="49063594" timestamp="2017-05-29T07:27:28Z" user="richard23" uid="1854009" lat="53.4509204" lon="9.6738190"/>
 <node id="4882961755" visible="true" version="1" changeset="49063594" timestamp="2017-05-29T07:27:28Z" user="richard23" uid="1854009" lat="53.4506962" lon="9.6722641"/>
 <node id="4882961758" visible="true" version="1" changeset="49063594" timestamp="2017-05-29T07:27:28Z" user="richard23" uid="1854009" lat="53.4508879" lon="9.6704110"/>
 <node id="4882961760" visible="true" version="1" changeset="49063594" timestamp="2017-05-29T07:27:28Z" user="richard23" uid="1854009" lat="53.4520087" lon="9.6715874"/>
 <node id="4882961761" visible="true" version="2" changeset="69849966" timestamp="2019-05-03T15:57:02Z" user="usernamex91" uid="9851549" lat="53.4505619" lon="9.6753572"/>
 <node id="4882961762" visible="true" version="1" changeset="49063594" timestamp="2017-05-29T07:27:28Z" user="richard23" uid="1854009" lat="53.4520313" lon="9.6754195"/>
 <node id="4882961763" visible="true" version="1" changeset="49063594" timestamp="2017-05-29T07:27:28Z" user="richard23" uid="1854009" lat="53.4512742" lon="9.6754980"/>
 <node id="4882961765" visible="true" version="1" changeset="49063594" timestamp="2017-05-29T07:27:28Z" user="richard23" uid="1854009" lat="53.4510152" lon="9.6736822"/>
 <node id="4882961766" visible="true" version="1" changeset="49063594" timestamp="2017-05-29T07:27:28Z" user="richard23" uid="1854009" lat="53.4512960" lon="9.6745756"/>
 <node id="4882961767" visible="true" version="1" changeset="49063594" timestamp="2017-05-29T07:27:28Z" user="richard23" uid="1854009" lat="53.4510153" lon="9.6742398"/>
 <node id="4882961769" visible="true" version="1" changeset="49063594" timestamp="2017-05-29T07:27:28Z" user="richard23" uid="1854009" lat="53.4508455" lon="9.6738866"/>
 <node id="4882961771" visible="true" version="1" changeset="49063594" timestamp="2017-05-29T07:27:28Z" user="richard23" uid="1854009" lat="53.4526479" lon="9.6736331"/>
 <node id="4882961772" visible="true" version="1" changeset="49063594" timestamp="2017-05-29T07:27:28Z" user="richard23" uid="1854009" lat="53.4516028" lon="9.6760876"/>
 <node id="5146823656" visible="true" version="1" changeset="52617006" timestamp="2017-10-04T07:40:56Z" user="TomJeffs" uid="6397757" lat="53.4469141" lon="9.6930957"/>
 <node id="5146823657" visible="true" version="1" changeset="52617006" timestamp="2017-10-04T07:40:56Z" user="TomJeffs" uid="6397757" lat="53.4469038" lon="9.6932451"/>
 <node id="5146823658" visible="true" version="1" changeset="52617006" timestamp="2017-10-04T07:40:56Z" user="TomJeffs" uid="6397757" lat="53.4469427" lon="9.6933802"/>
 <node id="5146823660" visible="true" version="3" changeset="140231582" timestamp="2023-08-22T14:10:03Z" user="TomJeffs" uid="6397757" lat="53.4470338" lon="9.6926960">
  <tag k="barrier" v="gate"/>
 </node>
 <node id="5146823661" visible="true" version="2" changeset="140231582" timestamp="2023-08-22T14:10:03Z" user="TomJeffs" uid="6397757" lat="53.4472254" lon="9.6927344"/>
 <node id="5146823662" visible="true" version="1" changeset="52617006" timestamp="2017-10-04T07:40:56Z" user="TomJeffs" uid="6397757" lat="53.4473299" lon="9.6928073"/>
 <node id="5146823663" visible="true" version="1" changeset="52617006" timestamp="2017-10-04T07:40:56Z" user="TomJeffs" uid="6397757" lat="53.4473812" lon="9.6928648"/>
 <node id="5146823664" visible="true" version="1" changeset="52617006" timestamp="2017-10-04T07:40:56Z" user="TomJeffs" uid="6397757" lat="53.4474309" lon="9.6928907"/>
 <node id="5146823665" visible="true" version="1" changeset="52617006" timestamp="2017-10-04T07:40:56Z" user="TomJeffs" uid="6397757" lat="53.4475062" lon="9.6928850"/>
 <node id="5146823666" visible="true" version="1" changeset="52617006" timestamp="2017-10-04T07:40:56Z" user="TomJeffs" uid="6397757" lat="53.4475884" lon="9.6928131"/>
 <node id="5146823667" visible="true" version="1" changeset="52617006" timestamp="2017-10-04T07:40:56Z" user="TomJeffs" uid="6397757" lat="53.4480421" lon="9.6923991"/>
 <node id="5146823668" visible="true" version="1" changeset="52617006" timestamp="2017-10-04T07:40:56Z" user="TomJeffs" uid="6397757" lat="53.4483588" lon="9.6920628"/>
 <node id="5146823669" visible="true" version="1" changeset="52617006" timestamp="2017-10-04T07:40:56Z" user="TomJeffs" uid="6397757" lat="53.4485608" lon="9.6918213"/>
 <node id="5146823670" visible="true" version="1" changeset="52617006" timestamp="2017-10-04T07:40:56Z" user="TomJeffs" uid="6397757" lat="53.4487183" lon="9.6916028"/>
 <node id="5146823671" visible="true" version="2" changeset="140231582" timestamp="2023-08-22T14:10:03Z" user="TomJeffs" uid="6397757" lat="53.4471322" lon="9.6927044">
  <tag k="barrier" v="gate"/>
 </node>
 <node id="5146823672" visible="true" version="2" changeset="140246316" timestamp="2023-08-22T20:41:24Z" user="TomJeffs" uid="6397757" lat="53.4482888" lon="9.6933127"/>
 <node id="5146823673" visible="true" version="2" changeset="140246316" timestamp="2023-08-22T20:41:24Z" user="TomJeffs" uid="6397757" lat="53.4482142" lon="9.6933767"/>
 <node id="5239618262" visible="true" version="1" changeset="53953111" timestamp="2017-11-20T15:42:11Z" user="friesede" uid="40595" lat="53.4157449" lon="9.6838302"/>
 <node id="5381355747" visible="true" version="2" changeset="134410744" timestamp="2023-04-02T11:54:38Z" user="DCA" uid="75107" lat="53.4581938" lon="9.6871775"/>
 <node id="6445750600" visible="true" version="1" changeset="69848457" timestamp="2019-05-03T15:18:13Z" user="usernamex91" uid="9851549" lat="53.4549620" lon="9.7039596"/>
 <node id="6445750601" visible="true" version="1" changeset="69848457" timestamp="2019-05-03T15:18:13Z" user="usernamex91" uid="9851549" lat="53.4548776" lon="9.7039165"/>
 <node id="6445750602" visible="true" version="1" changeset="69848457" timestamp="2019-05-03T15:18:13Z" user="usernamex91" uid="9851549" lat="53.4548400" lon="9.7041199"/>
 <node id="6445750603" visible="true" version="1" changeset="69848457" timestamp="2019-05-03T15:18:13Z" user="usernamex91" uid="9851549" lat="53.4549253" lon="9.7041661"/>
 <node id="6445774403" visible="true" version="1" changeset="69848851" timestamp="2019-05-03T15:30:33Z" user="usernamex91" uid="9851549" lat="53.4555585" lon="9.7085185"/>
 <node id="6445821213" visible="true" version="1" changeset="69849616" timestamp="2019-05-03T15:51:13Z" user="usernamex91" uid="9851549" lat="53.4509636" lon="9.7035265"/>
 <node id="6445821214" visible="true" version="1" changeset="69849616" timestamp="2019-05-03T15:51:13Z" user="usernamex91" uid="9851549" lat="53.4524672" lon="9.6961993"/>
 <node id="6445821215" visible="true" version="1" changeset="69849616" timestamp="2019-05-03T15:51:13Z" user="usernamex91" uid="9851549" lat="53.4522274" lon="9.6962168"/>
 <node id="6445821216" visible="true" version="1" changeset="69849616" timestamp="2019-05-03T15:51:13Z" user="usernamex91" uid="9851549" lat="53.4517529" lon="9.6982576"/>
 <node id="6445821217" visible="true" version="1" changeset="69849616" timestamp="2019-05-03T15:51:13Z" user="usernamex91" uid="9851549" lat="53.4508288" lon="9.6982831"/>
 <node id="6445821218" visible="true" version="1" changeset="69849616" timestamp="2019-05-03T15:51:13Z" user="usernamex91" uid="9851549" lat="53.4526330" lon="9.6953398"/>
 <node id="6445821219" visible="true" version="1" changeset="69849616" timestamp="2019-05-03T15:51:13Z" user="usernamex91" uid="9851549" lat="53.4512166" lon="9.6949824"/>
 <node id="6445821220" visible="true" version="2" changeset="140231582" timestamp="2023-08-22T14:10:03Z" user="TomJeffs" uid="6397757" lat="53.4469471" lon="9.6926699"/>
 <node id="6445821221" visible="true" version="1" changeset="69849616" timestamp="2019-05-03T15:51:13Z" user="usernamex91" uid="9851549" lat="53.4493036" lon="9.6899931"/>
 <node id="6445821222" visible="true" version="1" changeset="69849616" timestamp="2019-05-03T15:51:13Z" user="usernamex91" uid="9851549" lat="53.4515745" lon="9.6888095"/>
 <node id="6445821223" visible="true" version="1" changeset="69849616" timestamp="2019-05-03T15:51:13Z" user="usernamex91" uid="9851549" lat="53.4547058" lon="9.6897050"/>
 <node id="6445821224" visible="true" version="1" changeset="69849616" timestamp="2019-05-03T15:51:13Z" user="usernamex91" uid="9851549" lat="53.4507420" lon="9.6837553"/>
 <node id="6445821225" visible="true" version="1" changeset="69849616" timestamp="2019-05-03T15:51:13Z" user="usernamex91" uid="9851549" lat="53.4503911" lon="9.6838424"/>
 <node id="6445821226" visible="true" version="1" changeset="69849616" timestamp="2019-05-03T15:51:13Z" user="usernamex91" uid="9851549" lat="53.4499872" lon="9.6837936"/>
 <node id="6445977876" visible="true" version="1" changeset="69852285" timestamp="2019-05-03T16:39:48Z" user="usernamex91" uid="9851549" lat="53.4544803" lon="9.6738231"/>
 <node id="6445977877" visible="true" version="1" changeset="69852285" timestamp="2019-05-03T16:39:48Z" user="usernamex91" uid="9851549" lat="53.4604789" lon="9.7044077"/>
 <node id="6446004156" visible="true" version="1" changeset="69852700" timestamp="2019-05-03T16:50:34Z" user="usernamex91" uid="9851549" lat="53.4582210" lon="9.7005285"/>
 <node id="6446004157" visible="true" version="1" changeset="69852700" timestamp="2019-05-03T16:50:34Z" user="usernamex91" uid="9851549" lat="53.4585420" lon="9.7012983"/>
 <node id="6446004158" visible="true" version="1" changeset="69852700" timestamp="2019-05-03T16:50:34Z" user="usernamex91" uid="9851549" lat="53.4583032" lon="9.7009899"/>
 <node id="6446004159" visible="true" version="1" changeset="69852700" timestamp="2019-05-03T16:50:34Z" user="usernamex91" uid="9851549" lat="53.4585369" lon="9.7017057"/>
 <node id="6801977771" visible="true" version="2" changeset="135613453" timestamp="2023-05-02T12:01:21Z" user="BikeTschorsch" uid="6441004" lat="53.4196976" lon="9.6709556"/>
 <node id="6801977775" visible="true" version="1" changeset="74574948" timestamp="2019-09-17T11:48:48Z" user="OB79" uid="3096707" lat="53.4225991" lon="9.6694947"/>
 <node id="7095228401" visible="true" version="2" changeset="119084622" timestamp="2022-03-29T18:57:06Z" user="Funki-Bux" uid="15130873" lat="53.4519190" lon="9.7051862"/>
 <node id="7557955654" visible="true" version="1" changeset="85743682" timestamp="2020-05-26T05:31:16Z" user="chaubean" uid="10252553" lat="53.4523299" lon="9.6989971"/>
 <node id="7557955655" visible="true" version="1" changeset="85743682" timestamp="2020-05-26T05:31:16Z" user="chaubean" uid="10252553" lat="53.4524020" lon="9.6990251"/>
 <node id="7557955656" visible="true" version="1" changeset="85743682" timestamp="2020-05-26T05:31:16Z" user="chaubean" uid="10252553" lat="53.4525443" lon="9.6990896"/>
 <node id="7557955657" visible="true" version="1" changeset="85743682" timestamp="2020-05-26T05:31:16Z" user="chaubean" uid="10252553" lat="53.4527729" lon="9.6991994"/>
 <node id="7668995146" visible="true" version="1" changeset="87335317" timestamp="2020-06-30T08:32:32Z" user="madnikhi" uid="10455640" lat="53.4516778" lon="9.7031235"/>
 <node id="7668995147" visible="true" version="1" changeset="87335317" timestamp="2020-06-30T08:32:32Z" user="madnikhi" uid="10455640" lat="53.4513108" lon="9.7029735"/>
 <node id="7668995148" visible="true" version="1" changeset="87335317" timestamp="2020-06-30T08:32:32Z" user="madnikhi" uid="10455640" lat="53.4513296" lon="9.7028074"/>
 <node id="7668995149" visible="true" version="1" changeset="87335317" timestamp="2020-06-30T08:32:32Z" user="madnikhi" uid="10455640" lat="53.4512871" lon="9.7029918"/>
 <node id="7668995150" visible="true" version="1" changeset="87335317" timestamp="2020-06-30T08:32:32Z" user="madnikhi" uid="10455640" lat="53.4512327" lon="9.7029814"/>
 <node id="7801464657" visible="true" version="1" changeset="89207393" timestamp="2020-08-10T15:51:22Z" user="smarties" uid="45882" lat="53.4093368" lon="9.6674699"/>
 <node id="7801464658" visible="true" version="1" changeset="89207393" timestamp="2020-08-10T15:51:22Z" user="smarties" uid="45882" lat="53.4094995" lon="9.6655561"/>
 <node id="7801464659" visible="true" version="1" changeset="89207393" timestamp="2020-08-10T15:51:22Z" user="smarties" uid="45882" lat="53.4095710" lon="9.6600455"/>
 <node id="7801464660" visible="true" version="2" changeset="126233352" timestamp="2022-09-15T17:17:35Z" user="BikeTschorsch" uid="6441004" lat="53.4094079" lon="9.6532948"/>
 <node id="7801464661" visible="true" version="1" changeset="89207393" timestamp="2020-08-10T15:51:22Z" user="smarties" uid="45882" lat="53.4097610" lon="9.6530440"/>
 <node id="7801464662" visible="true" version="2" changeset="126233352" timestamp="2022-09-15T17:17:35Z" user="BikeTschorsch" uid="6441004" lat="53.4106844" lon="9.6573438"/>
 <node id="7801464663" visible="true" version="2" changeset="126233352" timestamp="2022-09-15T17:17:35Z" user="BikeTschorsch" uid="6441004" lat="53.4123753" lon="9.6775326"/>
 <node id="7801464664" visible="true" version="1" changeset="89207393" timestamp="2020-08-10T15:51:22Z" user="smarties" uid="45882" lat="53.4389315" lon="9.6665554"/>
 <node id="7801464665" visible="true" version="1" changeset="89207393" timestamp="2020-08-10T15:51:22Z" user="smarties" uid="45882" lat="53.4401738" lon="9.6674216"/>
 <node id="7801490110" visible="true" version="1" changeset="89207393" timestamp="2020-08-10T15:51:23Z" user="smarties" uid="45882" lat="53.4447621" lon="9.6838367"/>
 <node id="7801490111" visible="true" version="1" changeset="89207393" timestamp="2020-08-10T15:51:23Z" user="smarties" uid="45882" lat="53.4382501" lon="9.6731883"/>
 <node id="7801490112" visible="true" version="1" changeset="89207393" timestamp="2020-08-10T15:51:23Z" user="smarties" uid="45882" lat="53.4295138" lon="9.6730195"/>
 <node id="7801490113" visible="true" version="2" changeset="135613453" timestamp="2023-05-02T12:01:21Z" user="BikeTschorsch" uid="6441004" lat="53.4278220" lon="9.6731851"/>
 <node id="7801490114" visible="true" version="1" changeset="89207393" timestamp="2020-08-10T15:51:23Z" user="smarties" uid="45882" lat="53.4277324" lon="9.6723032"/>
 <node id="7801493518" visible="true" version="1" changeset="89207393" timestamp="2020-08-10T15:51:22Z" user="smarties" uid="45882" lat="53.4392663" lon="9.6711445"/>
 <node id="7801493519" visible="true" version="1" changeset="89207393" timestamp="2020-08-10T15:51:22Z" user="smarties" uid="45882" lat="53.4576314" lon="9.6856821"/>
 <node id="7801493520" visible="true" version="1" changeset="89207393" timestamp="2020-08-10T15:51:22Z" user="smarties" uid="45882" lat="53.4577112" lon="9.6864465"/>
 <node id="7801493521" visible="true" version="1" changeset="89207393" timestamp="2020-08-10T15:51:22Z" user="smarties" uid="45882" lat="53.4578166" lon="9.6869561"/>
 <node id="7801493522" visible="true" version="1" changeset="89207393" timestamp="2020-08-10T15:51:22Z" user="smarties" uid="45882" lat="53.4579955" lon="9.6872753"/>
 <node id="7801493523" visible="true" version="1" changeset="89207393" timestamp="2020-08-10T15:51:22Z" user="smarties" uid="45882" lat="53.4603430" lon="9.6904989"/>
 <node id="7801493524" visible="true" version="1" changeset="89207393" timestamp="2020-08-10T15:51:22Z" user="smarties" uid="45882" lat="53.4616844" lon="9.6924895"/>
 <node id="7801493525" visible="true" version="1" changeset="89207393" timestamp="2020-08-10T15:51:22Z" user="smarties" uid="45882" lat="53.4615168" lon="9.6925378"/>
 <node id="7801493526" visible="true" version="1" changeset="89207393" timestamp="2020-08-10T15:51:22Z" user="smarties" uid="45882" lat="53.4612213" lon="9.6925646"/>
 <node id="7801493527" visible="true" version="1" changeset="89207393" timestamp="2020-08-10T15:51:22Z" user="smarties" uid="45882" lat="53.4607934" lon="9.6925861"/>
 <node id="7801493528" visible="true" version="1" changeset="89207393" timestamp="2020-08-10T15:51:22Z" user="smarties" uid="45882" lat="53.4602903" lon="9.6929616"/>
 <node id="7801493529" visible="true" version="1" changeset="89207393" timestamp="2020-08-10T15:51:22Z" user="smarties" uid="45882" lat="53.4580868" lon="9.6927391"/>
 <node id="7801493530" visible="true" version="1" changeset="89207393" timestamp="2020-08-10T15:51:22Z" user="smarties" uid="45882" lat="53.4498866" lon="9.6860254"/>
 <node id="7801493531" visible="true" version="1" changeset="89207393" timestamp="2020-08-10T15:51:22Z" user="smarties" uid="45882" lat="53.4491327" lon="9.6862829"/>
 <node id="7801493532" visible="true" version="1" changeset="89207393" timestamp="2020-08-10T15:51:22Z" user="smarties" uid="45882" lat="53.4491327" lon="9.6856820"/>
 <node id="7801493533" visible="true" version="1" changeset="89207393" timestamp="2020-08-10T15:51:22Z" user="smarties" uid="45882" lat="53.4489027" lon="9.6854997"/>
 <node id="7801493534" visible="true" version="1" changeset="89207393" timestamp="2020-08-10T15:51:22Z" user="smarties" uid="45882" lat="53.4482254" lon="9.6856820"/>
 <node id="7801493535" visible="true" version="1" changeset="89207393" timestamp="2020-08-10T15:51:22Z" user="smarties" uid="45882" lat="53.4476056" lon="9.6857786"/>
 <node id="7801493536" visible="true" version="1" changeset="89207393" timestamp="2020-08-10T15:51:22Z" user="smarties" uid="45882" lat="53.4467686" lon="9.6848667"/>
 <node id="7801493537" visible="true" version="1" changeset="89207393" timestamp="2020-08-10T15:51:22Z" user="smarties" uid="45882" lat="53.4465641" lon="9.6855748"/>
 <node id="7801511897" visible="true" version="1" changeset="89207744" timestamp="2020-08-10T16:02:35Z" user="smarties" uid="45882" lat="53.4091016" lon="9.6673832"/>
 <node id="7801511898" visible="true" version="1" changeset="89207744" timestamp="2020-08-10T16:02:35Z" user="smarties" uid="45882" lat="53.4122416" lon="9.6855854"/>
 <node id="7926536299" visible="true" version="1" changeset="91191237" timestamp="2020-09-21T00:05:04Z" user="smarties" uid="45882" lat="53.4359445" lon="9.6719218"/>
 <node id="7995891494" visible="true" version="1" changeset="92287105" timestamp="2020-10-10T21:09:12Z" user="Rudy Stanko" uid="11965434" lat="53.4599103" lon="9.6931601"/>
 <node id="7995891495" visible="true" version="1" changeset="92287105" timestamp="2020-10-10T21:09:12Z" user="Rudy Stanko" uid="11965434" lat="53.4601610" lon="9.6928704"/>
 <node id="7995891496" visible="true" version="1" changeset="92287105" timestamp="2020-10-10T21:09:12Z" user="Rudy Stanko" uid="11965434" lat="53.4605075" lon="9.6925512"/>
 <node id="7995891497" visible="true" version="1" changeset="92287105" timestamp="2020-10-10T21:09:12Z" user="Rudy Stanko" uid="11965434" lat="53.4608109" lon="9.6924090"/>
 <node id="8074359081" visible="true" version="1" changeset="93415937" timestamp="2020-11-02T11:19:42Z" user="kumarxeq" uid="11558570" lat="53.4524562" lon="9.6983672"/>
 <node id="8074359082" visible="true" version="1" changeset="93415937" timestamp="2020-11-02T11:19:42Z" user="kumarxeq" uid="11558570" lat="53.4529519" lon="9.6986399"/>
 <node id="8074359083" visible="true" version="1" changeset="93415937" timestamp="2020-11-02T11:19:42Z" user="kumarxeq" uid="11558570" lat="53.4530021" lon="9.6986106"/>
 <node id="8074359084" visible="true" version="1" changeset="93415937" timestamp="2020-11-02T11:19:42Z" user="kumarxeq" uid="11558570" lat="53.4530386" lon="9.6984209"/>
 <node id="8074359085" visible="true" version="1" changeset="93415937" timestamp="2020-11-02T11:19:42Z" user="kumarxeq" uid="11558570" lat="53.4530113" lon="9.6981743"/>
 <node id="8074359086" visible="true" version="1" changeset="93415937" timestamp="2020-11-02T11:19:42Z" user="kumarxeq" uid="11558570" lat="53.4530086" lon="9.6979471"/>
 <node id="8074359087" visible="true" version="1" changeset="93415937" timestamp="2020-11-02T11:19:42Z" user="kumarxeq" uid="11558570" lat="53.4531156" lon="9.6973679"/>
 <node id="8074359088" visible="true" version="1" changeset="93415937" timestamp="2020-11-02T11:19:42Z" user="kumarxeq" uid="11558570" lat="53.4531265" lon="9.6972359"/>
 <node id="8074359089" visible="true" version="1" changeset="93415937" timestamp="2020-11-02T11:19:42Z" user="kumarxeq" uid="11558570" lat="53.4527363" lon="9.6969698"/>
 <node id="8074359090" visible="true" version="1" changeset="93415937" timestamp="2020-11-02T11:19:42Z" user="kumarxeq" uid="11558570" lat="53.4528858" lon="9.6970431"/>
 <node id="8074359091" visible="true" version="1" changeset="93415937" timestamp="2020-11-02T11:19:42Z" user="kumarxeq" uid="11558570" lat="53.4530010" lon="9.6980387"/>
 <node id="8074359092" visible="true" version="1" changeset="93415937" timestamp="2020-11-02T11:19:42Z" user="kumarxeq" uid="11558570" lat="53.4530283" lon="9.6985446"/>
 <node id="8074359093" visible="true" version="1" changeset="93415937" timestamp="2020-11-02T11:19:42Z" user="kumarxeq" uid="11558570" lat="53.4530938" lon="9.6971516"/>
 <node id="8117798110" visible="true" version="1" changeset="94095848" timestamp="2020-11-14T06:05:36Z" user="AustinTablett" uid="10064591" lat="53.4244910" lon="9.6735428"/>
 <node id="8117833079" visible="true" version="1" changeset="94095923" timestamp="2020-11-14T06:12:09Z" user="AustinTablett" uid="10064591" lat="53.4568381" lon="9.6907165"/>
 <node id="8117833095" visible="true" version="1" changeset="94095923" timestamp="2020-11-14T06:12:09Z" user="AustinTablett" uid="10064591" lat="53.4567970" lon="9.6906878"/>
 <node id="8407102087" visible="true" version="1" changeset="98947884" timestamp="2021-02-09T05:46:51Z" user="ErraticThunder" uid="10170574" lat="53.4512431" lon="9.6948242"/>
 <node id="8407102088" visible="true" version="1" changeset="98947884" timestamp="2021-02-09T05:46:51Z" user="ErraticThunder" uid="10170574" lat="53.4511312" lon="9.6949621"/>
 <node id="8407102089" visible="true" version="1" changeset="98947884" timestamp="2021-02-09T05:46:51Z" user="ErraticThunder" uid="10170574" lat="53.4510078" lon="9.6952006"/>
 <node id="8407102090" visible="true" version="1" changeset="98947884" timestamp="2021-02-09T05:46:51Z" user="ErraticThunder" uid="10170574" lat="53.4509031" lon="9.6956443"/>
 <node id="8407102091" visible="true" version="1" changeset="98947884" timestamp="2021-02-09T05:46:51Z" user="ErraticThunder" uid="10170574" lat="53.4507750" lon="9.6962541"/>
 <node id="8407102092" visible="true" version="1" changeset="98947884" timestamp="2021-02-09T05:46:51Z" user="ErraticThunder" uid="10170574" lat="53.4506318" lon="9.6963304"/>
 <node id="8407102093" visible="true" version="1" changeset="98947884" timestamp="2021-02-09T05:46:51Z" user="ErraticThunder" uid="10170574" lat="53.4498408" lon="9.6963248"/>
 <node id="8407102094" visible="true" version="1" changeset="98947884" timestamp="2021-02-09T05:46:51Z" user="ErraticThunder" uid="10170574" lat="53.4496296" lon="9.6963839"/>
 <node id="8407102095" visible="true" version="1" changeset="98947884" timestamp="2021-02-09T05:46:51Z" user="ErraticThunder" uid="10170574" lat="53.4494874" lon="9.6964553"/>
 <node id="8407102096" visible="true" version="1" changeset="98947884" timestamp="2021-02-09T05:46:51Z" user="ErraticThunder" uid="10170574" lat="53.4492131" lon="9.6966376"/>
 <node id="8407102097" visible="true" version="1" changeset="98947884" timestamp="2021-02-09T05:46:51Z" user="ErraticThunder" uid="10170574" lat="53.4487497" lon="9.6967706"/>
 <node id="8407102098" visible="true" version="1" changeset="98947884" timestamp="2021-02-09T05:46:51Z" user="ErraticThunder" uid="10170574" lat="53.4501867" lon="9.6963272"/>
 <node id="8524147420" visible="true" version="1" changeset="101113786" timestamp="2021-03-16T10:39:39Z" user="srderang" uid="10455639" lat="53.4549481" lon="9.7050070"/>
 <node id="8524147421" visible="true" version="1" changeset="101113786" timestamp="2021-03-16T10:39:39Z" user="srderang" uid="10455639" lat="53.4549589" lon="9.7048598"/>
 <node id="8524147422" visible="true" version="1" changeset="101113786" timestamp="2021-03-16T10:39:39Z" user="srderang" uid="10455639" lat="53.4550558" lon="9.7042315"/>
 <node id="8528263900" visible="true" version="2" changeset="101420726" timestamp="2021-03-20T22:38:31Z" user="letihu" uid="1787357" lat="53.4557000" lon="9.6835220"/>
 <node id="8528263901" visible="true" version="1" changeset="101187436" timestamp="2021-03-17T12:03:07Z" user="user_11026705" uid="11026705" lat="53.4556168" lon="9.6835211"/>
 <node id="8528263902" visible="true" version="1" changeset="101187436" timestamp="2021-03-17T12:03:07Z" user="user_11026705" uid="11026705" lat="53.4554554" lon="9.6835970"/>
 <node id="8528263903" visible="true" version="1" changeset="101187436" timestamp="2021-03-17T12:03:07Z" user="user_11026705" uid="11026705" lat="53.4552601" lon="9.6838165"/>
 <node id="8528263904" visible="true" version="1" changeset="101187436" timestamp="2021-03-17T12:03:07Z" user="user_11026705" uid="11026705" lat="53.4552120" lon="9.6839285"/>
 <node id="8528263905" visible="true" version="1" changeset="101187436" timestamp="2021-03-17T12:03:07Z" user="user_11026705" uid="11026705" lat="53.4551873" lon="9.6837292"/>
 <node id="8528263906" visible="true" version="1" changeset="101187436" timestamp="2021-03-17T12:03:07Z" user="user_11026705" uid="11026705" lat="53.4552537" lon="9.6835428"/>
 <node id="8528263907" visible="true" version="1" changeset="101187436" timestamp="2021-03-17T12:03:07Z" user="user_11026705" uid="11026705" lat="53.4552730" lon="9.6834262"/>
 <node id="8528263908" visible="true" version="1" changeset="101187436" timestamp="2021-03-17T12:03:07Z" user="user_11026705" uid="11026705" lat="53.4552729" lon="9.6832497"/>
 <node id="8528263909" visible="true" version="1" changeset="101187436" timestamp="2021-03-17T12:03:07Z" user="user_11026705" uid="11026705" lat="53.4548992" lon="9.6840390"/>
 <node id="8528263910" visible="true" version="1" changeset="101187436" timestamp="2021-03-17T12:03:07Z" user="user_11026705" uid="11026705" lat="53.4548292" lon="9.6838816"/>
 <node id="8528263911" visible="true" version="1" changeset="101187436" timestamp="2021-03-17T12:03:07Z" user="user_11026705" uid="11026705" lat="53.4547663" lon="9.6836051"/>
 <node id="8528263912" visible="true" version="1" changeset="101187436" timestamp="2021-03-17T12:03:07Z" user="user_11026705" uid="11026705" lat="53.4547711" lon="9.6833747"/>
 <node id="8528263913" visible="true" version="1" changeset="101187436" timestamp="2021-03-17T12:03:07Z" user="user_11026705" uid="11026705" lat="53.4548115" lon="9.6831715"/>
 <node id="8668391220" visible="true" version="1" changeset="103635252" timestamp="2021-04-26T11:56:54Z" user="Heideammer" uid="347762" lat="53.4155872" lon="9.6747690"/>
 <node id="8668391225" visible="true" version="1" changeset="103635252" timestamp="2021-04-26T11:56:54Z" user="Heideammer" uid="347762" lat="53.4185577" lon="9.6754718"/>
 <node id="8684413402" visible="true" version="1" changeset="103915467" timestamp="2021-04-30T13:15:23Z" user="Heideammer" uid="347762" lat="53.4096209" lon="9.6749587"/>
 <node id="8684413407" visible="true" version="1" changeset="103915467" timestamp="2021-04-30T13:15:23Z" user="Heideammer" uid="347762" lat="53.4101327" lon="9.6766530"/>
 <node id="8684413414" visible="true" version="1" changeset="103915467" timestamp="2021-04-30T13:15:23Z" user="Heideammer" uid="347762" lat="53.4123579" lon="9.6774214"/>
 <node id="8708867967" visible="true" version="1" changeset="104302025" timestamp="2021-05-07T08:33:32Z" user="pravallg" uid="10457692" lat="53.4503417" lon="9.7027655"/>
 <node id="8708867968" visible="true" version="1" changeset="104302025" timestamp="2021-05-07T08:33:32Z" user="pravallg" uid="10457692" lat="53.4503287" lon="9.7024023"/>
 <node id="8708867969" visible="true" version="1" changeset="104302025" timestamp="2021-05-07T08:33:32Z" user="pravallg" uid="10457692" lat="53.4503103" lon="9.7020981"/>
 <node id="8708867970" visible="true" version="1" changeset="104302025" timestamp="2021-05-07T08:33:32Z" user="pravallg" uid="10457692" lat="53.4503084" lon="9.7019274"/>
 <node id="8708867971" visible="true" version="1" changeset="104302025" timestamp="2021-05-07T08:33:32Z" user="pravallg" uid="10457692" lat="53.4503213" lon="9.7018374"/>
 <node id="8708867972" visible="true" version="1" changeset="104302025" timestamp="2021-05-07T08:33:32Z" user="pravallg" uid="10457692" lat="53.4503546" lon="9.7017505"/>
 <node id="8708867973" visible="true" version="1" changeset="104302025" timestamp="2021-05-07T08:33:32Z" user="pravallg" uid="10457692" lat="53.4504045" lon="9.7017070"/>
 <node id="8708867974" visible="true" version="1" changeset="104302025" timestamp="2021-05-07T08:33:32Z" user="pravallg" uid="10457692" lat="53.4504914" lon="9.7016915"/>
 <node id="8708867975" visible="true" version="1" changeset="104302025" timestamp="2021-05-07T08:33:32Z" user="pravallg" uid="10457692" lat="53.4506559" lon="9.7017722"/>
 <node id="8708867976" visible="true" version="1" changeset="104302025" timestamp="2021-05-07T08:33:32Z" user="pravallg" uid="10457692" lat="53.4507816" lon="9.7018529"/>
 <node id="8708867977" visible="true" version="1" changeset="104302025" timestamp="2021-05-07T08:33:32Z" user="pravallg" uid="10457692" lat="53.4509609" lon="9.7019367"/>
 <node id="8708867978" visible="true" version="1" changeset="104302025" timestamp="2021-05-07T08:33:32Z" user="pravallg" uid="10457692" lat="53.4510071" lon="9.7019802"/>
 <node id="8708867979" visible="true" version="1" changeset="104302025" timestamp="2021-05-07T08:33:32Z" user="pravallg" uid="10457692" lat="53.4510312" lon="9.7020392"/>
 <node id="8708867980" visible="true" version="1" changeset="104302025" timestamp="2021-05-07T08:33:32Z" user="pravallg" uid="10457692" lat="53.4510441" lon="9.7021633"/>
 <node id="8708867981" visible="true" version="1" changeset="104302025" timestamp="2021-05-07T08:33:32Z" user="pravallg" uid="10457692" lat="53.4510349" lon="9.7023775"/>
 <node id="8708867982" visible="true" version="1" changeset="104302025" timestamp="2021-05-07T08:33:32Z" user="pravallg" uid="10457692" lat="53.4510164" lon="9.7025917"/>
 <node id="8708867983" visible="true" version="1" changeset="104302025" timestamp="2021-05-07T08:33:32Z" user="pravallg" uid="10457692" lat="53.4509461" lon="9.7030728"/>
 <node id="8708867984" visible="true" version="1" changeset="104302025" timestamp="2021-05-07T08:33:32Z" user="pravallg" uid="10457692" lat="53.4508834" lon="9.7034552"/>
 <node id="8716763276" visible="true" version="1" changeset="104422071" timestamp="2021-05-10T05:25:08Z" user="srderang" uid="10455639" lat="53.4530318" lon="9.6983592"/>
 <node id="8716763277" visible="true" version="1" changeset="104422071" timestamp="2021-05-10T05:25:08Z" user="srderang" uid="10455639" lat="53.4531171" lon="9.6982453"/>
 <node id="8716763278" visible="true" version="1" changeset="104422071" timestamp="2021-05-10T05:25:08Z" user="srderang" uid="10455639" lat="53.4531575" lon="9.6981305"/>
 <node id="8716763279" visible="true" version="1" changeset="104422071" timestamp="2021-05-10T05:25:08Z" user="srderang" uid="10455639" lat="53.4532980" lon="9.6973629"/>
 <node id="8716763280" visible="true" version="1" changeset="104422071" timestamp="2021-05-10T05:25:08Z" user="srderang" uid="10455639" lat="53.4532768" lon="9.6972304"/>
 <node id="8716763281" visible="true" version="1" changeset="104422071" timestamp="2021-05-10T05:25:08Z" user="srderang" uid="10455639" lat="53.4531777" lon="9.6971819"/>
 <node id="8765441135" visible="true" version="1" changeset="105304299" timestamp="2021-05-25T16:25:40Z" user="Heideammer" uid="347762" lat="53.4425968" lon="9.7011778"/>
 <node id="8765441136" visible="true" version="1" changeset="105304299" timestamp="2021-05-25T16:25:40Z" user="Heideammer" uid="347762" lat="53.4425529" lon="9.7023143"/>
 <node id="8765441137" visible="true" version="1" changeset="105304299" timestamp="2021-05-25T16:25:40Z" user="Heideammer" uid="347762" lat="53.4422772" lon="9.7023037"/>
 <node id="8765441138" visible="true" version="1" changeset="105304299" timestamp="2021-05-25T16:25:40Z" user="Heideammer" uid="347762" lat="53.4423210" lon="9.7011515"/>
 <node id="8765441148" visible="true" version="1" changeset="105304299" timestamp="2021-05-25T16:25:40Z" user="Heideammer" uid="347762" lat="53.4376007" lon="9.6880629"/>
 <node id="8905170196" visible="true" version="1" changeset="107658081" timestamp="2021-07-08T19:50:17Z" user="norwieu" uid="6916243" lat="53.4593218" lon="9.6969199"/>
 <node id="8905170197" visible="true" version="1" changeset="107658081" timestamp="2021-07-08T19:50:17Z" user="norwieu" uid="6916243" lat="53.4548093" lon="9.6962473"/>
 <node id="8905170198" visible="true" version="1" changeset="107658081" timestamp="2021-07-08T19:50:17Z" user="norwieu" uid="6916243" lat="53.4555831" lon="9.6964645"/>
 <node id="8905170199" visible="true" version="1" changeset="107658081" timestamp="2021-07-08T19:50:17Z" user="norwieu" uid="6916243" lat="53.4557189" lon="9.6964739"/>
 <node id="8905170200" visible="true" version="1" changeset="107658081" timestamp="2021-07-08T19:50:17Z" user="norwieu" uid="6916243" lat="53.4558011" lon="9.6964297"/>
 <node id="8905170201" visible="true" version="1" changeset="107658081" timestamp="2021-07-08T19:50:17Z" user="norwieu" uid="6916243" lat="53.4558490" lon="9.6963304"/>
 <node id="8905170202" visible="true" version="1" changeset="107658081" timestamp="2021-07-08T19:50:17Z" user="norwieu" uid="6916243" lat="53.4558636" lon="9.6960846"/>
 <node id="8905170203" visible="true" version="1" changeset="107658081" timestamp="2021-07-08T19:50:17Z" user="norwieu" uid="6916243" lat="53.4558668" lon="9.6960092"/>
 <node id="8905170204" visible="true" version="1" changeset="107658081" timestamp="2021-07-08T19:50:17Z" user="norwieu" uid="6916243" lat="53.4433723" lon="9.6918525"/>
 <node id="8905170205" visible="true" version="1" changeset="107658081" timestamp="2021-07-08T19:50:17Z" user="norwieu" uid="6916243" lat="53.4434066" lon="9.6921287"/>
 <node id="8905170206" visible="true" version="1" changeset="107658081" timestamp="2021-07-08T19:50:17Z" user="norwieu" uid="6916243" lat="53.4433400" lon="9.6928017"/>
 <node id="8905170207" visible="true" version="1" changeset="107658081" timestamp="2021-07-08T19:50:17Z" user="norwieu" uid="6916243" lat="53.4433318" lon="9.6929003"/>
 <node id="8905170208" visible="true" version="1" changeset="107658081" timestamp="2021-07-08T19:50:17Z" user="norwieu" uid="6916243" lat="53.4416271" lon="9.6924759"/>
 <node id="8905170209" visible="true" version="1" changeset="107658081" timestamp="2021-07-08T19:50:17Z" user="norwieu" uid="6916243" lat="53.4416338" lon="9.6923810"/>
 <node id="8983797444" visible="true" version="1" changeset="109212190" timestamp="2021-08-05T16:29:33Z" user="Meine Gegend" uid="13880520" lat="53.4556820" lon="9.6958507"/>
 <node id="8983797446" visible="true" version="1" changeset="109212190" timestamp="2021-08-05T16:29:33Z" user="Meine Gegend" uid="13880520" lat="53.4540739" lon="9.6955104"/>
 <node id="8983797447" visible="true" version="1" changeset="109212190" timestamp="2021-08-05T16:29:33Z" user="Meine Gegend" uid="13880520" lat="53.4549831" lon="9.6914382"/>
 <node id="8983797448" visible="true" version="1" changeset="109212190" timestamp="2021-08-05T16:29:33Z" user="Meine Gegend" uid="13880520" lat="53.4552011" lon="9.6898929"/>
 <node id="8983797449" visible="true" version="1" changeset="109212190" timestamp="2021-08-05T16:29:33Z" user="Meine Gegend" uid="13880520" lat="53.4594453" lon="9.6934875"/>
 <node id="8983824746" visible="true" version="1" changeset="109212947" timestamp="2021-08-05T16:48:41Z" user="Rudy Stanko" uid="11965434" lat="53.4467579" lon="9.6845435"/>
 <node id="8983824747" visible="true" version="1" changeset="109212947" timestamp="2021-08-05T16:48:41Z" user="Rudy Stanko" uid="11965434" lat="53.4469337" lon="9.6846672"/>
 <node id="8983824748" visible="true" version="1" changeset="109212947" timestamp="2021-08-05T16:48:41Z" user="Rudy Stanko" uid="11965434" lat="53.4471391" lon="9.6845657"/>
 <node id="8983824749" visible="true" version="1" changeset="109212947" timestamp="2021-08-05T16:48:41Z" user="Rudy Stanko" uid="11965434" lat="53.4472034" lon="9.6846237"/>
 <node id="8983824750" visible="true" version="1" changeset="109212947" timestamp="2021-08-05T16:48:41Z" user="Rudy Stanko" uid="11965434" lat="53.4477772" lon="9.6845045"/>
 <node id="8983824751" visible="true" version="1" changeset="109212947" timestamp="2021-08-05T16:48:41Z" user="Rudy Stanko" uid="11965434" lat="53.4479058" lon="9.6845786"/>
 <node id="8983824752" visible="true" version="1" changeset="109212947" timestamp="2021-08-05T16:48:41Z" user="Rudy Stanko" uid="11965434" lat="53.4481783" lon="9.6852295"/>
 <node id="8983824753" visible="true" version="1" changeset="109212947" timestamp="2021-08-05T16:48:41Z" user="Rudy Stanko" uid="11965434" lat="53.4487597" lon="9.6850329"/>
 <node id="8983824754" visible="true" version="1" changeset="109212947" timestamp="2021-08-05T16:48:41Z" user="Rudy Stanko" uid="11965434" lat="53.4490696" lon="9.6847880"/>
 <node id="8983824755" visible="true" version="1" changeset="109212947" timestamp="2021-08-05T16:48:41Z" user="Rudy Stanko" uid="11965434" lat="53.4495484" lon="9.6838503"/>
 <node id="8983824756" visible="true" version="1" changeset="109212947" timestamp="2021-08-05T16:48:41Z" user="Rudy Stanko" uid="11965434" lat="53.4498363" lon="9.6837859"/>
 <node id="8983824757" visible="true" version="1" changeset="109212947" timestamp="2021-08-05T16:48:41Z" user="Rudy Stanko" uid="11965434" lat="53.4496828" lon="9.6825163"/>
 <node id="8983824758" visible="true" version="1" changeset="109212947" timestamp="2021-08-05T16:48:41Z" user="Rudy Stanko" uid="11965434" lat="53.4493258" lon="9.6812596"/>
 <node id="8983824759" visible="true" version="1" changeset="109212947" timestamp="2021-08-05T16:48:41Z" user="Rudy Stanko" uid="11965434" lat="53.4494314" lon="9.6806989"/>
 <node id="8983824760" visible="true" version="1" changeset="109212947" timestamp="2021-08-05T16:48:41Z" user="Rudy Stanko" uid="11965434" lat="53.4492036" lon="9.6796818"/>
 <node id="9611470238" visible="true" version="1" changeset="118993783" timestamp="2022-03-27T19:35:06Z" user="Funki-Bux" uid="15130873" lat="53.4531418" lon="9.6955055">
  <tag k="description" v="Aufkleber an Verkehrszeichen Kreuzung Moisburger Landstraße / Eilendorfer Weg"/>
  <tag k="emergency" v="access_point"/>
  <tag k="emergency_telephone_code" v="112"/>
  <tag k="highway" v="emergency_access_point"/>
  <tag k="name" v="STD-7089"/>
  <tag k="ref" v="STD-7089"/>
 </node>
 <node id="9611502960" visible="true" version="1" changeset="118993882" timestamp="2022-03-27T19:38:04Z" user="Funki-Bux" uid="15130873" lat="53.4462085" lon="9.6934794">
  <tag k="description" v="Aufkleber an Verkehrszeichen Kreuzung Moisburger Landstraße / Einfahrt Estering"/>
  <tag k="emergency" v="access_point"/>
  <tag k="emergency_telephone_code" v="112"/>
  <tag k="highway" v="emergency_access_point"/>
  <tag k="name" v="STD-7090"/>
  <tag k="ref" v="STD-7090"/>
 </node>
 <node id="9621673639" visible="true" version="1" changeset="119084622" timestamp="2022-03-29T18:57:06Z" user="Funki-Bux" uid="15130873" lat="53.4527961" lon="9.7067283"/>
 <node id="9621673640" visible="true" version="1" changeset="119084622" timestamp="2022-03-29T18:57:06Z" user="Funki-Bux" uid="15130873" lat="53.4533061" lon="9.7051304"/>
 <node id="9621700887" visible="true" version="1" changeset="119085200" timestamp="2022-03-29T19:13:36Z" user="Funki-Bux" uid="15130873" lat="53.4520183" lon="9.7061256"/>
 <node id="9735919775" visible="true" version="1" changeset="120906837" timestamp="2022-05-12T21:26:06Z" user="Funki-Bux" uid="15130873" lat="53.4524275" lon="9.7002931"/>
 <node id="9735919776" visible="true" version="1" changeset="120906837" timestamp="2022-05-12T21:26:06Z" user="Funki-Bux" uid="15130873" lat="53.4523805" lon="9.7005420"/>
 <node id="9735919777" visible="true" version="1" changeset="120906837" timestamp="2022-05-12T21:26:06Z" user="Funki-Bux" uid="15130873" lat="53.4522443" lon="9.7004695"/>
 <node id="9735919778" visible="true" version="1" changeset="120906837" timestamp="2022-05-12T21:26:06Z" user="Funki-Bux" uid="15130873" lat="53.4522713" lon="9.7003262"/>
 <node id="9735919779" visible="true" version="1" changeset="120906837" timestamp="2022-05-12T21:26:06Z" user="Funki-Bux" uid="15130873" lat="53.4523367" lon="9.7003611"/>
 <node id="9735919780" visible="true" version="1" changeset="120906837" timestamp="2022-05-12T21:26:06Z" user="Funki-Bux" uid="15130873" lat="53.4523567" lon="9.7002553"/>
 <node id="9735921650" visible="true" version="2" changeset="128783441" timestamp="2022-11-11T16:03:32Z" user="Funki-Bux" uid="15130873" lat="53.4521662" lon="9.7043613"/>
 <node id="9735921651" visible="true" version="2" changeset="128783441" timestamp="2022-11-11T16:03:32Z" user="Funki-Bux" uid="15130873" lat="53.4520617" lon="9.7044069"/>
 <node id="9735921652" visible="true" version="2" changeset="128783441" timestamp="2022-11-11T16:03:32Z" user="Funki-Bux" uid="15130873" lat="53.4520789" lon="9.7045093"/>
 <node id="9735921653" visible="true" version="2" changeset="128783441" timestamp="2022-11-11T16:03:32Z" user="Funki-Bux" uid="15130873" lat="53.4521815" lon="9.7044628"/>
 <node id="9735921654" visible="true" version="2" changeset="128783441" timestamp="2022-11-11T16:03:32Z" user="Funki-Bux" uid="15130873" lat="53.4520064" lon="9.7044728"/>
 <node id="9735921655" visible="true" version="2" changeset="128783441" timestamp="2022-11-11T16:03:32Z" user="Funki-Bux" uid="15130873" lat="53.4520204" lon="9.7045685"/>
 <node id="9735921656" visible="true" version="2" changeset="128783441" timestamp="2022-11-11T16:03:32Z" user="Funki-Bux" uid="15130873" lat="53.4519178" lon="9.7046148"/>
 <node id="9735921657" visible="true" version="2" changeset="128783441" timestamp="2022-11-11T16:03:32Z" user="Funki-Bux" uid="15130873" lat="53.4519007" lon="9.7045144"/>
 <node id="9735921658" visible="true" version="2" changeset="128783441" timestamp="2022-11-11T16:03:32Z" user="Funki-Bux" uid="15130873" lat="53.4520971" lon="9.7040485"/>
 <node id="9735921659" visible="true" version="2" changeset="128783441" timestamp="2022-11-11T16:03:32Z" user="Funki-Bux" uid="15130873" lat="53.4521210" lon="9.7042091"/>
 <node id="9735921660" visible="true" version="2" changeset="128783441" timestamp="2022-11-11T16:03:32Z" user="Funki-Bux" uid="15130873" lat="53.4520685" lon="9.7042308"/>
 <node id="9735921661" visible="true" version="2" changeset="128783441" timestamp="2022-11-11T16:03:32Z" user="Funki-Bux" uid="15130873" lat="53.4520447" lon="9.7040706"/>
 <node id="9735921662" visible="true" version="2" changeset="128783441" timestamp="2022-11-11T16:03:32Z" user="Funki-Bux" uid="15130873" lat="53.4519036" lon="9.7039767"/>
 <node id="9735921663" visible="true" version="2" changeset="128783441" timestamp="2022-11-11T16:03:32Z" user="Funki-Bux" uid="15130873" lat="53.4519251" lon="9.7041411"/>
 <node id="9735921664" visible="true" version="2" changeset="128783441" timestamp="2022-11-11T16:03:32Z" user="Funki-Bux" uid="15130873" lat="53.4518651" lon="9.7041620"/>
 <node id="9735921665" visible="true" version="2" changeset="128783441" timestamp="2022-11-11T16:03:32Z" user="Funki-Bux" uid="15130873" lat="53.4518407" lon="9.7040028"/>
 <node id="9735921835" visible="true" version="1" changeset="120906857" timestamp="2022-05-12T21:27:07Z" user="Funki-Bux" uid="15130873" lat="53.4519587" lon="9.7001011"/>
 <node id="9735921836" visible="true" version="1" changeset="120906857" timestamp="2022-05-12T21:27:07Z" user="Funki-Bux" uid="15130873" lat="53.4519308" lon="9.7002531"/>
 <node id="9735921837" visible="true" version="1" changeset="120906857" timestamp="2022-05-12T21:27:07Z" user="Funki-Bux" uid="15130873" lat="53.4518559" lon="9.7002142"/>
 <node id="9735921838" visible="true" version="1" changeset="120906857" timestamp="2022-05-12T21:27:07Z" user="Funki-Bux" uid="15130873" lat="53.4518838" lon="9.7000622"/>
 <node id="9735927201" visible="true" version="1" changeset="120907220" timestamp="2022-05-12T21:40:58Z" user="Funki-Bux" uid="15130873" lat="53.4514242" lon="9.7026678"/>
 <node id="9735927202" visible="true" version="1" changeset="120907220" timestamp="2022-05-12T21:40:58Z" user="Funki-Bux" uid="15130873" lat="53.4514077" lon="9.7028164"/>
 <node id="9735927203" visible="true" version="1" changeset="120907220" timestamp="2022-05-12T21:40:58Z" user="Funki-Bux" uid="15130873" lat="53.4513516" lon="9.7027988"/>
 <node id="9735927204" visible="true" version="1" changeset="120907220" timestamp="2022-05-12T21:40:58Z" user="Funki-Bux" uid="15130873" lat="53.4513681" lon="9.7026502"/>
 <node id="9735927205" visible="true" version="1" changeset="120907220" timestamp="2022-05-12T21:40:58Z" user="Funki-Bux" uid="15130873" lat="53.4513784" lon="9.7024362"/>
 <node id="9735927206" visible="true" version="1" changeset="120907220" timestamp="2022-05-12T21:40:58Z" user="Funki-Bux" uid="15130873" lat="53.4513521" lon="9.7026536"/>
 <node id="9735927207" visible="true" version="1" changeset="120907220" timestamp="2022-05-12T21:40:58Z" user="Funki-Bux" uid="15130873" lat="53.4511688" lon="9.7025910"/>
 <node id="9735927208" visible="true" version="1" changeset="120907220" timestamp="2022-05-12T21:40:58Z" user="Funki-Bux" uid="15130873" lat="53.4511793" lon="9.7025041"/>
 <node id="9735927209" visible="true" version="1" changeset="120907220" timestamp="2022-05-12T21:40:58Z" user="Funki-Bux" uid="15130873" lat="53.4512353" lon="9.7025232"/>
 <node id="9735927210" visible="true" version="1" changeset="120907220" timestamp="2022-05-12T21:40:58Z" user="Funki-Bux" uid="15130873" lat="53.4512511" lon="9.7023928"/>
 <node id="9735927211" visible="true" version="1" changeset="120907220" timestamp="2022-05-12T21:40:58Z" user="Funki-Bux" uid="15130873" lat="53.4515089" lon="9.7011971"/>
 <node id="9735927212" visible="true" version="1" changeset="120907220" timestamp="2022-05-12T21:40:58Z" user="Funki-Bux" uid="15130873" lat="53.4515203" lon="9.7014336"/>
 <node id="9735927213" visible="true" version="1" changeset="120907220" timestamp="2022-05-12T21:40:58Z" user="Funki-Bux" uid="15130873" lat="53.4514249" lon="9.7014465"/>
 <node id="9735927214" visible="true" version="1" changeset="120907220" timestamp="2022-05-12T21:40:58Z" user="Funki-Bux" uid="15130873" lat="53.4514135" lon="9.7012100"/>
 <node id="9735927215" visible="true" version="1" changeset="120907220" timestamp="2022-05-12T21:40:58Z" user="Funki-Bux" uid="15130873" lat="53.4513112" lon="9.7030567"/>
 <node id="9735927216" visible="true" version="1" changeset="120907220" timestamp="2022-05-12T21:40:58Z" user="Funki-Bux" uid="15130873" lat="53.4512934" lon="9.7032085"/>
 <node id="9735952617" visible="true" version="1" changeset="120907220" timestamp="2022-05-12T21:40:58Z" user="Funki-Bux" uid="15130873" lat="53.4511600" lon="9.7031644"/>
 <node id="9735952618" visible="true" version="1" changeset="120907220" timestamp="2022-05-12T21:40:58Z" user="Funki-Bux" uid="15130873" lat="53.4511777" lon="9.7030127"/>
 <node id="9735952619" visible="true" version="1" changeset="120907220" timestamp="2022-05-12T21:40:58Z" user="Funki-Bux" uid="15130873" lat="53.4519837" lon="9.7023944"/>
 <node id="9735952620" visible="true" version="1" changeset="120907220" timestamp="2022-05-12T21:40:58Z" user="Funki-Bux" uid="15130873" lat="53.4519606" lon="9.7025801"/>
 <node id="9735952621" visible="true" version="1" changeset="120907220" timestamp="2022-05-12T21:40:58Z" user="Funki-Bux" uid="15130873" lat="53.4518253" lon="9.7025327"/>
 <node id="9735952622" visible="true" version="1" changeset="120907220" timestamp="2022-05-12T21:40:58Z" user="Funki-Bux" uid="15130873" lat="53.4518366" lon="9.7024414"/>
 <node id="9735952623" visible="true" version="1" changeset="120907220" timestamp="2022-05-12T21:40:58Z" user="Funki-Bux" uid="15130873" lat="53.4518887" lon="9.7024597"/>
 <node id="9735952624" visible="true" version="1" changeset="120907220" timestamp="2022-05-12T21:40:58Z" user="Funki-Bux" uid="15130873" lat="53.4519005" lon="9.7023652"/>
 <node id="9735952625" visible="true" version="1" changeset="120907220" timestamp="2022-05-12T21:40:58Z" user="Funki-Bux" uid="15130873" lat="53.4518741" lon="9.7027466"/>
 <node id="9735952626" visible="true" version="1" changeset="120907220" timestamp="2022-05-12T21:40:58Z" user="Funki-Bux" uid="15130873" lat="53.4518793" lon="9.7029574"/>
 <node id="9735952627" visible="true" version="1" changeset="120907220" timestamp="2022-05-12T21:40:58Z" user="Funki-Bux" uid="15130873" lat="53.4517484" lon="9.7029665"/>
 <node id="9735952628" visible="true" version="1" changeset="120907220" timestamp="2022-05-12T21:40:58Z" user="Funki-Bux" uid="15130873" lat="53.4517432" lon="9.7027556"/>
 <node id="9735952629" visible="true" version="1" changeset="120907220" timestamp="2022-05-12T21:40:58Z" user="Funki-Bux" uid="15130873" lat="53.4518773" lon="9.7031169"/>
 <node id="9735952630" visible="true" version="1" changeset="120907220" timestamp="2022-05-12T21:40:58Z" user="Funki-Bux" uid="15130873" lat="53.4518830" lon="9.7032743"/>
 <node id="9735952631" visible="true" version="1" changeset="120907220" timestamp="2022-05-12T21:40:58Z" user="Funki-Bux" uid="15130873" lat="53.4517790" lon="9.7031269"/>
 <node id="9735952632" visible="true" version="1" changeset="120907220" timestamp="2022-05-12T21:40:58Z" user="Funki-Bux" uid="15130873" lat="53.4517846" lon="9.7032843"/>
 <node id="9735952633" visible="true" version="1" changeset="120907220" timestamp="2022-05-12T21:40:58Z" user="Funki-Bux" uid="15130873" lat="53.4520564" lon="9.7033021"/>
 <node id="9735952634" visible="true" version="1" changeset="120907220" timestamp="2022-05-12T21:40:58Z" user="Funki-Bux" uid="15130873" lat="53.4520206" lon="9.7036160"/>
 <node id="9735952635" visible="true" version="1" changeset="120907220" timestamp="2022-05-12T21:40:58Z" user="Funki-Bux" uid="15130873" lat="53.4519135" lon="9.7035815"/>
 <node id="9735952636" visible="true" version="1" changeset="120907220" timestamp="2022-05-12T21:40:58Z" user="Funki-Bux" uid="15130873" lat="53.4519320" lon="9.7034195"/>
 <node id="9735952637" visible="true" version="1" changeset="120907220" timestamp="2022-05-12T21:40:58Z" user="Funki-Bux" uid="15130873" lat="53.4519514" lon="9.7034258"/>
 <node id="9735952638" visible="true" version="1" changeset="120907220" timestamp="2022-05-12T21:40:58Z" user="Funki-Bux" uid="15130873" lat="53.4519688" lon="9.7032738"/>
 <node id="9735952639" visible="true" version="1" changeset="120907220" timestamp="2022-05-12T21:40:58Z" user="Funki-Bux" uid="15130873" lat="53.4524606" lon="9.7035598"/>
 <node id="9735952640" visible="true" version="1" changeset="120907220" timestamp="2022-05-12T21:40:58Z" user="Funki-Bux" uid="15130873" lat="53.4524123" lon="9.7035441"/>
 <node id="9886994601" visible="true" version="1" changeset="123603301" timestamp="2022-07-14T10:49:50Z" user="OB79" uid="3096707" lat="53.4167506" lon="9.6727467"/>
 <node id="9887023379" visible="true" version="2" changeset="126233352" timestamp="2022-09-15T17:17:35Z" user="BikeTschorsch" uid="6441004" lat="53.4101331" lon="9.6635605"/>
 <node id="9890643053" visible="true" version="2" changeset="135613453" timestamp="2023-05-02T12:01:21Z" user="BikeTschorsch" uid="6441004" lat="53.4172216" lon="9.6720792"/>
 <node id="9890643056" visible="true" version="1" changeset="123670180" timestamp="2022-07-15T21:44:37Z" user="OB79" uid="3096707" lat="53.4183119" lon="9.6716541"/>
 <node id="9893300404" visible="true" version="1" changeset="123722757" timestamp="2022-07-17T14:08:37Z" user="OB79" uid="3096707" lat="53.4190740" lon="9.6797982"/>
 <node id="9893338622" visible="true" version="1" changeset="123722562" timestamp="2022-07-17T14:03:01Z" user="OB79" uid="3096707" lat="53.4320695" lon="9.6655187"/>
 <node id="9904764018" visible="true" version="1" changeset="123953463" timestamp="2022-07-22T19:29:59Z" user="OB79" uid="3096707" lat="53.4479551" lon="9.6885820"/>
 <node id="9904764019" visible="true" version="1" changeset="123953463" timestamp="2022-07-22T19:29:59Z" user="OB79" uid="3096707" lat="53.4477441" lon="9.6885611"/>
 <node id="9904764020" visible="true" version="1" changeset="123953463" timestamp="2022-07-22T19:29:59Z" user="OB79" uid="3096707" lat="53.4474724" lon="9.6886980"/>
 <node id="9904764021" visible="true" version="1" changeset="123953463" timestamp="2022-07-22T19:29:59Z" user="OB79" uid="3096707" lat="53.4472967" lon="9.6888344"/>
 <node id="9904764022" visible="true" version="1" changeset="123953463" timestamp="2022-07-22T19:29:59Z" user="OB79" uid="3096707" lat="53.4470989" lon="9.6890743"/>
 <node id="9904764023" visible="true" version="1" changeset="123953463" timestamp="2022-07-22T19:29:59Z" user="OB79" uid="3096707" lat="53.4467690" lon="9.6892165"/>
 <node id="9904764024" visible="true" version="1" changeset="123953463" timestamp="2022-07-22T19:29:59Z" user="OB79" uid="3096707" lat="53.4464183" lon="9.6891540"/>
 <node id="9904764025" visible="true" version="1" changeset="123953463" timestamp="2022-07-22T19:29:59Z" user="OB79" uid="3096707" lat="53.4460581" lon="9.6890899"/>
 <node id="9904764026" visible="true" version="1" changeset="123953463" timestamp="2022-07-22T19:29:59Z" user="OB79" uid="3096707" lat="53.4469037" lon="9.6892405">
  <tag k="amenity" v="hunting_stand"/>
 </node>
 <node id="9904764027" visible="true" version="1" changeset="123953463" timestamp="2022-07-22T19:29:59Z" user="OB79" uid="3096707" lat="53.4460394" lon="9.6893024">
  <tag k="amenity" v="hunting_stand"/>
 </node>
 <node id="9904764028" visible="true" version="1" changeset="123953463" timestamp="2022-07-22T19:29:59Z" user="OB79" uid="3096707" lat="53.4466653" lon="9.6891980"/>
 <node id="9904764029" visible="true" version="1" changeset="123953463" timestamp="2022-07-22T19:29:59Z" user="OB79" uid="3096707" lat="53.4465429" lon="9.6916519"/>
 <node id="9904764030" visible="true" version="1" changeset="123953463" timestamp="2022-07-22T19:29:59Z" user="OB79" uid="3096707" lat="53.4462712" lon="9.6918230"/>
 <node id="9904764031" visible="true" version="1" changeset="123953463" timestamp="2022-07-22T19:29:59Z" user="OB79" uid="3096707" lat="53.4460199" lon="9.6920739"/>
 <node id="9904764032" visible="true" version="1" changeset="123953463" timestamp="2022-07-22T19:29:59Z" user="OB79" uid="3096707" lat="53.4467738" lon="9.6917203"/>
 <node id="9904764033" visible="true" version="1" changeset="123953463" timestamp="2022-07-22T19:29:59Z" user="OB79" uid="3096707" lat="53.4470387" lon="9.6920168"/>
 <node id="9904764034" visible="true" version="1" changeset="123953463" timestamp="2022-07-22T19:29:59Z" user="OB79" uid="3096707" lat="53.4472714" lon="9.6922948"/>
 <node id="9904764035" visible="true" version="1" changeset="123953463" timestamp="2022-07-22T19:29:59Z" user="OB79" uid="3096707" lat="53.4467534" lon="9.6921081"/>
 <node id="9904764036" visible="true" version="1" changeset="123953463" timestamp="2022-07-22T19:29:59Z" user="OB79" uid="3096707" lat="53.4469873" lon="9.6925492"/>
 <node id="9904764037" visible="true" version="1" changeset="123953463" timestamp="2022-07-22T19:29:59Z" user="OB79" uid="3096707" lat="53.4469196" lon="9.6924214"/>
 <node id="9904764038" visible="true" version="1" changeset="123953463" timestamp="2022-07-22T19:29:59Z" user="OB79" uid="3096707" lat="53.4470799" lon="9.6920660"/>
 <node id="9904764039" visible="true" version="1" changeset="123953463" timestamp="2022-07-22T19:29:59Z" user="OB79" uid="3096707" lat="53.4472028" lon="9.6922128">
  <tag k="access" v="no"/>
  <tag k="barrier" v="gate"/>
 </node>
 <node id="9904764040" visible="true" version="1" changeset="123953463" timestamp="2022-07-22T19:29:59Z" user="OB79" uid="3096707" lat="53.4469548" lon="9.6924879">
  <tag k="access" v="no"/>
  <tag k="barrier" v="gate"/>
 </node>
 <node id="9904764041" visible="true" version="1" changeset="123953463" timestamp="2022-07-22T19:29:59Z" user="OB79" uid="3096707" lat="53.4431895" lon="9.6895708"/>
 <node id="9904764042" visible="true" version="1" changeset="123953463" timestamp="2022-07-22T19:29:59Z" user="OB79" uid="3096707" lat="53.4432909" lon="9.6908200"/>
 <node id="9904764043" visible="true" version="1" changeset="123953463" timestamp="2022-07-22T19:29:59Z" user="OB79" uid="3096707" lat="53.4433459" lon="9.6909620"/>
 <node id="9904779088" visible="true" version="1" changeset="123954063" timestamp="2022-07-22T19:48:47Z" user="OB79" uid="3096707" lat="53.4171620" lon="9.6791295"/>
 <node id="9904779090" visible="true" version="1" changeset="123954063" timestamp="2022-07-22T19:48:47Z" user="OB79" uid="3096707" lat="53.4158666" lon="9.6792872"/>
 <node id="9904779098" visible="true" version="1" changeset="123954063" timestamp="2022-07-22T19:48:47Z" user="OB79" uid="3096707" lat="53.4225356" lon="9.6730472"/>
 <node id="10027931875" visible="true" version="1" changeset="126233352" timestamp="2022-09-15T17:17:35Z" user="BikeTschorsch" uid="6441004" lat="53.4134818" lon="9.6852780"/>
 <node id="10027931876" visible="true" version="1" changeset="126233352" timestamp="2022-09-15T17:17:35Z" user="BikeTschorsch" uid="6441004" lat="53.4136144" lon="9.6852142"/>
 <node id="10027931877" visible="true" version="1" changeset="126233352" timestamp="2022-09-15T17:17:35Z" user="BikeTschorsch" uid="6441004" lat="53.4132674" lon="9.6852910"/>
 <node id="10027931883" visible="true" version="1" changeset="126233352" timestamp="2022-09-15T17:17:35Z" user="BikeTschorsch" uid="6441004" lat="53.4139789" lon="9.6763370"/>
 <node id="10027936619" visible="true" version="1" changeset="126233352" timestamp="2022-09-15T17:17:35Z" user="BikeTschorsch" uid="6441004" lat="53.4100922" lon="9.6596890"/>
 <node id="10027936620" visible="true" version="1" changeset="126233352" timestamp="2022-09-15T17:17:35Z" user="BikeTschorsch" uid="6441004" lat="53.4101755" lon="9.6576439"/>
 <node id="10027936621" visible="true" version="1" changeset="126233352" timestamp="2022-09-15T17:17:35Z" user="BikeTschorsch" uid="6441004" lat="53.4101058" lon="9.6578657"/>
 <node id="10027936622" visible="true" version="1" changeset="126233352" timestamp="2022-09-15T17:17:35Z" user="BikeTschorsch" uid="6441004" lat="53.4102653" lon="9.6575379"/>
 <node id="10027936623" visible="true" version="1" changeset="126233352" timestamp="2022-09-15T17:17:35Z" user="BikeTschorsch" uid="6441004" lat="53.4105256" lon="9.6573365"/>
 <node id="10027936624" visible="true" version="1" changeset="126233352" timestamp="2022-09-15T17:17:35Z" user="BikeTschorsch" uid="6441004" lat="53.4106060" lon="9.6573112"/>
 <node id="10176052141" visible="true" version="1" changeset="128783441" timestamp="2022-11-11T16:03:32Z" user="Funki-Bux" uid="15130873" lat="53.4519758" lon="9.7039500"/>
 <node id="10176052142" visible="true" version="1" changeset="128783441" timestamp="2022-11-11T16:03:32Z" user="Funki-Bux" uid="15130873" lat="53.4519973" lon="9.7041144"/>
 <node id="10176052143" visible="true" version="1" changeset="128783441" timestamp="2022-11-11T16:03:32Z" user="Funki-Bux" uid="15130873" lat="53.4521523" lon="9.7040254"/>
 <node id="10176052144" visible="true" version="1" changeset="128783441" timestamp="2022-11-11T16:03:32Z" user="Funki-Bux" uid="15130873" lat="53.4521762" lon="9.7041860"/>
 <node id="10176052145" visible="true" version="1" changeset="128783441" timestamp="2022-11-11T16:03:32Z" user="Funki-Bux" uid="15130873" lat="53.4521949" lon="9.7045460"/>
 <node id="10176052146" visible="true" version="1" changeset="128783441" timestamp="2022-11-11T16:03:32Z" user="Funki-Bux" uid="15130873" lat="53.4520922" lon="9.7045924"/>
 <node id="10176052149" visible="true" version="1" changeset="128783441" timestamp="2022-11-11T16:03:32Z" user="Funki-Bux" uid="15130873" lat="53.4519586" lon="9.7041287">
  <tag k="entrance" v="yes"/>
 </node>
 <node id="10176052150" visible="true" version="1" changeset="128783441" timestamp="2022-11-11T16:03:32Z" user="Funki-Bux" uid="15130873" lat="53.4518988" lon="9.7041502">
  <tag k="entrance" v="yes"/>
 </node>
 <node id="10176052151" visible="true" version="1" changeset="128783441" timestamp="2022-11-11T16:03:32Z" user="Funki-Bux" uid="15130873" lat="53.4521482" lon="9.7041977">
  <tag k="entrance" v="yes"/>
 </node>
 <node id="10176052152" visible="true" version="1" changeset="128783441" timestamp="2022-11-11T16:03:32Z" user="Funki-Bux" uid="15130873" lat="53.4520989" lon="9.7042183">
  <tag k="entrance" v="yes"/>
 </node>
 <node id="10176052153" visible="true" version="1" changeset="128783441" timestamp="2022-11-11T16:03:32Z" user="Funki-Bux" uid="15130873" lat="53.4521730" lon="9.7044063">
  <tag k="entrance" v="yes"/>
 </node>
 <node id="10176052154" visible="true" version="1" changeset="128783441" timestamp="2022-11-11T16:03:32Z" user="Funki-Bux" uid="15130873" lat="53.4521867" lon="9.7044952">
  <tag k="entrance" v="yes"/>
 </node>
 <node id="10176052155" visible="true" version="1" changeset="128783441" timestamp="2022-11-11T16:03:32Z" user="Funki-Bux" uid="15130873" lat="53.4520128" lon="9.7045168">
  <tag k="entrance" v="yes"/>
 </node>
 <node id="10634832260" visible="true" version="1" changeset="132329840" timestamp="2023-02-09T21:49:44Z" user="Garstedter" uid="2822207" lat="53.4332376" lon="9.6654490"/>
 <node id="10779521220" visible="true" version="1" changeset="134410744" timestamp="2023-04-02T11:54:38Z" user="DCA" uid="75107" lat="53.4580626" lon="9.6826968"/>
 <node id="10779521243" visible="true" version="1" changeset="134410744" timestamp="2023-04-02T11:54:38Z" user="DCA" uid="75107" lat="53.4590639" lon="9.6899454"/>
 <node id="10779521244" visible="true" version="1" changeset="134410744" timestamp="2023-04-02T11:54:38Z" user="DCA" uid="75107" lat="53.4590048" lon="9.6899387"/>
 <node id="10779521245" visible="true" version="1" changeset="134410744" timestamp="2023-04-02T11:54:38Z" user="DCA" uid="75107" lat="53.4588970" lon="9.6898596"/>
 <node id="10779521246" visible="true" version="1" changeset="134410744" timestamp="2023-04-02T11:54:38Z" user="DCA" uid="75107" lat="53.4588403" lon="9.6897711"/>
 <node id="10779521250" visible="true" version="1" changeset="134410744" timestamp="2023-04-02T11:54:38Z" user="DCA" uid="75107" lat="53.4598751" lon="9.6902096"/>
 <node id="10779521251" visible="true" version="1" changeset="134410744" timestamp="2023-04-02T11:54:38Z" user="DCA" uid="75107" lat="53.4597985" lon="9.6900916"/>
 <node id="10779521252" visible="true" version="1" changeset="134410744" timestamp="2023-04-02T11:54:38Z" user="DCA" uid="75107" lat="53.4594663" lon="9.6900406"/>
 <node id="10779521253" visible="true" version="1" changeset="134410744" timestamp="2023-04-02T11:54:38Z" user="DCA" uid="75107" lat="53.4593146" lon="9.6900259"/>
 <node id="10862251868" visible="true" version="1" changeset="135613453" timestamp="2023-05-02T12:01:21Z" user="BikeTschorsch" uid="6441004" lat="53.4196813" lon="9.6789428"/>
 <node id="10862251869" visible="true" version="1" changeset="135613453" timestamp="2023-05-02T12:01:21Z" user="BikeTschorsch" uid="6441004" lat="53.4196750" lon="9.6790408"/>
 <node id="10862251874" visible="true" version="1" changeset="135613453" timestamp="2023-05-02T12:01:21Z" user="BikeTschorsch" uid="6441004" lat="53.4241169" lon="9.6730428"/>
 <node id="10862251876" visible="true" version="1" changeset="135613453" timestamp="2023-05-02T12:01:21Z" user="BikeTschorsch" uid="6441004" lat="53.4289929" lon="9.6730983"/>
 <node id="10862251877" visible="true" version="1" changeset="135613453" timestamp="2023-05-02T12:01:21Z" user="BikeTschorsch" uid="6441004" lat="53.4287556" lon="9.6731073"/>
 <node id="10862264005" visible="true" version="1" changeset="135613453" timestamp="2023-05-02T12:01:21Z" user="BikeTschorsch" uid="6441004" lat="53.4376925" lon="9.6688110"/>
 <node id="10862264006" visible="true" version="1" changeset="135613453" timestamp="2023-05-02T12:01:21Z" user="BikeTschorsch" uid="6441004" lat="53.4379770" lon="9.6689403"/>
 <node id="10862264011" visible="true" version="1" changeset="135613453" timestamp="2023-05-02T12:01:21Z" user="BikeTschorsch" uid="6441004" lat="53.4356224" lon="9.6678056"/>
 <node id="10862264018" visible="true" version="1" changeset="135613453" timestamp="2023-05-02T12:01:21Z" user="BikeTschorsch" uid="6441004" lat="53.4354420" lon="9.6668940"/>
 <node id="10862264021" visible="true" version="1" changeset="135613453" timestamp="2023-05-02T12:01:21Z" user="BikeTschorsch" uid="6441004" lat="53.4353982" lon="9.6654126"/>
 <node id="10862264025" visible="true" version="1" changeset="135613453" timestamp="2023-05-02T12:01:21Z" user="BikeTschorsch" uid="6441004" lat="53.4353437" lon="9.6663608"/>
 <node id="10862264026" visible="true" version="1" changeset="135613453" timestamp="2023-05-02T12:01:21Z" user="BikeTschorsch" uid="6441004" lat="53.4353244" lon="9.6662205"/>
 <node id="10862264052" visible="true" version="1" changeset="135613453" timestamp="2023-05-02T12:01:21Z" user="BikeTschorsch" uid="6441004" lat="53.4303137" lon="9.6664104"/>
 <node id="10862264053" visible="true" version="1" changeset="135613453" timestamp="2023-05-02T12:01:21Z" user="BikeTschorsch" uid="6441004" lat="53.4300241" lon="9.6667115"/>
 <node id="10862264054" visible="true" version="1" changeset="135613453" timestamp="2023-05-02T12:01:21Z" user="BikeTschorsch" uid="6441004" lat="53.4301509" lon="9.6666451"/>
 <node id="10862264055" visible="true" version="1" changeset="135613453" timestamp="2023-05-02T12:01:21Z" user="BikeTschorsch" uid="6441004" lat="53.4302151" lon="9.6666066"/>
 <node id="10862264059" visible="true" version="1" changeset="135613453" timestamp="2023-05-02T12:01:21Z" user="BikeTschorsch" uid="6441004" lat="53.4274729" lon="9.6677891"/>
 <node id="10862264060" visible="true" version="1" changeset="135613453" timestamp="2023-05-02T12:01:21Z" user="BikeTschorsch" uid="6441004" lat="53.4283666" lon="9.6673420"/>
 <node id="10862264061" visible="true" version="1" changeset="135613453" timestamp="2023-05-02T12:01:21Z" user="BikeTschorsch" uid="6441004" lat="53.4293475" lon="9.6669597"/>
 <node id="10862264062" visible="true" version="1" changeset="135613453" timestamp="2023-05-02T12:01:21Z" user="BikeTschorsch" uid="6441004" lat="53.4291391" lon="9.6670069"/>
 <node id="10862264063" visible="true" version="1" changeset="135613453" timestamp="2023-05-02T12:01:21Z" user="BikeTschorsch" uid="6441004" lat="53.4290023" lon="9.6670592"/>
 <node id="10862264091" visible="true" version="1" changeset="135613453" timestamp="2023-05-02T12:01:21Z" user="BikeTschorsch" uid="6441004" lat="53.4194250" lon="9.6711326"/>
 <node id="10862264092" visible="true" version="1" changeset="135613453" timestamp="2023-05-02T12:01:21Z" user="BikeTschorsch" uid="6441004" lat="53.4192999" lon="9.6711579"/>
 <node id="10862264093" visible="true" version="1" changeset="135613453" timestamp="2023-05-02T12:01:21Z" user="BikeTschorsch" uid="6441004" lat="53.4195710" lon="9.6710657"/>
 <node id="10862264094" visible="true" version="1" changeset="135613453" timestamp="2023-05-02T12:01:21Z" user="BikeTschorsch" uid="6441004" lat="53.4167190" lon="9.6731806"/>
 <node id="10862264095" visible="true" version="1" changeset="135613453" timestamp="2023-05-02T12:01:21Z" user="BikeTschorsch" uid="6441004" lat="53.4168810" lon="9.6724108"/>
 <node id="10862264096" visible="true" version="1" changeset="135613453" timestamp="2023-05-02T12:01:21Z" user="BikeTschorsch" uid="6441004" lat="53.4169555" lon="9.6722507"/>
 <node id="10862264101" visible="true" version="1" changeset="135613453" timestamp="2023-05-02T12:01:21Z" user="BikeTschorsch" uid="6441004" lat="53.4162096" lon="9.6744463"/>
 <node id="10862264102" visible="true" version="1" changeset="135613453" timestamp="2023-05-02T12:01:21Z" user="BikeTschorsch" uid="6441004" lat="53.4133956" lon="9.6768133"/>
 <node id="10862264105" visible="true" version="1" changeset="135613453" timestamp="2023-05-02T12:01:21Z" user="BikeTschorsch" uid="6441004" lat="53.4304534" lon="9.6662103"/>
 <node id="10862264106" visible="true" version="1" changeset="135613453" timestamp="2023-05-02T12:01:21Z" user="BikeTschorsch" uid="6441004" lat="53.4305334" lon="9.6661910"/>
 <node id="11136267275" visible="true" version="1" changeset="140231582" timestamp="2023-08-22T14:10:03Z" user="TomJeffs" uid="6397757" lat="53.4497845" lon="9.6902100"/>
 <node id="11136267276" visible="true" version="1" changeset="140231582" timestamp="2023-08-22T14:10:03Z" user="TomJeffs" uid="6397757" lat="53.4498089" lon="9.6903795"/>
 <node id="11136267277" visible="true" version="1" changeset="140231582" timestamp="2023-08-22T14:10:03Z" user="TomJeffs" uid="6397757" lat="53.4497834" lon="9.6905352"/>
 <node id="11136267278" visible="true" version="1" changeset="140231582" timestamp="2023-08-22T14:10:03Z" user="TomJeffs" uid="6397757" lat="53.4496990" lon="9.6900943"/>
 <node id="11136267279" visible="true" version="1" changeset="140231582" timestamp="2023-08-22T14:10:03Z" user="TomJeffs" uid="6397757" lat="53.4495738" lon="9.6900667"/>
 <node id="11136267280" visible="true" version="1" changeset="140231582" timestamp="2023-08-22T14:10:03Z" user="TomJeffs" uid="6397757" lat="53.4496976" lon="9.6904780"/>
 <node id="11136267281" visible="true" version="1" changeset="140231582" timestamp="2023-08-22T14:10:03Z" user="TomJeffs" uid="6397757" lat="53.4497173" lon="9.6904173"/>
 <node id="11136267282" visible="true" version="1" changeset="140231582" timestamp="2023-08-22T14:10:03Z" user="TomJeffs" uid="6397757" lat="53.4497186" lon="9.6903449"/>
 <node id="11136267283" visible="true" version="1" changeset="140231582" timestamp="2023-08-22T14:10:03Z" user="TomJeffs" uid="6397757" lat="53.4497040" lon="9.6902917"/>
 <node id="11136267284" visible="true" version="1" changeset="140231582" timestamp="2023-08-22T14:10:03Z" user="TomJeffs" uid="6397757" lat="53.4496596" lon="9.6902491"/>
 <node id="11136267285" visible="true" version="1" changeset="140231582" timestamp="2023-08-22T14:10:03Z" user="TomJeffs" uid="6397757" lat="53.4496025" lon="9.6902342"/>
 <node id="11136267286" visible="true" version="1" changeset="140231582" timestamp="2023-08-22T14:10:03Z" user="TomJeffs" uid="6397757" lat="53.4495651" lon="9.6902533"/>
 <node id="11136267287" visible="true" version="1" changeset="140231582" timestamp="2023-08-22T14:10:03Z" user="TomJeffs" uid="6397757" lat="53.4495131" lon="9.6902831"/>
 <node id="11136267288" visible="true" version="1" changeset="140231582" timestamp="2023-08-22T14:10:03Z" user="TomJeffs" uid="6397757" lat="53.4494884" lon="9.6903385"/>
 <node id="11136267289" visible="true" version="1" changeset="140231582" timestamp="2023-08-22T14:10:03Z" user="TomJeffs" uid="6397757" lat="53.4494789" lon="9.6903960"/>
 <node id="11136267290" visible="true" version="1" changeset="140231582" timestamp="2023-08-22T14:10:03Z" user="TomJeffs" uid="6397757" lat="53.4494783" lon="9.6904727"/>
 <node id="11136267291" visible="true" version="1" changeset="140231582" timestamp="2023-08-22T14:10:03Z" user="TomJeffs" uid="6397757" lat="53.4495049" lon="9.6905483"/>
 <node id="11136267292" visible="true" version="1" changeset="140231582" timestamp="2023-08-22T14:10:03Z" user="TomJeffs" uid="6397757" lat="53.4495436" lon="9.6905887"/>
 <node id="11136267293" visible="true" version="1" changeset="140231582" timestamp="2023-08-22T14:10:03Z" user="TomJeffs" uid="6397757" lat="53.4495835" lon="9.6905898"/>
 <node id="11136267294" visible="true" version="1" changeset="140231582" timestamp="2023-08-22T14:10:03Z" user="TomJeffs" uid="6397757" lat="53.4496247" lon="9.6905685"/>
 <node id="11136267295" visible="true" version="1" changeset="140231582" timestamp="2023-08-22T14:10:03Z" user="TomJeffs" uid="6397757" lat="53.4496666" lon="9.6905280"/>
 <node id="11136267296" visible="true" version="1" changeset="140231582" timestamp="2023-08-22T14:10:03Z" user="TomJeffs" uid="6397757" lat="53.4499332" lon="9.6902298"/>
 <node id="11136267297" visible="true" version="1" changeset="140231582" timestamp="2023-08-22T14:10:03Z" user="TomJeffs" uid="6397757" lat="53.4499332" lon="9.6901909"/>
 <node id="11136267298" visible="true" version="1" changeset="140231582" timestamp="2023-08-22T14:10:03Z" user="TomJeffs" uid="6397757" lat="53.4499075" lon="9.6900516"/>
 <node id="11136267299" visible="true" version="1" changeset="140231582" timestamp="2023-08-22T14:10:03Z" user="TomJeffs" uid="6397757" lat="53.4498807" lon="9.6899478"/>
 <node id="11136267300" visible="true" version="1" changeset="140231582" timestamp="2023-08-22T14:10:03Z" user="TomJeffs" uid="6397757" lat="53.4498503" lon="9.6898847"/>
 <node id="11136267301" visible="true" version="1" changeset="140231582" timestamp="2023-08-22T14:10:03Z" user="TomJeffs" uid="6397757" lat="53.4498220" lon="9.6898397"/>
 <node id="11136267302" visible="true" version="1" changeset="140231582" timestamp="2023-08-22T14:10:03Z" user="TomJeffs" uid="6397757" lat="53.4497983" lon="9.6898164"/>
 <node id="11136267303" visible="true" version="1" changeset="140231582" timestamp="2023-08-22T14:10:03Z" user="TomJeffs" uid="6397757" lat="53.4498127" lon="9.6898026"/>
 <node id="11136267304" visible="true" version="1" changeset="140231582" timestamp="2023-08-22T14:10:03Z" user="TomJeffs" uid="6397757" lat="53.4498503" lon="9.6898112"/>
 <node id="11136330205" visible="true" version="1" changeset="140231582" timestamp="2023-08-22T14:10:03Z" user="TomJeffs" uid="6397757" lat="53.4498889" lon="9.6898449"/>
 <node id="11136330206" visible="true" version="1" changeset="140231582" timestamp="2023-08-22T14:10:03Z" user="TomJeffs" uid="6397757" lat="53.4499353" lon="9.6899401"/>
 <node id="11136330207" visible="true" version="1" changeset="140231582" timestamp="2023-08-22T14:10:03Z" user="TomJeffs" uid="6397757" lat="53.4499574" lon="9.6900343"/>
 <node id="11136330208" visible="true" version="1" changeset="140231582" timestamp="2023-08-22T14:10:03Z" user="TomJeffs" uid="6397757" lat="53.4499744" lon="9.6901398"/>
 <node id="11136330209" visible="true" version="1" changeset="140231582" timestamp="2023-08-22T14:10:03Z" user="TomJeffs" uid="6397757" lat="53.4499785" lon="9.6902272"/>
 <node id="11136330210" visible="true" version="1" changeset="140231582" timestamp="2023-08-22T14:10:03Z" user="TomJeffs" uid="6397757" lat="53.4499775" lon="9.6903033"/>
 <node id="11136330211" visible="true" version="1" changeset="140231582" timestamp="2023-08-22T14:10:03Z" user="TomJeffs" uid="6397757" lat="53.4499703" lon="9.6903889"/>
 <node id="11136330212" visible="true" version="1" changeset="140231582" timestamp="2023-08-22T14:10:03Z" user="TomJeffs" uid="6397757" lat="53.4499600" lon="9.6904538"/>
 <node id="11136330213" visible="true" version="1" changeset="140231582" timestamp="2023-08-22T14:10:03Z" user="TomJeffs" uid="6397757" lat="53.4499384" lon="9.6905229"/>
 <node id="11136330214" visible="true" version="1" changeset="140231582" timestamp="2023-08-22T14:10:03Z" user="TomJeffs" uid="6397757" lat="53.4497293" lon="9.6910072"/>
 <node id="11136330215" visible="true" version="1" changeset="140231582" timestamp="2023-08-22T14:10:03Z" user="TomJeffs" uid="6397757" lat="53.4496948" lon="9.6910980"/>
 <node id="11136330216" visible="true" version="1" changeset="140231582" timestamp="2023-08-22T14:10:03Z" user="TomJeffs" uid="6397757" lat="53.4496103" lon="9.6913774"/>
 <node id="11136330217" visible="true" version="1" changeset="140231582" timestamp="2023-08-22T14:10:03Z" user="TomJeffs" uid="6397757" lat="53.4496443" lon="9.6916109"/>
 <node id="11136330218" visible="true" version="1" changeset="140231582" timestamp="2023-08-22T14:10:03Z" user="TomJeffs" uid="6397757" lat="53.4496752" lon="9.6919335"/>
 <node id="11136330219" visible="true" version="1" changeset="140231582" timestamp="2023-08-22T14:10:03Z" user="TomJeffs" uid="6397757" lat="53.4496757" lon="9.6920398"/>
 <node id="11136330220" visible="true" version="1" changeset="140231582" timestamp="2023-08-22T14:10:03Z" user="TomJeffs" uid="6397757" lat="53.4496690" lon="9.6921523"/>
 <node id="11136330221" visible="true" version="1" changeset="140231582" timestamp="2023-08-22T14:10:03Z" user="TomJeffs" uid="6397757" lat="53.4496546" lon="9.6922621"/>
 <node id="11136330222" visible="true" version="1" changeset="140231582" timestamp="2023-08-22T14:10:03Z" user="TomJeffs" uid="6397757" lat="53.4496273" lon="9.6923719"/>
 <node id="11136330223" visible="true" version="1" changeset="140231582" timestamp="2023-08-22T14:10:03Z" user="TomJeffs" uid="6397757" lat="53.4495758" lon="9.6925535"/>
 <node id="11136330224" visible="true" version="1" changeset="140231582" timestamp="2023-08-22T14:10:03Z" user="TomJeffs" uid="6397757" lat="53.4494424" lon="9.6929185"/>
 <node id="11136330225" visible="true" version="1" changeset="140231582" timestamp="2023-08-22T14:10:03Z" user="TomJeffs" uid="6397757" lat="53.4493487" lon="9.6931174"/>
 <node id="11136330226" visible="true" version="1" changeset="140231582" timestamp="2023-08-22T14:10:03Z" user="TomJeffs" uid="6397757" lat="53.4492565" lon="9.6932800"/>
 <node id="11136330227" visible="true" version="1" changeset="140231582" timestamp="2023-08-22T14:10:03Z" user="TomJeffs" uid="6397757" lat="53.4491246" lon="9.6935187"/>
 <node id="11136330228" visible="true" version="1" changeset="140231582" timestamp="2023-08-22T14:10:03Z" user="TomJeffs" uid="6397757" lat="53.4489809" lon="9.6937375"/>
 <node id="11136330229" visible="true" version="1" changeset="140231582" timestamp="2023-08-22T14:10:03Z" user="TomJeffs" uid="6397757" lat="53.4489444" lon="9.6937790"/>
 <node id="11136330230" visible="true" version="1" changeset="140231582" timestamp="2023-08-22T14:10:03Z" user="TomJeffs" uid="6397757" lat="53.4489207" lon="9.6937790"/>
 <node id="11136330231" visible="true" version="1" changeset="140231582" timestamp="2023-08-22T14:10:03Z" user="TomJeffs" uid="6397757" lat="53.4488522" lon="9.6937919"/>
 <node id="11136330232" visible="true" version="1" changeset="140231582" timestamp="2023-08-22T14:10:03Z" user="TomJeffs" uid="6397757" lat="53.4487976" lon="9.6938049"/>
 <node id="11136330233" visible="true" version="1" changeset="140231582" timestamp="2023-08-22T14:10:03Z" user="TomJeffs" uid="6397757" lat="53.4487450" lon="9.6938015"/>
 <node id="11136330234" visible="true" version="1" changeset="140231582" timestamp="2023-08-22T14:10:03Z" user="TomJeffs" uid="6397757" lat="53.4486580" lon="9.6937859"/>
 <node id="11136330235" visible="true" version="1" changeset="140231582" timestamp="2023-08-22T14:10:03Z" user="TomJeffs" uid="6397757" lat="53.4486101" lon="9.6937184"/>
 <node id="11136330236" visible="true" version="1" changeset="140231582" timestamp="2023-08-22T14:10:03Z" user="TomJeffs" uid="6397757" lat="53.4483083" lon="9.6936138"/>
 <node id="11136330237" visible="true" version="1" changeset="140231582" timestamp="2023-08-22T14:10:03Z" user="TomJeffs" uid="6397757" lat="53.4481873" lon="9.6935610"/>
 <node id="11136330238" visible="true" version="1" changeset="140231582" timestamp="2023-08-22T14:10:03Z" user="TomJeffs" uid="6397757" lat="53.4480683" lon="9.6934823"/>
 <node id="11136330239" visible="true" version="1" changeset="140231582" timestamp="2023-08-22T14:10:03Z" user="TomJeffs" uid="6397757" lat="53.4479622" lon="9.6935264"/>
 <node id="11136330240" visible="true" version="1" changeset="140231582" timestamp="2023-08-22T14:10:03Z" user="TomJeffs" uid="6397757" lat="53.4479545" lon="9.6935109"/>
 <node id="11136330241" visible="true" version="1" changeset="140231582" timestamp="2023-08-22T14:10:03Z" user="TomJeffs" uid="6397757" lat="53.4485395" lon="9.6935135"/>
 <node id="11136330242" visible="true" version="1" changeset="140231582" timestamp="2023-08-22T14:10:03Z" user="TomJeffs" uid="6397757" lat="53.4484016" lon="9.6931826"/>
 <node id="11136330243" visible="true" version="2" changeset="140246316" timestamp="2023-08-22T20:41:24Z" user="TomJeffs" uid="6397757" lat="53.4483390" lon="9.6932042"/>
 <node id="11136330244" visible="true" version="1" changeset="140231582" timestamp="2023-08-22T14:10:03Z" user="TomJeffs" uid="6397757" lat="53.4472887" lon="9.6927621"/>
 <node id="11136330245" visible="true" version="1" changeset="140231582" timestamp="2023-08-22T14:10:03Z" user="TomJeffs" uid="6397757" lat="53.4469506" lon="9.6926696"/>
 <node id="11136330246" visible="true" version="1" changeset="140231582" timestamp="2023-08-22T14:10:03Z" user="TomJeffs" uid="6397757" lat="53.4469502" lon="9.6926991"/>
 <node id="11136330247" visible="true" version="1" changeset="140231582" timestamp="2023-08-22T14:10:03Z" user="TomJeffs" uid="6397757" lat="53.4468306" lon="9.6930383"/>
 <node id="11136330248" visible="true" version="1" changeset="140231582" timestamp="2023-08-22T14:10:03Z" user="TomJeffs" uid="6397757" lat="53.4471082" lon="9.6927442"/>
 <node id="11136330249" visible="true" version="1" changeset="140231582" timestamp="2023-08-22T14:10:03Z" user="TomJeffs" uid="6397757" lat="53.4472771" lon="9.6927806"/>
 <node id="11136330250" visible="true" version="1" changeset="140231582" timestamp="2023-08-22T14:10:03Z" user="TomJeffs" uid="6397757" lat="53.4470629" lon="9.6929748"/>
 <node id="11136330251" visible="true" version="1" changeset="140231582" timestamp="2023-08-22T14:10:03Z" user="TomJeffs" uid="6397757" lat="53.4469952" lon="9.6930552"/>
 <node id="11136330252" visible="true" version="1" changeset="140231582" timestamp="2023-08-22T14:10:03Z" user="TomJeffs" uid="6397757" lat="53.4469786" lon="9.6930883"/>
 <node id="11136330253" visible="true" version="1" changeset="140231582" timestamp="2023-08-22T14:10:03Z" user="TomJeffs" uid="6397757" lat="53.4469694" lon="9.6931243"/>
 <node id="11136330254" visible="true" version="1" changeset="140231582" timestamp="2023-08-22T14:10:03Z" user="TomJeffs" uid="6397757" lat="53.4469636" lon="9.6931613"/>
 <node id="11136330255" visible="true" version="1" changeset="140231582" timestamp="2023-08-22T14:10:03Z" user="TomJeffs" uid="6397757" lat="53.4469650" lon="9.6932019"/>
 <node id="11136330256" visible="true" version="1" changeset="140231582" timestamp="2023-08-22T14:10:03Z" user="TomJeffs" uid="6397757" lat="53.4469728" lon="9.6932424"/>
 <node id="11136330257" visible="true" version="1" changeset="140231582" timestamp="2023-08-22T14:10:03Z" user="TomJeffs" uid="6397757" lat="53.4469898" lon="9.6932726"/>
 <node id="11136330258" visible="true" version="1" changeset="140231582" timestamp="2023-08-22T14:10:03Z" user="TomJeffs" uid="6397757" lat="53.4470112" lon="9.6932857"/>
 <node id="11136330259" visible="true" version="1" changeset="140231582" timestamp="2023-08-22T14:10:03Z" user="TomJeffs" uid="6397757" lat="53.4470397" lon="9.6932914"/>
 <node id="11136330260" visible="true" version="1" changeset="140231582" timestamp="2023-08-22T14:10:03Z" user="TomJeffs" uid="6397757" lat="53.4470883" lon="9.6932834"/>
 <node id="11136330261" visible="true" version="1" changeset="140231582" timestamp="2023-08-22T14:10:03Z" user="TomJeffs" uid="6397757" lat="53.4470457" lon="9.6933082"/>
 <node id="11136330262" visible="true" version="1" changeset="140231582" timestamp="2023-08-22T14:10:03Z" user="TomJeffs" uid="6397757" lat="53.4473424" lon="9.6933048"/>
 <node id="11136330263" visible="true" version="1" changeset="140231582" timestamp="2023-08-22T14:10:03Z" user="TomJeffs" uid="6397757" lat="53.4475324" lon="9.6932840"/>
 <node id="11136330264" visible="true" version="1" changeset="140231582" timestamp="2023-08-22T14:10:03Z" user="TomJeffs" uid="6397757" lat="53.4476082" lon="9.6932543"/>
 <node id="11136330265" visible="true" version="1" changeset="140231582" timestamp="2023-08-22T14:10:03Z" user="TomJeffs" uid="6397757" lat="53.4476829" lon="9.6932190"/>
 <node id="11136330266" visible="true" version="1" changeset="140231582" timestamp="2023-08-22T14:10:03Z" user="TomJeffs" uid="6397757" lat="53.4477155" lon="9.6931876"/>
 <node id="11136330267" visible="true" version="1" changeset="140231582" timestamp="2023-08-22T14:10:03Z" user="TomJeffs" uid="6397757" lat="53.4477774" lon="9.6931066"/>
 <node id="11136330268" visible="true" version="1" changeset="140231582" timestamp="2023-08-22T14:10:03Z" user="TomJeffs" uid="6397757" lat="53.4481070" lon="9.6927151"/>
 <node id="11136330269" visible="true" version="1" changeset="140231582" timestamp="2023-08-22T14:10:03Z" user="TomJeffs" uid="6397757" lat="53.4482028" lon="9.6926170"/>
 <node id="11136330270" visible="true" version="1" changeset="140231582" timestamp="2023-08-22T14:10:03Z" user="TomJeffs" uid="6397757" lat="53.4482786" lon="9.6925383"/>
 <node id="11136330271" visible="true" version="1" changeset="140231582" timestamp="2023-08-22T14:10:03Z" user="TomJeffs" uid="6397757" lat="53.4483391" lon="9.6924898"/>
 <node id="11136330272" visible="true" version="1" changeset="140231582" timestamp="2023-08-22T14:10:03Z" user="TomJeffs" uid="6397757" lat="53.4483843" lon="9.6924573"/>
 <node id="11136330273" visible="true" version="1" changeset="140231582" timestamp="2023-08-22T14:10:03Z" user="TomJeffs" uid="6397757" lat="53.4484179" lon="9.6924453"/>
 <node id="11136330274" visible="true" version="1" changeset="140231582" timestamp="2023-08-22T14:10:03Z" user="TomJeffs" uid="6397757" lat="53.4484165" lon="9.6925297"/>
 <node id="11136330275" visible="true" version="1" changeset="140231582" timestamp="2023-08-22T14:10:03Z" user="TomJeffs" uid="6397757" lat="53.4486554" lon="9.6922981"/>
 <node id="11136330276" visible="true" version="1" changeset="140231582" timestamp="2023-08-22T14:10:03Z" user="TomJeffs" uid="6397757" lat="53.4487241" lon="9.6924795"/>
 <node id="11136330277" visible="true" version="1" changeset="140231582" timestamp="2023-08-22T14:10:03Z" user="TomJeffs" uid="6397757" lat="53.4485382" lon="9.6926815"/>
 <node id="11136330278" visible="true" version="1" changeset="140231582" timestamp="2023-08-22T14:10:03Z" user="TomJeffs" uid="6397757" lat="53.4494694" lon="9.6902025"/>
 <node id="11136330279" visible="true" version="1" changeset="140231582" timestamp="2023-08-22T14:10:03Z" user="TomJeffs" uid="6397757" lat="53.4493999" lon="9.6902422"/>
 <node id="11136330280" visible="true" version="1" changeset="140231582" timestamp="2023-08-22T14:10:03Z" user="TomJeffs" uid="6397757" lat="53.4493010" lon="9.6903659"/>
 <node id="11136330281" visible="true" version="1" changeset="140231582" timestamp="2023-08-22T14:10:03Z" user="TomJeffs" uid="6397757" lat="53.4489430" lon="9.6908882"/>
 <node id="11136330282" visible="true" version="2" changeset="140246316" timestamp="2023-08-22T20:41:24Z" user="TomJeffs" uid="6397757" lat="53.4489030" lon="9.6909486"/>
 <node id="11136330283" visible="true" version="1" changeset="140231582" timestamp="2023-08-22T14:10:03Z" user="TomJeffs" uid="6397757" lat="53.4489121" lon="9.6909687"/>
 <node id="11136330284" visible="true" version="1" changeset="140231582" timestamp="2023-08-22T14:10:03Z" user="TomJeffs" uid="6397757" lat="53.4486402" lon="9.6914236"/>
 <node id="11136330285" visible="true" version="1" changeset="140231582" timestamp="2023-08-22T14:10:03Z" user="TomJeffs" uid="6397757" lat="53.4485922" lon="9.6915063"/>
 <node id="11136330286" visible="true" version="1" changeset="140231582" timestamp="2023-08-22T14:10:03Z" user="TomJeffs" uid="6397757" lat="53.4487101" lon="9.6917789"/>
 <node id="11136330287" visible="true" version="1" changeset="140231582" timestamp="2023-08-22T14:10:03Z" user="TomJeffs" uid="6397757" lat="53.4487343" lon="9.6917344"/>
 <node id="11136330288" visible="true" version="1" changeset="140231582" timestamp="2023-08-22T14:10:03Z" user="TomJeffs" uid="6397757" lat="53.4488521" lon="9.6919441"/>
 <node id="11136330289" visible="true" version="1" changeset="140231582" timestamp="2023-08-22T14:10:03Z" user="TomJeffs" uid="6397757" lat="53.4487725" lon="9.6921093"/>
 <node id="11136330290" visible="true" version="1" changeset="140231582" timestamp="2023-08-22T14:10:03Z" user="TomJeffs" uid="6397757" lat="53.4488592" lon="9.6923557"/>
 <node id="11136330291" visible="true" version="1" changeset="140231582" timestamp="2023-08-22T14:10:03Z" user="TomJeffs" uid="6397757" lat="53.4487577" lon="9.6924881"/>
 <node id="11136330292" visible="true" version="1" changeset="140231582" timestamp="2023-08-22T14:10:03Z" user="TomJeffs" uid="6397757" lat="53.4488553" lon="9.6928433"/>
 <node id="11136330293" visible="true" version="1" changeset="140231582" timestamp="2023-08-22T14:10:03Z" user="TomJeffs" uid="6397757" lat="53.4487483" lon="9.6929809"/>
 <node id="11136330294" visible="true" version="2" changeset="140231915" timestamp="2023-08-22T14:16:32Z" user="TomJeffs" uid="6397757" lat="53.4487201" lon="9.6930058"/>
 <node id="11136330295" visible="true" version="1" changeset="140231582" timestamp="2023-08-22T14:10:03Z" user="TomJeffs" uid="6397757" lat="53.4487436" lon="9.6931789"/>
 <node id="11136330296" visible="true" version="1" changeset="140231582" timestamp="2023-08-22T14:10:03Z" user="TomJeffs" uid="6397757" lat="53.4488030" lon="9.6933322"/>
 <node id="11136330297" visible="true" version="1" changeset="140231582" timestamp="2023-08-22T14:10:03Z" user="TomJeffs" uid="6397757" lat="53.4488537" lon="9.6934253"/>
 <node id="11136330298" visible="true" version="1" changeset="140231582" timestamp="2023-08-22T14:10:03Z" user="TomJeffs" uid="6397757" lat="53.4490169" lon="9.6931763"/>
 <node id="11136330299" visible="true" version="1" changeset="140231582" timestamp="2023-08-22T14:10:03Z" user="TomJeffs" uid="6397757" lat="53.4491917" lon="9.6928053"/>
 <node id="11136330300" visible="true" version="1" changeset="140231582" timestamp="2023-08-22T14:10:03Z" user="TomJeffs" uid="6397757" lat="53.4493986" lon="9.6922770"/>
 <node id="11136330301" visible="true" version="1" changeset="140231582" timestamp="2023-08-22T14:10:03Z" user="TomJeffs" uid="6397757" lat="53.4494610" lon="9.6920424"/>
 <node id="11136330302" visible="true" version="1" changeset="140231582" timestamp="2023-08-22T14:10:03Z" user="TomJeffs" uid="6397757" lat="53.4494220" lon="9.6913346"/>
 <node id="11136330303" visible="true" version="1" changeset="140231582" timestamp="2023-08-22T14:10:03Z" user="TomJeffs" uid="6397757" lat="53.4494626" lon="9.6911353"/>
 <node id="11136330304" visible="true" version="2" changeset="140246316" timestamp="2023-08-22T20:41:24Z" user="TomJeffs" uid="6397757" lat="53.4495618" lon="9.6908837"/>
 <node id="11136330305" visible="true" version="2" changeset="140246316" timestamp="2023-08-22T20:41:24Z" user="TomJeffs" uid="6397757" lat="53.4496170" lon="9.6907638"/>
 <node id="11136330306" visible="true" version="1" changeset="140231582" timestamp="2023-08-22T14:10:03Z" user="TomJeffs" uid="6397757" lat="53.4495040" lon="9.6907670"/>
 <node id="11136330307" visible="true" version="1" changeset="140231582" timestamp="2023-08-22T14:10:03Z" user="TomJeffs" uid="6397757" lat="53.4494673" lon="9.6907565"/>
 <node id="11136330308" visible="true" version="1" changeset="140231582" timestamp="2023-08-22T14:10:03Z" user="TomJeffs" uid="6397757" lat="53.4494150" lon="9.6906451"/>
 <node id="11136330309" visible="true" version="1" changeset="140231582" timestamp="2023-08-22T14:10:03Z" user="TomJeffs" uid="6397757" lat="53.4493884" lon="9.6905468"/>
 <node id="11136330310" visible="true" version="1" changeset="140231582" timestamp="2023-08-22T14:10:03Z" user="TomJeffs" uid="6397757" lat="53.4494080" lon="9.6904000"/>
 <node id="11136330311" visible="true" version="1" changeset="140231582" timestamp="2023-08-22T14:10:03Z" user="TomJeffs" uid="6397757" lat="53.4494322" lon="9.6902938"/>
 <node id="11136330312" visible="true" version="1" changeset="140231582" timestamp="2023-08-22T14:10:03Z" user="TomJeffs" uid="6397757" lat="53.4499615" lon="9.6911746"/>
 <node id="11136330313" visible="true" version="1" changeset="140231582" timestamp="2023-08-22T14:10:03Z" user="TomJeffs" uid="6397757" lat="53.4498496" lon="9.6919485"/>
 <node id="11136330314" visible="true" version="1" changeset="140231582" timestamp="2023-08-22T14:10:03Z" user="TomJeffs" uid="6397757" lat="53.4494471" lon="9.6938575"/>
 <node id="11136330315" visible="true" version="1" changeset="140231582" timestamp="2023-08-22T14:10:03Z" user="TomJeffs" uid="6397757" lat="53.4488852" lon="9.6938402"/>
 <node id="11136330316" visible="true" version="1" changeset="140231582" timestamp="2023-08-22T14:10:03Z" user="TomJeffs" uid="6397757" lat="53.4489695" lon="9.6938088"/>
 <node id="11136330317" visible="true" version="1" changeset="140231582" timestamp="2023-08-22T14:10:03Z" user="TomJeffs" uid="6397757" lat="53.4490414" lon="9.6937485"/>
 <node id="11136330318" visible="true" version="1" changeset="140231582" timestamp="2023-08-22T14:10:03Z" user="TomJeffs" uid="6397757" lat="53.4491241" lon="9.6936148"/>
 <node id="11136330319" visible="true" version="1" changeset="140231582" timestamp="2023-08-22T14:10:03Z" user="TomJeffs" uid="6397757" lat="53.4494481" lon="9.6929947"/>
 <node id="11136330320" visible="true" version="1" changeset="140231582" timestamp="2023-08-22T14:10:03Z" user="TomJeffs" uid="6397757" lat="53.4495675" lon="9.6927273"/>
 <node id="11136330321" visible="true" version="1" changeset="140231582" timestamp="2023-08-22T14:10:03Z" user="TomJeffs" uid="6397757" lat="53.4496253" lon="9.6925255"/>
 <node id="11136330322" visible="true" version="1" changeset="140231582" timestamp="2023-08-22T14:10:03Z" user="TomJeffs" uid="6397757" lat="53.4496908" lon="9.6922463"/>
 <node id="11136330323" visible="true" version="1" changeset="140231582" timestamp="2023-08-22T14:10:03Z" user="TomJeffs" uid="6397757" lat="53.4497759" lon="9.6917783"/>
 <node id="11136330324" visible="true" version="1" changeset="140231582" timestamp="2023-08-22T14:10:03Z" user="TomJeffs" uid="6397757" lat="53.4487951" lon="9.6938474"/>
 <node id="11136330325" visible="true" version="1" changeset="140231582" timestamp="2023-08-22T14:10:03Z" user="TomJeffs" uid="6397757" lat="53.4487273" lon="9.6938474"/>
 <node id="11136330326" visible="true" version="1" changeset="140231582" timestamp="2023-08-22T14:10:03Z" user="TomJeffs" uid="6397757" lat="53.4486594" lon="9.6938261"/>
 <node id="11136330327" visible="true" version="1" changeset="140231582" timestamp="2023-08-22T14:10:03Z" user="TomJeffs" uid="6397757" lat="53.4485573" lon="9.6937707"/>
 <node id="11136330328" visible="true" version="1" changeset="140231582" timestamp="2023-08-22T14:10:03Z" user="TomJeffs" uid="6397757" lat="53.4484096" lon="9.6937122"/>
 <node id="11136330329" visible="true" version="1" changeset="140231582" timestamp="2023-08-22T14:10:03Z" user="TomJeffs" uid="6397757" lat="53.4482764" lon="9.6936866"/>
 <node id="11136330330" visible="true" version="1" changeset="140231582" timestamp="2023-08-22T14:10:03Z" user="TomJeffs" uid="6397757" lat="53.4481445" lon="9.6936302"/>
 <node id="11136330331" visible="true" version="1" changeset="140231582" timestamp="2023-08-22T14:10:03Z" user="TomJeffs" uid="6397757" lat="53.4480184" lon="9.6935919"/>
 <node id="11136330332" visible="true" version="1" changeset="140231582" timestamp="2023-08-22T14:10:03Z" user="TomJeffs" uid="6397757" lat="53.4479429" lon="9.6935429"/>
 <node id="11136330333" visible="true" version="1" changeset="140231582" timestamp="2023-08-22T14:10:03Z" user="TomJeffs" uid="6397757" lat="53.4477996" lon="9.6934598"/>
 <node id="11136330334" visible="true" version="1" changeset="140231582" timestamp="2023-08-22T14:10:03Z" user="TomJeffs" uid="6397757" lat="53.4479606" lon="9.6936121"/>
 <node id="11136330335" visible="true" version="1" changeset="140231582" timestamp="2023-08-22T14:10:03Z" user="TomJeffs" uid="6397757" lat="53.4477888" lon="9.6936153"/>
 <node id="11136330336" visible="true" version="1" changeset="140231582" timestamp="2023-08-22T14:10:03Z" user="TomJeffs" uid="6397757" lat="53.4475821" lon="9.6936270"/>
 <node id="11136330337" visible="true" version="1" changeset="140231582" timestamp="2023-08-22T14:10:03Z" user="TomJeffs" uid="6397757" lat="53.4473817" lon="9.6936621"/>
 <node id="11136330338" visible="true" version="1" changeset="140231582" timestamp="2023-08-22T14:10:03Z" user="TomJeffs" uid="6397757" lat="53.4472803" lon="9.6936557"/>
 <node id="11136330339" visible="true" version="1" changeset="140231582" timestamp="2023-08-22T14:10:03Z" user="TomJeffs" uid="6397757" lat="53.4470850" lon="9.6936291"/>
 <node id="11136330340" visible="true" version="1" changeset="140231582" timestamp="2023-08-22T14:10:03Z" user="TomJeffs" uid="6397757" lat="53.4464460" lon="9.6935588"/>
 <node id="11136330341" visible="true" version="2" changeset="140246360" timestamp="2023-08-22T20:43:24Z" user="TomJeffs" uid="6397757" lat="53.4462858" lon="9.6934715"/>
 <node id="11136330342" visible="true" version="1" changeset="140231582" timestamp="2023-08-22T14:10:03Z" user="TomJeffs" uid="6397757" lat="53.4499248" lon="9.6910537"/>
 <node id="11136330343" visible="true" version="1" changeset="140231582" timestamp="2023-08-22T14:10:03Z" user="TomJeffs" uid="6397757" lat="53.4499895" lon="9.6907496"/>
 <node id="11136330344" visible="true" version="1" changeset="140231582" timestamp="2023-08-22T14:10:03Z" user="TomJeffs" uid="6397757" lat="53.4500434" lon="9.6904494"/>
 <node id="11136330345" visible="true" version="1" changeset="140231582" timestamp="2023-08-22T14:10:03Z" user="TomJeffs" uid="6397757" lat="53.4500551" lon="9.6902213"/>
 <node id="11136330346" visible="true" version="1" changeset="140231582" timestamp="2023-08-22T14:10:03Z" user="TomJeffs" uid="6397757" lat="53.4500481" lon="9.6899565"/>
 <node id="11136330347" visible="true" version="1" changeset="140231582" timestamp="2023-08-22T14:10:03Z" user="TomJeffs" uid="6397757" lat="53.4484713" lon="9.6935500"/>
 <node id="11136330348" visible="true" version="1" changeset="140231582" timestamp="2023-08-22T14:10:03Z" user="TomJeffs" uid="6397757" lat="53.4484434" lon="9.6934829"/>
 <node id="11136330349" visible="true" version="1" changeset="140231582" timestamp="2023-08-22T14:10:03Z" user="TomJeffs" uid="6397757" lat="53.4484104" lon="9.6933871"/>
 <node id="11136330350" visible="true" version="1" changeset="140231582" timestamp="2023-08-22T14:10:03Z" user="TomJeffs" uid="6397757" lat="53.4483984" lon="9.6933477"/>
 <node id="11136330351" visible="true" version="1" changeset="140231582" timestamp="2023-08-22T14:10:03Z" user="TomJeffs" uid="6397757" lat="53.4483895" lon="9.6932721"/>
 <node id="11136330352" visible="true" version="1" changeset="140231582" timestamp="2023-08-22T14:10:03Z" user="TomJeffs" uid="6397757" lat="53.4483864" lon="9.6932582"/>
 <node id="11136330353" visible="true" version="1" changeset="140231582" timestamp="2023-08-22T14:10:03Z" user="TomJeffs" uid="6397757" lat="53.4483749" lon="9.6932433"/>
 <node id="11136330354" visible="true" version="1" changeset="140231582" timestamp="2023-08-22T14:10:03Z" user="TomJeffs" uid="6397757" lat="53.4485097" lon="9.6930491"/>
 <node id="11136330355" visible="true" version="1" changeset="140231582" timestamp="2023-08-22T14:10:03Z" user="TomJeffs" uid="6397757" lat="53.4485192" lon="9.6930439"/>
 <node id="11136330356" visible="true" version="1" changeset="140231582" timestamp="2023-08-22T14:10:03Z" user="TomJeffs" uid="6397757" lat="53.4485247" lon="9.6930302"/>
 <node id="11136330357" visible="true" version="1" changeset="140231582" timestamp="2023-08-22T14:10:03Z" user="TomJeffs" uid="6397757" lat="53.4485253" lon="9.6930120"/>
 <node id="11136330358" visible="true" version="1" changeset="140231582" timestamp="2023-08-22T14:10:03Z" user="TomJeffs" uid="6397757" lat="53.4484730" lon="9.6928711"/>
 <node id="11136330359" visible="true" version="1" changeset="140231582" timestamp="2023-08-22T14:10:03Z" user="TomJeffs" uid="6397757" lat="53.4484560" lon="9.6928545"/>
 <node id="11136330360" visible="true" version="1" changeset="140231582" timestamp="2023-08-22T14:10:03Z" user="TomJeffs" uid="6397757" lat="53.4484336" lon="9.6928374"/>
 <node id="11136330361" visible="true" version="1" changeset="140231582" timestamp="2023-08-22T14:10:03Z" user="TomJeffs" uid="6397757" lat="53.4484132" lon="9.6928345"/>
 <node id="11136330362" visible="true" version="1" changeset="140231582" timestamp="2023-08-22T14:10:03Z" user="TomJeffs" uid="6397757" lat="53.4483979" lon="9.6928385"/>
 <node id="11136330363" visible="true" version="1" changeset="140231582" timestamp="2023-08-22T14:10:03Z" user="TomJeffs" uid="6397757" lat="53.4483707" lon="9.6928790"/>
 <node id="11136330364" visible="true" version="1" changeset="140231582" timestamp="2023-08-22T14:10:03Z" user="TomJeffs" uid="6397757" lat="53.4483357" lon="9.6929173"/>
 <node id="11136330365" visible="true" version="1" changeset="140231582" timestamp="2023-08-22T14:10:03Z" user="TomJeffs" uid="6397757" lat="53.4483626" lon="9.6929646"/>
 <node id="11136330366" visible="true" version="1" changeset="140231582" timestamp="2023-08-22T14:10:03Z" user="TomJeffs" uid="6397757" lat="53.4481070" lon="9.6932111"/>
 <node id="11136330367" visible="true" version="1" changeset="140231582" timestamp="2023-08-22T14:10:03Z" user="TomJeffs" uid="6397757" lat="53.4481920" lon="9.6932859"/>
 <node id="11136330368" visible="true" version="1" changeset="140231582" timestamp="2023-08-22T14:10:03Z" user="TomJeffs" uid="6397757" lat="53.4482131" lon="9.6932921"/>
 <node id="11136330369" visible="true" version="1" changeset="140231582" timestamp="2023-08-22T14:10:03Z" user="TomJeffs" uid="6397757" lat="53.4482236" lon="9.6932910"/>
 <node id="11136330370" visible="true" version="1" changeset="140231582" timestamp="2023-08-22T14:10:03Z" user="TomJeffs" uid="6397757" lat="53.4482314" lon="9.6932859"/>
 <node id="11136330371" visible="true" version="1" changeset="140231582" timestamp="2023-08-22T14:10:03Z" user="TomJeffs" uid="6397757" lat="53.4482382" lon="9.6932727"/>
 <node id="11136330372" visible="true" version="1" changeset="140231582" timestamp="2023-08-22T14:10:03Z" user="TomJeffs" uid="6397757" lat="53.4483113" lon="9.6931073"/>
 <node id="11136330373" visible="true" version="1" changeset="140231582" timestamp="2023-08-22T14:10:03Z" user="TomJeffs" uid="6397757" lat="53.4483347" lon="9.6930850"/>
 <node id="11136330374" visible="true" version="1" changeset="140231582" timestamp="2023-08-22T14:10:03Z" user="TomJeffs" uid="6397757" lat="53.4483544" lon="9.6930742"/>
 <node id="11136330375" visible="true" version="1" changeset="140231582" timestamp="2023-08-22T14:10:03Z" user="TomJeffs" uid="6397757" lat="53.4483775" lon="9.6930685"/>
 <node id="11136330376" visible="true" version="1" changeset="140231582" timestamp="2023-08-22T14:10:03Z" user="TomJeffs" uid="6397757" lat="53.4484061" lon="9.6930810"/>
 <node id="11136330377" visible="true" version="1" changeset="140231582" timestamp="2023-08-22T14:10:03Z" user="TomJeffs" uid="6397757" lat="53.4484285" lon="9.6930999"/>
 <node id="11136330378" visible="true" version="1" changeset="140231582" timestamp="2023-08-22T14:10:03Z" user="TomJeffs" uid="6397757" lat="53.4484465" lon="9.6931318"/>
 <node id="11136330379" visible="true" version="1" changeset="140231582" timestamp="2023-08-22T14:10:03Z" user="TomJeffs" uid="6397757" lat="53.4485817" lon="9.6934496"/>
 <node id="11136331320" visible="true" version="1" changeset="140231915" timestamp="2023-08-22T14:16:32Z" user="TomJeffs" uid="6397757" lat="53.4487217" lon="9.6925235"/>
 <node id="11136331321" visible="true" version="1" changeset="140231915" timestamp="2023-08-22T14:16:32Z" user="TomJeffs" uid="6397757" lat="53.4486932" lon="9.6925415"/>
 <node id="11136331322" visible="true" version="1" changeset="140231915" timestamp="2023-08-22T14:16:32Z" user="TomJeffs" uid="6397757" lat="53.4487124" lon="9.6926277"/>
 <node id="11136331323" visible="true" version="1" changeset="140231915" timestamp="2023-08-22T14:16:32Z" user="TomJeffs" uid="6397757" lat="53.4487410" lon="9.6926097"/>
 <node id="11136331324" visible="true" version="1" changeset="140231915" timestamp="2023-08-22T14:16:32Z" user="TomJeffs" uid="6397757" lat="53.4487420" lon="9.6926358"/>
 <node id="11136331325" visible="true" version="1" changeset="140231915" timestamp="2023-08-22T14:16:32Z" user="TomJeffs" uid="6397757" lat="53.4487201" lon="9.6926484"/>
 <node id="11136331326" visible="true" version="1" changeset="140231915" timestamp="2023-08-22T14:16:32Z" user="TomJeffs" uid="6397757" lat="53.4487219" lon="9.6926576"/>
 <node id="11136331327" visible="true" version="1" changeset="140231915" timestamp="2023-08-22T14:16:32Z" user="TomJeffs" uid="6397757" lat="53.4486939" lon="9.6926737"/>
 <node id="11136331328" visible="true" version="1" changeset="140231915" timestamp="2023-08-22T14:16:32Z" user="TomJeffs" uid="6397757" lat="53.4487118" lon="9.6927617"/>
 <node id="11136331329" visible="true" version="1" changeset="140231915" timestamp="2023-08-22T14:16:32Z" user="TomJeffs" uid="6397757" lat="53.4487618" lon="9.6927330"/>
 <node id="11136331330" visible="true" version="1" changeset="140231915" timestamp="2023-08-22T14:16:32Z" user="TomJeffs" uid="6397757" lat="53.4487624" lon="9.6927572"/>
 <node id="11136331331" visible="true" version="1" changeset="140231915" timestamp="2023-08-22T14:16:32Z" user="TomJeffs" uid="6397757" lat="53.4487378" lon="9.6927679"/>
 <node id="11136331332" visible="true" version="1" changeset="140231915" timestamp="2023-08-22T14:16:32Z" user="TomJeffs" uid="6397757" lat="53.4487441" lon="9.6928087"/>
 <node id="11136331333" visible="true" version="1" changeset="140231915" timestamp="2023-08-22T14:16:32Z" user="TomJeffs" uid="6397757" lat="53.4487687" lon="9.6927980"/>
 <node id="11136331334" visible="true" version="1" changeset="140231915" timestamp="2023-08-22T14:16:32Z" user="TomJeffs" uid="6397757" lat="53.4485806" lon="9.6920973"/>
 <node id="11136331335" visible="true" version="1" changeset="140231915" timestamp="2023-08-22T14:16:32Z" user="TomJeffs" uid="6397757" lat="53.4485977" lon="9.6921587"/>
 <node id="11136331336" visible="true" version="1" changeset="140231915" timestamp="2023-08-22T14:16:32Z" user="TomJeffs" uid="6397757" lat="53.4485551" lon="9.6922076"/>
 <node id="11136331337" visible="true" version="1" changeset="140231915" timestamp="2023-08-22T14:16:32Z" user="TomJeffs" uid="6397757" lat="53.4485344" lon="9.6921336"/>
 <node id="11136331338" visible="true" version="1" changeset="140231915" timestamp="2023-08-22T14:16:32Z" user="TomJeffs" uid="6397757" lat="53.4485282" lon="9.6930757"/>
 <node id="11136331339" visible="true" version="1" changeset="140231915" timestamp="2023-08-22T14:16:32Z" user="TomJeffs" uid="6397757" lat="53.4485243" lon="9.6931091"/>
 <node id="11136331340" visible="true" version="1" changeset="140231915" timestamp="2023-08-22T14:16:32Z" user="TomJeffs" uid="6397757" lat="53.4485221" lon="9.6931499"/>
 <node id="11136331341" visible="true" version="1" changeset="140231915" timestamp="2023-08-22T14:16:32Z" user="TomJeffs" uid="6397757" lat="53.4485301" lon="9.6932203"/>
 <node id="11136331342" visible="true" version="1" changeset="140231915" timestamp="2023-08-22T14:16:32Z" user="TomJeffs" uid="6397757" lat="53.4485475" lon="9.6932954"/>
 <node id="11136331343" visible="true" version="1" changeset="140231915" timestamp="2023-08-22T14:16:32Z" user="TomJeffs" uid="6397757" lat="53.4485663" lon="9.6933677"/>
 <node id="11136331344" visible="true" version="1" changeset="140231915" timestamp="2023-08-22T14:16:32Z" user="TomJeffs" uid="6397757" lat="53.4485687" lon="9.6933839"/>
 <node id="11136331345" visible="true" version="1" changeset="140231915" timestamp="2023-08-22T14:16:32Z" user="TomJeffs" uid="6397757" lat="53.4485864" lon="9.6934414"/>
 <node id="11136331346" visible="true" version="1" changeset="140231915" timestamp="2023-08-22T14:16:32Z" user="TomJeffs" uid="6397757" lat="53.4480468" lon="9.6932541"/>
 <node id="11136331347" visible="true" version="1" changeset="140231915" timestamp="2023-08-22T14:16:32Z" user="TomJeffs" uid="6397757" lat="53.4479883" lon="9.6932486"/>
 <node id="11136331348" visible="true" version="1" changeset="140231915" timestamp="2023-08-22T14:16:32Z" user="TomJeffs" uid="6397757" lat="53.4479839" lon="9.6932467"/>
 <node id="11136331349" visible="true" version="1" changeset="140231915" timestamp="2023-08-22T14:16:32Z" user="TomJeffs" uid="6397757" lat="53.4479889" lon="9.6932379"/>
 <node id="11136331350" visible="true" version="1" changeset="140231915" timestamp="2023-08-22T14:16:32Z" user="TomJeffs" uid="6397757" lat="53.4480297" lon="9.6931981"/>
 <node id="11136331351" visible="true" version="1" changeset="140231915" timestamp="2023-08-22T14:16:32Z" user="TomJeffs" uid="6397757" lat="53.4480449" lon="9.6932115"/>
 <node id="11136331352" visible="true" version="1" changeset="140231915" timestamp="2023-08-22T14:16:32Z" user="TomJeffs" uid="6397757" lat="53.4480957" lon="9.6931374"/>
 <node id="11136331353" visible="true" version="1" changeset="140231915" timestamp="2023-08-22T14:16:32Z" user="TomJeffs" uid="6397757" lat="53.4483907" lon="9.6928493"/>
 <node id="11136331354" visible="true" version="1" changeset="140231915" timestamp="2023-08-22T14:16:32Z" user="TomJeffs" uid="6397757" lat="53.4484767" lon="9.6928803"/>
 <node id="11136331355" visible="true" version="1" changeset="140231915" timestamp="2023-08-22T14:16:32Z" user="TomJeffs" uid="6397757" lat="53.4484576" lon="9.6928994"/>
 <node id="11136331356" visible="true" version="1" changeset="140231915" timestamp="2023-08-22T14:16:32Z" user="TomJeffs" uid="6397757" lat="53.4484698" lon="9.6929340"/>
 <node id="11136331357" visible="true" version="1" changeset="140231915" timestamp="2023-08-22T14:16:32Z" user="TomJeffs" uid="6397757" lat="53.4484889" lon="9.6929149"/>
 <node id="11136331358" visible="true" version="1" changeset="140231915" timestamp="2023-08-22T14:16:32Z" user="TomJeffs" uid="6397757" lat="53.4486834" lon="9.6929841"/>
 <node id="11136331359" visible="true" version="1" changeset="140231915" timestamp="2023-08-22T14:16:32Z" user="TomJeffs" uid="6397757" lat="53.4486508" lon="9.6929482"/>
 <node id="11136331360" visible="true" version="1" changeset="140231915" timestamp="2023-08-22T14:16:32Z" user="TomJeffs" uid="6397757" lat="53.4486060" lon="9.6928523"/>
 <node id="11136331361" visible="true" version="1" changeset="140231915" timestamp="2023-08-22T14:16:32Z" user="TomJeffs" uid="6397757" lat="53.4485305" lon="9.6927160"/>
 <node id="11136331362" visible="true" version="1" changeset="140231915" timestamp="2023-08-22T14:16:32Z" user="TomJeffs" uid="6397757" lat="53.4487258" lon="9.6931089"/>
 <node id="11136331363" visible="true" version="1" changeset="140231915" timestamp="2023-08-22T14:16:32Z" user="TomJeffs" uid="6397757" lat="53.4487789" lon="9.6927907"/>
 <node id="11136331364" visible="true" version="1" changeset="140231915" timestamp="2023-08-22T14:16:32Z" user="TomJeffs" uid="6397757" lat="53.4488153" lon="9.6928866"/>
 <node id="11136331365" visible="true" version="1" changeset="140231915" timestamp="2023-08-22T14:16:32Z" user="TomJeffs" uid="6397757" lat="53.4487984" lon="9.6929164"/>
 <node id="11136331366" visible="true" version="1" changeset="140231915" timestamp="2023-08-22T14:16:32Z" user="TomJeffs" uid="6397757" lat="53.4486885" lon="9.6925482"/>
 <node id="11136331367" visible="true" version="1" changeset="140231915" timestamp="2023-08-22T14:16:32Z" user="TomJeffs" uid="6397757" lat="53.4487100" lon="9.6926544"/>
 <node id="11136331368" visible="true" version="1" changeset="140231915" timestamp="2023-08-22T14:16:32Z" user="TomJeffs" uid="6397757" lat="53.4486892" lon="9.6926686"/>
 <node id="11136331369" visible="true" version="1" changeset="140231915" timestamp="2023-08-22T14:16:32Z" user="TomJeffs" uid="6397757" lat="53.4487184" lon="9.6928221"/>
 <node id="11136331370" visible="true" version="1" changeset="140231915" timestamp="2023-08-22T14:16:32Z" user="TomJeffs" uid="6397757" lat="53.4487172" lon="9.6931032"/>
 <node id="11136331371" visible="true" version="1" changeset="140231915" timestamp="2023-08-22T14:16:32Z" user="TomJeffs" uid="6397757" lat="53.4486942" lon="9.6931060"/>
 <node id="11136331372" visible="true" version="1" changeset="140231915" timestamp="2023-08-22T14:16:32Z" user="TomJeffs" uid="6397757" lat="53.4487322" lon="9.6932219"/>
 <node id="11136331373" visible="true" version="1" changeset="140231915" timestamp="2023-08-22T14:16:32Z" user="TomJeffs" uid="6397757" lat="53.4487883" lon="9.6933708"/>
 <node id="11136331374" visible="true" version="1" changeset="140231915" timestamp="2023-08-22T14:16:32Z" user="TomJeffs" uid="6397757" lat="53.4488251" lon="9.6934425"/>
 <node id="11136331375" visible="true" version="1" changeset="140231915" timestamp="2023-08-22T14:16:32Z" user="TomJeffs" uid="6397757" lat="53.4488431" lon="9.6934692"/>
 <node id="11136331376" visible="true" version="1" changeset="140231915" timestamp="2023-08-22T14:16:32Z" user="TomJeffs" uid="6397757" lat="53.4488602" lon="9.6934811"/>
 <node id="11136331377" visible="true" version="1" changeset="140231915" timestamp="2023-08-22T14:16:32Z" user="TomJeffs" uid="6397757" lat="53.4488736" lon="9.6934853"/>
 <node id="11136331378" visible="true" version="1" changeset="140231915" timestamp="2023-08-22T14:16:32Z" user="TomJeffs" uid="6397757" lat="53.4488879" lon="9.6934811"/>
 <node id="11136331379" visible="true" version="1" changeset="140231915" timestamp="2023-08-22T14:16:32Z" user="TomJeffs" uid="6397757" lat="53.4489180" lon="9.6934537"/>
 <node id="11136331380" visible="true" version="1" changeset="140231915" timestamp="2023-08-22T14:16:32Z" user="TomJeffs" uid="6397757" lat="53.4490154" lon="9.6933259"/>
 <node id="11136331381" visible="true" version="1" changeset="140231915" timestamp="2023-08-22T14:16:32Z" user="TomJeffs" uid="6397757" lat="53.4490652" lon="9.6932500"/>
 <node id="11136331382" visible="true" version="1" changeset="140231915" timestamp="2023-08-22T14:16:32Z" user="TomJeffs" uid="6397757" lat="53.4491481" lon="9.6931011"/>
 <node id="11136331383" visible="true" version="1" changeset="140231915" timestamp="2023-08-22T14:16:32Z" user="TomJeffs" uid="6397757" lat="53.4492300" lon="9.6929290"/>
 <node id="11136331384" visible="true" version="1" changeset="140231915" timestamp="2023-08-22T14:16:32Z" user="TomJeffs" uid="6397757" lat="53.4493376" lon="9.6926838"/>
 <node id="11136331385" visible="true" version="1" changeset="140231915" timestamp="2023-08-22T14:16:32Z" user="TomJeffs" uid="6397757" lat="53.4494346" lon="9.6924190"/>
 <node id="11136331386" visible="true" version="1" changeset="140231915" timestamp="2023-08-22T14:16:32Z" user="TomJeffs" uid="6397757" lat="53.4494781" lon="9.6922757"/>
 <node id="11136331387" visible="true" version="1" changeset="140231915" timestamp="2023-08-22T14:16:32Z" user="TomJeffs" uid="6397757" lat="53.4495020" lon="9.6921591"/>
 <node id="11136331388" visible="true" version="1" changeset="140231915" timestamp="2023-08-22T14:16:32Z" user="TomJeffs" uid="6397757" lat="53.4495099" lon="9.6920650"/>
 <node id="11136331389" visible="true" version="1" changeset="140231915" timestamp="2023-08-22T14:16:32Z" user="TomJeffs" uid="6397757" lat="53.4495124" lon="9.6919905"/>
 <node id="11136331390" visible="true" version="1" changeset="140231915" timestamp="2023-08-22T14:16:32Z" user="TomJeffs" uid="6397757" lat="53.4495057" lon="9.6919140"/>
 <node id="11136331391" visible="true" version="1" changeset="140231915" timestamp="2023-08-22T14:16:32Z" user="TomJeffs" uid="6397757" lat="53.4494902" lon="9.6917868"/>
 <node id="11136331392" visible="true" version="1" changeset="140231915" timestamp="2023-08-22T14:16:32Z" user="TomJeffs" uid="6397757" lat="53.4494530" lon="9.6915487"/>
 <node id="11136331393" visible="true" version="1" changeset="140231915" timestamp="2023-08-22T14:16:32Z" user="TomJeffs" uid="6397757" lat="53.4494363" lon="9.6914335"/>
 <node id="11136331394" visible="true" version="1" changeset="140231915" timestamp="2023-08-22T14:16:32Z" user="TomJeffs" uid="6397757" lat="53.4491578" lon="9.6930472"/>
 <node id="11136331395" visible="true" version="1" changeset="140231915" timestamp="2023-08-22T14:16:32Z" user="TomJeffs" uid="6397757" lat="53.4491404" lon="9.6930260"/>
 <node id="11136331396" visible="true" version="1" changeset="140231915" timestamp="2023-08-22T14:16:32Z" user="TomJeffs" uid="6397757" lat="53.4491278" lon="9.6930553"/>
 <node id="11136331397" visible="true" version="1" changeset="140231915" timestamp="2023-08-22T14:16:32Z" user="TomJeffs" uid="6397757" lat="53.4491452" lon="9.6930765"/>
 <node id="11136331398" visible="true" version="1" changeset="140231915" timestamp="2023-08-22T14:16:32Z" user="TomJeffs" uid="6397757" lat="53.4494415" lon="9.6923739"/>
 <node id="11136331399" visible="true" version="1" changeset="140231915" timestamp="2023-08-22T14:16:32Z" user="TomJeffs" uid="6397757" lat="53.4494209" lon="9.6923566"/>
 <node id="11136331400" visible="true" version="1" changeset="140231915" timestamp="2023-08-22T14:16:32Z" user="TomJeffs" uid="6397757" lat="53.4494092" lon="9.6923959"/>
 <node id="11136331401" visible="true" version="1" changeset="140231915" timestamp="2023-08-22T14:16:32Z" user="TomJeffs" uid="6397757" lat="53.4494298" lon="9.6924132"/>
 <node id="11137056901" visible="true" version="1" changeset="140246360" timestamp="2023-08-22T20:43:24Z" user="TomJeffs" uid="6397757" lat="53.4463440" lon="9.6932576"/>
 <node id="11137056902" visible="true" version="1" changeset="140246360" timestamp="2023-08-22T20:43:24Z" user="TomJeffs" uid="6397757" lat="53.4463095" lon="9.6933600"/>
 <node id="11137164636" visible="true" version="1" changeset="140246316" timestamp="2023-08-22T20:41:24Z" user="TomJeffs" uid="6397757" lat="53.4487326" lon="9.6917995"/>
 <node id="11137164637" visible="true" version="1" changeset="140246316" timestamp="2023-08-22T20:41:24Z" user="TomJeffs" uid="6397757" lat="53.4487097" lon="9.6917578"/>
 <node id="11137164638" visible="true" version="1" changeset="140246316" timestamp="2023-08-22T20:41:24Z" user="TomJeffs" uid="6397757" lat="53.4486724" lon="9.6918154"/>
 <node id="11137164639" visible="true" version="1" changeset="140246316" timestamp="2023-08-22T20:41:24Z" user="TomJeffs" uid="6397757" lat="53.4486953" lon="9.6918572"/>
 <node id="11137164640" visible="true" version="1" changeset="140246316" timestamp="2023-08-22T20:41:24Z" user="TomJeffs" uid="6397757" lat="53.4486893" lon="9.6917607"/>
 <node id="11137164641" visible="true" version="1" changeset="140246316" timestamp="2023-08-22T20:41:24Z" user="TomJeffs" uid="6397757" lat="53.4486404" lon="9.6918235"/>
 <node id="11137164642" visible="true" version="1" changeset="140246316" timestamp="2023-08-22T20:41:24Z" user="TomJeffs" uid="6397757" lat="53.4485602" lon="9.6919045"/>
 <node id="11137164643" visible="true" version="1" changeset="140246316" timestamp="2023-08-22T20:41:24Z" user="TomJeffs" uid="6397757" lat="53.4485157" lon="9.6919821"/>
 <node id="11137164644" visible="true" version="1" changeset="140246316" timestamp="2023-08-22T20:41:24Z" user="TomJeffs" uid="6397757" lat="53.4484657" lon="9.6920358"/>
 <node id="11137164645" visible="true" version="1" changeset="140246316" timestamp="2023-08-22T20:41:24Z" user="TomJeffs" uid="6397757" lat="53.4482930" lon="9.6921887"/>
 <node id="11137164646" visible="true" version="1" changeset="140246316" timestamp="2023-08-22T20:41:24Z" user="TomJeffs" uid="6397757" lat="53.4483628" lon="9.6924135"/>
 <node id="11137164647" visible="true" version="1" changeset="140246316" timestamp="2023-08-22T20:41:24Z" user="TomJeffs" uid="6397757" lat="53.4483520" lon="9.6924437"/>
 <node id="11137164648" visible="true" version="1" changeset="140246316" timestamp="2023-08-22T20:41:24Z" user="TomJeffs" uid="6397757" lat="53.4483562" lon="9.6924775"/>
 <node id="11137164649" visible="true" version="1" changeset="140246316" timestamp="2023-08-22T20:41:24Z" user="TomJeffs" uid="6397757" lat="53.4484360" lon="9.6925108"/>
 <node id="11137164650" visible="true" version="1" changeset="140246316" timestamp="2023-08-22T20:41:24Z" user="TomJeffs" uid="6397757" lat="53.4485440" lon="9.6924061"/>
 <node id="11137164651" visible="true" version="1" changeset="140246316" timestamp="2023-08-22T20:41:24Z" user="TomJeffs" uid="6397757" lat="53.4485381" lon="9.6923910"/>
 <node id="11137164652" visible="true" version="1" changeset="140246316" timestamp="2023-08-22T20:41:24Z" user="TomJeffs" uid="6397757" lat="53.4484624" lon="9.6924577"/>
 <node id="11137164653" visible="true" version="1" changeset="140246316" timestamp="2023-08-22T20:41:24Z" user="TomJeffs" uid="6397757" lat="53.4484017" lon="9.6922034"/>
 <node id="11137164654" visible="true" version="1" changeset="140246316" timestamp="2023-08-22T20:41:24Z" user="TomJeffs" uid="6397757" lat="53.4485398" lon="9.6921086"/>
 <node id="11137164655" visible="true" version="1" changeset="140246316" timestamp="2023-08-22T20:41:24Z" user="TomJeffs" uid="6397757" lat="53.4485986" lon="9.6920683"/>
 <node id="11137164656" visible="true" version="1" changeset="140246316" timestamp="2023-08-22T20:41:24Z" user="TomJeffs" uid="6397757" lat="53.4473512" lon="9.6927641"/>
 <node id="11137164657" visible="true" version="1" changeset="140246316" timestamp="2023-08-22T20:41:24Z" user="TomJeffs" uid="6397757" lat="53.4473479" lon="9.6927539"/>
 <node id="11137164658" visible="true" version="1" changeset="140246316" timestamp="2023-08-22T20:41:24Z" user="TomJeffs" uid="6397757" lat="53.4473454" lon="9.6927404"/>
 <node id="11137164659" visible="true" version="1" changeset="140246316" timestamp="2023-08-22T20:41:24Z" user="TomJeffs" uid="6397757" lat="53.4473468" lon="9.6927274"/>
 <node id="11137164660" visible="true" version="1" changeset="140246316" timestamp="2023-08-22T20:41:24Z" user="TomJeffs" uid="6397757" lat="53.4473515" lon="9.6927121"/>
 <node id="11137164661" visible="true" version="1" changeset="140246316" timestamp="2023-08-22T20:41:24Z" user="TomJeffs" uid="6397757" lat="53.4473653" lon="9.6926945"/>
 <node id="11137164662" visible="true" version="1" changeset="140246316" timestamp="2023-08-22T20:41:24Z" user="TomJeffs" uid="6397757" lat="53.4474787" lon="9.6925796"/>
 <node id="11137164663" visible="true" version="1" changeset="140246316" timestamp="2023-08-22T20:41:24Z" user="TomJeffs" uid="6397757" lat="53.4476131" lon="9.6924600"/>
 <node id="11137164664" visible="true" version="1" changeset="140246316" timestamp="2023-08-22T20:41:24Z" user="TomJeffs" uid="6397757" lat="53.4479767" lon="9.6921771"/>
 <node id="11137164665" visible="true" version="1" changeset="140246316" timestamp="2023-08-22T20:41:24Z" user="TomJeffs" uid="6397757" lat="53.4480805" lon="9.6920626"/>
 <node id="11137164666" visible="true" version="1" changeset="140246316" timestamp="2023-08-22T20:41:24Z" user="TomJeffs" uid="6397757" lat="53.4483377" lon="9.6917788"/>
 <node id="11137164667" visible="true" version="1" changeset="140246316" timestamp="2023-08-22T20:41:24Z" user="TomJeffs" uid="6397757" lat="53.4484653" lon="9.6916208"/>
 <node id="11137164668" visible="true" version="1" changeset="140246316" timestamp="2023-08-22T20:41:24Z" user="TomJeffs" uid="6397757" lat="53.4485896" lon="9.6914311"/>
 <node id="11137164669" visible="true" version="1" changeset="140246316" timestamp="2023-08-22T20:41:24Z" user="TomJeffs" uid="6397757" lat="53.4487736" lon="9.6911438"/>
 <node id="11137164670" visible="true" version="1" changeset="140246316" timestamp="2023-08-22T20:41:24Z" user="TomJeffs" uid="6397757" lat="53.4495400" lon="9.6901583"/>
 <node id="11137164671" visible="true" version="1" changeset="140246316" timestamp="2023-08-22T20:41:24Z" user="TomJeffs" uid="6397757" lat="53.4496208" lon="9.6901400"/>
 <node id="11137164672" visible="true" version="1" changeset="140246316" timestamp="2023-08-22T20:41:24Z" user="TomJeffs" uid="6397757" lat="53.4496680" lon="9.6901604"/>
 <node id="11137164673" visible="true" version="1" changeset="140246316" timestamp="2023-08-22T20:41:24Z" user="TomJeffs" uid="6397757" lat="53.4497082" lon="9.6901899"/>
 <node id="11137164674" visible="true" version="1" changeset="140246316" timestamp="2023-08-22T20:41:24Z" user="TomJeffs" uid="6397757" lat="53.4497584" lon="9.6902861"/>
 <node id="11137164675" visible="true" version="1" changeset="140246316" timestamp="2023-08-22T20:41:24Z" user="TomJeffs" uid="6397757" lat="53.4497697" lon="9.6903367"/>
 <node id="11137164676" visible="true" version="1" changeset="140246316" timestamp="2023-08-22T20:41:24Z" user="TomJeffs" uid="6397757" lat="53.4497697" lon="9.6903775"/>
 <node id="11137164677" visible="true" version="1" changeset="140246316" timestamp="2023-08-22T20:41:24Z" user="TomJeffs" uid="6397757" lat="53.4497588" lon="9.6904252"/>
 <node id="11137164678" visible="true" version="1" changeset="140246316" timestamp="2023-08-22T20:41:24Z" user="TomJeffs" uid="6397757" lat="53.4497308" lon="9.6905046"/>
 <node id="11137164679" visible="true" version="1" changeset="140246316" timestamp="2023-08-22T20:41:24Z" user="TomJeffs" uid="6397757" lat="53.4486429" lon="9.6916235"/>
 <node id="11137164680" visible="true" version="1" changeset="140246316" timestamp="2023-08-22T20:41:24Z" user="TomJeffs" uid="6397757" lat="53.4485043" lon="9.6917922"/>
 <node id="11137164681" visible="true" version="1" changeset="140246316" timestamp="2023-08-22T20:41:24Z" user="TomJeffs" uid="6397757" lat="53.4483230" lon="9.6920073"/>
 <node id="11137164682" visible="true" version="1" changeset="140246316" timestamp="2023-08-22T20:41:24Z" user="TomJeffs" uid="6397757" lat="53.4479457" lon="9.6924492"/>
 <node id="11137164683" visible="true" version="1" changeset="140246316" timestamp="2023-08-22T20:41:24Z" user="TomJeffs" uid="6397757" lat="53.4477840" lon="9.6926046"/>
 <node id="11137164684" visible="true" version="1" changeset="140246316" timestamp="2023-08-22T20:41:24Z" user="TomJeffs" uid="6397757" lat="53.4476153" lon="9.6927537"/>
 <node id="11137164685" visible="true" version="1" changeset="140246316" timestamp="2023-08-22T20:41:24Z" user="TomJeffs" uid="6397757" lat="53.4475373" lon="9.6928005"/>
 <node id="11137164686" visible="true" version="1" changeset="140246316" timestamp="2023-08-22T20:41:24Z" user="TomJeffs" uid="6397757" lat="53.4474207" lon="9.6928293"/>
 <node id="11137164687" visible="true" version="1" changeset="140246316" timestamp="2023-08-22T20:41:24Z" user="TomJeffs" uid="6397757" lat="53.4473807" lon="9.6928016"/>
 <node id="11137164688" visible="true" version="1" changeset="140246316" timestamp="2023-08-22T20:41:24Z" user="TomJeffs" uid="6397757" lat="53.4484621" lon="9.6917067"/>
 <node id="11137164689" visible="true" version="1" changeset="140246316" timestamp="2023-08-22T20:41:24Z" user="TomJeffs" uid="6397757" lat="53.4484233" lon="9.6917500"/>
 <node id="11137164690" visible="true" version="1" changeset="140246316" timestamp="2023-08-22T20:41:24Z" user="TomJeffs" uid="6397757" lat="53.4483380" lon="9.6918721"/>
 <node id="11137164691" visible="true" version="1" changeset="140246316" timestamp="2023-08-22T20:41:24Z" user="TomJeffs" uid="6397757" lat="53.4482473" lon="9.6919686"/>
 <node id="11137164692" visible="true" version="1" changeset="140246316" timestamp="2023-08-22T20:41:24Z" user="TomJeffs" uid="6397757" lat="53.4482127" lon="9.6920057"/>
 <node id="11137164693" visible="true" version="1" changeset="140246316" timestamp="2023-08-22T20:41:24Z" user="TomJeffs" uid="6397757" lat="53.4481773" lon="9.6920416"/>
 <node id="11137164694" visible="true" version="1" changeset="140246316" timestamp="2023-08-22T20:41:24Z" user="TomJeffs" uid="6397757" lat="53.4480567" lon="9.6921654"/>
 <node id="11137164695" visible="true" version="1" changeset="140246316" timestamp="2023-08-22T20:41:24Z" user="TomJeffs" uid="6397757" lat="53.4479826" lon="9.6922539"/>
 <node id="11137164696" visible="true" version="1" changeset="140246316" timestamp="2023-08-22T20:41:24Z" user="TomJeffs" uid="6397757" lat="53.4479670" lon="9.6922596"/>
 <node id="11137164697" visible="true" version="1" changeset="140246316" timestamp="2023-08-22T20:41:24Z" user="TomJeffs" uid="6397757" lat="53.4478630" lon="9.6923606"/>
 <node id="11137164698" visible="true" version="1" changeset="140246316" timestamp="2023-08-22T20:41:24Z" user="TomJeffs" uid="6397757" lat="53.4476156" lon="9.6925129"/>
 <node id="11137164699" visible="true" version="1" changeset="140246316" timestamp="2023-08-22T20:41:24Z" user="TomJeffs" uid="6397757" lat="53.4475616" lon="9.6925557"/>
 <node id="11137164700" visible="true" version="1" changeset="140246316" timestamp="2023-08-22T20:41:24Z" user="TomJeffs" uid="6397757" lat="53.4474264" lon="9.6926784"/>
 <node id="11137164701" visible="true" version="1" changeset="140246316" timestamp="2023-08-22T20:41:24Z" user="TomJeffs" uid="6397757" lat="53.4479812" lon="9.6925347"/>
 <node id="11137164702" visible="true" version="1" changeset="140246316" timestamp="2023-08-22T20:41:24Z" user="TomJeffs" uid="6397757" lat="53.4478659" lon="9.6926515"/>
 <node id="11137164703" visible="true" version="1" changeset="140246316" timestamp="2023-08-22T20:41:24Z" user="TomJeffs" uid="6397757" lat="53.4476820" lon="9.6928331"/>
 <node id="11137164704" visible="true" version="1" changeset="140246316" timestamp="2023-08-22T20:41:24Z" user="TomJeffs" uid="6397757" lat="53.4475883" lon="9.6929282"/>
 <node id="11137220405" visible="true" version="1" changeset="140246316" timestamp="2023-08-22T20:41:24Z" user="TomJeffs" uid="6397757" lat="53.4475651" lon="9.6929991"/>
 <node id="11137220406" visible="true" version="1" changeset="140246316" timestamp="2023-08-22T20:41:24Z" user="TomJeffs" uid="6397757" lat="53.4474822" lon="9.6931609"/>
 <node id="11137220407" visible="true" version="1" changeset="140246316" timestamp="2023-08-22T20:41:24Z" user="TomJeffs" uid="6397757" lat="53.4473998" lon="9.6932231"/>
 <node id="11137220408" visible="true" version="1" changeset="140246316" timestamp="2023-08-22T20:41:24Z" user="TomJeffs" uid="6397757" lat="53.4473297" lon="9.6932543"/>
 <node id="11137220409" visible="true" version="1" changeset="140246316" timestamp="2023-08-22T20:41:24Z" user="TomJeffs" uid="6397757" lat="53.4470470" lon="9.6932577"/>
 <node id="11137220410" visible="true" version="1" changeset="140246316" timestamp="2023-08-22T20:41:24Z" user="TomJeffs" uid="6397757" lat="53.4470227" lon="9.6932448"/>
 <node id="11137220411" visible="true" version="1" changeset="140246316" timestamp="2023-08-22T20:41:24Z" user="TomJeffs" uid="6397757" lat="53.4470088" lon="9.6932197"/>
 <node id="11137220412" visible="true" version="1" changeset="140246316" timestamp="2023-08-22T20:41:24Z" user="TomJeffs" uid="6397757" lat="53.4469980" lon="9.6931730"/>
 <node id="11137220413" visible="true" version="1" changeset="140246316" timestamp="2023-08-22T20:41:24Z" user="TomJeffs" uid="6397757" lat="53.4470037" lon="9.6931349"/>
 <node id="11137220414" visible="true" version="1" changeset="140246316" timestamp="2023-08-22T20:41:24Z" user="TomJeffs" uid="6397757" lat="53.4470217" lon="9.6930874"/>
 <node id="11137220415" visible="true" version="1" changeset="140246316" timestamp="2023-08-22T20:41:24Z" user="TomJeffs" uid="6397757" lat="53.4472576" lon="9.6928608"/>
 <node id="11137220416" visible="true" version="1" changeset="140246316" timestamp="2023-08-22T20:41:24Z" user="TomJeffs" uid="6397757" lat="53.4477963" lon="9.6935025"/>
 <node id="11137220417" visible="true" version="1" changeset="140246316" timestamp="2023-08-22T20:41:24Z" user="TomJeffs" uid="6397757" lat="53.4477397" lon="9.6935129"/>
 <node id="11137220418" visible="true" version="1" changeset="140246316" timestamp="2023-08-22T20:41:24Z" user="TomJeffs" uid="6397757" lat="53.4476253" lon="9.6935268"/>
 <node id="11137220419" visible="true" version="1" changeset="140246316" timestamp="2023-08-22T20:41:24Z" user="TomJeffs" uid="6397757" lat="53.4474811" lon="9.6935276"/>
 <node id="11137220420" visible="true" version="1" changeset="140246316" timestamp="2023-08-22T20:41:24Z" user="TomJeffs" uid="6397757" lat="53.4473724" lon="9.6935345"/>
 <node id="11137220421" visible="true" version="1" changeset="140246316" timestamp="2023-08-22T20:41:24Z" user="TomJeffs" uid="6397757" lat="53.4472766" lon="9.6935397"/>
 <node id="11137220422" visible="true" version="1" changeset="140246316" timestamp="2023-08-22T20:41:24Z" user="TomJeffs" uid="6397757" lat="53.4471731" lon="9.6935276"/>
 <node id="11137220423" visible="true" version="1" changeset="140246316" timestamp="2023-08-22T20:41:24Z" user="TomJeffs" uid="6397757" lat="53.4470567" lon="9.6935328"/>
 <node id="11137220424" visible="true" version="1" changeset="140246316" timestamp="2023-08-22T20:41:24Z" user="TomJeffs" uid="6397757" lat="53.4469583" lon="9.6935017"/>
 <node id="11137220425" visible="true" version="1" changeset="140246316" timestamp="2023-08-22T20:41:24Z" user="TomJeffs" uid="6397757" lat="53.4467688" lon="9.6934610"/>
 <node id="11137220426" visible="true" version="1" changeset="140246316" timestamp="2023-08-22T20:41:24Z" user="TomJeffs" uid="6397757" lat="53.4467389" lon="9.6933858"/>
 <node id="11137220427" visible="true" version="1" changeset="140246316" timestamp="2023-08-22T20:41:24Z" user="TomJeffs" uid="6397757" lat="53.4467214" lon="9.6932985"/>
 <node id="11137220428" visible="true" version="1" changeset="140246316" timestamp="2023-08-22T20:41:24Z" user="TomJeffs" uid="6397757" lat="53.4467224" lon="9.6932085"/>
 <node id="11137220429" visible="true" version="1" changeset="140246316" timestamp="2023-08-22T20:41:24Z" user="TomJeffs" uid="6397757" lat="53.4467348" lon="9.6931324"/>
 <node id="11137220430" visible="true" version="1" changeset="140246316" timestamp="2023-08-22T20:41:24Z" user="TomJeffs" uid="6397757" lat="53.4468002" lon="9.6929517"/>
 <node id="11137220431" visible="true" version="1" changeset="140246316" timestamp="2023-08-22T20:41:24Z" user="TomJeffs" uid="6397757" lat="53.4468641" lon="9.6928695"/>
 <node id="11137220432" visible="true" version="1" changeset="140246316" timestamp="2023-08-22T20:41:24Z" user="TomJeffs" uid="6397757" lat="53.4470155" lon="9.6927277"/>
 <node id="11137220433" visible="true" version="1" changeset="140246316" timestamp="2023-08-22T20:41:24Z" user="TomJeffs" uid="6397757" lat="53.4483461" lon="9.6933284"/>
 <node id="11137220434" visible="true" version="1" changeset="140246316" timestamp="2023-08-22T20:41:24Z" user="TomJeffs" uid="6397757" lat="53.4483155" lon="9.6934077"/>
 <node id="11137220435" visible="true" version="1" changeset="140246316" timestamp="2023-08-22T20:41:24Z" user="TomJeffs" uid="6397757" lat="53.4482761" lon="9.6934510"/>
 <node id="11137220436" visible="true" version="1" changeset="140246316" timestamp="2023-08-22T20:41:24Z" user="TomJeffs" uid="6397757" lat="53.4482373" lon="9.6934681"/>
 <node id="11137220437" visible="true" version="1" changeset="140246316" timestamp="2023-08-22T20:41:24Z" user="TomJeffs" uid="6397757" lat="53.4482061" lon="9.6934681"/>
 <node id="11137220438" visible="true" version="1" changeset="140246316" timestamp="2023-08-22T20:41:24Z" user="TomJeffs" uid="6397757" lat="53.4481344" lon="9.6934413"/>
 <node id="11137220439" visible="true" version="1" changeset="140246316" timestamp="2023-08-22T20:41:24Z" user="TomJeffs" uid="6397757" lat="53.4481004" lon="9.6934333"/>
 <node id="11137220440" visible="true" version="1" changeset="140246316" timestamp="2023-08-22T20:41:24Z" user="TomJeffs" uid="6397757" lat="53.4480467" lon="9.6934077"/>
 <node id="11137220441" visible="true" version="1" changeset="140246316" timestamp="2023-08-22T20:41:24Z" user="TomJeffs" uid="6397757" lat="53.4480121" lon="9.6934002"/>
 <node id="11137220442" visible="true" version="1" changeset="140246316" timestamp="2023-08-22T20:41:24Z" user="TomJeffs" uid="6397757" lat="53.4479675" lon="9.6933968"/>
 <node id="11137220443" visible="true" version="1" changeset="140246316" timestamp="2023-08-22T20:41:24Z" user="TomJeffs" uid="6397757" lat="53.4478693" lon="9.6934214"/>
 <node id="11137220444" visible="true" version="1" changeset="140246316" timestamp="2023-08-22T20:41:24Z" user="TomJeffs" uid="6397757" lat="53.4478245" lon="9.6934333"/>
 <node id="11137220445" visible="true" version="1" changeset="140246316" timestamp="2023-08-22T20:41:24Z" user="TomJeffs" uid="6397757" lat="53.4478490" lon="9.6934607"/>
 <node id="11137220446" visible="true" version="1" changeset="140246316" timestamp="2023-08-22T20:41:24Z" user="TomJeffs" uid="6397757" lat="53.4479578" lon="9.6935289"/>
 <node id="11137220447" visible="true" version="1" changeset="140246316" timestamp="2023-08-22T20:41:24Z" user="TomJeffs" uid="6397757" lat="53.4497535" lon="9.6897890"/>
 <node id="11137220448" visible="true" version="1" changeset="140246316" timestamp="2023-08-22T20:41:24Z" user="TomJeffs" uid="6397757" lat="53.4496919" lon="9.6898159"/>
 <node id="11137220449" visible="true" version="1" changeset="140246316" timestamp="2023-08-22T20:41:24Z" user="TomJeffs" uid="6397757" lat="53.4497710" lon="9.6898420"/>
 <node id="11137220450" visible="true" version="1" changeset="140246316" timestamp="2023-08-22T20:41:24Z" user="TomJeffs" uid="6397757" lat="53.4498570" lon="9.6900046"/>
 <node id="11137220451" visible="true" version="1" changeset="140246316" timestamp="2023-08-22T20:41:24Z" user="TomJeffs" uid="6397757" lat="53.4498845" lon="9.6900868"/>
 <node id="11137220452" visible="true" version="1" changeset="140246316" timestamp="2023-08-22T20:41:24Z" user="TomJeffs" uid="6397757" lat="53.4498995" lon="9.6901695"/>
 <node id="11137220453" visible="true" version="1" changeset="140246316" timestamp="2023-08-22T20:41:24Z" user="TomJeffs" uid="6397757" lat="53.4499015" lon="9.6902694"/>
 <node id="11137220454" visible="true" version="1" changeset="140246316" timestamp="2023-08-22T20:41:24Z" user="TomJeffs" uid="6397757" lat="53.4498995" lon="9.6903915"/>
 <node id="11137220455" visible="true" version="1" changeset="140246316" timestamp="2023-08-22T20:41:24Z" user="TomJeffs" uid="6397757" lat="53.4498818" lon="9.6905136"/>
 <node id="11137220456" visible="true" version="1" changeset="140246316" timestamp="2023-08-22T20:41:24Z" user="TomJeffs" uid="6397757" lat="53.4498543" lon="9.6906066"/>
 <node id="11137220457" visible="true" version="1" changeset="140246316" timestamp="2023-08-22T20:41:24Z" user="TomJeffs" uid="6397757" lat="53.4498251" lon="9.6906899"/>
 <node id="11137220458" visible="true" version="1" changeset="140246316" timestamp="2023-08-22T20:41:24Z" user="TomJeffs" uid="6397757" lat="53.4496959" lon="9.6909386"/>
 <node id="11137220459" visible="true" version="1" changeset="140246316" timestamp="2023-08-22T20:41:24Z" user="TomJeffs" uid="6397757" lat="53.4496684" lon="9.6909398"/>
 <node id="11137220460" visible="true" version="1" changeset="140246316" timestamp="2023-08-22T20:41:24Z" user="TomJeffs" uid="6397757" lat="53.4496490" lon="9.6909478"/>
 <node id="11137220461" visible="true" version="1" changeset="140246316" timestamp="2023-08-22T20:41:24Z" user="TomJeffs" uid="6397757" lat="53.4495988" lon="9.6910562"/>
 <node id="11137220462" visible="true" version="1" changeset="140246316" timestamp="2023-08-22T20:41:24Z" user="TomJeffs" uid="6397757" lat="53.4495743" lon="9.6911286"/>
 <node id="11137220463" visible="true" version="1" changeset="140246316" timestamp="2023-08-22T20:41:24Z" user="TomJeffs" uid="6397757" lat="53.4495539" lon="9.6912433"/>
 <node id="11137220464" visible="true" version="1" changeset="140246316" timestamp="2023-08-22T20:41:24Z" user="TomJeffs" uid="6397757" lat="53.4495498" lon="9.6913301"/>
 <node id="11137220465" visible="true" version="1" changeset="140246316" timestamp="2023-08-22T20:41:24Z" user="TomJeffs" uid="6397757" lat="53.4495502" lon="9.6913786"/>
 <node id="11137220466" visible="true" version="1" changeset="140246316" timestamp="2023-08-22T20:41:24Z" user="TomJeffs" uid="6397757" lat="53.4495556" lon="9.6914236"/>
 <node id="11137220467" visible="true" version="1" changeset="140246316" timestamp="2023-08-22T20:41:24Z" user="TomJeffs" uid="6397757" lat="53.4495661" lon="9.6914225"/>
 <node id="11137220468" visible="true" version="1" changeset="140246316" timestamp="2023-08-22T20:41:24Z" user="TomJeffs" uid="6397757" lat="53.4496015" lon="9.6919520"/>
 <node id="11137220469" visible="true" version="1" changeset="140246316" timestamp="2023-08-22T20:41:24Z" user="TomJeffs" uid="6397757" lat="53.4496035" lon="9.6920621"/>
 <node id="11137220470" visible="true" version="1" changeset="140246316" timestamp="2023-08-22T20:41:24Z" user="TomJeffs" uid="6397757" lat="53.4495964" lon="9.6921619"/>
 <node id="11137220471" visible="true" version="1" changeset="140246316" timestamp="2023-08-22T20:41:24Z" user="TomJeffs" uid="6397757" lat="53.4495804" lon="9.6922692"/>
 <node id="11137220472" visible="true" version="1" changeset="140246316" timestamp="2023-08-22T20:41:24Z" user="TomJeffs" uid="6397757" lat="53.4495644" lon="9.6923594"/>
 <node id="11137220473" visible="true" version="1" changeset="140246316" timestamp="2023-08-22T20:41:24Z" user="TomJeffs" uid="6397757" lat="53.4495301" lon="9.6924757"/>
 <node id="11137220474" visible="true" version="1" changeset="140246316" timestamp="2023-08-22T20:41:24Z" user="TomJeffs" uid="6397757" lat="53.4494476" lon="9.6927051"/>
 <node id="11137220475" visible="true" version="1" changeset="140246316" timestamp="2023-08-22T20:41:24Z" user="TomJeffs" uid="6397757" lat="53.4493755" lon="9.6928780"/>
 <node id="11137220476" visible="true" version="1" changeset="140246316" timestamp="2023-08-22T20:41:24Z" user="TomJeffs" uid="6397757" lat="53.4492811" lon="9.6930840"/>
 <node id="11137220477" visible="true" version="1" changeset="140246316" timestamp="2023-08-22T20:41:24Z" user="TomJeffs" uid="6397757" lat="53.4492036" lon="9.6932375"/>
 <node id="11137220478" visible="true" version="1" changeset="140246316" timestamp="2023-08-22T20:41:24Z" user="TomJeffs" uid="6397757" lat="53.4491210" lon="9.6933744"/>
 <node id="11137220479" visible="true" version="1" changeset="140246316" timestamp="2023-08-22T20:41:24Z" user="TomJeffs" uid="6397757" lat="53.4490429" lon="9.6935068"/>
 <node id="11137220480" visible="true" version="1" changeset="140246316" timestamp="2023-08-22T20:41:24Z" user="TomJeffs" uid="6397757" lat="53.4489994" lon="9.6935724"/>
 <node id="11137220481" visible="true" version="1" changeset="140246316" timestamp="2023-08-22T20:41:24Z" user="TomJeffs" uid="6397757" lat="53.4489368" lon="9.6936408"/>
 <node id="11137220482" visible="true" version="1" changeset="140246316" timestamp="2023-08-22T20:41:24Z" user="TomJeffs" uid="6397757" lat="53.4488876" lon="9.6936888"/>
 <node id="11137220483" visible="true" version="1" changeset="140246316" timestamp="2023-08-22T20:41:24Z" user="TomJeffs" uid="6397757" lat="53.4488815" lon="9.6936968"/>
 <node id="11137220484" visible="true" version="1" changeset="140246316" timestamp="2023-08-22T20:41:24Z" user="TomJeffs" uid="6397757" lat="53.4488356" lon="9.6937093"/>
 <node id="11137220485" visible="true" version="1" changeset="140246316" timestamp="2023-08-22T20:41:24Z" user="TomJeffs" uid="6397757" lat="53.4487483" lon="9.6937270"/>
 <node id="11137220486" visible="true" version="1" changeset="140246316" timestamp="2023-08-22T20:41:24Z" user="TomJeffs" uid="6397757" lat="53.4487235" lon="9.6937213"/>
 <node id="11137220487" visible="true" version="1" changeset="140246316" timestamp="2023-08-22T20:41:24Z" user="TomJeffs" uid="6397757" lat="53.4486885" lon="9.6936705"/>
 <node id="11137220488" visible="true" version="1" changeset="140246316" timestamp="2023-08-22T20:41:24Z" user="TomJeffs" uid="6397757" lat="53.4486514" lon="9.6936420"/>
 <node id="11137220489" visible="true" version="1" changeset="140246316" timestamp="2023-08-22T20:41:24Z" user="TomJeffs" uid="6397757" lat="53.4485916" lon="9.6936192"/>
 <node id="11137220490" visible="true" version="1" changeset="140246316" timestamp="2023-08-22T20:41:24Z" user="TomJeffs" uid="6397757" lat="53.4485423" lon="9.6936117"/>
 <node id="11137220491" visible="true" version="1" changeset="140246316" timestamp="2023-08-22T20:41:24Z" user="TomJeffs" uid="6397757" lat="53.4484927" lon="9.6935769"/>
 <node id="11137220492" visible="true" version="1" changeset="140246316" timestamp="2023-08-22T20:41:24Z" user="TomJeffs" uid="6397757" lat="53.4501622" lon="9.6894043"/>
 <node id="11137220493" visible="true" version="1" changeset="140246316" timestamp="2023-08-22T20:41:24Z" user="TomJeffs" uid="6397757" lat="53.4502404" lon="9.6893593"/>
 <node id="11137220494" visible="true" version="1" changeset="140246316" timestamp="2023-08-22T20:41:24Z" user="TomJeffs" uid="6397757" lat="53.4502934" lon="9.6890871"/>
 <node id="11137220495" visible="true" version="1" changeset="140246316" timestamp="2023-08-22T20:41:24Z" user="TomJeffs" uid="6397757" lat="53.4501327" lon="9.6891664"/>
 <node id="11137220496" visible="true" version="1" changeset="140246316" timestamp="2023-08-22T20:41:24Z" user="TomJeffs" uid="6397757" lat="53.4501986" lon="9.6892396"/>
 <node id="11137220497" visible="true" version="1" changeset="140246316" timestamp="2023-08-22T20:41:24Z" user="TomJeffs" uid="6397757" lat="53.4501623" lon="9.6892563"/>
 <node id="11137220498" visible="true" version="1" changeset="140246316" timestamp="2023-08-22T20:41:24Z" user="TomJeffs" uid="6397757" lat="53.4501711" lon="9.6893107"/>
 <node id="11137220499" visible="true" version="1" changeset="140246316" timestamp="2023-08-22T20:41:24Z" user="TomJeffs" uid="6397757" lat="53.4502075" lon="9.6892940"/>
 <node id="11137220500" visible="true" version="1" changeset="140246316" timestamp="2023-08-22T20:41:24Z" user="TomJeffs" uid="6397757" lat="53.4480010" lon="9.6933416"/>
 <node id="11137220501" visible="true" version="1" changeset="140246316" timestamp="2023-08-22T20:41:24Z" user="TomJeffs" uid="6397757" lat="53.4480137" lon="9.6930503"/>
 <node id="11137220502" visible="true" version="1" changeset="140246316" timestamp="2023-08-22T20:41:24Z" user="TomJeffs" uid="6397757" lat="53.4469889" lon="9.6934076"/>
 <node id="11237784796" visible="true" version="1" changeset="142133257" timestamp="2023-10-04T08:38:28Z" user="Sunsurfer89" uid="11997267" lat="53.4408748" lon="9.6922922"/>
 <node id="11421537415" visible="true" version="1" changeset="145167674" timestamp="2023-12-15T21:50:25Z" user="m-h-a" uid="20037451" lat="53.4304934" lon="9.6662007">
  <tag k="ford" v="yes"/>
 </node>
 <node id="11685964916" visible="true" version="1" changeset="148149766" timestamp="2024-03-02T23:22:46Z" user="Funki-Bux" uid="15130873" lat="53.4490590" lon="9.6966132"/>
 <node id="11685964917" visible="true" version="1" changeset="148149766" timestamp="2024-03-02T23:22:46Z" user="Funki-Bux" uid="15130873" lat="53.4490205" lon="9.6963868"/>
 <node id="11685964918" visible="true" version="1" changeset="148149766" timestamp="2024-03-02T23:22:46Z" user="Funki-Bux" uid="15130873" lat="53.4488134" lon="9.6964959"/>
 <node id="11685964919" visible="true" version="1" changeset="148149766" timestamp="2024-03-02T23:22:46Z" user="Funki-Bux" uid="15130873" lat="53.4488375" lon="9.6966860"/>
 <node id="11688697708" visible="true" version="1" changeset="148184223" timestamp="2024-03-03T22:41:27Z" user="Funki-Bux" uid="15130873" lat="53.4534136" lon="9.7038885"/>
 <node id="11688697709" visible="true" version="1" changeset="148184223" timestamp="2024-03-03T22:41:27Z" user="Funki-Bux" uid="15130873" lat="53.4533502" lon="9.7038672"/>
 <node id="11688697710" visible="true" version="1" changeset="148184223" timestamp="2024-03-03T22:41:27Z" user="Funki-Bux" uid="15130873" lat="53.4533650" lon="9.7037427"/>
 <node id="11688697711" visible="true" version="1" changeset="148184223" timestamp="2024-03-03T22:41:27Z" user="Funki-Bux" uid="15130873" lat="53.4534285" lon="9.7037640"/>
 <node id="11688697724" visible="true" version="1" changeset="148184223" timestamp="2024-03-03T22:41:27Z" user="Funki-Bux" uid="15130873" lat="53.4536668" lon="9.6980339"/>
 <node id="11688697725" visible="true" version="1" changeset="148184223" timestamp="2024-03-03T22:41:27Z" user="Funki-Bux" uid="15130873" lat="53.4535615" lon="9.6986244"/>
 <node id="11688697726" visible="true" version="1" changeset="148184223" timestamp="2024-03-03T22:41:27Z" user="Funki-Bux" uid="15130873" lat="53.4533792" lon="9.6985328"/>
 <node id="11688697727" visible="true" version="1" changeset="148184223" timestamp="2024-03-03T22:41:27Z" user="Funki-Bux" uid="15130873" lat="53.4534845" lon="9.6979422"/>
 <node id="12244971446" visible="true" version="1" changeset="157774066" timestamp="2024-10-11T21:30:19Z" user="BikeTschorsch" uid="6441004" lat="53.4547758" lon="9.6833512"/>
 <node id="12244971447" visible="true" version="1" changeset="157774066" timestamp="2024-10-11T21:30:19Z" user="BikeTschorsch" uid="6441004" lat="53.4541701" lon="9.6821424"/>
 <node id="12244971448" visible="true" version="1" changeset="157774066" timestamp="2024-10-11T21:30:19Z" user="BikeTschorsch" uid="6441004" lat="53.4543659" lon="9.6829828"/>
 <node id="12244971449" visible="true" version="1" changeset="157774066" timestamp="2024-10-11T21:30:19Z" user="BikeTschorsch" uid="6441004" lat="53.4541929" lon="9.6826753"/>
 <node id="12244971459" visible="true" version="1" changeset="157774066" timestamp="2024-10-11T21:30:19Z" user="BikeTschorsch" uid="6441004" lat="53.4401548" lon="9.6860439"/>
 <node id="12244971460" visible="true" version="1" changeset="157774066" timestamp="2024-10-11T21:30:19Z" user="BikeTschorsch" uid="6441004" lat="53.4406719" lon="9.6856626"/>
 <node id="12244971461" visible="true" version="1" changeset="157774066" timestamp="2024-10-11T21:30:19Z" user="BikeTschorsch" uid="6441004" lat="53.4412301" lon="9.6855215"/>
 <node id="12438967100" visible="true" version="1" changeset="160478139" timestamp="2024-12-21T17:42:37Z" user="TFI71" uid="20017505" lat="53.4581629" lon="9.6896580"/>
 <node id="12554230850" visible="true" version="1" changeset="162093829" timestamp="2025-02-03T16:31:36Z" user="TimonBd" uid="19384887" lat="53.4390346" lon="9.6771563"/>
 <node id="13037601445" visible="true" version="1" changeset="169728716" timestamp="2025-07-30T16:03:40Z" user="OnlineAkio" uid="3496275" lat="53.4428570" lon="9.6929549">
  <tag k="man_made" v="tower"/>
  <tag k="tower:type" v="communication"/>
 </node>
 <node id="13593678564" visible="true" version="1" changeset="178959821" timestamp="2026-02-23T20:03:34Z" user="Ropino" uid="42123" lat="53.4555029" lon="9.6848273"/>
 <node id="13593678565" visible="true" version="1" changeset="178959821" timestamp="2026-02-23T20:03:34Z" user="Ropino" uid="42123" lat="53.4553300" lon="9.6846331"/>
 <node id="13593678566" visible="true" version="1" changeset="178959821" timestamp="2026-02-23T20:03:34Z" user="Ropino" uid="42123" lat="53.4550713" lon="9.6844018"/>
 <node id="13593678567" visible="true" version="1" changeset="178959821" timestamp="2026-02-23T20:03:34Z" user="Ropino" uid="42123" lat="53.4548802" lon="9.6843006"/>
 <node id="13593678568" visible="true" version="1" changeset="178959821" timestamp="2026-02-23T20:03:34Z" user="Ropino" uid="42123" lat="53.4547421" lon="9.6842195"/>
 <node id="13593678569" visible="true" version="1" changeset="178959821" timestamp="2026-02-23T20:03:34Z" user="Ropino" uid="42123" lat="53.4546405" lon="9.6841442"/>
 <node id="13593678570" visible="true" version="1" changeset="178959821" timestamp="2026-02-23T20:03:34Z" user="Ropino" uid="42123" lat="53.4546055" lon="9.6841114"/>
 <node id="13593678571" visible="true" version="1" changeset="178959821" timestamp="2026-02-23T20:03:34Z" user="Ropino" uid="42123" lat="53.4545349" lon="9.6839667"/>
 <node id="13593678572" visible="true" version="1" changeset="178959821" timestamp="2026-02-23T20:03:34Z" user="Ropino" uid="42123" lat="53.4544238" lon="9.6838011"/>
 <node id="13593678573" visible="true" version="1" changeset="178959821" timestamp="2026-02-23T20:03:34Z" user="Ropino" uid="42123" lat="53.4543746" lon="9.6836350"/>
 <node id="13593678574" visible="true" version="1" changeset="178959821" timestamp="2026-02-23T20:03:34Z" user="Ropino" uid="42123" lat="53.4543786" lon="9.6836070"/>
 <node id="13593678575" visible="true" version="1" changeset="178959821" timestamp="2026-02-23T20:03:34Z" user="Ropino" uid="42123" lat="53.4544902" lon="9.6832811"/>
 <node id="13593678576" visible="true" version="1" changeset="178959821" timestamp="2026-02-23T20:03:34Z" user="Ropino" uid="42123" lat="53.4544380" lon="9.6830461"/>
 <node id="13593678577" visible="true" version="1" changeset="178959821" timestamp="2026-02-23T20:03:34Z" user="Ropino" uid="42123" lat="53.4544176" lon="9.6830089"/>
 <node id="13593678578" visible="true" version="1" changeset="178959821" timestamp="2026-02-23T20:03:34Z" user="Ropino" uid="42123" lat="53.4543918" lon="9.6829638"/>
 <node id="13593678579" visible="true" version="1" changeset="178959821" timestamp="2026-02-23T20:03:34Z" user="Ropino" uid="42123" lat="53.4542835" lon="9.6828244"/>
 <node id="13593678580" visible="true" version="1" changeset="178959821" timestamp="2026-02-23T20:03:34Z" user="Ropino" uid="42123" lat="53.4541294" lon="9.6827618"/>
 <node id="13593678581" visible="true" version="1" changeset="178959821" timestamp="2026-02-23T20:03:34Z" user="Ropino" uid="42123" lat="53.4541174" lon="9.6827402"/>
 <node id="13593678582" visible="true" version="1" changeset="178959821" timestamp="2026-02-23T20:03:34Z" user="Ropino" uid="42123" lat="53.4540380" lon="9.6827465"/>
 <node id="13593678583" visible="true" version="1" changeset="178959821" timestamp="2026-02-23T20:03:34Z" user="Ropino" uid="42123" lat="53.4540168" lon="9.6827670"/>
 <node id="13593678584" visible="true" version="1" changeset="178959821" timestamp="2026-02-23T20:03:34Z" user="Ropino" uid="42123" lat="53.4539953" lon="9.6827793"/>
 <node id="13593678585" visible="true" version="1" changeset="178959821" timestamp="2026-02-23T20:03:34Z" user="Ropino" uid="42123" lat="53.4538124" lon="9.6831909"/>
 <node id="13593678586" visible="true" version="1" changeset="178959821" timestamp="2026-02-23T20:03:34Z" user="Ropino" uid="42123" lat="53.4537844" lon="9.6833450"/>
 <node id="13593678587" visible="true" version="1" changeset="178959821" timestamp="2026-02-23T20:03:34Z" user="Ropino" uid="42123" lat="53.4537699" lon="9.6834201"/>
 <node id="13593678588" visible="true" version="1" changeset="178959821" timestamp="2026-02-23T20:03:34Z" user="Ropino" uid="42123" lat="53.4537507" lon="9.6834812"/>
 <node id="13593678589" visible="true" version="1" changeset="178959821" timestamp="2026-02-23T20:03:34Z" user="Ropino" uid="42123" lat="53.4537226" lon="9.6835917"/>
 <node id="13593678590" visible="true" version="1" changeset="178959821" timestamp="2026-02-23T20:03:34Z" user="Ropino" uid="42123" lat="53.4535199" lon="9.6839613"/>
 <node id="13593678591" visible="true" version="1" changeset="178959821" timestamp="2026-02-23T20:03:34Z" user="Ropino" uid="42123" lat="53.4534518" lon="9.6839906"/>
 <node id="13593678592" visible="true" version="1" changeset="178959821" timestamp="2026-02-23T20:03:34Z" user="Ropino" uid="42123" lat="53.4533814" lon="9.6843111"/>
 <node id="13593678593" visible="true" version="1" changeset="178959821" timestamp="2026-02-23T20:03:34Z" user="Ropino" uid="42123" lat="53.4533750" lon="9.6843403"/>
 <node id="13593678594" visible="true" version="1" changeset="178959821" timestamp="2026-02-23T20:03:34Z" user="Ropino" uid="42123" lat="53.4526470" lon="9.6876519"/>
 <node id="13593678595" visible="true" version="1" changeset="178959821" timestamp="2026-02-23T20:03:34Z" user="Ropino" uid="42123" lat="53.4525386" lon="9.6881450"/>
 <node id="13593678596" visible="true" version="1" changeset="178959821" timestamp="2026-02-23T20:03:34Z" user="Ropino" uid="42123" lat="53.4525238" lon="9.6882124"/>
 <node id="13593678597" visible="true" version="1" changeset="178959821" timestamp="2026-02-23T20:03:34Z" user="Ropino" uid="42123" lat="53.4524257" lon="9.6886627"/>
 <node id="13593678598" visible="true" version="1" changeset="178959821" timestamp="2026-02-23T20:03:34Z" user="Ropino" uid="42123" lat="53.4523965" lon="9.6887954"/>
 <node id="13593678599" visible="true" version="1" changeset="178959821" timestamp="2026-02-23T20:03:34Z" user="Ropino" uid="42123" lat="53.4522797" lon="9.6893266"/>
 <node id="13593731561" visible="true" version="1" changeset="178959821" timestamp="2026-02-23T20:03:34Z" user="Ropino" uid="42123" lat="53.4532671" lon="9.6837661"/>
 <node id="13593731562" visible="true" version="1" changeset="178959821" timestamp="2026-02-23T20:03:34Z" user="Ropino" uid="42123" lat="53.4531936" lon="9.6836196"/>
 <node id="13593731563" visible="true" version="1" changeset="178959821" timestamp="2026-02-23T20:03:34Z" user="Ropino" uid="42123" lat="53.4531581" lon="9.6835220"/>
 <node id="13593731564" visible="true" version="1" changeset="178959821" timestamp="2026-02-23T20:03:34Z" user="Ropino" uid="42123" lat="53.4530143" lon="9.6832155"/>
 <node id="13593731565" visible="true" version="1" changeset="178959821" timestamp="2026-02-23T20:03:34Z" user="Ropino" uid="42123" lat="53.4529935" lon="9.6831672"/>
 <node id="13593731566" visible="true" version="1" changeset="178959821" timestamp="2026-02-23T20:03:34Z" user="Ropino" uid="42123" lat="53.4529628" lon="9.6830956"/>
 <node id="13593731567" visible="true" version="1" changeset="178959821" timestamp="2026-02-23T20:03:34Z" user="Ropino" uid="42123" lat="53.4529295" lon="9.6829747"/>
 <node id="13593731568" visible="true" version="1" changeset="178959821" timestamp="2026-02-23T20:03:34Z" user="Ropino" uid="42123" lat="53.4527812" lon="9.6825097"/>
 <node id="13593731569" visible="true" version="1" changeset="178959821" timestamp="2026-02-23T20:03:34Z" user="Ropino" uid="42123" lat="53.4526976" lon="9.6823820"/>
 <node id="13593731570" visible="true" version="1" changeset="178959821" timestamp="2026-02-23T20:03:34Z" user="Ropino" uid="42123" lat="53.4526593" lon="9.6823845"/>
 <node id="13593731571" visible="true" version="1" changeset="178959821" timestamp="2026-02-23T20:03:34Z" user="Ropino" uid="42123" lat="53.4524932" lon="9.6824927"/>
 <node id="13593731572" visible="true" version="1" changeset="178959821" timestamp="2026-02-23T20:03:34Z" user="Ropino" uid="42123" lat="53.4522003" lon="9.6823511"/>
 <node id="13593731573" visible="true" version="1" changeset="178959821" timestamp="2026-02-23T20:03:34Z" user="Ropino" uid="42123" lat="53.4521270" lon="9.6824080"/>
 <node id="13593731574" visible="true" version="1" changeset="178959821" timestamp="2026-02-23T20:03:34Z" user="Ropino" uid="42123" lat="53.4520389" lon="9.6825721"/>
 <node id="13593731575" visible="true" version="1" changeset="178959821" timestamp="2026-02-23T20:03:34Z" user="Ropino" uid="42123" lat="53.4519969" lon="9.6826965"/>
 <node id="13593731576" visible="true" version="1" changeset="178959821" timestamp="2026-02-23T20:03:34Z" user="Ropino" uid="42123" lat="53.4519882" lon="9.6828447"/>
 <node id="13593731577" visible="true" version="1" changeset="178959821" timestamp="2026-02-23T20:03:34Z" user="Ropino" uid="42123" lat="53.4520228" lon="9.6829345"/>
 <node id="13593731578" visible="true" version="1" changeset="178959821" timestamp="2026-02-23T20:03:34Z" user="Ropino" uid="42123" lat="53.4521087" lon="9.6830864"/>
 <node id="13593731579" visible="true" version="1" changeset="178959821" timestamp="2026-02-23T20:03:34Z" user="Ropino" uid="42123" lat="53.4521454" lon="9.6831513"/>
 <node id="13593731580" visible="true" version="1" changeset="178959821" timestamp="2026-02-23T20:03:34Z" user="Ropino" uid="42123" lat="53.4522375" lon="9.6833141"/>
 <node id="13593731581" visible="true" version="1" changeset="178959821" timestamp="2026-02-23T20:03:34Z" user="Ropino" uid="42123" lat="53.4522607" lon="9.6833546"/>
 <node id="13593731582" visible="true" version="1" changeset="178959821" timestamp="2026-02-23T20:03:34Z" user="Ropino" uid="42123" lat="53.4522909" lon="9.6834001"/>
 <node id="13593731583" visible="true" version="1" changeset="178959821" timestamp="2026-02-23T20:03:34Z" user="Ropino" uid="42123" lat="53.4523292" lon="9.6834836"/>
 <node id="13593731584" visible="true" version="1" changeset="178959821" timestamp="2026-02-23T20:03:34Z" user="Ropino" uid="42123" lat="53.4524209" lon="9.6836889"/>
 <node id="13593731585" visible="true" version="1" changeset="178959821" timestamp="2026-02-23T20:03:34Z" user="Ropino" uid="42123" lat="53.4524344" lon="9.6838256"/>
 <node id="13593731586" visible="true" version="1" changeset="178959821" timestamp="2026-02-23T20:03:34Z" user="Ropino" uid="42123" lat="53.4524267" lon="9.6839284"/>
 <node id="13593731587" visible="true" version="1" changeset="178959821" timestamp="2026-02-23T20:03:34Z" user="Ropino" uid="42123" lat="53.4524166" lon="9.6839598"/>
 <node id="13593731588" visible="true" version="1" changeset="178959821" timestamp="2026-02-23T20:03:34Z" user="Ropino" uid="42123" lat="53.4523485" lon="9.6840006"/>
 <node id="13593731589" visible="true" version="1" changeset="178959821" timestamp="2026-02-23T20:03:34Z" user="Ropino" uid="42123" lat="53.4523095" lon="9.6839976"/>
 <node id="13593731590" visible="true" version="1" changeset="178959821" timestamp="2026-02-23T20:03:34Z" user="Ropino" uid="42123" lat="53.4522735" lon="9.6840036"/>
 <node id="13593731591" visible="true" version="1" changeset="178959821" timestamp="2026-02-23T20:03:34Z" user="Ropino" uid="42123" lat="53.4521965" lon="9.6839168"/>
 <node id="13593731592" visible="true" version="1" changeset="178959821" timestamp="2026-02-23T20:03:34Z" user="Ropino" uid="42123" lat="53.4520540" lon="9.6837264"/>
 <node id="13593731593" visible="true" version="1" changeset="178959821" timestamp="2026-02-23T20:03:34Z" user="Ropino" uid="42123" lat="53.4519738" lon="9.6836045"/>
 <node id="13593731594" visible="true" version="1" changeset="178959821" timestamp="2026-02-23T20:03:34Z" user="Ropino" uid="42123" lat="53.4519440" lon="9.6835593"/>
 <node id="13593731595" visible="true" version="1" changeset="178959821" timestamp="2026-02-23T20:03:34Z" user="Ropino" uid="42123" lat="53.4519170" lon="9.6835207"/>
 <node id="13593731596" visible="true" version="1" changeset="178959821" timestamp="2026-02-23T20:03:34Z" user="Ropino" uid="42123" lat="53.4519037" lon="9.6835017"/>
 <node id="13593731597" visible="true" version="1" changeset="178959821" timestamp="2026-02-23T20:03:34Z" user="Ropino" uid="42123" lat="53.4517513" lon="9.6834556"/>
 <node id="13593731598" visible="true" version="1" changeset="178959821" timestamp="2026-02-23T20:03:34Z" user="Ropino" uid="42123" lat="53.4516844" lon="9.6834794"/>
 <node id="13593731599" visible="true" version="1" changeset="178959821" timestamp="2026-02-23T20:03:34Z" user="Ropino" uid="42123" lat="53.4516420" lon="9.6834944"/>
 <node id="13593731600" visible="true" version="1" changeset="178959821" timestamp="2026-02-23T20:03:34Z" user="Ropino" uid="42123" lat="53.4515167" lon="9.6836766"/>
 <node id="13593731601" visible="true" version="1" changeset="178959821" timestamp="2026-02-23T20:03:34Z" user="Ropino" uid="42123" lat="53.4514806" lon="9.6837695"/>
 <node id="13593731602" visible="true" version="1" changeset="178959821" timestamp="2026-02-23T20:03:34Z" user="Ropino" uid="42123" lat="53.4514322" lon="9.6838634"/>
 <node id="13593731603" visible="true" version="1" changeset="178959821" timestamp="2026-02-23T20:03:34Z" user="Ropino" uid="42123" lat="53.4511354" lon="9.6840959"/>
 <node id="13593731604" visible="true" version="1" changeset="178959821" timestamp="2026-02-23T20:03:34Z" user="Ropino" uid="42123" lat="53.4510242" lon="9.6840835"/>
 <node id="13593731605" visible="true" version="1" changeset="178959821" timestamp="2026-02-23T20:03:34Z" user="Ropino" uid="42123" lat="53.4508212" lon="9.6837920"/>
 <node id="13593731606" visible="true" version="1" changeset="178959821" timestamp="2026-02-23T20:03:34Z" user="Ropino" uid="42123" lat="53.4507253" lon="9.6836893"/>
 <node id="13593731607" visible="true" version="1" changeset="178959821" timestamp="2026-02-23T20:03:34Z" user="Ropino" uid="42123" lat="53.4506020" lon="9.6837379"/>
 <node id="13593731608" visible="true" version="1" changeset="178959821" timestamp="2026-02-23T20:03:34Z" user="Ropino" uid="42123" lat="53.4504226" lon="9.6838475"/>
 <node id="13593731609" visible="true" version="1" changeset="178959821" timestamp="2026-02-23T20:03:34Z" user="Ropino" uid="42123" lat="53.4500682" lon="9.6837386"/>
 <node id="13593731610" visible="true" version="1" changeset="178959821" timestamp="2026-02-23T20:03:34Z" user="Ropino" uid="42123" lat="53.4500372" lon="9.6837291"/>
 <node id="13593731611" visible="true" version="1" changeset="178959821" timestamp="2026-02-23T20:03:34Z" user="Ropino" uid="42123" lat="53.4499927" lon="9.6837299"/>
 <node id="13593731612" visible="true" version="1" changeset="178959821" timestamp="2026-02-23T20:03:34Z" user="Ropino" uid="42123" lat="53.4499074" lon="9.6837426"/>
 <node id="13593731613" visible="true" version="1" changeset="178959821" timestamp="2026-02-23T20:03:34Z" user="Ropino" uid="42123" lat="53.4497574" lon="9.6838190"/>
 <node id="13593731614" visible="true" version="1" changeset="178959821" timestamp="2026-02-23T20:03:34Z" user="Ropino" uid="42123" lat="53.4495186" lon="9.6840135"/>
 <node id="13593731615" visible="true" version="1" changeset="178959821" timestamp="2026-02-23T20:03:34Z" user="Ropino" uid="42123" lat="53.4489611" lon="9.6849289"/>
 <node id="13593731616" visible="true" version="1" changeset="178959821" timestamp="2026-02-23T20:03:34Z" user="Ropino" uid="42123" lat="53.4488089" lon="9.6851384"/>
 <node id="13593731617" visible="true" version="1" changeset="178959821" timestamp="2026-02-23T20:03:34Z" user="Ropino" uid="42123" lat="53.4487463" lon="9.6851642"/>
 <node id="13593731618" visible="true" version="1" changeset="178959821" timestamp="2026-02-23T20:03:34Z" user="Ropino" uid="42123" lat="53.4483123" lon="9.6852890"/>
 <node id="13593731619" visible="true" version="1" changeset="178959821" timestamp="2026-02-23T20:03:34Z" user="Ropino" uid="42123" lat="53.4483003" lon="9.6852906"/>
 <node id="13593731620" visible="true" version="1" changeset="178959821" timestamp="2026-02-23T20:03:34Z" user="Ropino" uid="42123" lat="53.4482241" lon="9.6853138"/>
 <node id="13593731621" visible="true" version="1" changeset="178959821" timestamp="2026-02-23T20:03:34Z" user="Ropino" uid="42123" lat="53.4481691" lon="9.6853035"/>
 <node id="13593731622" visible="true" version="1" changeset="178959821" timestamp="2026-02-23T20:03:34Z" user="Ropino" uid="42123" lat="53.4481064" lon="9.6852285"/>
 <node id="13593731623" visible="true" version="1" changeset="178959821" timestamp="2026-02-23T20:03:34Z" user="Ropino" uid="42123" lat="53.4480568" lon="9.6851083"/>
 <node id="13593731624" visible="true" version="1" changeset="178959821" timestamp="2026-02-23T20:03:34Z" user="Ropino" uid="42123" lat="53.4479587" lon="9.6848371"/>
 <node id="13593731625" visible="true" version="1" changeset="178959821" timestamp="2026-02-23T20:03:34Z" user="Ropino" uid="42123" lat="53.4478826" lon="9.6846534"/>
 <node id="13593731626" visible="true" version="1" changeset="178959821" timestamp="2026-02-23T20:03:34Z" user="Ropino" uid="42123" lat="53.4478022" lon="9.6845924"/>
 <node id="13593731627" visible="true" version="1" changeset="178959821" timestamp="2026-02-23T20:03:34Z" user="Ropino" uid="42123" lat="53.4476945" lon="9.6845939"/>
 <node id="13593731628" visible="true" version="1" changeset="178959821" timestamp="2026-02-23T20:03:34Z" user="Ropino" uid="42123" lat="53.4476987" lon="9.6846269"/>
 <node id="13593731629" visible="true" version="1" changeset="178959821" timestamp="2026-02-23T20:03:34Z" user="Ropino" uid="42123" lat="53.4477029" lon="9.6846603"/>
 <node id="13593731630" visible="true" version="1" changeset="178959821" timestamp="2026-02-23T20:03:34Z" user="Ropino" uid="42123" lat="53.4476621" lon="9.6849576"/>
 <node id="13593731631" visible="true" version="1" changeset="178959821" timestamp="2026-02-23T20:03:34Z" user="Ropino" uid="42123" lat="53.4476907" lon="9.6850357"/>
 <node id="13593731632" visible="true" version="1" changeset="178959821" timestamp="2026-02-23T20:03:34Z" user="Ropino" uid="42123" lat="53.4477000" lon="9.6851208"/>
 <node id="13593731633" visible="true" version="1" changeset="178959821" timestamp="2026-02-23T20:03:34Z" user="Ropino" uid="42123" lat="53.4477258" lon="9.6852990"/>
 <node id="13593731634" visible="true" version="1" changeset="178959821" timestamp="2026-02-23T20:03:34Z" user="Ropino" uid="42123" lat="53.4477506" lon="9.6854193"/>
 <node id="13593731635" visible="true" version="1" changeset="178959821" timestamp="2026-02-23T20:03:34Z" user="Ropino" uid="42123" lat="53.4477236" lon="9.6854949"/>
 <node id="13593731636" visible="true" version="1" changeset="178959821" timestamp="2026-02-23T20:03:34Z" user="Ropino" uid="42123" lat="53.4476987" lon="9.6855374"/>
 <node id="13593731637" visible="true" version="1" changeset="178959821" timestamp="2026-02-23T20:03:34Z" user="Ropino" uid="42123" lat="53.4476477" lon="9.6855386"/>
 <node id="13593731638" visible="true" version="1" changeset="178959821" timestamp="2026-02-23T20:03:34Z" user="Ropino" uid="42123" lat="53.4474494" lon="9.6855315"/>
 <node id="13593731639" visible="true" version="1" changeset="178959821" timestamp="2026-02-23T20:03:34Z" user="Ropino" uid="42123" lat="53.4473074" lon="9.6853673"/>
 <node id="13593731640" visible="true" version="1" changeset="178959821" timestamp="2026-02-23T20:03:34Z" user="Ropino" uid="42123" lat="53.4471460" lon="9.6847657"/>
 <node id="13593731641" visible="true" version="1" changeset="178959821" timestamp="2026-02-23T20:03:34Z" user="Ropino" uid="42123" lat="53.4470769" lon="9.6846927"/>
 <node id="13593731642" visible="true" version="1" changeset="178959821" timestamp="2026-02-23T20:03:34Z" user="Ropino" uid="42123" lat="53.4470077" lon="9.6846198"/>
 <node id="13593731643" visible="true" version="1" changeset="178959821" timestamp="2026-02-23T20:03:34Z" user="Ropino" uid="42123" lat="53.4469444" lon="9.6846657"/>
 <node id="13593731644" visible="true" version="1" changeset="178959821" timestamp="2026-02-23T20:03:34Z" user="Ropino" uid="42123" lat="53.4468727" lon="9.6847398"/>
 <node id="13593731645" visible="true" version="1" changeset="178959821" timestamp="2026-02-23T20:03:34Z" user="Ropino" uid="42123" lat="53.4468290" lon="9.6847287"/>
 <node id="13593731646" visible="true" version="1" changeset="178959821" timestamp="2026-02-23T20:03:34Z" user="Ropino" uid="42123" lat="53.4467720" lon="9.6846633"/>
 <node id="13593731647" visible="true" version="1" changeset="178959821" timestamp="2026-02-23T20:03:34Z" user="Ropino" uid="42123" lat="53.4466980" lon="9.6845394"/>
 <node id="13593731648" visible="true" version="1" changeset="178959821" timestamp="2026-02-23T20:03:34Z" user="Ropino" uid="42123" lat="53.4466698" lon="9.6844751"/>
 <node id="13593731649" visible="true" version="1" changeset="178959821" timestamp="2026-02-23T20:03:34Z" user="Ropino" uid="42123" lat="53.4466068" lon="9.6843259"/>
 <node id="13593731650" visible="true" version="1" changeset="178959821" timestamp="2026-02-23T20:03:34Z" user="Ropino" uid="42123" lat="53.4465458" lon="9.6839046"/>
 <node id="13593731651" visible="true" version="1" changeset="178959821" timestamp="2026-02-23T20:03:34Z" user="Ropino" uid="42123" lat="53.4465340" lon="9.6837152"/>
 <node id="13593731652" visible="true" version="1" changeset="178959821" timestamp="2026-02-23T20:03:34Z" user="Ropino" uid="42123" lat="53.4465084" lon="9.6833986"/>
 <node id="13593731653" visible="true" version="1" changeset="178959821" timestamp="2026-02-23T20:03:34Z" user="Ropino" uid="42123" lat="53.4465028" lon="9.6832401"/>
 <node id="13593731654" visible="true" version="1" changeset="178959821" timestamp="2026-02-23T20:03:34Z" user="Ropino" uid="42123" lat="53.4465002" lon="9.6827972"/>
 <node id="13593731655" visible="true" version="1" changeset="178959821" timestamp="2026-02-23T20:03:34Z" user="Ropino" uid="42123" lat="53.4465362" lon="9.6825015"/>
 <node id="13593731656" visible="true" version="1" changeset="178959821" timestamp="2026-02-23T20:03:34Z" user="Ropino" uid="42123" lat="53.4465854" lon="9.6821374"/>
 <node id="13593731657" visible="true" version="1" changeset="178959821" timestamp="2026-02-23T20:03:34Z" user="Ropino" uid="42123" lat="53.4466237" lon="9.6818007"/>
 <node id="13593731658" visible="true" version="1" changeset="178959821" timestamp="2026-02-23T20:03:34Z" user="Ropino" uid="42123" lat="53.4466245" lon="9.6817147"/>
 <node id="13593731659" visible="true" version="1" changeset="178959821" timestamp="2026-02-23T20:03:34Z" user="Ropino" uid="42123" lat="53.4465610" lon="9.6813040"/>
 <node id="13593731660" visible="true" version="1" changeset="178959821" timestamp="2026-02-23T20:03:34Z" user="Ropino" uid="42123" lat="53.4465093" lon="9.6809283"/>
 <node id="13593731661" visible="true" version="1" changeset="178959821" timestamp="2026-02-23T20:03:34Z" user="Ropino" uid="42123" lat="53.4465040" lon="9.6807495"/>
 <node id="13593731662" visible="true" version="1" changeset="178959821" timestamp="2026-02-23T20:03:34Z" user="Ropino" uid="42123" lat="53.4464836" lon="9.6805599"/>
 <node id="13593731663" visible="true" version="1" changeset="178959821" timestamp="2026-02-23T20:03:34Z" user="Ropino" uid="42123" lat="53.4464356" lon="9.6802703"/>
 <node id="13593731664" visible="true" version="1" changeset="178959821" timestamp="2026-02-23T20:03:34Z" user="Ropino" uid="42123" lat="53.4463570" lon="9.6801636"/>
 <node id="13593731665" visible="true" version="1" changeset="178959821" timestamp="2026-02-23T20:03:34Z" user="Ropino" uid="42123" lat="53.4461968" lon="9.6800664"/>
 <node id="13593731666" visible="true" version="1" changeset="178959821" timestamp="2026-02-23T20:03:34Z" user="Ropino" uid="42123" lat="53.4460130" lon="9.6799330"/>
 <node id="13593731667" visible="true" version="1" changeset="178959821" timestamp="2026-02-23T20:03:34Z" user="Ropino" uid="42123" lat="53.4459469" lon="9.6799044"/>
 <node id="13593731668" visible="true" version="1" changeset="178959821" timestamp="2026-02-23T20:03:34Z" user="Ropino" uid="42123" lat="53.4457982" lon="9.6797901"/>
 <node id="13593731669" visible="true" version="1" changeset="178959821" timestamp="2026-02-23T20:03:34Z" user="Ropino" uid="42123" lat="53.4455961" lon="9.6797199"/>
 <node id="13593731670" visible="true" version="1" changeset="178959821" timestamp="2026-02-23T20:03:34Z" user="Ropino" uid="42123" lat="53.4453747" lon="9.6797240"/>
 <node id="13593731671" visible="true" version="1" changeset="178959821" timestamp="2026-02-23T20:03:34Z" user="Ropino" uid="42123" lat="53.4452087" lon="9.6797592"/>
 <node id="13593731672" visible="true" version="1" changeset="178959821" timestamp="2026-02-23T20:03:34Z" user="Ropino" uid="42123" lat="53.4449342" lon="9.6798594"/>
 <node id="13593731673" visible="true" version="1" changeset="178959821" timestamp="2026-02-23T20:03:34Z" user="Ropino" uid="42123" lat="53.4447992" lon="9.6799282"/>
 <node id="13593731674" visible="true" version="1" changeset="178959821" timestamp="2026-02-23T20:03:34Z" user="Ropino" uid="42123" lat="53.4448182" lon="9.6799926"/>
 <node id="13593731675" visible="true" version="1" changeset="178959821" timestamp="2026-02-23T20:03:34Z" user="Ropino" uid="42123" lat="53.4448525" lon="9.6801092"/>
 <node id="13593731676" visible="true" version="1" changeset="178959821" timestamp="2026-02-23T20:03:34Z" user="Ropino" uid="42123" lat="53.4449675" lon="9.6802293"/>
 <node id="13593731677" visible="true" version="1" changeset="178959821" timestamp="2026-02-23T20:03:34Z" user="Ropino" uid="42123" lat="53.4449998" lon="9.6802249"/>
 <node id="13593731678" visible="true" version="1" changeset="178959821" timestamp="2026-02-23T20:03:34Z" user="Ropino" uid="42123" lat="53.4450053" lon="9.6803477"/>
 <node id="13593731679" visible="true" version="1" changeset="178959821" timestamp="2026-02-23T20:03:34Z" user="Ropino" uid="42123" lat="53.4449572" lon="9.6805391"/>
 <node id="13593731680" visible="true" version="1" changeset="178959821" timestamp="2026-02-23T20:03:34Z" user="Ropino" uid="42123" lat="53.4448962" lon="9.6806803"/>
 <node id="13593731681" visible="true" version="1" changeset="178959821" timestamp="2026-02-23T20:03:34Z" user="Ropino" uid="42123" lat="53.4448214" lon="9.6807909"/>
 <node id="13593731682" visible="true" version="1" changeset="178959821" timestamp="2026-02-23T20:03:34Z" user="Ropino" uid="42123" lat="53.4447155" lon="9.6808285"/>
 <node id="13593731683" visible="true" version="1" changeset="178959821" timestamp="2026-02-23T20:03:34Z" user="Ropino" uid="42123" lat="53.4446595" lon="9.6808152"/>
 <node id="13593731684" visible="true" version="1" changeset="178959821" timestamp="2026-02-23T20:03:34Z" user="Ropino" uid="42123" lat="53.4446249" lon="9.6807704"/>
 <node id="13593731685" visible="true" version="1" changeset="178959821" timestamp="2026-02-23T20:03:34Z" user="Ropino" uid="42123" lat="53.4445869" lon="9.6806863"/>
 <node id="13593731686" visible="true" version="1" changeset="178959821" timestamp="2026-02-23T20:03:34Z" user="Ropino" uid="42123" lat="53.4445404" lon="9.6805789"/>
 <node id="13593731687" visible="true" version="1" changeset="178959821" timestamp="2026-02-23T20:03:34Z" user="Ropino" uid="42123" lat="53.4444253" lon="9.6803002"/>
 <node id="13593731688" visible="true" version="1" changeset="178959821" timestamp="2026-02-23T20:03:34Z" user="Ropino" uid="42123" lat="53.4443372" lon="9.6801674"/>
 <node id="13593731689" visible="true" version="1" changeset="178959821" timestamp="2026-02-23T20:03:34Z" user="Ropino" uid="42123" lat="53.4443157" lon="9.6801350"/>
 <node id="13593731690" visible="true" version="1" changeset="178959821" timestamp="2026-02-23T20:03:34Z" user="Ropino" uid="42123" lat="53.4441862" lon="9.6800830"/>
 <node id="13593731691" visible="true" version="1" changeset="178959821" timestamp="2026-02-23T20:03:34Z" user="Ropino" uid="42123" lat="53.4441348" lon="9.6801146"/>
 <node id="13593731692" visible="true" version="1" changeset="178959821" timestamp="2026-02-23T20:03:34Z" user="Ropino" uid="42123" lat="53.4439866" lon="9.6801760"/>
 <node id="13593731693" visible="true" version="1" changeset="178959821" timestamp="2026-02-23T20:03:34Z" user="Ropino" uid="42123" lat="53.4437858" lon="9.6801525"/>
 <node id="13593731694" visible="true" version="1" changeset="178959821" timestamp="2026-02-23T20:03:34Z" user="Ropino" uid="42123" lat="53.4436861" lon="9.6800997"/>
 <node id="13593731695" visible="true" version="1" changeset="178959821" timestamp="2026-02-23T20:03:34Z" user="Ropino" uid="42123" lat="53.4436532" lon="9.6800822"/>
 <node id="13593731696" visible="true" version="1" changeset="178959821" timestamp="2026-02-23T20:03:34Z" user="Ropino" uid="42123" lat="53.4434675" lon="9.6800732"/>
 <node id="13593731697" visible="true" version="1" changeset="178959821" timestamp="2026-02-23T20:03:34Z" user="Ropino" uid="42123" lat="53.4433982" lon="9.6800867"/>
 <node id="13593731698" visible="true" version="1" changeset="178959821" timestamp="2026-02-23T20:03:34Z" user="Ropino" uid="42123" lat="53.4431866" lon="9.6800879"/>
 <node id="13593731699" visible="true" version="1" changeset="178959821" timestamp="2026-02-23T20:03:34Z" user="Ropino" uid="42123" lat="53.4430522" lon="9.6801218"/>
 <node id="13593731700" visible="true" version="1" changeset="178959821" timestamp="2026-02-23T20:03:34Z" user="Ropino" uid="42123" lat="53.4429648" lon="9.6800679"/>
 <node id="13593731701" visible="true" version="1" changeset="178959821" timestamp="2026-02-23T20:03:34Z" user="Ropino" uid="42123" lat="53.4428640" lon="9.6797946"/>
 <node id="13593731702" visible="true" version="1" changeset="178959821" timestamp="2026-02-23T20:03:34Z" user="Ropino" uid="42123" lat="53.4428325" lon="9.6794341"/>
 <node id="13593731703" visible="true" version="1" changeset="178959821" timestamp="2026-02-23T20:03:34Z" user="Ropino" uid="42123" lat="53.4428498" lon="9.6793403"/>
 <node id="13593731704" visible="true" version="1" changeset="178959821" timestamp="2026-02-23T20:03:34Z" user="Ropino" uid="42123" lat="53.4428798" lon="9.6792613"/>
 <node id="13593731705" visible="true" version="1" changeset="178959821" timestamp="2026-02-23T20:03:34Z" user="Ropino" uid="42123" lat="53.4429303" lon="9.6791536"/>
 <node id="13593731706" visible="true" version="1" changeset="178959821" timestamp="2026-02-23T20:03:34Z" user="Ropino" uid="42123" lat="53.4429208" lon="9.6789661"/>
 <node id="13593731707" visible="true" version="1" changeset="178959821" timestamp="2026-02-23T20:03:34Z" user="Ropino" uid="42123" lat="53.4429048" lon="9.6789108"/>
 <node id="13593731708" visible="true" version="1" changeset="178959821" timestamp="2026-02-23T20:03:34Z" user="Ropino" uid="42123" lat="53.4428593" lon="9.6787535"/>
 <node id="13593731709" visible="true" version="1" changeset="178959821" timestamp="2026-02-23T20:03:34Z" user="Ropino" uid="42123" lat="53.4427848" lon="9.6786505"/>
 <node id="13593731710" visible="true" version="1" changeset="178959821" timestamp="2026-02-23T20:03:34Z" user="Ropino" uid="42123" lat="53.4426291" lon="9.6785720"/>
 <node id="13593731711" visible="true" version="1" changeset="178959821" timestamp="2026-02-23T20:03:34Z" user="Ropino" uid="42123" lat="53.4423908" lon="9.6785312"/>
 <node id="13593731712" visible="true" version="1" changeset="178959821" timestamp="2026-02-23T20:03:34Z" user="Ropino" uid="42123" lat="53.4423369" lon="9.6785356"/>
 <node id="13593731713" visible="true" version="1" changeset="178959821" timestamp="2026-02-23T20:03:34Z" user="Ropino" uid="42123" lat="53.4421801" lon="9.6784567"/>
 <node id="13593731714" visible="true" version="1" changeset="178959821" timestamp="2026-02-23T20:03:34Z" user="Ropino" uid="42123" lat="53.4420850" lon="9.6784250"/>
 <node id="13593731715" visible="true" version="1" changeset="178959821" timestamp="2026-02-23T20:03:34Z" user="Ropino" uid="42123" lat="53.4419954" lon="9.6784131"/>
 <node id="13593731716" visible="true" version="1" changeset="178959821" timestamp="2026-02-23T20:03:34Z" user="Ropino" uid="42123" lat="53.4419486" lon="9.6784069"/>
 <node id="13593731717" visible="true" version="1" changeset="178959821" timestamp="2026-02-23T20:03:34Z" user="Ropino" uid="42123" lat="53.4417568" lon="9.6785485"/>
 <node id="13593731718" visible="true" version="1" changeset="178959821" timestamp="2026-02-23T20:03:34Z" user="Ropino" uid="42123" lat="53.4417270" lon="9.6785475"/>
 <node id="13593731719" visible="true" version="1" changeset="178959821" timestamp="2026-02-23T20:03:34Z" user="Ropino" uid="42123" lat="53.4416845" lon="9.6784635"/>
 <node id="13593731720" visible="true" version="1" changeset="178959821" timestamp="2026-02-23T20:03:34Z" user="Ropino" uid="42123" lat="53.4416646" lon="9.6783833"/>
 <node id="13593731721" visible="true" version="1" changeset="178959821" timestamp="2026-02-23T20:03:34Z" user="Ropino" uid="42123" lat="53.4416771" lon="9.6783217"/>
 <node id="13593731722" visible="true" version="1" changeset="178959821" timestamp="2026-02-23T20:03:34Z" user="Ropino" uid="42123" lat="53.4417245" lon="9.6781785"/>
 <node id="13593731723" visible="true" version="1" changeset="178959821" timestamp="2026-02-23T20:03:34Z" user="Ropino" uid="42123" lat="53.4417635" lon="9.6780982"/>
 <node id="13593731724" visible="true" version="1" changeset="178959821" timestamp="2026-02-23T20:03:34Z" user="Ropino" uid="42123" lat="53.4417866" lon="9.6780507"/>
 <node id="13593731725" visible="true" version="1" changeset="178959821" timestamp="2026-02-23T20:03:34Z" user="Ropino" uid="42123" lat="53.4417859" lon="9.6779631"/>
 <node id="13593731726" visible="true" version="1" changeset="178959821" timestamp="2026-02-23T20:03:34Z" user="Ropino" uid="42123" lat="53.4417842" lon="9.6777505"/>
 <node id="13593731727" visible="true" version="1" changeset="178959821" timestamp="2026-02-23T20:03:34Z" user="Ropino" uid="42123" lat="53.4417586" lon="9.6773612"/>
 <node id="13593731728" visible="true" version="1" changeset="178959821" timestamp="2026-02-23T20:03:34Z" user="Ropino" uid="42123" lat="53.4417287" lon="9.6771201"/>
 <node id="13593731729" visible="true" version="1" changeset="178959821" timestamp="2026-02-23T20:03:34Z" user="Ropino" uid="42123" lat="53.4417230" lon="9.6770156"/>
 <node id="13593731730" visible="true" version="1" changeset="178959821" timestamp="2026-02-23T20:03:34Z" user="Ropino" uid="42123" lat="53.4417399" lon="9.6768457"/>
 <node id="13593731731" visible="true" version="1" changeset="178959821" timestamp="2026-02-23T20:03:34Z" user="Ropino" uid="42123" lat="53.4417975" lon="9.6766776"/>
 <node id="13593731732" visible="true" version="1" changeset="178959821" timestamp="2026-02-23T20:03:34Z" user="Ropino" uid="42123" lat="53.4419027" lon="9.6766555"/>
 <node id="13593731733" visible="true" version="1" changeset="178959821" timestamp="2026-02-23T20:03:34Z" user="Ropino" uid="42123" lat="53.4420084" lon="9.6765996"/>
 <node id="13593731734" visible="true" version="1" changeset="178959821" timestamp="2026-02-23T20:03:34Z" user="Ropino" uid="42123" lat="53.4421086" lon="9.6765992"/>
 <node id="13593731735" visible="true" version="1" changeset="178959821" timestamp="2026-02-23T20:03:34Z" user="Ropino" uid="42123" lat="53.4421459" lon="9.6766041"/>
 <node id="13593731736" visible="true" version="1" changeset="178959821" timestamp="2026-02-23T20:03:34Z" user="Ropino" uid="42123" lat="53.4421602" lon="9.6765960"/>
 <node id="13593731737" visible="true" version="1" changeset="178959821" timestamp="2026-02-23T20:03:34Z" user="Ropino" uid="42123" lat="53.4421672" lon="9.6765427"/>
 <node id="13593731738" visible="true" version="1" changeset="178959821" timestamp="2026-02-23T20:03:34Z" user="Ropino" uid="42123" lat="53.4421397" lon="9.6764836"/>
 <node id="13593731739" visible="true" version="1" changeset="178959821" timestamp="2026-02-23T20:03:34Z" user="Ropino" uid="42123" lat="53.4420961" lon="9.6764697"/>
 <node id="13593731740" visible="true" version="1" changeset="178959821" timestamp="2026-02-23T20:03:34Z" user="Ropino" uid="42123" lat="53.4420507" lon="9.6763555"/>
 <node id="13593731741" visible="true" version="1" changeset="178959821" timestamp="2026-02-23T20:03:34Z" user="Ropino" uid="42123" lat="53.4419814" lon="9.6762544"/>
 <node id="13593731742" visible="true" version="1" changeset="178959821" timestamp="2026-02-23T20:03:34Z" user="Ropino" uid="42123" lat="53.4419660" lon="9.6762297"/>
 <node id="13593731743" visible="true" version="1" changeset="178959821" timestamp="2026-02-23T20:03:34Z" user="Ropino" uid="42123" lat="53.4419374" lon="9.6761587"/>
 <node id="13593731744" visible="true" version="1" changeset="178959821" timestamp="2026-02-23T20:03:34Z" user="Ropino" uid="42123" lat="53.4419402" lon="9.6761247"/>
 <node id="13593731745" visible="true" version="1" changeset="178959821" timestamp="2026-02-23T20:03:34Z" user="Ropino" uid="42123" lat="53.4419682" lon="9.6760222"/>
 <node id="13593731746" visible="true" version="1" changeset="178959821" timestamp="2026-02-23T20:03:34Z" user="Ropino" uid="42123" lat="53.4420294" lon="9.6759482"/>
 <node id="13593731747" visible="true" version="1" changeset="178959821" timestamp="2026-02-23T20:03:34Z" user="Ropino" uid="42123" lat="53.4421390" lon="9.6758812"/>
 <node id="13593731748" visible="true" version="1" changeset="178959821" timestamp="2026-02-23T20:03:34Z" user="Ropino" uid="42123" lat="53.4422491" lon="9.6758369"/>
 <node id="13593731749" visible="true" version="1" changeset="178959821" timestamp="2026-02-23T20:03:34Z" user="Ropino" uid="42123" lat="53.4423239" lon="9.6757937"/>
 <node id="13593731750" visible="true" version="1" changeset="178959821" timestamp="2026-02-23T20:03:34Z" user="Ropino" uid="42123" lat="53.4424051" lon="9.6757726"/>
 <node id="13593731751" visible="true" version="1" changeset="178959821" timestamp="2026-02-23T20:03:34Z" user="Ropino" uid="42123" lat="53.4424423" lon="9.6757712"/>
 <node id="13593731752" visible="true" version="1" changeset="178959821" timestamp="2026-02-23T20:03:34Z" user="Ropino" uid="42123" lat="53.4425783" lon="9.6757282"/>
 <node id="13593731753" visible="true" version="1" changeset="178959821" timestamp="2026-02-23T20:03:34Z" user="Ropino" uid="42123" lat="53.4426262" lon="9.6756927"/>
 <node id="13593731754" visible="true" version="1" changeset="178959821" timestamp="2026-02-23T20:03:34Z" user="Ropino" uid="42123" lat="53.4426327" lon="9.6756507"/>
 <node id="13593731755" visible="true" version="1" changeset="178959821" timestamp="2026-02-23T20:03:34Z" user="Ropino" uid="42123" lat="53.4426258" lon="9.6755519"/>
 <node id="13593731756" visible="true" version="1" changeset="178959821" timestamp="2026-02-23T20:03:34Z" user="Ropino" uid="42123" lat="53.4425563" lon="9.6752873"/>
 <node id="13593731757" visible="true" version="1" changeset="178959821" timestamp="2026-02-23T20:03:34Z" user="Ropino" uid="42123" lat="53.4425232" lon="9.6752395"/>
 <node id="13593731758" visible="true" version="1" changeset="178959821" timestamp="2026-02-23T20:03:34Z" user="Ropino" uid="42123" lat="53.4424726" lon="9.6752124"/>
 <node id="13593731759" visible="true" version="1" changeset="178959821" timestamp="2026-02-23T20:03:34Z" user="Ropino" uid="42123" lat="53.4423960" lon="9.6752423"/>
 <node id="13593731760" visible="true" version="1" changeset="178959821" timestamp="2026-02-23T20:03:34Z" user="Ropino" uid="42123" lat="53.4423563" lon="9.6753036"/>
 <node id="13593731761" visible="true" version="1" changeset="178959821" timestamp="2026-02-23T20:03:34Z" user="Ropino" uid="42123" lat="53.4422612" lon="9.6754060"/>
 <node id="13593731762" visible="true" version="1" changeset="178959821" timestamp="2026-02-23T20:03:34Z" user="Ropino" uid="42123" lat="53.4422049" lon="9.6754719"/>
 <node id="13593731763" visible="true" version="1" changeset="178959821" timestamp="2026-02-23T20:03:34Z" user="Ropino" uid="42123" lat="53.4421486" lon="9.6755455"/>
 <node id="13593731764" visible="true" version="1" changeset="178959821" timestamp="2026-02-23T20:03:34Z" user="Ropino" uid="42123" lat="53.4420987" lon="9.6756255"/>
 <node id="13593731765" visible="true" version="1" changeset="178959821" timestamp="2026-02-23T20:03:34Z" user="Ropino" uid="42123" lat="53.4420585" lon="9.6756548"/>
 <node id="13593731766" visible="true" version="1" changeset="178959821" timestamp="2026-02-23T20:03:34Z" user="Ropino" uid="42123" lat="53.4419771" lon="9.6756175"/>
 <node id="13593731767" visible="true" version="1" changeset="178959821" timestamp="2026-02-23T20:03:34Z" user="Ropino" uid="42123" lat="53.4419449" lon="9.6755818"/>
 <node id="13593731768" visible="true" version="1" changeset="178959821" timestamp="2026-02-23T20:03:34Z" user="Ropino" uid="42123" lat="53.4418686" lon="9.6754657"/>
 <node id="13593731769" visible="true" version="1" changeset="178959821" timestamp="2026-02-23T20:03:34Z" user="Ropino" uid="42123" lat="53.4418490" lon="9.6753992"/>
 <node id="13593731770" visible="true" version="1" changeset="178959821" timestamp="2026-02-23T20:03:34Z" user="Ropino" uid="42123" lat="53.4418209" lon="9.6753415"/>
 <node id="13593731771" visible="true" version="1" changeset="178959821" timestamp="2026-02-23T20:03:34Z" user="Ropino" uid="42123" lat="53.4417135" lon="9.6751388"/>
 <node id="13593731772" visible="true" version="1" changeset="178959821" timestamp="2026-02-23T20:03:34Z" user="Ropino" uid="42123" lat="53.4416739" lon="9.6750961"/>
 <node id="13593731773" visible="true" version="1" changeset="178959821" timestamp="2026-02-23T20:03:34Z" user="Ropino" uid="42123" lat="53.4416641" lon="9.6750925"/>
 <node id="13593731774" visible="true" version="1" changeset="178959821" timestamp="2026-02-23T20:03:34Z" user="Ropino" uid="42123" lat="53.4416346" lon="9.6750903"/>
 <node id="13593731775" visible="true" version="1" changeset="178959821" timestamp="2026-02-23T20:03:34Z" user="Ropino" uid="42123" lat="53.4416283" lon="9.6750893"/>
 <node id="13593731776" visible="true" version="1" changeset="178959821" timestamp="2026-02-23T20:03:34Z" user="Ropino" uid="42123" lat="53.4416196" lon="9.6750923"/>
 <node id="13593731777" visible="true" version="1" changeset="178959821" timestamp="2026-02-23T20:03:34Z" user="Ropino" uid="42123" lat="53.4416015" lon="9.6751004"/>
 <node id="13593731778" visible="true" version="1" changeset="178959821" timestamp="2026-02-23T20:03:34Z" user="Ropino" uid="42123" lat="53.4415942" lon="9.6751228"/>
 <node id="13593731779" visible="true" version="1" changeset="178959821" timestamp="2026-02-23T20:03:34Z" user="Ropino" uid="42123" lat="53.4415872" lon="9.6751409"/>
 <node id="13593731780" visible="true" version="1" changeset="178959821" timestamp="2026-02-23T20:03:34Z" user="Ropino" uid="42123" lat="53.4415766" lon="9.6751649"/>
 <node id="13593731781" visible="true" version="1" changeset="178959821" timestamp="2026-02-23T20:03:34Z" user="Ropino" uid="42123" lat="53.4415614" lon="9.6751918"/>
 <node id="13593731782" visible="true" version="1" changeset="178959821" timestamp="2026-02-23T20:03:34Z" user="Ropino" uid="42123" lat="53.4415593" lon="9.6752081"/>
 <node id="13593731783" visible="true" version="1" changeset="178959821" timestamp="2026-02-23T20:03:34Z" user="Ropino" uid="42123" lat="53.4415576" lon="9.6752286"/>
 <node id="13593731784" visible="true" version="1" changeset="178959821" timestamp="2026-02-23T20:03:34Z" user="Ropino" uid="42123" lat="53.4415480" lon="9.6753056"/>
 <node id="13593731785" visible="true" version="1" changeset="178959821" timestamp="2026-02-23T20:03:34Z" user="Ropino" uid="42123" lat="53.4415283" lon="9.6754024"/>
 <node id="13593731786" visible="true" version="1" changeset="178959821" timestamp="2026-02-23T20:03:34Z" user="Ropino" uid="42123" lat="53.4415086" lon="9.6755061"/>
 <node id="13593731787" visible="true" version="1" changeset="178959821" timestamp="2026-02-23T20:03:34Z" user="Ropino" uid="42123" lat="53.4415115" lon="9.6755463"/>
 <node id="13593731788" visible="true" version="1" changeset="178959821" timestamp="2026-02-23T20:03:34Z" user="Ropino" uid="42123" lat="53.4415578" lon="9.6756042"/>
 <node id="13593731789" visible="true" version="1" changeset="178959821" timestamp="2026-02-23T20:03:34Z" user="Ropino" uid="42123" lat="53.4415839" lon="9.6755890"/>
 <node id="13593731790" visible="true" version="1" changeset="178959821" timestamp="2026-02-23T20:03:34Z" user="Ropino" uid="42123" lat="53.4416587" lon="9.6756579"/>
 <node id="13593731791" visible="true" version="1" changeset="178959821" timestamp="2026-02-23T20:03:34Z" user="Ropino" uid="42123" lat="53.4417377" lon="9.6757066"/>
 <node id="13593731792" visible="true" version="1" changeset="178959821" timestamp="2026-02-23T20:03:34Z" user="Ropino" uid="42123" lat="53.4417577" lon="9.6757317"/>
 <node id="13593731793" visible="true" version="1" changeset="178959821" timestamp="2026-02-23T20:03:34Z" user="Ropino" uid="42123" lat="53.4417772" lon="9.6758141"/>
 <node id="13593731794" visible="true" version="1" changeset="178959821" timestamp="2026-02-23T20:03:34Z" user="Ropino" uid="42123" lat="53.4417405" lon="9.6759003"/>
 <node id="13593731795" visible="true" version="1" changeset="178959821" timestamp="2026-02-23T20:03:34Z" user="Ropino" uid="42123" lat="53.4416843" lon="9.6759356"/>
 <node id="13593731796" visible="true" version="1" changeset="178959821" timestamp="2026-02-23T20:03:34Z" user="Ropino" uid="42123" lat="53.4416292" lon="9.6759520"/>
 <node id="13593731797" visible="true" version="1" changeset="178959821" timestamp="2026-02-23T20:03:34Z" user="Ropino" uid="42123" lat="53.4415707" lon="9.6759363"/>
 <node id="13593731798" visible="true" version="1" changeset="178959821" timestamp="2026-02-23T20:03:34Z" user="Ropino" uid="42123" lat="53.4415014" lon="9.6759313"/>
 <node id="13593731799" visible="true" version="1" changeset="178959821" timestamp="2026-02-23T20:03:34Z" user="Ropino" uid="42123" lat="53.4413621" lon="9.6758703"/>
 <node id="13593731800" visible="true" version="1" changeset="178959821" timestamp="2026-02-23T20:03:34Z" user="Ropino" uid="42123" lat="53.4413237" lon="9.6758592"/>
 <node id="13593731801" visible="true" version="1" changeset="178959821" timestamp="2026-02-23T20:03:34Z" user="Ropino" uid="42123" lat="53.4412307" lon="9.6758161"/>
 <node id="13593731802" visible="true" version="1" changeset="178959821" timestamp="2026-02-23T20:03:34Z" user="Ropino" uid="42123" lat="53.4411903" lon="9.6757919"/>
 <node id="13593731803" visible="true" version="1" changeset="178959821" timestamp="2026-02-23T20:03:34Z" user="Ropino" uid="42123" lat="53.4411597" lon="9.6757929"/>
 <node id="13593731804" visible="true" version="1" changeset="178959821" timestamp="2026-02-23T20:03:34Z" user="Ropino" uid="42123" lat="53.4410691" lon="9.6758233"/>
 <node id="13593731805" visible="true" version="1" changeset="178959821" timestamp="2026-02-23T20:03:34Z" user="Ropino" uid="42123" lat="53.4410470" lon="9.6758446"/>
 <node id="13593731806" visible="true" version="1" changeset="178959821" timestamp="2026-02-23T20:03:34Z" user="Ropino" uid="42123" lat="53.4409941" lon="9.6759512"/>
 <node id="13593731807" visible="true" version="1" changeset="178959821" timestamp="2026-02-23T20:03:34Z" user="Ropino" uid="42123" lat="53.4409771" lon="9.6759919"/>
 <node id="13593731808" visible="true" version="1" changeset="178959821" timestamp="2026-02-23T20:03:34Z" user="Ropino" uid="42123" lat="53.4409642" lon="9.6760224"/>
 <node id="13593731809" visible="true" version="1" changeset="178959821" timestamp="2026-02-23T20:03:34Z" user="Ropino" uid="42123" lat="53.4409471" lon="9.6760499"/>
 <node id="13593731810" visible="true" version="1" changeset="178959821" timestamp="2026-02-23T20:03:34Z" user="Ropino" uid="42123" lat="53.4409404" lon="9.6761216"/>
 <node id="13593731811" visible="true" version="1" changeset="178959821" timestamp="2026-02-23T20:03:34Z" user="Ropino" uid="42123" lat="53.4409342" lon="9.6761875"/>
 <node id="13593731812" visible="true" version="1" changeset="178959821" timestamp="2026-02-23T20:03:34Z" user="Ropino" uid="42123" lat="53.4409385" lon="9.6762079"/>
 <node id="13593731813" visible="true" version="1" changeset="178959821" timestamp="2026-02-23T20:03:34Z" user="Ropino" uid="42123" lat="53.4409355" lon="9.6762981"/>
 <node id="13593731814" visible="true" version="1" changeset="178959821" timestamp="2026-02-23T20:03:34Z" user="Ropino" uid="42123" lat="53.4409419" lon="9.6763545"/>
 <node id="13593731815" visible="true" version="1" changeset="178959821" timestamp="2026-02-23T20:03:34Z" user="Ropino" uid="42123" lat="53.4409469" lon="9.6763908"/>
 <node id="13593731816" visible="true" version="1" changeset="178959821" timestamp="2026-02-23T20:03:34Z" user="Ropino" uid="42123" lat="53.4409148" lon="9.6764332"/>
 <node id="13593731817" visible="true" version="1" changeset="178959821" timestamp="2026-02-23T20:03:34Z" user="Ropino" uid="42123" lat="53.4409000" lon="9.6764542"/>
 <node id="13593731818" visible="true" version="1" changeset="178959821" timestamp="2026-02-23T20:03:34Z" user="Ropino" uid="42123" lat="53.4408519" lon="9.6764260"/>
 <node id="13593731819" visible="true" version="1" changeset="178959821" timestamp="2026-02-23T20:03:34Z" user="Ropino" uid="42123" lat="53.4408005" lon="9.6762978"/>
 <node id="13593731820" visible="true" version="1" changeset="178959821" timestamp="2026-02-23T20:03:34Z" user="Ropino" uid="42123" lat="53.4407746" lon="9.6761375"/>
 <node id="13593731821" visible="true" version="1" changeset="178959821" timestamp="2026-02-23T20:03:34Z" user="Ropino" uid="42123" lat="53.4407542" lon="9.6759856"/>
 <node id="13593731822" visible="true" version="1" changeset="178959821" timestamp="2026-02-23T20:03:34Z" user="Ropino" uid="42123" lat="53.4407428" lon="9.6758864"/>
 <node id="13593731823" visible="true" version="1" changeset="178959821" timestamp="2026-02-23T20:03:34Z" user="Ropino" uid="42123" lat="53.4407259" lon="9.6758219"/>
 <node id="13593731824" visible="true" version="1" changeset="178959821" timestamp="2026-02-23T20:03:34Z" user="Ropino" uid="42123" lat="53.4407104" lon="9.6757728"/>
 <node id="13593731825" visible="true" version="1" changeset="178959821" timestamp="2026-02-23T20:03:34Z" user="Ropino" uid="42123" lat="53.4406915" lon="9.6757457"/>
 <node id="13593731826" visible="true" version="1" changeset="178959821" timestamp="2026-02-23T20:03:34Z" user="Ropino" uid="42123" lat="53.4406782" lon="9.6757141"/>
 <node id="13593731827" visible="true" version="1" changeset="178959821" timestamp="2026-02-23T20:03:34Z" user="Ropino" uid="42123" lat="53.4406502" lon="9.6757282"/>
 <node id="13593731828" visible="true" version="1" changeset="178959821" timestamp="2026-02-23T20:03:34Z" user="Ropino" uid="42123" lat="53.4405943" lon="9.6757250"/>
 <node id="13593731829" visible="true" version="1" changeset="178959821" timestamp="2026-02-23T20:03:34Z" user="Ropino" uid="42123" lat="53.4405410" lon="9.6757644"/>
 <node id="13593731830" visible="true" version="1" changeset="178959821" timestamp="2026-02-23T20:03:34Z" user="Ropino" uid="42123" lat="53.4403513" lon="9.6758859"/>
 <node id="13593731831" visible="true" version="1" changeset="178959821" timestamp="2026-02-23T20:03:34Z" user="Ropino" uid="42123" lat="53.4402722" lon="9.6759332"/>
 <node id="13593731832" visible="true" version="1" changeset="178959821" timestamp="2026-02-23T20:03:34Z" user="Ropino" uid="42123" lat="53.4402136" lon="9.6759916"/>
 <node id="13593731833" visible="true" version="1" changeset="178959821" timestamp="2026-02-23T20:03:34Z" user="Ropino" uid="42123" lat="53.4401794" lon="9.6760793"/>
 <node id="13593731834" visible="true" version="1" changeset="178959821" timestamp="2026-02-23T20:03:34Z" user="Ropino" uid="42123" lat="53.4401521" lon="9.6761724"/>
 <node id="13593731835" visible="true" version="1" changeset="178959821" timestamp="2026-02-23T20:03:34Z" user="Ropino" uid="42123" lat="53.4400800" lon="9.6763290"/>
 <node id="13593731836" visible="true" version="1" changeset="178959821" timestamp="2026-02-23T20:03:34Z" user="Ropino" uid="42123" lat="53.4400598" lon="9.6763771"/>
 <node id="13593731837" visible="true" version="1" changeset="178959821" timestamp="2026-02-23T20:03:34Z" user="Ropino" uid="42123" lat="53.4400355" lon="9.6764324"/>
 <node id="13593731838" visible="true" version="1" changeset="178959821" timestamp="2026-02-23T20:03:34Z" user="Ropino" uid="42123" lat="53.4400134" lon="9.6764629"/>
 <node id="13593731839" visible="true" version="1" changeset="178959821" timestamp="2026-02-23T20:03:34Z" user="Ropino" uid="42123" lat="53.4399539" lon="9.6765369"/>
 <node id="13593731840" visible="true" version="1" changeset="178959821" timestamp="2026-02-23T20:03:34Z" user="Ropino" uid="42123" lat="53.4398093" lon="9.6765092"/>
 <node id="13593731841" visible="true" version="1" changeset="178959821" timestamp="2026-02-23T20:03:34Z" user="Ropino" uid="42123" lat="53.4397712" lon="9.6764955"/>
 <node id="13593731842" visible="true" version="1" changeset="178959821" timestamp="2026-02-23T20:03:34Z" user="Ropino" uid="42123" lat="53.4397066" lon="9.6763667"/>
 <node id="13593731843" visible="true" version="1" changeset="178959821" timestamp="2026-02-23T20:03:34Z" user="Ropino" uid="42123" lat="53.4396724" lon="9.6762545"/>
 <node id="13593731844" visible="true" version="1" changeset="178959821" timestamp="2026-02-23T20:03:34Z" user="Ropino" uid="42123" lat="53.4396360" lon="9.6761080"/>
 <node id="13593731845" visible="true" version="1" changeset="178959821" timestamp="2026-02-23T20:03:34Z" user="Ropino" uid="42123" lat="53.4396239" lon="9.6760338"/>
 <node id="13593731846" visible="true" version="1" changeset="178959821" timestamp="2026-02-23T20:03:34Z" user="Ropino" uid="42123" lat="53.4395810" lon="9.6759052"/>
 <node id="13593731847" visible="true" version="1" changeset="178959821" timestamp="2026-02-23T20:03:34Z" user="Ropino" uid="42123" lat="53.4395246" lon="9.6757975"/>
 <node id="13593731848" visible="true" version="1" changeset="178959821" timestamp="2026-02-23T20:03:34Z" user="Ropino" uid="42123" lat="53.4394866" lon="9.6757400"/>
 <node id="13593731849" visible="true" version="1" changeset="178959821" timestamp="2026-02-23T20:03:34Z" user="Ropino" uid="42123" lat="53.4394393" lon="9.6756712"/>
 <node id="13593731850" visible="true" version="1" changeset="178959821" timestamp="2026-02-23T20:03:34Z" user="Ropino" uid="42123" lat="53.4394013" lon="9.6755896"/>
 <node id="13593731851" visible="true" version="1" changeset="178959821" timestamp="2026-02-23T20:03:34Z" user="Ropino" uid="42123" lat="53.4393762" lon="9.6755311"/>
 <node id="13593731852" visible="true" version="1" changeset="178959821" timestamp="2026-02-23T20:03:34Z" user="Ropino" uid="42123" lat="53.4393621" lon="9.6754720"/>
 <node id="13593731853" visible="true" version="1" changeset="178959821" timestamp="2026-02-23T20:03:34Z" user="Ropino" uid="42123" lat="53.4393818" lon="9.6753447"/>
 <node id="13593731854" visible="true" version="1" changeset="178959821" timestamp="2026-02-23T20:03:34Z" user="Ropino" uid="42123" lat="53.4394713" lon="9.6753886"/>
 <node id="13593731855" visible="true" version="1" changeset="178959821" timestamp="2026-02-23T20:03:34Z" user="Ropino" uid="42123" lat="53.4395332" lon="9.6754080"/>
 <node id="13593731856" visible="true" version="1" changeset="178959821" timestamp="2026-02-23T20:03:34Z" user="Ropino" uid="42123" lat="53.4396378" lon="9.6754493"/>
 <node id="13593731857" visible="true" version="1" changeset="178959821" timestamp="2026-02-23T20:03:34Z" user="Ropino" uid="42123" lat="53.4397199" lon="9.6754325"/>
 <node id="13593731858" visible="true" version="1" changeset="178959821" timestamp="2026-02-23T20:03:34Z" user="Ropino" uid="42123" lat="53.4398063" lon="9.6753840"/>
 <node id="13593731859" visible="true" version="1" changeset="178959821" timestamp="2026-02-23T20:03:34Z" user="Ropino" uid="42123" lat="53.4399031" lon="9.6753541"/>
 <node id="13593731860" visible="true" version="1" changeset="178959821" timestamp="2026-02-23T20:03:34Z" user="Ropino" uid="42123" lat="53.4399966" lon="9.6752589"/>
 <node id="13593731861" visible="true" version="1" changeset="178959821" timestamp="2026-02-23T20:03:34Z" user="Ropino" uid="42123" lat="53.4400606" lon="9.6752102"/>
 <node id="13593731862" visible="true" version="1" changeset="178959821" timestamp="2026-02-23T20:03:34Z" user="Ropino" uid="42123" lat="53.4401759" lon="9.6751170"/>
 <node id="13593731863" visible="true" version="1" changeset="178959821" timestamp="2026-02-23T20:03:34Z" user="Ropino" uid="42123" lat="53.4402188" lon="9.6750624"/>
 <node id="13593731864" visible="true" version="1" changeset="178959821" timestamp="2026-02-23T20:03:34Z" user="Ropino" uid="42123" lat="53.4402875" lon="9.6748922"/>
 <node id="13593731865" visible="true" version="1" changeset="178959821" timestamp="2026-02-23T20:03:34Z" user="Ropino" uid="42123" lat="53.4402925" lon="9.6748430"/>
 <node id="13593731866" visible="true" version="1" changeset="178959821" timestamp="2026-02-23T20:03:34Z" user="Ropino" uid="42123" lat="53.4402844" lon="9.6747718"/>
 <node id="13593731867" visible="true" version="1" changeset="178959821" timestamp="2026-02-23T20:03:34Z" user="Ropino" uid="42123" lat="53.4401969" lon="9.6747507"/>
 <node id="13593731868" visible="true" version="1" changeset="178959821" timestamp="2026-02-23T20:03:34Z" user="Ropino" uid="42123" lat="53.4401052" lon="9.6745993"/>
 <node id="13593731869" visible="true" version="1" changeset="178959821" timestamp="2026-02-23T20:03:34Z" user="Ropino" uid="42123" lat="53.4400550" lon="9.6745228"/>
 <node id="13593731870" visible="true" version="1" changeset="178959821" timestamp="2026-02-23T20:03:34Z" user="Ropino" uid="42123" lat="53.4400047" lon="9.6744396"/>
 <node id="13593731871" visible="true" version="1" changeset="178959821" timestamp="2026-02-23T20:03:34Z" user="Ropino" uid="42123" lat="53.4399480" lon="9.6743632"/>
 <node id="13593731872" visible="true" version="1" changeset="178959821" timestamp="2026-02-23T20:03:34Z" user="Ropino" uid="42123" lat="53.4398475" lon="9.6742194"/>
 <node id="13593731873" visible="true" version="1" changeset="178959821" timestamp="2026-02-23T20:03:34Z" user="Ropino" uid="42123" lat="53.4397305" lon="9.6740433"/>
 <node id="13593731874" visible="true" version="1" changeset="178959821" timestamp="2026-02-23T20:03:34Z" user="Ropino" uid="42123" lat="53.4396127" lon="9.6739309"/>
 <node id="13593731875" visible="true" version="1" changeset="178959821" timestamp="2026-02-23T20:03:34Z" user="Ropino" uid="42123" lat="53.4395118" lon="9.6736310"/>
 <node id="13593731876" visible="true" version="1" changeset="178959821" timestamp="2026-02-23T20:03:34Z" user="Ropino" uid="42123" lat="53.4394498" lon="9.6734776"/>
 <node id="13593731877" visible="true" version="1" changeset="178959821" timestamp="2026-02-23T20:03:34Z" user="Ropino" uid="42123" lat="53.4394184" lon="9.6734044"/>
 <node id="13593731878" visible="true" version="1" changeset="178959821" timestamp="2026-02-23T20:03:34Z" user="Ropino" uid="42123" lat="53.4393986" lon="9.6733805"/>
 <node id="13593731879" visible="true" version="1" changeset="178959821" timestamp="2026-02-23T20:03:34Z" user="Ropino" uid="42123" lat="53.4393728" lon="9.6733696"/>
 <node id="13593731880" visible="true" version="1" changeset="178959821" timestamp="2026-02-23T20:03:34Z" user="Ropino" uid="42123" lat="53.4393175" lon="9.6733838"/>
 <node id="13593731881" visible="true" version="1" changeset="178959821" timestamp="2026-02-23T20:03:34Z" user="Ropino" uid="42123" lat="53.4393020" lon="9.6733878"/>
 <node id="13593731882" visible="true" version="1" changeset="178959821" timestamp="2026-02-23T20:03:34Z" user="Ropino" uid="42123" lat="53.4392446" lon="9.6734386"/>
 <node id="13593731883" visible="true" version="1" changeset="178959821" timestamp="2026-02-23T20:03:34Z" user="Ropino" uid="42123" lat="53.4391520" lon="9.6735354"/>
 <node id="13593731884" visible="true" version="1" changeset="178959821" timestamp="2026-02-23T20:03:34Z" user="Ropino" uid="42123" lat="53.4390580" lon="9.6736428"/>
 <node id="13593731885" visible="true" version="1" changeset="178959821" timestamp="2026-02-23T20:03:34Z" user="Ropino" uid="42123" lat="53.4389457" lon="9.6737787"/>
 <node id="13593731886" visible="true" version="1" changeset="178959821" timestamp="2026-02-23T20:03:34Z" user="Ropino" uid="42123" lat="53.4388899" lon="9.6738534"/>
 <node id="13593731887" visible="true" version="1" changeset="178959821" timestamp="2026-02-23T20:03:34Z" user="Ropino" uid="42123" lat="53.4388852" lon="9.6739039"/>
 <node id="13593731888" visible="true" version="1" changeset="178959821" timestamp="2026-02-23T20:03:34Z" user="Ropino" uid="42123" lat="53.4388345" lon="9.6739625"/>
 <node id="13593731889" visible="true" version="1" changeset="178959821" timestamp="2026-02-23T20:03:34Z" user="Ropino" uid="42123" lat="53.4387107" lon="9.6740220"/>
 <node id="13593731890" visible="true" version="1" changeset="178959821" timestamp="2026-02-23T20:03:34Z" user="Ropino" uid="42123" lat="53.4385589" lon="9.6739985"/>
 <node id="13593731891" visible="true" version="1" changeset="178959821" timestamp="2026-02-23T20:03:34Z" user="Ropino" uid="42123" lat="53.4384505" lon="9.6739549"/>
 <node id="13593731892" visible="true" version="1" changeset="178959821" timestamp="2026-02-23T20:03:34Z" user="Ropino" uid="42123" lat="53.4383312" lon="9.6737835"/>
 <node id="13593731893" visible="true" version="1" changeset="178959821" timestamp="2026-02-23T20:03:34Z" user="Ropino" uid="42123" lat="53.4382797" lon="9.6735762"/>
 <node id="13593731894" visible="true" version="1" changeset="178959821" timestamp="2026-02-23T20:03:34Z" user="Ropino" uid="42123" lat="53.4382827" lon="9.6734593"/>
 <node id="13593731895" visible="true" version="1" changeset="178959821" timestamp="2026-02-23T20:03:34Z" user="Ropino" uid="42123" lat="53.4381936" lon="9.6727217"/>
 <node id="13593731896" visible="true" version="1" changeset="178959821" timestamp="2026-02-23T20:03:34Z" user="Ropino" uid="42123" lat="53.4381682" lon="9.6726485"/>
 <node id="13593731897" visible="true" version="1" changeset="178959821" timestamp="2026-02-23T20:03:34Z" user="Ropino" uid="42123" lat="53.4381179" lon="9.6726116"/>
 <node id="13593731898" visible="true" version="1" changeset="178959821" timestamp="2026-02-23T20:03:34Z" user="Ropino" uid="42123" lat="53.4380308" lon="9.6725241"/>
 <node id="13593731899" visible="true" version="1" changeset="178959821" timestamp="2026-02-23T20:03:34Z" user="Ropino" uid="42123" lat="53.4378055" lon="9.6725446"/>
 <node id="13593731900" visible="true" version="1" changeset="178959821" timestamp="2026-02-23T20:03:34Z" user="Ropino" uid="42123" lat="53.4375941" lon="9.6724442"/>
 <node id="13593731901" visible="true" version="1" changeset="178959821" timestamp="2026-02-23T20:03:34Z" user="Ropino" uid="42123" lat="53.4374014" lon="9.6723181"/>
 <node id="13593731902" visible="true" version="1" changeset="178959821" timestamp="2026-02-23T20:03:34Z" user="Ropino" uid="42123" lat="53.4372541" lon="9.6721365"/>
 <node id="13593731903" visible="true" version="1" changeset="178959821" timestamp="2026-02-23T20:03:34Z" user="Ropino" uid="42123" lat="53.4371215" lon="9.6720779"/>
 <node id="13593731904" visible="true" version="1" changeset="178959821" timestamp="2026-02-23T20:03:34Z" user="Ropino" uid="42123" lat="53.4369503" lon="9.6720910"/>
 <node id="13593731905" visible="true" version="1" changeset="178959821" timestamp="2026-02-23T20:03:34Z" user="Ropino" uid="42123" lat="53.4368196" lon="9.6719819"/>
 <node id="13593731906" visible="true" version="1" changeset="178959821" timestamp="2026-02-23T20:03:34Z" user="Ropino" uid="42123" lat="53.4367553" lon="9.6720098"/>
 <node id="13593731907" visible="true" version="1" changeset="178959821" timestamp="2026-02-23T20:03:34Z" user="Ropino" uid="42123" lat="53.4367176" lon="9.6720811"/>
 <node id="13593731908" visible="true" version="1" changeset="178959821" timestamp="2026-02-23T20:03:34Z" user="Ropino" uid="42123" lat="53.4366959" lon="9.6721221"/>
 <node id="13593731909" visible="true" version="1" changeset="178959821" timestamp="2026-02-23T20:03:34Z" user="Ropino" uid="42123" lat="53.4366703" lon="9.6721706"/>
 <node id="13593731910" visible="true" version="1" changeset="178959821" timestamp="2026-02-23T20:03:34Z" user="Ropino" uid="42123" lat="53.4366408" lon="9.6722265"/>
 <node id="13593731911" visible="true" version="1" changeset="178959821" timestamp="2026-02-23T20:03:34Z" user="Ropino" uid="42123" lat="53.4365459" lon="9.6722789"/>
 <node id="13593731912" visible="true" version="1" changeset="178959821" timestamp="2026-02-23T20:03:34Z" user="Ropino" uid="42123" lat="53.4364922" lon="9.6722535"/>
 <node id="13593731913" visible="true" version="1" changeset="178959821" timestamp="2026-02-23T20:03:34Z" user="Ropino" uid="42123" lat="53.4362576" lon="9.6720677"/>
 <node id="13593731914" visible="true" version="1" changeset="178959821" timestamp="2026-02-23T20:03:34Z" user="Ropino" uid="42123" lat="53.4361223" lon="9.6720016"/>
 <node id="13593731915" visible="true" version="1" changeset="178959821" timestamp="2026-02-23T20:03:34Z" user="Ropino" uid="42123" lat="53.4359589" lon="9.6719340"/>
 <node id="13593731916" visible="true" version="1" changeset="178959821" timestamp="2026-02-23T20:03:34Z" user="Ropino" uid="42123" lat="53.4358362" lon="9.6718457"/>
 <node id="13593731917" visible="true" version="1" changeset="178959821" timestamp="2026-02-23T20:03:34Z" user="Ropino" uid="42123" lat="53.4357416" lon="9.6717777"/>
 <node id="13593731918" visible="true" version="1" changeset="178959821" timestamp="2026-02-23T20:03:34Z" user="Ropino" uid="42123" lat="53.4356754" lon="9.6716108"/>
 <node id="13593731919" visible="true" version="1" changeset="178959821" timestamp="2026-02-23T20:03:34Z" user="Ropino" uid="42123" lat="53.4356503" lon="9.6715912"/>
 <node id="13593731920" visible="true" version="1" changeset="178959821" timestamp="2026-02-23T20:03:34Z" user="Ropino" uid="42123" lat="53.4356066" lon="9.6716168"/>
 <node id="13593731921" visible="true" version="1" changeset="178959821" timestamp="2026-02-23T20:03:34Z" user="Ropino" uid="42123" lat="53.4355368" lon="9.6718101"/>
 <node id="13593731922" visible="true" version="1" changeset="178959821" timestamp="2026-02-23T20:03:34Z" user="Ropino" uid="42123" lat="53.4354986" lon="9.6718064"/>
 <node id="13593731923" visible="true" version="1" changeset="178959821" timestamp="2026-02-23T20:03:34Z" user="Ropino" uid="42123" lat="53.4353584" lon="9.6715969"/>
 <node id="13593731924" visible="true" version="1" changeset="178959821" timestamp="2026-02-23T20:03:34Z" user="Ropino" uid="42123" lat="53.4353057" lon="9.6714635"/>
 <node id="13593731925" visible="true" version="1" changeset="178959821" timestamp="2026-02-23T20:03:34Z" user="Ropino" uid="42123" lat="53.4352545" lon="9.6714432"/>
 <node id="13593731926" visible="true" version="1" changeset="178959821" timestamp="2026-02-23T20:03:34Z" user="Ropino" uid="42123" lat="53.4352152" lon="9.6714557"/>
 <node id="13593731927" visible="true" version="1" changeset="178959821" timestamp="2026-02-23T20:03:34Z" user="Ropino" uid="42123" lat="53.4351579" lon="9.6714739"/>
 <node id="13593731928" visible="true" version="1" changeset="178959821" timestamp="2026-02-23T20:03:34Z" user="Ropino" uid="42123" lat="53.4350849" lon="9.6715682"/>
 <node id="13593731929" visible="true" version="1" changeset="178959821" timestamp="2026-02-23T20:03:34Z" user="Ropino" uid="42123" lat="53.4350061" lon="9.6716926"/>
 <node id="13593731930" visible="true" version="1" changeset="178959821" timestamp="2026-02-23T20:03:34Z" user="Ropino" uid="42123" lat="53.4349211" lon="9.6717847"/>
 <node id="13593731931" visible="true" version="1" changeset="178959821" timestamp="2026-02-23T20:03:34Z" user="Ropino" uid="42123" lat="53.4349055" lon="9.6718016"/>
 <node id="13593731932" visible="true" version="1" changeset="178959821" timestamp="2026-02-23T20:03:34Z" user="Ropino" uid="42123" lat="53.4348608" lon="9.6718576"/>
 <node id="13593731933" visible="true" version="1" changeset="178959821" timestamp="2026-02-23T20:03:34Z" user="Ropino" uid="42123" lat="53.4347637" lon="9.6719470"/>
 <node id="13593731934" visible="true" version="1" changeset="178959821" timestamp="2026-02-23T20:03:34Z" user="Ropino" uid="42123" lat="53.4346645" lon="9.6720268"/>
 <node id="13593731935" visible="true" version="1" changeset="178959821" timestamp="2026-02-23T20:03:34Z" user="Ropino" uid="42123" lat="53.4345880" lon="9.6720647"/>
 <node id="13593731936" visible="true" version="1" changeset="178959821" timestamp="2026-02-23T20:03:34Z" user="Ropino" uid="42123" lat="53.4345800" lon="9.6720903"/>
 <node id="13593731937" visible="true" version="1" changeset="178959821" timestamp="2026-02-23T20:03:34Z" user="Ropino" uid="42123" lat="53.4345506" lon="9.6721241"/>
 <node id="13593731938" visible="true" version="1" changeset="178959821" timestamp="2026-02-23T20:03:34Z" user="Ropino" uid="42123" lat="53.4345211" lon="9.6720704"/>
 <node id="13593731939" visible="true" version="1" changeset="178959821" timestamp="2026-02-23T20:03:34Z" user="Ropino" uid="42123" lat="53.4344974" lon="9.6720474"/>
 <node id="13593731940" visible="true" version="1" changeset="178959821" timestamp="2026-02-23T20:03:34Z" user="Ropino" uid="42123" lat="53.4344465" lon="9.6720619"/>
 <node id="13593731941" visible="true" version="1" changeset="178959821" timestamp="2026-02-23T20:03:34Z" user="Ropino" uid="42123" lat="53.4343922" lon="9.6720463"/>
 <node id="13593731942" visible="true" version="1" changeset="178959821" timestamp="2026-02-23T20:03:34Z" user="Ropino" uid="42123" lat="53.4343073" lon="9.6719367"/>
 <node id="13593731943" visible="true" version="1" changeset="178959821" timestamp="2026-02-23T20:03:34Z" user="Ropino" uid="42123" lat="53.4342239" lon="9.6718794"/>
 <node id="13593731944" visible="true" version="1" changeset="178959821" timestamp="2026-02-23T20:03:34Z" user="Ropino" uid="42123" lat="53.4341809" lon="9.6718798"/>
 <node id="13593731945" visible="true" version="1" changeset="178959821" timestamp="2026-02-23T20:03:34Z" user="Ropino" uid="42123" lat="53.4341450" lon="9.6719191"/>
 <node id="13593731946" visible="true" version="1" changeset="178959821" timestamp="2026-02-23T20:03:34Z" user="Ropino" uid="42123" lat="53.4340386" lon="9.6720351"/>
 <node id="13593731947" visible="true" version="1" changeset="178959821" timestamp="2026-02-23T20:03:34Z" user="Ropino" uid="42123" lat="53.4339814" lon="9.6720975"/>
 <node id="13593731948" visible="true" version="1" changeset="178959821" timestamp="2026-02-23T20:03:34Z" user="Ropino" uid="42123" lat="53.4339288" lon="9.6721149"/>
 <node id="13593731949" visible="true" version="1" changeset="178959821" timestamp="2026-02-23T20:03:34Z" user="Ropino" uid="42123" lat="53.4338792" lon="9.6721194"/>
 <node id="13593731950" visible="true" version="1" changeset="178959821" timestamp="2026-02-23T20:03:34Z" user="Ropino" uid="42123" lat="53.4338026" lon="9.6721098"/>
 <node id="13593731951" visible="true" version="1" changeset="178959821" timestamp="2026-02-23T20:03:34Z" user="Ropino" uid="42123" lat="53.4335048" lon="9.6720728"/>
 <node id="13593731952" visible="true" version="1" changeset="178959821" timestamp="2026-02-23T20:03:34Z" user="Ropino" uid="42123" lat="53.4332692" lon="9.6720549"/>
 <node id="13593731953" visible="true" version="1" changeset="178959821" timestamp="2026-02-23T20:03:34Z" user="Ropino" uid="42123" lat="53.4332597" lon="9.6720641"/>
 <node id="13593731954" visible="true" version="1" changeset="178959821" timestamp="2026-02-23T20:03:34Z" user="Ropino" uid="42123" lat="53.4331283" lon="9.6719723"/>
 <node id="13593731955" visible="true" version="1" changeset="178959821" timestamp="2026-02-23T20:03:34Z" user="Ropino" uid="42123" lat="53.4330081" lon="9.6717914"/>
 <node id="13593731956" visible="true" version="1" changeset="178959821" timestamp="2026-02-23T20:03:34Z" user="Ropino" uid="42123" lat="53.4330061" lon="9.6717714"/>
 <node id="13593731957" visible="true" version="1" changeset="178959821" timestamp="2026-02-23T20:03:34Z" user="Ropino" uid="42123" lat="53.4329883" lon="9.6717302"/>
 <node id="13593731958" visible="true" version="1" changeset="178959821" timestamp="2026-02-23T20:03:34Z" user="Ropino" uid="42123" lat="53.4329205" lon="9.6716583"/>
 <node id="13593731959" visible="true" version="1" changeset="178959821" timestamp="2026-02-23T20:03:34Z" user="Ropino" uid="42123" lat="53.4328029" lon="9.6716610"/>
 <node id="13593731960" visible="true" version="1" changeset="178959821" timestamp="2026-02-23T20:03:34Z" user="Ropino" uid="42123" lat="53.4327281" lon="9.6717362"/>
 <node id="13593731961" visible="true" version="1" changeset="178959821" timestamp="2026-02-23T20:03:34Z" user="Ropino" uid="42123" lat="53.4325361" lon="9.6721350"/>
 <node id="13593731962" visible="true" version="1" changeset="178959821" timestamp="2026-02-23T20:03:34Z" user="Ropino" uid="42123" lat="53.4325148" lon="9.6722833"/>
 <node id="13593731963" visible="true" version="1" changeset="178959821" timestamp="2026-02-23T20:03:34Z" user="Ropino" uid="42123" lat="53.4324643" lon="9.6724034"/>
 <node id="13593731964" visible="true" version="1" changeset="178959821" timestamp="2026-02-23T20:03:34Z" user="Ropino" uid="42123" lat="53.4323832" lon="9.6724996"/>
 <node id="13593731965" visible="true" version="1" changeset="178959821" timestamp="2026-02-23T20:03:34Z" user="Ropino" uid="42123" lat="53.4323417" lon="9.6725043"/>
 <node id="13593731966" visible="true" version="1" changeset="178959821" timestamp="2026-02-23T20:03:34Z" user="Ropino" uid="42123" lat="53.4321974" lon="9.6724073"/>
 <node id="13593731967" visible="true" version="1" changeset="178959821" timestamp="2026-02-23T20:03:34Z" user="Ropino" uid="42123" lat="53.4320509" lon="9.6721645"/>
 <node id="13593731968" visible="true" version="1" changeset="178959821" timestamp="2026-02-23T20:03:34Z" user="Ropino" uid="42123" lat="53.4320815" lon="9.6720195"/>
 <node id="13593731969" visible="true" version="1" changeset="178959821" timestamp="2026-02-23T20:03:34Z" user="Ropino" uid="42123" lat="53.4320787" lon="9.6719251"/>
 <node id="13593731970" visible="true" version="1" changeset="178959821" timestamp="2026-02-23T20:03:34Z" user="Ropino" uid="42123" lat="53.4322497" lon="9.6714143"/>
 <node id="13593731971" visible="true" version="1" changeset="178959821" timestamp="2026-02-23T20:03:34Z" user="Ropino" uid="42123" lat="53.4322848" lon="9.6713096"/>
 <node id="13593731972" visible="true" version="1" changeset="178959821" timestamp="2026-02-23T20:03:34Z" user="Ropino" uid="42123" lat="53.4323236" lon="9.6711937"/>
 <node id="13593731973" visible="true" version="1" changeset="178959821" timestamp="2026-02-23T20:03:34Z" user="Ropino" uid="42123" lat="53.4323290" lon="9.6711481"/>
 <node id="13593731974" visible="true" version="1" changeset="178959821" timestamp="2026-02-23T20:03:34Z" user="Ropino" uid="42123" lat="53.4323018" lon="9.6710891"/>
 <node id="13593731975" visible="true" version="1" changeset="178959821" timestamp="2026-02-23T20:03:34Z" user="Ropino" uid="42123" lat="53.4322405" lon="9.6710444"/>
 <node id="13593731976" visible="true" version="1" changeset="178959821" timestamp="2026-02-23T20:03:34Z" user="Ropino" uid="42123" lat="53.4321946" lon="9.6710451"/>
 <node id="13593731977" visible="true" version="1" changeset="178959821" timestamp="2026-02-23T20:03:34Z" user="Ropino" uid="42123" lat="53.4319162" lon="9.6710795"/>
 <node id="13593731978" visible="true" version="1" changeset="178959821" timestamp="2026-02-23T20:03:34Z" user="Ropino" uid="42123" lat="53.4317916" lon="9.6710949"/>
 <node id="13593731979" visible="true" version="1" changeset="178959821" timestamp="2026-02-23T20:03:34Z" user="Ropino" uid="42123" lat="53.4316149" lon="9.6709907"/>
 <node id="13593731980" visible="true" version="1" changeset="178959821" timestamp="2026-02-23T20:03:34Z" user="Ropino" uid="42123" lat="53.4314809" lon="9.6708769"/>
 <node id="13593731981" visible="true" version="1" changeset="178959821" timestamp="2026-02-23T20:03:34Z" user="Ropino" uid="42123" lat="53.4313665" lon="9.6708435"/>
 <node id="13593731982" visible="true" version="1" changeset="178959821" timestamp="2026-02-23T20:03:34Z" user="Ropino" uid="42123" lat="53.4312767" lon="9.6707872"/>
 <node id="13593731983" visible="true" version="1" changeset="178959821" timestamp="2026-02-23T20:03:34Z" user="Ropino" uid="42123" lat="53.4313005" lon="9.6706797"/>
 <node id="13593731984" visible="true" version="1" changeset="178959821" timestamp="2026-02-23T20:03:34Z" user="Ropino" uid="42123" lat="53.4314094" lon="9.6705497"/>
 <node id="13593731985" visible="true" version="1" changeset="178959821" timestamp="2026-02-23T20:03:34Z" user="Ropino" uid="42123" lat="53.4315798" lon="9.6703638"/>
 <node id="13593731986" visible="true" version="1" changeset="178959821" timestamp="2026-02-23T20:03:34Z" user="Ropino" uid="42123" lat="53.4315813" lon="9.6702441"/>
 <node id="13593731987" visible="true" version="1" changeset="178959821" timestamp="2026-02-23T20:03:34Z" user="Ropino" uid="42123" lat="53.4314398" lon="9.6699844"/>
 <node id="13593731988" visible="true" version="1" changeset="178959821" timestamp="2026-02-23T20:03:34Z" user="Ropino" uid="42123" lat="53.4314093" lon="9.6698600"/>
 <node id="13593731989" visible="true" version="1" changeset="178959821" timestamp="2026-02-23T20:03:34Z" user="Ropino" uid="42123" lat="53.4314198" lon="9.6698075"/>
 <node id="13593731990" visible="true" version="1" changeset="178959821" timestamp="2026-02-23T20:03:34Z" user="Ropino" uid="42123" lat="53.4314850" lon="9.6697428"/>
 <node id="13593731991" visible="true" version="1" changeset="178959821" timestamp="2026-02-23T20:03:34Z" user="Ropino" uid="42123" lat="53.4315820" lon="9.6697699"/>
 <node id="13593731992" visible="true" version="1" changeset="178959821" timestamp="2026-02-23T20:03:34Z" user="Ropino" uid="42123" lat="53.4316319" lon="9.6696493"/>
 <node id="13593731993" visible="true" version="1" changeset="178959821" timestamp="2026-02-23T20:03:34Z" user="Ropino" uid="42123" lat="53.4316050" lon="9.6695740"/>
 <node id="13593731994" visible="true" version="1" changeset="178959821" timestamp="2026-02-23T20:03:34Z" user="Ropino" uid="42123" lat="53.4315561" lon="9.6694369"/>
 <node id="13593731995" visible="true" version="1" changeset="178959821" timestamp="2026-02-23T20:03:34Z" user="Ropino" uid="42123" lat="53.4314531" lon="9.6693752"/>
 <node id="13593731996" visible="true" version="1" changeset="178959821" timestamp="2026-02-23T20:03:34Z" user="Ropino" uid="42123" lat="53.4313977" lon="9.6692647"/>
 <node id="13593731997" visible="true" version="1" changeset="178959821" timestamp="2026-02-23T20:03:34Z" user="Ropino" uid="42123" lat="53.4313856" lon="9.6690565"/>
 <node id="13593731998" visible="true" version="1" changeset="178959821" timestamp="2026-02-23T20:03:34Z" user="Ropino" uid="42123" lat="53.4313687" lon="9.6690049"/>
 <node id="13593731999" visible="true" version="1" changeset="178959821" timestamp="2026-02-23T20:03:34Z" user="Ropino" uid="42123" lat="53.4313026" lon="9.6689624"/>
 <node id="13593732000" visible="true" version="1" changeset="178959821" timestamp="2026-02-23T20:03:34Z" user="Ropino" uid="42123" lat="53.4312256" lon="9.6689686"/>
 <node id="13593732001" visible="true" version="1" changeset="178959821" timestamp="2026-02-23T20:03:34Z" user="Ropino" uid="42123" lat="53.4308829" lon="9.6694477"/>
 <node id="13593732002" visible="true" version="1" changeset="178959821" timestamp="2026-02-23T20:03:34Z" user="Ropino" uid="42123" lat="53.4308515" lon="9.6695040"/>
 <node id="13593732003" visible="true" version="1" changeset="178959821" timestamp="2026-02-23T20:03:34Z" user="Ropino" uid="42123" lat="53.4307757" lon="9.6697283"/>
 <node id="13593732004" visible="true" version="1" changeset="178959821" timestamp="2026-02-23T20:03:34Z" user="Ropino" uid="42123" lat="53.4307121" lon="9.6698610"/>
 <node id="13593732005" visible="true" version="1" changeset="178959821" timestamp="2026-02-23T20:03:34Z" user="Ropino" uid="42123" lat="53.4306340" lon="9.6699900"/>
 <node id="13593732006" visible="true" version="1" changeset="178959821" timestamp="2026-02-23T20:03:34Z" user="Ropino" uid="42123" lat="53.4306100" lon="9.6700584"/>
 <node id="13593732007" visible="true" version="1" changeset="178959821" timestamp="2026-02-23T20:03:34Z" user="Ropino" uid="42123" lat="53.4306014" lon="9.6700830"/>
 <node id="13593732008" visible="true" version="1" changeset="178959821" timestamp="2026-02-23T20:03:34Z" user="Ropino" uid="42123" lat="53.4304542" lon="9.6701523"/>
 <node id="13593732009" visible="true" version="1" changeset="178959821" timestamp="2026-02-23T20:03:34Z" user="Ropino" uid="42123" lat="53.4303532" lon="9.6701998"/>
 <node id="13593732010" visible="true" version="1" changeset="178959821" timestamp="2026-02-23T20:03:34Z" user="Ropino" uid="42123" lat="53.4302139" lon="9.6702174"/>
 <node id="13593732011" visible="true" version="1" changeset="178959821" timestamp="2026-02-23T20:03:34Z" user="Ropino" uid="42123" lat="53.4300829" lon="9.6701630"/>
 <node id="13593732012" visible="true" version="1" changeset="178959821" timestamp="2026-02-23T20:03:34Z" user="Ropino" uid="42123" lat="53.4300333" lon="9.6701424"/>
 <node id="13593732013" visible="true" version="1" changeset="178959821" timestamp="2026-02-23T20:03:34Z" user="Ropino" uid="42123" lat="53.4300126" lon="9.6701462"/>
 <node id="13593732014" visible="true" version="1" changeset="178959821" timestamp="2026-02-23T20:03:34Z" user="Ropino" uid="42123" lat="53.4299301" lon="9.6702110"/>
 <node id="13593732015" visible="true" version="1" changeset="178959821" timestamp="2026-02-23T20:03:34Z" user="Ropino" uid="42123" lat="53.4298282" lon="9.6703786"/>
 <node id="13593732016" visible="true" version="1" changeset="178959821" timestamp="2026-02-23T20:03:34Z" user="Ropino" uid="42123" lat="53.4297374" lon="9.6704663"/>
 <node id="13593732017" visible="true" version="1" changeset="178959821" timestamp="2026-02-23T20:03:34Z" user="Ropino" uid="42123" lat="53.4297103" lon="9.6705510"/>
 <node id="13593732018" visible="true" version="1" changeset="178959821" timestamp="2026-02-23T20:03:34Z" user="Ropino" uid="42123" lat="53.4297106" lon="9.6706473"/>
 <node id="13593732019" visible="true" version="1" changeset="178959821" timestamp="2026-02-23T20:03:34Z" user="Ropino" uid="42123" lat="53.4297313" lon="9.6709938"/>
 <node id="13593732020" visible="true" version="1" changeset="178959821" timestamp="2026-02-23T20:03:34Z" user="Ropino" uid="42123" lat="53.4296582" lon="9.6712962"/>
 <node id="13593732021" visible="true" version="1" changeset="178959821" timestamp="2026-02-23T20:03:34Z" user="Ropino" uid="42123" lat="53.4295059" lon="9.6713552"/>
 <node id="13593732022" visible="true" version="1" changeset="178959821" timestamp="2026-02-23T20:03:34Z" user="Ropino" uid="42123" lat="53.4294668" lon="9.6713140"/>
 <node id="13593732023" visible="true" version="1" changeset="178959821" timestamp="2026-02-23T20:03:34Z" user="Ropino" uid="42123" lat="53.4293802" lon="9.6711299"/>
 <node id="13593732024" visible="true" version="1" changeset="178959821" timestamp="2026-02-23T20:03:34Z" user="Ropino" uid="42123" lat="53.4291497" lon="9.6708341"/>
 <node id="13593732025" visible="true" version="1" changeset="178959821" timestamp="2026-02-23T20:03:34Z" user="Ropino" uid="42123" lat="53.4289148" lon="9.6707022"/>
 <node id="13593732026" visible="true" version="1" changeset="178959821" timestamp="2026-02-23T20:03:34Z" user="Ropino" uid="42123" lat="53.4288782" lon="9.6707273"/>
 <node id="13593732027" visible="true" version="1" changeset="178959821" timestamp="2026-02-23T20:03:34Z" user="Ropino" uid="42123" lat="53.4287484" lon="9.6708910"/>
 <node id="13593732028" visible="true" version="1" changeset="178959821" timestamp="2026-02-23T20:03:34Z" user="Ropino" uid="42123" lat="53.4285929" lon="9.6711593"/>
 <node id="13593732029" visible="true" version="1" changeset="178959821" timestamp="2026-02-23T20:03:34Z" user="Ropino" uid="42123" lat="53.4285107" lon="9.6712970"/>
 <node id="13593732030" visible="true" version="1" changeset="178959821" timestamp="2026-02-23T20:03:34Z" user="Ropino" uid="42123" lat="53.4284889" lon="9.6713336"/>
 <node id="13593732031" visible="true" version="1" changeset="178959821" timestamp="2026-02-23T20:03:34Z" user="Ropino" uid="42123" lat="53.4284383" lon="9.6713767"/>
 <node id="13593732032" visible="true" version="1" changeset="178959821" timestamp="2026-02-23T20:03:34Z" user="Ropino" uid="42123" lat="53.4283537" lon="9.6714034"/>
 <node id="13593732033" visible="true" version="1" changeset="178959821" timestamp="2026-02-23T20:03:34Z" user="Ropino" uid="42123" lat="53.4283591" lon="9.6713722"/>
 <node id="13593732034" visible="true" version="1" changeset="178959821" timestamp="2026-02-23T20:03:34Z" user="Ropino" uid="42123" lat="53.4283677" lon="9.6713226"/>
 <node id="13593732035" visible="true" version="1" changeset="178959821" timestamp="2026-02-23T20:03:34Z" user="Ropino" uid="42123" lat="53.4281706" lon="9.6713181"/>
 <node id="13593732036" visible="true" version="1" changeset="178959821" timestamp="2026-02-23T20:03:34Z" user="Ropino" uid="42123" lat="53.4280823" lon="9.6713785"/>
 <node id="13593732037" visible="true" version="1" changeset="178959821" timestamp="2026-02-23T20:03:34Z" user="Ropino" uid="42123" lat="53.4279716" lon="9.6715327"/>
 <node id="13593732038" visible="true" version="1" changeset="178959821" timestamp="2026-02-23T20:03:34Z" user="Ropino" uid="42123" lat="53.4279506" lon="9.6713090"/>
 <node id="13593732039" visible="true" version="1" changeset="178959821" timestamp="2026-02-23T20:03:34Z" user="Ropino" uid="42123" lat="53.4278834" lon="9.6708416"/>
 <node id="13593732040" visible="true" version="1" changeset="178959821" timestamp="2026-02-23T20:03:34Z" user="Ropino" uid="42123" lat="53.4277317" lon="9.6708248"/>
 <node id="13593732041" visible="true" version="1" changeset="178959821" timestamp="2026-02-23T20:03:34Z" user="Ropino" uid="42123" lat="53.4275777" lon="9.6708425"/>
 <node id="13593732042" visible="true" version="1" changeset="178959821" timestamp="2026-02-23T20:03:34Z" user="Ropino" uid="42123" lat="53.4273991" lon="9.6709143"/>
 <node id="13593732043" visible="true" version="1" changeset="178959821" timestamp="2026-02-23T20:03:34Z" user="Ropino" uid="42123" lat="53.4273453" lon="9.6709065"/>
 <node id="13593732044" visible="true" version="1" changeset="178959821" timestamp="2026-02-23T20:03:34Z" user="Ropino" uid="42123" lat="53.4272871" lon="9.6708564"/>
 <node id="13593732045" visible="true" version="1" changeset="178959821" timestamp="2026-02-23T20:03:34Z" user="Ropino" uid="42123" lat="53.4272518" lon="9.6707895"/>
 <node id="13593732046" visible="true" version="1" changeset="178959821" timestamp="2026-02-23T20:03:34Z" user="Ropino" uid="42123" lat="53.4271653" lon="9.6707978"/>
 <node id="13593732047" visible="true" version="1" changeset="178959821" timestamp="2026-02-23T20:03:34Z" user="Ropino" uid="42123" lat="53.4269652" lon="9.6708277"/>
 <node id="13593732048" visible="true" version="1" changeset="178959821" timestamp="2026-02-23T20:03:34Z" user="Ropino" uid="42123" lat="53.4269262" lon="9.6704733"/>
 <node id="13593732049" visible="true" version="1" changeset="178959821" timestamp="2026-02-23T20:03:34Z" user="Ropino" uid="42123" lat="53.4268985" lon="9.6703407"/>
 <node id="13593732050" visible="true" version="1" changeset="178959821" timestamp="2026-02-23T20:03:34Z" user="Ropino" uid="42123" lat="53.4268687" lon="9.6702652"/>
 <node id="13593732051" visible="true" version="1" changeset="178959821" timestamp="2026-02-23T20:03:34Z" user="Ropino" uid="42123" lat="53.4268275" lon="9.6702175"/>
 <node id="13593732052" visible="true" version="1" changeset="178959821" timestamp="2026-02-23T20:03:34Z" user="Ropino" uid="42123" lat="53.4267637" lon="9.6701790"/>
 <node id="13593732220" visible="true" version="1" changeset="178959821" timestamp="2026-02-23T20:03:34Z" user="Ropino" uid="42123" lat="53.4516920" lon="9.6919976"/>
 <node id="13593732221" visible="true" version="1" changeset="178959821" timestamp="2026-02-23T20:03:34Z" user="Ropino" uid="42123" lat="53.4514770" lon="9.6929950"/>
 <node id="13593732222" visible="true" version="1" changeset="178959821" timestamp="2026-02-23T20:03:34Z" user="Ropino" uid="42123" lat="53.4512800" lon="9.6938765"/>
 <node id="13593732223" visible="true" version="1" changeset="178959821" timestamp="2026-02-23T20:03:34Z" user="Ropino" uid="42123" lat="53.4511140" lon="9.6946243"/>
 <node id="13593732224" visible="true" version="1" changeset="178959821" timestamp="2026-02-23T20:03:34Z" user="Ropino" uid="42123" lat="53.4511012" lon="9.6946816"/>
 <node id="13593732225" visible="true" version="1" changeset="178959821" timestamp="2026-02-23T20:03:34Z" user="Ropino" uid="42123" lat="53.4511001" lon="9.6946864"/>
 <node id="13593732226" visible="true" version="1" changeset="178959821" timestamp="2026-02-23T20:03:34Z" user="Ropino" uid="42123" lat="53.4510947" lon="9.6947093"/>
 <node id="13593732227" visible="true" version="1" changeset="178959821" timestamp="2026-02-23T20:03:34Z" user="Ropino" uid="42123" lat="53.4510851" lon="9.6947498"/>
 <node id="13593732228" visible="true" version="1" changeset="178959821" timestamp="2026-02-23T20:03:34Z" user="Ropino" uid="42123" lat="53.4510687" lon="9.6948304"/>
 <node id="13593732229" visible="true" version="1" changeset="178959821" timestamp="2026-02-23T20:03:34Z" user="Ropino" uid="42123" lat="53.4510652" lon="9.6948482"/>
 <node id="13593732230" visible="true" version="1" changeset="178959821" timestamp="2026-02-23T20:03:34Z" user="Ropino" uid="42123" lat="53.4510419" lon="9.6949522"/>
 <node id="13593732231" visible="true" version="1" changeset="178959821" timestamp="2026-02-23T20:03:34Z" user="Ropino" uid="42123" lat="53.4507242" lon="9.6963669"/>
 <node id="13593732232" visible="true" version="1" changeset="178959821" timestamp="2026-02-23T20:03:34Z" user="Ropino" uid="42123" lat="53.4505563" lon="9.6971148"/>
 <node id="13593732233" visible="true" version="1" changeset="178959821" timestamp="2026-02-23T20:03:34Z" user="Ropino" uid="42123" lat="53.4493160" lon="9.6971160"/>
 <node id="13593732234" visible="true" version="1" changeset="178959821" timestamp="2026-02-23T20:03:34Z" user="Ropino" uid="42123" lat="53.4475354" lon="9.6971182"/>
 <node id="13593732235" visible="true" version="1" changeset="178959821" timestamp="2026-02-23T20:03:34Z" user="Ropino" uid="42123" lat="53.4464331" lon="9.6971057"/>
 <node id="13593732236" visible="true" version="1" changeset="178959821" timestamp="2026-02-23T20:03:34Z" user="Ropino" uid="42123" lat="53.4460915" lon="9.6971014"/>
 <node id="13593732237" visible="true" version="1" changeset="178959821" timestamp="2026-02-23T20:03:34Z" user="Ropino" uid="42123" lat="53.4458085" lon="9.6970979"/>
 <node id="13593732238" visible="true" version="1" changeset="178959821" timestamp="2026-02-23T20:03:34Z" user="Ropino" uid="42123" lat="53.4457180" lon="9.6970976"/>
 <node id="13593732239" visible="true" version="1" changeset="178959821" timestamp="2026-02-23T20:03:34Z" user="Ropino" uid="42123" lat="53.4454332" lon="9.6976308"/>
 <node id="13593732240" visible="true" version="1" changeset="178959821" timestamp="2026-02-23T20:03:34Z" user="Ropino" uid="42123" lat="53.4449986" lon="9.6984443"/>
 <node id="13593732241" visible="true" version="1" changeset="178959821" timestamp="2026-02-23T20:03:34Z" user="Ropino" uid="42123" lat="53.4441192" lon="9.7000904"/>
 <node id="13593732242" visible="true" version="1" changeset="178959821" timestamp="2026-02-23T20:03:34Z" user="Ropino" uid="42123" lat="53.4439108" lon="9.7004806"/>
 <node id="13593732243" visible="true" version="1" changeset="178959821" timestamp="2026-02-23T20:03:34Z" user="Ropino" uid="42123" lat="53.4432101" lon="9.7004858"/>
 <node id="13593732244" visible="true" version="1" changeset="178959821" timestamp="2026-02-23T20:03:34Z" user="Ropino" uid="42123" lat="53.4428784" lon="9.7004882"/>
 <node id="13593732245" visible="true" version="1" changeset="178959821" timestamp="2026-02-23T20:03:34Z" user="Ropino" uid="42123" lat="53.4427900" lon="9.7025405"/>
 <node id="13593732246" visible="true" version="1" changeset="178959821" timestamp="2026-02-23T20:03:34Z" user="Ropino" uid="42123" lat="53.4427420" lon="9.7036535"/>
 <node id="13593732247" visible="true" version="1" changeset="178959821" timestamp="2026-02-23T20:03:34Z" user="Ropino" uid="42123" lat="53.4427252" lon="9.7040438"/>
 <node id="13593732248" visible="true" version="1" changeset="178959821" timestamp="2026-02-23T20:03:34Z" user="Ropino" uid="42123" lat="53.4426893" lon="9.7048766"/>
 <node id="13593732249" visible="true" version="1" changeset="178959821" timestamp="2026-02-23T20:03:34Z" user="Ropino" uid="42123" lat="53.4426835" lon="9.7050120"/>
 <node id="13593732250" visible="true" version="1" changeset="178959821" timestamp="2026-02-23T20:03:34Z" user="Ropino" uid="42123" lat="53.4426452" lon="9.7059024"/>
 <node id="13593732251" visible="true" version="1" changeset="178959821" timestamp="2026-02-23T20:03:34Z" user="Ropino" uid="42123" lat="53.4426158" lon="9.7065864"/>
 <node id="13593732252" visible="true" version="1" changeset="178959821" timestamp="2026-02-23T20:03:34Z" user="Ropino" uid="42123" lat="53.4423302" lon="9.7065729"/>
 <node id="13593732253" visible="true" version="1" changeset="178959821" timestamp="2026-02-23T20:03:34Z" user="Ropino" uid="42123" lat="53.4414248" lon="9.7065302"/>
 <node id="13593732254" visible="true" version="1" changeset="178959821" timestamp="2026-02-23T20:03:34Z" user="Ropino" uid="42123" lat="53.4414117" lon="9.7073069"/>
 <node id="13593732255" visible="true" version="1" changeset="178959821" timestamp="2026-02-23T20:03:34Z" user="Ropino" uid="42123" lat="53.4413966" lon="9.7082095"/>
 <node id="13593732256" visible="true" version="1" changeset="178959821" timestamp="2026-02-23T20:03:34Z" user="Ropino" uid="42123" lat="53.4413470" lon="9.7102276"/>
 <node id="13593732257" visible="true" version="1" changeset="178959821" timestamp="2026-02-23T20:03:34Z" user="Ropino" uid="42123" lat="53.4407013" lon="9.7103998"/>
 <node id="13593732258" visible="true" version="1" changeset="178959821" timestamp="2026-02-23T20:03:34Z" user="Ropino" uid="42123" lat="53.4400142" lon="9.7105831"/>
 <node id="13593732259" visible="true" version="1" changeset="178959821" timestamp="2026-02-23T20:03:34Z" user="Ropino" uid="42123" lat="53.4400169" lon="9.7106562"/>
 <node id="13593732260" visible="true" version="1" changeset="178959821" timestamp="2026-02-23T20:03:34Z" user="Ropino" uid="42123" lat="53.4400173" lon="9.7106697"/>
 <node id="13593732261" visible="true" version="1" changeset="178959821" timestamp="2026-02-23T20:03:34Z" user="Ropino" uid="42123" lat="53.4400384" lon="9.7114606"/>
 <node id="13593732262" visible="true" version="1" changeset="178959821" timestamp="2026-02-23T20:03:34Z" user="Ropino" uid="42123" lat="53.4400500" lon="9.7118970"/>
 <node id="13593732263" visible="true" version="1" changeset="178959821" timestamp="2026-02-23T20:03:34Z" user="Ropino" uid="42123" lat="53.4575369" lon="9.6868226"/>
 <node id="13593732264" visible="true" version="1" changeset="178959821" timestamp="2026-02-23T20:03:34Z" user="Ropino" uid="42123" lat="53.4575263" lon="9.6867689"/>
 <node id="13593732265" visible="true" version="1" changeset="178959821" timestamp="2026-02-23T20:03:34Z" user="Ropino" uid="42123" lat="53.4574728" lon="9.6866105"/>
 <node id="13593732266" visible="true" version="1" changeset="178959821" timestamp="2026-02-23T20:03:34Z" user="Ropino" uid="42123" lat="53.4573597" lon="9.6864499"/>
 <node id="13593732267" visible="true" version="1" changeset="178959821" timestamp="2026-02-23T20:03:34Z" user="Ropino" uid="42123" lat="53.4572419" lon="9.6863754"/>
 <node id="13593732268" visible="true" version="1" changeset="178959821" timestamp="2026-02-23T20:03:34Z" user="Ropino" uid="42123" lat="53.4570621" lon="9.6863122"/>
 <node id="13593732269" visible="true" version="1" changeset="178959821" timestamp="2026-02-23T20:03:34Z" user="Ropino" uid="42123" lat="53.4569218" lon="9.6863123"/>
 <node id="13593732270" visible="true" version="1" changeset="178959821" timestamp="2026-02-23T20:03:34Z" user="Ropino" uid="42123" lat="53.4568464" lon="9.6863154"/>
 <node id="13593732271" visible="true" version="1" changeset="178959821" timestamp="2026-02-23T20:03:34Z" user="Ropino" uid="42123" lat="53.4568316" lon="9.6863188"/>
 <node id="13593732272" visible="true" version="1" changeset="178959821" timestamp="2026-02-23T20:03:34Z" user="Ropino" uid="42123" lat="53.4567166" lon="9.6863895"/>
 <node id="13593732273" visible="true" version="1" changeset="178959821" timestamp="2026-02-23T20:03:34Z" user="Ropino" uid="42123" lat="53.4566540" lon="9.6865029"/>
 <node id="13593732274" visible="true" version="1" changeset="178959821" timestamp="2026-02-23T20:03:34Z" user="Ropino" uid="42123" lat="53.4565066" lon="9.6870150"/>
 <node id="13593732275" visible="true" version="1" changeset="178959821" timestamp="2026-02-23T20:03:34Z" user="Ropino" uid="42123" lat="53.4564486" lon="9.6871593"/>
 <node id="13593732276" visible="true" version="1" changeset="178959821" timestamp="2026-02-23T20:03:34Z" user="Ropino" uid="42123" lat="53.4564024" lon="9.6871697"/>
 <node id="13593732277" visible="true" version="1" changeset="178959821" timestamp="2026-02-23T20:03:34Z" user="Ropino" uid="42123" lat="53.4562816" lon="9.6871292"/>
 <node id="13593732278" visible="true" version="1" changeset="178959821" timestamp="2026-02-23T20:03:34Z" user="Ropino" uid="42123" lat="53.4560493" lon="9.6869763"/>
 <node id="13593732279" visible="true" version="1" changeset="178959821" timestamp="2026-02-23T20:03:34Z" user="Ropino" uid="42123" lat="53.4558570" lon="9.6868411"/>
 <node id="13593732280" visible="true" version="1" changeset="178959821" timestamp="2026-02-23T20:03:34Z" user="Ropino" uid="42123" lat="53.4557964" lon="9.6867980"/>
 <node id="13593732281" visible="true" version="1" changeset="178959821" timestamp="2026-02-23T20:03:34Z" user="Ropino" uid="42123" lat="53.4557087" lon="9.6866934"/>
 <node id="13593732282" visible="true" version="1" changeset="178959821" timestamp="2026-02-23T20:03:34Z" user="Ropino" uid="42123" lat="53.4555394" lon="9.6863126"/>
 <node id="13593732283" visible="true" version="1" changeset="178959821" timestamp="2026-02-23T20:03:34Z" user="Ropino" uid="42123" lat="53.4554252" lon="9.6860521"/>
 <node id="13593732284" visible="true" version="1" changeset="178959821" timestamp="2026-02-23T20:03:34Z" user="Ropino" uid="42123" lat="53.4553929" lon="9.6859053"/>
 <node id="13593732285" visible="true" version="1" changeset="178959821" timestamp="2026-02-23T20:03:34Z" user="Ropino" uid="42123" lat="53.4554180" lon="9.6857673"/>
 <node id="13593732286" visible="true" version="1" changeset="178959821" timestamp="2026-02-23T20:03:34Z" user="Ropino" uid="42123" lat="53.4554673" lon="9.6856658"/>
 <node id="13593732287" visible="true" version="1" changeset="178959821" timestamp="2026-02-23T20:03:34Z" user="Ropino" uid="42123" lat="53.4555497" lon="9.6855482"/>
 <node id="13593732288" visible="true" version="1" changeset="178959821" timestamp="2026-02-23T20:03:34Z" user="Ropino" uid="42123" lat="53.4556237" lon="9.6853632"/>
 <node id="13593732289" visible="true" version="1" changeset="178959821" timestamp="2026-02-23T20:03:34Z" user="Ropino" uid="42123" lat="53.4556653" lon="9.6852421"/>
 <node id="13593732290" visible="true" version="1" changeset="178959821" timestamp="2026-02-23T20:03:34Z" user="Ropino" uid="42123" lat="53.4556675" lon="9.6852088"/>
 <node id="13593732291" visible="true" version="1" changeset="178959821" timestamp="2026-02-23T20:03:34Z" user="Ropino" uid="42123" lat="53.4556385" lon="9.6850675"/>
 <node id="13593732292" visible="true" version="1" changeset="178959821" timestamp="2026-02-23T20:03:34Z" user="Ropino" uid="42123" lat="53.4555905" lon="9.6849552"/>
 <node id="13593732293" visible="true" version="1" changeset="178959821" timestamp="2026-02-23T20:03:34Z" user="Ropino" uid="42123" lat="53.4555177" lon="9.6848461"/>
 <node id="13593732442" visible="true" version="1" changeset="178959821" timestamp="2026-02-23T20:03:34Z" user="Ropino" uid="42123" lat="53.4400717" lon="9.7127066"/>
 <node id="13593733956" visible="true" version="1" changeset="178959821" timestamp="2026-02-23T20:03:35Z" user="Ropino" uid="42123" lat="53.4575354" lon="9.6868325"/>
 <node id="14122729666" visible="true" version="1" changeset="187990973" timestamp="2026-08-25T13:59:18Z" user="Ropino" uid="42123" lat="53.4110575" lon="9.6818124"/>
 <way id="17676507" visible="true" version="5" changeset="35969404" timestamp="2015-12-15T15:39:44Z" user="Heideammer" uid="347762">
  <nd ref="183128292"/>
  <nd ref="388440008"/>
  <nd ref="2457193651"/>
  <nd ref="388440007"/>
  <nd ref="388440006"/>
  <nd ref="183128294"/>
  <nd ref="183128292"/>
  <tag k="natural" v="water"/>
 </way>
 <way id="17677266" visible="true" version="5" changeset="17823506" timestamp="2013-09-13T20:12:00Z" user="Omegatherion" uid="75582">
  <nd ref="388440175"/>
  <nd ref="183137464"/>
  <nd ref="183137462"/>
  <nd ref="183137460"/>
  <nd ref="388440175"/>
  <tag k="natural" v="water"/>
 </way>
 <way id="17677297" visible="true" version="3" changeset="17823506" timestamp="2013-09-13T20:12:00Z" user="Omegatherion" uid="75582">
  <nd ref="183137808"/>
  <nd ref="183137810"/>
  <nd ref="183137811"/>
  <nd ref="183137814"/>
  <nd ref="183137816"/>
  <nd ref="183137818"/>
  <nd ref="183137808"/>
  <tag k="natural" v="water"/>
 </way>
 <way id="17677319" visible="true" version="3" changeset="17823506" timestamp="2013-09-13T20:12:00Z" user="Omegatherion" uid="75582">
  <nd ref="183138043"/>
  <nd ref="183138044"/>
  <nd ref="183138045"/>
  <nd ref="183138047"/>
  <nd ref="183138043"/>
  <tag k="natural" v="water"/>
 </way>
 <way id="17677339" visible="true" version="3" changeset="17823506" timestamp="2013-09-13T20:12:01Z" user="Omegatherion" uid="75582">
  <nd ref="183138274"/>
  <nd ref="183138275"/>
  <nd ref="183138276"/>
  <nd ref="183138277"/>
  <nd ref="183138274"/>
  <tag k="natural" v="water"/>
 </way>
 <way id="17677360" visible="true" version="4" changeset="17823506" timestamp="2013-09-13T20:12:01Z" user="Omegatherion" uid="75582">
  <nd ref="183138776"/>
  <nd ref="183138779"/>
  <nd ref="183138778"/>
  <nd ref="183138777"/>
  <nd ref="183138776"/>
  <tag k="natural" v="water"/>
 </way>
 <way id="17677396" visible="true" version="4" changeset="17823506" timestamp="2013-09-13T20:12:01Z" user="Omegatherion" uid="75582">
  <nd ref="183139296"/>
  <nd ref="183139321"/>
  <nd ref="183139318"/>
  <nd ref="183139316"/>
  <nd ref="183139312"/>
  <nd ref="183139310"/>
  <nd ref="183139307"/>
  <nd ref="183139304"/>
  <nd ref="183139303"/>
  <nd ref="183139301"/>
  <nd ref="183139300"/>
  <nd ref="183139299"/>
  <nd ref="183139298"/>
  <nd ref="183139296"/>
  <tag k="natural" v="water"/>
 </way>
 <way id="17677712" visible="true" version="4" changeset="17823506" timestamp="2013-09-13T20:12:02Z" user="Omegatherion" uid="75582">
  <nd ref="183143343"/>
  <nd ref="183143367"/>
  <nd ref="183143365"/>
  <nd ref="183143363"/>
  <nd ref="183143362"/>
  <nd ref="183143360"/>
  <nd ref="183143358"/>
  <nd ref="183143357"/>
  <nd ref="183143356"/>
  <nd ref="183143355"/>
  <nd ref="183143353"/>
  <nd ref="183143352"/>
  <nd ref="183143351"/>
  <nd ref="183143350"/>
  <nd ref="183143349"/>
  <nd ref="183143348"/>
  <nd ref="183143347"/>
  <nd ref="183143346"/>
  <nd ref="183143345"/>
  <nd ref="183143344"/>
  <nd ref="183143343"/>
  <tag k="natural" v="water"/>
 </way>
 <way id="17677741" visible="true" version="3" changeset="17823506" timestamp="2013-09-13T20:12:02Z" user="Omegatherion" uid="75582">
  <nd ref="183143663"/>
  <nd ref="183143665"/>
  <nd ref="183143666"/>
  <nd ref="183143667"/>
  <nd ref="183143668"/>
  <nd ref="183143670"/>
  <nd ref="183143671"/>
  <nd ref="183143672"/>
  <nd ref="183143663"/>
  <tag k="natural" v="water"/>
 </way>
 <way id="17677773" visible="true" version="4" changeset="17823506" timestamp="2013-09-13T20:12:02Z" user="Omegatherion" uid="75582">
  <nd ref="183144012"/>
  <nd ref="183144022"/>
  <nd ref="183144020"/>
  <nd ref="183144018"/>
  <nd ref="183144017"/>
  <nd ref="183144014"/>
  <nd ref="183144012"/>
  <tag k="natural" v="water"/>
 </way>
 <way id="17677795" visible="true" version="4" changeset="17823506" timestamp="2013-09-13T20:12:02Z" user="Omegatherion" uid="75582">
  <nd ref="183144236"/>
  <nd ref="183144243"/>
  <nd ref="183144241"/>
  <nd ref="183144239"/>
  <nd ref="183144238"/>
  <nd ref="183144236"/>
  <tag k="natural" v="water"/>
 </way>
 <way id="17677852" visible="true" version="3" changeset="17823506" timestamp="2013-09-13T20:12:02Z" user="Omegatherion" uid="75582">
  <nd ref="183145122"/>
  <nd ref="183145127"/>
  <nd ref="183145126"/>
  <nd ref="183145124"/>
  <nd ref="183145122"/>
  <tag k="natural" v="water"/>
 </way>
 <way id="23101935" visible="true" version="8" changeset="35969404" timestamp="2015-12-15T15:39:46Z" user="Heideammer" uid="347762">
  <nd ref="249401528"/>
  <nd ref="2457193600"/>
  <nd ref="2457193616"/>
  <nd ref="315878985"/>
  <nd ref="2457193620"/>
  <nd ref="2457193623"/>
  <nd ref="249401530"/>
  <nd ref="2457193626"/>
  <nd ref="249401531"/>
  <nd ref="249401532"/>
  <nd ref="249401533"/>
  <nd ref="249401534"/>
  <nd ref="249401535"/>
  <nd ref="249401536"/>
  <nd ref="249401537"/>
  <nd ref="249401538"/>
  <nd ref="249401539"/>
  <nd ref="249401528"/>
  <tag k="landuse" v="meadow"/>
 </way>
 <way id="23410850" visible="true" version="8" changeset="32057542" timestamp="2015-06-18T17:57:32Z" user="Ruffi" uid="81431">
  <nd ref="253455416"/>
  <nd ref="253455557"/>
  <nd ref="3603250820"/>
  <nd ref="253455559"/>
  <nd ref="253455560"/>
  <nd ref="253455563"/>
  <nd ref="3603250818"/>
  <nd ref="253455567"/>
  <nd ref="253455569"/>
  <tag k="highway" v="path"/>
 </way>
 <way id="24846376" visible="true" version="15" changeset="69849616" timestamp="2019-05-03T15:51:17Z" user="usernamex91" uid="9851549">
  <nd ref="388440113"/>
  <nd ref="270835318"/>
  <nd ref="270835319"/>
  <nd ref="270835320"/>
  <nd ref="2457193621"/>
  <nd ref="2457193624"/>
  <nd ref="249401529"/>
  <nd ref="2457193630"/>
  <nd ref="2457193631"/>
  <nd ref="2457193641"/>
  <nd ref="270835321"/>
  <nd ref="270835322"/>
  <nd ref="270835323"/>
  <nd ref="270835324"/>
  <nd ref="183128296"/>
  <nd ref="183128294"/>
  <nd ref="183128292"/>
  <nd ref="2457193660"/>
  <nd ref="2457193664"/>
  <nd ref="388440090"/>
  <nd ref="388440091"/>
  <nd ref="2457193672"/>
  <nd ref="388440095"/>
  <nd ref="388440097"/>
  <nd ref="388440098"/>
  <nd ref="388440101"/>
  <nd ref="388440102"/>
  <nd ref="388440104"/>
  <nd ref="388440106"/>
  <nd ref="388440108"/>
  <nd ref="388440110"/>
  <nd ref="2457193635"/>
  <nd ref="2457193633"/>
  <nd ref="388440111"/>
  <nd ref="388440113"/>
  <tag k="landuse" v="meadow"/>
  <tag k="natural" v="wetland"/>
 </way>
 <way id="24855696" visible="true" version="12" changeset="148149766" timestamp="2024-03-02T23:22:46Z" user="Funki-Bux" uid="15130873">
  <nd ref="270835354"/>
  <nd ref="2457193730"/>
  <nd ref="11137220447"/>
  <nd ref="11137220448"/>
  <nd ref="270070240"/>
  <nd ref="270835368"/>
  <nd ref="2457193702"/>
  <nd ref="2457193695"/>
  <nd ref="388440033"/>
  <nd ref="6445821220"/>
  <nd ref="388440311"/>
  <nd ref="388440313"/>
  <nd ref="2457193706"/>
  <nd ref="2457193723"/>
  <nd ref="11136330312"/>
  <nd ref="270835354"/>
  <tag k="addr:city" v="Buxtehude"/>
  <tag k="addr:housenumber" v="70"/>
  <tag k="addr:postcode" v="21614"/>
  <tag k="addr:street" v="Moisburger Landstraße"/>
  <tag k="leisure" v="sports_centre"/>
  <tag k="name" v="Estering"/>
  <tag k="sport" v="motor"/>
  <tag k="website" v="https://www.estering.de/"/>
  <tag k="wikidata" v="Q1369937"/>
  <tag k="wikipedia" v="de:Estering"/>
 </way>
 <way id="24924035" visible="true" version="4" changeset="69849616" timestamp="2019-05-03T15:51:16Z" user="usernamex91" uid="9851549">
  <nd ref="671523182"/>
  <nd ref="671523009"/>
  <nd ref="671523247"/>
  <nd ref="671523072"/>
  <nd ref="671523030"/>
  <nd ref="2463357874"/>
  <nd ref="270835399"/>
  <nd ref="270835398"/>
  <nd ref="270835397"/>
  <nd ref="671523182"/>
  <tag k="landuse" v="forest"/>
  <tag k="natural" v="wood"/>
 </way>
 <way id="24924036" visible="true" version="5" changeset="140246316" timestamp="2023-08-22T20:41:24Z" user="TomJeffs" uid="6397757">
  <nd ref="270835357"/>
  <nd ref="1932749788"/>
  <nd ref="270835358"/>
  <nd ref="270835359"/>
  <nd ref="270835360"/>
  <nd ref="270835361"/>
  <nd ref="1932749760"/>
  <nd ref="270835362"/>
  <nd ref="270835363"/>
  <nd ref="270835364"/>
  <nd ref="270835365"/>
  <nd ref="2457193695"/>
  <nd ref="2457193702"/>
  <nd ref="270835368"/>
  <nd ref="270070240"/>
  <nd ref="11137220448"/>
  <nd ref="11137220447"/>
  <nd ref="2457193730"/>
  <nd ref="270835354"/>
  <nd ref="270835356"/>
  <nd ref="270835357"/>
  <tag k="landuse" v="meadow"/>
 </way>
 <way id="24924037" visible="true" version="7" changeset="123953463" timestamp="2022-07-22T19:29:59Z" user="OB79" uid="3096707">
  <nd ref="270835245"/>
  <nd ref="270835247"/>
  <nd ref="270835249"/>
  <nd ref="270835250"/>
  <nd ref="270835251"/>
  <nd ref="270835252"/>
  <nd ref="270835253"/>
  <nd ref="2457193530"/>
  <nd ref="2457193529"/>
  <nd ref="270835254"/>
  <nd ref="270835255"/>
  <nd ref="270835256"/>
  <nd ref="388439985"/>
  <nd ref="388440313"/>
  <nd ref="388440311"/>
  <nd ref="270835403"/>
  <nd ref="270835404"/>
  <nd ref="9904764025"/>
  <nd ref="9904764024"/>
  <nd ref="9904764028"/>
  <nd ref="9904764023"/>
  <nd ref="9904764026"/>
  <nd ref="388440004"/>
  <nd ref="270835391"/>
  <nd ref="270835392"/>
  <nd ref="9904764021"/>
  <nd ref="2457193679"/>
  <nd ref="270835393"/>
  <nd ref="270835394"/>
  <nd ref="270835395"/>
  <nd ref="270835396"/>
  <nd ref="2457193642"/>
  <nd ref="270835245"/>
  <tag k="landuse" v="farmland"/>
 </way>
 <way id="24924040" visible="true" version="4" changeset="19426312" timestamp="2013-12-13T07:26:58Z" user="user_1418319" uid="1418319">
  <nd ref="270835451"/>
  <nd ref="270835452"/>
  <nd ref="388440036"/>
  <nd ref="388440044"/>
  <nd ref="270835451"/>
  <tag k="landuse" v="forest"/>
 </way>
 <way id="24924042" visible="true" version="13" changeset="109212190" timestamp="2021-08-05T16:29:33Z" user="Meine Gegend" uid="13880520">
  <nd ref="270835459"/>
  <nd ref="270835455"/>
  <nd ref="2463357903"/>
  <nd ref="2463357897"/>
  <nd ref="2463357893"/>
  <nd ref="8983797448"/>
  <nd ref="8983797447"/>
  <nd ref="8983797446"/>
  <nd ref="388440036"/>
  <nd ref="270835452"/>
  <nd ref="270835451"/>
  <nd ref="388440044"/>
  <nd ref="8983797444"/>
  <nd ref="270835459"/>
  <tag k="landuse" v="nature"/>
 </way>
 <way id="24924396" visible="true" version="3" changeset="105304299" timestamp="2021-05-25T16:25:40Z" user="Heideammer" uid="347762">
  <nd ref="270840478"/>
  <nd ref="270840479"/>
  <nd ref="270840480"/>
  <nd ref="270840481"/>
  <nd ref="270840482"/>
  <nd ref="3466272829"/>
  <nd ref="3466272830"/>
  <nd ref="270840483"/>
  <nd ref="3466272832"/>
  <nd ref="270840484"/>
  <nd ref="270840485"/>
  <nd ref="3466272848"/>
  <nd ref="3466272850"/>
  <nd ref="3466272837"/>
  <nd ref="3466272834"/>
  <nd ref="270840478"/>
  <tag k="landuse" v="forest"/>
  <tag k="natural" v="wood"/>
 </way>
 <way id="25807844" visible="true" version="15" changeset="101113786" timestamp="2021-03-16T10:39:39Z" user="srderang" uid="10455639">
  <nd ref="281497984"/>
  <nd ref="281497970"/>
  <nd ref="2501143823"/>
  <nd ref="2501143846"/>
  <nd ref="281497968"/>
  <nd ref="2501143854"/>
  <nd ref="8524147420"/>
  <nd ref="2501143864"/>
  <nd ref="2772338138"/>
  <nd ref="2813720578"/>
  <nd ref="281497964"/>
  <nd ref="2501143879"/>
  <nd ref="281498003"/>
  <nd ref="33202089"/>
  <tag k="highway" v="residential"/>
  <tag k="maxspeed" v="30"/>
  <tag k="name" v="Altklosterbergstraße"/>
  <tag k="source:maxspeed" v="DE:zone:30"/>
 </way>
 <way id="25807845" visible="true" version="15" changeset="93415937" timestamp="2020-11-02T11:19:42Z" user="kumarxeq" uid="11558570">
  <nd ref="2501143374"/>
  <nd ref="8074359089"/>
  <nd ref="8074359081"/>
  <nd ref="7557955654"/>
  <nd ref="2787913166"/>
  <nd ref="2501143806"/>
  <nd ref="281497978"/>
  <nd ref="3632400332"/>
  <nd ref="281497980"/>
  <nd ref="2501143804"/>
  <nd ref="281497982"/>
  <nd ref="7668995146"/>
  <nd ref="281497984"/>
  <tag k="highway" v="residential"/>
  <tag k="lanes" v="2"/>
  <tag k="maxspeed" v="30"/>
  <tag k="name" v="Eilendorfer Weg"/>
 </way>
 <way id="25807846" visible="true" version="5" changeset="33256440" timestamp="2015-08-11T01:21:41Z" user="Omegatherion" uid="75582">
  <nd ref="281497968"/>
  <nd ref="281497990"/>
  <nd ref="281497986"/>
  <nd ref="281497988"/>
  <nd ref="1939513070"/>
  <nd ref="281497990"/>
  <tag k="access" v="permissive"/>
  <tag k="highway" v="service"/>
 </way>
 <way id="25807847" visible="true" version="2" changeset="21664635" timestamp="2014-04-13T12:55:18Z" user="Omegatherion" uid="75582">
  <nd ref="2787913166"/>
  <nd ref="2787913173"/>
  <nd ref="2787913176"/>
  <nd ref="281497991"/>
  <tag k="access" v="private"/>
  <tag k="highway" v="service"/>
  <tag k="name" v="Sandweg"/>
 </way>
 <way id="27080741" visible="true" version="11" changeset="145149264" timestamp="2023-12-15T12:40:03Z" user="m-h-a" uid="20037451">
  <nd ref="297101683"/>
  <nd ref="3888844825"/>
  <nd ref="3888844826"/>
  <nd ref="297101685"/>
  <nd ref="465238125"/>
  <nd ref="297101689"/>
  <nd ref="297101691"/>
  <nd ref="297101692"/>
  <nd ref="3603264702"/>
  <nd ref="568796063"/>
  <nd ref="517241363"/>
  <nd ref="297101694"/>
  <nd ref="3603264704"/>
  <nd ref="3603264706"/>
  <nd ref="297101696"/>
  <nd ref="297101697"/>
  <nd ref="297101700"/>
  <nd ref="297101702"/>
  <nd ref="297101704"/>
  <tag k="highway" v="track"/>
  <tag k="motor_vehicle" v="no"/>
  <tag k="tracktype" v="grade3"/>
 </way>
 <way id="29503578" visible="true" version="12" changeset="145149264" timestamp="2023-12-15T12:40:03Z" user="m-h-a" uid="20037451">
  <nd ref="297101656"/>
  <nd ref="269951917"/>
  <nd ref="325212802"/>
  <nd ref="297101658"/>
  <nd ref="325212731"/>
  <nd ref="297101660"/>
  <nd ref="297101662"/>
  <nd ref="297101663"/>
  <nd ref="297101665"/>
  <nd ref="3603262695"/>
  <nd ref="325212753"/>
  <nd ref="297101667"/>
  <tag k="highway" v="track"/>
  <tag k="lcn" v="yes"/>
  <tag k="surface" v="compacted"/>
  <tag k="tracktype" v="grade2"/>
 </way>
 <way id="29503579" visible="true" version="3" changeset="145149264" timestamp="2023-12-15T12:40:03Z" user="m-h-a" uid="20037451">
  <nd ref="325212731"/>
  <nd ref="325212736"/>
  <nd ref="325212741"/>
  <nd ref="325212744"/>
  <nd ref="325212749"/>
  <tag k="highway" v="track"/>
  <tag k="tracktype" v="grade3"/>
 </way>
 <way id="29503582" visible="true" version="2" changeset="23167218" timestamp="2014-06-25T22:11:40Z" user="richard23" uid="1854009">
  <nd ref="325212749"/>
  <nd ref="325212832"/>
  <nd ref="325212841"/>
  <nd ref="325212844"/>
  <nd ref="325212810"/>
  <tag k="highway" v="track"/>
  <tag k="tracktype" v="grade3"/>
 </way>
 <way id="29503583" visible="true" version="3" changeset="14812524" timestamp="2013-01-27T19:45:40Z" user="sundew" uid="617520">
  <nd ref="325212863"/>
  <nd ref="325212903"/>
  <nd ref="2131320971"/>
  <nd ref="325212880"/>
  <nd ref="2131320972"/>
  <nd ref="325212871"/>
  <nd ref="2131320973"/>
  <nd ref="325212863"/>
  <tag k="natural" v="water"/>
 </way>
 <way id="32065510" visible="true" version="6" changeset="162093829" timestamp="2025-02-03T16:31:36Z" user="TimonBd" uid="19384887">
  <nd ref="359983767"/>
  <nd ref="359983769"/>
  <nd ref="2457193525"/>
  <nd ref="359983770"/>
  <nd ref="359983772"/>
  <nd ref="359983774"/>
  <nd ref="359983777"/>
  <nd ref="359983781"/>
  <nd ref="359983783"/>
  <nd ref="359983785"/>
  <nd ref="359983787"/>
  <nd ref="359983789"/>
  <nd ref="359983791"/>
  <nd ref="359983793"/>
  <nd ref="359983796"/>
  <nd ref="388440176"/>
  <nd ref="183137459"/>
  <nd ref="2457193573"/>
  <nd ref="388440168"/>
  <nd ref="2457193581"/>
  <nd ref="2457193584"/>
  <nd ref="388440165"/>
  <nd ref="388440161"/>
  <nd ref="388440146"/>
  <nd ref="388440142"/>
  <nd ref="388440139"/>
  <nd ref="2457193576"/>
  <nd ref="2457193578"/>
  <nd ref="2457193580"/>
  <nd ref="2457193582"/>
  <nd ref="388440135"/>
  <nd ref="2457193574"/>
  <nd ref="2457193571"/>
  <nd ref="2457193572"/>
  <nd ref="2457193566"/>
  <nd ref="2457193552"/>
  <nd ref="2457193558"/>
  <nd ref="2457193568"/>
  <nd ref="2457193567"/>
  <nd ref="359983798"/>
  <nd ref="3893590344"/>
  <nd ref="359983799"/>
  <nd ref="359983802"/>
  <nd ref="359983803"/>
  <nd ref="359983804"/>
  <nd ref="359983805"/>
  <nd ref="2457193541"/>
  <nd ref="2457193561"/>
  <nd ref="2457193555"/>
  <nd ref="2457193546"/>
  <nd ref="2457193545"/>
  <nd ref="2457193550"/>
  <nd ref="2457193549"/>
  <nd ref="2457193542"/>
  <nd ref="2457193538"/>
  <nd ref="2457193535"/>
  <nd ref="183142539"/>
  <nd ref="2457193534"/>
  <nd ref="359983806"/>
  <nd ref="359983807"/>
  <nd ref="359983809"/>
  <nd ref="359983812"/>
  <nd ref="12554230850"/>
  <nd ref="359983813"/>
  <nd ref="359983814"/>
  <nd ref="359983815"/>
  <nd ref="359983816"/>
  <nd ref="359983817"/>
  <nd ref="359983818"/>
  <nd ref="359983820"/>
  <nd ref="359983821"/>
  <nd ref="359983822"/>
  <nd ref="359983823"/>
  <nd ref="359983824"/>
  <nd ref="359983767"/>
  <tag k="landuse" v="forest"/>
 </way>
 <way id="34047393" visible="true" version="27" changeset="140231582" timestamp="2023-08-22T14:10:03Z" user="TomJeffs" uid="6397757">
  <nd ref="269951930"/>
  <nd ref="8983797449"/>
  <nd ref="269951929"/>
  <nd ref="269951927"/>
  <nd ref="270835461"/>
  <nd ref="7801493529"/>
  <nd ref="269951926"/>
  <nd ref="270835455"/>
  <nd ref="2463357903"/>
  <nd ref="2463357897"/>
  <nd ref="2463357893"/>
  <nd ref="8983797448"/>
  <nd ref="6445821223"/>
  <nd ref="671523086"/>
  <nd ref="671523182"/>
  <nd ref="270835349"/>
  <nd ref="270835350"/>
  <nd ref="270835352"/>
  <nd ref="270835353"/>
  <nd ref="6445821222"/>
  <nd ref="270835356"/>
  <nd ref="270835357"/>
  <nd ref="1932749788"/>
  <nd ref="270835358"/>
  <nd ref="270835359"/>
  <nd ref="270835360"/>
  <nd ref="270835361"/>
  <nd ref="1932749760"/>
  <nd ref="270835362"/>
  <nd ref="270835363"/>
  <nd ref="270835364"/>
  <nd ref="2457193693"/>
  <nd ref="2457193695"/>
  <nd ref="388440033"/>
  <nd ref="11136330245"/>
  <nd ref="6445821220"/>
  <nd ref="388440311"/>
  <nd ref="270835403"/>
  <nd ref="270835404"/>
  <nd ref="9904764025"/>
  <nd ref="9904764024"/>
  <nd ref="9904764028"/>
  <nd ref="9904764023"/>
  <nd ref="9904764026"/>
  <nd ref="388440004"/>
  <nd ref="270835391"/>
  <nd ref="270835392"/>
  <nd ref="9904764021"/>
  <nd ref="2457193679"/>
  <nd ref="270835393"/>
  <nd ref="270835394"/>
  <nd ref="270835395"/>
  <nd ref="270835396"/>
  <nd ref="2457193642"/>
  <nd ref="270835245"/>
  <nd ref="270835247"/>
  <nd ref="270835249"/>
  <nd ref="270835250"/>
  <nd ref="270835251"/>
  <nd ref="270835252"/>
  <nd ref="270835253"/>
  <nd ref="2457193530"/>
  <nd ref="2457193529"/>
  <nd ref="270835254"/>
  <nd ref="270835255"/>
  <nd ref="270835256"/>
  <nd ref="388439985"/>
  <nd ref="388439984"/>
  <nd ref="388439982"/>
  <nd ref="270835259"/>
  <nd ref="3466272812"/>
  <nd ref="3466272815"/>
  <nd ref="270835260"/>
  <nd ref="270835261"/>
  <nd ref="270835262"/>
  <nd ref="2457193519"/>
  <nd ref="270835263"/>
  <nd ref="2457193513"/>
  <nd ref="270835264"/>
  <nd ref="270835266"/>
  <nd ref="2457193510"/>
  <nd ref="270835269"/>
  <nd ref="270835272"/>
  <nd ref="2457193508"/>
  <nd ref="270835273"/>
  <nd ref="270835274"/>
  <nd ref="270835275"/>
  <nd ref="270835276"/>
  <nd ref="270835277"/>
  <nd ref="270835278"/>
  <nd ref="2457193495"/>
  <nd ref="388439971"/>
  <nd ref="8765441148"/>
  <nd ref="270835280"/>
  <nd ref="270835281"/>
  <nd ref="270835282"/>
  <nd ref="270835283"/>
  <nd ref="270835284"/>
  <nd ref="270835285"/>
  <nd ref="270835286"/>
  <nd ref="270835287"/>
  <nd ref="270835288"/>
  <nd ref="270835289"/>
  <nd ref="270835290"/>
  <nd ref="270835291"/>
  <nd ref="3893590303"/>
  <nd ref="270835292"/>
  <nd ref="270835316"/>
  <nd ref="270835317"/>
  <nd ref="183140723"/>
  <nd ref="183140727"/>
  <nd ref="183140728"/>
  <nd ref="2457193523"/>
  <nd ref="2457193533"/>
  <nd ref="2457193553"/>
  <nd ref="2457193563"/>
  <nd ref="388440180"/>
  <nd ref="388440178"/>
  <nd ref="388440172"/>
  <nd ref="388440170"/>
  <nd ref="2457193587"/>
  <nd ref="388440167"/>
  <nd ref="2457193586"/>
  <nd ref="388440163"/>
  <nd ref="2457193579"/>
  <nd ref="388440149"/>
  <nd ref="388440144"/>
  <nd ref="2457193585"/>
  <nd ref="388440140"/>
  <nd ref="388440137"/>
  <nd ref="249401721"/>
  <nd ref="2457193593"/>
  <nd ref="249401722"/>
  <nd ref="2457193604"/>
  <nd ref="2457193602"/>
  <nd ref="2457193596"/>
  <nd ref="2457193599"/>
  <nd ref="2457193609"/>
  <nd ref="2457193617"/>
  <nd ref="388440113"/>
  <nd ref="270835318"/>
  <nd ref="270835319"/>
  <nd ref="270835320"/>
  <nd ref="2457193619"/>
  <nd ref="2457193620"/>
  <nd ref="315878985"/>
  <nd ref="2457193616"/>
  <nd ref="2457193605"/>
  <nd ref="2457193589"/>
  <nd ref="2457193600"/>
  <nd ref="249401528"/>
  <nd ref="249401539"/>
  <nd ref="249401538"/>
  <nd ref="249401537"/>
  <nd ref="249401536"/>
  <nd ref="249401535"/>
  <nd ref="249401534"/>
  <nd ref="249401533"/>
  <nd ref="249401532"/>
  <nd ref="249401531"/>
  <nd ref="2457193626"/>
  <nd ref="249401530"/>
  <nd ref="2457193623"/>
  <nd ref="2457193621"/>
  <nd ref="2457193624"/>
  <nd ref="249401529"/>
  <nd ref="2457193630"/>
  <nd ref="2457193631"/>
  <nd ref="2457193641"/>
  <nd ref="270835321"/>
  <nd ref="270835322"/>
  <nd ref="270835323"/>
  <nd ref="270835324"/>
  <nd ref="183128296"/>
  <nd ref="183128294"/>
  <nd ref="388440006"/>
  <nd ref="388440007"/>
  <nd ref="2457193651"/>
  <nd ref="388440008"/>
  <nd ref="183128292"/>
  <nd ref="2457193660"/>
  <nd ref="2457193664"/>
  <nd ref="388440090"/>
  <nd ref="388440091"/>
  <nd ref="2457193672"/>
  <nd ref="388440095"/>
  <nd ref="388440097"/>
  <nd ref="388440098"/>
  <nd ref="388440101"/>
  <nd ref="388440102"/>
  <nd ref="388440104"/>
  <nd ref="388440106"/>
  <nd ref="388440108"/>
  <nd ref="388440110"/>
  <nd ref="2457193635"/>
  <nd ref="2457193633"/>
  <nd ref="388440111"/>
  <nd ref="2457193622"/>
  <nd ref="2457193615"/>
  <nd ref="2457193610"/>
  <nd ref="2457193601"/>
  <nd ref="2457193597"/>
  <nd ref="2457193603"/>
  <nd ref="2457193608"/>
  <nd ref="2457193607"/>
  <nd ref="3893590354"/>
  <nd ref="249401725"/>
  <nd ref="270835218"/>
  <nd ref="3893590361"/>
  <nd ref="270835225"/>
  <nd ref="270835224"/>
  <nd ref="183128843"/>
  <nd ref="270835223"/>
  <nd ref="270835222"/>
  <nd ref="270835221"/>
  <nd ref="270835220"/>
  <nd ref="270835219"/>
  <nd ref="270835325"/>
  <nd ref="270835326"/>
  <nd ref="270835327"/>
  <nd ref="270835328"/>
  <nd ref="270835329"/>
  <nd ref="270835330"/>
  <nd ref="270835331"/>
  <nd ref="270835332"/>
  <nd ref="2457193694"/>
  <nd ref="270835333"/>
  <nd ref="270835334"/>
  <nd ref="270835335"/>
  <nd ref="270835336"/>
  <nd ref="270835337"/>
  <nd ref="270835338"/>
  <nd ref="270835339"/>
  <nd ref="270835340"/>
  <nd ref="8983824746"/>
  <nd ref="249401658"/>
  <nd ref="388440011"/>
  <nd ref="388440012"/>
  <nd ref="249401655"/>
  <nd ref="249401654"/>
  <nd ref="249401653"/>
  <nd ref="388440088"/>
  <nd ref="388440084"/>
  <nd ref="388440083"/>
  <nd ref="388440081"/>
  <nd ref="388440079"/>
  <nd ref="388440077"/>
  <nd ref="269951922"/>
  <nd ref="269951921"/>
  <nd ref="269951920"/>
  <nd ref="3893590365"/>
  <nd ref="269951919"/>
  <nd ref="269951918"/>
  <nd ref="2457193712"/>
  <nd ref="269951917"/>
  <nd ref="270195065"/>
  <nd ref="3603245386"/>
  <nd ref="269951915"/>
  <nd ref="269951914"/>
  <nd ref="3603262692"/>
  <nd ref="4882961761"/>
  <nd ref="4882961753"/>
  <nd ref="4882961769"/>
  <nd ref="4882961754"/>
  <nd ref="4882961750"/>
  <nd ref="4882961741"/>
  <nd ref="4882961748"/>
  <nd ref="4882961763"/>
  <nd ref="4882961738"/>
  <nd ref="4882961766"/>
  <nd ref="4882961767"/>
  <nd ref="4882961765"/>
  <nd ref="4882961751"/>
  <nd ref="4882961744"/>
  <nd ref="4882961755"/>
  <nd ref="4882961758"/>
  <nd ref="4882961749"/>
  <nd ref="4882961737"/>
  <nd ref="4882961760"/>
  <nd ref="4882961772"/>
  <nd ref="269951912"/>
  <nd ref="4882961740"/>
  <nd ref="4882961747"/>
  <nd ref="4882961762"/>
  <nd ref="269951911"/>
  <nd ref="4882961771"/>
  <nd ref="269951910"/>
  <nd ref="269951909"/>
  <nd ref="269951908"/>
  <nd ref="269951907"/>
  <nd ref="269951906"/>
  <nd ref="269951905"/>
  <nd ref="269951904"/>
  <nd ref="6445977876"/>
  <nd ref="388440206"/>
  <nd ref="388440202"/>
  <nd ref="253455414"/>
  <nd ref="465238121"/>
  <nd ref="269951938"/>
  <nd ref="269951937"/>
  <nd ref="269951936"/>
  <nd ref="269951935"/>
  <nd ref="269950137"/>
  <nd ref="269950136"/>
  <nd ref="269950134"/>
  <nd ref="269950133"/>
  <nd ref="10779521220"/>
  <nd ref="269950132"/>
  <nd ref="268886347"/>
  <nd ref="268886349"/>
  <nd ref="268886350"/>
  <nd ref="268886351"/>
  <nd ref="268886352"/>
  <nd ref="5381355747"/>
  <nd ref="2465865631"/>
  <nd ref="269950129"/>
  <nd ref="2465865665"/>
  <nd ref="2465865668"/>
  <nd ref="2465865673"/>
  <nd ref="2465865675"/>
  <nd ref="2465865682"/>
  <nd ref="269950128"/>
  <nd ref="269951933"/>
  <nd ref="269951932"/>
  <nd ref="269950125"/>
  <nd ref="269950124"/>
  <nd ref="269950123"/>
  <nd ref="269950122"/>
  <nd ref="268886692"/>
  <nd ref="7995891497"/>
  <nd ref="7995891496"/>
  <nd ref="7995891495"/>
  <nd ref="7995891494"/>
  <nd ref="269951930"/>
 </way>
 <way id="39023045" visible="true" version="2" changeset="14812524" timestamp="2013-01-27T19:40:27Z" user="sundew" uid="617520">
  <nd ref="2131318807"/>
  <nd ref="465238118"/>
  <nd ref="465238119"/>
  <nd ref="465238120"/>
  <nd ref="465238114"/>
  <nd ref="465238115"/>
  <nd ref="2131318825"/>
  <nd ref="2131318810"/>
  <nd ref="2131318807"/>
  <tag k="natural" v="water"/>
 </way>
 <way id="41467514" visible="true" version="10" changeset="105304299" timestamp="2021-05-25T16:25:40Z" user="Heideammer" uid="347762">
  <nd ref="3466272818"/>
  <nd ref="3466272838"/>
  <nd ref="3466272846"/>
  <nd ref="3466272852"/>
  <nd ref="3466272853"/>
  <nd ref="3466272825"/>
  <nd ref="3466272819"/>
  <nd ref="3466272818"/>
  <tag k="landuse" v="orchard"/>
 </way>
 <way id="42872276" visible="true" version="21" changeset="160478139" timestamp="2024-12-21T17:42:37Z" user="TFI71" uid="20017505">
  <nd ref="536670613"/>
  <nd ref="536677086"/>
  <nd ref="1492469378"/>
  <nd ref="359988585"/>
  <nd ref="359988583"/>
  <nd ref="359988582"/>
  <nd ref="359988581"/>
  <nd ref="359988580"/>
  <nd ref="359988579"/>
  <nd ref="359988578"/>
  <nd ref="359988577"/>
  <nd ref="3893809546"/>
  <nd ref="359988576"/>
  <nd ref="359988575"/>
  <nd ref="359988574"/>
  <nd ref="3893809551"/>
  <nd ref="359988573"/>
  <nd ref="9904779090"/>
  <nd ref="359988572"/>
  <nd ref="359988571"/>
  <nd ref="3893809552"/>
  <nd ref="359988570"/>
  <nd ref="359988569"/>
  <nd ref="9904779088"/>
  <nd ref="359988567"/>
  <nd ref="359988565"/>
  <nd ref="359988564"/>
  <nd ref="359988562"/>
  <nd ref="359988559"/>
  <nd ref="359988558"/>
  <nd ref="359988557"/>
  <nd ref="359988556"/>
  <nd ref="359988555"/>
  <nd ref="8668391225"/>
  <nd ref="359988554"/>
  <nd ref="359988553"/>
  <nd ref="359988552"/>
  <nd ref="359988550"/>
  <nd ref="359988549"/>
  <nd ref="359988548"/>
  <nd ref="359988547"/>
  <nd ref="359988544"/>
  <nd ref="359988542"/>
  <nd ref="359988541"/>
  <nd ref="359988540"/>
  <nd ref="359988539"/>
  <nd ref="359988537"/>
  <nd ref="359988536"/>
  <nd ref="359988535"/>
  <nd ref="359988534"/>
  <nd ref="9904779098"/>
  <nd ref="3893809554"/>
  <nd ref="2457193447"/>
  <nd ref="359988532"/>
  <nd ref="359988531"/>
  <nd ref="359988530"/>
  <nd ref="359988529"/>
  <nd ref="10862251874"/>
  <nd ref="359988528"/>
  <nd ref="249401780"/>
  <nd ref="249401779"/>
  <nd ref="249401778"/>
  <nd ref="249401777"/>
  <nd ref="249401776"/>
  <nd ref="249401775"/>
  <nd ref="249401774"/>
  <nd ref="249401773"/>
  <nd ref="249401772"/>
  <nd ref="249401771"/>
  <nd ref="249401769"/>
  <nd ref="249401768"/>
  <nd ref="249401767"/>
  <nd ref="249401766"/>
  <nd ref="249401765"/>
  <nd ref="249401764"/>
  <nd ref="249401763"/>
  <nd ref="249401762"/>
  <nd ref="249401761"/>
  <nd ref="249401760"/>
  <nd ref="249401759"/>
  <nd ref="249401758"/>
  <nd ref="249401757"/>
  <nd ref="249401756"/>
  <nd ref="249401874"/>
  <nd ref="249401753"/>
  <nd ref="249401752"/>
  <nd ref="249401751"/>
  <nd ref="249401750"/>
  <nd ref="249401749"/>
  <nd ref="249401748"/>
  <nd ref="249401747"/>
  <nd ref="249401746"/>
  <nd ref="249401745"/>
  <nd ref="249401744"/>
  <nd ref="249401743"/>
  <nd ref="249401742"/>
  <nd ref="7926536299"/>
  <nd ref="249401741"/>
  <nd ref="249401740"/>
  <nd ref="249401739"/>
  <nd ref="249401738"/>
  <nd ref="249401737"/>
  <nd ref="249401736"/>
  <nd ref="249401735"/>
  <nd ref="249401734"/>
  <nd ref="249401733"/>
  <nd ref="2457193521"/>
  <nd ref="249401732"/>
  <nd ref="3893590336"/>
  <nd ref="249401731"/>
  <nd ref="270835213"/>
  <nd ref="249401730"/>
  <nd ref="249401729"/>
  <nd ref="249401728"/>
  <nd ref="249401727"/>
  <nd ref="249401726"/>
  <nd ref="388440188"/>
  <nd ref="388440186"/>
  <nd ref="3893590357"/>
  <nd ref="388440184"/>
  <nd ref="388440182"/>
  <nd ref="388440133"/>
  <nd ref="388440127"/>
  <nd ref="388440123"/>
  <nd ref="388440119"/>
  <nd ref="388440115"/>
  <nd ref="388440111"/>
  <nd ref="2457193633"/>
  <nd ref="2457193635"/>
  <nd ref="388440110"/>
  <nd ref="388440108"/>
  <nd ref="388440106"/>
  <nd ref="388440104"/>
  <nd ref="388440102"/>
  <nd ref="388440101"/>
  <nd ref="388440098"/>
  <nd ref="388440097"/>
  <nd ref="388440095"/>
  <nd ref="2457193672"/>
  <nd ref="388440091"/>
  <nd ref="388440090"/>
  <nd ref="249401662"/>
  <nd ref="249401661"/>
  <nd ref="249401660"/>
  <nd ref="249401659"/>
  <nd ref="249401658"/>
  <nd ref="388440010"/>
  <nd ref="388440011"/>
  <nd ref="388440012"/>
  <nd ref="249401655"/>
  <nd ref="249401654"/>
  <nd ref="249401653"/>
  <nd ref="388440088"/>
  <nd ref="388440086"/>
  <nd ref="388440084"/>
  <nd ref="388440083"/>
  <nd ref="388440081"/>
  <nd ref="388440079"/>
  <nd ref="388440077"/>
  <nd ref="6445821226"/>
  <nd ref="249401645"/>
  <nd ref="6445821225"/>
  <nd ref="249401644"/>
  <nd ref="6445821224"/>
  <nd ref="249401643"/>
  <nd ref="249401642"/>
  <nd ref="249401641"/>
  <nd ref="249401640"/>
  <nd ref="268886649"/>
  <nd ref="268886650"/>
  <nd ref="268886651"/>
  <nd ref="268886652"/>
  <nd ref="280172348"/>
  <nd ref="388182157"/>
  <nd ref="388182158"/>
  <nd ref="388182161"/>
  <nd ref="388182163"/>
  <nd ref="388182165"/>
  <nd ref="268886658"/>
  <nd ref="388182168"/>
  <nd ref="388182170"/>
  <nd ref="388182172"/>
  <nd ref="388182175"/>
  <nd ref="268886663"/>
  <nd ref="268886664"/>
  <nd ref="268886665"/>
  <nd ref="268886666"/>
  <nd ref="268886667"/>
  <nd ref="268886668"/>
  <nd ref="268886669"/>
  <nd ref="268886670"/>
  <nd ref="268886671"/>
  <nd ref="268886672"/>
  <nd ref="268886673"/>
  <nd ref="268886674"/>
  <nd ref="268886675"/>
  <nd ref="12438967100"/>
  <nd ref="268886677"/>
  <nd ref="268886678"/>
  <nd ref="268886680"/>
  <nd ref="268886681"/>
  <nd ref="268886683"/>
  <nd ref="268886684"/>
  <nd ref="268886686"/>
  <nd ref="268886687"/>
  <nd ref="268886688"/>
  <nd ref="388440071"/>
  <nd ref="388440074"/>
  <nd ref="388440075"/>
  <nd ref="268886693"/>
  <nd ref="268818975"/>
  <tag k="canoe" v="yes"/>
  <tag k="name" v="Este"/>
  <tag k="ref:fgkz" v="5958"/>
  <tag k="waterway" v="river"/>
  <tag k="width" v="8 m"/>
  <tag k="wikipedia" v="de:Este (Fluss)"/>
 </way>
 <way id="52037041" visible="true" version="16" changeset="142133257" timestamp="2023-10-04T08:38:28Z" user="Sunsurfer89" uid="11997267">
  <nd ref="663359740"/>
  <nd ref="8407102087"/>
  <nd ref="266579142"/>
  <nd ref="4416287428"/>
  <nd ref="671523126"/>
  <nd ref="8905170207"/>
  <nd ref="8905170208"/>
  <nd ref="11237784796"/>
  <nd ref="270835257"/>
  <tag k="highway" v="secondary"/>
  <tag k="lanes" v="2"/>
  <tag k="maxspeed" v="80"/>
  <tag k="name" v="Moisburger Landstraße"/>
  <tag k="ref" v="L 141"/>
  <tag k="surface" v="asphalt"/>
 </way>
 <way id="53018132" visible="true" version="10" changeset="140246360" timestamp="2023-08-22T20:43:24Z" user="TomJeffs" uid="6397757">
  <nd ref="2501143768"/>
  <nd ref="9904764036"/>
  <nd ref="9904764034"/>
  <nd ref="671523187"/>
  <nd ref="1671705355"/>
  <nd ref="671523014"/>
  <nd ref="6445821221"/>
  <nd ref="671523249"/>
  <nd ref="671523074"/>
  <nd ref="671523034"/>
  <nd ref="270835356"/>
  <nd ref="671523147"/>
  <tag k="highway" v="track"/>
  <tag k="surface" v="paved"/>
  <tag k="tracktype" v="grade1"/>
 </way>
 <way id="53018155" visible="true" version="2" changeset="94095923" timestamp="2020-11-14T06:12:09Z" user="AustinTablett" uid="10064591">
  <nd ref="671523182"/>
  <nd ref="671523086"/>
  <nd ref="671523048"/>
  <nd ref="671523162"/>
  <nd ref="671523107"/>
  <nd ref="8117833095"/>
  <nd ref="8117833079"/>
  <nd ref="671523228"/>
  <tag k="highway" v="track"/>
  <tag k="surface" v="gravel"/>
  <tag k="tracktype" v="grade3"/>
 </way>
 <way id="53018157" visible="true" version="8" changeset="69849616" timestamp="2019-05-03T15:51:16Z" user="usernamex91" uid="9851549">
  <nd ref="671523147"/>
  <nd ref="671523087"/>
  <nd ref="671523213"/>
  <nd ref="671523165"/>
  <nd ref="671523121"/>
  <nd ref="671523235"/>
  <nd ref="671523182"/>
  <nd ref="671523009"/>
  <nd ref="671523247"/>
  <nd ref="671523072"/>
  <nd ref="671523030"/>
  <nd ref="4557730061"/>
  <nd ref="4557730059"/>
  <nd ref="671523210"/>
  <nd ref="244984886"/>
  <tag k="highway" v="track"/>
  <tag k="motor_vehicle" v="agricultural"/>
  <tag k="surface" v="gravel"/>
  <tag k="tracktype" v="grade3"/>
 </way>
 <way id="94097589" visible="true" version="7" changeset="105304299" timestamp="2021-05-25T16:25:40Z" user="Heideammer" uid="347762">
  <nd ref="1093877293"/>
  <nd ref="1093877135"/>
  <nd ref="2457193715"/>
  <nd ref="1093877210"/>
  <nd ref="1093877243"/>
  <nd ref="1093877209"/>
  <nd ref="1093877208"/>
  <nd ref="1093877203"/>
  <nd ref="2457193675"/>
  <nd ref="2457193673"/>
  <nd ref="1093877205"/>
  <nd ref="1093877310"/>
  <nd ref="1093877262"/>
  <nd ref="1093877156"/>
  <nd ref="1093877320"/>
  <nd ref="1932749749"/>
  <nd ref="1093877323"/>
  <nd ref="1932749754"/>
  <nd ref="1093877177"/>
  <nd ref="1093877198"/>
  <nd ref="1093877321"/>
  <nd ref="1932749791"/>
  <nd ref="1932749793"/>
  <nd ref="2457193762"/>
  <nd ref="1093877186"/>
  <nd ref="6445821217"/>
  <nd ref="1093877293"/>
  <tag k="landuse" v="quarry"/>
  <tag k="name" v="Kiesgrube"/>
 </way>
 <way id="94099511" visible="true" version="7" changeset="119084622" timestamp="2022-03-29T18:57:06Z" user="Funki-Bux" uid="15130873">
  <nd ref="1093910995"/>
  <nd ref="1093910858"/>
  <nd ref="1093910918"/>
  <nd ref="1093910746"/>
  <nd ref="1093910741"/>
  <nd ref="3690607383"/>
  <nd ref="1093910907"/>
  <nd ref="3690607355"/>
  <nd ref="1093910926"/>
  <nd ref="3690607336"/>
  <nd ref="3690607339"/>
  <nd ref="3690607331"/>
  <nd ref="3690607318"/>
  <nd ref="3690607310"/>
  <nd ref="1093911079"/>
  <nd ref="2772337733"/>
  <nd ref="1093911074"/>
  <nd ref="1093911414"/>
  <nd ref="1093910902"/>
  <nd ref="1093910720"/>
  <nd ref="1093910660"/>
  <nd ref="1093911488"/>
  <nd ref="1093911221"/>
  <nd ref="1093910786"/>
  <nd ref="1093910605"/>
  <nd ref="1093910986"/>
  <nd ref="1093910727"/>
  <nd ref="1093911561"/>
  <nd ref="1093911005"/>
  <nd ref="1093910795"/>
  <nd ref="1093910790"/>
  <nd ref="1093910780"/>
  <nd ref="1093910793"/>
  <nd ref="1093910770"/>
  <nd ref="1093910657"/>
  <nd ref="1093910652"/>
  <nd ref="1093910609"/>
  <nd ref="1093910656"/>
  <nd ref="1093911347"/>
  <nd ref="1093911410"/>
  <nd ref="1093911478"/>
  <nd ref="1093911139"/>
  <nd ref="1093911015"/>
  <nd ref="1093910914"/>
  <nd ref="1093910777"/>
  <nd ref="1093910988"/>
  <nd ref="1093911069"/>
  <nd ref="3690607445"/>
  <nd ref="1093911539"/>
  <nd ref="1093911496"/>
  <nd ref="1093910995"/>
  <tag k="landuse" v="forest"/>
 </way>
 <way id="112004070" visible="true" version="4" changeset="33256440" timestamp="2015-08-11T01:21:43Z" user="Omegatherion" uid="75582">
  <nd ref="507410053"/>
  <nd ref="3466272842"/>
  <nd ref="3466272841"/>
  <nd ref="2457193595"/>
  <nd ref="2457193594"/>
  <nd ref="2457193591"/>
  <nd ref="2457193590"/>
  <nd ref="1274364825"/>
  <nd ref="1274364824"/>
  <tag k="highway" v="track"/>
  <tag k="motorcar" v="agricultural"/>
  <tag k="surface" v="dirt"/>
  <tag k="tracktype" v="grade4"/>
 </way>
 <way id="154670055" visible="true" version="7" changeset="157774066" timestamp="2024-10-11T21:30:19Z" user="BikeTschorsch" uid="6441004">
  <nd ref="1671705355"/>
  <nd ref="1671705357"/>
  <nd ref="1671705114"/>
  <nd ref="1671705358"/>
  <nd ref="1671705360"/>
  <nd ref="1671705361"/>
  <nd ref="1671705363"/>
  <nd ref="9904764018"/>
  <nd ref="1671705364"/>
  <nd ref="1671705230"/>
  <nd ref="1671705293"/>
  <nd ref="1671705105"/>
  <nd ref="1671705155"/>
  <nd ref="1671705158"/>
  <nd ref="1671705162"/>
  <nd ref="1671705371"/>
  <nd ref="1671705140"/>
  <nd ref="1671705281"/>
  <nd ref="1671705099"/>
  <nd ref="1671705263"/>
  <nd ref="1671705308"/>
  <nd ref="1671705210"/>
  <nd ref="1671705240"/>
  <nd ref="1671705272"/>
  <nd ref="1671705277"/>
  <nd ref="1671705285"/>
  <nd ref="1671705292"/>
  <nd ref="1671705326"/>
  <nd ref="1671705375"/>
  <nd ref="1671705102"/>
  <nd ref="1671705151"/>
  <nd ref="1671705161"/>
  <nd ref="1671705163"/>
  <nd ref="1671705188"/>
  <nd ref="1671705191"/>
  <nd ref="1671705380"/>
  <nd ref="1671705214"/>
  <nd ref="1671705377"/>
  <nd ref="1671705123"/>
  <nd ref="1671705378"/>
  <nd ref="1671705302"/>
  <nd ref="1671705235"/>
  <nd ref="1671705273"/>
  <nd ref="1671705284"/>
  <nd ref="1671705323"/>
  <nd ref="1671705108"/>
  <nd ref="1671705160"/>
  <nd ref="1671705164"/>
  <nd ref="1671705196"/>
  <nd ref="1671705213"/>
  <nd ref="1671705223"/>
  <nd ref="1671705232"/>
  <nd ref="1671705275"/>
  <nd ref="1671705278"/>
  <nd ref="1671705282"/>
  <nd ref="1671705295"/>
  <nd ref="1671705301"/>
  <nd ref="1671705148"/>
  <nd ref="12244971461"/>
  <nd ref="1671705373"/>
  <nd ref="1671705112"/>
  <nd ref="12244971460"/>
  <nd ref="1671705204"/>
  <nd ref="1671705270"/>
  <nd ref="12244971459"/>
  <nd ref="1671705280"/>
  <nd ref="1671705290"/>
  <nd ref="1671705374"/>
  <nd ref="3632404624"/>
  <nd ref="1671705310"/>
  <nd ref="1671705206"/>
  <nd ref="1671705265"/>
  <nd ref="1671705300"/>
  <nd ref="1671705317"/>
  <nd ref="1671705201"/>
  <nd ref="1671705208"/>
  <nd ref="1671705233"/>
  <nd ref="1671705236"/>
  <nd ref="1671705243"/>
  <nd ref="1671705267"/>
  <nd ref="359985719"/>
  <tag k="highway" v="path"/>
  <tag k="surface" v="dirt"/>
  <tag k="trail_visibility" v="bad"/>
 </way>
 <way id="182919416" visible="true" version="4" changeset="44456670" timestamp="2016-12-16T20:47:00Z" user="Omegatherion" uid="75582">
  <nd ref="1932749793"/>
  <nd ref="1932749791"/>
  <nd ref="1093877321"/>
  <nd ref="1932749778"/>
  <nd ref="1932749782"/>
  <nd ref="1932749784"/>
  <nd ref="1932749780"/>
  <nd ref="1932749776"/>
  <nd ref="1932749769"/>
  <nd ref="1932749768"/>
  <nd ref="1932749767"/>
  <nd ref="1932749765"/>
  <nd ref="1932749763"/>
  <nd ref="1932749762"/>
  <nd ref="1932749758"/>
  <nd ref="1932749756"/>
  <nd ref="1932749754"/>
  <nd ref="1093877323"/>
  <nd ref="1932749749"/>
  <nd ref="1093877320"/>
  <nd ref="2457193654"/>
  <nd ref="270840492"/>
  <nd ref="2457193656"/>
  <nd ref="2457193658"/>
  <nd ref="270070242"/>
  <nd ref="4557730066"/>
  <nd ref="4557730067"/>
  <nd ref="1932749793"/>
  <tag k="landuse" v="forest"/>
 </way>
 <way id="183402886" visible="true" version="5" changeset="140246316" timestamp="2023-08-22T20:41:24Z" user="TomJeffs" uid="6397757">
  <nd ref="1937737873"/>
  <nd ref="1937737865"/>
  <tag k="highway" v="raceway"/>
  <tag k="oneway" v="yes"/>
  <tag k="raceway" v="start"/>
  <tag k="sport" v="motor"/>
 </way>
 <way id="203153938" visible="true" version="1" changeset="14812524" timestamp="2013-01-27T19:26:43Z" user="sundew" uid="617520">
  <nd ref="2131285716"/>
  <nd ref="2131285715"/>
  <nd ref="2131285711"/>
  <nd ref="2131285708"/>
  <nd ref="2131285707"/>
  <nd ref="2131285709"/>
  <nd ref="2131285713"/>
  <nd ref="2131285716"/>
  <tag k="natural" v="water"/>
 </way>
 <way id="203153939" visible="true" version="1" changeset="14812524" timestamp="2013-01-27T19:26:43Z" user="sundew" uid="617520">
  <nd ref="2131285717"/>
  <nd ref="2131285720"/>
  <nd ref="2131285718"/>
  <nd ref="2131285714"/>
  <nd ref="2131285710"/>
  <nd ref="2131285705"/>
  <nd ref="2131285703"/>
  <nd ref="2131285706"/>
  <nd ref="2131285712"/>
  <nd ref="2131285717"/>
 </way>
 <way id="203156026" visible="true" version="1" changeset="14812524" timestamp="2013-01-27T19:40:27Z" user="sundew" uid="617520">
  <nd ref="2131318827"/>
  <nd ref="2131318830"/>
  <nd ref="465238116"/>
  <nd ref="2131318823"/>
  <nd ref="465238117"/>
  <nd ref="2131318821"/>
  <nd ref="2131318827"/>
  <tag k="natural" v="water"/>
 </way>
 <way id="238690845" visible="true" version="4" changeset="104302025" timestamp="2021-05-07T08:33:32Z" user="pravallg" uid="10457692">
  <nd ref="281497984"/>
  <nd ref="507410048"/>
  <nd ref="8708867984"/>
  <nd ref="507410051"/>
  <nd ref="2464928332"/>
  <nd ref="2457193670"/>
  <nd ref="2457193627"/>
  <tag k="highway" v="track"/>
  <tag k="motorcar" v="agricultural"/>
  <tag k="name" v="Bei den Rethen"/>
  <tag k="tracktype" v="grade1"/>
 </way>
 <way id="242655254" visible="true" version="7" changeset="30863109" timestamp="2015-05-07T06:51:33Z" user="Omegatherion" uid="75582">
  <nd ref="2501143823"/>
  <nd ref="2501143829"/>
  <tag k="alt_name" v="Zum Feuerteich"/>
  <tag k="highway" v="residential"/>
  <tag k="maxspeed" v="30"/>
  <tag k="name" v="Altklosterbergstraße"/>
  <tag k="source:maxspeed" v="DE:zone:30"/>
 </way>
 <way id="242655364" visible="true" version="11" changeset="119084622" timestamp="2022-03-29T18:57:06Z" user="Funki-Bux" uid="15130873">
  <nd ref="1093910986"/>
  <nd ref="1093910727"/>
  <nd ref="1093911561"/>
  <nd ref="1093911005"/>
  <nd ref="1093910795"/>
  <nd ref="1093910790"/>
  <nd ref="1093910780"/>
  <nd ref="1093910793"/>
  <nd ref="1093910770"/>
  <nd ref="1093910657"/>
  <nd ref="1093910652"/>
  <nd ref="1093910609"/>
  <nd ref="1093910656"/>
  <nd ref="6446004159"/>
  <nd ref="6446004157"/>
  <nd ref="6446004158"/>
  <nd ref="6446004156"/>
  <nd ref="2501143883"/>
  <nd ref="2501143909"/>
  <nd ref="2501143908"/>
  <nd ref="2501143905"/>
  <nd ref="2501143906"/>
  <nd ref="2501143910"/>
  <nd ref="6445977877"/>
  <nd ref="270840431"/>
  <nd ref="270840432"/>
  <nd ref="3892383758"/>
  <nd ref="270840433"/>
  <nd ref="270840434"/>
  <nd ref="270840435"/>
  <nd ref="270840436"/>
  <nd ref="270840437"/>
  <nd ref="270840442"/>
  <nd ref="270840443"/>
  <nd ref="270840444"/>
  <nd ref="270840445"/>
  <nd ref="3690607407"/>
  <nd ref="6445774403"/>
  <nd ref="3690607392"/>
  <nd ref="3690607390"/>
  <nd ref="3690607386"/>
  <nd ref="3690607380"/>
  <nd ref="270840447"/>
  <nd ref="270840448"/>
  <nd ref="3690607361"/>
  <nd ref="270840449"/>
  <nd ref="281498001"/>
  <nd ref="2501143840"/>
  <nd ref="2501143842"/>
  <nd ref="2501143870"/>
  <nd ref="2501143868"/>
  <nd ref="2501143866"/>
  <nd ref="2501143859"/>
  <nd ref="2501143857"/>
  <nd ref="2772337885"/>
  <nd ref="2772337865"/>
  <nd ref="2772337855"/>
  <nd ref="9621673640"/>
  <nd ref="244984935"/>
 </way>
 <way id="242655366" visible="true" version="4" changeset="119085200" timestamp="2022-03-29T19:13:36Z" user="Funki-Bux" uid="15130873">
  <nd ref="281497995"/>
  <nd ref="9621700887"/>
  <nd ref="7095228401"/>
  <nd ref="281497984"/>
  <tag k="highway" v="residential"/>
  <tag k="maxspeed" v="30"/>
  <tag k="name" v="Olenhoffweg"/>
  <tag k="source:maxspeed" v="DE:zone:30"/>
 </way>
 <way id="255971057" visible="true" version="11" changeset="101055101" timestamp="2021-03-15T13:32:22Z" user="ma-rt-in" uid="1431737">
  <nd ref="244984886"/>
  <nd ref="4428828995"/>
  <nd ref="663359740"/>
  <tag k="bicycle" v="use_sidepath"/>
  <tag k="highway" v="secondary"/>
  <tag k="lanes" v="2"/>
  <tag k="maxspeed" v="60"/>
  <tag k="name" v="Moisburger Landstraße"/>
  <tag k="ref" v="L 141"/>
  <tag k="surface" v="asphalt"/>
 </way>
 <way id="267094190" visible="true" version="6" changeset="140246316" timestamp="2023-08-22T20:41:24Z" user="TomJeffs" uid="6397757">
  <nd ref="1937737865"/>
  <nd ref="11137220501"/>
  <nd ref="1937737859"/>
  <nd ref="1937737858"/>
  <nd ref="1937737854"/>
  <nd ref="11137220502"/>
  <nd ref="5146823658"/>
  <nd ref="1937737851"/>
  <nd ref="5146823657"/>
  <nd ref="1937737849"/>
  <nd ref="5146823656"/>
  <nd ref="1937737853"/>
  <nd ref="5146823661"/>
  <nd ref="1937737860"/>
  <nd ref="1937737861"/>
  <nd ref="1937737864"/>
  <nd ref="1937737879"/>
  <nd ref="1937737893"/>
  <nd ref="1937737895"/>
  <nd ref="1937737900"/>
  <nd ref="11136267279"/>
  <nd ref="1937737910"/>
  <nd ref="11136267278"/>
  <nd ref="1937737912"/>
  <nd ref="11136267275"/>
  <nd ref="1937737914"/>
  <nd ref="11136267276"/>
  <nd ref="1937737915"/>
  <nd ref="11136267277"/>
  <nd ref="1937737913"/>
  <nd ref="1937737909"/>
  <nd ref="1937737906"/>
  <nd ref="1937737898"/>
  <nd ref="1937737901"/>
  <nd ref="1937737903"/>
  <nd ref="1937737907"/>
  <nd ref="1937737904"/>
  <nd ref="1937737897"/>
  <nd ref="1937737894"/>
  <nd ref="1937737891"/>
  <nd ref="1937737885"/>
  <nd ref="1937737883"/>
  <nd ref="1937737882"/>
  <nd ref="1937737880"/>
  <nd ref="1937737877"/>
  <nd ref="1937737876"/>
  <nd ref="1937737875"/>
  <nd ref="1937737872"/>
  <nd ref="1937737870"/>
  <nd ref="1937737865"/>
  <tag k="highway" v="raceway"/>
  <tag k="oneway" v="yes"/>
  <tag k="sport" v="motor"/>
 </way>
 <way id="272277664" visible="true" version="5" changeset="86982370" timestamp="2020-06-22T13:04:31Z" user="AndySchulte" uid="9541341">
  <nd ref="2772338030"/>
  <nd ref="2772338034"/>
  <nd ref="2772338050"/>
  <nd ref="2772338048"/>
  <nd ref="2772338026"/>
  <nd ref="2772338018"/>
  <nd ref="2772338019"/>
  <nd ref="2772338009"/>
  <nd ref="2772338014"/>
  <nd ref="2772338021"/>
  <nd ref="2772338024"/>
  <nd ref="2772338030"/>
  <tag k="addr:city" v="Buxtehude"/>
  <tag k="addr:country" v="DE"/>
  <tag k="addr:housenumber" v="35b"/>
  <tag k="addr:postcode" v="21614"/>
  <tag k="addr:street" v="Altklosterbergstraße"/>
  <tag k="building" v="yes"/>
 </way>
 <way id="272277667" visible="true" version="5" changeset="86982370" timestamp="2020-06-22T13:04:31Z" user="AndySchulte" uid="9541341">
  <nd ref="2772337774"/>
  <nd ref="2772337781"/>
  <nd ref="2772337804"/>
  <nd ref="2772337799"/>
  <nd ref="2772337774"/>
  <tag k="addr:city" v="Buxtehude"/>
  <tag k="addr:country" v="DE"/>
  <tag k="addr:housenumber" v="15"/>
  <tag k="addr:postcode" v="21614"/>
  <tag k="addr:street" v="Altklosterbergstraße"/>
  <tag k="building" v="yes"/>
 </way>
 <way id="272277669" visible="true" version="1" changeset="21531322" timestamp="2014-04-06T12:24:25Z" user="Omegatherion" uid="75582">
  <nd ref="2772337505"/>
  <nd ref="2772337522"/>
  <nd ref="2772337519"/>
  <nd ref="2772337503"/>
  <nd ref="2772337505"/>
  <tag k="building" v="yes"/>
 </way>
 <way id="272277673" visible="true" version="5" changeset="86982370" timestamp="2020-06-22T13:04:31Z" user="AndySchulte" uid="9541341">
  <nd ref="2772337598"/>
  <nd ref="2772337615"/>
  <nd ref="2772337607"/>
  <nd ref="2772337595"/>
  <nd ref="2772337598"/>
  <tag k="addr:city" v="Buxtehude"/>
  <tag k="addr:country" v="DE"/>
  <tag k="addr:housenumber" v="17"/>
  <tag k="addr:postcode" v="21614"/>
  <tag k="addr:street" v="Eilendorfer Weg"/>
  <tag k="building" v="yes"/>
 </way>
 <way id="272277674" visible="true" version="5" changeset="86982370" timestamp="2020-06-22T13:04:31Z" user="AndySchulte" uid="9541341">
  <nd ref="2772337812"/>
  <nd ref="2772337828"/>
  <nd ref="2772337816"/>
  <nd ref="2772337808"/>
  <nd ref="2772337812"/>
  <tag k="addr:city" v="Buxtehude"/>
  <tag k="addr:country" v="DE"/>
  <tag k="addr:housenumber" v="16"/>
  <tag k="addr:postcode" v="21614"/>
  <tag k="addr:street" v="Altklosterbergstraße"/>
  <tag k="building" v="yes"/>
 </way>
 <way id="272277675" visible="true" version="1" changeset="21531322" timestamp="2014-04-06T12:24:25Z" user="Omegatherion" uid="75582">
  <nd ref="2772337517"/>
  <nd ref="2772337529"/>
  <nd ref="2772337525"/>
  <nd ref="2772337511"/>
  <nd ref="2772337517"/>
  <tag k="building" v="yes"/>
 </way>
 <way id="272277683" visible="true" version="5" changeset="86982370" timestamp="2020-06-22T13:04:31Z" user="AndySchulte" uid="9541341">
  <nd ref="2772337664"/>
  <nd ref="2772337685"/>
  <nd ref="2772337669"/>
  <nd ref="2772337654"/>
  <nd ref="2772337664"/>
  <tag k="addr:city" v="Buxtehude"/>
  <tag k="addr:country" v="DE"/>
  <tag k="addr:housenumber" v="23"/>
  <tag k="addr:postcode" v="21614"/>
  <tag k="addr:street" v="Eilendorfer Weg"/>
  <tag k="building" v="yes"/>
 </way>
 <way id="272277685" visible="true" version="5" changeset="86982370" timestamp="2020-06-22T13:04:31Z" user="AndySchulte" uid="9541341">
  <nd ref="2772337891"/>
  <nd ref="2772337895"/>
  <nd ref="2772337892"/>
  <nd ref="2772337889"/>
  <nd ref="2772337891"/>
  <tag k="addr:city" v="Buxtehude"/>
  <tag k="addr:country" v="DE"/>
  <tag k="addr:housenumber" v="29"/>
  <tag k="addr:postcode" v="21614"/>
  <tag k="addr:street" v="Altklosterbergstraße"/>
  <tag k="building" v="yes"/>
 </way>
 <way id="272277686" visible="true" version="5" changeset="86982370" timestamp="2020-06-22T13:04:31Z" user="AndySchulte" uid="9541341">
  <nd ref="2772337853"/>
  <nd ref="2772337863"/>
  <nd ref="2772337859"/>
  <nd ref="2772337847"/>
  <nd ref="2772337853"/>
  <tag k="addr:city" v="Buxtehude"/>
  <tag k="addr:country" v="DE"/>
  <tag k="addr:housenumber" v="25"/>
  <tag k="addr:postcode" v="21614"/>
  <tag k="addr:street" v="Altklosterbergstraße"/>
  <tag k="building" v="yes"/>
 </way>
 <way id="272277687" visible="true" version="5" changeset="86982370" timestamp="2020-06-22T13:04:31Z" user="AndySchulte" uid="9541341">
  <nd ref="2772337547"/>
  <nd ref="2772337562"/>
  <nd ref="2772337556"/>
  <nd ref="2772337545"/>
  <nd ref="2772337547"/>
  <tag k="addr:city" v="Buxtehude"/>
  <tag k="addr:country" v="DE"/>
  <tag k="addr:housenumber" v="9"/>
  <tag k="addr:postcode" v="21614"/>
  <tag k="addr:street" v="Eilendorfer Weg"/>
  <tag k="building" v="yes"/>
 </way>
 <way id="272277689" visible="true" version="5" changeset="86982370" timestamp="2020-06-22T13:04:31Z" user="AndySchulte" uid="9541341">
  <nd ref="2772337897"/>
  <nd ref="2772337899"/>
  <nd ref="2772337905"/>
  <nd ref="2772337901"/>
  <nd ref="2772337897"/>
  <tag k="addr:city" v="Buxtehude"/>
  <tag k="addr:country" v="DE"/>
  <tag k="addr:housenumber" v="31"/>
  <tag k="addr:postcode" v="21614"/>
  <tag k="addr:street" v="Altklosterbergstraße"/>
  <tag k="building" v="yes"/>
 </way>
 <way id="272277693" visible="true" version="5" changeset="86982370" timestamp="2020-06-22T13:04:31Z" user="AndySchulte" uid="9541341">
  <nd ref="2772337639"/>
  <nd ref="2772337659"/>
  <nd ref="2772337650"/>
  <nd ref="2772337619"/>
  <nd ref="2772337639"/>
  <tag k="addr:city" v="Buxtehude"/>
  <tag k="addr:country" v="DE"/>
  <tag k="addr:housenumber" v="23a"/>
  <tag k="addr:postcode" v="21614"/>
  <tag k="addr:street" v="Eilendorfer Weg"/>
  <tag k="building" v="yes"/>
 </way>
 <way id="272277694" visible="true" version="5" changeset="86982370" timestamp="2020-06-22T13:04:31Z" user="AndySchulte" uid="9541341">
  <nd ref="2772337789"/>
  <nd ref="2772337802"/>
  <nd ref="2772337795"/>
  <nd ref="2772337779"/>
  <nd ref="2772337789"/>
  <tag k="addr:city" v="Buxtehude"/>
  <tag k="addr:country" v="DE"/>
  <tag k="addr:housenumber" v="30"/>
  <tag k="addr:postcode" v="21614"/>
  <tag k="addr:street" v="Eilendorfer Weg"/>
  <tag k="building" v="yes"/>
 </way>
 <way id="272277695" visible="true" version="5" changeset="86982370" timestamp="2020-06-22T13:04:31Z" user="AndySchulte" uid="9541341">
  <nd ref="2772337787"/>
  <nd ref="2772337800"/>
  <nd ref="2772337790"/>
  <nd ref="2772337776"/>
  <nd ref="2772337787"/>
  <tag k="addr:city" v="Buxtehude"/>
  <tag k="addr:country" v="DE"/>
  <tag k="addr:housenumber" v="14"/>
  <tag k="addr:postcode" v="21614"/>
  <tag k="addr:street" v="Altklosterbergstraße"/>
  <tag k="building" v="yes"/>
 </way>
 <way id="272277696" visible="true" version="2" changeset="120907220" timestamp="2022-05-12T21:40:58Z" user="Funki-Bux" uid="15130873">
  <nd ref="2772337533"/>
  <nd ref="2772337536"/>
  <nd ref="9735927208"/>
  <nd ref="9735927207"/>
  <nd ref="2772337535"/>
  <nd ref="2772337531"/>
  <nd ref="2772337533"/>
  <tag k="building" v="yes"/>
 </way>
 <way id="272277701" visible="true" version="5" changeset="86982370" timestamp="2020-06-22T13:04:31Z" user="AndySchulte" uid="9541341">
  <nd ref="2772337947"/>
  <nd ref="2772337969"/>
  <nd ref="2772337957"/>
  <nd ref="2772337913"/>
  <nd ref="2772337947"/>
  <tag k="addr:city" v="Buxtehude"/>
  <tag k="addr:country" v="DE"/>
  <tag k="addr:housenumber" v="33a"/>
  <tag k="addr:postcode" v="21614"/>
  <tag k="addr:street" v="Altklosterbergstraße"/>
  <tag k="building" v="yes"/>
 </way>
 <way id="272277702" visible="true" version="5" changeset="86982370" timestamp="2020-06-22T13:04:31Z" user="AndySchulte" uid="9541341">
  <nd ref="2772337765"/>
  <nd ref="2772337760"/>
  <nd ref="2772337746"/>
  <nd ref="2772337753"/>
  <nd ref="2772337765"/>
  <tag k="addr:city" v="Buxtehude"/>
  <tag k="addr:country" v="DE"/>
  <tag k="addr:housenumber" v="11"/>
  <tag k="addr:postcode" v="21614"/>
  <tag k="addr:street" v="Altklosterbergstraße"/>
  <tag k="building" v="yes"/>
 </way>
 <way id="272277704" visible="true" version="5" changeset="86982370" timestamp="2020-06-22T13:04:31Z" user="AndySchulte" uid="9541341">
  <nd ref="2772338066"/>
  <nd ref="2772338075"/>
  <nd ref="2772338087"/>
  <nd ref="2772338081"/>
  <nd ref="2772338066"/>
  <tag k="addr:city" v="Buxtehude"/>
  <tag k="addr:country" v="DE"/>
  <tag k="addr:housenumber" v="37"/>
  <tag k="addr:postcode" v="21614"/>
  <tag k="addr:street" v="Altklosterbergstraße"/>
  <tag k="building" v="yes"/>
 </way>
 <way id="272277706" visible="true" version="5" changeset="86982370" timestamp="2020-06-22T13:04:31Z" user="AndySchulte" uid="9541341">
  <nd ref="2772337700"/>
  <nd ref="2772337671"/>
  <nd ref="2772337688"/>
  <nd ref="2772337711"/>
  <nd ref="2772337700"/>
  <tag k="addr:city" v="Buxtehude"/>
  <tag k="addr:country" v="DE"/>
  <tag k="addr:housenumber" v="25"/>
  <tag k="addr:postcode" v="21614"/>
  <tag k="addr:street" v="Eilendorfer Weg"/>
  <tag k="building" v="yes"/>
 </way>
 <way id="272277707" visible="true" version="5" changeset="86982370" timestamp="2020-06-22T13:04:31Z" user="AndySchulte" uid="9541341">
  <nd ref="2772337849"/>
  <nd ref="2772337868"/>
  <nd ref="2772337867"/>
  <nd ref="2772337839"/>
  <nd ref="2772337849"/>
  <tag k="addr:city" v="Buxtehude"/>
  <tag k="addr:country" v="DE"/>
  <tag k="addr:housenumber" v="18"/>
  <tag k="addr:postcode" v="21614"/>
  <tag k="addr:street" v="Altklosterbergstraße"/>
  <tag k="building" v="yes"/>
 </way>
 <way id="272277710" visible="true" version="5" changeset="86982370" timestamp="2020-06-22T13:04:31Z" user="AndySchulte" uid="9541341">
  <nd ref="2772337581"/>
  <nd ref="2772337590"/>
  <nd ref="2772337593"/>
  <nd ref="2772337591"/>
  <nd ref="2772337581"/>
  <tag k="addr:city" v="Buxtehude"/>
  <tag k="addr:country" v="DE"/>
  <tag k="addr:housenumber" v="15"/>
  <tag k="addr:postcode" v="21614"/>
  <tag k="addr:street" v="Eilendorfer Weg"/>
  <tag k="building" v="yes"/>
 </way>
 <way id="272277712" visible="true" version="5" changeset="86982370" timestamp="2020-06-22T13:04:31Z" user="AndySchulte" uid="9541341">
  <nd ref="2772338016"/>
  <nd ref="2772338042"/>
  <nd ref="2772338031"/>
  <nd ref="2772338006"/>
  <nd ref="2772338016"/>
  <tag k="addr:city" v="Buxtehude"/>
  <tag k="addr:country" v="DE"/>
  <tag k="addr:housenumber" v="35"/>
  <tag k="addr:postcode" v="21614"/>
  <tag k="addr:street" v="Altklosterbergstraße"/>
  <tag k="building" v="yes"/>
 </way>
 <way id="272277713" visible="true" version="5" changeset="86982370" timestamp="2020-06-22T13:04:31Z" user="AndySchulte" uid="9541341">
  <nd ref="2772337822"/>
  <nd ref="2772337837"/>
  <nd ref="2772337832"/>
  <nd ref="2772337814"/>
  <nd ref="2772337822"/>
  <tag k="addr:city" v="Buxtehude"/>
  <tag k="addr:country" v="DE"/>
  <tag k="addr:housenumber" v="23"/>
  <tag k="addr:postcode" v="21614"/>
  <tag k="addr:street" v="Altklosterbergstraße"/>
  <tag k="building" v="yes"/>
 </way>
 <way id="272277714" visible="true" version="1" changeset="21531322" timestamp="2014-04-06T12:24:27Z" user="Omegatherion" uid="75582">
  <nd ref="2772337501"/>
  <nd ref="2772337515"/>
  <nd ref="2772337508"/>
  <nd ref="2772337498"/>
  <nd ref="2772337501"/>
  <tag k="building" v="yes"/>
 </way>
 <way id="272277716" visible="true" version="1" changeset="21531322" timestamp="2014-04-06T12:24:27Z" user="Omegatherion" uid="75582">
  <nd ref="2772337975"/>
  <nd ref="2772337985"/>
  <nd ref="2772337981"/>
  <nd ref="2772337964"/>
  <nd ref="2772337975"/>
  <tag k="building" v="yes"/>
 </way>
 <way id="272277718" visible="true" version="5" changeset="86982370" timestamp="2020-06-22T13:04:31Z" user="AndySchulte" uid="9541341">
  <nd ref="2772337709"/>
  <nd ref="2772337681"/>
  <nd ref="2772337691"/>
  <nd ref="2772337713"/>
  <nd ref="2772337709"/>
  <tag k="addr:city" v="Buxtehude"/>
  <tag k="addr:country" v="DE"/>
  <tag k="addr:housenumber" v="27"/>
  <tag k="addr:postcode" v="21614"/>
  <tag k="addr:street" v="Eilendorfer Weg"/>
  <tag k="building" v="yes"/>
 </way>
 <way id="272277719" visible="true" version="5" changeset="86982370" timestamp="2020-06-22T13:04:31Z" user="AndySchulte" uid="9541341">
  <nd ref="2772337745"/>
  <nd ref="2772337740"/>
  <nd ref="2772337730"/>
  <nd ref="2772337735"/>
  <nd ref="2772337745"/>
  <tag k="addr:city" v="Buxtehude"/>
  <tag k="addr:country" v="DE"/>
  <tag k="addr:housenumber" v="28"/>
  <tag k="addr:postcode" v="21614"/>
  <tag k="addr:street" v="Eilendorfer Weg"/>
  <tag k="building" v="yes"/>
 </way>
 <way id="272277720" visible="true" version="5" changeset="86982370" timestamp="2020-06-22T13:04:31Z" user="AndySchulte" uid="9541341">
  <nd ref="2772337558"/>
  <nd ref="2772337571"/>
  <nd ref="2772337565"/>
  <nd ref="2772337554"/>
  <nd ref="2772337558"/>
  <tag k="addr:city" v="Buxtehude"/>
  <tag k="addr:country" v="DE"/>
  <tag k="addr:housenumber" v="11"/>
  <tag k="addr:postcode" v="21614"/>
  <tag k="addr:street" v="Eilendorfer Weg"/>
  <tag k="building" v="yes"/>
 </way>
 <way id="272277724" visible="true" version="5" changeset="86982370" timestamp="2020-06-22T13:04:31Z" user="AndySchulte" uid="9541341">
  <nd ref="2772337705"/>
  <nd ref="2772337728"/>
  <nd ref="2772337718"/>
  <nd ref="2772337695"/>
  <nd ref="2772337705"/>
  <tag k="addr:city" v="Buxtehude"/>
  <tag k="addr:country" v="DE"/>
  <tag k="addr:housenumber" v="12"/>
  <tag k="addr:postcode" v="21614"/>
  <tag k="addr:street" v="Eilendorfer Weg"/>
  <tag k="building" v="yes"/>
 </way>
 <way id="272277726" visible="true" version="5" changeset="86982370" timestamp="2020-06-22T13:04:31Z" user="AndySchulte" uid="9541341">
  <nd ref="2772337952"/>
  <nd ref="2772337983"/>
  <nd ref="2772337967"/>
  <nd ref="2772337920"/>
  <nd ref="2772337952"/>
  <tag k="addr:city" v="Buxtehude"/>
  <tag k="addr:country" v="DE"/>
  <tag k="addr:housenumber" v="33"/>
  <tag k="addr:postcode" v="21614"/>
  <tag k="addr:street" v="Altklosterbergstraße"/>
  <tag k="building" v="yes"/>
 </way>
 <way id="272277727" visible="true" version="5" changeset="86982370" timestamp="2020-06-22T13:04:31Z" user="AndySchulte" uid="9541341">
  <nd ref="2772337845"/>
  <nd ref="2772337861"/>
  <nd ref="2772337856"/>
  <nd ref="2772337841"/>
  <nd ref="2772337845"/>
  <tag k="addr:city" v="Buxtehude"/>
  <tag k="addr:country" v="DE"/>
  <tag k="addr:housenumber" v="23a"/>
  <tag k="addr:postcode" v="21614"/>
  <tag k="addr:street" v="Altklosterbergstraße"/>
  <tag k="building" v="yes"/>
 </way>
 <way id="272277728" visible="true" version="5" changeset="86982370" timestamp="2020-06-22T13:04:31Z" user="AndySchulte" uid="9541341">
  <nd ref="2772337707"/>
  <nd ref="2772337722"/>
  <nd ref="2772337717"/>
  <nd ref="2772337699"/>
  <nd ref="2772337707"/>
  <tag k="addr:city" v="Buxtehude"/>
  <tag k="addr:country" v="DE"/>
  <tag k="addr:housenumber" v="7"/>
  <tag k="addr:postcode" v="21614"/>
  <tag k="addr:street" v="Altklosterbergstraße"/>
  <tag k="building" v="yes"/>
 </way>
 <way id="272277729" visible="true" version="1" changeset="21531322" timestamp="2014-04-06T12:24:28Z" user="Omegatherion" uid="75582">
  <nd ref="2772337767"/>
  <nd ref="2772337785"/>
  <nd ref="2772337771"/>
  <nd ref="2772337748"/>
  <nd ref="2772337767"/>
  <tag k="building" v="yes"/>
 </way>
 <way id="272277730" visible="true" version="5" changeset="86982370" timestamp="2020-06-22T13:04:31Z" user="AndySchulte" uid="9541341">
  <nd ref="2772337758"/>
  <nd ref="2772337751"/>
  <nd ref="2772337741"/>
  <nd ref="2772337743"/>
  <nd ref="2772337758"/>
  <tag k="addr:city" v="Buxtehude"/>
  <tag k="addr:country" v="DE"/>
  <tag k="addr:housenumber" v="12"/>
  <tag k="addr:postcode" v="21614"/>
  <tag k="addr:street" v="Altklosterbergstraße"/>
  <tag k="building" v="yes"/>
 </way>
 <way id="272277735" visible="true" version="5" changeset="86982370" timestamp="2020-06-22T13:04:31Z" user="AndySchulte" uid="9541341">
  <nd ref="2772337605"/>
  <nd ref="2772337610"/>
  <nd ref="2772337635"/>
  <nd ref="2772337649"/>
  <nd ref="2772337642"/>
  <nd ref="2772337605"/>
  <tag k="addr:city" v="Buxtehude"/>
  <tag k="addr:country" v="DE"/>
  <tag k="addr:housenumber" v="6"/>
  <tag k="addr:postcode" v="21614"/>
  <tag k="addr:street" v="Altklosterbergstraße"/>
  <tag k="building" v="yes"/>
 </way>
 <way id="272277736" visible="true" version="5" changeset="86982370" timestamp="2020-06-22T13:04:31Z" user="AndySchulte" uid="9541341">
  <nd ref="2772337608"/>
  <nd ref="2772337645"/>
  <nd ref="2772337635"/>
  <nd ref="2772337610"/>
  <nd ref="2772337603"/>
  <nd ref="2772337608"/>
  <tag k="addr:city" v="Buxtehude"/>
  <tag k="addr:country" v="DE"/>
  <tag k="addr:housenumber" v="4"/>
  <tag k="addr:postcode" v="21614"/>
  <tag k="addr:street" v="Altklosterbergstraße"/>
  <tag k="building" v="yes"/>
 </way>
 <way id="272277742" visible="true" version="5" changeset="86982370" timestamp="2020-06-22T13:04:31Z" user="AndySchulte" uid="9541341">
  <nd ref="2772337662"/>
  <nd ref="2772337674"/>
  <nd ref="2772337676"/>
  <nd ref="2772337697"/>
  <nd ref="2772337686"/>
  <nd ref="2772337657"/>
  <nd ref="2772337662"/>
  <tag k="addr:city" v="Buxtehude"/>
  <tag k="addr:country" v="DE"/>
  <tag k="addr:housenumber" v="8"/>
  <tag k="addr:postcode" v="21614"/>
  <tag k="addr:street" v="Eilendorfer Weg"/>
  <tag k="building" v="yes"/>
 </way>
 <way id="272277745" visible="true" version="5" changeset="86982370" timestamp="2020-06-22T13:04:31Z" user="AndySchulte" uid="9541341">
  <nd ref="2772337783"/>
  <nd ref="2772337777"/>
  <nd ref="2772337754"/>
  <nd ref="2772337756"/>
  <nd ref="2772337763"/>
  <nd ref="2772337769"/>
  <nd ref="2772337783"/>
  <tag k="addr:city" v="Buxtehude"/>
  <tag k="addr:country" v="DE"/>
  <tag k="addr:housenumber" v="13"/>
  <tag k="addr:postcode" v="21614"/>
  <tag k="addr:street" v="Altklosterbergstraße"/>
  <tag k="building" v="yes"/>
 </way>
 <way id="272277747" visible="true" version="5" changeset="86982370" timestamp="2020-06-22T13:04:31Z" user="AndySchulte" uid="9541341">
  <nd ref="2772337963"/>
  <nd ref="2772337997"/>
  <nd ref="2772337994"/>
  <nd ref="2772337985"/>
  <nd ref="2772337975"/>
  <nd ref="2772337961"/>
  <nd ref="2772337963"/>
  <tag k="addr:city" v="Buxtehude"/>
  <tag k="addr:country" v="DE"/>
  <tag k="addr:housenumber" v="33c"/>
  <tag k="addr:postcode" v="21614"/>
  <tag k="addr:street" v="Altklosterbergstraße"/>
  <tag k="building" v="yes"/>
 </way>
 <way id="272277750" visible="true" version="5" changeset="86982370" timestamp="2020-06-22T13:04:31Z" user="AndySchulte" uid="9541341">
  <nd ref="2772337720"/>
  <nd ref="2772337723"/>
  <nd ref="2772337715"/>
  <nd ref="2772337726"/>
  <nd ref="2772337738"/>
  <nd ref="2772337732"/>
  <nd ref="2772337720"/>
  <tag k="addr:city" v="Buxtehude"/>
  <tag k="addr:country" v="DE"/>
  <tag k="addr:housenumber" v="10"/>
  <tag k="addr:postcode" v="21614"/>
  <tag k="addr:street" v="Altklosterbergstraße"/>
  <tag k="building" v="yes"/>
 </way>
 <way id="272277752" visible="true" version="5" changeset="86982370" timestamp="2020-06-22T13:04:31Z" user="AndySchulte" uid="9541341">
  <nd ref="2772337672"/>
  <nd ref="2772337683"/>
  <nd ref="2772337703"/>
  <nd ref="2772337693"/>
  <nd ref="2772337678"/>
  <nd ref="2772337666"/>
  <nd ref="2772337672"/>
  <tag k="addr:city" v="Buxtehude"/>
  <tag k="addr:country" v="DE"/>
  <tag k="addr:housenumber" v="8"/>
  <tag k="addr:postcode" v="21614"/>
  <tag k="addr:street" v="Altklosterbergstraße"/>
  <tag k="building" v="yes"/>
 </way>
 <way id="272277754" visible="true" version="5" changeset="86982370" timestamp="2020-06-22T13:04:31Z" user="AndySchulte" uid="9541341">
  <nd ref="2772337955"/>
  <nd ref="2772337964"/>
  <nd ref="2772337981"/>
  <nd ref="2772337992"/>
  <nd ref="2772337990"/>
  <nd ref="2772337949"/>
  <nd ref="2772337955"/>
  <tag k="addr:city" v="Buxtehude"/>
  <tag k="addr:country" v="DE"/>
  <tag k="addr:housenumber" v="33b"/>
  <tag k="addr:postcode" v="21614"/>
  <tag k="addr:street" v="Altklosterbergstraße"/>
  <tag k="building" v="yes"/>
 </way>
 <way id="272277759" visible="true" version="5" changeset="86982370" timestamp="2020-06-22T13:04:31Z" user="AndySchulte" uid="9541341">
  <nd ref="2772337613"/>
  <nd ref="2772337625"/>
  <nd ref="2772337647"/>
  <nd ref="2772337632"/>
  <nd ref="2772337631"/>
  <nd ref="2772337629"/>
  <nd ref="2772337597"/>
  <nd ref="2772337601"/>
  <nd ref="2772337613"/>
  <tag k="addr:city" v="Buxtehude"/>
  <tag k="addr:country" v="DE"/>
  <tag k="addr:housenumber" v="19"/>
  <tag k="addr:postcode" v="21614"/>
  <tag k="addr:street" v="Eilendorfer Weg"/>
  <tag k="building" v="yes"/>
 </way>
 <way id="272277762" visible="true" version="5" changeset="86982370" timestamp="2020-06-22T13:04:31Z" user="AndySchulte" uid="9541341">
  <nd ref="2772337640"/>
  <nd ref="2772337660"/>
  <nd ref="2772337652"/>
  <nd ref="2772337620"/>
  <nd ref="2772337623"/>
  <nd ref="2772337617"/>
  <nd ref="2772337627"/>
  <nd ref="2772337637"/>
  <nd ref="2772337640"/>
  <tag k="addr:city" v="Buxtehude"/>
  <tag k="addr:country" v="DE"/>
  <tag k="addr:housenumber" v="21"/>
  <tag k="addr:postcode" v="21614"/>
  <tag k="addr:street" v="Eilendorfer Weg"/>
  <tag k="building" v="yes"/>
 </way>
 <way id="272277766" visible="true" version="5" changeset="86982370" timestamp="2020-06-22T13:04:31Z" user="AndySchulte" uid="9541341">
  <nd ref="2772337873"/>
  <nd ref="2772337887"/>
  <nd ref="2772337883"/>
  <nd ref="2772337880"/>
  <nd ref="2772337878"/>
  <nd ref="2772337875"/>
  <nd ref="2772337877"/>
  <nd ref="2772337871"/>
  <nd ref="2772337873"/>
  <tag k="addr:city" v="Buxtehude"/>
  <tag k="addr:country" v="DE"/>
  <tag k="addr:housenumber" v="27"/>
  <tag k="addr:postcode" v="21614"/>
  <tag k="addr:street" v="Altklosterbergstraße"/>
  <tag k="building" v="yes"/>
 </way>
 <way id="272277771" visible="true" version="5" changeset="86982370" timestamp="2020-06-22T13:04:31Z" user="AndySchulte" uid="9541341">
  <nd ref="2772337830"/>
  <nd ref="2772337835"/>
  <nd ref="2772337851"/>
  <nd ref="2772337843"/>
  <nd ref="2772337826"/>
  <nd ref="2772337824"/>
  <nd ref="2772337811"/>
  <nd ref="2772337815"/>
  <nd ref="2772337830"/>
  <tag k="addr:city" v="Buxtehude"/>
  <tag k="addr:country" v="DE"/>
  <tag k="addr:housenumber" v="32"/>
  <tag k="addr:postcode" v="21614"/>
  <tag k="addr:street" v="Eilendorfer Weg"/>
  <tag k="building" v="yes"/>
 </way>
 <way id="272277772" visible="true" version="5" changeset="86982370" timestamp="2020-06-22T13:04:31Z" user="AndySchulte" uid="9541341">
  <nd ref="2772337572"/>
  <nd ref="2772337576"/>
  <nd ref="2772337586"/>
  <nd ref="2772337580"/>
  <nd ref="2772337567"/>
  <nd ref="2772337563"/>
  <nd ref="2772337553"/>
  <nd ref="2772337560"/>
  <nd ref="2772337572"/>
  <tag k="addr:city" v="Buxtehude"/>
  <tag k="addr:country" v="DE"/>
  <tag k="addr:housenumber" v="13"/>
  <tag k="addr:postcode" v="21614"/>
  <tag k="addr:street" v="Eilendorfer Weg"/>
  <tag k="building" v="yes"/>
 </way>
 <way id="274363582" visible="true" version="2" changeset="120907220" timestamp="2022-05-12T21:40:58Z" user="Funki-Bux" uid="15130873">
  <nd ref="2791045514"/>
  <nd ref="2791045518"/>
  <nd ref="2791045516"/>
  <nd ref="2791045512"/>
  <nd ref="2791045514"/>
  <tag k="addr:city" v="Buxtehude"/>
  <tag k="addr:housenumber" v="3"/>
  <tag k="addr:postcode" v="21614"/>
  <tag k="addr:street" v="Altklosterbergstraße"/>
  <tag k="building" v="yes"/>
 </way>
 <way id="274363583" visible="true" version="1" changeset="21692128" timestamp="2014-04-14T18:28:56Z" user="Omegatherion" uid="75582">
  <nd ref="2791045485"/>
  <nd ref="2791045487"/>
  <nd ref="2791045497"/>
  <nd ref="2791045491"/>
  <nd ref="2791045485"/>
  <tag k="building" v="yes"/>
 </way>
 <way id="274363609" visible="true" version="5" changeset="148184223" timestamp="2024-03-03T22:41:27Z" user="Funki-Bux" uid="15130873">
  <nd ref="2772337809"/>
  <nd ref="2791045535"/>
  <nd ref="2791045537"/>
  <nd ref="2772337810"/>
  <nd ref="2772337809"/>
  <tag k="addr:city" v="Buxtehude"/>
  <tag k="addr:country" v="DE"/>
  <tag k="addr:housenumber" v="19b"/>
  <tag k="addr:postcode" v="21614"/>
  <tag k="addr:street" v="Altklosterbergstraße"/>
  <tag k="building" v="yes"/>
 </way>
 <way id="274363611" visible="true" version="5" changeset="148184223" timestamp="2024-03-03T22:41:27Z" user="Funki-Bux" uid="15130873">
  <nd ref="2791045535"/>
  <nd ref="2772337792"/>
  <nd ref="2772337797"/>
  <nd ref="2791045537"/>
  <nd ref="2791045535"/>
  <tag k="addr:city" v="Buxtehude"/>
  <tag k="addr:country" v="DE"/>
  <tag k="addr:housenumber" v="19a"/>
  <tag k="addr:postcode" v="21614"/>
  <tag k="addr:street" v="Altklosterbergstraße"/>
  <tag k="building" v="yes"/>
 </way>
 <way id="274363612" visible="true" version="4" changeset="86982370" timestamp="2020-06-22T13:04:31Z" user="AndySchulte" uid="9541341">
  <nd ref="2791045500"/>
  <nd ref="2791045493"/>
  <nd ref="2791045495"/>
  <nd ref="2791045502"/>
  <nd ref="2791045500"/>
  <tag k="addr:city" v="Buxtehude"/>
  <tag k="addr:country" v="DE"/>
  <tag k="addr:housenumber" v="2"/>
  <tag k="addr:postcode" v="21614"/>
  <tag k="addr:street" v="Eilendorfer Weg"/>
  <tag k="building" v="yes"/>
 </way>
 <way id="274363619" visible="true" version="4" changeset="86982370" timestamp="2020-06-22T13:04:31Z" user="AndySchulte" uid="9541341">
  <nd ref="2791045540"/>
  <nd ref="2791045546"/>
  <nd ref="2791045542"/>
  <nd ref="2791045539"/>
  <nd ref="2791045540"/>
  <tag k="addr:city" v="Buxtehude"/>
  <tag k="addr:country" v="DE"/>
  <tag k="addr:housenumber" v="21"/>
  <tag k="addr:postcode" v="21614"/>
  <tag k="addr:street" v="Altklosterbergstraße"/>
  <tag k="building" v="yes"/>
 </way>
 <way id="274363635" visible="true" version="4" changeset="86982370" timestamp="2020-06-22T13:04:31Z" user="AndySchulte" uid="9541341">
  <nd ref="2791045481"/>
  <nd ref="2791045483"/>
  <nd ref="2791045479"/>
  <nd ref="2791045476"/>
  <nd ref="2791045481"/>
  <tag k="addr:city" v="Buxtehude"/>
  <tag k="addr:country" v="DE"/>
  <tag k="addr:housenumber" v="3"/>
  <tag k="addr:postcode" v="21614"/>
  <tag k="addr:street" v="Eilendorfer Weg"/>
  <tag k="building" v="yes"/>
 </way>
 <way id="274363657" visible="true" version="4" changeset="86982370" timestamp="2020-06-22T13:04:31Z" user="AndySchulte" uid="9541341">
  <nd ref="2791045586"/>
  <nd ref="2791045591"/>
  <nd ref="2791045588"/>
  <nd ref="2791045584"/>
  <nd ref="2791045586"/>
  <tag k="addr:city" v="Buxtehude"/>
  <tag k="addr:country" v="DE"/>
  <tag k="addr:housenumber" v="39"/>
  <tag k="addr:postcode" v="21614"/>
  <tag k="addr:street" v="Altklosterbergstraße"/>
  <tag k="building" v="yes"/>
 </way>
 <way id="274363670" visible="true" version="5" changeset="120907220" timestamp="2022-05-12T21:40:58Z" user="Funki-Bux" uid="15130873">
  <nd ref="2791045524"/>
  <nd ref="2791045520"/>
  <nd ref="9735952640"/>
  <nd ref="9735952639"/>
  <nd ref="2791045522"/>
  <nd ref="2791045526"/>
  <nd ref="2791045524"/>
  <tag k="addr:city" v="Buxtehude"/>
  <tag k="addr:country" v="DE"/>
  <tag k="addr:housenumber" v="5"/>
  <tag k="addr:postcode" v="21614"/>
  <tag k="addr:street" v="Altklosterbergstraße"/>
  <tag k="building" v="yes"/>
 </way>
 <way id="274363671" visible="true" version="4" changeset="86982370" timestamp="2020-06-22T13:04:31Z" user="AndySchulte" uid="9541341">
  <nd ref="2791045487"/>
  <nd ref="2791045489"/>
  <nd ref="2791045498"/>
  <nd ref="2791045497"/>
  <nd ref="2791045487"/>
  <tag k="addr:city" v="Buxtehude"/>
  <tag k="addr:country" v="DE"/>
  <tag k="addr:housenumber" v="5"/>
  <tag k="addr:postcode" v="21614"/>
  <tag k="addr:street" v="Eilendorfer Weg"/>
  <tag k="building" v="yes"/>
 </way>
 <way id="274363684" visible="true" version="4" changeset="86982370" timestamp="2020-06-22T13:04:31Z" user="AndySchulte" uid="9541341">
  <nd ref="2791045529"/>
  <nd ref="2791045533"/>
  <nd ref="2791045531"/>
  <nd ref="2791045527"/>
  <nd ref="2791045529"/>
  <tag k="addr:city" v="Buxtehude"/>
  <tag k="addr:country" v="DE"/>
  <tag k="addr:housenumber" v="9"/>
  <tag k="addr:postcode" v="21614"/>
  <tag k="addr:street" v="Altklosterbergstraße"/>
  <tag k="building" v="yes"/>
 </way>
 <way id="274363686" visible="true" version="1" changeset="21692128" timestamp="2014-04-14T18:29:00Z" user="Omegatherion" uid="75582">
  <nd ref="2791045651"/>
  <nd ref="2791045625"/>
  <nd ref="2791045619"/>
  <nd ref="2791045597"/>
  <nd ref="2791045593"/>
  <nd ref="2791045581"/>
  <nd ref="2791045577"/>
  <nd ref="2791045575"/>
  <nd ref="2791045567"/>
  <nd ref="2791045552"/>
  <tag k="highway" v="path"/>
 </way>
 <way id="274363688" visible="true" version="1" changeset="21692128" timestamp="2014-04-14T18:29:00Z" user="Omegatherion" uid="75582">
  <nd ref="2791045614"/>
  <nd ref="2791045595"/>
  <tag k="highway" v="unclassified"/>
 </way>
 <way id="274363689" visible="true" version="4" changeset="69852700" timestamp="2019-05-03T16:50:35Z" user="usernamex91" uid="9851549">
  <nd ref="2791045544"/>
  <nd ref="2791045550"/>
  <nd ref="2791045552"/>
  <nd ref="2791045566"/>
  <nd ref="2791045573"/>
  <nd ref="2791045579"/>
  <nd ref="2791045603"/>
  <nd ref="2791045612"/>
  <nd ref="2791045616"/>
  <nd ref="2791045622"/>
  <nd ref="2791045630"/>
  <nd ref="2791045644"/>
  <nd ref="2791045646"/>
  <nd ref="2791045649"/>
  <nd ref="1093910988"/>
  <nd ref="2791045658"/>
  <nd ref="2791045720"/>
  <nd ref="2791045714"/>
  <nd ref="2791045662"/>
  <nd ref="1093911410"/>
  <nd ref="2791045651"/>
  <nd ref="2791045632"/>
  <nd ref="2791045628"/>
  <nd ref="2791045624"/>
  <tag k="highway" v="path"/>
 </way>
 <way id="282853374" visible="true" version="2" changeset="140231915" timestamp="2023-08-22T14:16:32Z" user="TomJeffs" uid="6397757">
  <nd ref="2867993986"/>
  <nd ref="11136331336"/>
  <nd ref="11136331337"/>
  <nd ref="11136331334"/>
  <nd ref="11136331335"/>
  <nd ref="2867993991"/>
  <nd ref="2867993993"/>
  <nd ref="2867993988"/>
  <nd ref="2867993986"/>
  <tag k="building" v="yes"/>
 </way>
 <way id="282853376" visible="true" version="2" changeset="140246316" timestamp="2023-08-22T20:41:24Z" user="TomJeffs" uid="6397757">
  <nd ref="2867993997"/>
  <nd ref="2868018201"/>
  <nd ref="2867993998"/>
  <nd ref="2867993995"/>
  <nd ref="2867993992"/>
  <nd ref="11137164655"/>
  <nd ref="2867993990"/>
  <nd ref="11137164639"/>
  <nd ref="11137164636"/>
  <nd ref="2867993997"/>
  <tag k="building" v="yes"/>
 </way>
 <way id="282853377" visible="true" version="4" changeset="140246316" timestamp="2023-08-22T20:41:24Z" user="TomJeffs" uid="6397757">
  <nd ref="1937737882"/>
  <nd ref="2867993989"/>
  <nd ref="11136330241"/>
  <nd ref="2867993987"/>
  <nd ref="2867993985"/>
  <nd ref="11136330242"/>
  <nd ref="2867993984"/>
  <nd ref="11136330243"/>
  <nd ref="2867993983"/>
  <nd ref="5146823672"/>
  <nd ref="2867993982"/>
  <nd ref="5146823673"/>
  <nd ref="2867993981"/>
  <nd ref="11137220500"/>
  <nd ref="1937737859"/>
  <tag k="access" v="private"/>
  <tag k="highway" v="raceway"/>
  <tag k="name" v="Joker"/>
  <tag k="oneway" v="yes"/>
  <tag k="sport" v="motor"/>
 </way>
 <way id="339432714" visible="true" version="2" changeset="105304299" timestamp="2021-05-25T16:25:40Z" user="Heideammer" uid="347762">
  <nd ref="3466272848"/>
  <nd ref="3466272845"/>
  <nd ref="3466272849"/>
  <nd ref="270840487"/>
  <nd ref="270840488"/>
  <nd ref="270840489"/>
  <nd ref="270840491"/>
  <nd ref="2457193653"/>
  <nd ref="2457193652"/>
  <nd ref="388439966"/>
  <nd ref="270840493"/>
  <nd ref="3466272807"/>
  <nd ref="3466272800"/>
  <nd ref="3466272823"/>
  <nd ref="3466272821"/>
  <nd ref="3466272826"/>
  <nd ref="3466272825"/>
  <nd ref="3466272853"/>
  <nd ref="3466272852"/>
  <nd ref="3466272846"/>
  <nd ref="3466272838"/>
  <nd ref="3466272837"/>
  <nd ref="3466272850"/>
  <nd ref="3466272848"/>
  <tag k="landuse" v="farmland"/>
 </way>
 <way id="354642481" visible="true" version="2" changeset="32057639" timestamp="2015-06-18T18:01:38Z" user="Ruffi" uid="81431">
  <nd ref="3603250818"/>
  <nd ref="3603262704"/>
  <nd ref="3603250815"/>
  <nd ref="3603250812"/>
  <nd ref="253455571"/>
  <tag k="foot" v="yes"/>
  <tag k="highway" v="path"/>
 </way>
 <way id="354643628" visible="true" version="1" changeset="32057542" timestamp="2015-06-18T17:57:31Z" user="Ruffi" uid="81431">
  <nd ref="253455569"/>
  <nd ref="253455570"/>
  <nd ref="253455571"/>
  <tag k="access" v="no"/>
  <tag k="highway" v="path"/>
 </way>
 <way id="354643630" visible="true" version="4" changeset="145149264" timestamp="2023-12-15T12:40:03Z" user="m-h-a" uid="20037451">
  <nd ref="253455573"/>
  <nd ref="253455575"/>
  <nd ref="3603262702"/>
  <nd ref="253455578"/>
  <nd ref="253455579"/>
  <nd ref="3888844815"/>
  <nd ref="253455580"/>
  <nd ref="253455560"/>
  <tag k="highway" v="path"/>
 </way>
 <way id="354644213" visible="true" version="2" changeset="101187436" timestamp="2021-03-17T12:03:07Z" user="user_11026705" uid="11026705">
  <nd ref="3603262708"/>
  <nd ref="3603262706"/>
  <nd ref="8528263909"/>
  <nd ref="3603262705"/>
  <nd ref="3603262707"/>
  <nd ref="3603262709"/>
  <nd ref="8528263904"/>
  <nd ref="3603262710"/>
  <nd ref="8528263905"/>
  <nd ref="3603262708"/>
  <tag k="natural" v="beach"/>
 </way>
 <way id="354644214" visible="true" version="1" changeset="32057639" timestamp="2015-06-18T18:01:38Z" user="Ruffi" uid="81431">
  <nd ref="3603262704"/>
  <nd ref="3603262703"/>
  <nd ref="3603262702"/>
  <nd ref="3603262701"/>
  <nd ref="3603262700"/>
  <nd ref="3603262699"/>
  <nd ref="3603262698"/>
  <nd ref="3603262697"/>
  <nd ref="3603262696"/>
  <nd ref="3603262695"/>
  <tag k="foot" v="yes"/>
  <tag k="highway" v="path"/>
 </way>
 <way id="358298021" visible="true" version="1" changeset="32380163" timestamp="2015-07-03T06:47:15Z" user="Ruffi" uid="81431">
  <nd ref="3632400332"/>
  <nd ref="3632400333"/>
  <nd ref="3632400334"/>
  <nd ref="3632400335"/>
  <nd ref="3632400337"/>
  <tag k="highway" v="service"/>
 </way>
 <way id="358298023" visible="true" version="1" changeset="32380163" timestamp="2015-07-03T06:47:15Z" user="Ruffi" uid="81431">
  <nd ref="3632400335"/>
  <nd ref="3632400336"/>
  <nd ref="3632400338"/>
  <nd ref="3632400339"/>
  <nd ref="3632400340"/>
  <nd ref="3632400341"/>
  <nd ref="3632400342"/>
  <nd ref="2791045552"/>
  <tag k="foot" v="yes"/>
  <tag k="highway" v="path"/>
 </way>
 <way id="365019004" visible="true" version="1" changeset="33256440" timestamp="2015-08-11T01:20:23Z" user="Omegatherion" uid="75582">
  <nd ref="3690607394"/>
  <nd ref="3690607369"/>
  <nd ref="3690607364"/>
  <nd ref="3690607354"/>
  <nd ref="3690607347"/>
  <nd ref="3690607339"/>
  <nd ref="3690607352"/>
  <nd ref="1093910926"/>
  <nd ref="3690607355"/>
  <nd ref="3690607385"/>
  <nd ref="3690607394"/>
  <tag k="landuse" v="orchard"/>
 </way>
 <way id="365019012" visible="true" version="2" changeset="69852700" timestamp="2019-05-03T16:50:35Z" user="usernamex91" uid="9851549">
  <nd ref="3690607485"/>
  <nd ref="3690607479"/>
  <nd ref="3690607405"/>
  <nd ref="3690607400"/>
  <nd ref="3690607394"/>
  <nd ref="3690607385"/>
  <nd ref="3690607383"/>
  <nd ref="1093910741"/>
  <nd ref="1093910746"/>
  <nd ref="1093910918"/>
  <nd ref="1093910858"/>
  <nd ref="1093910995"/>
  <nd ref="1093911496"/>
  <nd ref="1093911539"/>
  <nd ref="3690607445"/>
  <nd ref="1093911069"/>
  <nd ref="1093911576"/>
  <nd ref="3690607485"/>
  <tag k="landuse" v="farmland"/>
 </way>
 <way id="365019023" visible="true" version="1" changeset="33256440" timestamp="2015-08-11T01:20:26Z" user="Omegatherion" uid="75582">
  <nd ref="3690606724"/>
  <nd ref="3690606720"/>
  <nd ref="3690606718"/>
  <nd ref="3690606721"/>
  <nd ref="388439958"/>
  <nd ref="3690606723"/>
  <nd ref="3690606729"/>
  <nd ref="3690606728"/>
  <nd ref="3690606733"/>
  <nd ref="3690606734"/>
  <nd ref="2354556958"/>
  <nd ref="2354556960"/>
  <nd ref="3690606741"/>
  <nd ref="3690606739"/>
  <nd ref="3690606766"/>
  <nd ref="3690606767"/>
  <nd ref="3690606779"/>
  <nd ref="3690606784"/>
  <nd ref="3690606787"/>
  <nd ref="3690606792"/>
  <nd ref="3690606791"/>
  <nd ref="3690606944"/>
  <nd ref="3690607014"/>
  <nd ref="3690607047"/>
  <nd ref="3690607061"/>
  <nd ref="3690607091"/>
  <nd ref="3690607160"/>
  <nd ref="3690607275"/>
  <nd ref="3690607286"/>
  <nd ref="3690607291"/>
  <nd ref="3690607198"/>
  <nd ref="3690607128"/>
  <nd ref="244984941"/>
  <nd ref="3690606951"/>
  <nd ref="281498002"/>
  <nd ref="3466272892"/>
  <nd ref="3466272847"/>
  <nd ref="3466272836"/>
  <nd ref="3466272833"/>
  <nd ref="3466272840"/>
  <nd ref="3466272839"/>
  <nd ref="270840485"/>
  <nd ref="270840484"/>
  <nd ref="3466272832"/>
  <nd ref="270840483"/>
  <nd ref="3466272830"/>
  <nd ref="3466272829"/>
  <nd ref="270840482"/>
  <nd ref="270840481"/>
  <nd ref="270840480"/>
  <nd ref="270840479"/>
  <nd ref="3466272827"/>
  <nd ref="3466272816"/>
  <nd ref="388439963"/>
  <nd ref="388439964"/>
  <nd ref="2457193562"/>
  <nd ref="3690606724"/>
  <tag k="landuse" v="farmland"/>
 </way>
 <way id="385540324" visible="true" version="1" changeset="35905625" timestamp="2015-12-12T09:41:52Z" user="Ruffi" uid="81431">
  <nd ref="3888844825"/>
  <nd ref="3888844824"/>
  <nd ref="3888844823"/>
  <nd ref="3888844822"/>
  <nd ref="3888844821"/>
  <nd ref="3888844820"/>
  <nd ref="3888844818"/>
  <tag k="foot" v="yes"/>
  <tag k="highway" v="path"/>
 </way>
 <way id="386014950" visible="true" version="1" changeset="35969404" timestamp="2015-12-15T15:39:43Z" user="Heideammer" uid="347762">
  <nd ref="359983767"/>
  <nd ref="3893590298"/>
  <nd ref="3893590297"/>
  <nd ref="3893590296"/>
  <nd ref="3893590300"/>
  <nd ref="3893590299"/>
  <nd ref="3893590301"/>
  <nd ref="3893590302"/>
  <nd ref="3893590303"/>
  <nd ref="270835292"/>
  <nd ref="270835316"/>
  <nd ref="270835317"/>
  <nd ref="183140723"/>
  <nd ref="3893590320"/>
  <nd ref="3893590323"/>
  <nd ref="3893590327"/>
  <nd ref="3893590330"/>
  <nd ref="3893590333"/>
  <nd ref="3893590334"/>
  <nd ref="3893590338"/>
  <nd ref="359983796"/>
  <nd ref="359983793"/>
  <nd ref="359983791"/>
  <nd ref="359983789"/>
  <nd ref="359983787"/>
  <nd ref="359983785"/>
  <nd ref="359983783"/>
  <nd ref="359983781"/>
  <nd ref="359983777"/>
  <nd ref="359983774"/>
  <nd ref="359983772"/>
  <nd ref="359983770"/>
  <nd ref="2457193525"/>
  <nd ref="359983769"/>
  <nd ref="359983767"/>
  <tag k="landuse" v="meadow"/>
 </way>
 <way id="445457165" visible="true" version="6" changeset="101055103" timestamp="2021-03-15T13:32:29Z" user="ma-rt-in" uid="1431737">
  <nd ref="244984886"/>
  <nd ref="4428828997"/>
  <nd ref="2501143374"/>
  <tag k="destination:forward" v="Eilendorf"/>
  <tag k="highway" v="residential"/>
  <tag k="lanes" v="2"/>
  <tag k="lit" v="yes"/>
  <tag k="maxspeed" v="30"/>
  <tag k="name" v="Eilendorfer Weg"/>
  <tag k="surface" v="asphalt"/>
 </way>
 <way id="445460679" visible="true" version="5" changeset="107658081" timestamp="2021-07-08T19:50:17Z" user="norwieu" uid="6916243">
  <nd ref="663359744"/>
  <nd ref="8905170203"/>
  <nd ref="2791045595"/>
  <nd ref="270835454"/>
  <nd ref="244984879"/>
  <nd ref="244984880"/>
  <nd ref="244984886"/>
  <tag k="bicycle" v="use_sidepath"/>
  <tag k="highway" v="secondary"/>
  <tag k="lanes" v="2"/>
  <tag k="maxspeed" v="60"/>
  <tag k="name" v="Moisburger Landstraße"/>
  <tag k="ref" v="L 141"/>
  <tag k="surface" v="asphalt"/>
 </way>
 <way id="460094977" visible="true" version="1" changeset="44456670" timestamp="2016-12-16T20:46:59Z" user="Omegatherion" uid="75582">
  <nd ref="4557730050"/>
  <nd ref="4557730048"/>
  <tag k="natural" v="tree_row"/>
 </way>
 <way id="460094978" visible="true" version="2" changeset="140231582" timestamp="2023-08-22T14:10:03Z" user="TomJeffs" uid="6397757">
  <nd ref="4557730052"/>
  <nd ref="11136330313"/>
  <nd ref="11136330314"/>
  <nd ref="4557730051"/>
  <nd ref="4557730050"/>
  <nd ref="4557730049"/>
  <tag k="natural" v="tree_row"/>
 </way>
 <way id="460094979" visible="true" version="1" changeset="44456670" timestamp="2016-12-16T20:46:59Z" user="Omegatherion" uid="75582">
  <nd ref="4557730054"/>
  <nd ref="4557730053"/>
  <tag k="natural" v="tree_row"/>
 </way>
 <way id="460094980" visible="true" version="2" changeset="69849616" timestamp="2019-05-03T15:51:16Z" user="usernamex91" uid="9851549">
  <nd ref="671523030"/>
  <nd ref="2463357874"/>
  <nd ref="270835399"/>
  <nd ref="270835398"/>
  <nd ref="270835397"/>
  <nd ref="671523182"/>
  <nd ref="270835349"/>
  <nd ref="270835350"/>
  <nd ref="270835352"/>
  <nd ref="1932749799"/>
  <nd ref="1932749795"/>
  <nd ref="4557730065"/>
  <nd ref="4557730064"/>
  <nd ref="4557730063"/>
  <nd ref="4557730062"/>
  <nd ref="4557730061"/>
  <nd ref="671523030"/>
  <tag k="landuse" v="farmland"/>
 </way>
 <way id="460094981" visible="true" version="3" changeset="140231582" timestamp="2023-08-22T14:10:03Z" user="TomJeffs" uid="6397757">
  <nd ref="270835352"/>
  <nd ref="270835353"/>
  <nd ref="6445821222"/>
  <nd ref="270835356"/>
  <nd ref="270835354"/>
  <nd ref="11136330312"/>
  <nd ref="2457193723"/>
  <nd ref="2457193706"/>
  <nd ref="270835449"/>
  <nd ref="1932749797"/>
  <nd ref="1932749799"/>
  <nd ref="270835352"/>
  <tag k="landuse" v="farmland"/>
 </way>
 <way id="484272290" visible="true" version="3" changeset="107658081" timestamp="2021-07-08T19:50:17Z" user="norwieu" uid="6916243">
  <nd ref="4428828997"/>
  <nd ref="4428828994"/>
  <nd ref="4428828995"/>
  <nd ref="4428828996"/>
  <nd ref="4428828993"/>
  <nd ref="4428828992"/>
  <nd ref="4428828991"/>
  <nd ref="4428828990"/>
  <nd ref="4557730056"/>
  <nd ref="4428828989"/>
  <nd ref="4557730055"/>
  <nd ref="8905170206"/>
  <nd ref="4428828888"/>
  <nd ref="8905170209"/>
  <nd ref="4428828887"/>
  <tag k="bicycle" v="designated"/>
  <tag k="foot" v="designated"/>
  <tag k="highway" v="path"/>
  <tag k="segregated" v="no"/>
  <tag k="surface" v="asphalt"/>
 </way>
 <way id="484272291" visible="true" version="4" changeset="107658081" timestamp="2021-07-08T19:50:17Z" user="norwieu" uid="6916243">
  <nd ref="4428829060"/>
  <nd ref="4428829055"/>
  <nd ref="4447863427"/>
  <nd ref="4447863424"/>
  <nd ref="4428829007"/>
  <nd ref="4428829006"/>
  <nd ref="4428829005"/>
  <nd ref="8905170196"/>
  <nd ref="4428829004"/>
  <nd ref="4428829003"/>
  <nd ref="4428829002"/>
  <nd ref="4428829001"/>
  <nd ref="8905170202"/>
  <nd ref="4428829000"/>
  <nd ref="4428828999"/>
  <nd ref="4428828998"/>
  <nd ref="4428828997"/>
  <tag k="bicycle" v="designated"/>
  <tag k="foot" v="designated"/>
  <tag k="highway" v="path"/>
  <tag k="oneway" v="no"/>
  <tag k="surface" v="asphalt"/>
 </way>
 <way id="529897364" visible="true" version="4" changeset="140246360" timestamp="2023-08-22T20:43:24Z" user="TomJeffs" uid="6397757">
  <nd ref="2501143768"/>
  <nd ref="11136330246"/>
  <nd ref="5146823660"/>
  <nd ref="5146823671"/>
  <nd ref="5146823661"/>
  <nd ref="11136330244"/>
  <nd ref="5146823662"/>
  <nd ref="5146823663"/>
  <nd ref="5146823664"/>
  <nd ref="5146823665"/>
  <nd ref="5146823666"/>
  <nd ref="5146823667"/>
  <nd ref="5146823668"/>
  <nd ref="5146823669"/>
  <nd ref="5146823670"/>
  <tag k="highway" v="service"/>
 </way>
 <way id="687599790" visible="true" version="3" changeset="86982370" timestamp="2020-06-22T13:04:31Z" user="AndySchulte" uid="9541341">
  <nd ref="6445750600"/>
  <nd ref="6445750601"/>
  <nd ref="6445750602"/>
  <nd ref="6445750603"/>
  <nd ref="6445750600"/>
  <tag k="addr:city" v="Buxtehude"/>
  <tag k="addr:country" v="DE"/>
  <tag k="addr:housenumber" v="35a"/>
  <tag k="addr:postcode" v="21614"/>
  <tag k="addr:street" v="Altklosterbergstraße"/>
  <tag k="building" v="house"/>
 </way>
 <way id="687605469" visible="true" version="1" changeset="69849616" timestamp="2019-05-03T15:51:13Z" user="usernamex91" uid="9851549">
  <nd ref="244984941"/>
  <nd ref="2508070841"/>
  <nd ref="6445821213"/>
  <nd ref="3690606951"/>
  <nd ref="244984941"/>
  <tag k="landuse" v="farmland"/>
 </way>
 <way id="687605470" visible="true" version="1" changeset="69849616" timestamp="2019-05-03T15:51:13Z" user="usernamex91" uid="9851549">
  <nd ref="1093877205"/>
  <nd ref="2501143782"/>
  <nd ref="2501143780"/>
  <nd ref="2501143786"/>
  <nd ref="2501143784"/>
  <nd ref="2501143788"/>
  <nd ref="2501143790"/>
  <nd ref="2501143800"/>
  <nd ref="6445821214"/>
  <nd ref="6445821215"/>
  <nd ref="6445821216"/>
  <nd ref="6445821217"/>
  <nd ref="1093877293"/>
  <nd ref="1093877135"/>
  <nd ref="2457193715"/>
  <nd ref="1093877210"/>
  <nd ref="1093877243"/>
  <nd ref="1093877209"/>
  <nd ref="1093877208"/>
  <nd ref="1093877203"/>
  <nd ref="2457193675"/>
  <nd ref="2457193673"/>
  <nd ref="1093877205"/>
  <tag k="landuse" v="farmland"/>
 </way>
 <way id="687605471" visible="true" version="1" changeset="69849616" timestamp="2019-05-03T15:51:13Z" user="usernamex91" uid="9851549">
  <nd ref="6445821217"/>
  <nd ref="6445821216"/>
  <nd ref="6445821215"/>
  <nd ref="6445821214"/>
  <nd ref="2501143817"/>
  <nd ref="6445821218"/>
  <nd ref="6445821219"/>
  <nd ref="2457193762"/>
  <nd ref="1093877186"/>
  <nd ref="6445821217"/>
  <tag k="landuse" v="meadow"/>
 </way>
 <way id="687605472" visible="true" version="1" changeset="69849616" timestamp="2019-05-03T15:51:13Z" user="usernamex91" uid="9851549">
  <nd ref="4557730061"/>
  <nd ref="4557730062"/>
  <nd ref="4557730063"/>
  <nd ref="4557730064"/>
  <nd ref="4557730065"/>
  <nd ref="4557730058"/>
  <nd ref="388440035"/>
  <nd ref="388440034"/>
  <nd ref="4557730059"/>
  <nd ref="4557730061"/>
  <tag k="landuse" v="forest"/>
 </way>
 <way id="808256004" visible="true" version="1" changeset="85743682" timestamp="2020-05-26T05:31:16Z" user="chaubean" uid="10252553">
  <nd ref="7557955654"/>
  <nd ref="7557955655"/>
  <nd ref="7557955656"/>
  <nd ref="7557955657"/>
  <tag k="access" v="private"/>
  <tag k="highway" v="service"/>
  <tag k="service" v="driveway"/>
 </way>
 <way id="821354714" visible="true" version="1" changeset="87335317" timestamp="2020-06-30T08:32:32Z" user="madnikhi" uid="10455640">
  <nd ref="7668995146"/>
  <nd ref="7668995147"/>
  <nd ref="7668995148"/>
  <tag k="highway" v="service"/>
 </way>
 <way id="821354715" visible="true" version="1" changeset="87335317" timestamp="2020-06-30T08:32:32Z" user="madnikhi" uid="10455640">
  <nd ref="7668995147"/>
  <nd ref="7668995149"/>
  <nd ref="7668995150"/>
  <tag k="highway" v="service"/>
 </way>
 <way id="835820793" visible="true" version="25" changeset="187990973" timestamp="2026-08-25T13:59:18Z" user="Ropino" uid="42123">
  <nd ref="7801511897"/>
  <nd ref="323800922"/>
  <nd ref="323697865"/>
  <nd ref="324069200"/>
  <nd ref="323650118"/>
  <nd ref="323440009"/>
  <nd ref="323824382"/>
  <nd ref="323518391"/>
  <nd ref="323925514"/>
  <nd ref="323440642"/>
  <nd ref="324046747"/>
  <nd ref="323424828"/>
  <nd ref="323776721"/>
  <nd ref="323715397"/>
  <nd ref="323732067"/>
  <nd ref="324145023"/>
  <nd ref="323667673"/>
  <nd ref="323561241"/>
  <nd ref="323525057"/>
  <nd ref="324033718"/>
  <nd ref="323861327"/>
  <nd ref="323667218"/>
  <nd ref="323864083"/>
  <nd ref="323333680"/>
  <nd ref="14122729666"/>
  <nd ref="323758379"/>
  <nd ref="323582607"/>
  <nd ref="323810184"/>
  <nd ref="323773819"/>
  <nd ref="323583685"/>
  <nd ref="323720903"/>
  <nd ref="323438528"/>
  <nd ref="324119698"/>
  <nd ref="324067828"/>
  <nd ref="323528104"/>
  <nd ref="324156322"/>
  <nd ref="7801511898"/>
  <nd ref="10027931877"/>
  <nd ref="10027931875"/>
  <nd ref="10027931876"/>
  <nd ref="274061066"/>
  <nd ref="274061068"/>
  <nd ref="469842709"/>
  <nd ref="5239618262"/>
  <nd ref="9893300404"/>
  <nd ref="469842697"/>
  <nd ref="10862251869"/>
  <nd ref="10862251868"/>
  <nd ref="469844387"/>
  <nd ref="469844374"/>
  <nd ref="469844371"/>
  <nd ref="249402127"/>
  <nd ref="469844369"/>
  <nd ref="469844356"/>
  <nd ref="469844343"/>
  <nd ref="469842441"/>
  <nd ref="517240166"/>
  <nd ref="517240168"/>
  <nd ref="517240170"/>
  <nd ref="517240172"/>
  <nd ref="517240173"/>
  <nd ref="517240174"/>
  <nd ref="517240176"/>
  <nd ref="8117798110"/>
  <nd ref="517240180"/>
  <nd ref="517240182"/>
  <nd ref="517240185"/>
  <nd ref="517240187"/>
  <nd ref="517240189"/>
  <nd ref="7801490114"/>
  <nd ref="249402145"/>
  <nd ref="7801490113"/>
  <nd ref="469842472"/>
  <nd ref="10862251877"/>
  <nd ref="10862251876"/>
  <nd ref="469842476"/>
  <nd ref="7801490112"/>
  <nd ref="3892493286"/>
  <nd ref="3892493303"/>
  <nd ref="3892493320"/>
  <nd ref="3892493321"/>
  <nd ref="3892493323"/>
  <nd ref="3892493331"/>
  <nd ref="3892493329"/>
  <nd ref="3892493336"/>
  <nd ref="3892493344"/>
  <nd ref="3892493345"/>
  <nd ref="3892493352"/>
  <nd ref="3892493356"/>
  <nd ref="3892493357"/>
  <nd ref="3892493360"/>
  <nd ref="3892493361"/>
  <nd ref="359984721"/>
  <nd ref="359984727"/>
  <nd ref="7801490111"/>
  <nd ref="359984732"/>
  <nd ref="270835211"/>
  <nd ref="2470318735"/>
  <nd ref="3893590314"/>
  <nd ref="3893590313"/>
  <nd ref="3893590311"/>
  <nd ref="359983812"/>
  <nd ref="359983809"/>
  <nd ref="2457193552"/>
  <nd ref="2457193566"/>
  <nd ref="2457193572"/>
  <nd ref="2457193571"/>
  <nd ref="2457193574"/>
  <nd ref="388440135"/>
  <nd ref="2457193582"/>
  <nd ref="388440137"/>
  <nd ref="388440140"/>
  <nd ref="2457193585"/>
  <nd ref="388440144"/>
  <nd ref="388440149"/>
  <nd ref="2457193579"/>
  <nd ref="388440163"/>
  <nd ref="2457193586"/>
  <nd ref="2457193605"/>
  <nd ref="2457193616"/>
  <nd ref="315878985"/>
  <nd ref="2457193620"/>
  <nd ref="2457193623"/>
  <nd ref="249401530"/>
  <nd ref="2457193626"/>
  <nd ref="249401531"/>
  <nd ref="249401532"/>
  <nd ref="249401533"/>
  <nd ref="7801490110"/>
  <nd ref="7801493537"/>
  <nd ref="7801493536"/>
  <nd ref="7801493535"/>
  <nd ref="7801493534"/>
  <nd ref="7801493533"/>
  <nd ref="7801493532"/>
  <nd ref="7801493531"/>
  <nd ref="7801493530"/>
  <nd ref="270835358"/>
  <nd ref="1932749788"/>
  <nd ref="270835357"/>
  <nd ref="270835356"/>
  <nd ref="671523147"/>
  <nd ref="671523087"/>
  <nd ref="671523213"/>
  <nd ref="671523165"/>
  <nd ref="671523121"/>
  <nd ref="671523235"/>
  <nd ref="671523182"/>
  <nd ref="671523086"/>
  <nd ref="671523048"/>
  <nd ref="671523162"/>
  <nd ref="671523107"/>
  <nd ref="671523096"/>
  <nd ref="2791045652"/>
  <nd ref="2791045733"/>
  <nd ref="7801493529"/>
  <nd ref="270835461"/>
  <nd ref="269951927"/>
  <nd ref="269951929"/>
  <nd ref="8983797449"/>
  <nd ref="269951930"/>
  <nd ref="7801493528"/>
  <nd ref="7801493527"/>
  <nd ref="7801493526"/>
  <nd ref="7801493525"/>
  <nd ref="7801493524"/>
  <nd ref="2306992195"/>
  <nd ref="573398803"/>
  <nd ref="573398802"/>
  <nd ref="573398801"/>
  <nd ref="573398800"/>
  <nd ref="573398799"/>
  <nd ref="573398796"/>
  <nd ref="573398795"/>
  <nd ref="7801493523"/>
  <nd ref="574934641"/>
  <nd ref="10779521250"/>
  <nd ref="574934256"/>
  <nd ref="10779521251"/>
  <nd ref="574934247"/>
  <nd ref="10779521252"/>
  <nd ref="10779521253"/>
  <nd ref="1909808070"/>
  <nd ref="10779521243"/>
  <nd ref="10779521244"/>
  <nd ref="10779521245"/>
  <nd ref="1909808072"/>
  <nd ref="10779521246"/>
  <nd ref="2465865675"/>
  <nd ref="2465865673"/>
  <nd ref="2465865668"/>
  <nd ref="2465865665"/>
  <nd ref="269950129"/>
  <nd ref="2465865631"/>
  <nd ref="7801493522"/>
  <nd ref="7801493521"/>
  <nd ref="7801493520"/>
  <nd ref="7801493519"/>
  <nd ref="280172228"/>
  <nd ref="280172227"/>
  <nd ref="1314084684"/>
  <nd ref="1314084690"/>
  <nd ref="1314084691"/>
  <nd ref="1314084692"/>
  <nd ref="1314084694"/>
  <nd ref="1314084693"/>
  <nd ref="1314084695"/>
  <nd ref="1314084698"/>
  <nd ref="8528263900"/>
  <nd ref="1314084685"/>
  <nd ref="1314084700"/>
  <nd ref="1314084701"/>
  <nd ref="1314084702"/>
  <nd ref="1314084705"/>
  <nd ref="1314084706"/>
  <nd ref="1314084707"/>
  <nd ref="297101675"/>
  <nd ref="3888844818"/>
  <nd ref="12244971447"/>
  <nd ref="253455569"/>
  <nd ref="253455570"/>
  <nd ref="253455571"/>
  <nd ref="253455573"/>
  <nd ref="297101674"/>
  <nd ref="297101672"/>
  <nd ref="297101670"/>
  <nd ref="297101669"/>
  <nd ref="297101667"/>
  <nd ref="325212749"/>
  <nd ref="325212832"/>
  <nd ref="325212841"/>
  <nd ref="325212844"/>
  <nd ref="325212810"/>
  <nd ref="325212818"/>
  <nd ref="325212825"/>
  <nd ref="270835331"/>
  <nd ref="270835329"/>
  <nd ref="270835220"/>
  <nd ref="297101640"/>
  <nd ref="297101637"/>
  <nd ref="297101635"/>
  <nd ref="325212914"/>
  <nd ref="297101634"/>
  <nd ref="297101632"/>
  <nd ref="297101630"/>
  <nd ref="297101629"/>
  <nd ref="297101627"/>
  <nd ref="472301381"/>
  <nd ref="325212918"/>
  <nd ref="297101625"/>
  <nd ref="297101624"/>
  <nd ref="297101621"/>
  <nd ref="3800431421"/>
  <nd ref="3800431419"/>
  <nd ref="3800431417"/>
  <nd ref="297101619"/>
  <nd ref="297101617"/>
  <nd ref="297101614"/>
  <nd ref="7801493518"/>
  <nd ref="7801464665"/>
  <nd ref="7801464664"/>
  <nd ref="270835204"/>
  <nd ref="270835207"/>
  <nd ref="10862264006"/>
  <nd ref="10862264005"/>
  <nd ref="1316049223"/>
  <nd ref="2457193489"/>
  <nd ref="2457193484"/>
  <nd ref="10862264011"/>
  <nd ref="1217407292"/>
  <nd ref="2457193480"/>
  <nd ref="10862264018"/>
  <nd ref="2457193473"/>
  <nd ref="10862264025"/>
  <nd ref="10862264026"/>
  <nd ref="2457193476"/>
  <nd ref="10862264021"/>
  <nd ref="2457193479"/>
  <nd ref="2457193474"/>
  <nd ref="2457193468"/>
  <nd ref="325154615"/>
  <nd ref="2457193466"/>
  <nd ref="2352172689"/>
  <nd ref="10634832260"/>
  <nd ref="2352172625"/>
  <nd ref="325154655"/>
  <nd ref="9893338622"/>
  <nd ref="325154669"/>
  <nd ref="325154685"/>
  <nd ref="325154704"/>
  <nd ref="325154712"/>
  <nd ref="325154720"/>
  <nd ref="10862264106"/>
  <nd ref="11421537415"/>
  <nd ref="10862264105"/>
  <nd ref="325154740"/>
  <nd ref="4100238411"/>
  <nd ref="10862264052"/>
  <nd ref="325154753"/>
  <nd ref="10862264055"/>
  <nd ref="10862264054"/>
  <nd ref="10862264053"/>
  <nd ref="325154766"/>
  <nd ref="10862264061"/>
  <nd ref="10862264062"/>
  <nd ref="10862264063"/>
  <nd ref="325154780"/>
  <nd ref="10862264060"/>
  <nd ref="4100244768"/>
  <nd ref="10862264059"/>
  <nd ref="325154796"/>
  <nd ref="3892493260"/>
  <nd ref="3892493255"/>
  <nd ref="3892493254"/>
  <nd ref="3892493253"/>
  <nd ref="3892493252"/>
  <nd ref="2352170832"/>
  <nd ref="2352170830"/>
  <nd ref="2352170824"/>
  <nd ref="3892493235"/>
  <nd ref="3892493222"/>
  <nd ref="6801977775"/>
  <nd ref="6801977771"/>
  <nd ref="10862264093"/>
  <nd ref="10862264091"/>
  <nd ref="10862264092"/>
  <nd ref="469842345"/>
  <nd ref="325154970"/>
  <nd ref="9890643056"/>
  <nd ref="325155009"/>
  <nd ref="325155025"/>
  <nd ref="9890643053"/>
  <nd ref="325155031"/>
  <nd ref="10862264096"/>
  <nd ref="10862264095"/>
  <nd ref="9886994601"/>
  <nd ref="325155045"/>
  <nd ref="10862264094"/>
  <nd ref="325155074"/>
  <nd ref="325155089"/>
  <nd ref="10862264101"/>
  <nd ref="325155099"/>
  <nd ref="8668391220"/>
  <nd ref="325155840"/>
  <nd ref="274061056"/>
  <nd ref="10027931883"/>
  <nd ref="10862264102"/>
  <nd ref="274061058"/>
  <nd ref="7801464663"/>
  <nd ref="8684413414"/>
  <nd ref="2352169722"/>
  <nd ref="2352169712"/>
  <nd ref="2352169708"/>
  <nd ref="2352169681"/>
  <nd ref="2352169649"/>
  <nd ref="8684413407"/>
  <nd ref="3893809495"/>
  <nd ref="3893809494"/>
  <nd ref="1316057516"/>
  <nd ref="8684413402"/>
  <nd ref="3783725921"/>
  <nd ref="2352168958"/>
  <nd ref="3783725922"/>
  <nd ref="1316057511"/>
  <nd ref="1316057535"/>
  <nd ref="2352169176"/>
  <nd ref="2352169292"/>
  <nd ref="1316057495"/>
  <nd ref="3906199305"/>
  <nd ref="9887023379"/>
  <nd ref="4623970732"/>
  <nd ref="10027936619"/>
  <nd ref="3906199304"/>
  <nd ref="10027936621"/>
  <nd ref="10027936620"/>
  <nd ref="10027936622"/>
  <nd ref="3906199303"/>
  <nd ref="10027936623"/>
  <nd ref="10027936624"/>
  <nd ref="7801464662"/>
  <nd ref="1316057497"/>
  <nd ref="2352169550"/>
  <nd ref="2352169513"/>
  <nd ref="2352169504"/>
  <nd ref="2352169518"/>
  <nd ref="2352169523"/>
  <nd ref="2352169207"/>
  <nd ref="7801464661"/>
  <nd ref="7801464660"/>
  <nd ref="2352169052"/>
  <nd ref="7801464659"/>
  <nd ref="7801464658"/>
  <nd ref="7801464657"/>
  <nd ref="7801511897"/>
  <tag k="boundary" v="protected_area"/>
  <tag k="leisure" v="nature_reserve"/>
  <tag k="name" v="Unteres Estetal"/>
  <tag k="operator" v="Landkreis Stade"/>
  <tag k="protect_class" v="4"/>
  <tag k="protection_title" v="Naturschutzgebiet"/>
  <tag k="ref" v="LÜ 342"/>
  <tag k="ref:WDPA" v="555690902"/>
  <tag k="short_protection_title" v="NSG"/>
  <tag k="source" v="Umriss des NSG aus der Veröffentlichung der Verordnung des Landkreises Stade über das Naturschutzgebiet Unteres Estetal vom 10.12.2018 abgestimmt auf SAT-Bilder von Bing und vorhandene Landschaft in OSM."/>
  <tag k="status" v="complete"/>
  <tag k="website" v="https://www.nlwkn.niedersachsen.de/naturschutz/schutzgebiete/die_einzelnen_naturschutzgebiete/naturschutzgebiet-unteres-estetal-177964.html"/>
  <tag k="wikidata" v="Q60668104"/>
  <tag k="wikipedia" v="de:Unteres Estetal"/>
 </way>
 <way id="866254900" visible="true" version="2" changeset="104422071" timestamp="2021-05-10T05:25:08Z" user="srderang" uid="10455639">
  <nd ref="8074359081"/>
  <nd ref="8074359082"/>
  <nd ref="8074359083"/>
  <nd ref="8074359092"/>
  <nd ref="8074359084"/>
  <nd ref="8716763276"/>
  <nd ref="8074359085"/>
  <nd ref="8074359091"/>
  <nd ref="8074359086"/>
  <nd ref="8074359087"/>
  <nd ref="8074359088"/>
  <nd ref="8074359093"/>
  <nd ref="8074359090"/>
  <nd ref="8074359089"/>
  <tag k="highway" v="service"/>
 </way>
 <way id="905290379" visible="true" version="1" changeset="98947884" timestamp="2021-02-09T05:46:51Z" user="ErraticThunder" uid="10170574">
  <nd ref="8407102087"/>
  <nd ref="8407102088"/>
  <nd ref="8407102089"/>
  <nd ref="8407102090"/>
  <nd ref="8407102091"/>
  <nd ref="8407102092"/>
  <nd ref="8407102098"/>
  <nd ref="8407102093"/>
  <nd ref="8407102094"/>
  <nd ref="8407102095"/>
  <nd ref="8407102096"/>
  <nd ref="8407102097"/>
  <tag k="highway" v="service"/>
 </way>
 <way id="917764839" visible="true" version="1" changeset="101113786" timestamp="2021-03-16T10:39:39Z" user="srderang" uid="10455639">
  <nd ref="8524147420"/>
  <nd ref="8524147421"/>
  <nd ref="8524147422"/>
  <tag k="highway" v="service"/>
 </way>
 <way id="918259573" visible="true" version="1" changeset="101187436" timestamp="2021-03-17T12:03:07Z" user="user_11026705" uid="11026705">
  <nd ref="8528263900"/>
  <nd ref="8528263901"/>
  <nd ref="8528263902"/>
  <nd ref="8528263903"/>
  <nd ref="8528263904"/>
  <tag k="highway" v="path"/>
 </way>
 <way id="918259574" visible="true" version="1" changeset="101187436" timestamp="2021-03-17T12:03:07Z" user="user_11026705" uid="11026705">
  <nd ref="8528263905"/>
  <nd ref="8528263906"/>
  <nd ref="8528263907"/>
  <nd ref="8528263908"/>
  <tag k="highway" v="path"/>
 </way>
 <way id="918259575" visible="true" version="2" changeset="157774066" timestamp="2024-10-11T21:30:19Z" user="BikeTschorsch" uid="6441004">
  <nd ref="8528263909"/>
  <nd ref="8528263910"/>
  <nd ref="8528263911"/>
  <nd ref="8528263912"/>
  <nd ref="12244971446"/>
  <nd ref="8528263913"/>
  <nd ref="297101678"/>
  <tag k="highway" v="path"/>
 </way>
 <way id="919931799" visible="true" version="2" changeset="101648357" timestamp="2021-03-24T12:54:20Z" user="user_11026705" uid="11026705">
  <nd ref="297101683"/>
  <nd ref="8528263900"/>
  <tag k="highway" v="track"/>
  <tag k="tracktype" v="grade4"/>
 </way>
 <way id="940336148" visible="true" version="1" changeset="104302025" timestamp="2021-05-07T08:33:32Z" user="pravallg" uid="10457692">
  <nd ref="507410051"/>
  <nd ref="8708867967"/>
  <nd ref="8708867968"/>
  <nd ref="8708867969"/>
  <nd ref="8708867970"/>
  <nd ref="8708867971"/>
  <nd ref="8708867972"/>
  <nd ref="8708867973"/>
  <nd ref="8708867974"/>
  <nd ref="8708867975"/>
  <nd ref="8708867976"/>
  <nd ref="8708867977"/>
  <nd ref="8708867978"/>
  <nd ref="8708867979"/>
  <nd ref="8708867980"/>
  <nd ref="8708867981"/>
  <nd ref="8708867982"/>
  <nd ref="8708867983"/>
  <nd ref="8708867984"/>
  <tag k="highway" v="track"/>
 </way>
 <way id="941197365" visible="true" version="1" changeset="104422071" timestamp="2021-05-10T05:25:08Z" user="srderang" uid="10455639">
  <nd ref="8716763276"/>
  <nd ref="8716763277"/>
  <nd ref="8716763278"/>
  <nd ref="8716763279"/>
  <nd ref="8716763280"/>
  <nd ref="8716763281"/>
  <nd ref="8074359093"/>
  <tag k="highway" v="service"/>
 </way>
 <way id="946944249" visible="true" version="1" changeset="105304299" timestamp="2021-05-25T16:25:40Z" user="Heideammer" uid="347762">
  <nd ref="8765441135"/>
  <nd ref="8765441136"/>
  <nd ref="8765441137"/>
  <nd ref="8765441138"/>
  <nd ref="8765441135"/>
  <tag k="natural" v="water"/>
  <tag k="water" v="reservoir"/>
 </way>
 <way id="962698012" visible="true" version="1" changeset="107658081" timestamp="2021-07-08T19:50:17Z" user="norwieu" uid="6916243">
  <nd ref="8905170203"/>
  <nd ref="8905170202"/>
  <nd ref="8905170201"/>
  <nd ref="8905170200"/>
  <nd ref="8905170199"/>
  <nd ref="8905170198"/>
  <nd ref="8905170197"/>
  <tag k="highway" v="service"/>
 </way>
 <way id="962698013" visible="true" version="1" changeset="107658081" timestamp="2021-07-08T19:50:17Z" user="norwieu" uid="6916243">
  <nd ref="8905170207"/>
  <nd ref="8905170206"/>
  <nd ref="8905170205"/>
  <nd ref="8905170204"/>
  <tag k="highway" v="track"/>
 </way>
 <way id="962698014" visible="true" version="1" changeset="107658081" timestamp="2021-07-08T19:50:17Z" user="norwieu" uid="6916243">
  <nd ref="8905170209"/>
  <nd ref="8905170208"/>
  <tag k="highway" v="path"/>
 </way>
 <way id="970690312" visible="true" version="1" changeset="109212190" timestamp="2021-08-05T16:29:33Z" user="Meine Gegend" uid="13880520">
  <nd ref="8983797448"/>
  <nd ref="6445821223"/>
  <nd ref="671523086"/>
  <nd ref="671523182"/>
  <nd ref="671523009"/>
  <nd ref="671523247"/>
  <nd ref="671523072"/>
  <nd ref="671523030"/>
  <nd ref="4557730061"/>
  <nd ref="4557730059"/>
  <nd ref="388440034"/>
  <nd ref="388440035"/>
  <nd ref="4557730058"/>
  <nd ref="4557730057"/>
  <nd ref="8983797446"/>
  <nd ref="8983797447"/>
  <nd ref="8983797448"/>
  <tag k="landuse" v="farmland"/>
 </way>
 <way id="970693081" visible="true" version="1" changeset="109212947" timestamp="2021-08-05T16:48:41Z" user="Rudy Stanko" uid="11965434">
  <nd ref="8983824746"/>
  <nd ref="270835340"/>
  <nd ref="270835339"/>
  <nd ref="270835338"/>
  <nd ref="270835337"/>
  <nd ref="270835336"/>
  <nd ref="270835335"/>
  <nd ref="270835334"/>
  <nd ref="270835333"/>
  <nd ref="2457193694"/>
  <nd ref="270835332"/>
  <nd ref="3893590363"/>
  <nd ref="8983824760"/>
  <nd ref="8983824759"/>
  <nd ref="8983824758"/>
  <nd ref="8983824757"/>
  <nd ref="8983824756"/>
  <nd ref="8983824755"/>
  <nd ref="8983824754"/>
  <nd ref="8983824753"/>
  <nd ref="8983824752"/>
  <nd ref="8983824751"/>
  <nd ref="8983824750"/>
  <nd ref="8983824749"/>
  <nd ref="8983824748"/>
  <nd ref="8983824747"/>
  <nd ref="8983824746"/>
  <tag k="landuse" v="meadow"/>
  <tag k="natural" v="wetland"/>
 </way>
 <way id="1046273443" visible="true" version="1" changeset="119084622" timestamp="2022-03-29T18:57:06Z" user="Funki-Bux" uid="15130873">
  <nd ref="244984935"/>
  <nd ref="9621673639"/>
  <nd ref="244984940"/>
  <nd ref="7095228401"/>
  <nd ref="2501143803"/>
  <nd ref="2501143796"/>
  <nd ref="2501143782"/>
  <nd ref="2501143780"/>
  <nd ref="2501143786"/>
  <nd ref="2501143784"/>
  <nd ref="2501143788"/>
  <nd ref="2501143790"/>
  <nd ref="2501143800"/>
  <nd ref="6445821214"/>
  <nd ref="2501143817"/>
  <nd ref="2501143844"/>
  <nd ref="2791045548"/>
  <nd ref="1093911079"/>
  <nd ref="2772337733"/>
  <nd ref="1093911074"/>
  <nd ref="1093911414"/>
  <nd ref="1093910902"/>
  <nd ref="1093910720"/>
  <nd ref="1093910660"/>
  <nd ref="1093911488"/>
  <nd ref="1093911221"/>
  <nd ref="1093910786"/>
  <nd ref="1093910605"/>
  <nd ref="1093910986"/>
 </way>
 <way id="1059687566" visible="true" version="1" changeset="120906837" timestamp="2022-05-12T21:26:06Z" user="Funki-Bux" uid="15130873">
  <nd ref="9735919775"/>
  <nd ref="9735919776"/>
  <nd ref="9735919777"/>
  <nd ref="9735919778"/>
  <nd ref="9735919779"/>
  <nd ref="9735919780"/>
  <nd ref="9735919775"/>
  <tag k="addr:city" v="Buxtehude"/>
  <tag k="addr:housenumber" v="6"/>
  <tag k="addr:postcode" v="21614"/>
  <tag k="addr:street" v="Eilendorfer Weg"/>
  <tag k="building" v="yes"/>
 </way>
 <way id="1059687580" visible="true" version="1" changeset="120906857" timestamp="2022-05-12T21:27:07Z" user="Funki-Bux" uid="15130873">
  <nd ref="9735921835"/>
  <nd ref="9735921836"/>
  <nd ref="9735921837"/>
  <nd ref="9735921838"/>
  <nd ref="9735921835"/>
  <tag k="addr:city" v="Buxtehude"/>
  <tag k="addr:housenumber" v="7"/>
  <tag k="addr:postcode" v="21614"/>
  <tag k="addr:street" v="Eilendorfer Weg"/>
  <tag k="building" v="yes"/>
 </way>
 <way id="1059689574" visible="true" version="1" changeset="120907220" timestamp="2022-05-12T21:40:58Z" user="Funki-Bux" uid="15130873">
  <nd ref="9735927201"/>
  <nd ref="9735927202"/>
  <nd ref="9735927203"/>
  <nd ref="9735927204"/>
  <nd ref="9735927201"/>
  <tag k="building" v="yes"/>
 </way>
 <way id="1059689575" visible="true" version="1" changeset="120907220" timestamp="2022-05-12T21:40:58Z" user="Funki-Bux" uid="15130873">
  <nd ref="9735927205"/>
  <nd ref="9735927206"/>
  <nd ref="9735927207"/>
  <nd ref="9735927208"/>
  <nd ref="9735927209"/>
  <nd ref="9735927210"/>
  <nd ref="9735927205"/>
  <tag k="addr:city" v="Buxtehude"/>
  <tag k="addr:housenumber" v="1"/>
  <tag k="addr:postcode" v="21614"/>
  <tag k="addr:street" v="Eilendorfer Weg"/>
  <tag k="building" v="yes"/>
 </way>
 <way id="1059689576" visible="true" version="1" changeset="120907220" timestamp="2022-05-12T21:40:58Z" user="Funki-Bux" uid="15130873">
  <nd ref="9735927211"/>
  <nd ref="9735927212"/>
  <nd ref="9735927213"/>
  <nd ref="9735927214"/>
  <nd ref="9735927211"/>
  <tag k="building" v="yes"/>
 </way>
 <way id="1059689577" visible="true" version="1" changeset="120907220" timestamp="2022-05-12T21:40:58Z" user="Funki-Bux" uid="15130873">
  <nd ref="9735927215"/>
  <nd ref="9735927216"/>
  <nd ref="9735952617"/>
  <nd ref="9735952618"/>
  <nd ref="9735927215"/>
  <tag k="building" v="yes"/>
 </way>
 <way id="1059689578" visible="true" version="1" changeset="120907220" timestamp="2022-05-12T21:40:58Z" user="Funki-Bux" uid="15130873">
  <nd ref="9735952619"/>
  <nd ref="9735952620"/>
  <nd ref="9735952621"/>
  <nd ref="9735952622"/>
  <nd ref="9735952623"/>
  <nd ref="9735952624"/>
  <nd ref="9735952619"/>
  <tag k="building" v="yes"/>
 </way>
 <way id="1059689579" visible="true" version="1" changeset="120907220" timestamp="2022-05-12T21:40:58Z" user="Funki-Bux" uid="15130873">
  <nd ref="9735952625"/>
  <nd ref="9735952626"/>
  <nd ref="2791045471"/>
  <nd ref="2501143520"/>
  <nd ref="9735952627"/>
  <nd ref="9735952628"/>
  <nd ref="9735952625"/>
  <tag k="building" v="yes"/>
 </way>
 <way id="1059689580" visible="true" version="1" changeset="120907220" timestamp="2022-05-12T21:40:58Z" user="Funki-Bux" uid="15130873">
  <nd ref="9735952629"/>
  <nd ref="9735952630"/>
  <nd ref="9735952632"/>
  <nd ref="9735952631"/>
  <nd ref="9735952629"/>
  <tag k="addr:city" v="Buxtehude"/>
  <tag k="addr:housenumber" v="2a"/>
  <tag k="addr:postcode" v="21614"/>
  <tag k="addr:street" v="Eilendorfer Weg"/>
  <tag k="building" v="yes"/>
 </way>
 <way id="1059689581" visible="true" version="1" changeset="120907220" timestamp="2022-05-12T21:40:58Z" user="Funki-Bux" uid="15130873">
  <nd ref="9735952633"/>
  <nd ref="2501143441"/>
  <nd ref="2501143439"/>
  <nd ref="9735952634"/>
  <nd ref="9735952635"/>
  <nd ref="9735952636"/>
  <nd ref="9735952637"/>
  <nd ref="9735952638"/>
  <nd ref="9735952633"/>
  <tag k="building" v="yes"/>
 </way>
 <way id="1059690640" visible="true" version="2" changeset="128783441" timestamp="2022-11-11T16:03:32Z" user="Funki-Bux" uid="15130873">
  <nd ref="9735921650"/>
  <nd ref="9735921651"/>
  <nd ref="9735921652"/>
  <nd ref="9735921653"/>
  <nd ref="10176052153"/>
  <nd ref="9735921650"/>
  <tag k="addr:city" v="Buxtehude"/>
  <tag k="addr:housenumber" v="5a"/>
  <tag k="addr:postcode" v="21614"/>
  <tag k="addr:street" v="Olenhoffweg"/>
  <tag k="building" v="yes"/>
 </way>
 <way id="1059690641" visible="true" version="2" changeset="128783441" timestamp="2022-11-11T16:03:32Z" user="Funki-Bux" uid="15130873">
  <nd ref="9735921654"/>
  <nd ref="10176052155"/>
  <nd ref="9735921655"/>
  <nd ref="9735921656"/>
  <nd ref="9735921657"/>
  <nd ref="9735921654"/>
  <tag k="addr:city" v="Buxtehude"/>
  <tag k="addr:housenumber" v="7a"/>
  <tag k="addr:postcode" v="21614"/>
  <tag k="addr:street" v="Olenhoffweg"/>
  <tag k="building" v="yes"/>
 </way>
 <way id="1059690642" visible="true" version="2" changeset="128783441" timestamp="2022-11-11T16:03:32Z" user="Funki-Bux" uid="15130873">
  <nd ref="9735921658"/>
  <nd ref="9735921659"/>
  <nd ref="10176052152"/>
  <nd ref="9735921660"/>
  <nd ref="9735921661"/>
  <nd ref="9735921658"/>
  <tag k="addr:city" v="Buxtehude"/>
  <tag k="addr:housenumber" v="3a"/>
  <tag k="addr:postcode" v="21614"/>
  <tag k="addr:street" v="Olenhoffweg"/>
  <tag k="building" v="yes"/>
 </way>
 <way id="1059690643" visible="true" version="2" changeset="128783441" timestamp="2022-11-11T16:03:32Z" user="Funki-Bux" uid="15130873">
  <nd ref="9735921662"/>
  <nd ref="9735921663"/>
  <nd ref="10176052150"/>
  <nd ref="9735921664"/>
  <nd ref="9735921665"/>
  <nd ref="9735921662"/>
  <tag k="addr:city" v="Buxtehude"/>
  <tag k="addr:housenumber" v="1a"/>
  <tag k="addr:postcode" v="21614"/>
  <tag k="addr:street" v="Olenhoffweg"/>
  <tag k="building" v="yes"/>
 </way>
 <way id="1080621071" visible="true" version="1" changeset="123953463" timestamp="2022-07-22T19:29:59Z" user="OB79" uid="3096707">
  <nd ref="9904764018"/>
  <nd ref="9904764019"/>
  <nd ref="9904764020"/>
  <nd ref="9904764021"/>
  <nd ref="9904764022"/>
  <nd ref="9904764023"/>
  <nd ref="9904764028"/>
  <nd ref="9904764024"/>
  <nd ref="9904764025"/>
  <tag k="highway" v="path"/>
 </way>
 <way id="1080621072" visible="true" version="1" changeset="123953463" timestamp="2022-07-22T19:29:59Z" user="OB79" uid="3096707">
  <nd ref="9904764028"/>
  <nd ref="9904764029"/>
  <nd ref="9904764030"/>
  <nd ref="9904764031"/>
  <tag k="highway" v="path"/>
 </way>
 <way id="1080621073" visible="true" version="1" changeset="123953463" timestamp="2022-07-22T19:29:59Z" user="OB79" uid="3096707">
  <nd ref="9904764029"/>
  <nd ref="9904764032"/>
  <nd ref="9904764033"/>
  <nd ref="9904764038"/>
  <nd ref="9904764039"/>
  <nd ref="9904764034"/>
  <tag k="highway" v="path"/>
 </way>
 <way id="1080621074" visible="true" version="1" changeset="123953463" timestamp="2022-07-22T19:29:59Z" user="OB79" uid="3096707">
  <nd ref="9904764032"/>
  <nd ref="9904764035"/>
  <nd ref="9904764037"/>
  <nd ref="9904764040"/>
  <nd ref="9904764036"/>
  <tag k="highway" v="path"/>
 </way>
 <way id="1080621075" visible="true" version="1" changeset="123953463" timestamp="2022-07-22T19:29:59Z" user="OB79" uid="3096707">
  <nd ref="9904764037"/>
  <nd ref="9904764038"/>
  <tag k="highway" v="path"/>
 </way>
 <way id="1080621076" visible="true" version="1" changeset="123953463" timestamp="2022-07-22T19:29:59Z" user="OB79" uid="3096707">
  <nd ref="9904764041"/>
  <nd ref="9904764042"/>
  <nd ref="9904764043"/>
  <nd ref="8905170204"/>
  <tag k="highway" v="track"/>
 </way>
 <way id="1112303534" visible="true" version="1" changeset="128783441" timestamp="2022-11-11T16:03:32Z" user="Funki-Bux" uid="15130873">
  <nd ref="10176052141"/>
  <nd ref="9735921662"/>
  <nd ref="9735921663"/>
  <nd ref="10176052149"/>
  <nd ref="10176052142"/>
  <nd ref="10176052141"/>
  <tag k="addr:city" v="Buxtehude"/>
  <tag k="addr:housenumber" v="1b"/>
  <tag k="addr:postcode" v="21614"/>
  <tag k="addr:street" v="Olenhoffweg"/>
  <tag k="building" v="yes"/>
 </way>
 <way id="1112303535" visible="true" version="1" changeset="128783441" timestamp="2022-11-11T16:03:32Z" user="Funki-Bux" uid="15130873">
  <nd ref="10176052143"/>
  <nd ref="9735921658"/>
  <nd ref="9735921659"/>
  <nd ref="10176052151"/>
  <nd ref="10176052144"/>
  <nd ref="10176052143"/>
  <tag k="addr:city" v="Buxtehude"/>
  <tag k="addr:housenumber" v="3b"/>
  <tag k="addr:postcode" v="21614"/>
  <tag k="addr:street" v="Olenhoffweg"/>
  <tag k="building" v="yes"/>
 </way>
 <way id="1112303536" visible="true" version="1" changeset="128783441" timestamp="2022-11-11T16:03:32Z" user="Funki-Bux" uid="15130873">
  <nd ref="9735921653"/>
  <nd ref="10176052154"/>
  <nd ref="10176052145"/>
  <nd ref="10176052146"/>
  <nd ref="9735921652"/>
  <nd ref="9735921653"/>
  <tag k="addr:city" v="Buxtehude"/>
  <tag k="addr:housenumber" v="5b"/>
  <tag k="addr:postcode" v="21614"/>
  <tag k="addr:street" v="Olenhoffweg"/>
  <tag k="building" v="yes"/>
 </way>
 <way id="1201094502" visible="true" version="1" changeset="140231582" timestamp="2023-08-22T14:10:03Z" user="TomJeffs" uid="6397757">
  <nd ref="11136267280"/>
  <nd ref="11136267281"/>
  <nd ref="11136267282"/>
  <nd ref="11136267283"/>
  <nd ref="11136267284"/>
  <nd ref="11136267285"/>
  <nd ref="11136267286"/>
  <nd ref="11136267287"/>
  <nd ref="11136267288"/>
  <nd ref="11136267289"/>
  <nd ref="11136267290"/>
  <nd ref="11136267291"/>
  <nd ref="11136267292"/>
  <nd ref="11136267293"/>
  <nd ref="11136267294"/>
  <nd ref="11136267295"/>
  <nd ref="11136267280"/>
  <tag k="natural" v="water"/>
  <tag k="water" v="pond"/>
 </way>
 <way id="1201094503" visible="true" version="1" changeset="140231582" timestamp="2023-08-22T14:10:03Z" user="TomJeffs" uid="6397757">
  <nd ref="11136267296"/>
  <nd ref="11136267297"/>
  <nd ref="11136267298"/>
  <nd ref="11136267299"/>
  <nd ref="11136267300"/>
  <nd ref="11136267301"/>
  <nd ref="11136267302"/>
  <tag k="barrier" v="fence"/>
 </way>
 <way id="1201094504" visible="true" version="1" changeset="140231582" timestamp="2023-08-22T14:10:03Z" user="TomJeffs" uid="6397757">
  <nd ref="11136267303"/>
  <nd ref="11136267304"/>
  <nd ref="11136330205"/>
  <nd ref="11136330206"/>
  <nd ref="11136330207"/>
  <nd ref="11136330208"/>
  <nd ref="11136330209"/>
  <nd ref="11136330210"/>
  <nd ref="11136330211"/>
  <nd ref="11136330212"/>
  <nd ref="11136330213"/>
  <nd ref="11136330214"/>
  <nd ref="11136330215"/>
  <nd ref="11136330216"/>
  <nd ref="11136330217"/>
  <nd ref="11136330218"/>
  <nd ref="11136330219"/>
  <nd ref="11136330220"/>
  <nd ref="11136330221"/>
  <nd ref="11136330222"/>
  <nd ref="11136330223"/>
  <nd ref="11136330224"/>
  <nd ref="11136330225"/>
  <nd ref="11136330226"/>
  <nd ref="11136330227"/>
  <nd ref="11136330228"/>
  <nd ref="11136330229"/>
  <nd ref="11136330230"/>
  <nd ref="11136330231"/>
  <nd ref="11136330232"/>
  <nd ref="11136330233"/>
  <nd ref="11136330234"/>
  <nd ref="11136330235"/>
  <nd ref="11136330236"/>
  <nd ref="11136330237"/>
  <nd ref="11136330238"/>
  <nd ref="11136330239"/>
  <nd ref="11136330240"/>
  <tag k="barrier" v="fence"/>
 </way>
 <way id="1201094505" visible="true" version="1" changeset="140231582" timestamp="2023-08-22T14:10:03Z" user="TomJeffs" uid="6397757">
  <nd ref="11136330247"/>
  <nd ref="11136330248"/>
  <tag k="barrier" v="fence"/>
 </way>
 <way id="1201094506" visible="true" version="1" changeset="140231582" timestamp="2023-08-22T14:10:03Z" user="TomJeffs" uid="6397757">
  <nd ref="11136330249"/>
  <nd ref="11136330250"/>
  <nd ref="11136330251"/>
  <nd ref="11136330252"/>
  <nd ref="11136330253"/>
  <nd ref="11136330254"/>
  <nd ref="11136330255"/>
  <nd ref="11136330256"/>
  <nd ref="11136330257"/>
  <nd ref="11136330258"/>
  <nd ref="11136330259"/>
  <nd ref="11136330260"/>
  <tag k="barrier" v="fence"/>
 </way>
 <way id="1201094507" visible="true" version="2" changeset="140246316" timestamp="2023-08-22T20:41:24Z" user="TomJeffs" uid="6397757">
  <nd ref="11136330261"/>
  <nd ref="11136330262"/>
  <nd ref="11136330263"/>
  <nd ref="11136330264"/>
  <nd ref="11136330265"/>
  <nd ref="11136330266"/>
  <nd ref="11136330267"/>
  <nd ref="11136330268"/>
  <nd ref="11136330269"/>
  <nd ref="11136330270"/>
  <nd ref="11136330271"/>
  <nd ref="11137164648"/>
  <nd ref="11136330272"/>
  <nd ref="11136330273"/>
  <tag k="barrier" v="fence"/>
 </way>
 <way id="1201094508" visible="true" version="2" changeset="140246316" timestamp="2023-08-22T20:41:24Z" user="TomJeffs" uid="6397757">
  <nd ref="11136330274"/>
  <nd ref="11137164649"/>
  <nd ref="11137164650"/>
  <nd ref="11136330275"/>
  <tag k="barrier" v="fence"/>
 </way>
 <way id="1201094509" visible="true" version="1" changeset="140231582" timestamp="2023-08-22T14:10:03Z" user="TomJeffs" uid="6397757">
  <nd ref="11136330276"/>
  <nd ref="11136330277"/>
  <tag k="barrier" v="fence"/>
 </way>
 <way id="1201094510" visible="true" version="3" changeset="140246316" timestamp="2023-08-22T20:41:24Z" user="TomJeffs" uid="6397757">
  <nd ref="11136330278"/>
  <nd ref="11136330279"/>
  <nd ref="11136330280"/>
  <nd ref="11136330281"/>
  <nd ref="11136330282"/>
  <nd ref="11136330283"/>
  <nd ref="11136330284"/>
  <nd ref="11136330285"/>
  <nd ref="11137164679"/>
  <nd ref="11136330286"/>
  <nd ref="11136330287"/>
  <nd ref="11136330288"/>
  <nd ref="11136330289"/>
  <nd ref="11136330290"/>
  <nd ref="11136330291"/>
  <nd ref="11136330292"/>
  <nd ref="11136331365"/>
  <nd ref="11136330293"/>
  <nd ref="11136330294"/>
  <nd ref="11136331362"/>
  <nd ref="11136330295"/>
  <nd ref="11136330296"/>
  <nd ref="11136330297"/>
  <nd ref="11136330298"/>
  <nd ref="11136330299"/>
  <nd ref="11136330300"/>
  <nd ref="11136330301"/>
  <nd ref="11136330302"/>
  <nd ref="11136330303"/>
  <nd ref="11136330304"/>
  <nd ref="11136330305"/>
  <nd ref="11136330306"/>
  <nd ref="11136330307"/>
  <nd ref="11136330308"/>
  <nd ref="11136330309"/>
  <nd ref="11136330310"/>
  <nd ref="11136330311"/>
  <nd ref="11136330278"/>
  <tag k="access" v="private"/>
  <tag k="amenity" v="parking"/>
  <tag k="surface" v="asphalt"/>
 </way>
 <way id="1201094511" visible="true" version="1" changeset="140231582" timestamp="2023-08-22T14:10:03Z" user="TomJeffs" uid="6397757">
  <nd ref="11136330333"/>
  <nd ref="11136330332"/>
  <nd ref="11136330331"/>
  <nd ref="11136330330"/>
  <nd ref="11136330329"/>
  <nd ref="11136330328"/>
  <nd ref="11136330327"/>
  <nd ref="11136330326"/>
  <nd ref="11136330325"/>
  <nd ref="11136330324"/>
  <nd ref="11136330315"/>
  <nd ref="11136330316"/>
  <nd ref="11136330317"/>
  <nd ref="11136330318"/>
  <nd ref="11136330319"/>
  <nd ref="11136330320"/>
  <nd ref="11136330321"/>
  <nd ref="11136330322"/>
  <nd ref="11136330323"/>
  <tag k="highway" v="track"/>
  <tag k="surface" v="gravel"/>
 </way>
 <way id="1201094512" visible="true" version="1" changeset="140231582" timestamp="2023-08-22T14:10:03Z" user="TomJeffs" uid="6397757">
  <nd ref="11136330333"/>
  <nd ref="1937737859"/>
  <tag k="highway" v="service"/>
 </way>
 <way id="1201094513" visible="true" version="1" changeset="140231582" timestamp="2023-08-22T14:10:03Z" user="TomJeffs" uid="6397757">
  <nd ref="11136330331"/>
  <nd ref="11136330334"/>
  <nd ref="11136330335"/>
  <nd ref="11136330336"/>
  <nd ref="11136330337"/>
  <nd ref="11136330338"/>
  <nd ref="11136330339"/>
  <nd ref="11136330340"/>
  <nd ref="11136330341"/>
  <tag k="highway" v="track"/>
  <tag k="surface" v="gravel"/>
 </way>
 <way id="1201094514" visible="true" version="1" changeset="140231582" timestamp="2023-08-22T14:10:03Z" user="TomJeffs" uid="6397757">
  <nd ref="11136330323"/>
  <nd ref="11136330342"/>
  <nd ref="11136330343"/>
  <nd ref="11136330344"/>
  <nd ref="11136330345"/>
  <nd ref="11136330346"/>
  <tag k="highway" v="track"/>
  <tag k="surface" v="grass"/>
 </way>
 <way id="1201094515" visible="true" version="1" changeset="140231582" timestamp="2023-08-22T14:10:03Z" user="TomJeffs" uid="6397757">
  <nd ref="11136330347"/>
  <nd ref="11136330348"/>
  <nd ref="11136330349"/>
  <nd ref="11136330350"/>
  <nd ref="11136330351"/>
  <nd ref="11136330352"/>
  <nd ref="11136330353"/>
  <tag k="barrier" v="wall"/>
 </way>
 <way id="1201094516" visible="true" version="2" changeset="140231915" timestamp="2023-08-22T14:16:32Z" user="TomJeffs" uid="6397757">
  <nd ref="11136330354"/>
  <nd ref="11136330355"/>
  <nd ref="11136330356"/>
  <nd ref="11136330357"/>
  <nd ref="11136331357"/>
  <nd ref="11136331354"/>
  <nd ref="11136330358"/>
  <nd ref="11136330359"/>
  <nd ref="11136330360"/>
  <nd ref="11136330361"/>
  <nd ref="11136330362"/>
  <nd ref="11136331353"/>
  <nd ref="11136330363"/>
  <nd ref="11136330364"/>
  <tag k="barrier" v="fence"/>
 </way>
 <way id="1201094517" visible="true" version="1" changeset="140231582" timestamp="2023-08-22T14:10:03Z" user="TomJeffs" uid="6397757">
  <nd ref="11136330365"/>
  <nd ref="11136330366"/>
  <tag k="barrier" v="fence"/>
 </way>
 <way id="1201094518" visible="true" version="1" changeset="140231582" timestamp="2023-08-22T14:10:03Z" user="TomJeffs" uid="6397757">
  <nd ref="11136330367"/>
  <nd ref="11136330368"/>
  <nd ref="11136330369"/>
  <nd ref="11136330370"/>
  <nd ref="11136330371"/>
  <nd ref="11136330372"/>
  <nd ref="11136330373"/>
  <nd ref="11136330374"/>
  <nd ref="11136330375"/>
  <nd ref="11136330376"/>
  <nd ref="11136330377"/>
  <nd ref="11136330378"/>
  <nd ref="11136330379"/>
  <tag k="barrier" v="fence"/>
 </way>
 <way id="1201095551" visible="true" version="1" changeset="140231915" timestamp="2023-08-22T14:16:32Z" user="TomJeffs" uid="6397757">
  <nd ref="11136331320"/>
  <nd ref="11136331321"/>
  <nd ref="11136331322"/>
  <nd ref="11136331323"/>
  <nd ref="11136331320"/>
  <tag k="building" v="yes"/>
 </way>
 <way id="1201095552" visible="true" version="2" changeset="148149766" timestamp="2024-03-02T23:22:46Z" user="Funki-Bux" uid="15130873">
  <nd ref="11136331324"/>
  <nd ref="11136331325"/>
  <nd ref="11136331326"/>
  <nd ref="11136331327"/>
  <nd ref="11136331328"/>
  <nd ref="11136331329"/>
  <nd ref="11136331324"/>
  <tag k="addr:city" v="Buxtehude"/>
  <tag k="addr:housenumber" v="70"/>
  <tag k="addr:postcode" v="21614"/>
  <tag k="addr:street" v="Moisburger Landstraße"/>
  <tag k="building" v="yes"/>
 </way>
 <way id="1201095553" visible="true" version="1" changeset="140231915" timestamp="2023-08-22T14:16:32Z" user="TomJeffs" uid="6397757">
  <nd ref="11136331330"/>
  <nd ref="11136331331"/>
  <nd ref="11136331332"/>
  <nd ref="11136331333"/>
  <nd ref="11136331330"/>
  <tag k="building" v="yes"/>
 </way>
 <way id="1201095554" visible="true" version="1" changeset="140231915" timestamp="2023-08-22T14:16:32Z" user="TomJeffs" uid="6397757">
  <nd ref="11136330356"/>
  <nd ref="11136331338"/>
  <nd ref="11136331339"/>
  <nd ref="11136331340"/>
  <nd ref="11136331341"/>
  <nd ref="11136331342"/>
  <nd ref="11136331343"/>
  <nd ref="11136331344"/>
  <nd ref="11136331345"/>
  <nd ref="11136330379"/>
  <nd ref="11136330378"/>
  <nd ref="11136330377"/>
  <nd ref="11136330376"/>
  <nd ref="11136330375"/>
  <nd ref="11136330374"/>
  <nd ref="11136330373"/>
  <nd ref="11136330372"/>
  <nd ref="11136330371"/>
  <nd ref="11136330370"/>
  <nd ref="11136330369"/>
  <nd ref="11136330368"/>
  <nd ref="11136330367"/>
  <nd ref="11136331346"/>
  <nd ref="11136331347"/>
  <nd ref="11136331348"/>
  <nd ref="11136331349"/>
  <nd ref="11136331350"/>
  <nd ref="11136331351"/>
  <nd ref="11136331352"/>
  <nd ref="11136331353"/>
  <nd ref="11136330362"/>
  <nd ref="11136330361"/>
  <nd ref="11136330360"/>
  <nd ref="11136330359"/>
  <nd ref="11136330358"/>
  <nd ref="11136331354"/>
  <nd ref="11136331355"/>
  <nd ref="11136331356"/>
  <nd ref="11136331357"/>
  <nd ref="11136330357"/>
  <nd ref="11136330356"/>
  <tag k="landuse" v="grass"/>
 </way>
 <way id="1201095555" visible="true" version="1" changeset="140231915" timestamp="2023-08-22T14:16:32Z" user="TomJeffs" uid="6397757">
  <nd ref="11136331357"/>
  <nd ref="11136331356"/>
  <nd ref="11136331355"/>
  <nd ref="11136331354"/>
  <nd ref="11136331357"/>
  <tag k="building" v="yes"/>
 </way>
 <way id="1201095556" visible="true" version="1" changeset="140231915" timestamp="2023-08-22T14:16:32Z" user="TomJeffs" uid="6397757">
  <nd ref="11136330294"/>
  <nd ref="11136331358"/>
  <nd ref="11136331359"/>
  <nd ref="11136331360"/>
  <nd ref="11136331361"/>
  <tag k="barrier" v="fence"/>
 </way>
 <way id="1201095557" visible="true" version="1" changeset="140231915" timestamp="2023-08-22T14:16:32Z" user="TomJeffs" uid="6397757">
  <nd ref="11136331363"/>
  <nd ref="11136331364"/>
  <nd ref="11136331365"/>
  <nd ref="11136330293"/>
  <nd ref="11136330294"/>
  <nd ref="11136331358"/>
  <nd ref="11136331359"/>
  <nd ref="11136331360"/>
  <nd ref="11136331361"/>
  <nd ref="11136331366"/>
  <nd ref="11136331367"/>
  <nd ref="11136331368"/>
  <nd ref="11136331369"/>
  <nd ref="11136331363"/>
  <tag k="landuse" v="grass"/>
 </way>
 <way id="1201095558" visible="true" version="1" changeset="140231915" timestamp="2023-08-22T14:16:32Z" user="TomJeffs" uid="6397757">
  <nd ref="11136331362"/>
  <nd ref="11136331370"/>
  <nd ref="11136331371"/>
  <nd ref="11136331372"/>
  <nd ref="11136331373"/>
  <nd ref="11136331374"/>
  <nd ref="11136331375"/>
  <nd ref="11136331376"/>
  <nd ref="11136331377"/>
  <nd ref="11136331378"/>
  <nd ref="11136331379"/>
  <nd ref="11136331380"/>
  <nd ref="11136331381"/>
  <nd ref="11136331382"/>
  <nd ref="11136331383"/>
  <nd ref="11136331384"/>
  <nd ref="11136331385"/>
  <nd ref="11136331386"/>
  <nd ref="11136331387"/>
  <nd ref="11136331388"/>
  <nd ref="11136331389"/>
  <nd ref="11136331390"/>
  <nd ref="11136331391"/>
  <nd ref="11136331392"/>
  <nd ref="11136331393"/>
  <nd ref="11136330302"/>
  <nd ref="11136330301"/>
  <nd ref="11136330300"/>
  <nd ref="11136330299"/>
  <nd ref="11136330298"/>
  <nd ref="11136330297"/>
  <nd ref="11136330296"/>
  <nd ref="11136330295"/>
  <nd ref="11136331362"/>
 </way>
 <way id="1201095559" visible="true" version="1" changeset="140231915" timestamp="2023-08-22T14:16:32Z" user="TomJeffs" uid="6397757">
  <nd ref="11136331394"/>
  <nd ref="11136331395"/>
  <nd ref="11136331396"/>
  <nd ref="11136331397"/>
  <nd ref="11136331394"/>
  <tag k="building" v="yes"/>
 </way>
 <way id="1201095560" visible="true" version="1" changeset="140231915" timestamp="2023-08-22T14:16:32Z" user="TomJeffs" uid="6397757">
  <nd ref="11136331398"/>
  <nd ref="11136331399"/>
  <nd ref="11136331400"/>
  <nd ref="11136331401"/>
  <nd ref="11136331398"/>
  <tag k="building" v="yes"/>
 </way>
 <way id="1201187074" visible="true" version="1" changeset="140246316" timestamp="2023-08-22T20:41:24Z" user="TomJeffs" uid="6397757">
  <nd ref="11137164636"/>
  <nd ref="11137164637"/>
  <nd ref="11137164638"/>
  <nd ref="11137164639"/>
  <nd ref="11137164636"/>
  <tag k="building" v="yes"/>
 </way>
 <way id="1201187075" visible="true" version="1" changeset="140246316" timestamp="2023-08-22T20:41:24Z" user="TomJeffs" uid="6397757">
  <nd ref="11137164637"/>
  <nd ref="11137164640"/>
  <nd ref="11137164641"/>
  <nd ref="11137164642"/>
  <nd ref="11137164643"/>
  <nd ref="11137164644"/>
  <nd ref="11137164645"/>
  <nd ref="11137164646"/>
  <nd ref="11137164647"/>
  <nd ref="11137164648"/>
  <nd ref="11136330272"/>
  <nd ref="11136330273"/>
  <nd ref="11137164649"/>
  <nd ref="11137164650"/>
  <nd ref="11137164651"/>
  <nd ref="11137164652"/>
  <nd ref="11137164653"/>
  <nd ref="11137164654"/>
  <nd ref="11137164655"/>
  <nd ref="2867993990"/>
  <nd ref="11137164639"/>
  <nd ref="11137164638"/>
  <nd ref="11137164637"/>
  <tag k="landuse" v="grass"/>
 </way>
 <way id="1201187076" visible="true" version="1" changeset="140246316" timestamp="2023-08-22T20:41:24Z" user="TomJeffs" uid="6397757">
  <nd ref="11137164656"/>
  <nd ref="11137164657"/>
  <nd ref="11137164658"/>
  <nd ref="11137164659"/>
  <nd ref="11137164660"/>
  <nd ref="11137164661"/>
  <nd ref="11137164662"/>
  <nd ref="11137164663"/>
  <nd ref="11137164664"/>
  <nd ref="11137164665"/>
  <nd ref="11137164666"/>
  <nd ref="11137164667"/>
  <nd ref="11137164668"/>
  <nd ref="11137164669"/>
  <nd ref="11136330282"/>
  <nd ref="11136330281"/>
  <nd ref="11136330280"/>
  <nd ref="11136330279"/>
  <nd ref="11136330278"/>
  <tag k="barrier" v="fence"/>
 </way>
 <way id="1201187077" visible="true" version="1" changeset="140246316" timestamp="2023-08-22T20:41:24Z" user="TomJeffs" uid="6397757">
  <nd ref="11136330278"/>
  <nd ref="11137164670"/>
  <nd ref="11137164671"/>
  <nd ref="11137164672"/>
  <nd ref="11137164673"/>
  <nd ref="11137164674"/>
  <nd ref="11137164675"/>
  <nd ref="11137164676"/>
  <nd ref="11137164677"/>
  <nd ref="11137164678"/>
  <nd ref="11136330305"/>
  <nd ref="11136330306"/>
  <nd ref="11136330307"/>
  <nd ref="11136330308"/>
  <nd ref="11136330309"/>
  <nd ref="11136330310"/>
  <nd ref="11136330311"/>
  <nd ref="11136330278"/>
 </way>
 <way id="1201187078" visible="true" version="1" changeset="140246316" timestamp="2023-08-22T20:41:24Z" user="TomJeffs" uid="6397757">
  <nd ref="11137164679"/>
  <nd ref="11137164680"/>
  <nd ref="11137164681"/>
  <nd ref="11137164682"/>
  <nd ref="11137164683"/>
  <nd ref="11137164684"/>
  <nd ref="11137164685"/>
  <nd ref="11137164686"/>
  <nd ref="11137164687"/>
  <nd ref="11137164656"/>
  <nd ref="11137164657"/>
  <nd ref="11137164658"/>
  <nd ref="11137164659"/>
  <nd ref="11137164660"/>
  <nd ref="11137164661"/>
  <nd ref="11137164662"/>
  <nd ref="11137164663"/>
  <nd ref="11137164664"/>
  <nd ref="11137164665"/>
  <nd ref="11137164666"/>
  <nd ref="11137164667"/>
  <nd ref="11137164668"/>
  <nd ref="11137164669"/>
  <nd ref="11136330282"/>
  <nd ref="11136330283"/>
  <nd ref="11136330284"/>
  <nd ref="11136330285"/>
  <nd ref="11137164679"/>
  <tag k="landuse" v="grass"/>
 </way>
 <way id="1201187079" visible="true" version="1" changeset="140246316" timestamp="2023-08-22T20:41:24Z" user="TomJeffs" uid="6397757">
  <nd ref="11136330283"/>
  <nd ref="11136330284"/>
  <nd ref="11136330285"/>
  <nd ref="11137164688"/>
  <nd ref="11137164689"/>
  <nd ref="11137164690"/>
  <nd ref="11137164691"/>
  <nd ref="11137164692"/>
  <nd ref="11137164693"/>
  <nd ref="11137164694"/>
  <nd ref="11137164695"/>
  <nd ref="11137164696"/>
  <nd ref="11137164697"/>
  <nd ref="11137164698"/>
  <nd ref="11137164699"/>
  <nd ref="11137164700"/>
  <tag k="barrier" v="fence"/>
 </way>
 <way id="1201187080" visible="true" version="1" changeset="140246316" timestamp="2023-08-22T20:41:24Z" user="TomJeffs" uid="6397757">
  <nd ref="11137164645"/>
  <nd ref="11137164701"/>
  <nd ref="11137164702"/>
  <nd ref="11137164703"/>
  <nd ref="11137164704"/>
  <nd ref="11137220405"/>
  <nd ref="11137220406"/>
  <nd ref="11137220407"/>
  <nd ref="11137220408"/>
  <nd ref="11137220409"/>
  <nd ref="11137220410"/>
  <nd ref="11137220411"/>
  <nd ref="11137220412"/>
  <nd ref="11137220413"/>
  <nd ref="11137220414"/>
  <nd ref="11137220415"/>
  <nd ref="11136330249"/>
  <nd ref="11136330250"/>
  <nd ref="11136330251"/>
  <nd ref="11136330252"/>
  <nd ref="11136330253"/>
  <nd ref="11136330254"/>
  <nd ref="11136330255"/>
  <nd ref="11136330256"/>
  <nd ref="11136330257"/>
  <nd ref="11136330258"/>
  <nd ref="11136330259"/>
  <nd ref="11136330261"/>
  <nd ref="11136330262"/>
  <nd ref="11136330263"/>
  <nd ref="11136330265"/>
  <nd ref="11136330266"/>
  <nd ref="11136330267"/>
  <nd ref="11136330268"/>
  <nd ref="11136330269"/>
  <nd ref="11136330270"/>
  <nd ref="11136330271"/>
  <nd ref="11137164648"/>
  <nd ref="11137164647"/>
  <nd ref="11137164646"/>
  <nd ref="11137164645"/>
  <tag k="landuse" v="grass"/>
 </way>
 <way id="1201187081" visible="true" version="1" changeset="140246316" timestamp="2023-08-22T20:41:24Z" user="TomJeffs" uid="6397757">
  <nd ref="11137220416"/>
  <nd ref="11137220417"/>
  <nd ref="11137220418"/>
  <nd ref="11137220419"/>
  <nd ref="11137220420"/>
  <nd ref="11137220421"/>
  <nd ref="11137220422"/>
  <nd ref="11137220423"/>
  <nd ref="11137220424"/>
  <nd ref="11137220425"/>
  <nd ref="11137220426"/>
  <nd ref="11137220427"/>
  <nd ref="11137220428"/>
  <nd ref="11137220429"/>
  <nd ref="11137220430"/>
  <nd ref="11137220431"/>
  <nd ref="11137220432"/>
  <tag k="barrier" v="fence"/>
 </way>
 <way id="1201187082" visible="true" version="1" changeset="140246316" timestamp="2023-08-22T20:41:24Z" user="TomJeffs" uid="6397757">
  <nd ref="11136330353"/>
  <nd ref="11137220433"/>
  <nd ref="11137220434"/>
  <nd ref="11137220435"/>
  <nd ref="11137220436"/>
  <nd ref="11137220437"/>
  <nd ref="11137220438"/>
  <nd ref="11137220439"/>
  <nd ref="11137220440"/>
  <nd ref="11137220441"/>
  <nd ref="11137220442"/>
  <nd ref="11137220443"/>
  <nd ref="11137220444"/>
  <nd ref="11137220445"/>
  <nd ref="11137220446"/>
  <nd ref="11136330239"/>
  <nd ref="11136330238"/>
  <nd ref="11136330237"/>
  <nd ref="11136330236"/>
  <nd ref="11136330235"/>
  <nd ref="11136330234"/>
  <nd ref="11136330233"/>
  <nd ref="11136330232"/>
  <nd ref="11136330231"/>
  <nd ref="11136330230"/>
  <nd ref="11136330229"/>
  <nd ref="11136330228"/>
  <nd ref="11136330227"/>
  <nd ref="11136330226"/>
  <nd ref="11136330225"/>
  <nd ref="11136330224"/>
  <nd ref="11136330223"/>
  <nd ref="11136330222"/>
  <nd ref="11136330221"/>
  <nd ref="11136330220"/>
  <nd ref="11136330219"/>
  <nd ref="11136330218"/>
  <nd ref="11136330217"/>
  <nd ref="11136330216"/>
  <nd ref="11136330215"/>
  <nd ref="11136330214"/>
  <nd ref="11136330213"/>
  <nd ref="11136330212"/>
  <nd ref="11136330211"/>
  <nd ref="11136330210"/>
  <nd ref="11136330209"/>
  <nd ref="11136330208"/>
  <nd ref="11136330207"/>
  <nd ref="11136330206"/>
  <nd ref="11136330205"/>
  <nd ref="11136267304"/>
  <nd ref="11136267303"/>
  <nd ref="11137220447"/>
  <nd ref="11137220448"/>
  <nd ref="11137220449"/>
  <nd ref="11137220450"/>
  <nd ref="11137220451"/>
  <nd ref="11137220452"/>
  <nd ref="11137220453"/>
  <nd ref="11137220454"/>
  <nd ref="11137220455"/>
  <nd ref="11137220456"/>
  <nd ref="11137220457"/>
  <nd ref="11137220458"/>
  <nd ref="11137220459"/>
  <nd ref="11137220460"/>
  <nd ref="11137220461"/>
  <nd ref="11137220462"/>
  <nd ref="11137220463"/>
  <nd ref="11137220464"/>
  <nd ref="11137220465"/>
  <nd ref="11137220466"/>
  <nd ref="11137220467"/>
  <nd ref="11137220468"/>
  <nd ref="11137220469"/>
  <nd ref="11137220470"/>
  <nd ref="11137220471"/>
  <nd ref="11137220472"/>
  <nd ref="11137220473"/>
  <nd ref="11137220474"/>
  <nd ref="11137220475"/>
  <nd ref="11137220476"/>
  <nd ref="11137220477"/>
  <nd ref="11137220478"/>
  <nd ref="11137220479"/>
  <nd ref="11137220480"/>
  <nd ref="11137220481"/>
  <nd ref="11137220482"/>
  <nd ref="11137220483"/>
  <nd ref="11137220484"/>
  <nd ref="11137220485"/>
  <nd ref="11137220486"/>
  <nd ref="11137220487"/>
  <nd ref="11137220488"/>
  <nd ref="11137220489"/>
  <nd ref="11137220490"/>
  <nd ref="11137220491"/>
  <nd ref="11136330347"/>
  <nd ref="11136330348"/>
  <nd ref="11136330349"/>
  <nd ref="11136330350"/>
  <nd ref="11136330351"/>
  <nd ref="11136330352"/>
  <nd ref="11136330353"/>
  <tag k="landuse" v="grass"/>
 </way>
 <way id="1201187083" visible="true" version="1" changeset="140246316" timestamp="2023-08-22T20:41:24Z" user="TomJeffs" uid="6397757">
  <nd ref="11137220492"/>
  <nd ref="11137220493"/>
  <nd ref="11137220494"/>
  <nd ref="11137220495"/>
  <nd ref="11137220492"/>
  <tag k="barrier" v="fence"/>
 </way>
 <way id="1201187084" visible="true" version="1" changeset="140246316" timestamp="2023-08-22T20:41:24Z" user="TomJeffs" uid="6397757">
  <nd ref="11137220496"/>
  <nd ref="11137220497"/>
  <nd ref="11137220498"/>
  <nd ref="11137220499"/>
  <nd ref="11137220496"/>
  <tag k="building" v="yes"/>
 </way>
 <way id="1201187250" visible="true" version="1" changeset="140246360" timestamp="2023-08-22T20:43:24Z" user="TomJeffs" uid="6397757">
  <nd ref="671523126"/>
  <nd ref="4428828989"/>
  <nd ref="11136330341"/>
  <nd ref="11137056902"/>
  <nd ref="11137056901"/>
  <nd ref="2501143768"/>
  <tag k="highway" v="service"/>
  <tag k="surface" v="asphalt"/>
  <tag k="tracktype" v="grade1"/>
 </way>
 <way id="1231365133" visible="true" version="1" changeset="145149264" timestamp="2023-12-15T12:40:03Z" user="m-h-a" uid="20037451">
  <nd ref="297101667"/>
  <nd ref="297101669"/>
  <nd ref="297101670"/>
  <nd ref="297101672"/>
  <nd ref="297101674"/>
  <nd ref="253455573"/>
  <tag k="highway" v="track"/>
  <tag k="lcn" v="yes"/>
  <tag k="surface" v="compacted"/>
  <tag k="tracktype" v="grade2"/>
 </way>
 <way id="1231365134" visible="true" version="1" changeset="145149264" timestamp="2023-12-15T12:40:03Z" user="m-h-a" uid="20037451">
  <nd ref="325212749"/>
  <nd ref="297101667"/>
  <tag k="highway" v="track"/>
  <tag k="tracktype" v="grade3"/>
 </way>
 <way id="1231365135" visible="true" version="1" changeset="145149264" timestamp="2023-12-15T12:40:03Z" user="m-h-a" uid="20037451">
  <nd ref="253455571"/>
  <nd ref="253455573"/>
  <tag k="highway" v="path"/>
 </way>
 <way id="1231365136" visible="true" version="2" changeset="157774066" timestamp="2024-10-11T21:30:19Z" user="BikeTschorsch" uid="6441004">
  <nd ref="253455569"/>
  <nd ref="12244971447"/>
  <nd ref="3888844818"/>
  <nd ref="297101675"/>
  <nd ref="1314084707"/>
  <nd ref="297101678"/>
  <nd ref="297101681"/>
  <nd ref="8528263908"/>
  <nd ref="297101683"/>
  <tag k="highway" v="track"/>
  <tag k="motor_vehicle" v="no"/>
  <tag k="tracktype" v="grade3"/>
 </way>
 <way id="1257000375" visible="true" version="1" changeset="148149766" timestamp="2024-03-02T23:22:46Z" user="Funki-Bux" uid="15130873">
  <nd ref="11685964916"/>
  <nd ref="11685964917"/>
  <nd ref="11685964918"/>
  <nd ref="11685964919"/>
  <nd ref="11685964916"/>
  <tag k="addr:city" v="Buxtehude"/>
  <tag k="addr:housenumber" v="61"/>
  <tag k="addr:postcode" v="21614"/>
  <tag k="addr:street" v="Moisburger Landstraße"/>
  <tag k="building" v="commercial"/>
  <tag k="name" v="Rischkau Sand- und Fuhrbetrieb GmbH"/>
 </way>
 <way id="1257251617" visible="true" version="1" changeset="148184223" timestamp="2024-03-03T22:41:27Z" user="Funki-Bux" uid="15130873">
  <nd ref="11688697708"/>
  <nd ref="11688697709"/>
  <nd ref="11688697710"/>
  <nd ref="11688697711"/>
  <nd ref="11688697708"/>
  <tag k="addr:city" v="Buxtehude"/>
  <tag k="addr:country" v="DE"/>
  <tag k="addr:housenumber" v="19c"/>
  <tag k="addr:postcode" v="21614"/>
  <tag k="addr:street" v="Altklosterbergstraße"/>
  <tag k="building" v="yes"/>
 </way>
 <way id="1257251620" visible="true" version="1" changeset="148184223" timestamp="2024-03-03T22:41:27Z" user="Funki-Bux" uid="15130873">
  <nd ref="11688697724"/>
  <nd ref="11688697725"/>
  <nd ref="11688697726"/>
  <nd ref="11688697727"/>
  <nd ref="11688697724"/>
  <tag k="building" v="commercial"/>
 </way>
 <way id="1323278183" visible="true" version="1" changeset="157774066" timestamp="2024-10-11T21:30:19Z" user="BikeTschorsch" uid="6441004">
  <nd ref="12244971446"/>
  <nd ref="12244971448"/>
  <nd ref="12244971449"/>
  <nd ref="12244971447"/>
  <tag k="highway" v="path"/>
 </way>
 <way id="1482320402" visible="true" version="1" changeset="178959821" timestamp="2026-02-23T20:05:00Z" user="Ropino" uid="42123">
  <nd ref="518676518"/>
  <nd ref="13593732052"/>
  <nd ref="13593732051"/>
  <nd ref="13593732050"/>
  <nd ref="13593732049"/>
  <nd ref="13593732048"/>
  <nd ref="13593732047"/>
  <nd ref="13593732046"/>
  <nd ref="13593732045"/>
  <nd ref="13593732044"/>
  <nd ref="13593732043"/>
  <nd ref="13593732042"/>
  <nd ref="13593732041"/>
  <nd ref="13593732040"/>
  <nd ref="13593732039"/>
  <nd ref="13593732038"/>
  <nd ref="13593732037"/>
  <nd ref="13593732036"/>
  <nd ref="13593732035"/>
  <nd ref="13593732034"/>
  <nd ref="13593732033"/>
  <nd ref="13593732032"/>
  <nd ref="13593732031"/>
  <nd ref="13593732030"/>
  <nd ref="13593732029"/>
  <nd ref="13593732028"/>
  <nd ref="13593732027"/>
  <nd ref="13593732026"/>
  <nd ref="13593732025"/>
  <nd ref="13593732024"/>
  <nd ref="13593732023"/>
  <nd ref="13593732022"/>
  <nd ref="13593732021"/>
  <nd ref="13593732020"/>
  <nd ref="13593732019"/>
  <nd ref="13593732018"/>
  <nd ref="13593732017"/>
  <nd ref="13593732016"/>
  <nd ref="13593732015"/>
  <nd ref="13593732014"/>
  <nd ref="13593732013"/>
  <nd ref="13593732012"/>
  <nd ref="13593732011"/>
  <nd ref="13593732010"/>
  <nd ref="13593732009"/>
  <nd ref="13593732008"/>
  <nd ref="13593732007"/>
  <nd ref="13593732006"/>
  <nd ref="13593732005"/>
  <nd ref="13593732004"/>
  <nd ref="13593732003"/>
  <nd ref="13593732002"/>
  <nd ref="13593732001"/>
  <nd ref="13593732000"/>
  <nd ref="13593731999"/>
  <nd ref="13593731998"/>
  <nd ref="13593731997"/>
  <nd ref="13593731996"/>
  <nd ref="13593731995"/>
  <nd ref="13593731994"/>
  <nd ref="13593731993"/>
  <nd ref="13593731992"/>
  <nd ref="13593731991"/>
  <nd ref="13593731990"/>
  <nd ref="13593731989"/>
  <nd ref="13593731988"/>
  <nd ref="13593731987"/>
  <nd ref="13593731986"/>
  <nd ref="13593731985"/>
  <nd ref="13593731984"/>
  <nd ref="13593731983"/>
  <nd ref="13593731982"/>
  <nd ref="13593731981"/>
  <nd ref="13593731980"/>
  <nd ref="13593731979"/>
  <nd ref="13593731978"/>
  <nd ref="13593731977"/>
  <nd ref="13593731976"/>
  <nd ref="13593731975"/>
  <nd ref="13593731974"/>
  <nd ref="13593731973"/>
  <nd ref="13593731972"/>
  <nd ref="13593731971"/>
  <nd ref="13593731970"/>
  <nd ref="13593731969"/>
  <nd ref="13593731968"/>
  <nd ref="13593731967"/>
  <nd ref="13593731966"/>
  <nd ref="13593731965"/>
  <nd ref="13593731964"/>
  <nd ref="13593731963"/>
  <nd ref="13593731962"/>
  <nd ref="13593731961"/>
  <nd ref="13593731960"/>
  <nd ref="13593731959"/>
  <nd ref="13593731958"/>
  <nd ref="13593731957"/>
  <nd ref="13593731956"/>
  <nd ref="13593731955"/>
  <nd ref="13593731954"/>
  <nd ref="13593731953"/>
  <nd ref="13593731952"/>
  <nd ref="13593731951"/>
  <nd ref="13593731950"/>
  <nd ref="13593731949"/>
  <nd ref="13593731948"/>
  <nd ref="13593731947"/>
  <nd ref="13593731946"/>
  <nd ref="13593731945"/>
  <nd ref="13593731944"/>
  <nd ref="13593731943"/>
  <nd ref="13593731942"/>
  <nd ref="13593731941"/>
  <nd ref="13593731940"/>
  <nd ref="13593731939"/>
  <nd ref="13593731938"/>
  <nd ref="13593731937"/>
  <nd ref="13593731936"/>
  <nd ref="13593731935"/>
  <nd ref="13593731934"/>
  <nd ref="13593731933"/>
  <nd ref="13593731932"/>
  <nd ref="13593731931"/>
  <nd ref="13593731930"/>
  <nd ref="13593731929"/>
  <nd ref="13593731928"/>
  <nd ref="13593731927"/>
  <nd ref="13593731926"/>
  <nd ref="13593731925"/>
  <nd ref="13593731924"/>
  <nd ref="13593731923"/>
  <nd ref="13593731922"/>
  <nd ref="13593731921"/>
  <nd ref="13593731920"/>
  <nd ref="13593731919"/>
  <nd ref="13593731918"/>
  <nd ref="13593731917"/>
  <nd ref="13593731916"/>
  <nd ref="13593731915"/>
  <nd ref="13593731914"/>
  <nd ref="13593731913"/>
  <nd ref="13593731912"/>
  <nd ref="13593731911"/>
  <nd ref="13593731910"/>
  <nd ref="13593731909"/>
  <nd ref="13593731908"/>
  <nd ref="13593731907"/>
  <nd ref="13593731906"/>
  <nd ref="13593731905"/>
  <nd ref="13593731904"/>
  <nd ref="13593731903"/>
  <nd ref="13593731902"/>
  <nd ref="13593731901"/>
  <nd ref="13593731900"/>
  <nd ref="13593731899"/>
  <nd ref="13593731898"/>
  <nd ref="13593731897"/>
  <nd ref="13593731896"/>
  <nd ref="13593731895"/>
  <nd ref="13593731894"/>
  <nd ref="13593731893"/>
  <nd ref="13593731892"/>
  <nd ref="13593731891"/>
  <nd ref="13593731890"/>
  <nd ref="13593731889"/>
  <nd ref="13593731888"/>
  <nd ref="13593731887"/>
  <nd ref="13593731886"/>
  <nd ref="13593731885"/>
  <nd ref="13593731884"/>
  <nd ref="13593731883"/>
  <nd ref="13593731882"/>
  <nd ref="13593731881"/>
  <nd ref="13593731880"/>
  <nd ref="13593731879"/>
  <nd ref="13593731878"/>
  <nd ref="13593731877"/>
  <nd ref="13593731876"/>
  <nd ref="13593731875"/>
  <nd ref="13593731874"/>
  <nd ref="13593731873"/>
  <nd ref="13593731872"/>
  <nd ref="13593731871"/>
  <nd ref="13593731870"/>
  <nd ref="13593731869"/>
  <nd ref="13593731868"/>
  <nd ref="13593731867"/>
  <nd ref="13593731866"/>
  <nd ref="13593731865"/>
  <nd ref="13593731864"/>
  <nd ref="13593731863"/>
  <nd ref="13593731862"/>
  <nd ref="13593731861"/>
  <nd ref="13593731860"/>
  <nd ref="13593731859"/>
  <nd ref="13593731858"/>
  <nd ref="13593731857"/>
  <nd ref="13593731856"/>
  <nd ref="13593731855"/>
  <nd ref="13593731854"/>
  <nd ref="13593731853"/>
  <nd ref="13593731852"/>
  <nd ref="13593731851"/>
  <nd ref="13593731850"/>
  <nd ref="13593731849"/>
  <nd ref="13593731848"/>
  <nd ref="13593731847"/>
  <nd ref="13593731846"/>
  <nd ref="13593731845"/>
  <nd ref="13593731844"/>
  <nd ref="13593731843"/>
  <nd ref="13593731842"/>
  <nd ref="13593731841"/>
  <nd ref="13593731840"/>
  <nd ref="13593731839"/>
  <nd ref="13593731838"/>
  <nd ref="13593731837"/>
  <nd ref="13593731836"/>
  <nd ref="13593731835"/>
  <nd ref="13593731834"/>
  <nd ref="13593731833"/>
  <nd ref="13593731832"/>
  <nd ref="13593731831"/>
  <nd ref="13593731830"/>
  <nd ref="13593731829"/>
  <nd ref="13593731828"/>
  <nd ref="13593731827"/>
  <nd ref="13593731826"/>
  <nd ref="13593731825"/>
  <nd ref="13593731824"/>
  <nd ref="13593731823"/>
  <nd ref="13593731822"/>
  <nd ref="13593731821"/>
  <nd ref="13593731820"/>
  <nd ref="13593731819"/>
  <nd ref="13593731818"/>
  <nd ref="13593731817"/>
  <nd ref="13593731816"/>
  <nd ref="13593731815"/>
  <nd ref="13593731814"/>
  <nd ref="13593731813"/>
  <nd ref="13593731812"/>
  <nd ref="13593731811"/>
  <nd ref="13593731810"/>
  <nd ref="13593731809"/>
  <nd ref="13593731808"/>
  <nd ref="13593731807"/>
  <nd ref="13593731806"/>
  <nd ref="13593731805"/>
  <nd ref="13593731804"/>
  <nd ref="13593731803"/>
  <nd ref="13593731802"/>
  <nd ref="13593731801"/>
  <nd ref="13593731800"/>
  <nd ref="13593731799"/>
  <nd ref="13593731798"/>
  <nd ref="13593731797"/>
  <nd ref="13593731796"/>
  <nd ref="13593731795"/>
  <nd ref="13593731794"/>
  <nd ref="13593731793"/>
  <nd ref="13593731792"/>
  <nd ref="13593731791"/>
  <nd ref="13593731790"/>
  <nd ref="13593731789"/>
  <nd ref="13593731788"/>
  <nd ref="13593731787"/>
  <nd ref="13593731786"/>
  <nd ref="13593731785"/>
  <nd ref="13593731784"/>
  <nd ref="13593731783"/>
  <nd ref="13593731782"/>
  <nd ref="13593731781"/>
  <nd ref="13593731780"/>
  <nd ref="13593731779"/>
  <nd ref="13593731778"/>
  <nd ref="13593731777"/>
  <nd ref="13593731776"/>
  <nd ref="13593731775"/>
  <nd ref="13593731774"/>
  <nd ref="13593731773"/>
  <nd ref="13593731772"/>
  <nd ref="13593731771"/>
  <nd ref="13593731770"/>
  <nd ref="13593731769"/>
  <nd ref="13593731768"/>
  <nd ref="13593731767"/>
  <nd ref="13593731766"/>
  <nd ref="13593731765"/>
  <nd ref="13593731764"/>
  <nd ref="13593731763"/>
  <nd ref="13593731762"/>
  <nd ref="13593731761"/>
  <nd ref="13593731760"/>
  <nd ref="13593731759"/>
  <nd ref="13593731758"/>
  <nd ref="13593731757"/>
  <nd ref="13593731756"/>
  <nd ref="13593731755"/>
  <nd ref="13593731754"/>
  <nd ref="13593731753"/>
  <nd ref="13593731752"/>
  <nd ref="13593731751"/>
  <nd ref="13593731750"/>
  <nd ref="13593731749"/>
  <nd ref="13593731748"/>
  <nd ref="13593731747"/>
  <nd ref="13593731746"/>
  <nd ref="13593731745"/>
  <nd ref="13593731744"/>
  <nd ref="13593731743"/>
  <nd ref="13593731742"/>
  <nd ref="13593731741"/>
  <nd ref="13593731740"/>
  <nd ref="13593731739"/>
  <nd ref="13593731738"/>
  <nd ref="13593731737"/>
  <nd ref="13593731736"/>
  <nd ref="13593731735"/>
  <nd ref="13593731734"/>
  <nd ref="13593731733"/>
  <nd ref="13593731732"/>
  <nd ref="13593731731"/>
  <nd ref="13593731730"/>
  <nd ref="13593731729"/>
  <nd ref="13593731728"/>
  <nd ref="13593731727"/>
  <nd ref="13593731726"/>
  <nd ref="13593731725"/>
  <nd ref="13593731724"/>
  <nd ref="13593731723"/>
  <nd ref="13593731722"/>
  <nd ref="13593731721"/>
  <nd ref="13593731720"/>
  <nd ref="13593731719"/>
  <nd ref="13593731718"/>
  <nd ref="13593731717"/>
  <nd ref="13593731716"/>
  <nd ref="13593731715"/>
  <nd ref="13593731714"/>
  <nd ref="13593731713"/>
  <nd ref="13593731712"/>
  <nd ref="13593731711"/>
  <nd ref="13593731710"/>
  <nd ref="13593731709"/>
  <nd ref="13593731708"/>
  <nd ref="13593731707"/>
  <nd ref="13593731706"/>
  <nd ref="13593731705"/>
  <nd ref="13593731704"/>
  <nd ref="13593731703"/>
  <nd ref="13593731702"/>
  <nd ref="13593731701"/>
  <nd ref="13593731700"/>
  <nd ref="13593731699"/>
  <nd ref="13593731698"/>
  <nd ref="13593731697"/>
  <nd ref="13593731696"/>
  <nd ref="13593731695"/>
  <nd ref="13593731694"/>
  <nd ref="13593731693"/>
  <nd ref="13593731692"/>
  <nd ref="13593731691"/>
  <nd ref="13593731690"/>
  <nd ref="13593731689"/>
  <nd ref="13593731688"/>
  <nd ref="13593731687"/>
  <nd ref="13593731686"/>
  <nd ref="13593731685"/>
  <nd ref="13593731684"/>
  <nd ref="13593731683"/>
  <nd ref="13593731682"/>
  <nd ref="13593731681"/>
  <nd ref="13593731680"/>
  <nd ref="13593731679"/>
  <nd ref="13593731678"/>
  <nd ref="13593731677"/>
  <nd ref="13593731676"/>
  <nd ref="13593731675"/>
  <nd ref="13593731674"/>
  <nd ref="13593731673"/>
  <nd ref="13593731672"/>
  <nd ref="13593731671"/>
  <nd ref="13593731670"/>
  <nd ref="13593731669"/>
  <nd ref="13593731668"/>
  <nd ref="13593731667"/>
  <nd ref="13593731666"/>
  <nd ref="13593731665"/>
  <nd ref="13593731664"/>
  <nd ref="13593731663"/>
  <nd ref="13593731662"/>
  <nd ref="13593731661"/>
  <nd ref="13593731660"/>
  <nd ref="13593731659"/>
  <nd ref="13593731658"/>
  <nd ref="13593731657"/>
  <nd ref="13593731656"/>
  <nd ref="13593731655"/>
  <nd ref="13593731654"/>
  <nd ref="13593731653"/>
  <nd ref="13593731652"/>
  <nd ref="13593731651"/>
  <nd ref="13593731650"/>
  <nd ref="13593731649"/>
  <nd ref="13593731648"/>
  <nd ref="13593731647"/>
  <nd ref="13593731646"/>
  <nd ref="13593731645"/>
  <nd ref="13593731644"/>
  <nd ref="13593731643"/>
  <nd ref="13593731642"/>
  <nd ref="13593731641"/>
  <nd ref="13593731640"/>
  <nd ref="13593731639"/>
  <nd ref="13593731638"/>
  <nd ref="13593731637"/>
  <nd ref="13593731636"/>
  <nd ref="13593731635"/>
  <nd ref="13593731634"/>
  <nd ref="13593731633"/>
  <nd ref="13593731632"/>
  <nd ref="13593731631"/>
  <nd ref="13593731630"/>
  <nd ref="13593731629"/>
  <nd ref="13593731628"/>
  <nd ref="13593731627"/>
  <nd ref="13593731626"/>
  <nd ref="13593731625"/>
  <nd ref="13593731624"/>
  <nd ref="13593731623"/>
  <nd ref="13593731622"/>
  <nd ref="13593731621"/>
  <nd ref="13593731620"/>
  <nd ref="13593731619"/>
  <nd ref="13593731618"/>
  <nd ref="13593731617"/>
  <nd ref="13593731616"/>
  <nd ref="13593731615"/>
  <nd ref="13593731614"/>
  <nd ref="13593731613"/>
  <nd ref="13593731612"/>
  <nd ref="13593731611"/>
  <nd ref="13593731610"/>
  <nd ref="13593731609"/>
  <nd ref="13593731608"/>
  <nd ref="13593731607"/>
  <nd ref="13593731606"/>
  <nd ref="13593731605"/>
  <nd ref="13593731604"/>
  <nd ref="13593731603"/>
  <nd ref="13593731602"/>
  <nd ref="13593731601"/>
  <nd ref="13593731600"/>
  <nd ref="13593731599"/>
  <nd ref="13593731598"/>
  <nd ref="13593731597"/>
  <nd ref="13593731596"/>
  <nd ref="13593731595"/>
  <nd ref="13593731594"/>
  <nd ref="13593731593"/>
  <nd ref="13593731592"/>
  <nd ref="13593731591"/>
  <nd ref="13593731590"/>
  <nd ref="13593731589"/>
  <nd ref="13593731588"/>
  <nd ref="13593731587"/>
  <nd ref="13593731586"/>
  <nd ref="13593731585"/>
  <nd ref="13593731584"/>
  <nd ref="13593731583"/>
  <nd ref="13593731582"/>
  <nd ref="13593731581"/>
  <nd ref="13593731580"/>
  <nd ref="13593731579"/>
  <nd ref="13593731578"/>
  <nd ref="13593731577"/>
  <nd ref="13593731576"/>
  <nd ref="13593731575"/>
  <nd ref="13593731574"/>
  <nd ref="13593731573"/>
  <nd ref="13593731572"/>
  <nd ref="13593731571"/>
  <nd ref="13593731570"/>
  <nd ref="13593731569"/>
  <nd ref="13593731568"/>
  <nd ref="13593731567"/>
  <nd ref="13593731566"/>
  <nd ref="13593731565"/>
  <nd ref="13593731564"/>
  <nd ref="13593731563"/>
  <nd ref="13593731562"/>
  <nd ref="13593731561"/>
  <nd ref="13593678591"/>
 </way>
 <way id="1482320403" visible="true" version="1" changeset="178959821" timestamp="2026-02-23T20:05:00Z" user="Ropino" uid="42123">
  <nd ref="13593678591"/>
  <nd ref="13593678590"/>
  <nd ref="13593678589"/>
  <nd ref="13593678588"/>
  <nd ref="13593678587"/>
  <nd ref="13593678586"/>
  <nd ref="13593678585"/>
  <nd ref="13593678584"/>
  <nd ref="13593678583"/>
  <nd ref="13593678582"/>
  <nd ref="13593678581"/>
  <nd ref="13593678580"/>
  <nd ref="13593678579"/>
  <nd ref="13593678578"/>
  <nd ref="13593678577"/>
  <nd ref="13593678576"/>
  <nd ref="13593678575"/>
  <nd ref="13593678574"/>
  <nd ref="13593678573"/>
  <nd ref="13593678572"/>
  <nd ref="13593678571"/>
  <nd ref="13593678570"/>
  <nd ref="13593678569"/>
  <nd ref="13593678568"/>
  <nd ref="13593678567"/>
  <nd ref="13593678566"/>
  <nd ref="13593678565"/>
  <nd ref="13593678564"/>
  <nd ref="13593732293"/>
  <nd ref="13593732292"/>
  <nd ref="13593732291"/>
  <nd ref="13593732290"/>
  <nd ref="13593732289"/>
  <nd ref="13593732288"/>
  <nd ref="13593732287"/>
  <nd ref="13593732286"/>
  <nd ref="13593732285"/>
  <nd ref="13593732284"/>
  <nd ref="13593732283"/>
  <nd ref="13593732282"/>
  <nd ref="13593732281"/>
  <nd ref="13593732280"/>
  <nd ref="13593732279"/>
  <nd ref="13593732278"/>
  <nd ref="13593732277"/>
  <nd ref="13593732276"/>
  <nd ref="13593732275"/>
  <nd ref="13593732274"/>
  <nd ref="13593732273"/>
  <nd ref="13593732272"/>
  <nd ref="13593732271"/>
  <nd ref="13593732270"/>
  <nd ref="13593732269"/>
  <nd ref="13593732268"/>
  <nd ref="13593732267"/>
  <nd ref="13593732266"/>
  <nd ref="13593732265"/>
  <nd ref="13593732264"/>
  <nd ref="13593732263"/>
  <nd ref="13593733956"/>
 </way>
 <way id="1482320404" visible="true" version="1" changeset="178959821" timestamp="2026-02-23T20:05:00Z" user="Ropino" uid="42123">
  <nd ref="13593732442"/>
  <nd ref="13593732262"/>
  <nd ref="13593732261"/>
  <nd ref="13593732260"/>
  <nd ref="13593732259"/>
  <nd ref="13593732258"/>
  <nd ref="13593732257"/>
  <nd ref="13593732256"/>
  <nd ref="13593732255"/>
  <nd ref="13593732254"/>
  <nd ref="13593732253"/>
  <nd ref="13593732252"/>
  <nd ref="13593732251"/>
  <nd ref="13593732250"/>
  <nd ref="13593732249"/>
  <nd ref="13593732248"/>
  <nd ref="13593732247"/>
  <nd ref="13593732246"/>
  <nd ref="13593732245"/>
  <nd ref="13593732244"/>
  <nd ref="13593732243"/>
  <nd ref="13593732242"/>
  <nd ref="13593732241"/>
  <nd ref="13593732240"/>
  <nd ref="13593732239"/>
  <nd ref="13593732238"/>
  <nd ref="13593732237"/>
  <nd ref="13593732236"/>
  <nd ref="13593732235"/>
  <nd ref="13593732234"/>
  <nd ref="13593732233"/>
  <nd ref="13593732232"/>
  <nd ref="13593732231"/>
  <nd ref="13593732230"/>
  <nd ref="13593732229"/>
  <nd ref="13593732228"/>
  <nd ref="13593732227"/>
  <nd ref="13593732226"/>
  <nd ref="13593732225"/>
  <nd ref="13593732224"/>
  <nd ref="13593732223"/>
  <nd ref="13593732222"/>
  <nd ref="13593732221"/>
  <nd ref="13593732220"/>
  <nd ref="13593678599"/>
  <nd ref="13593678598"/>
  <nd ref="13593678597"/>
  <nd ref="13593678596"/>
  <nd ref="13593678595"/>
  <nd ref="13593678594"/>
  <nd ref="13593678593"/>
  <nd ref="13593678592"/>
  <nd ref="13593678591"/>
 </way>
 <relation id="31408" visible="true" version="185" changeset="179759591" timestamp="2026-03-12T13:56:34Z" user="geozeisig" uid="66391">
  <member type="way" ref="26945967" role=""/>
  <member type="way" ref="447609960" role=""/>
  <member type="way" ref="39654187" role=""/>
  <member type="way" ref="447609955" role=""/>
  <member type="way" ref="39654185" role=""/>
  <member type="way" ref="180261207" role=""/>
  <member type="way" ref="85226388" role=""/>
  <member type="way" ref="39654184" role=""/>
  <member type="way" ref="25678723" role=""/>
  <member type="way" ref="25678812" role=""/>
  <member type="way" ref="25678814" role=""/>
  <member type="way" ref="25678810" role=""/>
  <member type="way" ref="25678809" role=""/>
  <member type="way" ref="25678816" role=""/>
  <member type="way" ref="700000071" role=""/>
  <member type="way" ref="25678830" role=""/>
  <member type="way" ref="25582576" role=""/>
  <member type="way" ref="151945898" role=""/>
  <member type="way" ref="1091551090" role=""/>
  <member type="way" ref="633687350" role=""/>
  <member type="way" ref="25122704" role=""/>
  <member type="way" ref="34356964" role=""/>
  <member type="way" ref="259847085" role=""/>
  <member type="way" ref="4389808" role=""/>
  <member type="way" ref="9702887" role=""/>
  <member type="way" ref="434474498" role=""/>
  <member type="way" ref="27640208" role=""/>
  <member type="way" ref="34650401" role=""/>
  <member type="way" ref="34650402" role=""/>
  <member type="way" ref="27641758" role=""/>
  <member type="way" ref="1092435194" role=""/>
  <member type="way" ref="434722311" role=""/>
  <member type="way" ref="436169608" role=""/>
  <member type="way" ref="25463472" role=""/>
  <member type="way" ref="26740179" role=""/>
  <member type="way" ref="232358308" role=""/>
  <member type="way" ref="353174993" role=""/>
  <member type="way" ref="693723553" role=""/>
  <member type="way" ref="375212787" role=""/>
  <member type="way" ref="138024997" role=""/>
  <member type="way" ref="138024998" role=""/>
  <member type="way" ref="25153294" role=""/>
  <member type="way" ref="26845529" role=""/>
  <member type="way" ref="23026203" role=""/>
  <member type="way" ref="23026207" role=""/>
  <member type="way" ref="138024996" role=""/>
  <member type="way" ref="31053337" role=""/>
  <member type="way" ref="138024995" role=""/>
  <member type="way" ref="30443399" role=""/>
  <member type="way" ref="168619121" role=""/>
  <member type="way" ref="22883295" role=""/>
  <member type="way" ref="5011139" role=""/>
  <member type="way" ref="26845531" role=""/>
  <member type="way" ref="22788479" role=""/>
  <member type="way" ref="1487254591" role=""/>
  <member type="way" ref="245393978" role=""/>
  <member type="way" ref="23063366" role=""/>
  <member type="way" ref="34360472" role=""/>
  <member type="way" ref="163967564" role=""/>
  <member type="way" ref="22813671" role=""/>
  <member type="way" ref="490612118" role=""/>
  <member type="way" ref="28222292" role=""/>
  <member type="way" ref="26846043" role=""/>
  <member type="way" ref="435065322" role=""/>
  <member type="way" ref="435065321" role=""/>
  <member type="way" ref="22788471" role=""/>
  <member type="way" ref="139188432" role=""/>
  <member type="way" ref="139188433" role=""/>
  <member type="way" ref="25400253" role=""/>
  <member type="way" ref="26846040" role=""/>
  <member type="way" ref="28311764" role=""/>
  <member type="way" ref="25153861" role=""/>
  <member type="way" ref="26846036" role=""/>
  <member type="way" ref="61484906" role=""/>
  <member type="way" ref="1366004598" role=""/>
  <member type="way" ref="26096006" role=""/>
  <member type="way" ref="132960121" role=""/>
  <member type="way" ref="1366004599" role=""/>
  <member type="way" ref="1366004658" role=""/>
  <member type="way" ref="26577074" role=""/>
  <member type="way" ref="26577075" role=""/>
  <member type="way" ref="26577076" role=""/>
  <member type="way" ref="26576986" role=""/>
  <member type="way" ref="26576985" role=""/>
  <member type="way" ref="28569565" role=""/>
  <member type="way" ref="25153862" role=""/>
  <member type="way" ref="372561998" role=""/>
  <member type="way" ref="452950462" role=""/>
  <member type="way" ref="24347398" role=""/>
  <member type="way" ref="452950461" role=""/>
  <member type="way" ref="26576975" role=""/>
  <member type="way" ref="26576976" role=""/>
  <member type="way" ref="26576977" role=""/>
  <member type="way" ref="136939949" role=""/>
  <member type="way" ref="26576973" role=""/>
  <member type="way" ref="27624477" role=""/>
  <member type="way" ref="31063293" role=""/>
  <member type="way" ref="1481674519" role=""/>
  <member type="way" ref="136011199" role=""/>
  <member type="way" ref="445507457" role=""/>
  <member type="way" ref="445507456" role=""/>
  <member type="way" ref="27123114" role=""/>
  <member type="way" ref="445507458" role=""/>
  <member type="way" ref="700655001" role=""/>
  <member type="way" ref="27189914" role=""/>
  <member type="way" ref="445507459" role=""/>
  <member type="way" ref="130458815" role=""/>
  <member type="way" ref="27189916" role=""/>
  <member type="way" ref="445530403" role=""/>
  <member type="way" ref="817568131" role=""/>
  <member type="way" ref="357599452" role=""/>
  <member type="way" ref="445530402" role=""/>
  <member type="way" ref="136011195" role=""/>
  <member type="way" ref="372569530" role=""/>
  <member type="way" ref="136010806" role=""/>
  <member type="way" ref="151945869" role=""/>
  <member type="way" ref="27122766" role=""/>
  <member type="way" ref="357599454" role=""/>
  <member type="way" ref="27122768" role=""/>
  <member type="way" ref="27122946" role=""/>
  <member type="way" ref="27122770" role=""/>
  <member type="way" ref="27123567" role=""/>
  <member type="way" ref="27123566" role=""/>
  <member type="way" ref="30750400" role=""/>
  <member type="way" ref="30750401" role=""/>
  <member type="way" ref="27123551" role=""/>
  <member type="way" ref="27122911" role=""/>
  <member type="way" ref="27122909" role=""/>
  <member type="way" ref="27122908" role=""/>
  <member type="way" ref="27123550" role=""/>
  <member type="way" ref="69742324" role=""/>
  <member type="way" ref="28992908" role=""/>
  <member type="way" ref="28992909" role=""/>
  <member type="way" ref="31029345" role=""/>
  <member type="way" ref="443114484" role=""/>
  <member type="way" ref="443114483" role=""/>
  <member type="way" ref="4706803" role=""/>
  <member type="way" ref="357599453" role=""/>
  <member type="way" ref="30751362" role=""/>
  <member type="way" ref="30751361" role=""/>
  <member type="way" ref="1169813903" role=""/>
  <member type="way" ref="23560405" role=""/>
  <member type="way" ref="326027749" role=""/>
  <member type="way" ref="69741449" role=""/>
  <member type="way" ref="136941461" role=""/>
  <member type="way" ref="27123549" role=""/>
  <member type="way" ref="69741432" role=""/>
  <member type="way" ref="69741392" role=""/>
  <member type="way" ref="326027753" role=""/>
  <member type="way" ref="69741434" role=""/>
  <member type="way" ref="326138176" role=""/>
  <member type="way" ref="700658598" role=""/>
  <member type="way" ref="357360418" role=""/>
  <member type="way" ref="69741437" role=""/>
  <member type="way" ref="326138175" role=""/>
  <member type="way" ref="326164795" role=""/>
  <member type="way" ref="445461460" role=""/>
  <member type="way" ref="445461459" role=""/>
  <member type="way" ref="445461453" role=""/>
  <member type="way" ref="27122765" role=""/>
  <member type="way" ref="136005800" role=""/>
  <member type="way" ref="445457723" role=""/>
  <member type="way" ref="950174179" role=""/>
  <member type="way" ref="445457725" role=""/>
  <member type="way" ref="445457724" role=""/>
  <member type="way" ref="69744688" role=""/>
  <member type="way" ref="69744686" role=""/>
  <member type="way" ref="445464279" role=""/>
  <member type="way" ref="445458448" role=""/>
  <member type="way" ref="445457164" role=""/>
  <member type="way" ref="445461452" role=""/>
  <member type="way" ref="41725916" role=""/>
  <member type="way" ref="23009158" role=""/>
  <member type="way" ref="53018152" role=""/>
  <member type="way" ref="39023063" role=""/>
  <member type="way" ref="41725915" role=""/>
  <member type="way" ref="39023062" role=""/>
  <member type="way" ref="32066508" role=""/>
  <member type="way" ref="41725912" role=""/>
  <member type="way" ref="339432725" role=""/>
  <member type="way" ref="32066505" role=""/>
  <member type="way" ref="32065441" role=""/>
  <member type="way" ref="32065349" role=""/>
  <member type="way" ref="445461456" role=""/>
  <member type="way" ref="484272289" role=""/>
  <member type="way" ref="484272290" role=""/>
  <member type="way" ref="484272291" role=""/>
  <member type="way" ref="445457178" role=""/>
  <member type="way" ref="445457182" role=""/>
  <member type="way" ref="477756468" role=""/>
  <member type="way" ref="881748926" role=""/>
  <member type="way" ref="41725894" role=""/>
  <member type="way" ref="24974054" role=""/>
  <member type="way" ref="41725896" role=""/>
  <member type="way" ref="24747795" role=""/>
  <member type="way" ref="882549695" role=""/>
  <member type="way" ref="882549700" role=""/>
  <member type="way" ref="1419592050" role=""/>
  <member type="way" ref="882549698" role=""/>
  <member type="way" ref="670677474" role=""/>
  <member type="way" ref="670677519" role=""/>
  <member type="way" ref="240097942" role=""/>
  <member type="way" ref="41647675" role=""/>
  <member type="way" ref="670677518" role=""/>
  <member type="way" ref="33880340" role=""/>
  <member type="way" ref="718333130" role=""/>
  <member type="way" ref="309273227" role=""/>
  <member type="way" ref="309273228" role=""/>
  <member type="way" ref="555800995" role=""/>
  <member type="way" ref="8379721" role=""/>
  <member type="way" ref="4999197" role=""/>
  <member type="way" ref="1054408986" role=""/>
  <member type="way" ref="57727208" role=""/>
  <member type="way" ref="57727214" role=""/>
  <member type="way" ref="5006403" role=""/>
  <member type="way" ref="23014382" role=""/>
  <member type="way" ref="249220292" role=""/>
  <member type="way" ref="1393475233" role=""/>
  <member type="way" ref="31887726" role=""/>
  <member type="way" ref="933951040" role=""/>
  <member type="way" ref="22700923" role=""/>
  <member type="way" ref="340734628" role=""/>
  <member type="way" ref="19335523" role=""/>
  <member type="way" ref="933951046" role=""/>
  <member type="way" ref="1433748650" role=""/>
  <member type="way" ref="180256597" role=""/>
  <member type="way" ref="1007106219" role=""/>
  <member type="way" ref="249220297" role=""/>
  <member type="way" ref="33880338" role=""/>
  <member type="way" ref="249220300" role=""/>
  <member type="way" ref="921483821" role=""/>
  <member type="way" ref="35014528" role=""/>
  <member type="way" ref="607794149" role=""/>
  <member type="way" ref="154660632" role=""/>
  <member type="way" ref="606153729" role=""/>
  <member type="way" ref="154660629" role=""/>
  <member type="way" ref="606153728" role=""/>
  <member type="way" ref="154660630" role=""/>
  <member type="way" ref="233105659" role=""/>
  <member type="way" ref="30661991" role=""/>
  <member type="way" ref="28116639" role=""/>
  <member type="way" ref="902011144" role=""/>
  <member type="way" ref="45140503" role=""/>
  <member type="way" ref="193717733" role=""/>
  <member type="way" ref="902011150" role=""/>
  <member type="way" ref="902011149" role=""/>
  <member type="way" ref="8379480" role=""/>
  <member type="way" ref="25121419" role=""/>
  <tag k="length" v="61"/>
  <tag k="name" v="Este-Radweg"/>
  <tag k="network" v="rcn"/>
  <tag k="operator" v="Heimat- und Verkehrsverein Estetal e.V."/>
  <tag k="ref" v="E"/>
  <tag k="route" v="bicycle"/>
  <tag k="type" v="route"/>
  <tag k="website" v="http://www.este-radweg.de"/>
 </relation>
 <relation id="112670" visible="true" version="108" changeset="179554355" timestamp="2026-03-08T23:09:10Z" user="smarties" uid="45882">
  <member type="way" ref="1453758226" role=""/>
  <member type="way" ref="1453758223" role=""/>
  <member type="way" ref="152022299" role=""/>
  <member type="way" ref="406312099" role=""/>
  <member type="way" ref="151945874" role=""/>
  <member type="way" ref="151945875" role=""/>
  <member type="way" ref="1433724629" role=""/>
  <member type="way" ref="151945920" role=""/>
  <member type="way" ref="218574095" role=""/>
  <member type="way" ref="436481535" role=""/>
  <member type="way" ref="443109435" role=""/>
  <member type="way" ref="4702510" role=""/>
  <member type="way" ref="374867314" role=""/>
  <member type="way" ref="28311766" role=""/>
  <member type="way" ref="173506453" role=""/>
  <member type="way" ref="173119740" role=""/>
  <member type="way" ref="4702512" role=""/>
  <member type="way" ref="191743229" role=""/>
  <member type="way" ref="131123975" role=""/>
  <member type="way" ref="87172741" role=""/>
  <member type="way" ref="5011138" role=""/>
  <member type="way" ref="436479985" role=""/>
  <member type="way" ref="335509016" role=""/>
  <member type="way" ref="1344520175" role=""/>
  <member type="way" ref="1157692811" role=""/>
  <member type="way" ref="26673728" role=""/>
  <member type="way" ref="9702887" role=""/>
  <member type="way" ref="434474498" role=""/>
  <member type="way" ref="41725916" role=""/>
  <member type="way" ref="445461452" role=""/>
  <member type="way" ref="445457164" role=""/>
  <member type="way" ref="136006117" role=""/>
  <member type="way" ref="136006122" role=""/>
  <member type="way" ref="136006116" role=""/>
  <member type="way" ref="136006118" role=""/>
  <member type="way" ref="23026248" role=""/>
  <member type="way" ref="23034392" role=""/>
  <member type="way" ref="23034393" role=""/>
  <member type="way" ref="23038699" role=""/>
  <member type="way" ref="445458447" role=""/>
  <member type="way" ref="23217283" role=""/>
  <member type="way" ref="445461451" role=""/>
  <member type="way" ref="41339957" role=""/>
  <member type="way" ref="41339958" role=""/>
  <member type="way" ref="372572310" role=""/>
  <member type="way" ref="1486729817" role=""/>
  <member type="way" ref="445461450" role=""/>
  <member type="way" ref="136003188" role=""/>
  <member type="way" ref="26673732" role=""/>
  <member type="way" ref="26845531" role=""/>
  <member type="way" ref="26846038" role=""/>
  <member type="way" ref="26846040" role=""/>
  <member type="way" ref="434722272" role=""/>
  <member type="way" ref="26945965" role=""/>
  <member type="way" ref="434722270" role=""/>
  <member type="way" ref="27123538" role=""/>
  <member type="way" ref="444131113" role=""/>
  <member type="way" ref="52115775" role=""/>
  <member type="way" ref="45335162" role=""/>
  <member type="way" ref="45335164" role=""/>
  <member type="way" ref="173506457" role=""/>
  <member type="way" ref="27123540" role=""/>
  <member type="way" ref="443111150" role=""/>
  <member type="way" ref="52115778" role=""/>
  <member type="way" ref="443110328" role=""/>
  <member type="way" ref="27640208" role=""/>
  <member type="way" ref="27641646" role=""/>
  <member type="way" ref="232350982" role=""/>
  <member type="way" ref="375215403" role=""/>
  <member type="way" ref="375532661" role=""/>
  <member type="way" ref="27641647" role=""/>
  <member type="way" ref="434722313" role=""/>
  <member type="way" ref="434722311" role=""/>
  <member type="way" ref="27641758" role=""/>
  <member type="way" ref="1092435194" role=""/>
  <member type="way" ref="28310870" role=""/>
  <member type="way" ref="28311764" role=""/>
  <member type="way" ref="30752421" role=""/>
  <member type="way" ref="442124007" role=""/>
  <member type="way" ref="131123976" role=""/>
  <member type="way" ref="442124248" role=""/>
  <member type="way" ref="443111483" role=""/>
  <member type="way" ref="315995852" role=""/>
  <member type="way" ref="443111484" role=""/>
  <member type="way" ref="23189241" role=""/>
  <member type="way" ref="443111481" role=""/>
  <member type="way" ref="27123029" role=""/>
  <member type="way" ref="136003189" role=""/>
  <member type="way" ref="23189232" role=""/>
  <member type="way" ref="443113276" role=""/>
  <member type="way" ref="31028016" role=""/>
  <member type="way" ref="31028022" role=""/>
  <member type="way" ref="443113316" role=""/>
  <member type="way" ref="356943199" role=""/>
  <member type="way" ref="953739342" role=""/>
  <member type="way" ref="69742328" role=""/>
  <member type="way" ref="30752413" role=""/>
  <member type="way" ref="136002517" role=""/>
  <member type="way" ref="445461930" role=""/>
  <member type="way" ref="445461931" role=""/>
  <member type="way" ref="136002518" role=""/>
  <member type="way" ref="30749537" role=""/>
  <member type="way" ref="372565105" role=""/>
  <member type="way" ref="152022298" role=""/>
  <member type="way" ref="269169675" role=""/>
  <member type="way" ref="30962365" role=""/>
  <member type="way" ref="1265763720" role=""/>
  <member type="way" ref="45332133" role=""/>
  <member type="way" ref="30962366" role=""/>
  <member type="way" ref="66376674" role=""/>
  <member type="way" ref="66376673" role=""/>
  <member type="way" ref="40985968" role=""/>
  <member type="way" ref="173516788" role=""/>
  <member type="way" ref="443111151" role=""/>
  <member type="way" ref="173516789" role=""/>
  <member type="way" ref="985565772" role=""/>
  <member type="way" ref="194453980" role=""/>
  <member type="way" ref="194453982" role=""/>
  <member type="way" ref="123984089" role=""/>
  <member type="way" ref="123984090" role=""/>
  <member type="way" ref="194466639" role=""/>
  <member type="way" ref="131123973" role=""/>
  <member type="way" ref="191743230" role=""/>
  <member type="way" ref="45271605" role=""/>
  <member type="way" ref="120444807" role=""/>
  <member type="way" ref="445460679" role=""/>
  <member type="way" ref="255971057" role=""/>
  <member type="way" ref="52037041" role=""/>
  <member type="way" ref="39389822" role=""/>
  <member type="way" ref="41725910" role=""/>
  <member type="way" ref="39389823" role=""/>
  <member type="way" ref="664905076" role=""/>
  <member type="way" ref="136015745" role=""/>
  <member type="way" ref="136015746" role=""/>
  <member type="way" ref="250366699" role=""/>
  <member type="way" ref="268553287" role=""/>
  <member type="way" ref="339432723" role=""/>
  <member type="way" ref="406312094" role=""/>
  <member type="way" ref="339432724" role=""/>
  <member type="way" ref="34356962" role=""/>
  <member type="way" ref="335509012" role=""/>
  <member type="way" ref="434722271" role=""/>
  <member type="way" ref="34360469" role=""/>
  <member type="way" ref="34650401" role=""/>
  <member type="way" ref="34650402" role=""/>
  <tag k="network" v="Landesstraßen Niedersachsen"/>
  <tag k="operator" v="Land Niedersachsen"/>
  <tag k="ref" v="L 141"/>
  <tag k="route" v="road"/>
  <tag k="TMC:cid_58:tabcd_1:Class" v="Road"/>
  <tag k="TMC:cid_58:tabcd_1:LCLversion" v="8.00"/>
  <tag k="TMC:cid_58:tabcd_1:LocationCode" v="38637"/>
  <tag k="type" v="route"/>
 </relation>
 <relation id="125874" visible="true" version="7" changeset="30898421" timestamp="2015-05-08T09:46:22Z" user="Omegatherion" uid="75582">
  <member type="way" ref="34047393" role="outer"/>
  <member type="way" ref="29503583" role="inner"/>
  <member type="way" ref="39023045" role="inner"/>
  <member type="way" ref="203156026" role="inner"/>
  <member type="way" ref="25698179" role="inner"/>
  <member type="way" ref="25698173" role="inner"/>
  <member type="way" ref="25698182" role="inner"/>
  <member type="way" ref="203153938" role="inner"/>
  <member type="way" ref="343666451" role="inner"/>
  <tag k="landuse" v="forest"/>
  <tag k="type" v="multipolygon"/>
 </relation>
 <relation id="271079" visible="true" version="49" changeset="164245564" timestamp="2025-03-29T11:35:46Z" user="smarties" uid="45882">
  <member type="way" ref="1343978911" role=""/>
  <member type="way" ref="224771562" role=""/>
  <member type="way" ref="224772580" role=""/>
  <member type="way" ref="224772583" role=""/>
  <member type="way" ref="224772579" role=""/>
  <member type="way" ref="224772575" role=""/>
  <member type="way" ref="224772581" role=""/>
  <member type="way" ref="224772576" role=""/>
  <member type="way" ref="224772577" role=""/>
  <member type="way" ref="224772582" role=""/>
  <member type="way" ref="224772578" role=""/>
  <member type="way" ref="224772584" role=""/>
  <member type="way" ref="224774881" role=""/>
  <member type="way" ref="39350731" role="main_stream"/>
  <member type="way" ref="39350732" role="main_stream"/>
  <member type="way" ref="35085446" role="main_stream"/>
  <member type="way" ref="235300992" role="main_stream"/>
  <member type="way" ref="235300993" role="main_stream"/>
  <member type="way" ref="26577077" role="main_stream"/>
  <member type="way" ref="39383598" role="main_stream"/>
  <member type="way" ref="31860515" role="main_stream"/>
  <member type="way" ref="31860522" role="main_stream"/>
  <member type="way" ref="28992740" role="main_stream"/>
  <member type="way" ref="42870156" role="main_stream"/>
  <member type="way" ref="42869327" role="main_stream"/>
  <member type="way" ref="69741440" role="main_stream"/>
  <member type="way" ref="42872276" role="main_stream"/>
  <member type="way" ref="1343982347" role="main_stream"/>
  <member type="way" ref="1343982350" role="main_stream"/>
  <member type="way" ref="1343982351" role="main_stream"/>
  <member type="way" ref="4319865" role="main_stream"/>
  <member type="way" ref="279985947" role="main_stream"/>
  <member type="way" ref="1344035833" role="main_stream"/>
  <member type="way" ref="280577437" role="main_stream"/>
  <member type="way" ref="279985946" role="main_stream"/>
  <member type="way" ref="1211686729" role="main_stream"/>
  <member type="way" ref="280577433" role="main_stream"/>
  <member type="way" ref="1211686728" role="main_stream"/>
  <member type="way" ref="4267232" role=""/>
  <member type="way" ref="31860519" role="side_stream"/>
  <tag k="destination" v="Elbe"/>
  <tag k="image" v="https://commons.wikimedia.org/wiki/File:Este_bei_Kakenstorf.jpg"/>
  <tag k="name" v="Este"/>
  <tag k="ref:fgkz" v="5958"/>
  <tag k="type" v="waterway"/>
  <tag k="waterway" v="river"/>
  <tag k="wikidata" v="Q430677"/>
  <tag k="wikipedia" v="de:Este (Fluss)"/>
 </relation>
 <relation id="1099892" visible="true" version="57" changeset="169928564" timestamp="2025-08-03T23:19:35Z" user="Hb-" uid="162827">
  <member type="way" ref="26577560" role=""/>
  <member type="way" ref="28992220" role=""/>
  <member type="way" ref="28992219" role=""/>
  <member type="way" ref="28991790" role=""/>
  <member type="way" ref="28991789" role=""/>
  <member type="way" ref="29096871" role=""/>
  <member type="way" ref="69576317" role=""/>
  <member type="way" ref="191740776" role=""/>
  <member type="way" ref="166805305" role=""/>
  <member type="way" ref="166805304" role=""/>
  <member type="way" ref="30774822" role=""/>
  <member type="way" ref="191740786" role=""/>
  <member type="way" ref="191740781" role=""/>
  <member type="way" ref="54278001" role=""/>
  <member type="way" ref="131123944" role=""/>
  <member type="way" ref="28992912" role=""/>
  <member type="way" ref="28992911" role=""/>
  <member type="way" ref="191740779" role=""/>
  <member type="way" ref="33095321" role=""/>
  <member type="way" ref="131140619" role=""/>
  <member type="way" ref="131140618" role=""/>
  <member type="way" ref="131123942" role=""/>
  <member type="way" ref="131123959" role=""/>
  <member type="way" ref="131123962" role=""/>
  <member type="way" ref="279160484" role=""/>
  <member type="way" ref="289812124" role=""/>
  <member type="way" ref="30750060" role=""/>
  <member type="way" ref="131123940" role=""/>
  <member type="way" ref="30774612" role=""/>
  <member type="way" ref="255971056" role=""/>
  <member type="way" ref="326025665" role=""/>
  <member type="way" ref="27124227" role=""/>
  <member type="way" ref="27123552" role=""/>
  <member type="way" ref="27123551" role=""/>
  <member type="way" ref="27122911" role=""/>
  <member type="way" ref="27122909" role=""/>
  <member type="way" ref="27122908" role=""/>
  <member type="way" ref="27123550" role=""/>
  <member type="way" ref="30751560" role=""/>
  <member type="way" ref="69742328" role=""/>
  <member type="way" ref="30750993" role=""/>
  <member type="way" ref="69741409" role=""/>
  <member type="way" ref="69745929" role=""/>
  <member type="way" ref="69745928" role=""/>
  <member type="way" ref="69741439" role=""/>
  <member type="way" ref="69741438" role=""/>
  <member type="way" ref="69741413" role=""/>
  <member type="way" ref="69741397" role=""/>
  <member type="way" ref="69741415" role=""/>
  <member type="way" ref="69741425" role=""/>
  <member type="way" ref="69745012" role=""/>
  <member type="way" ref="69741453" role=""/>
  <member type="way" ref="69741385" role=""/>
  <member type="way" ref="69741450" role=""/>
  <member type="way" ref="289812652" role=""/>
  <member type="way" ref="136003833" role=""/>
  <member type="way" ref="250366693" role=""/>
  <member type="way" ref="250366691" role=""/>
  <member type="way" ref="250366694" role=""/>
  <member type="way" ref="155513164" role=""/>
  <member type="way" ref="69741376" role=""/>
  <member type="way" ref="69741447" role=""/>
  <member type="way" ref="69741402" role=""/>
  <member type="way" ref="69741417" role=""/>
  <member type="way" ref="69741389" role=""/>
  <member type="way" ref="144977367" role=""/>
  <member type="way" ref="69741442" role=""/>
  <member type="way" ref="69741455" role=""/>
  <member type="way" ref="69741443" role=""/>
  <member type="way" ref="69741390" role=""/>
  <member type="way" ref="1094961464" role=""/>
  <member type="way" ref="53018165" role=""/>
  <member type="way" ref="1344030432" role=""/>
  <member type="way" ref="41339958" role=""/>
  <member type="way" ref="41339957" role=""/>
  <member type="way" ref="445461451" role=""/>
  <member type="way" ref="23217283" role=""/>
  <member type="way" ref="445458447" role=""/>
  <member type="way" ref="445457164" role=""/>
  <member type="way" ref="445461452" role=""/>
  <member type="way" ref="41725916" role=""/>
  <member type="way" ref="23009158" role=""/>
  <member type="way" ref="53018152" role=""/>
  <member type="way" ref="39023063" role=""/>
  <member type="way" ref="41725915" role=""/>
  <member type="way" ref="136014727" role=""/>
  <member type="way" ref="39221274" role=""/>
  <member type="way" ref="136014719" role=""/>
  <member type="way" ref="39221046" role=""/>
  <member type="way" ref="53269068" role=""/>
  <member type="way" ref="136014732" role=""/>
  <member type="way" ref="39221061" role=""/>
  <member type="way" ref="136012278" role=""/>
  <member type="way" ref="136012275" role=""/>
  <member type="way" ref="136014708" role=""/>
  <member type="way" ref="136012277" role=""/>
  <member type="way" ref="27080737" role=""/>
  <member type="way" ref="27080738" role=""/>
  <member type="way" ref="29466501" role=""/>
  <member type="way" ref="1231365128" role=""/>
  <member type="way" ref="39221276" role=""/>
  <member type="way" ref="268553369" role=""/>
  <member type="way" ref="27080739" role=""/>
  <member type="way" ref="29503584" role=""/>
  <member type="way" ref="1231365130" role=""/>
  <member type="way" ref="289813700" role=""/>
  <member type="way" ref="1231365131" role=""/>
  <member type="way" ref="1231365132" role=""/>
  <member type="way" ref="29503582" role=""/>
  <member type="way" ref="1231365134" role=""/>
  <member type="way" ref="1231365133" role=""/>
  <member type="way" ref="1231365135" role=""/>
  <member type="way" ref="354643628" role=""/>
  <member type="way" ref="1231365136" role=""/>
  <member type="way" ref="919931799" role=""/>
  <member type="way" ref="921704882" role=""/>
  <member type="way" ref="1231365137" role=""/>
  <member type="way" ref="45271623" role=""/>
  <member type="way" ref="235594416" role=""/>
  <member type="way" ref="264057497" role=""/>
  <member type="way" ref="234035836" role=""/>
  <member type="way" ref="234035838" role=""/>
  <member type="way" ref="236290893" role=""/>
  <member type="way" ref="1328592176" role=""/>
  <member type="way" ref="235594521" role=""/>
  <member type="way" ref="41725899" role=""/>
  <member type="way" ref="25327897" role=""/>
  <member type="way" ref="25677798" role=""/>
  <member type="way" ref="41725895" role=""/>
  <member type="way" ref="24974054" role=""/>
  <member type="way" ref="41725896" role=""/>
  <member type="way" ref="24747795" role=""/>
  <member type="way" ref="882549695" role=""/>
  <member type="way" ref="882549700" role=""/>
  <member type="way" ref="803329534" role=""/>
  <member type="way" ref="803329535" role=""/>
  <member type="way" ref="803329533" role=""/>
  <member type="way" ref="475940502" role=""/>
  <member type="way" ref="341021481" role=""/>
  <member type="way" ref="341021476" role=""/>
  <member type="way" ref="341021482" role=""/>
  <tag k="description" v="Bötersheim - Hollenstedt - Moisburg - Heimbruch"/>
  <tag k="fixme" v="sort in correct order"/>
  <tag k="length" v="27"/>
  <tag k="name" v="Este-Wanderweg"/>
  <tag k="network" v="rwn"/>
  <tag k="operator" v="Heimat- und Verkehrsverein Estetal e.V."/>
  <tag k="osmc:symbol" v="yellow:white:yellow_pointer:E:black"/>
  <tag k="ref" v="E"/>
  <tag k="route" v="hiking"/>
  <tag k="source" v="https://heimat-und-geschichtsverein-buxtehude.de/wp-content/uploads/2021/04/Estewanderweg.pdf"/>
  <tag k="symbol" v="schwarzes E in gelbem Pfeil auf weissem Grund"/>
  <tag k="type" v="route"/>
  <tag k="website" v="http://www.hvv-estetal.de"/>
  <tag k="wiki:symbol" v="Gelber_pfeil.jpg"/>
 </relation>
 <relation id="2726294" visible="true" version="1" changeset="14812524" timestamp="2013-01-27T19:26:43Z" user="sundew" uid="617520">
  <member type="way" ref="203153939" role="outer"/>
  <member type="way" ref="203153938" role="inner"/>
  <tag k="natural" v="wetland"/>
  <tag k="type" v="multipolygon"/>
  <tag k="wetland" v="swamp"/>
 </relation>
 <relation id="2929255" visible="true" version="46" changeset="134409877" timestamp="2023-04-02T11:29:14Z" user="DCA" uid="75107">
  <member type="node" ref="2677882848" role="stop"/>
  <member type="node" ref="2492618134" role="platform"/>
  <member type="node" ref="2305717516" role="stop"/>
  <member type="node" ref="2470318825" role="platform"/>
  <member type="node" ref="2305717697" role="stop"/>
  <member type="node" ref="2470318845" role="platform"/>
  <member type="node" ref="2305717515" role="stop"/>
  <member type="node" ref="2470319010" role="platform"/>
  <member type="node" ref="2305717514" role="stop"/>
  <member type="node" ref="2658281071" role="platform"/>
  <member type="node" ref="25607234" role="stop"/>
  <member type="node" ref="2470321534" role="platform"/>
  <member type="node" ref="2501143896" role="stop"/>
  <member type="node" ref="2501143895" role="platform"/>
  <member type="node" ref="2501143879" role="stop"/>
  <member type="node" ref="2501143880" role="platform"/>
  <member type="node" ref="2501143806" role="stop"/>
  <member type="node" ref="2501143809" role="platform"/>
  <member type="node" ref="2443319476" role="stop"/>
  <member type="node" ref="2443319483" role="platform"/>
  <member type="node" ref="1427978780" role="stop"/>
  <member type="node" ref="1427983591" role="platform"/>
  <member type="way" ref="648222077" role=""/>
  <member type="way" ref="24455273" role=""/>
  <member type="way" ref="260359576" role=""/>
  <member type="way" ref="238776550" role=""/>
  <member type="way" ref="260359574" role=""/>
  <member type="way" ref="264057494" role=""/>
  <member type="way" ref="264057495" role=""/>
  <member type="way" ref="678850770" role=""/>
  <member type="way" ref="31887987" role=""/>
  <member type="way" ref="4999425" role=""/>
  <member type="way" ref="260359577" role=""/>
  <member type="way" ref="22791265" role=""/>
  <member type="way" ref="120390166" role=""/>
  <member type="way" ref="441485917" role=""/>
  <member type="way" ref="120390167" role=""/>
  <member type="way" ref="445460678" role=""/>
  <member type="way" ref="445460676" role=""/>
  <member type="way" ref="45271688" role=""/>
  <member type="way" ref="242655365" role=""/>
  <member type="way" ref="45271605" role=""/>
  <member type="way" ref="241978111" role=""/>
  <member type="way" ref="241978110" role=""/>
  <member type="way" ref="4999405" role=""/>
  <member type="way" ref="25807844" role=""/>
  <member type="way" ref="25807845" role=""/>
  <member type="way" ref="445457165" role=""/>
  <member type="way" ref="445460679" role=""/>
  <member type="way" ref="120444807" role=""/>
  <member type="way" ref="45271605" role=""/>
  <member type="way" ref="242655365" role=""/>
  <member type="way" ref="45271688" role=""/>
  <member type="way" ref="445460676" role=""/>
  <member type="way" ref="445460677" role=""/>
  <member type="way" ref="152022300" role=""/>
  <member type="way" ref="881748932" role=""/>
  <member type="way" ref="23409709" role=""/>
  <member type="way" ref="33880332" role=""/>
  <member type="way" ref="33880333" role=""/>
  <member type="way" ref="45182914" role=""/>
  <member type="way" ref="41725905" role=""/>
  <member type="way" ref="262142756" role=""/>
  <member type="way" ref="262142755" role=""/>
  <member type="way" ref="262142753" role=""/>
  <member type="way" ref="262142754" role=""/>
  <member type="way" ref="25528176" role=""/>
  <member type="way" ref="24847488" role=""/>
  <member type="way" ref="670677463" role=""/>
  <member type="way" ref="45271630" role=""/>
  <member type="way" ref="8063318" role=""/>
  <member type="way" ref="23409661" role=""/>
  <member type="way" ref="231380691" role=""/>
  <member type="way" ref="941510819" role=""/>
  <member type="way" ref="941510821" role=""/>
  <member type="way" ref="60208492" role=""/>
  <member type="way" ref="235594573" role=""/>
  <member type="way" ref="24222186" role=""/>
  <member type="way" ref="235678009" role=""/>
  <member type="way" ref="260359602" role=""/>
  <member type="way" ref="235127566" role=""/>
  <tag k="colour" v="red"/>
  <tag k="from" v="Buxtehude, Eilendorfer Moor"/>
  <tag k="name" v="Bus 2114: Buxtehude, Eilendorfer Moor =&gt; Buxtehude, Torfweg (Schulzentrum Süd)"/>
  <tag k="network" v="Hamburger Verkehrsverbund"/>
  <tag k="network:short" v="HVV"/>
  <tag k="network:wikidata" v="Q896916"/>
  <tag k="network:wikipedia" v="de:Hamburger Verkehrsverbund"/>
  <tag k="public_transport:version" v="2"/>
  <tag k="ref" v="2114"/>
  <tag k="route" v="bus"/>
  <tag k="to" v="Buxtehude, Torfweg (Schulzentrum Süd)"/>
  <tag k="type" v="route"/>
 </relation>
 <relation id="3279481" visible="true" version="3" changeset="114830969" timestamp="2021-12-11T21:15:39Z" user="ma-rt-in" uid="1431737">
  <member type="node" ref="2501143879" role="stop"/>
  <member type="node" ref="2501143880" role="platform"/>
  <member type="node" ref="2501143872" role="platform"/>
  <tag k="name" v="Eilendorf, Altklosterbergstraße"/>
  <tag k="network" v="Hamburger Verkehrsverbund"/>
  <tag k="network:short" v="HVV"/>
  <tag k="network:wikidata" v="Q896916"/>
  <tag k="network:wikipedia" v="de:Hamburger Verkehrsverbund"/>
  <tag k="public_transport" v="stop_area"/>
  <tag k="type" v="public_transport"/>
 </relation>
 <relation id="3279482" visible="true" version="3" changeset="114830969" timestamp="2021-12-11T21:15:39Z" user="ma-rt-in" uid="1431737">
  <member type="node" ref="2501143806" role="stop"/>
  <member type="node" ref="2501143809" role="platform"/>
  <member type="node" ref="2501143804" role="stop"/>
  <member type="node" ref="2501143802" role="platform"/>
  <tag k="name" v="Eilendorf, Eilendorfer Weg"/>
  <tag k="network" v="Hamburger Verkehrsverbund"/>
  <tag k="network:short" v="HVV"/>
  <tag k="network:wikidata" v="Q896916"/>
  <tag k="network:wikipedia" v="de:Hamburger Verkehrsverbund"/>
  <tag k="public_transport" v="stop_area"/>
  <tag k="type" v="public_transport"/>
 </relation>
 <relation id="3428999" visible="true" version="67" changeset="179759591" timestamp="2026-03-12T13:56:34Z" user="geozeisig" uid="66391">
  <member type="node" ref="2432174495" role="stop"/>
  <member type="node" ref="2432174503" role="platform"/>
  <member type="node" ref="5345889734" role="stop"/>
  <member type="way" ref="321420150" role="platform"/>
  <member type="node" ref="2436587390" role="stop"/>
  <member type="way" ref="321420144" role="platform"/>
  <member type="node" ref="2432174459" role="stop"/>
  <member type="node" ref="2432168902" role="platform"/>
  <member type="node" ref="2408043103" role="stop"/>
  <member type="node" ref="2429221582" role="platform"/>
  <member type="node" ref="2465749135" role="stop"/>
  <member type="node" ref="2470320672" role="platform"/>
  <member type="node" ref="2501143896" role="stop"/>
  <member type="node" ref="2501143895" role="platform"/>
  <member type="node" ref="2501143879" role="stop"/>
  <member type="node" ref="2501143880" role="platform"/>
  <member type="node" ref="2501143806" role="stop"/>
  <member type="node" ref="2501143809" role="platform"/>
  <member type="node" ref="2501155701" role="stop"/>
  <member type="node" ref="2501155702" role="platform"/>
  <member type="node" ref="2501155458" role="stop"/>
  <member type="node" ref="2501155460" role="platform"/>
  <member type="node" ref="2501155586" role="stop"/>
  <member type="node" ref="2501155582" role="platform"/>
  <member type="node" ref="2501155429" role="stop"/>
  <member type="node" ref="2501155427" role="platform"/>
  <member type="node" ref="266579156" role="stop"/>
  <member type="node" ref="2681334074" role="platform"/>
  <member type="node" ref="3466272374" role="stop"/>
  <member type="node" ref="2565559221" role="platform"/>
  <member type="node" ref="7310263702" role="stop"/>
  <member type="node" ref="2565559225" role="platform"/>
  <member type="node" ref="7310263700" role="stop"/>
  <member type="node" ref="2568312232" role="platform"/>
  <member type="node" ref="4416297739" role="stop"/>
  <member type="node" ref="2568312235" role="platform"/>
  <member type="node" ref="354359924" role="stop"/>
  <member type="node" ref="2568312237" role="platform"/>
  <member type="node" ref="4428959785" role="stop"/>
  <member type="node" ref="2584372446" role="platform"/>
  <member type="node" ref="21544292" role="stop"/>
  <member type="node" ref="2576424260" role="platform"/>
  <member type="node" ref="2576424243" role="platform"/>
  <member type="node" ref="2576424244" role="platform"/>
  <member type="node" ref="29950601" role="stop"/>
  <member type="node" ref="2576424259" role="platform"/>
  <member type="node" ref="2576424240" role="platform"/>
  <member type="node" ref="4988060542" role="stop"/>
  <member type="node" ref="340324222" role="platform"/>
  <member type="node" ref="5783043167" role="stop"/>
  <member type="node" ref="340094796" role="platform"/>
  <member type="node" ref="340097991" role="platform"/>
  <member type="node" ref="340323890" role="stop"/>
  <member type="node" ref="340323924" role="platform"/>
  <member type="way" ref="235594404" role=""/>
  <member type="way" ref="263979472" role=""/>
  <member type="way" ref="22694458" role=""/>
  <member type="way" ref="24739560" role=""/>
  <member type="way" ref="321420145" role=""/>
  <member type="way" ref="321420147" role=""/>
  <member type="way" ref="60208489" role=""/>
  <member type="way" ref="235594399" role=""/>
  <member type="way" ref="321420139" role=""/>
  <member type="way" ref="722790871" role=""/>
  <member type="way" ref="8364219" role=""/>
  <member type="way" ref="24740933" role=""/>
  <member type="way" ref="24740932" role=""/>
  <member type="way" ref="670677505" role=""/>
  <member type="way" ref="670553286" role=""/>
  <member type="way" ref="670553285" role=""/>
  <member type="way" ref="670553271" role=""/>
  <member type="way" ref="670553276" role=""/>
  <member type="way" ref="670553264" role=""/>
  <member type="way" ref="670553263" role=""/>
  <member type="way" ref="670553288" role=""/>
  <member type="way" ref="670553266" role=""/>
  <member type="way" ref="24740934" role=""/>
  <member type="way" ref="670553260" role=""/>
  <member type="way" ref="670553250" role=""/>
  <member type="way" ref="25816807" role=""/>
  <member type="way" ref="670553297" role=""/>
  <member type="way" ref="671312229" role=""/>
  <member type="way" ref="670553296" role=""/>
  <member type="way" ref="670553295" role=""/>
  <member type="way" ref="670553291" role=""/>
  <member type="way" ref="232452298" role=""/>
  <member type="way" ref="670553293" role=""/>
  <member type="way" ref="232452295" role=""/>
  <member type="way" ref="264057859" role=""/>
  <member type="way" ref="264057704" role=""/>
  <member type="way" ref="1259665851" role=""/>
  <member type="way" ref="33880330" role=""/>
  <member type="way" ref="1231550312" role=""/>
  <member type="way" ref="235594521" role=""/>
  <member type="way" ref="1328592176" role=""/>
  <member type="way" ref="41725905" role=""/>
  <member type="way" ref="45182914" role=""/>
  <member type="way" ref="33880333" role=""/>
  <member type="way" ref="33880332" role=""/>
  <member type="way" ref="23409709" role=""/>
  <member type="way" ref="881748932" role=""/>
  <member type="way" ref="152022300" role=""/>
  <member type="way" ref="445460677" role=""/>
  <member type="way" ref="445460676" role=""/>
  <member type="way" ref="45271688" role=""/>
  <member type="way" ref="242655365" role=""/>
  <member type="way" ref="45271605" role=""/>
  <member type="way" ref="241978111" role=""/>
  <member type="way" ref="241978110" role=""/>
  <member type="way" ref="4999405" role=""/>
  <member type="way" ref="25807844" role=""/>
  <member type="way" ref="25807845" role=""/>
  <member type="way" ref="445457165" role=""/>
  <member type="way" ref="255971057" role=""/>
  <member type="way" ref="52037041" role=""/>
  <member type="way" ref="39389822" role=""/>
  <member type="way" ref="950174177" role=""/>
  <member type="way" ref="445461456" role=""/>
  <member type="way" ref="32065349" role=""/>
  <member type="way" ref="32065437" role=""/>
  <member type="way" ref="263979474" role=""/>
  <member type="way" ref="136012276" role=""/>
  <member type="way" ref="136014708" role=""/>
  <member type="way" ref="32065438" role=""/>
  <member type="way" ref="263979474" role=""/>
  <member type="way" ref="32065437" role=""/>
  <member type="way" ref="32065349" role=""/>
  <member type="way" ref="445461456" role=""/>
  <member type="way" ref="950174177" role=""/>
  <member type="way" ref="41725910" role=""/>
  <member type="way" ref="39389823" role=""/>
  <member type="way" ref="664905076" role=""/>
  <member type="way" ref="136015745" role=""/>
  <member type="way" ref="41725914" role=""/>
  <member type="way" ref="263979477" role=""/>
  <member type="way" ref="41725913" role=""/>
  <member type="way" ref="250366699" role=""/>
  <member type="way" ref="268553287" role=""/>
  <member type="way" ref="339432723" role=""/>
  <member type="way" ref="406312094" role=""/>
  <member type="way" ref="339432724" role=""/>
  <member type="way" ref="152022299" role=""/>
  <member type="way" ref="406312099" role=""/>
  <member type="way" ref="41725916" role=""/>
  <member type="way" ref="445461452" role=""/>
  <member type="way" ref="445457164" role=""/>
  <member type="way" ref="445458448" role=""/>
  <member type="way" ref="445464279" role=""/>
  <member type="way" ref="69744686" role=""/>
  <member type="way" ref="69744688" role=""/>
  <member type="way" ref="445457724" role=""/>
  <member type="way" ref="445457726" role=""/>
  <member type="way" ref="950174179" role=""/>
  <member type="way" ref="445457722" role=""/>
  <member type="way" ref="136005800" role=""/>
  <member type="way" ref="27122765" role=""/>
  <member type="way" ref="445461453" role=""/>
  <member type="way" ref="445461454" role=""/>
  <member type="way" ref="23217288" role=""/>
  <member type="way" ref="445471266" role=""/>
  <member type="way" ref="4072088" role=""/>
  <member type="way" ref="8319935" role=""/>
  <member type="way" ref="445473526" role=""/>
  <member type="way" ref="445473517" role=""/>
  <member type="way" ref="4072135" role=""/>
  <member type="way" ref="256140065" role=""/>
  <member type="way" ref="445474346" role=""/>
  <member type="way" ref="445474345" role=""/>
  <member type="way" ref="4706799" role=""/>
  <member type="way" ref="445476859" role=""/>
  <member type="way" ref="31963241" role=""/>
  <member type="way" ref="700655925" role=""/>
  <member type="way" ref="31963239" role=""/>
  <member type="way" ref="31963563" role=""/>
  <member type="way" ref="136134808" role=""/>
  <member type="way" ref="445476860" role=""/>
  <member type="way" ref="255971058" role=""/>
  <member type="way" ref="445476859" role=""/>
  <member type="way" ref="4706799" role=""/>
  <member type="way" ref="445474345" role=""/>
  <member type="way" ref="445474346" role=""/>
  <member type="way" ref="445474344" role=""/>
  <member type="way" ref="357360388" role=""/>
  <member type="way" ref="445476858" role=""/>
  <member type="way" ref="372549458" role=""/>
  <member type="way" ref="136134785" role=""/>
  <member type="way" ref="700655924" role=""/>
  <member type="way" ref="445482990" role=""/>
  <member type="way" ref="35537646" role=""/>
  <member type="way" ref="445482989" role=""/>
  <member type="way" ref="445482988" role=""/>
  <member type="way" ref="69741436" role=""/>
  <member type="way" ref="445483376" role=""/>
  <member type="way" ref="445482987" role=""/>
  <member type="way" ref="136940539" role=""/>
  <member type="way" ref="27124229" role=""/>
  <member type="way" ref="69748323" role=""/>
  <member type="way" ref="151945859" role=""/>
  <member type="way" ref="1169813905" role=""/>
  <member type="way" ref="30751361" role=""/>
  <member type="way" ref="30751362" role=""/>
  <member type="way" ref="357599453" role=""/>
  <member type="way" ref="4706803" role=""/>
  <member type="way" ref="443114483" role=""/>
  <member type="way" ref="443114484" role=""/>
  <member type="way" ref="31029345" role=""/>
  <member type="way" ref="357599457" role=""/>
  <member type="way" ref="27122767" role=""/>
  <member type="way" ref="27122768" role=""/>
  <member type="way" ref="357599454" role=""/>
  <member type="way" ref="23189393" role=""/>
  <member type="way" ref="28992910" role=""/>
  <member type="way" ref="30774624" role=""/>
  <member type="way" ref="326025665" role=""/>
  <member type="way" ref="255971056" role=""/>
  <tag k="colour" v="#e2001a"/>
  <tag k="fixme" v="nicht alle pt=stop_position erfasst"/>
  <tag k="from" v="Buxtehude, ZOB"/>
  <tag k="name" v="Bus 2038: Buxtehude, ZOB =&gt; Appel, Alter Postweg =&gt; Hollenstedt, Schulzentrum"/>
  <tag k="network" v="Hamburger Verkehrsverbund"/>
  <tag k="network:short" v="HVV"/>
  <tag k="network:wikidata" v="Q896916"/>
  <tag k="network:wikipedia" v="de:Hamburger Verkehrsverbund"/>
  <tag k="operator" v="KVG Stade GmbH &amp; Co. KG"/>
  <tag k="public_transport:version" v="2"/>
  <tag k="ref" v="2038"/>
  <tag k="route" v="bus"/>
  <tag k="to" v="Hollenstedt, Schulzentrum"/>
  <tag k="type" v="route"/>
  <tag k="via" v="Appel, Alter Postweg"/>
 </relation>
 <relation id="3430789" visible="true" version="58" changeset="179554355" timestamp="2026-03-08T23:09:10Z" user="smarties" uid="45882">
  <member type="node" ref="2432174495" role="stop"/>
  <member type="node" ref="2432174503" role="platform"/>
  <member type="node" ref="5345889734" role="stop"/>
  <member type="way" ref="321420150" role="platform"/>
  <member type="node" ref="2436587390" role="stop"/>
  <member type="way" ref="321420144" role="platform"/>
  <member type="node" ref="2432174459" role="stop"/>
  <member type="node" ref="2432168902" role="platform"/>
  <member type="node" ref="2408043103" role="stop"/>
  <member type="node" ref="2429221582" role="platform"/>
  <member type="node" ref="2465749135" role="stop"/>
  <member type="node" ref="2470320672" role="platform"/>
  <member type="node" ref="2501143896" role="stop"/>
  <member type="node" ref="2501143895" role="platform"/>
  <member type="node" ref="2501143879" role="stop"/>
  <member type="node" ref="2501143880" role="platform"/>
  <member type="node" ref="2501143806" role="stop"/>
  <member type="node" ref="2501143809" role="platform"/>
  <member type="node" ref="2501155701" role="stop"/>
  <member type="node" ref="2501155702" role="platform"/>
  <member type="node" ref="2501155458" role="stop"/>
  <member type="node" ref="2501155460" role="platform"/>
  <member type="node" ref="266579156" role="stop"/>
  <member type="node" ref="2681334074" role="platform"/>
  <member type="node" ref="3466272374" role="stop"/>
  <member type="node" ref="2565559221" role="platform"/>
  <member type="node" ref="7310263702" role="stop"/>
  <member type="node" ref="2565559225" role="platform"/>
  <member type="node" ref="7310263700" role="stop"/>
  <member type="node" ref="2568312232" role="platform"/>
  <member type="node" ref="4416297739" role="stop"/>
  <member type="node" ref="2568312235" role="platform"/>
  <member type="node" ref="4988059773" role="stop"/>
  <member type="node" ref="2587336757" role="platform"/>
  <member type="node" ref="4988059776" role="stop"/>
  <member type="node" ref="2568312230" role="platform"/>
  <member type="node" ref="340068605" role="stop"/>
  <member type="node" ref="340094398" role="platform"/>
  <member type="node" ref="250762361" role="stop"/>
  <member type="node" ref="340324576" role="platform"/>
  <member type="node" ref="340323890" role="stop"/>
  <member type="node" ref="340323924" role="platform"/>
  <member type="way" ref="235594404" role=""/>
  <member type="way" ref="263979472" role=""/>
  <member type="way" ref="22694458" role=""/>
  <member type="way" ref="24739560" role=""/>
  <member type="way" ref="321420145" role=""/>
  <member type="way" ref="321420147" role=""/>
  <member type="way" ref="60208489" role=""/>
  <member type="way" ref="235594399" role=""/>
  <member type="way" ref="321420139" role=""/>
  <member type="way" ref="722790871" role=""/>
  <member type="way" ref="8364219" role=""/>
  <member type="way" ref="24740933" role=""/>
  <member type="way" ref="24740932" role=""/>
  <member type="way" ref="670677505" role=""/>
  <member type="way" ref="670553286" role=""/>
  <member type="way" ref="670553285" role=""/>
  <member type="way" ref="670553271" role=""/>
  <member type="way" ref="670553276" role=""/>
  <member type="way" ref="670553264" role=""/>
  <member type="way" ref="670553263" role=""/>
  <member type="way" ref="670553288" role=""/>
  <member type="way" ref="670553266" role=""/>
  <member type="way" ref="24740934" role=""/>
  <member type="way" ref="670553260" role=""/>
  <member type="way" ref="670553250" role=""/>
  <member type="way" ref="25816807" role=""/>
  <member type="way" ref="670553297" role=""/>
  <member type="way" ref="671312229" role=""/>
  <member type="way" ref="670553296" role=""/>
  <member type="way" ref="670553295" role=""/>
  <member type="way" ref="670553291" role=""/>
  <member type="way" ref="232452298" role=""/>
  <member type="way" ref="670553293" role=""/>
  <member type="way" ref="232452295" role=""/>
  <member type="way" ref="264057859" role=""/>
  <member type="way" ref="264057704" role=""/>
  <member type="way" ref="1259665851" role=""/>
  <member type="way" ref="33880330" role=""/>
  <member type="way" ref="1231550312" role=""/>
  <member type="way" ref="235594521" role=""/>
  <member type="way" ref="1328592176" role=""/>
  <member type="way" ref="41725905" role=""/>
  <member type="way" ref="45182914" role=""/>
  <member type="way" ref="33880333" role=""/>
  <member type="way" ref="33880332" role=""/>
  <member type="way" ref="23409709" role=""/>
  <member type="way" ref="881748932" role=""/>
  <member type="way" ref="152022300" role=""/>
  <member type="way" ref="445460677" role=""/>
  <member type="way" ref="445460676" role=""/>
  <member type="way" ref="45271688" role=""/>
  <member type="way" ref="242655365" role=""/>
  <member type="way" ref="45271605" role=""/>
  <member type="way" ref="241978111" role=""/>
  <member type="way" ref="241978110" role=""/>
  <member type="way" ref="4999405" role=""/>
  <member type="way" ref="25807844" role=""/>
  <member type="way" ref="25807845" role=""/>
  <member type="way" ref="445457165" role=""/>
  <member type="way" ref="255971057" role=""/>
  <member type="way" ref="52037041" role=""/>
  <member type="way" ref="39389822" role=""/>
  <member type="way" ref="41725910" role=""/>
  <member type="way" ref="39389823" role=""/>
  <member type="way" ref="664905076" role=""/>
  <member type="way" ref="136015745" role=""/>
  <member type="way" ref="41725914" role=""/>
  <member type="way" ref="263979477" role=""/>
  <member type="way" ref="41725913" role=""/>
  <member type="way" ref="250366699" role=""/>
  <member type="way" ref="268553287" role=""/>
  <member type="way" ref="339432723" role=""/>
  <member type="way" ref="406312094" role=""/>
  <member type="way" ref="339432724" role=""/>
  <member type="way" ref="152022299" role=""/>
  <member type="way" ref="406312099" role=""/>
  <member type="way" ref="41725916" role=""/>
  <member type="way" ref="445461452" role=""/>
  <member type="way" ref="445457164" role=""/>
  <member type="way" ref="445458447" role=""/>
  <member type="way" ref="23217283" role=""/>
  <member type="way" ref="445461451" role=""/>
  <member type="way" ref="41339957" role=""/>
  <member type="way" ref="41339958" role=""/>
  <member type="way" ref="136003188" role=""/>
  <member type="way" ref="372572310" role=""/>
  <member type="way" ref="445461450" role=""/>
  <member type="way" ref="1486729817" role=""/>
  <member type="way" ref="136006118" role=""/>
  <member type="way" ref="136006116" role=""/>
  <member type="way" ref="136006122" role=""/>
  <member type="way" ref="136006117" role=""/>
  <member type="way" ref="269169675" role=""/>
  <member type="way" ref="152022298" role=""/>
  <member type="way" ref="372565105" role=""/>
  <member type="way" ref="30749537" role=""/>
  <member type="way" ref="136002518" role=""/>
  <member type="way" ref="445461931" role=""/>
  <member type="way" ref="445461930" role=""/>
  <member type="way" ref="136002517" role=""/>
  <member type="way" ref="30752413" role=""/>
  <member type="way" ref="69742328" role=""/>
  <member type="way" ref="356943199" role=""/>
  <member type="way" ref="953739342" role=""/>
  <member type="way" ref="443113316" role=""/>
  <member type="way" ref="31028022" role=""/>
  <member type="way" ref="31028016" role=""/>
  <member type="way" ref="443113276" role=""/>
  <member type="way" ref="23189232" role=""/>
  <member type="way" ref="136003189" role=""/>
  <member type="way" ref="27123029" role=""/>
  <member type="way" ref="443111481" role=""/>
  <member type="way" ref="23189241" role=""/>
  <member type="way" ref="443111484" role=""/>
  <member type="way" ref="443111478" role=""/>
  <member type="way" ref="23189222" role=""/>
  <member type="way" ref="356938829" role=""/>
  <member type="way" ref="23189242" role=""/>
  <member type="way" ref="27124227" role=""/>
  <member type="way" ref="326025665" role=""/>
  <member type="way" ref="255971056" role=""/>
  <tag k="colour" v="#e2001a"/>
  <tag k="from" v="Buxtehude, ZOB"/>
  <tag k="name" v="Bus 2038: Buxtehude, ZOB =&gt; Hollenstedt, Schulzentrum"/>
  <tag k="network" v="Hamburger Verkehrsverbund"/>
  <tag k="network:short" v="HVV"/>
  <tag k="network:wikidata" v="Q896916"/>
  <tag k="network:wikipedia" v="de:Hamburger Verkehrsverbund"/>
  <tag k="operator" v="KVG Stade GmbH &amp; Co. KG"/>
  <tag k="public_transport:version" v="2"/>
  <tag k="ref" v="2038"/>
  <tag k="route" v="bus"/>
  <tag k="to" v="Hollenstedt, Schulzentrum"/>
  <tag k="type" v="route"/>
 </relation>
 <relation id="3430790" visible="true" version="61" changeset="179554355" timestamp="2026-03-08T23:09:10Z" user="smarties" uid="45882">
  <member type="node" ref="340323890" role="stop"/>
  <member type="node" ref="340323924" role="platform"/>
  <member type="node" ref="5783043169" role="stop"/>
  <member type="node" ref="340324575" role="platform"/>
  <member type="node" ref="7310263699" role="stop"/>
  <member type="node" ref="340094388" role="platform"/>
  <member type="node" ref="4988059775" role="stop"/>
  <member type="node" ref="2568312229" role="platform"/>
  <member type="node" ref="4988059774" role="stop"/>
  <member type="node" ref="2587336756" role="platform"/>
  <member type="node" ref="4988059769" role="stop"/>
  <member type="node" ref="2568312236" role="platform"/>
  <member type="node" ref="7310263701" role="stop"/>
  <member type="node" ref="2568312231" role="platform"/>
  <member type="node" ref="7310263702" role="stop"/>
  <member type="node" ref="2565559229" role="platform"/>
  <member type="node" ref="3466272374" role="stop"/>
  <member type="node" ref="2565559217" role="platform"/>
  <member type="node" ref="266579156" role="stop"/>
  <member type="node" ref="2681334086" role="platform"/>
  <member type="node" ref="266579154" role="stop"/>
  <member type="node" ref="2681334068" role="platform"/>
  <member type="node" ref="2501155703" role="stop"/>
  <member type="node" ref="2501155704" role="platform"/>
  <member type="node" ref="2501143804" role="stop"/>
  <member type="node" ref="2501143802" role="platform"/>
  <member type="node" ref="2501143879" role="stop"/>
  <member type="node" ref="2501143872" role="platform"/>
  <member type="node" ref="2501143884" role="stop"/>
  <member type="node" ref="2501143886" role="platform"/>
  <member type="node" ref="3703515641" role="stop"/>
  <member type="node" ref="2470320665" role="platform"/>
  <member type="node" ref="2429224234" role="stop"/>
  <member type="node" ref="2408043106" role="platform"/>
  <member type="node" ref="2432174459" role="stop"/>
  <member type="node" ref="2432168902" role="platform"/>
  <member type="node" ref="2436587391" role="stop"/>
  <member type="way" ref="321420143" role="platform"/>
  <member type="node" ref="2436587393" role="stop"/>
  <member type="way" ref="321420141" role="platform"/>
  <member type="node" ref="268953216" role="stop"/>
  <member type="node" ref="2432174478" role="platform"/>
  <member type="way" ref="1445239407" role=""/>
  <member type="way" ref="69742326" role=""/>
  <member type="way" ref="326025665" role=""/>
  <member type="way" ref="27124227" role=""/>
  <member type="way" ref="23189242" role=""/>
  <member type="way" ref="356938829" role=""/>
  <member type="way" ref="23189222" role=""/>
  <member type="way" ref="443111478" role=""/>
  <member type="way" ref="443111484" role=""/>
  <member type="way" ref="23189241" role=""/>
  <member type="way" ref="443111481" role=""/>
  <member type="way" ref="27123029" role=""/>
  <member type="way" ref="136003189" role=""/>
  <member type="way" ref="23189232" role=""/>
  <member type="way" ref="443113276" role=""/>
  <member type="way" ref="31028016" role=""/>
  <member type="way" ref="31028022" role=""/>
  <member type="way" ref="443113316" role=""/>
  <member type="way" ref="953739342" role=""/>
  <member type="way" ref="356943199" role=""/>
  <member type="way" ref="69742328" role=""/>
  <member type="way" ref="30752413" role=""/>
  <member type="way" ref="136002517" role=""/>
  <member type="way" ref="445461930" role=""/>
  <member type="way" ref="445461931" role=""/>
  <member type="way" ref="136002518" role=""/>
  <member type="way" ref="30749537" role=""/>
  <member type="way" ref="372565105" role=""/>
  <member type="way" ref="152022298" role=""/>
  <member type="way" ref="269169675" role=""/>
  <member type="way" ref="136006117" role=""/>
  <member type="way" ref="136006122" role=""/>
  <member type="way" ref="136006116" role=""/>
  <member type="way" ref="136006118" role=""/>
  <member type="way" ref="1486729817" role=""/>
  <member type="way" ref="445461450" role=""/>
  <member type="way" ref="372572310" role=""/>
  <member type="way" ref="136003188" role=""/>
  <member type="way" ref="41339958" role=""/>
  <member type="way" ref="41339957" role=""/>
  <member type="way" ref="445461451" role=""/>
  <member type="way" ref="23217283" role=""/>
  <member type="way" ref="445458447" role=""/>
  <member type="way" ref="445457164" role=""/>
  <member type="way" ref="445461452" role=""/>
  <member type="way" ref="41725916" role=""/>
  <member type="way" ref="406312099" role=""/>
  <member type="way" ref="152022299" role=""/>
  <member type="way" ref="339432724" role=""/>
  <member type="way" ref="406312094" role=""/>
  <member type="way" ref="339432723" role=""/>
  <member type="way" ref="268553287" role=""/>
  <member type="way" ref="250366699" role=""/>
  <member type="way" ref="41725913" role=""/>
  <member type="way" ref="263979477" role=""/>
  <member type="way" ref="41725914" role=""/>
  <member type="way" ref="136015745" role=""/>
  <member type="way" ref="664905076" role=""/>
  <member type="way" ref="39389823" role=""/>
  <member type="way" ref="41725910" role=""/>
  <member type="way" ref="39389822" role=""/>
  <member type="way" ref="52037041" role=""/>
  <member type="way" ref="255971057" role=""/>
  <member type="way" ref="445457165" role=""/>
  <member type="way" ref="25807845" role=""/>
  <member type="way" ref="25807844" role=""/>
  <member type="way" ref="4999405" role=""/>
  <member type="way" ref="241978110" role=""/>
  <member type="way" ref="241978111" role=""/>
  <member type="way" ref="45271605" role=""/>
  <member type="way" ref="242655365" role=""/>
  <member type="way" ref="45271688" role=""/>
  <member type="way" ref="445460676" role=""/>
  <member type="way" ref="445460677" role=""/>
  <member type="way" ref="152022300" role=""/>
  <member type="way" ref="881748932" role=""/>
  <member type="way" ref="23409709" role=""/>
  <member type="way" ref="33880332" role=""/>
  <member type="way" ref="33880333" role=""/>
  <member type="way" ref="45182914" role=""/>
  <member type="way" ref="41725905" role=""/>
  <member type="way" ref="1328592176" role=""/>
  <member type="way" ref="235594521" role=""/>
  <member type="way" ref="1231550312" role=""/>
  <member type="way" ref="33880330" role=""/>
  <member type="way" ref="1259665850" role=""/>
  <member type="way" ref="1259665855" role=""/>
  <member type="way" ref="264057859" role=""/>
  <member type="way" ref="232452295" role=""/>
  <member type="way" ref="235594576" role=""/>
  <member type="way" ref="25816807" role=""/>
  <member type="way" ref="670553297" role=""/>
  <member type="way" ref="671312229" role=""/>
  <member type="way" ref="670553296" role=""/>
  <member type="way" ref="670553295" role=""/>
  <member type="way" ref="670553291" role=""/>
  <member type="way" ref="232452298" role=""/>
  <member type="way" ref="670553293" role=""/>
  <member type="way" ref="235594576" role=""/>
  <member type="way" ref="670553258" role=""/>
  <member type="way" ref="670553249" role=""/>
  <member type="way" ref="670553253" role=""/>
  <member type="way" ref="24740934" role=""/>
  <member type="way" ref="670553270" role=""/>
  <member type="way" ref="670553267" role=""/>
  <member type="way" ref="670553262" role=""/>
  <member type="way" ref="670553275" role=""/>
  <member type="way" ref="670553272" role=""/>
  <member type="way" ref="670553287" role=""/>
  <member type="way" ref="670553284" role=""/>
  <member type="way" ref="670553283" role=""/>
  <member type="way" ref="670677514" role=""/>
  <member type="way" ref="670677511" role=""/>
  <member type="way" ref="670677508" role=""/>
  <member type="way" ref="670677499" role=""/>
  <member type="way" ref="24740932" role=""/>
  <member type="way" ref="24740933" role=""/>
  <member type="way" ref="8364219" role=""/>
  <member type="way" ref="722790871" role=""/>
  <member type="way" ref="321420139" role=""/>
  <member type="way" ref="235594399" role=""/>
  <member type="way" ref="60208489" role=""/>
  <member type="way" ref="321420147" role=""/>
  <member type="way" ref="321420145" role=""/>
  <member type="way" ref="24739560" role=""/>
  <member type="way" ref="22694458" role=""/>
  <member type="way" ref="263979472" role=""/>
  <member type="way" ref="263979476" role=""/>
  <tag k="colour" v="#e2001a"/>
  <tag k="from" v="Hollenstedt, Schulzentrum"/>
  <tag k="name" v="Bus 2038: Hollenstedt, Schulzentrum =&gt; Buxtehude, ZOB"/>
  <tag k="network" v="Hamburger Verkehrsverbund"/>
  <tag k="network:short" v="HVV"/>
  <tag k="network:wikidata" v="Q896916"/>
  <tag k="network:wikipedia" v="de:Hamburger Verkehrsverbund"/>
  <tag k="operator" v="KVG Stade GmbH &amp; Co. KG"/>
  <tag k="public_transport:version" v="2"/>
  <tag k="ref" v="2038"/>
  <tag k="route" v="bus"/>
  <tag k="to" v="Buxtehude, ZOB"/>
  <tag k="type" v="route"/>
 </relation>
 <relation id="3430791" visible="true" version="70" changeset="179759591" timestamp="2026-03-12T13:56:34Z" user="geozeisig" uid="66391">
  <member type="node" ref="340323890" role="stop"/>
  <member type="node" ref="340323924" role="platform"/>
  <member type="node" ref="340097987" role="platform"/>
  <member type="node" ref="340094791" role="platform"/>
  <member type="node" ref="340324223" role="platform"/>
  <member type="node" ref="2576424239" role="platform"/>
  <member type="node" ref="2576424258" role="platform"/>
  <member type="node" ref="2576424243" role="platform"/>
  <member type="node" ref="2576424244" role="platform"/>
  <member type="node" ref="2576424261" role="platform"/>
  <member type="node" ref="2584372447" role="platform"/>
  <member type="node" ref="2568312238" role="platform"/>
  <member type="node" ref="2568312236" role="platform"/>
  <member type="node" ref="7310263701" role="stop"/>
  <member type="node" ref="2568312231" role="platform"/>
  <member type="node" ref="7310263702" role="stop"/>
  <member type="node" ref="2565559229" role="platform"/>
  <member type="node" ref="2565559217" role="platform"/>
  <member type="node" ref="266579156" role="stop"/>
  <member type="node" ref="2681334086" role="platform"/>
  <member type="node" ref="266579154" role="stop"/>
  <member type="node" ref="2681334068" role="platform"/>
  <member type="node" ref="2501155703" role="stop"/>
  <member type="node" ref="2501155704" role="platform"/>
  <member type="node" ref="2501143804" role="stop"/>
  <member type="node" ref="2501143802" role="platform"/>
  <member type="node" ref="2501143879" role="stop"/>
  <member type="node" ref="2501143872" role="platform"/>
  <member type="node" ref="2501143884" role="stop"/>
  <member type="node" ref="2501143886" role="platform"/>
  <member type="node" ref="3703515641" role="stop"/>
  <member type="node" ref="2470320665" role="platform"/>
  <member type="node" ref="2429224234" role="stop"/>
  <member type="node" ref="2408043106" role="platform"/>
  <member type="node" ref="2432174459" role="stop"/>
  <member type="node" ref="2432168902" role="platform"/>
  <member type="node" ref="2436587391" role="stop"/>
  <member type="way" ref="321420143" role="platform"/>
  <member type="node" ref="2436587393" role="stop"/>
  <member type="way" ref="321420141" role="platform"/>
  <member type="node" ref="268953216" role="stop"/>
  <member type="node" ref="2432174478" role="platform"/>
  <member type="way" ref="255971056" role=""/>
  <member type="way" ref="326025665" role=""/>
  <member type="way" ref="30774624" role=""/>
  <member type="way" ref="28992910" role=""/>
  <member type="way" ref="23189393" role=""/>
  <member type="way" ref="357599454" role=""/>
  <member type="way" ref="27122768" role=""/>
  <member type="way" ref="27122767" role=""/>
  <member type="way" ref="357599457" role=""/>
  <member type="way" ref="31029345" role=""/>
  <member type="way" ref="443114484" role=""/>
  <member type="way" ref="443114483" role=""/>
  <member type="way" ref="4706803" role=""/>
  <member type="way" ref="357599453" role=""/>
  <member type="way" ref="30751362" role=""/>
  <member type="way" ref="30751361" role=""/>
  <member type="way" ref="1169813905" role=""/>
  <member type="way" ref="151945859" role=""/>
  <member type="way" ref="69748323" role=""/>
  <member type="way" ref="27124229" role=""/>
  <member type="way" ref="136940539" role=""/>
  <member type="way" ref="445482987" role=""/>
  <member type="way" ref="445483376" role=""/>
  <member type="way" ref="69741436" role=""/>
  <member type="way" ref="445482988" role=""/>
  <member type="way" ref="445482989" role=""/>
  <member type="way" ref="35537646" role=""/>
  <member type="way" ref="445482990" role=""/>
  <member type="way" ref="700655924" role=""/>
  <member type="way" ref="136134785" role=""/>
  <member type="way" ref="372549458" role=""/>
  <member type="way" ref="445476858" role=""/>
  <member type="way" ref="357360388" role=""/>
  <member type="way" ref="445474343" role=""/>
  <member type="way" ref="445474345" role=""/>
  <member type="way" ref="4706799" role=""/>
  <member type="way" ref="445476859" role=""/>
  <member type="way" ref="31963241" role=""/>
  <member type="way" ref="700655925" role=""/>
  <member type="way" ref="31963239" role=""/>
  <member type="way" ref="31963563" role=""/>
  <member type="way" ref="136134808" role=""/>
  <member type="way" ref="445476860" role=""/>
  <member type="way" ref="255971058" role=""/>
  <member type="way" ref="445476859" role=""/>
  <member type="way" ref="4706799" role=""/>
  <member type="way" ref="445474345" role=""/>
  <member type="way" ref="445474346" role=""/>
  <member type="way" ref="256140065" role=""/>
  <member type="way" ref="4072135" role=""/>
  <member type="way" ref="445473517" role=""/>
  <member type="way" ref="445473526" role=""/>
  <member type="way" ref="8319935" role=""/>
  <member type="way" ref="4072088" role=""/>
  <member type="way" ref="445471266" role=""/>
  <member type="way" ref="23217288" role=""/>
  <member type="way" ref="445461454" role=""/>
  <member type="way" ref="445461453" role=""/>
  <member type="way" ref="27122765" role=""/>
  <member type="way" ref="136005800" role=""/>
  <member type="way" ref="445457723" role=""/>
  <member type="way" ref="950174179" role=""/>
  <member type="way" ref="445457725" role=""/>
  <member type="way" ref="445457724" role=""/>
  <member type="way" ref="69744688" role=""/>
  <member type="way" ref="69744686" role=""/>
  <member type="way" ref="445464279" role=""/>
  <member type="way" ref="445458448" role=""/>
  <member type="way" ref="445457164" role=""/>
  <member type="way" ref="445461452" role=""/>
  <member type="way" ref="41725916" role=""/>
  <member type="way" ref="406312099" role=""/>
  <member type="way" ref="152022299" role=""/>
  <member type="way" ref="339432724" role=""/>
  <member type="way" ref="406312094" role=""/>
  <member type="way" ref="339432723" role=""/>
  <member type="way" ref="268553287" role=""/>
  <member type="way" ref="250366699" role=""/>
  <member type="way" ref="41725913" role=""/>
  <member type="way" ref="263979477" role=""/>
  <member type="way" ref="41725914" role=""/>
  <member type="way" ref="136015745" role=""/>
  <member type="way" ref="664905076" role=""/>
  <member type="way" ref="39389823" role=""/>
  <member type="way" ref="41725910" role=""/>
  <member type="way" ref="39389822" role=""/>
  <member type="way" ref="52037041" role=""/>
  <member type="way" ref="255971057" role=""/>
  <member type="way" ref="445457165" role=""/>
  <member type="way" ref="25807845" role=""/>
  <member type="way" ref="25807844" role=""/>
  <member type="way" ref="4999405" role=""/>
  <member type="way" ref="241978110" role=""/>
  <member type="way" ref="241978111" role=""/>
  <member type="way" ref="45271605" role=""/>
  <member type="way" ref="242655365" role=""/>
  <member type="way" ref="45271688" role=""/>
  <member type="way" ref="445460676" role=""/>
  <member type="way" ref="445460677" role=""/>
  <member type="way" ref="152022300" role=""/>
  <member type="way" ref="881748932" role=""/>
  <member type="way" ref="23409709" role=""/>
  <member type="way" ref="33880332" role=""/>
  <member type="way" ref="33880333" role=""/>
  <member type="way" ref="45182914" role=""/>
  <member type="way" ref="41725905" role=""/>
  <member type="way" ref="1328592176" role=""/>
  <member type="way" ref="235594521" role=""/>
  <member type="way" ref="1231550312" role=""/>
  <member type="way" ref="33880330" role=""/>
  <member type="way" ref="1259665850" role=""/>
  <member type="way" ref="1259665855" role=""/>
  <member type="way" ref="264057859" role=""/>
  <member type="way" ref="232452295" role=""/>
  <member type="way" ref="235594576" role=""/>
  <member type="way" ref="25816807" role=""/>
  <member type="way" ref="670553297" role=""/>
  <member type="way" ref="671312229" role=""/>
  <member type="way" ref="670553296" role=""/>
  <member type="way" ref="670553295" role=""/>
  <member type="way" ref="670553291" role=""/>
  <member type="way" ref="232452298" role=""/>
  <member type="way" ref="670553293" role=""/>
  <member type="way" ref="235594576" role=""/>
  <member type="way" ref="670553258" role=""/>
  <member type="way" ref="670553249" role=""/>
  <member type="way" ref="670553253" role=""/>
  <member type="way" ref="24740934" role=""/>
  <member type="way" ref="670553270" role=""/>
  <member type="way" ref="670553267" role=""/>
  <member type="way" ref="670553262" role=""/>
  <member type="way" ref="670553275" role=""/>
  <member type="way" ref="670553272" role=""/>
  <member type="way" ref="670553287" role=""/>
  <member type="way" ref="670553284" role=""/>
  <member type="way" ref="670553283" role=""/>
  <member type="way" ref="670677514" role=""/>
  <member type="way" ref="670677511" role=""/>
  <member type="way" ref="670677508" role=""/>
  <member type="way" ref="670677499" role=""/>
  <member type="way" ref="24740932" role=""/>
  <member type="way" ref="24740933" role=""/>
  <member type="way" ref="8364219" role=""/>
  <member type="way" ref="722790871" role=""/>
  <member type="way" ref="321420139" role=""/>
  <member type="way" ref="235594399" role=""/>
  <member type="way" ref="60208489" role=""/>
  <member type="way" ref="321420147" role=""/>
  <member type="way" ref="321420145" role=""/>
  <member type="way" ref="24739560" role=""/>
  <member type="way" ref="22694458" role=""/>
  <member type="way" ref="263979472" role=""/>
  <member type="way" ref="263979476" role=""/>
  <tag k="colour" v="#e2001a"/>
  <tag k="from" v="Hollenstedt, Schulzentrum"/>
  <tag k="name" v="Bus 2038: Hollenstedt, Schulzentrum =&gt; Buxtehude, ZOB (via Appel)"/>
  <tag k="network" v="Hamburger Verkehrsverbund"/>
  <tag k="network:short" v="HVV"/>
  <tag k="network:wikidata" v="Q896916"/>
  <tag k="network:wikipedia" v="de:Hamburger Verkehrsverbund"/>
  <tag k="operator" v="KVG Stade GmbH &amp; Co. KG"/>
  <tag k="public_transport:version" v="2"/>
  <tag k="ref" v="2038"/>
  <tag k="route" v="bus"/>
  <tag k="to" v="Buxtehude, ZOB"/>
  <tag k="type" v="route"/>
  <tag k="via" v="Appel"/>
 </relation>
 <relation id="3431268" visible="true" version="4" changeset="150543320" timestamp="2024-04-26T14:56:12Z" user="jasontz" uid="20075754">
  <member type="relation" ref="3430789" role=""/>
  <member type="relation" ref="3428999" role=""/>
  <member type="relation" ref="3364193" role=""/>
  <member type="relation" ref="3430790" role=""/>
  <member type="relation" ref="3430791" role=""/>
  <tag k="colour" v="#e2001a"/>
  <tag k="name" v="Bus 2038: Buxtehude, ZOB &lt;=&gt; Hollenstedt, Schulzentrum"/>
  <tag k="network" v="Hamburger Verkehrsverbund"/>
  <tag k="network:short" v="HVV"/>
  <tag k="network:wikidata" v="Q896916"/>
  <tag k="operator" v="KVG Stade GmbH &amp; Co. KG"/>
  <tag k="ref" v="2038"/>
  <tag k="route_master" v="bus"/>
  <tag k="type" v="route_master"/>
 </relation>
 <relation id="6625536" visible="true" version="1" changeset="42604484" timestamp="2016-10-03T12:45:32Z" user="smarties" uid="45882">
  <member type="node" ref="244984886" role="sign"/>
  <member type="way" ref="255971057" role="from"/>
  <member type="way" ref="445460679" role="from"/>
  <member type="way" ref="445457165" role="to"/>
  <tag k="colour:arrow" v="black"/>
  <tag k="colour:back" v="yellow"/>
  <tag k="colour:text" v="black"/>
  <tag k="destination" v="Eilendorf"/>
  <tag k="note" v="Eilendorf"/>
  <tag k="type" v="destination_sign"/>
 </relation>
 <relation id="6625543" visible="true" version="4" changeset="42900003" timestamp="2016-10-14T15:55:54Z" user="Omegatherion" uid="75582">
  <member type="node" ref="4447863424" role="sign"/>
  <member type="node" ref="4428936527" role="sign"/>
  <member type="way" ref="45271605" role="to"/>
  <member type="way" ref="120444807" role="from"/>
  <tag k="colour:arrow" v="black"/>
  <tag k="colour:back" v="yellow"/>
  <tag k="colour:text" v="black"/>
  <tag k="destination" v="Buxtehude"/>
  <tag k="distance" v="1 km"/>
  <tag k="type" v="destination_sign"/>
 </relation>
 <relation id="6625545" visible="true" version="3" changeset="43028631" timestamp="2016-10-20T10:33:30Z" user="Omegatherion" uid="75582">
  <member type="node" ref="4456260702" role="sign"/>
  <member type="node" ref="4447863424" role="sign"/>
  <member type="way" ref="26072090" role="from"/>
  <member type="way" ref="26071979" role="from"/>
  <member type="way" ref="120444807" role="to"/>
  <tag k="colour:arrow" v="black"/>
  <tag k="colour:back" v="yellow"/>
  <tag k="colour:text" v="black"/>
  <tag k="destination" v="Moisburg"/>
  <tag k="distance" v="7 km"/>
  <tag k="type" v="destination_sign"/>
 </relation>
 <relation id="6625546" visible="true" version="3" changeset="43028631" timestamp="2016-10-20T10:33:30Z" user="Omegatherion" uid="75582">
  <member type="node" ref="4456260702" role="sign"/>
  <member type="node" ref="4428936528" role="sign"/>
  <member type="node" ref="4447863424" role="sign"/>
  <member type="way" ref="26072090" role="from"/>
  <member type="way" ref="242655365" role="from"/>
  <member type="way" ref="26071979" role="from"/>
  <member type="way" ref="120444807" role="to"/>
  <tag k="colour:arrow" v="black"/>
  <tag k="colour:back" v="yellow"/>
  <tag k="colour:text" v="black"/>
  <tag k="destination" v="Tostedt"/>
  <tag k="distance" v="21 km"/>
  <tag k="type" v="destination_sign"/>
 </relation>
 <relation id="6625553" visible="true" version="4" changeset="43028631" timestamp="2016-10-20T10:33:30Z" user="Omegatherion" uid="75582">
  <member type="node" ref="4447863424" role="sign"/>
  <member type="way" ref="242655365" role="to"/>
  <member type="way" ref="26071979" role="from"/>
  <tag k="colour:arrow" v="black"/>
  <tag k="colour:back" v="white"/>
  <tag k="colour:text" v="black"/>
  <tag k="destination" v="Buxtehude"/>
  <tag k="type" v="destination_sign"/>
 </relation>
 <relation id="6657693" visible="true" version="1" changeset="43028631" timestamp="2016-10-20T10:33:29Z" user="Omegatherion" uid="75582">
  <member type="node" ref="4456260702" role="sign"/>
  <member type="node" ref="4447863424" role="sign"/>
  <member type="way" ref="26071979" role="from"/>
  <member type="way" ref="26072090" role="from"/>
  <member type="way" ref="120444807" role="to"/>
  <tag k="colour:arrow" v="black"/>
  <tag k="colour:back" v="white"/>
  <tag k="colour:text" v="black"/>
  <tag k="destination" v="Estering"/>
  <tag k="type" v="destination_sign"/>
 </relation>
 <relation id="13983785" visible="true" version="1" changeset="119084622" timestamp="2022-03-29T18:57:06Z" user="Funki-Bux" uid="15130873">
  <member type="way" ref="242655364" role="outer"/>
  <member type="way" ref="1046273443" role="outer"/>
  <tag k="landuse" v="residential"/>
  <tag k="type" v="multipolygon"/>
 </relation>
 <relation id="16230764" visible="true" version="1" changeset="140231915" timestamp="2023-08-22T14:16:32Z" user="TomJeffs" uid="6397757">
  <member type="way" ref="1201095558" role="outer"/>
  <member type="way" ref="1201095559" role="inner"/>
  <member type="way" ref="1201095560" role="inner"/>
  <tag k="landuse" v="grass"/>
  <tag k="type" v="multipolygon"/>
 </relation>
 <relation id="16233357" visible="true" version="1" changeset="140246316" timestamp="2023-08-22T20:41:24Z" user="TomJeffs" uid="6397757">
  <member type="way" ref="1201187077" role="outer"/>
  <member type="way" ref="1201094502" role="inner"/>
  <tag k="natural" v="wetland"/>
  <tag k="type" v="multipolygon"/>
  <tag k="wetland" v="marsh"/>
 </relation>
 <relation id="20255237" visible="true" version="1" changeset="178959821" timestamp="2026-02-23T20:05:00Z" user="Ropino" uid="42123">
  <member type="way" ref="1482320400" role="outer"/>
  <member type="way" ref="1482320423" role="outer"/>
  <member type="way" ref="1482320414" role="outer"/>
  <member type="way" ref="1482320413" role="outer"/>
  <member type="way" ref="1482320403" role="outer"/>
  <member type="way" ref="1482320402" role="outer"/>
  <member type="way" ref="1482320401" role="outer"/>
  <member type="node" ref="206177570" role="label"/>
  <tag k="admin_level" v="10"/>
  <tag k="boundary" v="administrative"/>
  <tag k="name" v="Ottensen"/>
  <tag k="ref" v="1239"/>
  <tag k="type" v="boundary"/>
 </relation>
 <relation id="20255238" visible="true" version="1" changeset="178959821" timestamp="2026-02-23T20:05:00Z" user="Ropino" uid="42123">
  <member type="way" ref="52032168" role="outer"/>
  <member type="way" ref="41903414" role="outer"/>
  <member type="way" ref="1482320407" role="outer"/>
  <member type="way" ref="1482320406" role="outer"/>
  <member type="way" ref="1482320404" role="outer"/>
  <member type="way" ref="1482320402" role="outer"/>
  <member type="node" ref="206177176" role="label"/>
  <tag k="admin_level" v="10"/>
  <tag k="boundary" v="administrative"/>
  <tag k="name" v="Daensen"/>
  <tag k="ref" v="1238"/>
  <tag k="type" v="boundary"/>
 </relation>
 <relation id="20255239" visible="true" version="1" changeset="178959821" timestamp="2026-02-23T20:05:00Z" user="Ropino" uid="42123">
  <member type="way" ref="1482320409" role="outer"/>
  <member type="way" ref="1482320405" role="outer"/>
  <member type="way" ref="1482320404" role="outer"/>
  <member type="way" ref="1482320403" role="outer"/>
  <member type="way" ref="1482320415" role="outer"/>
  <member type="node" ref="2495489071" role="label"/>
  <tag k="admin_level" v="10"/>
  <tag k="boundary" v="administrative"/>
  <tag k="name" v="Eilendorf"/>
  <tag k="ref" v="1237"/>
  <tag k="type" v="boundary"/>
 </relation>
</osm>
