<?xml version="1.0" encoding="UTF-8"?>
<osm version="0.6" generator="openstreetmap-cgimap 2.1.0 (3498733 spike-06.openstreetmap.org)" copyright="OpenStreetMap and contributors" attribution="http://www.openstreetmap.org/copyright" license="http://opendatacommons.org/licenses/odbl/1-0/">
 <bounds minlat="55.9803050" minlon="14.1131820" maxlat="55.9916950" maxlon="14.1328180"/>
 <node id="315929928" visible="true" version="4" changeset="123573494" timestamp="2022-07-13T16:51:03Z" user="archie" uid="156646" lat="55.9924562" lon="14.1304707"/>
 <node id="1021400652" visible="true" version="2" changeset="47743022" timestamp="2017-04-13T13:29:48Z" user="Grillo" uid="13957" lat="55.9871014" lon="14.1228630"/>
 <node id="1021400657" visible="true" version="2" changeset="157292765" timestamp="2024-09-30T11:34:07Z" user="AndreasOdense" uid="12159956" lat="55.9868911" lon="14.1233975"/>
 <node id="1021400671" visible="true" version="3" changeset="157292765" timestamp="2024-09-30T11:34:07Z" user="AndreasOdense" uid="12159956" lat="55.9870402" lon="14.1218821"/>
 <node id="1021400675" visible="true" version="3" changeset="157292765" timestamp="2024-09-30T11:34:07Z" user="AndreasOdense" uid="12159956" lat="55.9865995" lon="14.1208031"/>
 <node id="1021400680" visible="true" version="2" changeset="157292765" timestamp="2024-09-30T11:34:07Z" user="AndreasOdense" uid="12159956" lat="55.9865489" lon="14.1209430"/>
 <node id="1021400693" visible="true" version="2" changeset="47743022" timestamp="2017-04-13T13:29:48Z" user="Grillo" uid="13957" lat="55.9870399" lon="14.1230213"/>
 <node id="1021400696" visible="true" version="2" changeset="47743022" timestamp="2017-04-13T13:29:48Z" user="Grillo" uid="13957" lat="55.9866603" lon="14.1207039"/>
 <node id="1021400698" visible="true" version="2" changeset="157292765" timestamp="2024-09-30T11:34:07Z" user="AndreasOdense" uid="12159956" lat="55.9867518" lon="14.1233513"/>
 <node id="1021400717" visible="true" version="2" changeset="157292765" timestamp="2024-09-30T11:34:07Z" user="AndreasOdense" uid="12159956" lat="55.9867927" lon="14.1208894"/>
 <node id="1021400719" visible="true" version="3" changeset="157292765" timestamp="2024-09-30T11:34:07Z" user="AndreasOdense" uid="12159956" lat="55.9867488" lon="14.1207252"/>
 <node id="1021400722" visible="true" version="2" changeset="157292765" timestamp="2024-09-30T11:34:07Z" user="AndreasOdense" uid="12159956" lat="55.9870948" lon="14.1237256"/>
 <node id="1021400724" visible="true" version="2" changeset="47743022" timestamp="2017-04-13T13:29:48Z" user="Grillo" uid="13957" lat="55.9863287" lon="14.1232036"/>
 <node id="1021400742" visible="true" version="2" changeset="123573040" timestamp="2022-07-13T16:35:16Z" user="archie" uid="156646" lat="55.9866167" lon="14.1343108"/>
 <node id="1021400743" visible="true" version="2" changeset="60262284" timestamp="2018-06-28T23:09:37Z" user="Essin" uid="438299" lat="55.9901424" lon="14.1367596"/>
 <node id="1021400746" visible="true" version="1" changeset="6545902" timestamp="2010-12-05T01:42:34Z" user="jorchr" uid="89041" lat="55.9870729" lon="14.1238581"/>
 <node id="1021400748" visible="true" version="3" changeset="123574294" timestamp="2022-07-13T17:16:40Z" user="archie" uid="156646" lat="55.9896612" lon="14.1450443"/>
 <node id="1021400762" visible="true" version="2" changeset="157292765" timestamp="2024-09-30T11:34:07Z" user="AndreasOdense" uid="12159956" lat="55.9867613" lon="14.1224580"/>
 <node id="1021400769" visible="true" version="2" changeset="47743022" timestamp="2017-04-13T13:29:48Z" user="Grillo" uid="13957" lat="55.9864367" lon="14.1232895"/>
 <node id="1021400772" visible="true" version="3" changeset="123573494" timestamp="2022-07-13T16:51:03Z" user="archie" uid="156646" lat="55.9864771" lon="14.1430226"/>
 <node id="1021400775" visible="true" version="3" changeset="123573040" timestamp="2022-07-13T16:35:16Z" user="archie" uid="156646" lat="55.9872371" lon="14.1346930"/>
 <node id="1021400793" visible="true" version="2" changeset="157292765" timestamp="2024-09-30T11:34:07Z" user="AndreasOdense" uid="12159956" lat="55.9868255" lon="14.1239023"/>
 <node id="1021400799" visible="true" version="3" changeset="123574294" timestamp="2022-07-13T17:16:40Z" user="archie" uid="156646" lat="55.9891335" lon="14.1446903"/>
 <node id="1021400807" visible="true" version="3" changeset="157292765" timestamp="2024-09-30T11:34:07Z" user="AndreasOdense" uid="12159956" lat="55.9863018" lon="14.1230373"/>
 <node id="1021400821" visible="true" version="1" changeset="6545902" timestamp="2010-12-05T01:42:35Z" user="jorchr" uid="89041" lat="55.9867008" lon="14.1223507"/>
 <node id="1021400835" visible="true" version="2" changeset="157292765" timestamp="2024-09-30T11:34:07Z" user="AndreasOdense" uid="12159956" lat="55.9868264" lon="14.1224404"/>
 <node id="1021400839" visible="true" version="1" changeset="6545902" timestamp="2010-12-05T01:42:35Z" user="jorchr" uid="89041" lat="55.9868808" lon="14.1223293"/>
 <node id="1021400848" visible="true" version="1" changeset="6545902" timestamp="2010-12-05T01:42:36Z" user="jorchr" uid="89041" lat="55.9914747" lon="14.1297054"/>
 <node id="1021400850" visible="true" version="2" changeset="118852867" timestamp="2022-03-24T08:34:21Z" user="brhanadem" uid="14892133" lat="55.9871686" lon="14.1435736"/>
 <node id="1021400870" visible="true" version="3" changeset="123574294" timestamp="2022-07-13T17:16:40Z" user="archie" uid="156646" lat="55.9887505" lon="14.1444515"/>
 <node id="1021400879" visible="true" version="2" changeset="60262284" timestamp="2018-06-28T23:09:37Z" user="Essin" uid="438299" lat="55.9897944" lon="14.1365075"/>
 <node id="1021400884" visible="true" version="2" changeset="157292765" timestamp="2024-09-30T11:34:07Z" user="AndreasOdense" uid="12159956" lat="55.9869991" lon="14.1235077"/>
 <node id="1021400885" visible="true" version="1" changeset="6545902" timestamp="2010-12-05T01:42:36Z" user="jorchr" uid="89041" lat="55.9922968" lon="14.1303062"/>
 <node id="1021400886" visible="true" version="2" changeset="157292765" timestamp="2024-09-30T11:34:07Z" user="AndreasOdense" uid="12159956" lat="55.9869155" lon="14.1220505"/>
 <node id="1021400897" visible="true" version="2" changeset="123573494" timestamp="2022-07-13T16:51:03Z" user="archie" uid="156646" lat="55.9898169" lon="14.1288820"/>
 <node id="1021400899" visible="true" version="3" changeset="157292765" timestamp="2024-09-30T11:34:07Z" user="AndreasOdense" uid="12159956" lat="55.9869965" lon="14.1218948"/>
 <node id="1021400900" visible="true" version="2" changeset="157292765" timestamp="2024-09-30T11:34:07Z" user="AndreasOdense" uid="12159956" lat="55.9867004" lon="14.1214343"/>
 <node id="1021400903" visible="true" version="3" changeset="123574294" timestamp="2022-07-13T17:16:40Z" user="archie" uid="156646" lat="55.9858696" lon="14.1339614"/>
 <node id="1021400934" visible="true" version="1" changeset="6545902" timestamp="2010-12-05T01:42:37Z" user="jorchr" uid="89041" lat="55.9911237" lon="14.1295176"/>
 <node id="1021400936" visible="true" version="1" changeset="6545902" timestamp="2010-12-05T01:42:37Z" user="jorchr" uid="89041" lat="55.9863647" lon="14.1227155"/>
 <node id="1021400948" visible="true" version="3" changeset="123573040" timestamp="2022-07-13T16:35:16Z" user="archie" uid="156646" lat="55.9858987" lon="14.1421938"/>
 <node id="1021400950" visible="true" version="1" changeset="6545902" timestamp="2010-12-05T01:42:38Z" user="jorchr" uid="89041" lat="55.9877870" lon="14.1276722"/>
 <node id="1021400959" visible="true" version="1" changeset="6545902" timestamp="2010-12-05T01:42:38Z" user="jorchr" uid="89041" lat="55.9918138" lon="14.1299307"/>
 <node id="1021400964" visible="true" version="2" changeset="123573494" timestamp="2022-07-13T16:51:03Z" user="archie" uid="156646" lat="55.9901147" lon="14.1290429"/>
 <node id="1021400973" visible="true" version="1" changeset="6545902" timestamp="2010-12-05T01:42:38Z" user="jorchr" uid="89041" lat="55.9872559" lon="14.1263526"/>
 <node id="1021400988" visible="true" version="1" changeset="6545902" timestamp="2010-12-05T01:42:38Z" user="jorchr" uid="89041" lat="55.9860706" lon="14.1234719"/>
 <node id="1021400989" visible="true" version="2" changeset="123573040" timestamp="2022-07-13T16:35:16Z" user="archie" uid="156646" lat="55.9880840" lon="14.1352120"/>
 <node id="1021400991" visible="true" version="3" changeset="123574294" timestamp="2022-07-13T17:16:40Z" user="archie" uid="156646" lat="55.9889700" lon="14.1445756"/>
 <node id="1021400992" visible="true" version="2" changeset="157292765" timestamp="2024-09-30T11:34:07Z" user="AndreasOdense" uid="12159956" lat="55.9866344" lon="14.1218672"/>
 <node id="1021400997" visible="true" version="2" changeset="118852867" timestamp="2022-03-24T08:34:21Z" user="brhanadem" uid="14892133" lat="55.9861123" lon="14.1425276"/>
 <node id="1021401006" visible="true" version="3" changeset="123574294" timestamp="2022-07-13T17:16:40Z" user="archie" uid="156646" lat="55.9881418" lon="14.1441151"/>
 <node id="1021401007" visible="true" version="2" changeset="123573040" timestamp="2022-07-13T16:35:16Z" user="archie" uid="156646" lat="55.9895108" lon="14.1363305"/>
 <node id="1021401025" visible="true" version="1" changeset="6545902" timestamp="2010-12-05T01:42:39Z" user="jorchr" uid="89041" lat="55.9906136" lon="14.1292816"/>
 <node id="1021401026" visible="true" version="2" changeset="123573494" timestamp="2022-07-13T16:51:03Z" user="archie" uid="156646" lat="55.9889805" lon="14.1283683"/>
 <node id="1021401028" visible="true" version="2" changeset="157292765" timestamp="2024-09-30T11:34:07Z" user="AndreasOdense" uid="12159956" lat="55.9867828" lon="14.1210658"/>
 <node id="1021401034" visible="true" version="1" changeset="6545902" timestamp="2010-12-05T01:42:39Z" user="jorchr" uid="89041" lat="55.9885282" lon="14.1354936"/>
 <node id="1021401049" visible="true" version="3" changeset="123573040" timestamp="2022-07-13T16:35:16Z" user="archie" uid="156646" lat="55.9866857" lon="14.1247340"/>
 <node id="1021401058" visible="true" version="3" changeset="157292765" timestamp="2024-09-30T11:34:07Z" user="AndreasOdense" uid="12159956" lat="55.9869129" lon="14.1230595"/>
 <node id="1021401068" visible="true" version="2" changeset="157292765" timestamp="2024-09-30T11:34:07Z" user="AndreasOdense" uid="12159956" lat="55.9866262" lon="14.1226984"/>
 <node id="1021401070" visible="true" version="3" changeset="123573040" timestamp="2022-07-13T16:35:16Z" user="archie" uid="156646" lat="55.9866287" lon="14.1246253"/>
 <node id="1021401072" visible="true" version="2" changeset="157292765" timestamp="2024-09-30T11:34:07Z" user="AndreasOdense" uid="12159956" lat="55.9864877" lon="14.1226083"/>
 <node id="1021401079" visible="true" version="3" changeset="123573040" timestamp="2022-07-13T16:35:16Z" user="archie" uid="156646" lat="55.9867607" lon="14.1433552"/>
 <node id="1021401100" visible="true" version="2" changeset="47743022" timestamp="2017-04-13T13:29:48Z" user="Grillo" uid="13957" lat="55.9871209" lon="14.1219269"/>
 <node id="1021401103" visible="true" version="1" changeset="6545902" timestamp="2010-12-05T01:42:41Z" user="jorchr" uid="89041" lat="55.9876460" lon="14.1275006"/>
 <node id="1022685634" visible="true" version="2" changeset="118852867" timestamp="2022-03-24T08:34:21Z" user="brhanadem" uid="14892133" lat="55.9896799" lon="14.1362407"/>
 <node id="1176873759" visible="true" version="2" changeset="123573040" timestamp="2022-07-13T16:35:16Z" user="archie" uid="156646" lat="55.9830523" lon="14.1326507"/>
 <node id="1176873762" visible="true" version="3" changeset="123573040" timestamp="2022-07-13T16:35:16Z" user="archie" uid="156646" lat="55.9852888" lon="14.1407333"/>
 <node id="1176873763" visible="true" version="3" changeset="123573040" timestamp="2022-07-13T16:35:16Z" user="archie" uid="156646" lat="55.9845348" lon="14.1389537"/>
 <node id="1176873789" visible="true" version="3" changeset="123573040" timestamp="2022-07-13T16:35:16Z" user="archie" uid="156646" lat="55.9838386" lon="14.1371814"/>
 <node id="1176873793" visible="true" version="3" changeset="123573040" timestamp="2022-07-13T16:35:16Z" user="archie" uid="156646" lat="55.9834740" lon="14.1358611"/>
 <node id="1176873797" visible="true" version="3" changeset="123573040" timestamp="2022-07-13T16:35:16Z" user="archie" uid="156646" lat="55.9827665" lon="14.1325117"/>
 <node id="1599113140" visible="true" version="3" changeset="123574294" timestamp="2022-07-13T17:16:40Z" user="archie" uid="156646" lat="55.9895224" lon="14.1449484"/>
 <node id="1646691655" visible="true" version="3" changeset="13226069" timestamp="2012-09-23T21:26:12Z" user="johanemilsson" uid="559500" lat="55.9783066" lon="14.1412393"/>
 <node id="1646691657" visible="true" version="3" changeset="13226069" timestamp="2012-09-23T21:26:10Z" user="johanemilsson" uid="559500" lat="55.9810479" lon="14.1406114"/>
 <node id="1646691669" visible="true" version="3" changeset="13226069" timestamp="2012-09-23T21:26:09Z" user="johanemilsson" uid="559500" lat="55.9783452" lon="14.1373955"/>
 <node id="1646691670" visible="true" version="3" changeset="13226069" timestamp="2012-09-23T21:26:09Z" user="johanemilsson" uid="559500" lat="55.9776463" lon="14.1363470"/>
 <node id="1646691675" visible="true" version="3" changeset="13226069" timestamp="2012-09-23T21:26:10Z" user="johanemilsson" uid="559500" lat="55.9800594" lon="14.1414110"/>
 <node id="1646691714" visible="true" version="3" changeset="13226069" timestamp="2012-09-23T21:26:11Z" user="johanemilsson" uid="559500" lat="55.9766792" lon="14.1325908"/>
 <node id="1646691719" visible="true" version="3" changeset="13226069" timestamp="2012-09-23T21:26:10Z" user="johanemilsson" uid="559500" lat="55.9786788" lon="14.1429345"/>
 <node id="1646691728" visible="true" version="3" changeset="13226069" timestamp="2012-09-23T21:26:11Z" user="johanemilsson" uid="559500" lat="55.9788139" lon="14.1411964"/>
 <node id="1646691729" visible="true" version="3" changeset="13226069" timestamp="2012-09-23T21:26:11Z" user="johanemilsson" uid="559500" lat="55.9774212" lon="14.1402094"/>
 <node id="1646691740" visible="true" version="3" changeset="13226069" timestamp="2012-09-23T21:26:09Z" user="johanemilsson" uid="559500" lat="55.9776343" lon="14.1396515"/>
 <node id="1646691765" visible="true" version="3" changeset="13226069" timestamp="2012-09-23T21:26:10Z" user="johanemilsson" uid="559500" lat="55.9767780" lon="14.1364264"/>
 <node id="1646691789" visible="true" version="3" changeset="13226069" timestamp="2012-09-23T21:26:11Z" user="johanemilsson" uid="559500" lat="55.9765527" lon="14.1303960"/>
 <node id="1646691816" visible="true" version="3" changeset="13226069" timestamp="2012-09-23T21:26:10Z" user="johanemilsson" uid="559500" lat="55.9799206" lon="14.1427027"/>
 <node id="1646691853" visible="true" version="3" changeset="13226069" timestamp="2012-09-23T21:26:09Z" user="johanemilsson" uid="559500" lat="55.9785591" lon="14.1403837"/>
 <node id="1646691865" visible="true" version="3" changeset="13226069" timestamp="2012-09-23T21:26:13Z" user="johanemilsson" uid="559500" lat="55.9812939" lon="14.1415950"/>
 <node id="1646691869" visible="true" version="3" changeset="13226069" timestamp="2012-09-23T21:26:13Z" user="johanemilsson" uid="559500" lat="55.9807652" lon="14.1412981"/>
 <node id="1646691889" visible="true" version="3" changeset="13226069" timestamp="2012-09-23T21:26:10Z" user="johanemilsson" uid="559500" lat="55.9784437" lon="14.1386684"/>
 <node id="1646691915" visible="true" version="3" changeset="13226069" timestamp="2012-09-23T21:26:14Z" user="johanemilsson" uid="559500" lat="55.9808272" lon="14.1406940"/>
 <node id="1762536931" visible="true" version="3" changeset="13226069" timestamp="2012-09-23T21:26:12Z" user="johanemilsson" uid="559500" lat="55.9786885" lon="14.1431851"/>
 <node id="1762536932" visible="true" version="1" changeset="11675818" timestamp="2012-05-22T20:58:36Z" user="johanemilsson" uid="559500" lat="55.9791133" lon="14.1432180"/>
 <node id="1762536940" visible="true" version="1" changeset="11675818" timestamp="2012-05-22T20:58:36Z" user="johanemilsson" uid="559500" lat="55.9800556" lon="14.1429385"/>
 <node id="1762536942" visible="true" version="1" changeset="11675818" timestamp="2012-05-22T20:58:37Z" user="johanemilsson" uid="559500" lat="55.9827723" lon="14.1410674"/>
 <node id="1762544768" visible="true" version="3" changeset="123573040" timestamp="2022-07-13T16:35:16Z" user="archie" uid="156646" lat="55.9764708" lon="14.1258417"/>
 <node id="1922262135" visible="true" version="1" changeset="13172842" timestamp="2012-09-19T18:22:04Z" user="johanemilsson" uid="559500" lat="55.9821433" lon="14.1062670"/>
 <node id="1922262137" visible="true" version="1" changeset="13172842" timestamp="2012-09-19T18:22:04Z" user="johanemilsson" uid="559500" lat="55.9825142" lon="14.1148780"/>
 <node id="1922262138" visible="true" version="1" changeset="13172842" timestamp="2012-09-19T18:22:04Z" user="johanemilsson" uid="559500" lat="55.9845729" lon="14.1110263"/>
 <node id="1922262139" visible="true" version="1" changeset="13172842" timestamp="2012-09-19T18:22:04Z" user="johanemilsson" uid="559500" lat="55.9829704" lon="14.1100715"/>
 <node id="1922262140" visible="true" version="1" changeset="13172842" timestamp="2012-09-19T18:22:04Z" user="johanemilsson" uid="559500" lat="55.9891803" lon="14.0968417"/>
 <node id="1922262142" visible="true" version="2" changeset="122543596" timestamp="2022-06-18T11:46:14Z" user="Jessica Lily" uid="163346" lat="55.9833035" lon="14.0987821"/>
 <node id="1922262143" visible="true" version="2" changeset="122543596" timestamp="2022-06-18T11:46:14Z" user="Jessica Lily" uid="163346" lat="55.9842938" lon="14.0998657"/>
 <node id="1922262146" visible="true" version="1" changeset="13172842" timestamp="2012-09-19T18:22:04Z" user="johanemilsson" uid="559500" lat="55.9830586" lon="14.1119694"/>
 <node id="1922262147" visible="true" version="2" changeset="13226069" timestamp="2012-09-23T21:33:23Z" user="johanemilsson" uid="559500" lat="55.9862677" lon="14.0932337"/>
 <node id="1922262148" visible="true" version="1" changeset="13172842" timestamp="2012-09-19T18:22:04Z" user="johanemilsson" uid="559500" lat="55.9818311" lon="14.0992772"/>
 <node id="1922262149" visible="true" version="1" changeset="13172842" timestamp="2012-09-19T18:22:05Z" user="johanemilsson" uid="559500" lat="55.9849390" lon="14.0938602"/>
 <node id="1922262150" visible="true" version="1" changeset="13172842" timestamp="2012-09-19T18:22:05Z" user="johanemilsson" uid="559500" lat="55.9852433" lon="14.1090512"/>
 <node id="1922262151" visible="true" version="1" changeset="13172842" timestamp="2012-09-19T18:22:05Z" user="johanemilsson" uid="559500" lat="55.9838389" lon="14.0938108"/>
 <node id="1922262154" visible="true" version="1" changeset="13172842" timestamp="2012-09-19T18:22:05Z" user="johanemilsson" uid="559500" lat="55.9817007" lon="14.0993672"/>
 <node id="1922262155" visible="true" version="1" changeset="13172842" timestamp="2012-09-19T18:22:05Z" user="johanemilsson" uid="559500" lat="55.9835167" lon="14.0944771"/>
 <node id="1922262156" visible="true" version="2" changeset="13226069" timestamp="2012-09-23T21:33:23Z" user="johanemilsson" uid="559500" lat="55.9864488" lon="14.0952051"/>
 <node id="1922262157" visible="true" version="1" changeset="13172842" timestamp="2012-09-19T18:22:05Z" user="johanemilsson" uid="559500" lat="55.9804615" lon="14.1002224"/>
 <node id="1922262158" visible="true" version="1" changeset="13172842" timestamp="2012-09-19T18:22:05Z" user="johanemilsson" uid="559500" lat="55.9827543" lon="14.1144166"/>
 <node id="1922262161" visible="true" version="1" changeset="13172842" timestamp="2012-09-19T18:22:05Z" user="johanemilsson" uid="559500" lat="55.9839967" lon="14.0975831"/>
 <node id="1922262163" visible="true" version="1" changeset="13172842" timestamp="2012-09-19T18:22:05Z" user="johanemilsson" uid="559500" lat="55.9811878" lon="14.1077970"/>
 <node id="1922262164" visible="true" version="1" changeset="13172842" timestamp="2012-09-19T18:22:05Z" user="johanemilsson" uid="559500" lat="55.9818481" lon="14.1147600"/>
 <node id="1922262165" visible="true" version="1" changeset="13172842" timestamp="2012-09-19T18:22:05Z" user="johanemilsson" uid="559500" lat="55.9822633" lon="14.1059344"/>
 <node id="1922262166" visible="true" version="1" changeset="13172842" timestamp="2012-09-19T18:22:05Z" user="johanemilsson" uid="559500" lat="55.9821212" lon="14.1038648"/>
 <node id="1922262168" visible="true" version="1" changeset="13172842" timestamp="2012-09-19T18:22:05Z" user="johanemilsson" uid="559500" lat="55.9836768" lon="14.1100489"/>
 <node id="1922262169" visible="true" version="1" changeset="13172842" timestamp="2012-09-19T18:22:05Z" user="johanemilsson" uid="559500" lat="55.9837668" lon="14.1112184"/>
 <node id="1922262171" visible="true" version="1" changeset="13172842" timestamp="2012-09-19T18:22:05Z" user="johanemilsson" uid="559500" lat="55.9817371" lon="14.0976636"/>
 <node id="1922262172" visible="true" version="1" changeset="13172842" timestamp="2012-09-19T18:22:05Z" user="johanemilsson" uid="559500" lat="55.9806397" lon="14.1020452"/>
 <node id="1922262174" visible="true" version="1" changeset="13172842" timestamp="2012-09-19T18:22:05Z" user="johanemilsson" uid="559500" lat="55.9872058" lon="14.0970241"/>
 <node id="1922262175" visible="true" version="1" changeset="13172842" timestamp="2012-09-19T18:22:05Z" user="johanemilsson" uid="559500" lat="55.9892721" lon="14.0967463"/>
 <node id="1922262177" visible="true" version="1" changeset="13172842" timestamp="2012-09-19T18:22:05Z" user="johanemilsson" uid="559500" lat="55.9882159" lon="14.0947722"/>
 <node id="1922262178" visible="true" version="1" changeset="13172842" timestamp="2012-09-19T18:22:05Z" user="johanemilsson" uid="559500" lat="55.9835508" lon="14.1163360"/>
 <node id="1922262179" visible="true" version="1" changeset="13172842" timestamp="2012-09-19T18:22:05Z" user="johanemilsson" uid="559500" lat="55.9821421" lon="14.1153501"/>
 <node id="1922262180" visible="true" version="1" changeset="13172842" timestamp="2012-09-19T18:22:06Z" user="johanemilsson" uid="559500" lat="55.9824033" lon="14.0965800"/>
 <node id="1922262181" visible="true" version="1" changeset="13172842" timestamp="2012-09-19T18:22:06Z" user="johanemilsson" uid="559500" lat="55.9825502" lon="14.1118203"/>
 <node id="1922262182" visible="true" version="1" changeset="13172842" timestamp="2012-09-19T18:22:06Z" user="johanemilsson" uid="559500" lat="55.9830466" lon="14.1192114"/>
 <node id="1922262183" visible="true" version="1" changeset="13172842" timestamp="2012-09-19T18:22:06Z" user="johanemilsson" uid="559500" lat="55.9825742" lon="14.1154466"/>
 <node id="1922262184" visible="true" version="1" changeset="13172842" timestamp="2012-09-19T18:22:06Z" user="johanemilsson" uid="559500" lat="55.9818900" lon="14.1184507"/>
 <node id="1922262186" visible="true" version="2" changeset="122543596" timestamp="2022-06-18T11:46:14Z" user="Jessica Lily" uid="163346" lat="55.9833995" lon="14.1002197"/>
 <node id="1922262187" visible="true" version="1" changeset="13172842" timestamp="2012-09-19T18:22:06Z" user="johanemilsson" uid="559500" lat="55.9843808" lon="14.1092775"/>
 <node id="1922262189" visible="true" version="1" changeset="13172842" timestamp="2012-09-19T18:22:06Z" user="johanemilsson" uid="559500" lat="55.9840149" lon="14.0933238"/>
 <node id="1922262190" visible="true" version="2" changeset="13235308" timestamp="2012-09-24T16:15:48Z" user="johanemilsson" uid="559500" lat="55.9849504" lon="14.0933301"/>
 <node id="1922262191" visible="true" version="2" changeset="122543596" timestamp="2022-06-18T11:46:14Z" user="Jessica Lily" uid="163346" lat="55.9841138" lon="14.0984495"/>
 <node id="1922266789" visible="true" version="1" changeset="13172842" timestamp="2012-09-19T18:27:01Z" user="johanemilsson" uid="559500" lat="55.9871764" lon="14.0970293"/>
 <node id="1922293567" visible="true" version="1" changeset="13172842" timestamp="2012-09-19T18:41:38Z" user="johanemilsson" uid="559500" lat="55.9835946" lon="14.1327951"/>
 <node id="1922293568" visible="true" version="1" changeset="13172842" timestamp="2012-09-19T18:41:39Z" user="johanemilsson" uid="559500" lat="55.9837806" lon="14.1305850"/>
 <node id="1922293569" visible="true" version="1" changeset="13172842" timestamp="2012-09-19T18:41:39Z" user="johanemilsson" uid="559500" lat="55.9832465" lon="14.1326557"/>
 <node id="1922293570" visible="true" version="1" changeset="13172842" timestamp="2012-09-19T18:41:39Z" user="johanemilsson" uid="559500" lat="55.9764035" lon="14.1226242"/>
 <node id="1922293571" visible="true" version="1" changeset="13172842" timestamp="2012-09-19T18:41:39Z" user="johanemilsson" uid="559500" lat="55.9778682" lon="14.1197703"/>
 <node id="1922293572" visible="true" version="1" changeset="13172842" timestamp="2012-09-19T18:41:39Z" user="johanemilsson" uid="559500" lat="55.9828023" lon="14.1325591"/>
 <node id="1922293573" visible="true" version="1" changeset="13172842" timestamp="2012-09-19T18:41:39Z" user="johanemilsson" uid="559500" lat="55.9788389" lon="14.1203272"/>
 <node id="1922293574" visible="true" version="1" changeset="13172842" timestamp="2012-09-19T18:41:39Z" user="johanemilsson" uid="559500" lat="55.9813960" lon="14.1099918"/>
 <node id="1922293575" visible="true" version="2" changeset="182913524" timestamp="2026-05-20T07:46:35Z" user="aleno150" uid="1754773" lat="55.9799094" lon="14.1283324"/>
 <node id="1922293576" visible="true" version="2" changeset="123573494" timestamp="2022-07-13T16:51:03Z" user="archie" uid="156646" lat="55.9767278" lon="14.1260456"/>
 <node id="1922293577" visible="true" version="1" changeset="13172842" timestamp="2012-09-19T18:41:39Z" user="johanemilsson" uid="559500" lat="55.9793611" lon="14.1208743"/>
 <node id="1922293578" visible="true" version="1" changeset="13172842" timestamp="2012-09-19T18:41:39Z" user="johanemilsson" uid="559500" lat="55.9777962" lon="14.1130326"/>
 <node id="1922293579" visible="true" version="1" changeset="13172842" timestamp="2012-09-19T18:41:39Z" user="johanemilsson" uid="559500" lat="55.9768237" lon="14.1196631"/>
 <node id="1922293580" visible="true" version="1" changeset="13172842" timestamp="2012-09-19T18:41:39Z" user="johanemilsson" uid="559500" lat="55.9751188" lon="14.1244481"/>
 <node id="1922293581" visible="true" version="1" changeset="13172842" timestamp="2012-09-19T18:41:39Z" user="johanemilsson" uid="559500" lat="55.9810076" lon="14.1289757"/>
 <node id="1922293582" visible="true" version="1" changeset="13172842" timestamp="2012-09-19T18:41:39Z" user="johanemilsson" uid="559500" lat="55.9802235" lon="14.1287531"/>
 <node id="1922293583" visible="true" version="1" changeset="13172842" timestamp="2012-09-19T18:41:39Z" user="johanemilsson" uid="559500" lat="55.9781065" lon="14.1231167"/>
 <node id="1922293584" visible="true" version="2" changeset="123573494" timestamp="2022-07-13T16:51:03Z" user="archie" uid="156646" lat="55.9779448" lon="14.1273315"/>
 <node id="1922293585" visible="true" version="2" changeset="182913524" timestamp="2026-05-20T07:46:35Z" user="aleno150" uid="1754773" lat="55.9796527" lon="14.1276756"/>
 <node id="1922293586" visible="true" version="1" changeset="13172842" timestamp="2012-09-19T18:41:39Z" user="johanemilsson" uid="559500" lat="55.9768237" lon="14.1200707"/>
 <node id="1922293587" visible="true" version="1" changeset="13172842" timestamp="2012-09-19T18:41:40Z" user="johanemilsson" uid="559500" lat="55.9762234" lon="14.1202209"/>
 <node id="1922293588" visible="true" version="1" changeset="13172842" timestamp="2012-09-19T18:41:40Z" user="johanemilsson" uid="559500" lat="55.9806895" lon="14.1211436"/>
 <node id="1922293589" visible="true" version="1" changeset="13172842" timestamp="2012-09-19T18:41:40Z" user="johanemilsson" uid="559500" lat="55.9792249" lon="14.1151140"/>
 <node id="1922293590" visible="true" version="1" changeset="13172842" timestamp="2012-09-19T18:41:40Z" user="johanemilsson" uid="559500" lat="55.9769678" lon="14.1224311"/>
 <node id="1922293591" visible="true" version="1" changeset="13172842" timestamp="2012-09-19T18:41:40Z" user="johanemilsson" uid="559500" lat="55.9795730" lon="14.1271840"/>
 <node id="1922293592" visible="true" version="1" changeset="13172842" timestamp="2012-09-19T18:41:40Z" user="johanemilsson" uid="559500" lat="55.9770158" lon="14.1227100"/>
 <node id="1922293593" visible="true" version="1" changeset="13172842" timestamp="2012-09-19T18:41:40Z" user="johanemilsson" uid="559500" lat="55.9747928" lon="14.1205632"/>
 <node id="1922293594" visible="true" version="1" changeset="13172842" timestamp="2012-09-19T18:41:40Z" user="johanemilsson" uid="559500" lat="55.9791948" lon="14.1270445"/>
 <node id="1922293595" visible="true" version="1" changeset="13172842" timestamp="2012-09-19T18:41:40Z" user="johanemilsson" uid="559500" lat="55.9741084" lon="14.1222584"/>
 <node id="1922293596" visible="true" version="1" changeset="13172842" timestamp="2012-09-19T18:41:40Z" user="johanemilsson" uid="559500" lat="55.9785165" lon="14.1266583"/>
 <node id="1922293597" visible="true" version="2" changeset="182913524" timestamp="2026-05-20T07:46:35Z" user="aleno150" uid="1754773" lat="55.9799008" lon="14.1277042"/>
 <node id="1922293598" visible="true" version="1" changeset="13172842" timestamp="2012-09-19T18:41:40Z" user="johanemilsson" uid="559500" lat="55.9789127" lon="14.1274200"/>
 <node id="1922293599" visible="true" version="1" changeset="13172842" timestamp="2012-09-19T18:41:40Z" user="johanemilsson" uid="559500" lat="55.9832104" lon="14.1229032"/>
 <node id="1922293600" visible="true" version="1" changeset="13172842" timestamp="2012-09-19T18:41:40Z" user="johanemilsson" uid="559500" lat="55.9745304" lon="14.1199205"/>
 <node id="1922293601" visible="true" version="1" changeset="13172842" timestamp="2012-09-19T18:41:40Z" user="johanemilsson" uid="559500" lat="55.9839307" lon="14.1268514"/>
 <node id="1922293602" visible="true" version="1" changeset="13172842" timestamp="2012-09-19T18:41:40Z" user="johanemilsson" uid="559500" lat="55.9832585" lon="14.1264651"/>
 <node id="1922293603" visible="true" version="1" changeset="13172842" timestamp="2012-09-19T18:41:40Z" user="johanemilsson" uid="559500" lat="55.9789787" lon="14.1269157"/>
 <node id="1922293604" visible="true" version="1" changeset="13172842" timestamp="2012-09-19T18:41:40Z" user="johanemilsson" uid="559500" lat="55.9791168" lon="14.1274951"/>
 <node id="1922293605" visible="true" version="1" changeset="13172842" timestamp="2012-09-19T18:41:40Z" user="johanemilsson" uid="559500" lat="55.9823743" lon="14.1291677"/>
 <node id="1922293606" visible="true" version="1" changeset="13172842" timestamp="2012-09-19T18:41:40Z" user="johanemilsson" uid="559500" lat="55.9836666" lon="14.1295980"/>
 <node id="1922293607" visible="true" version="1" changeset="13172842" timestamp="2012-09-19T18:41:40Z" user="johanemilsson" uid="559500" lat="55.9776521" lon="14.1109083"/>
 <node id="1922293608" visible="true" version="1" changeset="13172842" timestamp="2012-09-19T18:41:41Z" user="johanemilsson" uid="559500" lat="55.9777464" lon="14.1138684"/>
 <node id="1922293609" visible="true" version="1" changeset="13172842" timestamp="2012-09-19T18:41:41Z" user="johanemilsson" uid="559500" lat="55.9818540" lon="14.1220449"/>
 <node id="1922293610" visible="true" version="1" changeset="13172842" timestamp="2012-09-19T18:41:41Z" user="johanemilsson" uid="559500" lat="55.9777121" lon="14.1132472"/>
 <node id="1922302468" visible="true" version="1" changeset="13174134" timestamp="2012-09-19T18:45:53Z" user="johanemilsson" uid="559500" lat="55.9807870" lon="14.1259985"/>
 <node id="1922302470" visible="true" version="2" changeset="123573040" timestamp="2022-07-13T16:35:16Z" user="archie" uid="156646" lat="55.9815398" lon="14.1318700"/>
 <node id="1922302474" visible="true" version="1" changeset="13174134" timestamp="2012-09-19T18:45:53Z" user="johanemilsson" uid="559500" lat="55.9840672" lon="14.1290026"/>
 <node id="1922302476" visible="true" version="1" changeset="13174134" timestamp="2012-09-19T18:45:53Z" user="johanemilsson" uid="559500" lat="55.9839922" lon="14.1296410"/>
 <node id="1922302478" visible="true" version="3" changeset="123627857" timestamp="2022-07-14T22:23:34Z" user="Johan Holmberg" uid="485974" lat="55.9816555" lon="14.1309318"/>
 <node id="1922302480" visible="true" version="3" changeset="123573040" timestamp="2022-07-13T16:35:16Z" user="archie" uid="156646" lat="55.9809495" lon="14.1288518"/>
 <node id="1922302482" visible="true" version="1" changeset="13174134" timestamp="2012-09-19T18:45:53Z" user="johanemilsson" uid="559500" lat="55.9806339" lon="14.1221952"/>
 <node id="1922302484" visible="true" version="3" changeset="123573040" timestamp="2022-07-13T16:35:16Z" user="archie" uid="156646" lat="55.9813017" lon="14.1289631"/>
 <node id="1922302485" visible="true" version="3" changeset="123627857" timestamp="2022-07-14T22:23:34Z" user="Johan Holmberg" uid="485974" lat="55.9816881" lon="14.1299277"/>
 <node id="1922302486" visible="true" version="3" changeset="123573040" timestamp="2022-07-13T16:35:16Z" user="archie" uid="156646" lat="55.9818247" lon="14.1290520"/>
 <node id="1922302487" visible="true" version="2" changeset="123573040" timestamp="2022-07-13T16:35:16Z" user="archie" uid="156646" lat="55.9814910" lon="14.1329563"/>
 <node id="1922302488" visible="true" version="5" changeset="123627857" timestamp="2022-07-14T22:23:34Z" user="Johan Holmberg" uid="485974" lat="55.9822282" lon="14.1294659"/>
 <node id="1922302490" visible="true" version="3" changeset="123573040" timestamp="2022-07-13T16:35:16Z" user="archie" uid="156646" lat="55.9825969" lon="14.1316527"/>
 <node id="1922302492" visible="true" version="1" changeset="13174134" timestamp="2012-09-19T18:45:53Z" user="johanemilsson" uid="559500" lat="55.9845851" lon="14.1271412"/>
 <node id="1922302493" visible="true" version="3" changeset="123573040" timestamp="2022-07-13T16:35:16Z" user="archie" uid="156646" lat="55.9808893" lon="14.1285427"/>
 <node id="1922302506" visible="true" version="3" changeset="123573040" timestamp="2022-07-13T16:35:16Z" user="archie" uid="156646" lat="55.9826479" lon="14.1321516"/>
 <node id="1922302508" visible="true" version="3" changeset="123573040" timestamp="2022-07-13T16:35:16Z" user="archie" uid="156646" lat="55.9815900" lon="14.1339862"/>
 <node id="1922302510" visible="true" version="4" changeset="123627857" timestamp="2022-07-14T22:23:34Z" user="Johan Holmberg" uid="485974" lat="55.9816017" lon="14.1295488"/>
 <node id="1922302514" visible="true" version="4" changeset="123574644" timestamp="2022-07-13T17:27:54Z" user="archie" uid="156646" lat="55.9767259" lon="14.1261106"/>
 <node id="1922302516" visible="true" version="2" changeset="123573040" timestamp="2022-07-13T16:35:16Z" user="archie" uid="156646" lat="55.9805801" lon="14.1212699"/>
 <node id="1922302518" visible="true" version="5" changeset="123573494" timestamp="2022-07-13T16:51:03Z" user="archie" uid="156646" lat="55.9787760" lon="14.1278406"/>
 <node id="1922302520" visible="true" version="4" changeset="182913524" timestamp="2026-05-20T07:46:35Z" user="aleno150" uid="1754773" lat="55.9780878" lon="14.1275215"/>
 <node id="1922302523" visible="true" version="1" changeset="13174134" timestamp="2012-09-19T18:45:54Z" user="johanemilsson" uid="559500" lat="55.9842250" lon="14.1290670"/>
 <node id="1922302526" visible="true" version="3" changeset="123573040" timestamp="2022-07-13T16:35:16Z" user="archie" uid="156646" lat="55.9820792" lon="14.1290362"/>
 <node id="1922302527" visible="true" version="3" changeset="123573040" timestamp="2022-07-13T16:35:16Z" user="archie" uid="156646" lat="55.9819322" lon="14.1353220"/>
 <node id="1922302528" visible="true" version="3" changeset="123573040" timestamp="2022-07-13T16:35:16Z" user="archie" uid="156646" lat="55.9825114" lon="14.1309097"/>
 <node id="1922302530" visible="true" version="4" changeset="123627857" timestamp="2022-07-14T22:23:34Z" user="Johan Holmberg" uid="485974" lat="55.9815345" lon="14.1293123"/>
 <node id="1922302536" visible="true" version="3" changeset="123573040" timestamp="2022-07-13T16:35:16Z" user="archie" uid="156646" lat="55.9800395" lon="14.1284716"/>
 <node id="1922302538" visible="true" version="3" changeset="182913524" timestamp="2026-05-20T07:46:35Z" user="aleno150" uid="1754773" lat="55.9821683" lon="14.1362923"/>
 <node id="1922302540" visible="true" version="2" changeset="123627857" timestamp="2022-07-14T22:23:34Z" user="Johan Holmberg" uid="485974" lat="55.9817072" lon="14.1303909"/>
 <node id="1922302542" visible="true" version="4" changeset="123627857" timestamp="2022-07-14T22:23:34Z" user="Johan Holmberg" uid="485974" lat="55.9814179" lon="14.1290059"/>
 <node id="1922302544" visible="true" version="3" changeset="123573040" timestamp="2022-07-13T16:35:16Z" user="archie" uid="156646" lat="55.9809022" lon="14.1288428"/>
 <node id="1922302546" visible="true" version="4" changeset="123573040" timestamp="2022-07-13T16:35:16Z" user="archie" uid="156646" lat="55.9830553" lon="14.1402385"/>
 <node id="1922302548" visible="true" version="2" changeset="123573040" timestamp="2022-07-13T16:35:16Z" user="archie" uid="156646" lat="55.9810573" lon="14.1213584"/>
 <node id="1923972027" visible="true" version="1" changeset="13186876" timestamp="2012-09-20T18:44:58Z" user="johanemilsson" uid="559500" lat="55.9860921" lon="14.1123682"/>
 <node id="1923972035" visible="true" version="2" changeset="123573494" timestamp="2022-07-13T16:51:03Z" user="archie" uid="156646" lat="55.9812584" lon="14.1161898"/>
 <node id="1923972037" visible="true" version="1" changeset="13186876" timestamp="2012-09-20T18:44:58Z" user="johanemilsson" uid="559500" lat="55.9806543" lon="14.1021981"/>
 <node id="1923972038" visible="true" version="2" changeset="123573494" timestamp="2022-07-13T16:51:03Z" user="archie" uid="156646" lat="55.9817971" lon="14.1149077"/>
 <node id="1923972045" visible="true" version="1" changeset="13186876" timestamp="2012-09-20T18:44:58Z" user="johanemilsson" uid="559500" lat="55.9858724" lon="14.1144329"/>
 <node id="1923972050" visible="true" version="1" changeset="13186876" timestamp="2012-09-20T18:44:59Z" user="johanemilsson" uid="559500" lat="55.9836733" lon="14.1230916"/>
 <node id="1923972052" visible="true" version="1" changeset="13186876" timestamp="2012-09-20T18:44:59Z" user="johanemilsson" uid="559500" lat="55.9856023" lon="14.1122872"/>
 <node id="1923972055" visible="true" version="2" changeset="123573494" timestamp="2022-07-13T16:51:03Z" user="archie" uid="156646" lat="55.9811504" lon="14.1174719"/>
 <node id="1923972060" visible="true" version="1" changeset="13186876" timestamp="2012-09-20T18:44:59Z" user="johanemilsson" uid="559500" lat="55.9819387" lon="14.1219329"/>
 <node id="1923972062" visible="true" version="2" changeset="123573494" timestamp="2022-07-13T16:51:03Z" user="archie" uid="156646" lat="55.9811654" lon="14.1195935"/>
 <node id="1923972072" visible="true" version="1" changeset="13186876" timestamp="2012-09-20T18:44:59Z" user="johanemilsson" uid="559500" lat="55.9818607" lon="14.1184836"/>
 <node id="1923972083" visible="true" version="1" changeset="13186876" timestamp="2012-09-20T18:45:00Z" user="johanemilsson" uid="559500" lat="55.9867486" lon="14.1124320"/>
 <node id="1923972086" visible="true" version="2" changeset="123573494" timestamp="2022-07-13T16:51:03Z" user="archie" uid="156646" lat="55.9811939" lon="14.1165787"/>
 <node id="1923972094" visible="true" version="1" changeset="13186876" timestamp="2012-09-20T18:45:00Z" user="johanemilsson" uid="559500" lat="55.9862151" lon="14.1176038"/>
 <node id="1923972110" visible="true" version="1" changeset="13186876" timestamp="2012-09-20T18:45:01Z" user="johanemilsson" uid="559500" lat="55.9818901" lon="14.1210955"/>
 <node id="1923972117" visible="true" version="1" changeset="13186876" timestamp="2012-09-20T18:45:01Z" user="johanemilsson" uid="559500" lat="55.9862565" lon="14.1178125"/>
 <node id="1923972138" visible="true" version="1" changeset="13186876" timestamp="2012-09-20T18:45:02Z" user="johanemilsson" uid="559500" lat="55.9878139" lon="14.1125339"/>
 <node id="1923972144" visible="true" version="1" changeset="13186876" timestamp="2012-09-20T18:45:02Z" user="johanemilsson" uid="559500" lat="55.9820341" lon="14.1220879"/>
 <node id="1923972147" visible="true" version="1" changeset="13186876" timestamp="2012-09-20T18:45:02Z" user="johanemilsson" uid="559500" lat="55.9857134" lon="14.1131186"/>
 <node id="1923974016" visible="true" version="3" changeset="123573040" timestamp="2022-07-13T16:35:16Z" user="archie" uid="156646" lat="55.9870132" lon="14.1256918"/>
 <node id="1923974019" visible="true" version="2" changeset="123573040" timestamp="2022-07-13T16:35:16Z" user="archie" uid="156646" lat="55.9841259" lon="14.1265780"/>
 <node id="1923974020" visible="true" version="3" changeset="123573040" timestamp="2022-07-13T16:35:16Z" user="archie" uid="156646" lat="55.9856887" lon="14.1306201"/>
 <node id="1923974021" visible="true" version="3" changeset="123573040" timestamp="2022-07-13T16:35:16Z" user="archie" uid="156646" lat="55.9834395" lon="14.1301440"/>
 <node id="1923974032" visible="true" version="2" changeset="123572151" timestamp="2022-07-13T16:10:19Z" user="Johan Holmberg" uid="485974" lat="55.9843812" lon="14.1306598"/>
 <node id="1923974034" visible="true" version="3" changeset="157292765" timestamp="2024-09-30T11:34:07Z" user="AndreasOdense" uid="12159956" lat="55.9865265" lon="14.1298360"/>
 <node id="1923974035" visible="true" version="2" changeset="123572151" timestamp="2022-07-13T16:10:19Z" user="Johan Holmberg" uid="485974" lat="55.9850514" lon="14.1309809"/>
 <node id="1923974036" visible="true" version="2" changeset="123572151" timestamp="2022-07-13T16:10:19Z" user="Johan Holmberg" uid="485974" lat="55.9853554" lon="14.1308808"/>
 <node id="1923974038" visible="true" version="2" changeset="123573040" timestamp="2022-07-13T16:35:16Z" user="archie" uid="156646" lat="55.9830969" lon="14.1326712"/>
 <node id="1923978044" visible="true" version="2" changeset="123574644" timestamp="2022-07-13T17:27:54Z" user="archie" uid="156646" lat="55.9763517" lon="14.1233330"/>
 <node id="1923978047" visible="true" version="1" changeset="13186876" timestamp="2012-09-20T18:50:48Z" user="johanemilsson" uid="559500" lat="55.9760374" lon="14.1185260"/>
 <node id="1923978052" visible="true" version="3" changeset="123574644" timestamp="2022-07-13T17:27:54Z" user="archie" uid="156646" lat="55.9771240" lon="14.1137396"/>
 <node id="1923978055" visible="true" version="2" changeset="123574644" timestamp="2022-07-13T17:27:54Z" user="archie" uid="156646" lat="55.9759947" lon="14.1162381"/>
 <node id="1923978059" visible="true" version="1" changeset="13186876" timestamp="2012-09-20T18:50:48Z" user="johanemilsson" uid="559500" lat="55.9758603" lon="14.1171634"/>
 <node id="1923978065" visible="true" version="2" changeset="123574644" timestamp="2022-07-13T17:27:54Z" user="archie" uid="156646" lat="55.9762453" lon="14.1159014"/>
 <node id="1923978067" visible="true" version="2" changeset="123574644" timestamp="2022-07-13T17:27:54Z" user="archie" uid="156646" lat="55.9758266" lon="14.1167477"/>
 <node id="1923978078" visible="true" version="2" changeset="123574644" timestamp="2022-07-13T17:27:54Z" user="archie" uid="156646" lat="55.9766828" lon="14.1150525"/>
 <node id="1923978080" visible="true" version="1" changeset="13186876" timestamp="2012-09-20T18:50:48Z" user="johanemilsson" uid="559500" lat="55.9761184" lon="14.1193896"/>
 <node id="1923978083" visible="true" version="1" changeset="13186876" timestamp="2012-09-20T18:50:49Z" user="johanemilsson" uid="559500" lat="55.9759113" lon="14.1176194"/>
 <node id="1923978084" visible="true" version="2" changeset="123573494" timestamp="2022-07-13T16:51:03Z" user="archie" uid="156646" lat="55.9776388" lon="14.1135719"/>
 <node id="1923978085" visible="true" version="1" changeset="13186876" timestamp="2012-09-20T18:50:49Z" user="johanemilsson" uid="559500" lat="55.9761731" lon="14.1203826"/>
 <node id="1923978088" visible="true" version="2" changeset="123573494" timestamp="2022-07-13T16:51:03Z" user="archie" uid="156646" lat="55.9772126" lon="14.1136524"/>
 <node id="1923991655" visible="true" version="2" changeset="123573494" timestamp="2022-07-13T16:51:03Z" user="archie" uid="156646" lat="55.9764434" lon="14.1259101"/>
 <node id="1923991756" visible="true" version="1" changeset="13186876" timestamp="2012-09-20T18:56:49Z" user="johanemilsson" uid="559500" lat="55.9764996" lon="14.1268998"/>
 <node id="1923991821" visible="true" version="2" changeset="123573494" timestamp="2022-07-13T16:51:03Z" user="archie" uid="156646" lat="55.9764764" lon="14.1262937"/>
 <node id="1923997043" visible="true" version="1" changeset="13186876" timestamp="2012-09-20T18:59:37Z" user="johanemilsson" uid="559500" lat="55.9765927" lon="14.1294157"/>
 <node id="1923999559" visible="true" version="1" changeset="13186876" timestamp="2012-09-20T19:00:52Z" user="johanemilsson" uid="559500" lat="55.9813919" lon="14.1293782"/>
 <node id="1923999561" visible="true" version="1" changeset="13186876" timestamp="2012-09-20T19:00:52Z" user="johanemilsson" uid="559500" lat="55.9825179" lon="14.1326135"/>
 <node id="1923999563" visible="true" version="1" changeset="13186876" timestamp="2012-09-20T19:00:52Z" user="johanemilsson" uid="559500" lat="55.9815960" lon="14.1300595"/>
 <node id="1923999565" visible="true" version="1" changeset="13186876" timestamp="2012-09-20T19:00:52Z" user="johanemilsson" uid="559500" lat="55.9815052" lon="14.1321417"/>
 <node id="1923999566" visible="true" version="1" changeset="13186876" timestamp="2012-09-20T19:00:52Z" user="johanemilsson" uid="559500" lat="55.9826284" lon="14.1326129"/>
 <node id="1929648652" visible="true" version="1" changeset="13226069" timestamp="2012-09-23T21:25:59Z" user="johanemilsson" uid="559500" lat="55.9801850" lon="14.1310255"/>
 <node id="1929648654" visible="true" version="1" changeset="13226069" timestamp="2012-09-23T21:25:59Z" user="johanemilsson" uid="559500" lat="55.9840418" lon="14.1350751"/>
 <node id="1929648656" visible="true" version="2" changeset="103221500" timestamp="2021-04-19T20:29:15Z" user="AndersAndersson" uid="113813" lat="55.9838206" lon="14.1444039"/>
 <node id="1929648657" visible="true" version="2" changeset="103221500" timestamp="2021-04-19T20:29:15Z" user="AndersAndersson" uid="113813" lat="55.9830601" lon="14.1444038"/>
 <node id="1929648658" visible="true" version="2" changeset="182913524" timestamp="2026-05-20T07:46:35Z" user="aleno150" uid="1754773" lat="55.9792840" lon="14.1287622"/>
 <node id="1929648659" visible="true" version="3" changeset="122543596" timestamp="2022-06-18T11:46:14Z" user="Jessica Lily" uid="163346" lat="55.9854306" lon="14.1405487"/>
 <node id="1929648660" visible="true" version="1" changeset="13226069" timestamp="2012-09-23T21:25:59Z" user="johanemilsson" uid="559500" lat="55.9796928" lon="14.1299204"/>
 <node id="1929648665" visible="true" version="1" changeset="13226069" timestamp="2012-09-23T21:25:59Z" user="johanemilsson" uid="559500" lat="55.9807163" lon="14.1310899"/>
 <node id="1929648673" visible="true" version="1" changeset="13226069" timestamp="2012-09-23T21:25:59Z" user="johanemilsson" uid="559500" lat="55.9804703" lon="14.1289912"/>
 <node id="1929648680" visible="true" version="1" changeset="13226069" timestamp="2012-09-23T21:26:00Z" user="johanemilsson" uid="559500" lat="55.9820188" lon="14.1360251"/>
 <node id="1929648684" visible="true" version="1" changeset="13226069" timestamp="2012-09-23T21:26:00Z" user="johanemilsson" uid="559500" lat="55.9835103" lon="14.1346787"/>
 <node id="1929648686" visible="true" version="1" changeset="13226069" timestamp="2012-09-23T21:26:00Z" user="johanemilsson" uid="559500" lat="55.9827391" lon="14.1329030"/>
 <node id="1929648688" visible="true" version="2" changeset="182913524" timestamp="2026-05-20T07:46:35Z" user="aleno150" uid="1754773" lat="55.9799495" lon="14.1284894"/>
 <node id="1929648694" visible="true" version="1" changeset="13226069" timestamp="2012-09-23T21:26:00Z" user="johanemilsson" uid="559500" lat="55.9832015" lon="14.1329722"/>
 <node id="1929648696" visible="true" version="1" changeset="13226069" timestamp="2012-09-23T21:26:00Z" user="johanemilsson" uid="559500" lat="55.9831352" lon="14.1338472"/>
 <node id="1929648699" visible="true" version="1" changeset="13226069" timestamp="2012-09-23T21:26:00Z" user="johanemilsson" uid="559500" lat="55.9833543" lon="14.1344909"/>
 <node id="1929648702" visible="true" version="2" changeset="103221500" timestamp="2021-04-19T20:29:15Z" user="AndersAndersson" uid="113813" lat="55.9829822" lon="14.1444856"/>
 <node id="1929648704" visible="true" version="1" changeset="13226069" timestamp="2012-09-23T21:26:00Z" user="johanemilsson" uid="559500" lat="55.9810674" lon="14.1315190"/>
 <node id="1929648705" visible="true" version="1" changeset="13226069" timestamp="2012-09-23T21:26:00Z" user="johanemilsson" uid="559500" lat="55.9810224" lon="14.1359661"/>
 <node id="1929648707" visible="true" version="1" changeset="13226069" timestamp="2012-09-23T21:26:00Z" user="johanemilsson" uid="559500" lat="55.9861931" lon="14.1346947"/>
 <node id="1929648729" visible="true" version="2" changeset="118852867" timestamp="2022-03-24T08:34:21Z" user="brhanadem" uid="14892133" lat="55.9871498" lon="14.1348039"/>
 <node id="1929648744" visible="true" version="1" changeset="13226069" timestamp="2012-09-23T21:26:01Z" user="johanemilsson" uid="559500" lat="55.9801670" lon="14.1307734"/>
 <node id="1929648745" visible="true" version="1" changeset="13226069" timestamp="2012-09-23T21:26:01Z" user="johanemilsson" uid="559500" lat="55.9839275" lon="14.1354672"/>
 <node id="1929648747" visible="true" version="1" changeset="13226069" timestamp="2012-09-23T21:26:01Z" user="johanemilsson" uid="559500" lat="55.9808663" lon="14.1321466"/>
 <node id="1929648749" visible="true" version="2" changeset="118852867" timestamp="2022-03-24T08:34:21Z" user="brhanadem" uid="14892133" lat="55.9861328" lon="14.1407955"/>
 <node id="1929648751" visible="true" version="1" changeset="13226069" timestamp="2012-09-23T21:26:01Z" user="johanemilsson" uid="559500" lat="55.9798009" lon="14.1308109"/>
 <node id="1929648756" visible="true" version="1" changeset="13226069" timestamp="2012-09-23T21:26:01Z" user="johanemilsson" uid="559500" lat="55.9808276" lon="14.1325216"/>
 <node id="1929648763" visible="true" version="1" changeset="13226069" timestamp="2012-09-23T21:26:01Z" user="johanemilsson" uid="559500" lat="55.9787204" lon="14.1291801"/>
 <node id="1929648766" visible="true" version="2" changeset="118852867" timestamp="2022-03-24T08:34:21Z" user="brhanadem" uid="14892133" lat="55.9865649" lon="14.1392398"/>
 <node id="1929648767" visible="true" version="1" changeset="13226069" timestamp="2012-09-23T21:26:01Z" user="johanemilsson" uid="559500" lat="55.9809083" lon="14.1308431"/>
 <node id="1929648782" visible="true" version="1" changeset="13226069" timestamp="2012-09-23T21:26:01Z" user="johanemilsson" uid="559500" lat="55.9803831" lon="14.1292713"/>
 <node id="1929648785" visible="true" version="2" changeset="103221500" timestamp="2021-04-19T20:29:15Z" user="AndersAndersson" uid="113813" lat="55.9841088" lon="14.1444566"/>
 <node id="1929648788" visible="true" version="1" changeset="13226069" timestamp="2012-09-23T21:26:01Z" user="johanemilsson" uid="559500" lat="55.9839398" lon="14.1346459"/>
 <node id="1929648791" visible="true" version="2" changeset="103221500" timestamp="2021-04-19T20:29:15Z" user="AndersAndersson" uid="113813" lat="55.9848957" lon="14.1444435"/>
 <node id="1929648793" visible="true" version="1" changeset="13226069" timestamp="2012-09-23T21:26:01Z" user="johanemilsson" uid="559500" lat="55.9813945" lon="14.1318838"/>
 <node id="1929648795" visible="true" version="1" changeset="13226069" timestamp="2012-09-23T21:26:01Z" user="johanemilsson" uid="559500" lat="55.9812295" lon="14.1311971"/>
 <node id="1929648797" visible="true" version="1" changeset="13226069" timestamp="2012-09-23T21:26:01Z" user="johanemilsson" uid="559500" lat="55.9804852" lon="14.1313849"/>
 <node id="1929648799" visible="true" version="1" changeset="13226069" timestamp="2012-09-23T21:26:02Z" user="johanemilsson" uid="559500" lat="55.9788044" lon="14.1298990"/>
 <node id="1929648801" visible="true" version="2" changeset="118852867" timestamp="2022-03-24T08:34:21Z" user="brhanadem" uid="14892133" lat="55.9861418" lon="14.1409886"/>
 <node id="1929648802" visible="true" version="1" changeset="13226069" timestamp="2012-09-23T21:26:02Z" user="johanemilsson" uid="559500" lat="55.9786544" lon="14.1293893"/>
 <node id="1929648804" visible="true" version="1" changeset="13226069" timestamp="2012-09-23T21:26:02Z" user="johanemilsson" uid="559500" lat="55.9789065" lon="14.1294644"/>
 <node id="1929648811" visible="true" version="2" changeset="182913524" timestamp="2026-05-20T07:46:35Z" user="aleno150" uid="1754773" lat="55.9793675" lon="14.1282679"/>
 <node id="1929648815" visible="true" version="1" changeset="13226069" timestamp="2012-09-23T21:26:02Z" user="johanemilsson" uid="559500" lat="55.9858183" lon="14.1440873"/>
 <node id="1929648817" visible="true" version="1" changeset="13226069" timestamp="2012-09-23T21:26:02Z" user="johanemilsson" uid="559500" lat="55.9862715" lon="14.1342865"/>
 <node id="1929648834" visible="true" version="2" changeset="118852867" timestamp="2022-03-24T08:34:21Z" user="brhanadem" uid="14892133" lat="55.9860245" lon="14.1427808"/>
 <node id="1929648840" visible="true" version="2" changeset="118852867" timestamp="2022-03-24T08:34:21Z" user="brhanadem" uid="14892133" lat="55.9864026" lon="14.1438430"/>
 <node id="1929648841" visible="true" version="1" changeset="13226069" timestamp="2012-09-23T21:26:02Z" user="johanemilsson" uid="559500" lat="55.9869283" lon="14.1350542"/>
 <node id="1929648843" visible="true" version="1" changeset="13226069" timestamp="2012-09-23T21:26:02Z" user="johanemilsson" uid="559500" lat="55.9802631" lon="14.1297380"/>
 <node id="1929648845" visible="true" version="1" changeset="13226069" timestamp="2012-09-23T21:26:02Z" user="johanemilsson" uid="559500" lat="55.9798879" lon="14.1305051"/>
 <node id="1929648847" visible="true" version="1" changeset="13226069" timestamp="2012-09-23T21:26:02Z" user="johanemilsson" uid="559500" lat="55.9795848" lon="14.1304998"/>
 <node id="1929648849" visible="true" version="1" changeset="13226069" timestamp="2012-09-23T21:26:02Z" user="johanemilsson" uid="559500" lat="55.9803291" lon="14.1312240"/>
 <node id="1929648852" visible="true" version="1" changeset="13226069" timestamp="2012-09-23T21:26:02Z" user="johanemilsson" uid="559500" lat="55.9794257" lon="14.1301082"/>
 <node id="1929648854" visible="true" version="2" changeset="118852867" timestamp="2022-03-24T08:34:21Z" user="brhanadem" uid="14892133" lat="55.9853103" lon="14.1412466"/>
 <node id="1929648856" visible="true" version="1" changeset="13226069" timestamp="2012-09-23T21:26:03Z" user="johanemilsson" uid="559500" lat="55.9805842" lon="14.1312776"/>
 <node id="1929648858" visible="true" version="2" changeset="118852867" timestamp="2022-03-24T08:34:21Z" user="brhanadem" uid="14892133" lat="55.9866520" lon="14.1395938"/>
 <node id="1929648860" visible="true" version="2" changeset="118852867" timestamp="2022-03-24T08:34:21Z" user="brhanadem" uid="14892133" lat="55.9863606" lon="14.1441648"/>
 <node id="1929648864" visible="true" version="1" changeset="13226069" timestamp="2012-09-23T21:26:03Z" user="johanemilsson" uid="559500" lat="55.9805152" lon="14.1302959"/>
 <node id="1929648867" visible="true" version="2" changeset="118852867" timestamp="2022-03-24T08:34:21Z" user="brhanadem" uid="14892133" lat="55.9866070" lon="14.1373408"/>
 <node id="1929648888" visible="true" version="2" changeset="182913524" timestamp="2026-05-20T07:46:35Z" user="aleno150" uid="1754773" lat="55.9798564" lon="14.1289226"/>
 <node id="1929648893" visible="true" version="1" changeset="13226069" timestamp="2012-09-23T21:26:03Z" user="johanemilsson" uid="559500" lat="55.9845337" lon="14.1347645"/>
 <node id="1929648898" visible="true" version="1" changeset="13226069" timestamp="2012-09-23T21:26:03Z" user="johanemilsson" uid="559500" lat="55.9852692" lon="14.1426550"/>
 <node id="1929648905" visible="true" version="2" changeset="118852867" timestamp="2022-03-24T08:34:21Z" user="brhanadem" uid="14892133" lat="55.9866907" lon="14.1392618"/>
 <node id="1929648913" visible="true" version="1" changeset="13226069" timestamp="2012-09-23T21:26:03Z" user="johanemilsson" uid="559500" lat="55.9869673" lon="14.1347108"/>
 <node id="1929648916" visible="true" version="2" changeset="118852867" timestamp="2022-03-24T08:34:21Z" user="brhanadem" uid="14892133" lat="55.9855174" lon="14.1404098"/>
 <node id="1929648918" visible="true" version="1" changeset="13226069" timestamp="2012-09-23T21:26:03Z" user="johanemilsson" uid="559500" lat="55.9803261" lon="14.1301082"/>
 <node id="1929648921" visible="true" version="2" changeset="118852867" timestamp="2022-03-24T08:34:21Z" user="brhanadem" uid="14892133" lat="55.9857874" lon="14.1402649"/>
 <node id="1929648924" visible="true" version="1" changeset="13226069" timestamp="2012-09-23T21:26:03Z" user="johanemilsson" uid="559500" lat="55.9845370" lon="14.1343348"/>
 <node id="1929648927" visible="true" version="2" changeset="118852867" timestamp="2022-03-24T08:34:21Z" user="brhanadem" uid="14892133" lat="55.9863639" lon="14.1395992"/>
 <node id="1929648930" visible="true" version="1" changeset="13226069" timestamp="2012-09-23T21:26:03Z" user="johanemilsson" uid="559500" lat="55.9844169" lon="14.1351395"/>
 <node id="1929648941" visible="true" version="1" changeset="13226069" timestamp="2012-09-23T21:26:04Z" user="johanemilsson" uid="559500" lat="55.9792186" lon="14.1300223"/>
 <node id="1929648942" visible="true" version="1" changeset="13226069" timestamp="2012-09-23T21:26:04Z" user="johanemilsson" uid="559500" lat="55.9847140" lon="14.1337876"/>
 <node id="1929648946" visible="true" version="2" changeset="182913524" timestamp="2026-05-20T07:46:35Z" user="aleno150" uid="1754773" lat="55.9786667" lon="14.1284387"/>
 <node id="1929648949" visible="true" version="2" changeset="118852867" timestamp="2022-03-24T08:34:21Z" user="brhanadem" uid="14892133" lat="55.9867630" lon="14.1383225"/>
 <node id="1929648952" visible="true" version="1" changeset="13226069" timestamp="2012-09-23T21:26:04Z" user="johanemilsson" uid="559500" lat="55.9859324" lon="14.1444843"/>
 <node id="1929648954" visible="true" version="2" changeset="186863656" timestamp="2026-08-03T11:05:18Z" user="aleno150" uid="1754773" lat="55.9846435" lon="14.1413973"/>
 <node id="1929648956" visible="true" version="1" changeset="13226069" timestamp="2012-09-23T21:26:04Z" user="johanemilsson" uid="559500" lat="55.9792486" lon="14.1302315"/>
 <node id="1929648959" visible="true" version="2" changeset="118852867" timestamp="2022-03-24T08:34:21Z" user="brhanadem" uid="14892133" lat="55.9865769" lon="14.1431987"/>
 <node id="1929648961" visible="true" version="1" changeset="13226069" timestamp="2012-09-23T21:26:04Z" user="johanemilsson" uid="559500" lat="55.9810314" lon="14.1313098"/>
 <node id="1929648962" visible="true" version="1" changeset="13226069" timestamp="2012-09-23T21:26:04Z" user="johanemilsson" uid="559500" lat="55.9835613" lon="14.1399411"/>
 <node id="1929648965" visible="true" version="2" changeset="123573494" timestamp="2022-07-13T16:51:03Z" user="archie" uid="156646" lat="55.9769304" lon="14.1264492"/>
 <node id="1929648967" visible="true" version="2" changeset="182913524" timestamp="2026-05-20T07:46:35Z" user="aleno150" uid="1754773" lat="55.9787391" lon="14.1279647"/>
 <node id="1929648970" visible="true" version="1" changeset="13226069" timestamp="2012-09-23T21:26:04Z" user="johanemilsson" uid="559500" lat="55.9843716" lon="14.1355370"/>
 <node id="1929648980" visible="true" version="1" changeset="13226069" timestamp="2012-09-23T21:26:05Z" user="johanemilsson" uid="559500" lat="55.9847140" lon="14.1343026"/>
 <node id="1929648981" visible="true" version="2" changeset="123573494" timestamp="2022-07-13T16:51:03Z" user="archie" uid="156646" lat="55.9766708" lon="14.1261730"/>
 <node id="1929648982" visible="true" version="3" changeset="182913524" timestamp="2026-05-20T07:46:35Z" user="aleno150" uid="1754773" lat="55.9779246" lon="14.1274772"/>
 <node id="1929648984" visible="true" version="1" changeset="13226069" timestamp="2012-09-23T21:26:05Z" user="johanemilsson" uid="559500" lat="55.9827451" lon="14.1393081"/>
 <node id="1929648987" visible="true" version="1" changeset="13226069" timestamp="2012-09-23T21:26:05Z" user="johanemilsson" uid="559500" lat="55.9799900" lon="14.1308216"/>
 <node id="1929648991" visible="true" version="1" changeset="13226069" timestamp="2012-09-23T21:26:05Z" user="johanemilsson" uid="559500" lat="55.9794047" lon="14.1306500"/>
 <node id="1929648995" visible="true" version="1" changeset="13226069" timestamp="2012-09-23T21:26:05Z" user="johanemilsson" uid="559500" lat="55.9796238" lon="14.1308967"/>
 <node id="1929648997" visible="true" version="1" changeset="13226069" timestamp="2012-09-23T21:26:05Z" user="johanemilsson" uid="559500" lat="55.9790175" lon="14.1298560"/>
 <node id="1929649000" visible="true" version="1" changeset="13226069" timestamp="2012-09-23T21:26:05Z" user="johanemilsson" uid="559500" lat="55.9797589" lon="14.1296844"/>
 <node id="1929649002" visible="true" version="1" changeset="13226069" timestamp="2012-09-23T21:26:05Z" user="johanemilsson" uid="559500" lat="55.9808183" lon="14.1317014"/>
 <node id="1929649004" visible="true" version="1" changeset="13226069" timestamp="2012-09-23T21:26:05Z" user="johanemilsson" uid="559500" lat="55.9788404" lon="14.1291372"/>
 <node id="1929649008" visible="true" version="3" changeset="122543596" timestamp="2022-06-18T11:46:14Z" user="Jessica Lily" uid="163346" lat="55.9858882" lon="14.1406452"/>
 <node id="1929649012" visible="true" version="2" changeset="118852867" timestamp="2022-03-24T08:34:21Z" user="brhanadem" uid="14892133" lat="55.9862496" lon="14.1359841"/>
 <node id="1929649014" visible="true" version="2" changeset="118852867" timestamp="2022-03-24T08:34:21Z" user="brhanadem" uid="14892133" lat="55.9863666" lon="14.1408979"/>
 <node id="1929649025" visible="true" version="1" changeset="13226069" timestamp="2012-09-23T21:26:05Z" user="johanemilsson" uid="559500" lat="55.9798279" lon="14.1291694"/>
 <node id="1929649036" visible="true" version="2" changeset="118852867" timestamp="2022-03-24T08:34:21Z" user="brhanadem" uid="14892133" lat="55.9870838" lon="14.1350668"/>
 <node id="1929649039" visible="true" version="1" changeset="13226069" timestamp="2012-09-23T21:26:06Z" user="johanemilsson" uid="559500" lat="55.9798309" lon="14.1301350"/>
 <node id="1929649045" visible="true" version="1" changeset="13226069" timestamp="2012-09-23T21:26:06Z" user="johanemilsson" uid="559500" lat="55.9813765" lon="14.1316102"/>
 <node id="1929649048" visible="true" version="2" changeset="118852867" timestamp="2022-03-24T08:34:21Z" user="brhanadem" uid="14892133" lat="55.9864629" lon="14.1384727"/>
 <node id="1929649050" visible="true" version="1" changeset="13226069" timestamp="2012-09-23T21:26:06Z" user="johanemilsson" uid="559500" lat="55.9840448" lon="14.1346459"/>
 <node id="1929649064" visible="true" version="2" changeset="103221500" timestamp="2021-04-19T20:29:15Z" user="AndersAndersson" uid="113813" lat="55.9858540" lon="14.1445069"/>
 <node id="1929649067" visible="true" version="1" changeset="13226069" timestamp="2012-09-23T21:26:06Z" user="johanemilsson" uid="559500" lat="55.9808903" lon="14.1311274"/>
 <node id="1929649069" visible="true" version="1" changeset="13226069" timestamp="2012-09-23T21:26:06Z" user="johanemilsson" uid="559500" lat="55.9839125" lon="14.1403381"/>
 <node id="1929658281" visible="true" version="1" changeset="13226069" timestamp="2012-09-23T21:30:01Z" user="johanemilsson" uid="559500" lat="55.9832645" lon="14.1128181"/>
 <node id="1929658282" visible="true" version="1" changeset="13226069" timestamp="2012-09-23T21:30:01Z" user="johanemilsson" uid="559500" lat="55.9831832" lon="14.1125933"/>
 <node id="1929658284" visible="true" version="1" changeset="13226069" timestamp="2012-09-23T21:30:01Z" user="johanemilsson" uid="559500" lat="55.9929654" lon="14.1278766"/>
 <node id="1929658285" visible="true" version="1" changeset="13226069" timestamp="2012-09-23T21:30:01Z" user="johanemilsson" uid="559500" lat="55.9832045" lon="14.1126518"/>
 <node id="1929658286" visible="true" version="1" changeset="13226069" timestamp="2012-09-23T21:30:01Z" user="johanemilsson" uid="559500" lat="55.9831505" lon="14.1125606"/>
 <node id="1929658287" visible="true" version="1" changeset="13226069" timestamp="2012-09-23T21:30:01Z" user="johanemilsson" uid="559500" lat="55.9845607" lon="14.1152916"/>
 <node id="1929658291" visible="true" version="1" changeset="13226069" timestamp="2012-09-23T21:30:01Z" user="johanemilsson" uid="559500" lat="55.9872107" lon="14.1206341"/>
 <node id="1929658293" visible="true" version="1" changeset="13226069" timestamp="2012-09-23T21:30:01Z" user="johanemilsson" uid="559500" lat="55.9831745" lon="14.1136013"/>
 <node id="1929658295" visible="true" version="1" changeset="13226069" timestamp="2012-09-23T21:30:01Z" user="johanemilsson" uid="559500" lat="55.9859621" lon="14.1194973"/>
 <node id="1929658297" visible="true" version="1" changeset="13226069" timestamp="2012-09-23T21:30:01Z" user="johanemilsson" uid="559500" lat="55.9919933" lon="14.1273079"/>
 <node id="1929658298" visible="true" version="1" changeset="13226069" timestamp="2012-09-23T21:30:01Z" user="johanemilsson" uid="559500" lat="55.9874358" lon="14.1221146"/>
 <node id="1929658302" visible="true" version="1" changeset="13226069" timestamp="2012-09-23T21:30:01Z" user="johanemilsson" uid="559500" lat="55.9831862" lon="14.1131834"/>
 <node id="1929658306" visible="true" version="2" changeset="13235308" timestamp="2012-09-24T16:09:34Z" user="johanemilsson" uid="559500" lat="55.9860452" lon="14.1180526"/>
 <node id="1929658308" visible="true" version="1" changeset="13226069" timestamp="2012-09-23T21:30:01Z" user="johanemilsson" uid="559500" lat="55.9847767" lon="14.1159407"/>
 <node id="1929658310" visible="true" version="1" changeset="13226069" timestamp="2012-09-23T21:30:01Z" user="johanemilsson" uid="559500" lat="55.9830395" lon="14.1135369"/>
 <node id="1929658312" visible="true" version="1" changeset="13226069" timestamp="2012-09-23T21:30:01Z" user="johanemilsson" uid="559500" lat="55.9873424" lon="14.1209296"/>
 <node id="1929658313" visible="true" version="1" changeset="13226069" timestamp="2012-09-23T21:30:02Z" user="johanemilsson" uid="559500" lat="55.9830752" lon="14.1129206"/>
 <node id="1929658315" visible="true" version="1" changeset="13226069" timestamp="2012-09-23T21:30:02Z" user="johanemilsson" uid="559500" lat="55.9831082" lon="14.1136394"/>
 <node id="1929658317" visible="true" version="1" changeset="13226069" timestamp="2012-09-23T21:30:02Z" user="johanemilsson" uid="559500" lat="55.9830992" lon="14.1126363"/>
 <node id="1929658319" visible="true" version="1" changeset="13226069" timestamp="2012-09-23T21:30:02Z" user="johanemilsson" uid="559500" lat="55.9832045" lon="14.1130488"/>
 <node id="1929658321" visible="true" version="1" changeset="13226069" timestamp="2012-09-23T21:30:02Z" user="johanemilsson" uid="559500" lat="55.9848548" lon="14.1166596"/>
 <node id="1929658323" visible="true" version="1" changeset="13226069" timestamp="2012-09-23T21:30:02Z" user="johanemilsson" uid="559500" lat="55.9832033" lon="14.1122894"/>
 <node id="1929658324" visible="true" version="1" changeset="13226069" timestamp="2012-09-23T21:30:02Z" user="johanemilsson" uid="559500" lat="55.9874235" lon="14.1219543"/>
 <node id="1929658326" visible="true" version="1" changeset="13226069" timestamp="2012-09-23T21:30:02Z" user="johanemilsson" uid="559500" lat="55.9900043" lon="14.1261004"/>
 <node id="1929658328" visible="true" version="1" changeset="13226069" timestamp="2012-09-23T21:30:02Z" user="johanemilsson" uid="559500" lat="55.9832555" lon="14.1127537"/>
 <node id="1929658330" visible="true" version="1" changeset="13226069" timestamp="2012-09-23T21:30:02Z" user="johanemilsson" uid="559500" lat="55.9901543" lon="14.1261701"/>
 <node id="1929658332" visible="true" version="1" changeset="13226069" timestamp="2012-09-23T21:30:02Z" user="johanemilsson" uid="559500" lat="55.9886330" lon="14.1262828"/>
 <node id="1929658333" visible="true" version="1" changeset="13226069" timestamp="2012-09-23T21:30:02Z" user="johanemilsson" uid="559500" lat="55.9830755" lon="14.1131132"/>
 <node id="1929658335" visible="true" version="1" changeset="13226069" timestamp="2012-09-23T21:30:02Z" user="johanemilsson" uid="559500" lat="55.9830662" lon="14.1133068"/>
 <node id="1929658337" visible="true" version="1" changeset="13226069" timestamp="2012-09-23T21:30:02Z" user="johanemilsson" uid="559500" lat="55.9848908" lon="14.1174964"/>
 <node id="1929658339" visible="true" version="1" changeset="13226069" timestamp="2012-09-23T21:30:02Z" user="johanemilsson" uid="559500" lat="55.9849298" lon="14.1175822"/>
 <node id="1929658341" visible="true" version="1" changeset="13226069" timestamp="2012-09-23T21:30:02Z" user="johanemilsson" uid="559500" lat="55.9884620" lon="14.1262077"/>
 <node id="1929658343" visible="true" version="2" changeset="13235308" timestamp="2012-09-24T16:09:34Z" user="johanemilsson" uid="559500" lat="55.9857052" lon="14.1178342"/>
 <node id="1929658345" visible="true" version="1" changeset="13226069" timestamp="2012-09-23T21:30:02Z" user="johanemilsson" uid="559500" lat="55.9884200" lon="14.1260307"/>
 <node id="1929658348" visible="true" version="1" changeset="13226069" timestamp="2012-09-23T21:30:02Z" user="johanemilsson" uid="559500" lat="55.9832285" lon="14.1133492"/>
 <node id="1929658350" visible="true" version="1" changeset="13226069" timestamp="2012-09-23T21:30:02Z" user="johanemilsson" uid="559500" lat="55.9832255" lon="14.1129737"/>
 <node id="1929658352" visible="true" version="1" changeset="13226069" timestamp="2012-09-23T21:30:02Z" user="johanemilsson" uid="559500" lat="55.9832132" lon="14.1135375"/>
 <node id="1929658354" visible="true" version="1" changeset="13226069" timestamp="2012-09-23T21:30:02Z" user="johanemilsson" uid="559500" lat="55.9862114" lon="14.1197489"/>
 <node id="1929658356" visible="true" version="1" changeset="13226069" timestamp="2012-09-23T21:30:02Z" user="johanemilsson" uid="559500" lat="55.9843476" lon="14.1147928"/>
 <node id="1929658358" visible="true" version="1" changeset="13226069" timestamp="2012-09-23T21:30:02Z" user="johanemilsson" uid="559500" lat="55.9873034" lon="14.1207473"/>
 <node id="1929658363" visible="true" version="1" changeset="13226069" timestamp="2012-09-23T21:30:03Z" user="johanemilsson" uid="559500" lat="55.9875258" lon="14.1222863"/>
 <node id="1929658365" visible="true" version="1" changeset="13226069" timestamp="2012-09-23T21:30:03Z" user="johanemilsson" uid="559500" lat="55.9877445" lon="14.1228930"/>
 <node id="1929658366" visible="true" version="1" changeset="13226069" timestamp="2012-09-23T21:30:03Z" user="johanemilsson" uid="559500" lat="55.9928334" lon="14.1288422"/>
 <node id="1929669274" visible="true" version="1" changeset="13226069" timestamp="2012-09-23T21:33:22Z" user="johanemilsson" uid="559500" lat="55.9882309" lon="14.1046859"/>
 <node id="1929669290" visible="true" version="1" changeset="13226069" timestamp="2012-09-23T21:33:22Z" user="johanemilsson" uid="559500" lat="55.9859594" lon="14.1051687"/>
 <node id="1929669383" visible="true" version="1" changeset="13226069" timestamp="2012-09-23T21:33:22Z" user="johanemilsson" uid="559500" lat="55.9848805" lon="14.1055996"/>
 <node id="1929669414" visible="true" version="1" changeset="13226069" timestamp="2012-09-23T21:33:23Z" user="johanemilsson" uid="559500" lat="55.9851041" lon="14.1055013"/>
 <node id="1929676335" visible="true" version="1" changeset="13226069" timestamp="2012-09-23T21:35:40Z" user="johanemilsson" uid="559500" lat="55.9862965" lon="14.0935470"/>
 <node id="1930714784" visible="true" version="1" changeset="13235308" timestamp="2012-09-24T15:54:55Z" user="johanemilsson" uid="559500" lat="55.9777676" lon="14.1108800"/>
 <node id="1930716108" visible="true" version="1" changeset="13235308" timestamp="2012-09-24T15:56:08Z" user="johanemilsson" uid="559500" lat="55.9809883" lon="14.1053472"/>
 <node id="1930716109" visible="true" version="1" changeset="13235308" timestamp="2012-09-24T15:56:09Z" user="johanemilsson" uid="559500" lat="55.9806762" lon="14.1021017"/>
 <node id="1930716112" visible="true" version="1" changeset="13235308" timestamp="2012-09-24T15:56:09Z" user="johanemilsson" uid="559500" lat="55.9805351" lon="14.1083566"/>
 <node id="1930716113" visible="true" version="1" changeset="13235308" timestamp="2012-09-24T15:56:09Z" user="johanemilsson" uid="559500" lat="55.9805381" lon="14.1004066"/>
 <node id="1930716116" visible="true" version="1" changeset="13235308" timestamp="2012-09-24T15:56:09Z" user="johanemilsson" uid="559500" lat="55.9804541" lon="14.1073106"/>
 <node id="1930716118" visible="true" version="2" changeset="123573494" timestamp="2022-07-13T16:51:03Z" user="archie" uid="156646" lat="55.9818279" lon="14.1146093"/>
 <node id="1930716119" visible="true" version="1" changeset="13235308" timestamp="2012-09-24T15:56:09Z" user="johanemilsson" uid="559500" lat="55.9808862" lon="14.1060070"/>
 <node id="1930716122" visible="true" version="1" changeset="13235308" timestamp="2012-09-24T15:56:09Z" user="johanemilsson" uid="559500" lat="55.9804481" lon="14.1076271"/>
 <node id="1930716124" visible="true" version="1" changeset="13235308" timestamp="2012-09-24T15:56:09Z" user="johanemilsson" uid="559500" lat="55.9805231" lon="14.0998272"/>
 <node id="1930716126" visible="true" version="1" changeset="13235308" timestamp="2012-09-24T15:56:09Z" user="johanemilsson" uid="559500" lat="55.9805291" lon="14.0993391"/>
 <node id="1930716128" visible="true" version="1" changeset="13235308" timestamp="2012-09-24T15:56:09Z" user="johanemilsson" uid="559500" lat="55.9809703" lon="14.1057817"/>
 <node id="1930716135" visible="true" version="1" changeset="13235308" timestamp="2012-09-24T15:56:09Z" user="johanemilsson" uid="559500" lat="55.9808047" lon="14.1101366"/>
 <node id="1930716137" visible="true" version="1" changeset="13235308" timestamp="2012-09-24T15:56:09Z" user="johanemilsson" uid="559500" lat="55.9806371" lon="14.1068010"/>
 <node id="1930716138" visible="true" version="1" changeset="13235308" timestamp="2012-09-24T15:56:09Z" user="johanemilsson" uid="559500" lat="55.9808292" lon="14.1100303"/>
 <node id="1930716140" visible="true" version="3" changeset="33087586" timestamp="2015-08-04T05:22:47Z" user="Hjart" uid="207581" lat="55.9804149" lon="14.0983478"/>
 <node id="1930716141" visible="true" version="1" changeset="13235308" timestamp="2012-09-24T15:56:09Z" user="johanemilsson" uid="559500" lat="55.9809889" lon="14.1100915"/>
 <node id="1930728108" visible="true" version="1" changeset="13235308" timestamp="2012-09-24T16:03:24Z" user="johanemilsson" uid="559500" lat="55.9902774" lon="14.1249260"/>
 <node id="1930728110" visible="true" version="1" changeset="13235308" timestamp="2012-09-24T16:03:24Z" user="johanemilsson" uid="559500" lat="55.9845371" lon="14.1100397"/>
 <node id="1930728112" visible="true" version="2" changeset="123573494" timestamp="2022-07-13T16:51:03Z" user="archie" uid="156646" lat="55.9820162" lon="14.1148594"/>
 <node id="1930728113" visible="true" version="1" changeset="13235308" timestamp="2012-09-24T16:03:25Z" user="johanemilsson" uid="559500" lat="55.9896713" lon="14.1083660"/>
 <node id="1930728114" visible="true" version="2" changeset="13235308" timestamp="2012-09-24T16:09:35Z" user="johanemilsson" uid="559500" lat="55.9848376" lon="14.1173603"/>
 <node id="1930728115" visible="true" version="1" changeset="13235308" timestamp="2012-09-24T16:03:25Z" user="johanemilsson" uid="559500" lat="55.9880330" lon="14.1189232"/>
 <node id="1930728118" visible="true" version="2" changeset="123573494" timestamp="2022-07-13T16:51:03Z" user="archie" uid="156646" lat="55.9824529" lon="14.1147333"/>
 <node id="1930728119" visible="true" version="1" changeset="13235308" timestamp="2012-09-24T16:03:25Z" user="johanemilsson" uid="559500" lat="55.9889182" lon="14.1191914"/>
 <node id="1930728120" visible="true" version="1" changeset="13235308" timestamp="2012-09-24T16:03:25Z" user="johanemilsson" uid="559500" lat="55.9817816" lon="14.0984269"/>
 <node id="1930728122" visible="true" version="1" changeset="13235308" timestamp="2012-09-24T16:03:25Z" user="johanemilsson" uid="559500" lat="55.9874479" lon="14.1196367"/>
 <node id="1930728123" visible="true" version="1" changeset="13235308" timestamp="2012-09-24T16:03:25Z" user="johanemilsson" uid="559500" lat="55.9885161" lon="14.1076687"/>
 <node id="1930728124" visible="true" version="1" changeset="13235308" timestamp="2012-09-24T16:03:25Z" user="johanemilsson" uid="559500" lat="55.9901889" lon="14.1215585"/>
 <node id="1930728127" visible="true" version="1" changeset="13235308" timestamp="2012-09-24T16:03:25Z" user="johanemilsson" uid="559500" lat="55.9902489" lon="14.1220627"/>
 <node id="1930728128" visible="true" version="2" changeset="123573494" timestamp="2022-07-13T16:51:03Z" user="archie" uid="156646" lat="55.9822968" lon="14.1149211"/>
 <node id="1930728130" visible="true" version="1" changeset="13235308" timestamp="2012-09-24T16:03:25Z" user="johanemilsson" uid="559500" lat="55.9892633" lon="14.1075077"/>
 <node id="1930728133" visible="true" version="1" changeset="13235308" timestamp="2012-09-24T16:03:25Z" user="johanemilsson" uid="559500" lat="55.9885836" lon="14.1244231"/>
 <node id="1930728135" visible="true" version="1" changeset="13235308" timestamp="2012-09-24T16:03:25Z" user="johanemilsson" uid="559500" lat="55.9907305" lon="14.1128453"/>
 <node id="1930728136" visible="true" version="1" changeset="13235308" timestamp="2012-09-24T16:03:25Z" user="johanemilsson" uid="559500" lat="55.9912196" lon="14.1206023"/>
 <node id="1930728139" visible="true" version="1" changeset="13235308" timestamp="2012-09-24T16:03:25Z" user="johanemilsson" uid="559500" lat="55.9877509" lon="14.1151252"/>
 <node id="1930728152" visible="true" version="1" changeset="13235308" timestamp="2012-09-24T16:03:25Z" user="johanemilsson" uid="559500" lat="55.9868072" lon="14.1186617"/>
 <node id="1930728155" visible="true" version="1" changeset="13235308" timestamp="2012-09-24T16:03:25Z" user="johanemilsson" uid="559500" lat="55.9884051" lon="14.1170188"/>
 <node id="1930728159" visible="true" version="1" changeset="13235308" timestamp="2012-09-24T16:03:25Z" user="johanemilsson" uid="559500" lat="55.9915586" lon="14.1206935"/>
 <node id="1930728161" visible="true" version="1" changeset="13235308" timestamp="2012-09-24T16:03:25Z" user="johanemilsson" uid="559500" lat="55.9883376" lon="14.1233556"/>
 <node id="1930728166" visible="true" version="1" changeset="13235308" timestamp="2012-09-24T16:03:25Z" user="johanemilsson" uid="559500" lat="55.9875169" lon="14.1215464"/>
 <node id="1930728167" visible="true" version="1" changeset="13235308" timestamp="2012-09-24T16:03:25Z" user="johanemilsson" uid="559500" lat="55.9887112" lon="14.1250816"/>
 <node id="1930728169" visible="true" version="1" changeset="13235308" timestamp="2012-09-24T16:03:25Z" user="johanemilsson" uid="559500" lat="55.9874599" lon="14.1208437"/>
 <node id="1930728172" visible="true" version="2" changeset="123573494" timestamp="2022-07-13T16:51:03Z" user="archie" uid="156646" lat="55.9828070" lon="14.1142961"/>
 <node id="1930728175" visible="true" version="1" changeset="13235308" timestamp="2012-09-24T16:03:25Z" user="johanemilsson" uid="559500" lat="55.9872018" lon="14.1195187"/>
 <node id="1930728177" visible="true" version="1" changeset="13235308" timestamp="2012-09-24T16:03:25Z" user="johanemilsson" uid="559500" lat="55.9875559" lon="14.1205111"/>
 <node id="1930728178" visible="true" version="1" changeset="13235308" timestamp="2012-09-24T16:03:25Z" user="johanemilsson" uid="559500" lat="55.9912586" lon="14.1244003"/>
 <node id="1930728179" visible="true" version="1" changeset="13235308" timestamp="2012-09-24T16:03:25Z" user="johanemilsson" uid="559500" lat="55.9848612" lon="14.1097554"/>
 <node id="1930728181" visible="true" version="1" changeset="13235308" timestamp="2012-09-24T16:03:26Z" user="johanemilsson" uid="559500" lat="55.9875904" lon="14.1178999"/>
 <node id="1930728182" visible="true" version="1" changeset="13235308" timestamp="2012-09-24T16:03:26Z" user="johanemilsson" uid="559500" lat="55.9904905" lon="14.1239658"/>
 <node id="1930728183" visible="true" version="1" changeset="13235308" timestamp="2012-09-24T16:03:26Z" user="johanemilsson" uid="559500" lat="55.9883571" lon="14.1243520"/>
 <node id="1930728186" visible="true" version="1" changeset="13235308" timestamp="2012-09-24T16:03:26Z" user="johanemilsson" uid="559500" lat="55.9868117" lon="14.1182634"/>
 <node id="1930728196" visible="true" version="2" changeset="123573494" timestamp="2022-07-13T16:51:03Z" user="archie" uid="156646" lat="55.9821453" lon="14.1149023"/>
 <node id="1930728199" visible="true" version="1" changeset="13235308" timestamp="2012-09-24T16:03:26Z" user="johanemilsson" uid="559500" lat="55.9867487" lon="14.1176411"/>
 <node id="1930728200" visible="true" version="1" changeset="13235308" timestamp="2012-09-24T16:03:26Z" user="johanemilsson" uid="559500" lat="55.9880720" lon="14.1067138"/>
 <node id="1930728204" visible="true" version="1" changeset="13235308" timestamp="2012-09-24T16:03:26Z" user="johanemilsson" uid="559500" lat="55.9885731" lon="14.1192022"/>
 <node id="1930728206" visible="true" version="1" changeset="13235308" timestamp="2012-09-24T16:03:26Z" user="johanemilsson" uid="559500" lat="55.9842430" lon="14.1170457"/>
 <node id="1930728208" visible="true" version="1" changeset="13235308" timestamp="2012-09-24T16:03:26Z" user="johanemilsson" uid="559500" lat="55.9909510" lon="14.1211615"/>
 <node id="1930728210" visible="true" version="1" changeset="13235308" timestamp="2012-09-24T16:03:26Z" user="johanemilsson" uid="559500" lat="55.9885101" lon="14.1243681"/>
 <node id="1930728212" visible="true" version="1" changeset="13235308" timestamp="2012-09-24T16:03:26Z" user="johanemilsson" uid="559500" lat="55.9844701" lon="14.1100902"/>
 <node id="1930728213" visible="true" version="1" changeset="13235308" timestamp="2012-09-24T16:03:26Z" user="johanemilsson" uid="559500" lat="55.9907320" lon="14.1219930"/>
 <node id="1930728215" visible="true" version="1" changeset="13235308" timestamp="2012-09-24T16:03:26Z" user="johanemilsson" uid="559500" lat="55.9876099" lon="14.1222760"/>
 <node id="1930728217" visible="true" version="1" changeset="13235308" timestamp="2012-09-24T16:03:26Z" user="johanemilsson" uid="559500" lat="55.9917387" lon="14.1222331"/>
 <node id="1930728219" visible="true" version="1" changeset="13235308" timestamp="2012-09-24T16:03:26Z" user="johanemilsson" uid="559500" lat="55.9890877" lon="14.1074715"/>
 <node id="1930728221" visible="true" version="1" changeset="13235308" timestamp="2012-09-24T16:03:26Z" user="johanemilsson" uid="559500" lat="55.9909510" lon="14.1205017"/>
 <node id="1930728223" visible="true" version="1" changeset="13235308" timestamp="2012-09-24T16:03:26Z" user="johanemilsson" uid="559500" lat="55.9906330" lon="14.1226850"/>
 <node id="1930728225" visible="true" version="1" changeset="13235308" timestamp="2012-09-24T16:03:26Z" user="johanemilsson" uid="559500" lat="55.9853923" lon="14.1107639"/>
 <node id="1930728226" visible="true" version="2" changeset="13235308" timestamp="2012-09-24T16:09:35Z" user="johanemilsson" uid="559500" lat="55.9860714" lon="14.1177546"/>
 <node id="1930728227" visible="true" version="1" changeset="13235308" timestamp="2012-09-24T16:03:26Z" user="johanemilsson" uid="559500" lat="55.9900569" lon="14.1224972"/>
 <node id="1930728228" visible="true" version="1" changeset="13235308" timestamp="2012-09-24T16:03:26Z" user="johanemilsson" uid="559500" lat="55.9901124" lon="14.1107747"/>
 <node id="1930728230" visible="true" version="1" changeset="13235308" timestamp="2012-09-24T16:03:26Z" user="johanemilsson" uid="559500" lat="55.9929073" lon="14.1225884"/>
 <node id="1930728236" visible="true" version="1" changeset="13235308" timestamp="2012-09-24T16:03:26Z" user="johanemilsson" uid="559500" lat="55.9878425" lon="14.1221539"/>
 <node id="1930728240" visible="true" version="2" changeset="123573494" timestamp="2022-07-13T16:51:03Z" user="archie" uid="156646" lat="55.9829315" lon="14.1141888"/>
 <node id="1930728242" visible="true" version="1" changeset="13235308" timestamp="2012-09-24T16:03:27Z" user="johanemilsson" uid="559500" lat="55.9886256" lon="14.1149441"/>
 <node id="1930728244" visible="true" version="1" changeset="13235308" timestamp="2012-09-24T16:03:27Z" user="johanemilsson" uid="559500" lat="55.9906990" lon="14.1216980"/>
 <node id="1930728246" visible="true" version="2" changeset="123573494" timestamp="2022-07-13T16:51:03Z" user="archie" uid="156646" lat="55.9830351" lon="14.1140386"/>
 <node id="1930728248" visible="true" version="1" changeset="13235308" timestamp="2012-09-24T16:03:27Z" user="johanemilsson" uid="559500" lat="55.9898064" lon="14.1192665"/>
 <node id="1930728250" visible="true" version="1" changeset="13235308" timestamp="2012-09-24T16:03:27Z" user="johanemilsson" uid="559500" lat="55.9897013" lon="14.1248509"/>
 <node id="1930728253" visible="true" version="1" changeset="13235308" timestamp="2012-09-24T16:03:27Z" user="johanemilsson" uid="559500" lat="55.9919007" lon="14.1206881"/>
 <node id="1930728255" visible="true" version="1" changeset="13235308" timestamp="2012-09-24T16:03:27Z" user="johanemilsson" uid="559500" lat="55.9852678" lon="14.1095368"/>
 <node id="1930728257" visible="true" version="1" changeset="13235308" timestamp="2012-09-24T16:03:27Z" user="johanemilsson" uid="559500" lat="55.9927768" lon="14.1210153"/>
 <node id="1930728259" visible="true" version="1" changeset="13235308" timestamp="2012-09-24T16:03:27Z" user="johanemilsson" uid="559500" lat="55.9907725" lon="14.1108605"/>
 <node id="1930728261" visible="true" version="1" changeset="13235308" timestamp="2012-09-24T16:03:27Z" user="johanemilsson" uid="559500" lat="55.9849422" lon="14.1107639"/>
 <node id="1930728263" visible="true" version="1" changeset="13235308" timestamp="2012-09-24T16:03:27Z" user="johanemilsson" uid="559500" lat="55.9930607" lon="14.1218470"/>
 <node id="1930728266" visible="true" version="1" changeset="13235308" timestamp="2012-09-24T16:03:27Z" user="johanemilsson" uid="559500" lat="55.9894478" lon="14.1078202"/>
 <node id="1930728267" visible="true" version="1" changeset="13235308" timestamp="2012-09-24T16:03:27Z" user="johanemilsson" uid="559500" lat="55.9921752" lon="14.1215907"/>
 <node id="1930728269" visible="true" version="1" changeset="13235308" timestamp="2012-09-24T16:03:27Z" user="johanemilsson" uid="559500" lat="55.9875649" lon="14.1200819"/>
 <node id="1930728272" visible="true" version="2" changeset="123573494" timestamp="2022-07-13T16:51:03Z" user="archie" uid="156646" lat="55.9825609" lon="14.1145536"/>
 <node id="1930728274" visible="true" version="1" changeset="13235308" timestamp="2012-09-24T16:03:27Z" user="johanemilsson" uid="559500" lat="55.9877899" lon="14.1137573"/>
 <node id="1930728275" visible="true" version="1" changeset="13235308" timestamp="2012-09-24T16:03:27Z" user="johanemilsson" uid="559500" lat="55.9880030" lon="14.1228339"/>
 <node id="1930728278" visible="true" version="1" changeset="13235308" timestamp="2012-09-24T16:03:27Z" user="johanemilsson" uid="559500" lat="55.9930978" lon="14.1212031"/>
 <node id="1930728284" visible="true" version="1" changeset="13235308" timestamp="2012-09-24T16:03:27Z" user="johanemilsson" uid="559500" lat="55.9878230" lon="14.1227319"/>
 <node id="1930728286" visible="true" version="1" changeset="13235308" timestamp="2012-09-24T16:03:27Z" user="johanemilsson" uid="559500" lat="55.9903390" lon="14.1213654"/>
 <node id="1930728287" visible="true" version="1" changeset="13235308" timestamp="2012-09-24T16:03:27Z" user="johanemilsson" uid="559500" lat="55.9870638" lon="14.1177430"/>
 <node id="1930728288" visible="true" version="1" changeset="13235308" timestamp="2012-09-24T16:03:27Z" user="johanemilsson" uid="559500" lat="55.9880375" lon="14.1225241"/>
 <node id="1930728291" visible="true" version="1" changeset="13235308" timestamp="2012-09-24T16:03:27Z" user="johanemilsson" uid="559500" lat="55.9890232" lon="14.1137895"/>
 <node id="1930728292" visible="true" version="1" changeset="13235308" timestamp="2012-09-24T16:03:27Z" user="johanemilsson" uid="559500" lat="55.9877254" lon="14.1218482"/>
 <node id="1930728295" visible="true" version="1" changeset="13235308" timestamp="2012-09-24T16:03:27Z" user="johanemilsson" uid="559500" lat="55.9882280" lon="14.1073253"/>
 <node id="1930728297" visible="true" version="1" changeset="13235308" timestamp="2012-09-24T16:03:28Z" user="johanemilsson" uid="559500" lat="55.9882295" lon="14.1067688"/>
 <node id="1930728298" visible="true" version="1" changeset="13235308" timestamp="2012-09-24T16:03:28Z" user="johanemilsson" uid="559500" lat="55.9893188" lon="14.1193752"/>
 <node id="1930728301" visible="true" version="1" changeset="13235308" timestamp="2012-09-24T16:03:28Z" user="johanemilsson" uid="559500" lat="55.9899084" lon="14.1083821"/>
 <node id="1930728303" visible="true" version="1" changeset="13235308" timestamp="2012-09-24T16:03:28Z" user="johanemilsson" uid="559500" lat="55.9877284" lon="14.1220520"/>
 <node id="1930728306" visible="true" version="1" changeset="13235308" timestamp="2012-09-24T16:03:28Z" user="johanemilsson" uid="559500" lat="55.9870878" lon="14.1188642"/>
 <node id="1930728307" visible="true" version="2" changeset="123573494" timestamp="2022-07-13T16:51:03Z" user="archie" uid="156646" lat="55.9886512" lon="14.1254628"/>
 <node id="1930728309" visible="true" version="1" changeset="13235308" timestamp="2012-09-24T16:03:28Z" user="johanemilsson" uid="559500" lat="55.9927393" lon="14.1218321"/>
 <node id="1930728311" visible="true" version="1" changeset="13235308" timestamp="2012-09-24T16:03:28Z" user="johanemilsson" uid="559500" lat="55.9886721" lon="14.1250923"/>
 <node id="1930728313" visible="true" version="1" changeset="13235308" timestamp="2012-09-24T16:03:28Z" user="johanemilsson" uid="559500" lat="55.9874359" lon="14.1182097"/>
 <node id="1930728315" visible="true" version="1" changeset="13235308" timestamp="2012-09-24T16:03:28Z" user="johanemilsson" uid="559500" lat="55.9890112" lon="14.1127273"/>
 <node id="1930736019" visible="true" version="1" changeset="13235308" timestamp="2012-09-24T16:09:31Z" user="johanemilsson" uid="559500" lat="55.9847546" lon="14.1334031"/>
 <node id="1930736020" visible="true" version="1" changeset="13235308" timestamp="2012-09-24T16:09:31Z" user="johanemilsson" uid="559500" lat="55.9879160" lon="14.1279140"/>
 <node id="1930736022" visible="true" version="2" changeset="157292765" timestamp="2024-09-30T11:34:07Z" user="AndreasOdense" uid="12159956" lat="55.9867990" lon="14.1292372"/>
 <node id="1930736024" visible="true" version="1" changeset="13235308" timestamp="2012-09-24T16:09:31Z" user="johanemilsson" uid="559500" lat="55.9825159" lon="14.1193752"/>
 <node id="1930736026" visible="true" version="1" changeset="13235308" timestamp="2012-09-24T16:09:31Z" user="johanemilsson" uid="559500" lat="55.9843360" lon="14.1327473"/>
 <node id="1930736028" visible="true" version="1" changeset="13235308" timestamp="2012-09-24T16:09:31Z" user="johanemilsson" uid="559500" lat="55.9865777" lon="14.1290995"/>
 <node id="1930736030" visible="true" version="2" changeset="123572151" timestamp="2022-07-13T16:10:19Z" user="Johan Holmberg" uid="485974" lat="55.9841853" lon="14.1305468"/>
 <node id="1930736034" visible="true" version="2" changeset="157292765" timestamp="2024-09-30T11:34:07Z" user="AndreasOdense" uid="12159956" lat="55.9882263" lon="14.1310754"/>
 <node id="1930736036" visible="true" version="1" changeset="13235308" timestamp="2012-09-24T16:09:31Z" user="johanemilsson" uid="559500" lat="55.9826344" lon="14.1200497"/>
 <node id="1930736050" visible="true" version="1" changeset="13235308" timestamp="2012-09-24T16:09:31Z" user="johanemilsson" uid="559500" lat="55.9858980" lon="14.1339127"/>
 <node id="1930736051" visible="true" version="1" changeset="13235308" timestamp="2012-09-24T16:09:31Z" user="johanemilsson" uid="559500" lat="55.9873608" lon="14.1272863"/>
 <node id="1930736053" visible="true" version="1" changeset="13235308" timestamp="2012-09-24T16:09:31Z" user="johanemilsson" uid="559500" lat="55.9848417" lon="14.1175888"/>
 <node id="1930736054" visible="true" version="2" changeset="47743022" timestamp="2017-04-13T13:29:48Z" user="Grillo" uid="13957" lat="55.9858859" lon="14.1194503"/>
 <node id="1930736055" visible="true" version="1" changeset="13235308" timestamp="2012-09-24T16:09:31Z" user="johanemilsson" uid="559500" lat="55.9840329" lon="14.1233757"/>
 <node id="1930736057" visible="true" version="1" changeset="13235308" timestamp="2012-09-24T16:09:32Z" user="johanemilsson" uid="559500" lat="55.9867427" lon="14.1296145"/>
 <node id="1930736059" visible="true" version="1" changeset="13235308" timestamp="2012-09-24T16:09:32Z" user="johanemilsson" uid="559500" lat="55.9878050" lon="14.1278711"/>
 <node id="1930736063" visible="true" version="1" changeset="13235308" timestamp="2012-09-24T16:09:32Z" user="johanemilsson" uid="559500" lat="55.9824919" lon="14.1206036"/>
 <node id="1930736065" visible="true" version="1" changeset="13235308" timestamp="2012-09-24T16:09:32Z" user="johanemilsson" uid="559500" lat="55.9843690" lon="14.1269323"/>
 <node id="1930736067" visible="true" version="1" changeset="13235308" timestamp="2012-09-24T16:09:32Z" user="johanemilsson" uid="559500" lat="55.9844230" lon="14.1266962"/>
 <node id="1930736092" visible="true" version="3" changeset="157292765" timestamp="2024-09-30T11:34:07Z" user="AndreasOdense" uid="12159956" lat="55.9859987" lon="14.1243189"/>
 <node id="1930736100" visible="true" version="1" changeset="13235308" timestamp="2012-09-24T16:09:32Z" user="johanemilsson" uid="559500" lat="55.9824722" lon="14.1224361"/>
 <node id="1930736101" visible="true" version="2" changeset="123572151" timestamp="2022-07-13T16:10:19Z" user="Johan Holmberg" uid="485974" lat="55.9854074" lon="14.1311548"/>
 <node id="1930736104" visible="true" version="1" changeset="13235308" timestamp="2012-09-24T16:09:32Z" user="johanemilsson" uid="559500" lat="55.9866017" lon="14.1246900"/>
 <node id="1930736105" visible="true" version="1" changeset="13235308" timestamp="2012-09-24T16:09:32Z" user="johanemilsson" uid="559500" lat="55.9871838" lon="14.1279998"/>
 <node id="1930736107" visible="true" version="1" changeset="13235308" timestamp="2012-09-24T16:09:32Z" user="johanemilsson" uid="559500" lat="55.9870713" lon="14.1297821"/>
 <node id="1930736110" visible="true" version="1" changeset="13235308" timestamp="2012-09-24T16:09:32Z" user="johanemilsson" uid="559500" lat="55.9846181" lon="14.1267874"/>
 <node id="1930736114" visible="true" version="1" changeset="13235308" timestamp="2012-09-24T16:09:32Z" user="johanemilsson" uid="559500" lat="55.9871148" lon="14.1261330"/>
 <node id="1930736117" visible="true" version="1" changeset="13235308" timestamp="2012-09-24T16:09:32Z" user="johanemilsson" uid="559500" lat="55.9826019" lon="14.1189189"/>
 <node id="1930736120" visible="true" version="2" changeset="47743022" timestamp="2017-04-13T13:29:48Z" user="Grillo" uid="13957" lat="55.9855814" lon="14.1191431"/>
 <node id="1930736123" visible="true" version="1" changeset="13235308" timestamp="2012-09-24T16:09:33Z" user="johanemilsson" uid="559500" lat="55.9840524" lon="14.1267244"/>
 <node id="1930736127" visible="true" version="1" changeset="13235308" timestamp="2012-09-24T16:09:33Z" user="johanemilsson" uid="559500" lat="55.9872558" lon="14.1276189"/>
 <node id="1930736130" visible="true" version="1" changeset="13235308" timestamp="2012-09-24T16:09:33Z" user="johanemilsson" uid="559500" lat="55.9859565" lon="14.1182097"/>
 <node id="1930736134" visible="true" version="1" changeset="13235308" timestamp="2012-09-24T16:09:33Z" user="johanemilsson" uid="559500" lat="55.9848161" lon="14.1329458"/>
 <node id="1930736158" visible="true" version="1" changeset="13235308" timestamp="2012-09-24T16:09:33Z" user="johanemilsson" uid="559500" lat="55.9840328" lon="14.1268966"/>
 <node id="1930736159" visible="true" version="1" changeset="13235308" timestamp="2012-09-24T16:09:33Z" user="johanemilsson" uid="559500" lat="55.9826299" lon="14.1215048"/>
 <node id="1930736160" visible="true" version="1" changeset="13235308" timestamp="2012-09-24T16:09:33Z" user="johanemilsson" uid="559500" lat="55.9852183" lon="14.1315296"/>
 <node id="1930736161" visible="true" version="1" changeset="13235308" timestamp="2012-09-24T16:09:33Z" user="johanemilsson" uid="559500" lat="55.9824769" lon="14.1222827"/>
 <node id="1930736162" visible="true" version="1" changeset="13235308" timestamp="2012-09-24T16:09:33Z" user="johanemilsson" uid="559500" lat="55.9875109" lon="14.1279783"/>
 <node id="1930736166" visible="true" version="2" changeset="157292765" timestamp="2024-09-30T11:34:07Z" user="AndreasOdense" uid="12159956" lat="55.9871196" lon="14.1293104"/>
 <node id="1930736169" visible="true" version="2" changeset="47743022" timestamp="2017-04-13T13:29:48Z" user="Grillo" uid="13957" lat="55.9843766" lon="14.1233664"/>
 <node id="1930736171" visible="true" version="1" changeset="13235308" timestamp="2012-09-24T16:09:33Z" user="johanemilsson" uid="559500" lat="55.9872873" lon="14.1268746"/>
 <node id="1930736174" visible="true" version="2" changeset="123572151" timestamp="2022-07-13T16:10:19Z" user="Johan Holmberg" uid="485974" lat="55.9837702" lon="14.1302732"/>
 <node id="1930736177" visible="true" version="2" changeset="123572151" timestamp="2022-07-13T16:10:19Z" user="Johan Holmberg" uid="485974" lat="55.9850595" lon="14.1309542"/>
 <node id="1930736181" visible="true" version="1" changeset="13235308" timestamp="2012-09-24T16:09:33Z" user="johanemilsson" uid="559500" lat="55.9881470" lon="14.1290673"/>
 <node id="1930736191" visible="true" version="1" changeset="13235308" timestamp="2012-09-24T16:09:33Z" user="johanemilsson" uid="559500" lat="55.9879400" lon="14.1309931"/>
 <node id="1930736195" visible="true" version="1" changeset="13235308" timestamp="2012-09-24T16:09:33Z" user="johanemilsson" uid="559500" lat="55.9873293" lon="14.1282372"/>
 <node id="2011321248" visible="true" version="1" changeset="13851557" timestamp="2012-11-12T19:59:39Z" user="johanemilsson" uid="559500" lat="55.9933228" lon="14.1198561"/>
 <node id="2011321264" visible="true" version="1" changeset="13851557" timestamp="2012-11-12T19:59:39Z" user="johanemilsson" uid="559500" lat="55.9911897" lon="14.1145185"/>
 <node id="2011321293" visible="true" version="1" changeset="13851557" timestamp="2012-11-12T19:59:40Z" user="johanemilsson" uid="559500" lat="55.9909527" lon="14.1183863"/>
 <node id="2011321301" visible="true" version="1" changeset="13851557" timestamp="2012-11-12T19:59:40Z" user="johanemilsson" uid="559500" lat="55.9907505" lon="14.1118992"/>
 <node id="2011321334" visible="true" version="1" changeset="13851557" timestamp="2012-11-12T19:59:41Z" user="johanemilsson" uid="559500" lat="55.9934968" lon="14.1188905"/>
 <node id="2012904453" visible="true" version="1" changeset="13864627" timestamp="2012-11-13T21:14:13Z" user="johanemilsson" uid="559500" lat="55.9932539" lon="14.1127538"/>
 <node id="2012904456" visible="true" version="1" changeset="13864627" timestamp="2012-11-13T21:14:13Z" user="johanemilsson" uid="559500" lat="55.9912107" lon="14.1130220"/>
 <node id="2012904458" visible="true" version="1" changeset="13864627" timestamp="2012-11-13T21:14:13Z" user="johanemilsson" uid="559500" lat="55.9934129" lon="14.1156399"/>
 <node id="2012904460" visible="true" version="1" changeset="13864627" timestamp="2012-11-13T21:14:13Z" user="johanemilsson" uid="559500" lat="55.9925701" lon="14.1120463"/>
 <node id="2012904462" visible="true" version="1" changeset="13864627" timestamp="2012-11-13T21:14:13Z" user="johanemilsson" uid="559500" lat="55.9925638" lon="14.1124856"/>
 <node id="2012904467" visible="true" version="1" changeset="13864627" timestamp="2012-11-13T21:14:13Z" user="johanemilsson" uid="559500" lat="55.9926239" lon="14.1131025"/>
 <node id="2012904469" visible="true" version="1" changeset="13864627" timestamp="2012-11-13T21:14:13Z" user="johanemilsson" uid="559500" lat="55.9925417" lon="14.1130978"/>
 <node id="2012904471" visible="true" version="1" changeset="13864627" timestamp="2012-11-13T21:14:13Z" user="johanemilsson" uid="559500" lat="55.9937640" lon="14.1156613"/>
 <node id="2012904476" visible="true" version="1" changeset="13864627" timestamp="2012-11-13T21:14:13Z" user="johanemilsson" uid="559500" lat="55.9934399" lon="14.1141271"/>
 <node id="2012904482" visible="true" version="1" changeset="13864627" timestamp="2012-11-13T21:14:13Z" user="johanemilsson" uid="559500" lat="55.9936589" lon="14.1140413"/>
 <node id="2012904485" visible="true" version="1" changeset="13864627" timestamp="2012-11-13T21:14:13Z" user="johanemilsson" uid="559500" lat="55.9937538" lon="14.1157842"/>
 <node id="2012904487" visible="true" version="1" changeset="13864627" timestamp="2012-11-13T21:14:13Z" user="johanemilsson" uid="559500" lat="55.9910704" lon="14.1145383"/>
 <node id="2012909314" visible="true" version="1" changeset="13864627" timestamp="2012-11-13T21:20:59Z" user="johanemilsson" uid="559500" lat="55.9912800" lon="14.1306820"/>
 <node id="2012909315" visible="true" version="1" changeset="13864627" timestamp="2012-11-13T21:20:59Z" user="johanemilsson" uid="559500" lat="55.9887022" lon="14.1254246"/>
 <node id="2012909316" visible="true" version="2" changeset="122524854" timestamp="2022-06-17T21:15:57Z" user="Jessica Lily" uid="163346" lat="55.9903541" lon="14.1314890"/>
 <node id="2012909317" visible="true" version="1" changeset="13864627" timestamp="2012-11-13T21:21:00Z" user="johanemilsson" uid="559500" lat="55.9905329" lon="14.1293355"/>
 <node id="2012909318" visible="true" version="1" changeset="13864627" timestamp="2012-11-13T21:21:00Z" user="johanemilsson" uid="559500" lat="55.9907699" lon="14.1294213"/>
 <node id="2012909319" visible="true" version="1" changeset="13864627" timestamp="2012-11-13T21:21:00Z" user="johanemilsson" uid="559500" lat="55.9899475" lon="14.1290670"/>
 <node id="2012909320" visible="true" version="1" changeset="13864627" timestamp="2012-11-13T21:21:00Z" user="johanemilsson" uid="559500" lat="55.9885672" lon="14.1263741"/>
 <node id="2012909321" visible="true" version="1" changeset="13864627" timestamp="2012-11-13T21:21:00Z" user="johanemilsson" uid="559500" lat="55.9923841" lon="14.1305693"/>
 <node id="2012909322" visible="true" version="2" changeset="60262284" timestamp="2018-06-28T23:09:37Z" user="Essin" uid="438299" lat="55.9911356" lon="14.1367140"/>
 <node id="2012909323" visible="true" version="2" changeset="120491751" timestamp="2022-05-03T09:06:33Z" user="Jessica Lily" uid="163346" lat="55.9918572" lon="14.1291193"/>
 <node id="2012909324" visible="true" version="1" changeset="13864627" timestamp="2012-11-13T21:21:00Z" user="johanemilsson" uid="559500" lat="55.9913367" lon="14.1325324"/>
 <node id="2012909325" visible="true" version="1" changeset="13864627" timestamp="2012-11-13T21:21:00Z" user="johanemilsson" uid="559500" lat="55.9928969" lon="14.1257625"/>
 <node id="2012909326" visible="true" version="1" changeset="13864627" timestamp="2012-11-13T21:21:00Z" user="johanemilsson" uid="559500" lat="55.9900288" lon="14.1263512"/>
 <node id="2012909327" visible="true" version="1" changeset="13864627" timestamp="2012-11-13T21:21:00Z" user="johanemilsson" uid="559500" lat="55.9913037" lon="14.1295283"/>
 <node id="2012909328" visible="true" version="2" changeset="122524854" timestamp="2022-06-17T21:15:57Z" user="Jessica Lily" uid="163346" lat="55.9904606" lon="14.1302499"/>
 <node id="2012909329" visible="true" version="1" changeset="13864627" timestamp="2012-11-13T21:21:00Z" user="johanemilsson" uid="559500" lat="55.9904696" lon="14.1291636"/>
 <node id="2012909330" visible="true" version="1" changeset="13864627" timestamp="2012-11-13T21:21:00Z" user="johanemilsson" uid="559500" lat="55.9927979" lon="14.1241425"/>
 <node id="2012909331" visible="true" version="1" changeset="13864627" timestamp="2012-11-13T21:21:00Z" user="johanemilsson" uid="559500" lat="55.9898965" lon="14.1281926"/>
 <node id="2012909332" visible="true" version="1" changeset="13864627" timestamp="2012-11-13T21:21:00Z" user="johanemilsson" uid="559500" lat="55.9899568" lon="14.1289385"/>
 <node id="2012909333" visible="true" version="1" changeset="13864627" timestamp="2012-11-13T21:21:00Z" user="johanemilsson" uid="559500" lat="55.9909616" lon="14.1293674"/>
 <node id="2012909334" visible="true" version="1" changeset="13864627" timestamp="2012-11-13T21:21:00Z" user="johanemilsson" uid="559500" lat="55.9900855" lon="14.1290187"/>
 <node id="2012909335" visible="true" version="1" changeset="13864627" timestamp="2012-11-13T21:21:00Z" user="johanemilsson" uid="559500" lat="55.9894008" lon="14.1254071"/>
 <node id="2012909336" visible="true" version="1" changeset="13864627" timestamp="2012-11-13T21:21:00Z" user="johanemilsson" uid="559500" lat="55.9929749" lon="14.1266530"/>
 <node id="2012909337" visible="true" version="1" changeset="13864627" timestamp="2012-11-13T21:21:00Z" user="johanemilsson" uid="559500" lat="55.9914117" lon="14.1336911"/>
 <node id="2012909338" visible="true" version="2" changeset="60262284" timestamp="2018-06-28T23:09:37Z" user="Essin" uid="438299" lat="55.9911522" lon="14.1372786"/>
 <node id="2012909339" visible="true" version="1" changeset="13864627" timestamp="2012-11-13T21:21:00Z" user="johanemilsson" uid="559500" lat="55.9885855" lon="14.1261758"/>
 <node id="2012909340" visible="true" version="1" changeset="13864627" timestamp="2012-11-13T21:21:00Z" user="johanemilsson" uid="559500" lat="55.9914330" lon="14.1307624"/>
 <node id="2012909341" visible="true" version="2" changeset="60262284" timestamp="2018-06-28T23:09:37Z" user="Essin" uid="438299" lat="55.9912151" lon="14.1345227"/>
 <node id="2012909342" visible="true" version="1" changeset="13864627" timestamp="2012-11-13T21:21:00Z" user="johanemilsson" uid="559500" lat="55.9930079" lon="14.1273772"/>
 <node id="2012909343" visible="true" version="1" changeset="13864627" timestamp="2012-11-13T21:21:00Z" user="johanemilsson" uid="559500" lat="55.9911840" lon="14.1316368"/>
 <node id="2012909345" visible="true" version="1" changeset="13864627" timestamp="2012-11-13T21:21:00Z" user="johanemilsson" uid="559500" lat="55.9885762" lon="14.1263151"/>
 <node id="2012909346" visible="true" version="1" changeset="13864627" timestamp="2012-11-13T21:21:00Z" user="johanemilsson" uid="559500" lat="55.9918978" lon="14.1300594"/>
 <node id="2012909347" visible="true" version="1" changeset="13864627" timestamp="2012-11-13T21:21:00Z" user="johanemilsson" uid="559500" lat="55.9929092" lon="14.1280266"/>
 <node id="2012909348" visible="true" version="1" changeset="13864627" timestamp="2012-11-13T21:21:00Z" user="johanemilsson" uid="559500" lat="55.9921711" lon="14.1292255"/>
 <node id="2012909349" visible="true" version="2" changeset="122524854" timestamp="2022-06-17T21:15:57Z" user="Jessica Lily" uid="163346" lat="55.9911852" lon="14.1304107"/>
 <node id="2012909350" visible="true" version="1" changeset="13864627" timestamp="2012-11-13T21:21:00Z" user="johanemilsson" uid="559500" lat="55.9923601" lon="14.1304352"/>
 <node id="2012909351" visible="true" version="1" changeset="13864627" timestamp="2012-11-13T21:21:00Z" user="johanemilsson" uid="559500" lat="55.9923991" lon="14.1291772"/>
 <node id="2012909352" visible="true" version="1" changeset="13864627" timestamp="2012-11-13T21:21:00Z" user="johanemilsson" uid="559500" lat="55.9928189" lon="14.1234505"/>
 <node id="2012909353" visible="true" version="1" changeset="13864627" timestamp="2012-11-13T21:21:00Z" user="johanemilsson" uid="559500" lat="55.9927393" lon="14.1293701"/>
 <node id="2012909354" visible="true" version="1" changeset="13864627" timestamp="2012-11-13T21:21:00Z" user="johanemilsson" uid="559500" lat="55.9913070" lon="14.1340401"/>
 <node id="2012909355" visible="true" version="1" changeset="13864627" timestamp="2012-11-13T21:21:00Z" user="johanemilsson" uid="559500" lat="55.9884172" lon="14.1274308"/>
 <node id="2012909356" visible="true" version="1" changeset="13864627" timestamp="2012-11-13T21:21:00Z" user="johanemilsson" uid="559500" lat="55.9900983" lon="14.1259528"/>
 <node id="2012909357" visible="true" version="1" changeset="13864627" timestamp="2012-11-13T21:21:00Z" user="johanemilsson" uid="559500" lat="55.9913880" lon="14.1297003"/>
 <node id="2012909358" visible="true" version="1" changeset="13864627" timestamp="2012-11-13T21:21:00Z" user="johanemilsson" uid="559500" lat="55.9916427" lon="14.1298717"/>
 <node id="2012909359" visible="true" version="1" changeset="13864627" timestamp="2012-11-13T21:21:00Z" user="johanemilsson" uid="559500" lat="55.9927919" lon="14.1238957"/>
 <node id="2012909360" visible="true" version="2" changeset="60262284" timestamp="2018-06-28T23:09:37Z" user="Essin" uid="438299" lat="55.9911566" lon="14.1370144"/>
 <node id="2012909361" visible="true" version="1" changeset="13864627" timestamp="2012-11-13T21:21:01Z" user="johanemilsson" uid="559500" lat="55.9911180" lon="14.1282304"/>
 <node id="2012909362" visible="true" version="1" changeset="13864627" timestamp="2012-11-13T21:21:01Z" user="johanemilsson" uid="559500" lat="55.9928039" lon="14.1287934"/>
 <node id="2012909364" visible="true" version="2" changeset="120491751" timestamp="2022-05-03T09:06:33Z" user="Jessica Lily" uid="163346" lat="55.9917342" lon="14.1297872"/>
 <node id="2012909365" visible="true" version="1" changeset="13864627" timestamp="2012-11-13T21:21:01Z" user="johanemilsson" uid="559500" lat="55.9913967" lon="14.1316902"/>
 <node id="2012909366" visible="true" version="1" changeset="13864627" timestamp="2012-11-13T21:21:01Z" user="johanemilsson" uid="559500" lat="55.9899508" lon="14.1262295"/>
 <node id="2012909367" visible="true" version="1" changeset="13864627" timestamp="2012-11-13T21:21:01Z" user="johanemilsson" uid="559500" lat="55.9922608" lon="14.1309338"/>
 <node id="2012909368" visible="true" version="1" changeset="13864627" timestamp="2012-11-13T21:21:01Z" user="johanemilsson" uid="559500" lat="55.9886185" lon="14.1259881"/>
 <node id="2012909369" visible="true" version="1" changeset="13864627" timestamp="2012-11-13T21:21:01Z" user="johanemilsson" uid="559500" lat="55.9917327" lon="14.1326343"/>
 <node id="2012909370" visible="true" version="1" changeset="13864627" timestamp="2012-11-13T21:21:01Z" user="johanemilsson" uid="559500" lat="55.9899235" lon="14.1275650"/>
 <node id="2012909371" visible="true" version="1" changeset="13864627" timestamp="2012-11-13T21:21:01Z" user="johanemilsson" uid="559500" lat="55.9899865" lon="14.1265940"/>
 <node id="2012909372" visible="true" version="1" changeset="13864627" timestamp="2012-11-13T21:21:01Z" user="johanemilsson" uid="559500" lat="55.9883362" lon="14.1279297"/>
 <node id="2012909373" visible="true" version="1" changeset="13864627" timestamp="2012-11-13T21:21:01Z" user="johanemilsson" uid="559500" lat="55.9915407" lon="14.1296732"/>
 <node id="2012909374" visible="true" version="1" changeset="13864627" timestamp="2012-11-13T21:21:01Z" user="johanemilsson" uid="559500" lat="55.9900554" lon="14.1266341"/>
 <node id="2012909375" visible="true" version="1" changeset="13864627" timestamp="2012-11-13T21:21:01Z" user="johanemilsson" uid="559500" lat="55.9928312" lon="14.1248723"/>
 <node id="2012909376" visible="true" version="1" changeset="13864627" timestamp="2012-11-13T21:21:01Z" user="johanemilsson" uid="559500" lat="55.9928729" lon="14.1282731"/>
 <node id="2303687121" visible="true" version="1" changeset="16124412" timestamp="2013-05-14T11:54:11Z" user="johanemilsson" uid="559500" lat="55.9901243" lon="14.1365923"/>
 <node id="2649438620" visible="true" version="2" changeset="123573040" timestamp="2022-07-13T16:35:16Z" user="archie" uid="156646" lat="55.9799304" lon="14.1284133"/>
 <node id="4311369124" visible="true" version="1" changeset="40861570" timestamp="2016-07-19T14:59:33Z" user="Essin" uid="438299" lat="55.9928308" lon="14.1188344"/>
 <node id="4791685499" visible="true" version="2" changeset="157292765" timestamp="2024-09-30T11:34:07Z" user="AndreasOdense" uid="12159956" lat="55.9851193" lon="14.1242104"/>
 <node id="4791685500" visible="true" version="2" changeset="157292765" timestamp="2024-09-30T11:34:07Z" user="AndreasOdense" uid="12159956" lat="55.9852384" lon="14.1234188"/>
 <node id="4791685501" visible="true" version="2" changeset="157292765" timestamp="2024-09-30T11:34:07Z" user="AndreasOdense" uid="12159956" lat="55.9845334" lon="14.1229194"/>
 <node id="4791685502" visible="true" version="2" changeset="157292765" timestamp="2024-09-30T11:34:07Z" user="AndreasOdense" uid="12159956" lat="55.9841587" lon="14.1252460"/>
 <node id="4791685503" visible="true" version="2" changeset="157292765" timestamp="2024-09-30T11:34:07Z" user="AndreasOdense" uid="12159956" lat="55.9855030" lon="14.1259067"/>
 <node id="4791685504" visible="true" version="2" changeset="157292765" timestamp="2024-09-30T11:34:07Z" user="AndreasOdense" uid="12159956" lat="55.9857328" lon="14.1244950"/>
 <node id="4791685505" visible="true" version="2" changeset="157292765" timestamp="2024-09-30T11:34:07Z" user="AndreasOdense" uid="12159956" lat="55.9871528" lon="14.1220595"/>
 <node id="4791685506" visible="true" version="2" changeset="157292765" timestamp="2024-09-30T11:34:07Z" user="AndreasOdense" uid="12159956" lat="55.9864325" lon="14.1226247"/>
 <node id="4791685507" visible="true" version="1" changeset="47743022" timestamp="2017-04-13T13:29:47Z" user="Grillo" uid="13957" lat="55.9852690" lon="14.1230510"/>
 <node id="4791685508" visible="true" version="2" changeset="157292765" timestamp="2024-09-30T11:34:07Z" user="AndreasOdense" uid="12159956" lat="55.9851728" lon="14.1228909"/>
 <node id="4791685509" visible="true" version="2" changeset="157292765" timestamp="2024-09-30T11:34:07Z" user="AndreasOdense" uid="12159956" lat="55.9851223" lon="14.1227069"/>
 <node id="4791685510" visible="true" version="2" changeset="157292765" timestamp="2024-09-30T11:34:07Z" user="AndreasOdense" uid="12159956" lat="55.9851327" lon="14.1224340"/>
 <node id="4791685511" visible="true" version="2" changeset="157292765" timestamp="2024-09-30T11:34:07Z" user="AndreasOdense" uid="12159956" lat="55.9852788" lon="14.1218341"/>
 <node id="4791685512" visible="true" version="2" changeset="157292765" timestamp="2024-09-30T11:34:07Z" user="AndreasOdense" uid="12159956" lat="55.9853586" lon="14.1217528"/>
 <node id="4791685513" visible="true" version="1" changeset="47743022" timestamp="2017-04-13T13:29:47Z" user="Grillo" uid="13957" lat="55.9854130" lon="14.1217796"/>
 <node id="4791685514" visible="true" version="1" changeset="47743022" timestamp="2017-04-13T13:29:47Z" user="Grillo" uid="13957" lat="55.9855120" lon="14.1218494"/>
 <node id="4791685515" visible="true" version="2" changeset="157292765" timestamp="2024-09-30T11:34:07Z" user="AndreasOdense" uid="12159956" lat="55.9855943" lon="14.1218142"/>
 <node id="4791685516" visible="true" version="1" changeset="47743022" timestamp="2017-04-13T13:29:47Z" user="Grillo" uid="13957" lat="55.9856621" lon="14.1215812"/>
 <node id="4791685517" visible="true" version="1" changeset="47743022" timestamp="2017-04-13T13:29:47Z" user="Grillo" uid="13957" lat="55.9857221" lon="14.1211949"/>
 <node id="4791685518" visible="true" version="1" changeset="47743022" timestamp="2017-04-13T13:29:47Z" user="Grillo" uid="13957" lat="55.9857371" lon="14.1209052"/>
 <node id="4791685519" visible="true" version="2" changeset="157292765" timestamp="2024-09-30T11:34:07Z" user="AndreasOdense" uid="12159956" lat="55.9856933" lon="14.1203393"/>
 <node id="4791685520" visible="true" version="2" changeset="157292765" timestamp="2024-09-30T11:34:07Z" user="AndreasOdense" uid="12159956" lat="55.9857282" lon="14.1201359"/>
 <node id="4791685821" visible="true" version="2" changeset="157292765" timestamp="2024-09-30T11:34:07Z" user="AndreasOdense" uid="12159956" lat="55.9857885" lon="14.1200984"/>
 <node id="4791685822" visible="true" version="2" changeset="157292765" timestamp="2024-09-30T11:34:07Z" user="AndreasOdense" uid="12159956" lat="55.9859141" lon="14.1201497"/>
 <node id="4791685823" visible="true" version="2" changeset="157292765" timestamp="2024-09-30T11:34:07Z" user="AndreasOdense" uid="12159956" lat="55.9859858" lon="14.1202332"/>
 <node id="4791685824" visible="true" version="1" changeset="47743022" timestamp="2017-04-13T13:29:47Z" user="Grillo" uid="13957" lat="55.9861062" lon="14.1207443"/>
 <node id="4791685825" visible="true" version="2" changeset="157292765" timestamp="2024-09-30T11:34:07Z" user="AndreasOdense" uid="12159956" lat="55.9861039" lon="14.1209488"/>
 <node id="4791685826" visible="true" version="2" changeset="157292765" timestamp="2024-09-30T11:34:07Z" user="AndreasOdense" uid="12159956" lat="55.9860805" lon="14.1209720"/>
 <node id="4791685827" visible="true" version="1" changeset="47743022" timestamp="2017-04-13T13:29:47Z" user="Grillo" uid="13957" lat="55.9860132" lon="14.1210125"/>
 <node id="4791685828" visible="true" version="2" changeset="157292765" timestamp="2024-09-30T11:34:07Z" user="AndreasOdense" uid="12159956" lat="55.9859699" lon="14.1211475"/>
 <node id="4791685829" visible="true" version="2" changeset="157292765" timestamp="2024-09-30T11:34:07Z" user="AndreasOdense" uid="12159956" lat="55.9860147" lon="14.1222678"/>
 <node id="4791685830" visible="true" version="2" changeset="157292765" timestamp="2024-09-30T11:34:07Z" user="AndreasOdense" uid="12159956" lat="55.9860987" lon="14.1224046"/>
 <node id="4791685831" visible="true" version="2" changeset="157292765" timestamp="2024-09-30T11:34:07Z" user="AndreasOdense" uid="12159956" lat="55.9862048" lon="14.1223628"/>
 <node id="4791685832" visible="true" version="1" changeset="47743022" timestamp="2017-04-13T13:29:48Z" user="Grillo" uid="13957" lat="55.9863072" lon="14.1221498"/>
 <node id="4791685833" visible="true" version="2" changeset="123573040" timestamp="2022-07-13T16:35:16Z" user="archie" uid="156646" lat="55.9858432" lon="14.1241264"/>
 <node id="4791685834" visible="true" version="1" changeset="47743022" timestamp="2017-04-13T13:29:48Z" user="Grillo" uid="13957" lat="55.9843592" lon="14.1236118"/>
 <node id="4791685835" visible="true" version="2" changeset="157292765" timestamp="2024-09-30T11:34:07Z" user="AndreasOdense" uid="12159956" lat="55.9840220" lon="14.1260478"/>
 <node id="4791685836" visible="true" version="2" changeset="157292765" timestamp="2024-09-30T11:34:07Z" user="AndreasOdense" uid="12159956" lat="55.9856096" lon="14.1268740"/>
 <node id="5726854028" visible="true" version="2" changeset="123573040" timestamp="2022-07-13T16:35:16Z" user="archie" uid="156646" lat="55.9912166" lon="14.1374382"/>
 <node id="5726854029" visible="true" version="2" changeset="123573040" timestamp="2022-07-13T16:35:16Z" user="archie" uid="156646" lat="55.9909166" lon="14.1374651"/>
 <node id="5726854030" visible="true" version="2" changeset="123573040" timestamp="2022-07-13T16:35:16Z" user="archie" uid="156646" lat="55.9907740" lon="14.1374114"/>
 <node id="5726854031" visible="true" version="2" changeset="123573040" timestamp="2022-07-13T16:35:16Z" user="archie" uid="156646" lat="55.9906510" lon="14.1373041"/>
 <node id="5726854032" visible="true" version="1" changeset="60262284" timestamp="2018-06-28T23:09:36Z" user="Essin" uid="438299" lat="55.9905205" lon="14.1371030"/>
 <node id="5726854033" visible="true" version="2" changeset="123573040" timestamp="2022-07-13T16:35:16Z" user="archie" uid="156646" lat="55.9903375" lon="14.1369045"/>
 <node id="5726854043" visible="true" version="1" changeset="60262284" timestamp="2018-06-28T23:09:36Z" user="Essin" uid="438299" lat="55.9911281" lon="14.1358396"/>
 <node id="5726854044" visible="true" version="1" changeset="60262284" timestamp="2018-06-28T23:09:36Z" user="Essin" uid="438299" lat="55.9911551" lon="14.1351691"/>
 <node id="7110799431" visible="true" version="4" changeset="182913524" timestamp="2026-05-20T07:46:35Z" user="aleno150" uid="1754773" lat="55.9799655" lon="14.1284320"/>
 <node id="7110817652" visible="true" version="2" changeset="123573040" timestamp="2022-07-13T16:35:16Z" user="archie" uid="156646" lat="55.9870823" lon="14.1258577"/>
 <node id="7110830590" visible="true" version="1" changeset="79223798" timestamp="2020-01-05T21:25:21Z" user="waynefritz" uid="10493492" lat="55.9814155" lon="14.1290330"/>
 <node id="7110830591" visible="true" version="1" changeset="79223798" timestamp="2020-01-05T21:25:21Z" user="waynefritz" uid="10493492" lat="55.9817572" lon="14.1290810"/>
 <node id="7110830599" visible="true" version="2" changeset="123573494" timestamp="2022-07-13T16:51:03Z" user="archie" uid="156646" lat="55.9814641" lon="14.1290398"/>
 <node id="7110830600" visible="true" version="2" changeset="123573040" timestamp="2022-07-13T16:35:16Z" user="archie" uid="156646" lat="55.9818117" lon="14.1290780"/>
 <node id="9625766572" visible="true" version="2" changeset="123573494" timestamp="2022-07-13T16:51:03Z" user="archie" uid="156646" lat="55.9882967" lon="14.1279466"/>
 <node id="9710933263" visible="true" version="1" changeset="120491751" timestamp="2022-05-03T09:06:33Z" user="Jessica Lily" uid="163346" lat="55.9856892" lon="14.1240448"/>
 <node id="9710933264" visible="true" version="1" changeset="120491751" timestamp="2022-05-03T09:06:33Z" user="Jessica Lily" uid="163346" lat="55.9857444" lon="14.1240797"/>
 <node id="9710933265" visible="true" version="1" changeset="120491751" timestamp="2022-05-03T09:06:33Z" user="Jessica Lily" uid="163346" lat="55.9857277" lon="14.1241640"/>
 <node id="9710933266" visible="true" version="1" changeset="120491751" timestamp="2022-05-03T09:06:33Z" user="Jessica Lily" uid="163346" lat="55.9856725" lon="14.1241291"/>
 <node id="9710933267" visible="true" version="1" changeset="120491751" timestamp="2022-05-03T09:06:33Z" user="Jessica Lily" uid="163346" lat="55.9868894" lon="14.1245735"/>
 <node id="9710933268" visible="true" version="1" changeset="120491751" timestamp="2022-05-03T09:06:33Z" user="Jessica Lily" uid="163346" lat="55.9870740" lon="14.1246701"/>
 <node id="9710933269" visible="true" version="1" changeset="120491751" timestamp="2022-05-03T09:06:33Z" user="Jessica Lily" uid="163346" lat="55.9871065" lon="14.1244711"/>
 <node id="9710933270" visible="true" version="1" changeset="120491751" timestamp="2022-05-03T09:06:33Z" user="Jessica Lily" uid="163346" lat="55.9869220" lon="14.1243745"/>
 <node id="9710933271" visible="true" version="2" changeset="157292765" timestamp="2024-09-30T11:34:07Z" user="AndreasOdense" uid="12159956" lat="55.9861076" lon="14.1238872"/>
 <node id="9710933272" visible="true" version="2" changeset="157292765" timestamp="2024-09-30T11:34:07Z" user="AndreasOdense" uid="12159956" lat="55.9862591" lon="14.1239663"/>
 <node id="9710933273" visible="true" version="2" changeset="157292765" timestamp="2024-09-30T11:34:07Z" user="AndreasOdense" uid="12159956" lat="55.9862798" lon="14.1238394"/>
 <node id="9710933274" visible="true" version="2" changeset="157292765" timestamp="2024-09-30T11:34:07Z" user="AndreasOdense" uid="12159956" lat="55.9861283" lon="14.1237603"/>
 <node id="9710933275" visible="true" version="2" changeset="157292765" timestamp="2024-09-30T11:34:07Z" user="AndreasOdense" uid="12159956" lat="55.9855720" lon="14.1237317"/>
 <node id="9710933276" visible="true" version="2" changeset="157292765" timestamp="2024-09-30T11:34:07Z" user="AndreasOdense" uid="12159956" lat="55.9854648" lon="14.1243888"/>
 <node id="9710933277" visible="true" version="2" changeset="157292765" timestamp="2024-09-30T11:34:07Z" user="AndreasOdense" uid="12159956" lat="55.9853526" lon="14.1243303"/>
 <node id="9710933278" visible="true" version="2" changeset="157292765" timestamp="2024-09-30T11:34:07Z" user="AndreasOdense" uid="12159956" lat="55.9854599" lon="14.1236732"/>
 <node id="9710938353" visible="true" version="1" changeset="120491751" timestamp="2022-05-03T09:06:33Z" user="Jessica Lily" uid="163346" lat="55.9906121" lon="14.1220254"/>
 <node id="9710938354" visible="true" version="1" changeset="120491751" timestamp="2022-05-03T09:06:33Z" user="Jessica Lily" uid="163346" lat="55.9905904" lon="14.1221528"/>
 <node id="9710938355" visible="true" version="1" changeset="120491751" timestamp="2022-05-03T09:06:33Z" user="Jessica Lily" uid="163346" lat="55.9905182" lon="14.1221134"/>
 <node id="9710938356" visible="true" version="1" changeset="120491751" timestamp="2022-05-03T09:06:33Z" user="Jessica Lily" uid="163346" lat="55.9905400" lon="14.1219860"/>
 <node id="9710938357" visible="true" version="1" changeset="120491751" timestamp="2022-05-03T09:06:33Z" user="Jessica Lily" uid="163346" lat="55.9881943" lon="14.1174882"/>
 <node id="9710938358" visible="true" version="1" changeset="120491751" timestamp="2022-05-03T09:06:33Z" user="Jessica Lily" uid="163346" lat="55.9887090" lon="14.1169961"/>
 <node id="9710938359" visible="true" version="1" changeset="120491751" timestamp="2022-05-03T09:06:33Z" user="Jessica Lily" uid="163346" lat="55.9888529" lon="14.1174772"/>
 <node id="9710938360" visible="true" version="1" changeset="120491751" timestamp="2022-05-03T09:06:33Z" user="Jessica Lily" uid="163346" lat="55.9883383" lon="14.1179694"/>
 <node id="9710938361" visible="true" version="1" changeset="120491751" timestamp="2022-05-03T09:06:33Z" user="Jessica Lily" uid="163346" lat="55.9901733" lon="14.1187231"/>
 <node id="9710938362" visible="true" version="1" changeset="120491751" timestamp="2022-05-03T09:06:33Z" user="Jessica Lily" uid="163346" lat="55.9906444" lon="14.1191496"/>
 <node id="9710938363" visible="true" version="1" changeset="120491751" timestamp="2022-05-03T09:06:33Z" user="Jessica Lily" uid="163346" lat="55.9905430" lon="14.1195077"/>
 <node id="9710938364" visible="true" version="1" changeset="120491751" timestamp="2022-05-03T09:06:33Z" user="Jessica Lily" uid="163346" lat="55.9900719" lon="14.1190812"/>
 <node id="9710938365" visible="true" version="1" changeset="120491751" timestamp="2022-05-03T09:06:33Z" user="Jessica Lily" uid="163346" lat="55.9908701" lon="14.1195608"/>
 <node id="9710938366" visible="true" version="1" changeset="120491751" timestamp="2022-05-03T09:06:33Z" user="Jessica Lily" uid="163346" lat="55.9907801" lon="14.1198679"/>
 <node id="9710938367" visible="true" version="1" changeset="120491751" timestamp="2022-05-03T09:06:33Z" user="Jessica Lily" uid="163346" lat="55.9906990" lon="14.1197920"/>
 <node id="9710938368" visible="true" version="1" changeset="120491751" timestamp="2022-05-03T09:06:33Z" user="Jessica Lily" uid="163346" lat="55.9907890" lon="14.1194849"/>
 <node id="9826403539" visible="true" version="1" changeset="122524854" timestamp="2022-06-17T21:15:57Z" user="Jessica Lily" uid="163346" lat="55.9917993" lon="14.1310727"/>
 <node id="9826403540" visible="true" version="1" changeset="122524854" timestamp="2022-06-17T21:15:57Z" user="Jessica Lily" uid="163346" lat="55.9918555" lon="14.1315582"/>
 <node id="9826403541" visible="true" version="1" changeset="122524854" timestamp="2022-06-17T21:15:57Z" user="Jessica Lily" uid="163346" lat="55.9917676" lon="14.1315391"/>
 <node id="9826403542" visible="true" version="1" changeset="122524854" timestamp="2022-06-17T21:15:57Z" user="Jessica Lily" uid="163346" lat="55.9915452" lon="14.1308476"/>
 <node id="9826403543" visible="true" version="1" changeset="122524854" timestamp="2022-06-17T21:15:57Z" user="Jessica Lily" uid="163346" lat="55.9918986" lon="14.1309243"/>
 <node id="9826403544" visible="true" version="1" changeset="122524854" timestamp="2022-06-17T21:15:57Z" user="Jessica Lily" uid="163346" lat="55.9915338" lon="14.1310150"/>
 <node id="9826403545" visible="true" version="1" changeset="122524854" timestamp="2022-06-17T21:15:57Z" user="Jessica Lily" uid="163346" lat="55.9915390" lon="14.1316397"/>
 <node id="9826403546" visible="true" version="1" changeset="122524854" timestamp="2022-06-17T21:15:57Z" user="Jessica Lily" uid="163346" lat="55.9917715" lon="14.1316974"/>
 <node id="9826403547" visible="true" version="1" changeset="122524854" timestamp="2022-06-17T21:15:57Z" user="Jessica Lily" uid="163346" lat="55.9917612" lon="14.1318311"/>
 <node id="9826403548" visible="true" version="1" changeset="122524854" timestamp="2022-06-17T21:15:57Z" user="Jessica Lily" uid="163346" lat="55.9915286" lon="14.1317734"/>
 <node id="9826403549" visible="true" version="1" changeset="122524854" timestamp="2022-06-17T21:15:57Z" user="Jessica Lily" uid="163346" lat="55.9916076" lon="14.1311306"/>
 <node id="9826403550" visible="true" version="1" changeset="122524854" timestamp="2022-06-17T21:15:57Z" user="Jessica Lily" uid="163346" lat="55.9915686" lon="14.1315973"/>
 <node id="9826403551" visible="true" version="1" changeset="122524854" timestamp="2022-06-17T21:15:57Z" user="Jessica Lily" uid="163346" lat="55.9914799" lon="14.1315736"/>
 <node id="9826403552" visible="true" version="1" changeset="122524854" timestamp="2022-06-17T21:15:57Z" user="Jessica Lily" uid="163346" lat="55.9915189" lon="14.1311069"/>
 <node id="9826403553" visible="true" version="1" changeset="122524854" timestamp="2022-06-17T21:15:57Z" user="Jessica Lily" uid="163346" lat="55.9907349" lon="14.1310538"/>
 <node id="9826403554" visible="true" version="1" changeset="122524854" timestamp="2022-06-17T21:15:57Z" user="Jessica Lily" uid="163346" lat="55.9910440" lon="14.1311289"/>
 <node id="9826403555" visible="true" version="1" changeset="122524854" timestamp="2022-06-17T21:15:57Z" user="Jessica Lily" uid="163346" lat="55.9910621" lon="14.1308910"/>
 <node id="9826403556" visible="true" version="1" changeset="122524854" timestamp="2022-06-17T21:15:57Z" user="Jessica Lily" uid="163346" lat="55.9907530" lon="14.1308159"/>
 <node id="9826403557" visible="true" version="1" changeset="122524854" timestamp="2022-06-17T21:15:57Z" user="Jessica Lily" uid="163346" lat="55.9906912" lon="14.1303746"/>
 <node id="9826403558" visible="true" version="1" changeset="122524854" timestamp="2022-06-17T21:15:57Z" user="Jessica Lily" uid="163346" lat="55.9906072" lon="14.1314368"/>
 <node id="9826403559" visible="true" version="1" changeset="122524854" timestamp="2022-06-17T21:15:57Z" user="Jessica Lily" uid="163346" lat="55.9904005" lon="14.1313845"/>
 <node id="9826403560" visible="true" version="1" changeset="122524854" timestamp="2022-06-17T21:15:57Z" user="Jessica Lily" uid="163346" lat="55.9904845" lon="14.1303223"/>
 <node id="9884173987" visible="true" version="2" changeset="123573040" timestamp="2022-07-13T16:35:16Z" user="archie" uid="156646" lat="55.9826960" lon="14.1297738"/>
 <node id="9884173990" visible="true" version="2" changeset="123573040" timestamp="2022-07-13T16:35:16Z" user="archie" uid="156646" lat="55.9817919" lon="14.1270447"/>
 <node id="9884173991" visible="true" version="1" changeset="123540821" timestamp="2022-07-13T02:08:08Z" user="Johan Holmberg" uid="485974" lat="55.9807406" lon="14.1248469"/>
 <node id="9884173992" visible="true" version="1" changeset="123540821" timestamp="2022-07-13T02:08:08Z" user="Johan Holmberg" uid="485974" lat="55.9810159" lon="14.1247762"/>
 <node id="9884173993" visible="true" version="3" changeset="157292765" timestamp="2024-09-30T11:34:07Z" user="AndreasOdense" uid="12159956" lat="55.9865013" lon="14.1299964"/>
 <node id="9884174001" visible="true" version="2" changeset="123573040" timestamp="2022-07-13T16:35:16Z" user="archie" uid="156646" lat="55.9835696" lon="14.1362701"/>
 <node id="9885536226" visible="true" version="2" changeset="123573040" timestamp="2022-07-13T16:35:16Z" user="archie" uid="156646" lat="55.9815195" lon="14.1251980"/>
 <node id="9885551561" visible="true" version="1" changeset="123573040" timestamp="2022-07-13T16:35:16Z" user="archie" uid="156646" lat="55.9846219" lon="14.1308011"/>
 <node id="9885551562" visible="true" version="1" changeset="123573040" timestamp="2022-07-13T16:35:16Z" user="archie" uid="156646" lat="55.9854096" lon="14.1308521"/>
 <node id="9885551563" visible="true" version="1" changeset="123573040" timestamp="2022-07-13T16:35:16Z" user="archie" uid="156646" lat="55.9851155" lon="14.1309862"/>
 <node id="9885551564" visible="true" version="1" changeset="123573040" timestamp="2022-07-13T16:35:16Z" user="archie" uid="156646" lat="55.9852663" lon="14.1309446"/>
 <node id="9885551565" visible="true" version="1" changeset="123573040" timestamp="2022-07-13T16:35:16Z" user="archie" uid="156646" lat="55.9862806" lon="14.1301285"/>
 <node id="9885551566" visible="true" version="1" changeset="123573040" timestamp="2022-07-13T16:35:16Z" user="archie" uid="156646" lat="55.9863477" lon="14.1300608"/>
 <node id="9885551567" visible="true" version="3" changeset="157292765" timestamp="2024-09-30T11:34:07Z" user="AndreasOdense" uid="12159956" lat="55.9867273" lon="14.1280594"/>
 <node id="9885551568" visible="true" version="1" changeset="123573040" timestamp="2022-07-13T16:35:16Z" user="archie" uid="156646" lat="55.9865657" lon="14.1245757"/>
 <node id="9885551571" visible="true" version="2" changeset="157292765" timestamp="2024-09-30T11:34:07Z" user="AndreasOdense" uid="12159956" lat="55.9853813" lon="14.1273106"/>
 <node id="9885551572" visible="true" version="2" changeset="157292765" timestamp="2024-09-30T11:34:07Z" user="AndreasOdense" uid="12159956" lat="55.9850620" lon="14.1270942"/>
 <node id="9885551573" visible="true" version="2" changeset="157292765" timestamp="2024-09-30T11:34:07Z" user="AndreasOdense" uid="12159956" lat="55.9848850" lon="14.1268274"/>
 <node id="9885551574" visible="true" version="2" changeset="157292765" timestamp="2024-09-30T11:34:07Z" user="AndreasOdense" uid="12159956" lat="55.9848117" lon="14.1265199"/>
 <node id="9885551575" visible="true" version="2" changeset="157292765" timestamp="2024-09-30T11:34:07Z" user="AndreasOdense" uid="12159956" lat="55.9848307" lon="14.1257792"/>
 <node id="9885551576" visible="true" version="2" changeset="157292765" timestamp="2024-09-30T11:34:07Z" user="AndreasOdense" uid="12159956" lat="55.9850697" lon="14.1243185"/>
 <node id="9885551577" visible="true" version="1" changeset="123573040" timestamp="2022-07-13T16:35:16Z" user="archie" uid="156646" lat="55.9845393" lon="14.1268314"/>
 <node id="9885551578" visible="true" version="1" changeset="123573040" timestamp="2022-07-13T16:35:16Z" user="archie" uid="156646" lat="55.9836188" lon="14.1291958"/>
 <node id="9885551579" visible="true" version="2" changeset="123627857" timestamp="2022-07-14T22:23:34Z" user="Johan Holmberg" uid="485974" lat="55.9823778" lon="14.1296250"/>
 <node id="9885551580" visible="true" version="1" changeset="123573040" timestamp="2022-07-13T16:35:16Z" user="archie" uid="156646" lat="55.9824979" lon="14.1296706"/>
 <node id="9885551581" visible="true" version="2" changeset="123627857" timestamp="2022-07-14T22:23:34Z" user="Johan Holmberg" uid="485974" lat="55.9823196" lon="14.1295714"/>
 <node id="9885551582" visible="true" version="1" changeset="123573040" timestamp="2022-07-13T16:35:16Z" user="archie" uid="156646" lat="55.9863369" lon="14.1428496"/>
 <node id="9885551583" visible="true" version="1" changeset="123573040" timestamp="2022-07-13T16:35:16Z" user="archie" uid="156646" lat="55.9836931" lon="14.1368066"/>
 <node id="9885551584" visible="true" version="1" changeset="123573040" timestamp="2022-07-13T16:35:16Z" user="archie" uid="156646" lat="55.9833498" lon="14.1353327"/>
 <node id="9885551585" visible="true" version="1" changeset="123573040" timestamp="2022-07-13T16:35:16Z" user="archie" uid="156646" lat="55.9831547" lon="14.1344268"/>
 <node id="9885551586" visible="true" version="1" changeset="123573040" timestamp="2022-07-13T16:35:16Z" user="archie" uid="156646" lat="55.9829064" lon="14.1332989"/>
 <node id="9885551587" visible="true" version="1" changeset="123573040" timestamp="2022-07-13T16:35:16Z" user="archie" uid="156646" lat="55.9828122" lon="14.1327900"/>
 <node id="9885551588" visible="true" version="1" changeset="123573040" timestamp="2022-07-13T16:35:16Z" user="archie" uid="156646" lat="55.9825136" lon="14.1322052"/>
 <node id="9885551589" visible="true" version="1" changeset="123573040" timestamp="2022-07-13T16:35:16Z" user="archie" uid="156646" lat="55.9824544" lon="14.1303800"/>
 <node id="9885551590" visible="true" version="1" changeset="123573040" timestamp="2022-07-13T16:35:16Z" user="archie" uid="156646" lat="55.9813094" lon="14.1234907"/>
 <node id="9885551591" visible="true" version="1" changeset="123573040" timestamp="2022-07-13T16:35:16Z" user="archie" uid="156646" lat="55.9810588" lon="14.1217433"/>
 <node id="9885551592" visible="true" version="1" changeset="123573040" timestamp="2022-07-13T16:35:16Z" user="archie" uid="156646" lat="55.9807542" lon="14.1211961"/>
 <node id="9885551593" visible="true" version="2" changeset="182913524" timestamp="2026-05-20T07:46:35Z" user="aleno150" uid="1754773" lat="55.9778796" lon="14.1273794"/>
 <node id="9885551594" visible="true" version="1" changeset="123573040" timestamp="2022-07-13T16:35:16Z" user="archie" uid="156646" lat="55.9802860" lon="14.1285903"/>
 <node id="9885551595" visible="true" version="1" changeset="123573040" timestamp="2022-07-13T16:35:16Z" user="archie" uid="156646" lat="55.9807441" lon="14.1288029"/>
 <node id="9885551596" visible="true" version="1" changeset="123573040" timestamp="2022-07-13T16:35:16Z" user="archie" uid="156646" lat="55.9811761" lon="14.1289041"/>
 <node id="9885551597" visible="true" version="2" changeset="123573494" timestamp="2022-07-13T16:51:03Z" user="archie" uid="156646" lat="55.9817072" lon="14.1290572"/>
 <node id="9885551598" visible="true" version="1" changeset="123573040" timestamp="2022-07-13T16:35:16Z" user="archie" uid="156646" lat="55.9815195" lon="14.1335544"/>
 <node id="9885582327" visible="true" version="1" changeset="123573494" timestamp="2022-07-13T16:51:03Z" user="archie" uid="156646" lat="55.9884527" lon="14.1269582"/>
 <node id="9885582328" visible="true" version="1" changeset="123573494" timestamp="2022-07-13T16:51:03Z" user="archie" uid="156646" lat="55.9885428" lon="14.1263104"/>
 <node id="9885582329" visible="true" version="1" changeset="123573494" timestamp="2022-07-13T16:51:03Z" user="archie" uid="156646" lat="55.9885544" lon="14.1262273"/>
 <node id="9885582330" visible="true" version="1" changeset="123573494" timestamp="2022-07-13T16:51:03Z" user="archie" uid="156646" lat="55.9886690" lon="14.1251926"/>
 <node id="9885582371" visible="true" version="2" changeset="123627857" timestamp="2022-07-14T22:23:34Z" user="Johan Holmberg" uid="485974" lat="55.9816751" lon="14.1298443"/>
 <node id="9885582375" visible="true" version="1" changeset="123573494" timestamp="2022-07-13T16:51:03Z" user="archie" uid="156646" lat="55.9816788" lon="14.1294634"/>
 <node id="9885582376" visible="true" version="1" changeset="123573494" timestamp="2022-07-13T16:51:03Z" user="archie" uid="156646" lat="55.9816925" lon="14.1293805"/>
 <node id="9885582377" visible="true" version="1" changeset="123573494" timestamp="2022-07-13T16:51:03Z" user="archie" uid="156646" lat="55.9817120" lon="14.1292974"/>
 <node id="9885582378" visible="true" version="1" changeset="123573494" timestamp="2022-07-13T16:51:03Z" user="archie" uid="156646" lat="55.9817448" lon="14.1292096"/>
 <node id="9885582379" visible="true" version="1" changeset="123573494" timestamp="2022-07-13T16:51:03Z" user="archie" uid="156646" lat="55.9817974" lon="14.1291058"/>
 <node id="9885582380" visible="true" version="1" changeset="123573494" timestamp="2022-07-13T16:51:03Z" user="archie" uid="156646" lat="55.9810723" lon="14.1206771"/>
 <node id="9885582381" visible="true" version="1" changeset="123573494" timestamp="2022-07-13T16:51:03Z" user="archie" uid="156646" lat="55.9811699" lon="14.1197866"/>
 <node id="9885582382" visible="true" version="1" changeset="123573494" timestamp="2022-07-13T16:51:03Z" user="archie" uid="156646" lat="55.9810693" lon="14.1192904"/>
 <node id="9885582383" visible="true" version="1" changeset="123573494" timestamp="2022-07-13T16:51:03Z" user="archie" uid="156646" lat="55.9810738" lon="14.1188800"/>
 <node id="9885582384" visible="true" version="1" changeset="123573494" timestamp="2022-07-13T16:51:03Z" user="archie" uid="156646" lat="55.9811173" lon="14.1184482"/>
 <node id="9885582385" visible="true" version="1" changeset="123573494" timestamp="2022-07-13T16:51:03Z" user="archie" uid="156646" lat="55.9818328" lon="14.1147166"/>
 <node id="9885582386" visible="true" version="1" changeset="123573494" timestamp="2022-07-13T16:51:03Z" user="archie" uid="156646" lat="55.9798403" lon="14.1154093"/>
 <node id="9885582387" visible="true" version="1" changeset="123573494" timestamp="2022-07-13T16:51:03Z" user="archie" uid="156646" lat="55.9777859" lon="14.1136390"/>
 <node id="9885640843" visible="true" version="1" changeset="123574294" timestamp="2022-07-13T17:16:40Z" user="archie" uid="156646" lat="55.9844515" lon="14.1233365"/>
 <node id="9885640844" visible="true" version="1" changeset="123574294" timestamp="2022-07-13T17:16:40Z" user="archie" uid="156646" lat="55.9840817" lon="14.1231152"/>
 <node id="9885640845" visible="true" version="1" changeset="123574294" timestamp="2022-07-13T17:16:40Z" user="archie" uid="156646" lat="55.9832226" lon="14.1226190"/>
 <node id="9885640846" visible="true" version="1" changeset="123574294" timestamp="2022-07-13T17:16:40Z" user="archie" uid="156646" lat="55.9825384" lon="14.1222180"/>
 <node id="9885640847" visible="true" version="1" changeset="123574294" timestamp="2022-07-13T17:16:40Z" user="archie" uid="156646" lat="55.9819349" lon="14.1218676"/>
 <node id="9885640848" visible="true" version="1" changeset="123574294" timestamp="2022-07-13T17:16:40Z" user="archie" uid="156646" lat="55.9818241" lon="14.1218077"/>
 <node id="9885640849" visible="true" version="1" changeset="123574294" timestamp="2022-07-13T17:16:40Z" user="archie" uid="156646" lat="55.9811309" lon="14.1203499"/>
 <node id="9885640850" visible="true" version="2" changeset="157292765" timestamp="2024-09-30T11:34:07Z" user="AndreasOdense" uid="12159956" lat="55.9866428" lon="14.1288216"/>
 <node id="9885640851" visible="true" version="1" changeset="123574294" timestamp="2022-07-13T17:16:40Z" user="archie" uid="156646" lat="55.9862423" lon="14.1316272"/>
 <node id="9885640852" visible="true" version="1" changeset="123574294" timestamp="2022-07-13T17:16:40Z" user="archie" uid="156646" lat="55.9860848" lon="14.1323970"/>
 <node id="9885640866" visible="true" version="1" changeset="123574294" timestamp="2022-07-13T17:16:40Z" user="archie" uid="156646" lat="55.9897133" lon="14.1450802"/>
 <node id="9885640881" visible="true" version="1" changeset="123574294" timestamp="2022-07-13T17:16:40Z" user="archie" uid="156646" lat="55.9875691" lon="14.1437965"/>
 <node id="9885649475" visible="true" version="1" changeset="123574644" timestamp="2022-07-13T17:27:54Z" user="archie" uid="156646" lat="55.9768757" lon="14.1144973"/>
 <node id="9885649476" visible="true" version="1" changeset="123574644" timestamp="2022-07-13T17:27:54Z" user="archie" uid="156646" lat="55.9758784" lon="14.1165331"/>
 <node id="9888629583" visible="true" version="2" changeset="186863656" timestamp="2026-08-03T11:05:18Z" user="aleno150" uid="1754773" lat="55.9844449" lon="14.1410735"/>
 <node id="10072856747" visible="true" version="1" changeset="126935326" timestamp="2022-10-03T12:25:06Z" user="LöddaPåskina PostNord" uid="15820611" lat="55.9908458" lon="14.1184449"/>
 <node id="10072856748" visible="true" version="1" changeset="126935326" timestamp="2022-10-03T12:25:06Z" user="LöddaPåskina PostNord" uid="15820611" lat="55.9923635" lon="14.1187427"/>
 <node id="10072856750" visible="true" version="1" changeset="126935326" timestamp="2022-10-03T12:25:06Z" user="LöddaPåskina PostNord" uid="15820611" lat="55.9905158" lon="14.1182839"/>
 <node id="10072856751" visible="true" version="1" changeset="126935326" timestamp="2022-10-03T12:25:06Z" user="LöddaPåskina PostNord" uid="15820611" lat="55.9889495" lon="14.1168677"/>
 <node id="10072856752" visible="true" version="1" changeset="126935326" timestamp="2022-10-03T12:25:06Z" user="LöddaPåskina PostNord" uid="15820611" lat="55.9888234" lon="14.1167283"/>
 <node id="10072856753" visible="true" version="1" changeset="126935326" timestamp="2022-10-03T12:25:06Z" user="LöddaPåskina PostNord" uid="15820611" lat="55.9887814" lon="14.1164922"/>
 <node id="10072856754" visible="true" version="1" changeset="126935326" timestamp="2022-10-03T12:25:06Z" user="LöddaPåskina PostNord" uid="15820611" lat="55.9888174" lon="14.1163742"/>
 <node id="10072856755" visible="true" version="1" changeset="126935326" timestamp="2022-10-03T12:25:06Z" user="LöddaPåskina PostNord" uid="15820611" lat="55.9903177" lon="14.1152799"/>
 <node id="12211532507" visible="true" version="1" changeset="157292765" timestamp="2024-09-30T11:34:07Z" user="AndreasOdense" uid="12159956" lat="55.9870753" lon="14.1206999"/>
 <node id="12211532508" visible="true" version="1" changeset="157292765" timestamp="2024-09-30T11:34:07Z" user="AndreasOdense" uid="12159956" lat="55.9872843" lon="14.1212416"/>
 <node id="12211532509" visible="true" version="1" changeset="157292765" timestamp="2024-09-30T11:34:07Z" user="AndreasOdense" uid="12159956" lat="55.9873601" lon="14.1222737"/>
 <node id="12211532510" visible="true" version="1" changeset="157292765" timestamp="2024-09-30T11:34:07Z" user="AndreasOdense" uid="12159956" lat="55.9876971" lon="14.1228668"/>
 <node id="12211532511" visible="true" version="1" changeset="157292765" timestamp="2024-09-30T11:34:07Z" user="AndreasOdense" uid="12159956" lat="55.9883867" lon="14.1261451"/>
 <node id="12211532512" visible="true" version="1" changeset="157292765" timestamp="2024-09-30T11:34:07Z" user="AndreasOdense" uid="12159956" lat="55.9874750" lon="14.1263366"/>
 <node id="12211532513" visible="true" version="1" changeset="157292765" timestamp="2024-09-30T11:34:07Z" user="AndreasOdense" uid="12159956" lat="55.9871969" lon="14.1264861"/>
 <node id="12211532514" visible="true" version="1" changeset="157292765" timestamp="2024-09-30T11:34:07Z" user="AndreasOdense" uid="12159956" lat="55.9852201" lon="14.1229863"/>
 <node id="12211532515" visible="true" version="1" changeset="157292765" timestamp="2024-09-30T11:34:07Z" user="AndreasOdense" uid="12159956" lat="55.9851120" lon="14.1225874"/>
 <node id="12211532516" visible="true" version="1" changeset="157292765" timestamp="2024-09-30T11:34:07Z" user="AndreasOdense" uid="12159956" lat="55.9851476" lon="14.1228035"/>
 <node id="12211532517" visible="true" version="1" changeset="157292765" timestamp="2024-09-30T11:34:07Z" user="AndreasOdense" uid="12159956" lat="55.9853075" lon="14.1217842"/>
 <node id="12211532518" visible="true" version="1" changeset="157292765" timestamp="2024-09-30T11:34:07Z" user="AndreasOdense" uid="12159956" lat="55.9855480" lon="14.1218626"/>
 <node id="12211532519" visible="true" version="1" changeset="157292765" timestamp="2024-09-30T11:34:07Z" user="AndreasOdense" uid="12159956" lat="55.9856368" lon="14.1216977"/>
 <node id="12211532520" visible="true" version="1" changeset="157292765" timestamp="2024-09-30T11:34:07Z" user="AndreasOdense" uid="12159956" lat="55.9857365" lon="14.1210501"/>
 <node id="12211532521" visible="true" version="1" changeset="157292765" timestamp="2024-09-30T11:34:07Z" user="AndreasOdense" uid="12159956" lat="55.9856922" lon="14.1202364"/>
 <node id="12211532522" visible="true" version="1" changeset="157292765" timestamp="2024-09-30T11:34:07Z" user="AndreasOdense" uid="12159956" lat="55.9858530" lon="14.1201133"/>
 <node id="12211532523" visible="true" version="1" changeset="157292765" timestamp="2024-09-30T11:34:07Z" user="AndreasOdense" uid="12159956" lat="55.9860384" lon="14.1203748"/>
 <node id="12211532524" visible="true" version="1" changeset="157292765" timestamp="2024-09-30T11:34:07Z" user="AndreasOdense" uid="12159956" lat="55.9861189" lon="14.1208384"/>
 <node id="12211532525" visible="true" version="1" changeset="157292765" timestamp="2024-09-30T11:34:07Z" user="AndreasOdense" uid="12159956" lat="55.9859726" lon="14.1210805"/>
 <node id="12211532526" visible="true" version="1" changeset="157292765" timestamp="2024-09-30T11:34:07Z" user="AndreasOdense" uid="12159956" lat="55.9860526" lon="14.1223814"/>
 <node id="12211532527" visible="true" version="1" changeset="157292765" timestamp="2024-09-30T11:34:07Z" user="AndreasOdense" uid="12159956" lat="55.9861551" lon="14.1223997"/>
 <node id="12211532528" visible="true" version="1" changeset="157292765" timestamp="2024-09-30T11:34:07Z" user="AndreasOdense" uid="12159956" lat="55.9862560" lon="14.1222995"/>
 <node id="12211532529" visible="true" version="1" changeset="157292765" timestamp="2024-09-30T11:34:07Z" user="AndreasOdense" uid="12159956" lat="55.9865734" lon="14.1208700"/>
 <node id="12211532530" visible="true" version="1" changeset="157292765" timestamp="2024-09-30T11:34:07Z" user="AndreasOdense" uid="12159956" lat="55.9866273" lon="14.1207443"/>
 <node id="12211532531" visible="true" version="1" changeset="157292765" timestamp="2024-09-30T11:34:07Z" user="AndreasOdense" uid="12159956" lat="55.9867037" lon="14.1206969"/>
 <node id="12211532532" visible="true" version="1" changeset="157292765" timestamp="2024-09-30T11:34:07Z" user="AndreasOdense" uid="12159956" lat="55.9867742" lon="14.1207896"/>
 <node id="12211532533" visible="true" version="1" changeset="157292765" timestamp="2024-09-30T11:34:07Z" user="AndreasOdense" uid="12159956" lat="55.9866424" lon="14.1216985"/>
 <node id="12211532534" visible="true" version="1" changeset="157292765" timestamp="2024-09-30T11:34:07Z" user="AndreasOdense" uid="12159956" lat="55.9866333" lon="14.1217890"/>
 <node id="12211532535" visible="true" version="1" changeset="157292765" timestamp="2024-09-30T11:34:07Z" user="AndreasOdense" uid="12159956" lat="55.9867250" lon="14.1224136"/>
 <node id="12211532536" visible="true" version="1" changeset="157292765" timestamp="2024-09-30T11:34:07Z" user="AndreasOdense" uid="12159956" lat="55.9867946" lon="14.1224545"/>
 <node id="12211532537" visible="true" version="1" changeset="157292765" timestamp="2024-09-30T11:34:07Z" user="AndreasOdense" uid="12159956" lat="55.9868588" lon="14.1224003"/>
 <node id="12211532538" visible="true" version="1" changeset="157292765" timestamp="2024-09-30T11:34:07Z" user="AndreasOdense" uid="12159956" lat="55.9868999" lon="14.1221684"/>
 <node id="12211532539" visible="true" version="1" changeset="157292765" timestamp="2024-09-30T11:34:07Z" user="AndreasOdense" uid="12159956" lat="55.9869340" lon="14.1219755"/>
 <node id="12211532540" visible="true" version="1" changeset="157292765" timestamp="2024-09-30T11:34:07Z" user="AndreasOdense" uid="12159956" lat="55.9870782" lon="14.1218904"/>
 <node id="12211532541" visible="true" version="1" changeset="157292765" timestamp="2024-09-30T11:34:07Z" user="AndreasOdense" uid="12159956" lat="55.9871446" lon="14.1219907"/>
 <node id="12211532542" visible="true" version="1" changeset="157292765" timestamp="2024-09-30T11:34:07Z" user="AndreasOdense" uid="12159956" lat="55.9870758" lon="14.1229545"/>
 <node id="12211532543" visible="true" version="1" changeset="157292765" timestamp="2024-09-30T11:34:07Z" user="AndreasOdense" uid="12159956" lat="55.9869816" lon="14.1230666"/>
 <node id="12211532544" visible="true" version="1" changeset="157292765" timestamp="2024-09-30T11:34:07Z" user="AndreasOdense" uid="12159956" lat="55.9865554" lon="14.1226322"/>
 <node id="12211532545" visible="true" version="1" changeset="157292765" timestamp="2024-09-30T11:34:07Z" user="AndreasOdense" uid="12159956" lat="55.9863238" lon="14.1228841"/>
 <node id="12211532546" visible="true" version="1" changeset="157292765" timestamp="2024-09-30T11:34:07Z" user="AndreasOdense" uid="12159956" lat="55.9863066" lon="14.1231297"/>
 <node id="12211532547" visible="true" version="1" changeset="157292765" timestamp="2024-09-30T11:34:07Z" user="AndreasOdense" uid="12159956" lat="55.9863793" lon="14.1232620"/>
 <node id="12211532548" visible="true" version="1" changeset="157292765" timestamp="2024-09-30T11:34:07Z" user="AndreasOdense" uid="12159956" lat="55.9869486" lon="14.1234341"/>
 <node id="12211532549" visible="true" version="1" changeset="157292765" timestamp="2024-09-30T11:34:07Z" user="AndreasOdense" uid="12159956" lat="55.9870625" lon="14.1236182"/>
 <node id="12211532550" visible="true" version="1" changeset="157292765" timestamp="2024-09-30T11:34:07Z" user="AndreasOdense" uid="12159956" lat="55.9870912" lon="14.1238098"/>
 <node id="12211532551" visible="true" version="1" changeset="157292765" timestamp="2024-09-30T11:34:07Z" user="AndreasOdense" uid="12159956" lat="55.9869914" lon="14.1239141"/>
 <node id="12211532552" visible="true" version="1" changeset="157292765" timestamp="2024-09-30T11:34:07Z" user="AndreasOdense" uid="12159956" lat="55.9869084" lon="14.1239236"/>
 <node id="12211532553" visible="true" version="1" changeset="157292765" timestamp="2024-09-30T11:34:07Z" user="AndreasOdense" uid="12159956" lat="55.9870322" lon="14.1238984"/>
 <node id="12211532554" visible="true" version="1" changeset="157292765" timestamp="2024-09-30T11:34:07Z" user="AndreasOdense" uid="12159956" lat="55.9850219" lon="14.1243443"/>
 <node id="12211532555" visible="true" version="1" changeset="157292765" timestamp="2024-09-30T11:34:07Z" user="AndreasOdense" uid="12159956" lat="55.9849449" lon="14.1243021"/>
 <node id="12211532556" visible="true" version="1" changeset="157292765" timestamp="2024-09-30T11:34:07Z" user="AndreasOdense" uid="12159956" lat="55.9849296" lon="14.1243915"/>
 <node id="12211532557" visible="true" version="1" changeset="157292765" timestamp="2024-09-30T11:34:07Z" user="AndreasOdense" uid="12159956" lat="55.9850066" lon="14.1244336"/>
 <node id="12211532558" visible="true" version="1" changeset="157292765" timestamp="2024-09-30T11:34:07Z" user="AndreasOdense" uid="12159956" lat="55.9873687" lon="14.1226345"/>
 <node id="12211532559" visible="true" version="1" changeset="157292765" timestamp="2024-09-30T11:34:07Z" user="AndreasOdense" uid="12159956" lat="55.9873162" lon="14.1232128"/>
 <node id="12211532560" visible="true" version="1" changeset="157292765" timestamp="2024-09-30T11:34:07Z" user="AndreasOdense" uid="12159956" lat="55.9875283" lon="14.1232744"/>
 <node id="12211532561" visible="true" version="1" changeset="157292765" timestamp="2024-09-30T11:34:07Z" user="AndreasOdense" uid="12159956" lat="55.9875808" lon="14.1226960"/>
 <node id="12211532562" visible="true" version="1" changeset="157292765" timestamp="2024-09-30T11:34:07Z" user="AndreasOdense" uid="12159956" lat="55.9871181" lon="14.1259599"/>
 <node id="12211532563" visible="true" version="1" changeset="157292765" timestamp="2024-09-30T11:34:07Z" user="AndreasOdense" uid="12159956" lat="55.9873116" lon="14.1253730"/>
 <node id="12211532564" visible="true" version="1" changeset="157292765" timestamp="2024-09-30T11:34:07Z" user="AndreasOdense" uid="12159956" lat="55.9875670" lon="14.1235184"/>
 <node id="12211532565" visible="true" version="1" changeset="157292765" timestamp="2024-09-30T11:34:07Z" user="AndreasOdense" uid="12159956" lat="55.9874815" lon="14.1241394"/>
 <node id="12211532566" visible="true" version="1" changeset="157292765" timestamp="2024-09-30T11:34:07Z" user="AndreasOdense" uid="12159956" lat="55.9879392" lon="14.1243608"/>
 <node id="12211532567" visible="true" version="1" changeset="157292765" timestamp="2024-09-30T11:34:07Z" user="AndreasOdense" uid="12159956" lat="55.9877828" lon="14.1235928"/>
 <node id="12211532568" visible="true" version="1" changeset="157292765" timestamp="2024-09-30T11:34:07Z" user="AndreasOdense" uid="12159956" lat="55.9882718" lon="14.1258932"/>
 <node id="12211532569" visible="true" version="1" changeset="157292765" timestamp="2024-09-30T11:34:07Z" user="AndreasOdense" uid="12159956" lat="55.9882520" lon="14.1260029"/>
 <node id="12211532570" visible="true" version="1" changeset="157292765" timestamp="2024-09-30T11:34:07Z" user="AndreasOdense" uid="12159956" lat="55.9882005" lon="14.1260737"/>
 <node id="12211532571" visible="true" version="1" changeset="157292765" timestamp="2024-09-30T11:34:07Z" user="AndreasOdense" uid="12159956" lat="55.9876323" lon="14.1261339"/>
 <node id="12211532572" visible="true" version="1" changeset="157292765" timestamp="2024-09-30T11:34:07Z" user="AndreasOdense" uid="12159956" lat="55.9875729" lon="14.1261339"/>
 <node id="12211532573" visible="true" version="1" changeset="157292765" timestamp="2024-09-30T11:34:07Z" user="AndreasOdense" uid="12159956" lat="55.9875294" lon="14.1260667"/>
 <node id="12211532574" visible="true" version="1" changeset="157292765" timestamp="2024-09-30T11:34:07Z" user="AndreasOdense" uid="12159956" lat="55.9874997" lon="14.1259534"/>
 <node id="12211532575" visible="true" version="1" changeset="157292765" timestamp="2024-09-30T11:34:07Z" user="AndreasOdense" uid="12159956" lat="55.9874363" lon="14.1257517"/>
 <node id="12211532576" visible="true" version="1" changeset="157292765" timestamp="2024-09-30T11:34:07Z" user="AndreasOdense" uid="12159956" lat="55.9872513" lon="14.1255560"/>
 <node id="12211532577" visible="true" version="1" changeset="157292765" timestamp="2024-09-30T11:34:07Z" user="AndreasOdense" uid="12159956" lat="55.9874239" lon="14.1245578"/>
 <node id="12211532578" visible="true" version="1" changeset="157292765" timestamp="2024-09-30T11:34:07Z" user="AndreasOdense" uid="12159956" lat="55.9880432" lon="14.1248400"/>
 <node id="12211532579" visible="true" version="1" changeset="157292765" timestamp="2024-09-30T11:34:07Z" user="AndreasOdense" uid="12159956" lat="55.9873671" lon="14.1249704"/>
 <node id="12211532580" visible="true" version="1" changeset="157292765" timestamp="2024-09-30T11:34:07Z" user="AndreasOdense" uid="12159956" lat="55.9881471" lon="14.1253185"/>
 <node id="12211532581" visible="true" version="1" changeset="157292765" timestamp="2024-09-30T11:34:07Z" user="AndreasOdense" uid="12159956" lat="55.9882473" lon="14.1257805"/>
 <node id="12211532582" visible="true" version="1" changeset="157292765" timestamp="2024-09-30T11:34:07Z" user="AndreasOdense" uid="12159956" lat="55.9849697" lon="14.1216378"/>
 <node id="12211532583" visible="true" version="1" changeset="157292765" timestamp="2024-09-30T11:34:07Z" user="AndreasOdense" uid="12159956" lat="55.9849275" lon="14.1216009"/>
 <node id="12211532584" visible="true" version="1" changeset="157292765" timestamp="2024-09-30T11:34:07Z" user="AndreasOdense" uid="12159956" lat="55.9847742" lon="14.1221614"/>
 <node id="12211532585" visible="true" version="1" changeset="157292765" timestamp="2024-09-30T11:34:07Z" user="AndreasOdense" uid="12159956" lat="55.9848164" lon="14.1221983"/>
 <node id="12211532586" visible="true" version="1" changeset="157292765" timestamp="2024-09-30T11:34:07Z" user="AndreasOdense" uid="12159956" lat="55.9848034" lon="14.1261425"/>
 <node id="12211532587" visible="true" version="1" changeset="157292765" timestamp="2024-09-30T11:34:07Z" user="AndreasOdense" uid="12159956" lat="55.9848424" lon="14.1266737"/>
 <node id="12211532588" visible="true" version="1" changeset="157292765" timestamp="2024-09-30T11:34:07Z" user="AndreasOdense" uid="12159956" lat="55.9890043" lon="14.1312992"/>
 <node id="12211532589" visible="true" version="1" changeset="157292765" timestamp="2024-09-30T11:34:07Z" user="AndreasOdense" uid="12159956" lat="55.9901934" lon="14.1314223"/>
 <node id="12211532590" visible="true" version="1" changeset="157292765" timestamp="2024-09-30T11:34:07Z" user="AndreasOdense" uid="12159956" lat="55.9896017" lon="14.1361446"/>
 <node id="12211532599" visible="true" version="1" changeset="157292765" timestamp="2024-09-30T11:34:07Z" user="AndreasOdense" uid="12159956" lat="55.9882031" lon="14.1319386"/>
 <node id="12211532600" visible="true" version="1" changeset="157292765" timestamp="2024-09-30T11:34:07Z" user="AndreasOdense" uid="12159956" lat="55.9876912" lon="14.1317360"/>
 <node id="12211562001" visible="true" version="1" changeset="157292765" timestamp="2024-09-30T11:34:07Z" user="AndreasOdense" uid="12159956" lat="55.9877900" lon="14.1306102"/>
 <node id="12211562002" visible="true" version="1" changeset="157292765" timestamp="2024-09-30T11:34:07Z" user="AndreasOdense" uid="12159956" lat="55.9866751" lon="14.1300880"/>
 <node id="12211562003" visible="true" version="1" changeset="157292765" timestamp="2024-09-30T11:34:07Z" user="AndreasOdense" uid="12159956" lat="55.9864696" lon="14.1318871"/>
 <node id="12211562004" visible="true" version="1" changeset="157292765" timestamp="2024-09-30T11:34:07Z" user="AndreasOdense" uid="12159956" lat="55.9863650" lon="14.1326026"/>
 <node id="12211562005" visible="true" version="1" changeset="157292765" timestamp="2024-09-30T11:34:07Z" user="AndreasOdense" uid="12159956" lat="55.9881251" lon="14.1333507"/>
 <node id="12211562006" visible="true" version="1" changeset="157292765" timestamp="2024-09-30T11:34:07Z" user="AndreasOdense" uid="12159956" lat="55.9881524" lon="14.1331637"/>
 <node id="12211562007" visible="true" version="1" changeset="157292765" timestamp="2024-09-30T11:34:07Z" user="AndreasOdense" uid="12159956" lat="55.9883889" lon="14.1331311"/>
 <node id="12211562008" visible="true" version="1" changeset="157292765" timestamp="2024-09-30T11:34:07Z" user="AndreasOdense" uid="12159956" lat="55.9884708" lon="14.1327896"/>
 <node id="12211562009" visible="true" version="1" changeset="157292765" timestamp="2024-09-30T11:34:07Z" user="AndreasOdense" uid="12159956" lat="55.9882707" lon="14.1326839"/>
 <node id="12211562010" visible="true" version="1" changeset="157292765" timestamp="2024-09-30T11:34:07Z" user="AndreasOdense" uid="12159956" lat="55.9881979" lon="14.1328547"/>
 <node id="12211562011" visible="true" version="1" changeset="157292765" timestamp="2024-09-30T11:34:07Z" user="AndreasOdense" uid="12159956" lat="55.9880978" lon="14.1327653"/>
 <node id="12211562012" visible="true" version="1" changeset="157292765" timestamp="2024-09-30T11:34:07Z" user="AndreasOdense" uid="12159956" lat="55.9881069" lon="14.1325864"/>
 <node id="12211562013" visible="true" version="1" changeset="157292765" timestamp="2024-09-30T11:34:07Z" user="AndreasOdense" uid="12159956" lat="55.9866304" lon="14.1303614"/>
 <node id="12211562014" visible="true" version="1" changeset="157292765" timestamp="2024-09-30T11:34:07Z" user="AndreasOdense" uid="12159956" lat="55.9865431" lon="14.1303256"/>
 <node id="12211562015" visible="true" version="1" changeset="157292765" timestamp="2024-09-30T11:34:07Z" user="AndreasOdense" uid="12159956" lat="55.9864934" lon="14.1307126"/>
 <node id="12211562016" visible="true" version="1" changeset="157292765" timestamp="2024-09-30T11:34:07Z" user="AndreasOdense" uid="12159956" lat="55.9865807" lon="14.1307484"/>
 <node id="12211562017" visible="true" version="1" changeset="157292765" timestamp="2024-09-30T11:34:07Z" user="AndreasOdense" uid="12159956" lat="55.9865288" lon="14.1311414"/>
 <node id="12211562018" visible="true" version="1" changeset="157292765" timestamp="2024-09-30T11:34:07Z" user="AndreasOdense" uid="12159956" lat="55.9864414" lon="14.1311056"/>
 <node id="12211562019" visible="true" version="1" changeset="157292765" timestamp="2024-09-30T11:34:07Z" user="AndreasOdense" uid="12159956" lat="55.9863917" lon="14.1314926"/>
 <node id="12211562020" visible="true" version="1" changeset="157292765" timestamp="2024-09-30T11:34:07Z" user="AndreasOdense" uid="12159956" lat="55.9864791" lon="14.1315284"/>
 <node id="12211562021" visible="true" version="1" changeset="157292765" timestamp="2024-09-30T11:34:07Z" user="AndreasOdense" uid="12159956" lat="55.9864192" lon="14.1319166"/>
 <node id="12211562022" visible="true" version="1" changeset="157292765" timestamp="2024-09-30T11:34:07Z" user="AndreasOdense" uid="12159956" lat="55.9863319" lon="14.1318807"/>
 <node id="12211562023" visible="true" version="1" changeset="157292765" timestamp="2024-09-30T11:34:07Z" user="AndreasOdense" uid="12159956" lat="55.9862822" lon="14.1322677"/>
 <node id="12211562024" visible="true" version="1" changeset="157292765" timestamp="2024-09-30T11:34:07Z" user="AndreasOdense" uid="12159956" lat="55.9863695" lon="14.1323036"/>
 <node id="12211562025" visible="true" version="1" changeset="157292765" timestamp="2024-09-30T11:34:07Z" user="AndreasOdense" uid="12159956" lat="55.9863142" lon="14.1326918"/>
 <node id="12211562026" visible="true" version="1" changeset="157292765" timestamp="2024-09-30T11:34:07Z" user="AndreasOdense" uid="12159956" lat="55.9862269" lon="14.1326559"/>
 <node id="12211562027" visible="true" version="1" changeset="157292765" timestamp="2024-09-30T11:34:07Z" user="AndreasOdense" uid="12159956" lat="55.9861771" lon="14.1330429"/>
 <node id="12211562028" visible="true" version="1" changeset="157292765" timestamp="2024-09-30T11:34:07Z" user="AndreasOdense" uid="12159956" lat="55.9862645" lon="14.1330788"/>
 <node id="12211562029" visible="true" version="1" changeset="157292765" timestamp="2024-09-30T11:34:07Z" user="AndreasOdense" uid="12159956" lat="55.9867313" lon="14.1295804"/>
 <node id="12211562030" visible="true" version="1" changeset="157292765" timestamp="2024-09-30T11:34:07Z" user="AndreasOdense" uid="12159956" lat="55.9866440" lon="14.1295445"/>
 <node id="12211562031" visible="true" version="1" changeset="157292765" timestamp="2024-09-30T11:34:07Z" user="AndreasOdense" uid="12159956" lat="55.9865943" lon="14.1299315"/>
 <node id="12211562032" visible="true" version="1" changeset="157292765" timestamp="2024-09-30T11:34:07Z" user="AndreasOdense" uid="12159956" lat="55.9866816" lon="14.1299674"/>
 <node id="12211562033" visible="true" version="1" changeset="157292765" timestamp="2024-09-30T11:34:07Z" user="AndreasOdense" uid="12159956" lat="55.9851936" lon="14.1232560"/>
 <node id="12211562034" visible="true" version="1" changeset="157292765" timestamp="2024-09-30T11:34:07Z" user="AndreasOdense" uid="12159956" lat="55.9856691" lon="14.1246165"/>
 <node id="12211562035" visible="true" version="1" changeset="157292765" timestamp="2024-09-30T11:34:07Z" user="AndreasOdense" uid="12159956" lat="55.9843921" lon="14.1239818"/>
 <node id="12211562036" visible="true" version="1" changeset="157292765" timestamp="2024-09-30T11:34:07Z" user="AndreasOdense" uid="12159956" lat="55.9856295" lon="14.1248783"/>
 <node id="12211562037" visible="true" version="1" changeset="157292765" timestamp="2024-09-30T11:34:07Z" user="AndreasOdense" uid="12159956" lat="55.9850269" lon="14.1245798"/>
 <node id="12211562038" visible="true" version="1" changeset="157292765" timestamp="2024-09-30T11:34:07Z" user="AndreasOdense" uid="12159956" lat="55.9843523" lon="14.1242352"/>
 <node id="12211562039" visible="true" version="1" changeset="157292765" timestamp="2024-09-30T11:34:07Z" user="AndreasOdense" uid="12159956" lat="55.9855933" lon="14.1251217"/>
 <node id="12211562040" visible="true" version="1" changeset="157292765" timestamp="2024-09-30T11:34:07Z" user="AndreasOdense" uid="12159956" lat="55.9849877" lon="14.1248195"/>
 <node id="12211562041" visible="true" version="1" changeset="157292765" timestamp="2024-09-30T11:34:07Z" user="AndreasOdense" uid="12159956" lat="55.9843134" lon="14.1244830"/>
 <node id="12211562042" visible="true" version="1" changeset="157292765" timestamp="2024-09-30T11:34:07Z" user="AndreasOdense" uid="12159956" lat="55.9855382" lon="14.1254730"/>
 <node id="12211562043" visible="true" version="1" changeset="157292765" timestamp="2024-09-30T11:34:07Z" user="AndreasOdense" uid="12159956" lat="55.9849312" lon="14.1251649"/>
 <node id="12211562044" visible="true" version="1" changeset="157292765" timestamp="2024-09-30T11:34:07Z" user="AndreasOdense" uid="12159956" lat="55.9842598" lon="14.1248240"/>
 <node id="12211562045" visible="true" version="1" changeset="157292765" timestamp="2024-09-30T11:34:07Z" user="AndreasOdense" uid="12159956" lat="55.9851986" lon="14.1234518"/>
 <node id="12211562046" visible="true" version="1" changeset="157292765" timestamp="2024-09-30T11:34:07Z" user="AndreasOdense" uid="12159956" lat="55.9851065" lon="14.1240494"/>
 <node id="12211562047" visible="true" version="1" changeset="157292765" timestamp="2024-09-30T11:34:07Z" user="AndreasOdense" uid="12159956" lat="55.9844344" lon="14.1237125"/>
 <node id="12211562048" visible="true" version="1" changeset="157292765" timestamp="2024-09-30T11:34:07Z" user="AndreasOdense" uid="12159956" lat="55.9851442" lon="14.1238051"/>
 <node id="12211562049" visible="true" version="1" changeset="157292765" timestamp="2024-09-30T11:34:07Z" user="AndreasOdense" uid="12159956" lat="55.9844732" lon="14.1234651"/>
 <node id="12211562050" visible="true" version="1" changeset="157292765" timestamp="2024-09-30T11:34:07Z" user="AndreasOdense" uid="12159956" lat="55.9851807" lon="14.1235680"/>
 <node id="12211562051" visible="true" version="1" changeset="157292765" timestamp="2024-09-30T11:34:07Z" user="AndreasOdense" uid="12159956" lat="55.9845102" lon="14.1232301"/>
 <node id="12211562052" visible="true" version="1" changeset="157292765" timestamp="2024-09-30T11:34:07Z" user="AndreasOdense" uid="12159956" lat="55.9845523" lon="14.1229619"/>
 <node id="12211562053" visible="true" version="1" changeset="157292765" timestamp="2024-09-30T11:34:07Z" user="AndreasOdense" uid="12159956" lat="55.9842024" lon="14.1251895"/>
 <node id="12211562054" visible="true" version="1" changeset="157292765" timestamp="2024-09-30T11:34:07Z" user="AndreasOdense" uid="12159956" lat="55.9848736" lon="14.1255169"/>
 <node id="12211562055" visible="true" version="1" changeset="157292765" timestamp="2024-09-30T11:34:07Z" user="AndreasOdense" uid="12159956" lat="55.9854778" lon="14.1258365"/>
 <node id="12211562056" visible="true" version="1" changeset="157292765" timestamp="2024-09-30T11:34:07Z" user="AndreasOdense" uid="12159956" lat="55.9857415" lon="14.1242591"/>
 <node id="12211562057" visible="true" version="1" changeset="157292765" timestamp="2024-09-30T11:34:07Z" user="AndreasOdense" uid="12159956" lat="55.9866159" lon="14.1237828"/>
 <node id="12211562058" visible="true" version="1" changeset="157292765" timestamp="2024-09-30T11:34:07Z" user="AndreasOdense" uid="12159956" lat="55.9861433" lon="14.1236381"/>
 <node id="12211562059" visible="true" version="1" changeset="157292765" timestamp="2024-09-30T11:34:07Z" user="AndreasOdense" uid="12159956" lat="55.9860365" lon="14.1236686"/>
 <node id="12211562060" visible="true" version="1" changeset="157292765" timestamp="2024-09-30T11:34:07Z" user="AndreasOdense" uid="12159956" lat="55.9859887" lon="14.1236462"/>
 <node id="12211562061" visible="true" version="1" changeset="157292765" timestamp="2024-09-30T11:34:07Z" user="AndreasOdense" uid="12159956" lat="55.9859330" lon="14.1236015"/>
 <node id="12211562062" visible="true" version="1" changeset="157292765" timestamp="2024-09-30T11:34:07Z" user="AndreasOdense" uid="12159956" lat="55.9853132" lon="14.1233393"/>
 <node id="12211562063" visible="true" version="1" changeset="157292765" timestamp="2024-09-30T11:34:07Z" user="AndreasOdense" uid="12159956" lat="55.9852518" lon="14.1232376"/>
 <node id="12211562064" visible="true" version="1" changeset="157292765" timestamp="2024-09-30T11:34:07Z" user="AndreasOdense" uid="12159956" lat="55.9858754" lon="14.1235960"/>
 <node id="12211562065" visible="true" version="1" changeset="157292765" timestamp="2024-09-30T11:34:07Z" user="AndreasOdense" uid="12159956" lat="55.9871396" lon="14.1234624"/>
 <node id="12211562066" visible="true" version="1" changeset="157292765" timestamp="2024-09-30T11:34:07Z" user="AndreasOdense" uid="12159956" lat="55.9872247" lon="14.1235014"/>
 <node id="12211562067" visible="true" version="1" changeset="157292765" timestamp="2024-09-30T11:34:07Z" user="AndreasOdense" uid="12159956" lat="55.9872663" lon="14.1235721"/>
 <node id="12211562068" visible="true" version="1" changeset="157292765" timestamp="2024-09-30T11:34:07Z" user="AndreasOdense" uid="12159956" lat="55.9872168" lon="14.1240641"/>
 <node id="12211562069" visible="true" version="1" changeset="157292765" timestamp="2024-09-30T11:34:07Z" user="AndreasOdense" uid="12159956" lat="55.9871495" lon="14.1241809"/>
 <node id="12211562070" visible="true" version="1" changeset="157292765" timestamp="2024-09-30T11:34:07Z" user="AndreasOdense" uid="12159956" lat="55.9869740" lon="14.1241823"/>
 <node id="12211562071" visible="true" version="1" changeset="157292765" timestamp="2024-09-30T11:34:07Z" user="AndreasOdense" uid="12159956" lat="55.9865738" lon="14.1239912"/>
 <node id="12211562072" visible="true" version="1" changeset="157292765" timestamp="2024-09-30T11:34:07Z" user="AndreasOdense" uid="12159956" lat="55.9864759" lon="14.1237399"/>
 <node id="12211562073" visible="true" version="1" changeset="157292765" timestamp="2024-09-30T11:34:07Z" user="AndreasOdense" uid="12159956" lat="55.9864642" lon="14.1236963"/>
 <node id="12211562074" visible="true" version="1" changeset="157292765" timestamp="2024-09-30T11:34:07Z" user="AndreasOdense" uid="12159956" lat="55.9860745" lon="14.1237907"/>
 <node id="12211562075" visible="true" version="1" changeset="157292765" timestamp="2024-09-30T11:34:07Z" user="AndreasOdense" uid="12159956" lat="55.9858504" lon="14.1236798"/>
 <node id="12211562076" visible="true" version="1" changeset="157292765" timestamp="2024-09-30T11:34:07Z" user="AndreasOdense" uid="12159956" lat="55.9858221" lon="14.1238630"/>
 <node id="12211562077" visible="true" version="1" changeset="157292765" timestamp="2024-09-30T11:34:07Z" user="AndreasOdense" uid="12159956" lat="55.9860461" lon="14.1239740"/>
 <node id="12211562078" visible="true" version="1" changeset="157292765" timestamp="2024-09-30T11:34:07Z" user="AndreasOdense" uid="12159956" lat="55.9857027" lon="14.1201835"/>
 <node id="12211562079" visible="true" version="1" changeset="157292765" timestamp="2024-09-30T11:34:07Z" user="AndreasOdense" uid="12159956" lat="55.9860261" lon="14.1223353"/>
 <node id="12211562080" visible="true" version="1" changeset="157292765" timestamp="2024-09-30T11:34:07Z" user="AndreasOdense" uid="12159956" lat="55.9869457" lon="14.1230765"/>
 <node id="12211562081" visible="true" version="1" changeset="157292765" timestamp="2024-09-30T11:34:07Z" user="AndreasOdense" uid="12159956" lat="55.9870137" lon="14.1230493"/>
 <node id="12211562082" visible="true" version="1" changeset="157292765" timestamp="2024-09-30T11:34:07Z" user="AndreasOdense" uid="12159956" lat="55.9870575" lon="14.1229994"/>
 <node id="12211562083" visible="true" version="1" changeset="157292765" timestamp="2024-09-30T11:34:07Z" user="AndreasOdense" uid="12159956" lat="55.9870911" lon="14.1229134"/>
 <node id="12211562084" visible="true" version="1" changeset="157292765" timestamp="2024-09-30T11:34:07Z" user="AndreasOdense" uid="12159956" lat="55.9869653" lon="14.1219244"/>
 <node id="12211562085" visible="true" version="1" changeset="157292765" timestamp="2024-09-30T11:34:07Z" user="AndreasOdense" uid="12159956" lat="55.9863873" lon="14.1226647"/>
 <node id="12211562086" visible="true" version="1" changeset="157292765" timestamp="2024-09-30T11:34:07Z" user="AndreasOdense" uid="12159956" lat="55.9862833" lon="14.1222308"/>
 <node id="12211562087" visible="true" version="1" changeset="157292765" timestamp="2024-09-30T11:34:07Z" user="AndreasOdense" uid="12159956" lat="55.9859529" lon="14.1201861"/>
 <node id="12211562088" visible="true" version="1" changeset="157292765" timestamp="2024-09-30T11:34:07Z" user="AndreasOdense" uid="12159956" lat="55.9860166" lon="14.1203040"/>
 <node id="12211562089" visible="true" version="1" changeset="157292765" timestamp="2024-09-30T11:34:07Z" user="AndreasOdense" uid="12159956" lat="55.9861196" lon="14.1208985"/>
 <node id="12211562090" visible="true" version="1" changeset="157292765" timestamp="2024-09-30T11:34:07Z" user="AndreasOdense" uid="12159956" lat="55.9859875" lon="14.1210352"/>
 <node id="13851574600" visible="true" version="1" changeset="182913524" timestamp="2026-05-20T07:46:35Z" user="aleno150" uid="1754773" lat="55.9801252" lon="14.1287182"/>
 <node id="13851680601" visible="true" version="1" changeset="182913524" timestamp="2026-05-20T07:46:35Z" user="aleno150" uid="1754773" lat="55.9800592" lon="14.1278599"/>
 <node id="13851680602" visible="true" version="1" changeset="182913524" timestamp="2026-05-20T07:46:35Z" user="aleno150" uid="1754773" lat="55.9796210" lon="14.1278384"/>
 <node id="13851680620" visible="true" version="1" changeset="182913524" timestamp="2026-05-20T07:46:35Z" user="aleno150" uid="1754773" lat="55.9784670" lon="14.1277316"/>
 <node id="13851680621" visible="true" version="1" changeset="182913524" timestamp="2026-05-20T07:46:35Z" user="aleno150" uid="1754773" lat="55.9787105" lon="14.1278487"/>
 <node id="13851680622" visible="true" version="1" changeset="182913524" timestamp="2026-05-20T07:46:35Z" user="aleno150" uid="1754773" lat="55.9787353" lon="14.1278857"/>
 <node id="13851680623" visible="true" version="1" changeset="182913524" timestamp="2026-05-20T07:46:35Z" user="aleno150" uid="1754773" lat="55.9787423" lon="14.1279237"/>
 <node id="13851680624" visible="true" version="1" changeset="182913524" timestamp="2026-05-20T07:46:35Z" user="aleno150" uid="1754773" lat="55.9794054" lon="14.1282062"/>
 <node id="14070281886" visible="true" version="1" changeset="186863821" timestamp="2026-08-03T11:08:06Z" user="aleno150" uid="1754773" lat="55.9816386" lon="14.1251251"/>
 <node id="14070281887" visible="true" version="1" changeset="186863821" timestamp="2026-08-03T11:08:06Z" user="aleno150" uid="1754773" lat="55.9818081" lon="14.1252265"/>
 <node id="14070281888" visible="true" version="1" changeset="186863821" timestamp="2026-08-03T11:08:06Z" user="aleno150" uid="1754773" lat="55.9818332" lon="14.1250923"/>
 <node id="14070281889" visible="true" version="1" changeset="186863821" timestamp="2026-08-03T11:08:06Z" user="aleno150" uid="1754773" lat="55.9816637" lon="14.1249908"/>
 <node id="14070285810" visible="true" version="1" changeset="186863656" timestamp="2026-08-03T11:05:18Z" user="aleno150" uid="1754773" lat="55.9842816" lon="14.1407341"/>
 <way id="87888574" visible="true" version="7" changeset="130328827" timestamp="2022-12-21T11:43:42Z" user="kkrish11" uid="16341691">
  <nd ref="1021400903"/>
  <nd ref="9885640852"/>
  <nd ref="9885640851"/>
  <nd ref="9884173993"/>
  <nd ref="1923974034"/>
  <nd ref="9885640850"/>
  <nd ref="9885551567"/>
  <nd ref="1923974016"/>
  <tag k="highway" v="service"/>
  <tag k="name" v="Förrådsvägen"/>
 </way>
 <way id="87888590" visible="true" version="7" changeset="157292765" timestamp="2024-09-30T11:34:07Z" user="AndreasOdense" uid="12159956">
  <nd ref="315929928"/>
  <nd ref="1021400885"/>
  <nd ref="1021400959"/>
  <nd ref="1021400848"/>
  <nd ref="1021400934"/>
  <nd ref="1021401025"/>
  <nd ref="1021400964"/>
  <nd ref="1021400897"/>
  <nd ref="1021401026"/>
  <nd ref="9625766572"/>
  <nd ref="1021400950"/>
  <nd ref="1021401103"/>
  <nd ref="1021400973"/>
  <nd ref="12211532562"/>
  <nd ref="7110817652"/>
  <nd ref="1923974016"/>
  <nd ref="1021401049"/>
  <nd ref="1021401070"/>
  <nd ref="9885551568"/>
  <nd ref="4791685833"/>
  <tag k="highway" v="service"/>
 </way>
 <way id="87888593" visible="true" version="4" changeset="157292765" timestamp="2024-09-30T11:34:07Z" user="AndreasOdense" uid="12159956">
  <nd ref="1021400988"/>
  <nd ref="4791685507"/>
  <nd ref="12211532514"/>
  <nd ref="4791685508"/>
  <nd ref="12211532516"/>
  <nd ref="4791685509"/>
  <nd ref="12211532515"/>
  <nd ref="4791685510"/>
  <nd ref="4791685511"/>
  <nd ref="12211532517"/>
  <nd ref="4791685512"/>
  <nd ref="4791685513"/>
  <nd ref="4791685514"/>
  <nd ref="12211532518"/>
  <nd ref="4791685515"/>
  <nd ref="12211532519"/>
  <nd ref="4791685516"/>
  <nd ref="4791685517"/>
  <nd ref="12211532520"/>
  <nd ref="4791685518"/>
  <nd ref="4791685519"/>
  <nd ref="12211532521"/>
  <nd ref="12211562078"/>
  <nd ref="4791685520"/>
  <nd ref="4791685821"/>
  <nd ref="12211532522"/>
  <nd ref="4791685822"/>
  <nd ref="12211562087"/>
  <nd ref="4791685823"/>
  <nd ref="12211562088"/>
  <nd ref="12211532523"/>
  <nd ref="4791685824"/>
  <nd ref="12211532524"/>
  <nd ref="12211562089"/>
  <nd ref="4791685825"/>
  <nd ref="4791685826"/>
  <nd ref="4791685827"/>
  <nd ref="12211562090"/>
  <nd ref="12211532525"/>
  <nd ref="4791685828"/>
  <nd ref="4791685829"/>
  <nd ref="12211562079"/>
  <nd ref="12211532526"/>
  <nd ref="4791685830"/>
  <nd ref="12211532527"/>
  <nd ref="4791685831"/>
  <nd ref="12211532528"/>
  <nd ref="12211562086"/>
  <nd ref="4791685832"/>
  <nd ref="1021400680"/>
  <nd ref="12211532529"/>
  <nd ref="1021400675"/>
  <nd ref="12211532530"/>
  <nd ref="1021400696"/>
  <nd ref="12211532531"/>
  <nd ref="1021400719"/>
  <nd ref="12211532532"/>
  <nd ref="1021400717"/>
  <nd ref="1021401028"/>
  <nd ref="1021400900"/>
  <nd ref="12211532533"/>
  <nd ref="12211532534"/>
  <nd ref="1021400992"/>
  <nd ref="1021400821"/>
  <nd ref="12211532535"/>
  <nd ref="1021400762"/>
  <nd ref="12211532536"/>
  <nd ref="1021400835"/>
  <nd ref="12211532537"/>
  <nd ref="1021400839"/>
  <nd ref="12211532538"/>
  <nd ref="1021400886"/>
  <nd ref="12211532539"/>
  <nd ref="12211562084"/>
  <nd ref="1021400899"/>
  <nd ref="1021400671"/>
  <nd ref="12211532540"/>
  <nd ref="1021401100"/>
  <nd ref="12211532541"/>
  <nd ref="4791685505"/>
  <nd ref="1021400652"/>
  <nd ref="12211562083"/>
  <nd ref="12211532542"/>
  <nd ref="12211562082"/>
  <nd ref="1021400693"/>
  <nd ref="12211562081"/>
  <nd ref="12211532543"/>
  <nd ref="12211562080"/>
  <nd ref="1021401058"/>
  <nd ref="1021401068"/>
  <nd ref="12211532544"/>
  <nd ref="1021401072"/>
  <nd ref="4791685506"/>
  <nd ref="12211562085"/>
  <nd ref="1021400936"/>
  <nd ref="12211532545"/>
  <nd ref="1021400807"/>
  <nd ref="12211532546"/>
  <nd ref="1021400724"/>
  <nd ref="12211532547"/>
  <nd ref="1021400769"/>
  <nd ref="1021400698"/>
  <nd ref="1021400657"/>
  <nd ref="12211532548"/>
  <nd ref="1021400884"/>
  <nd ref="12211532549"/>
  <nd ref="1021400722"/>
  <nd ref="12211532550"/>
  <nd ref="1021400746"/>
  <nd ref="12211532553"/>
  <nd ref="12211532551"/>
  <nd ref="12211532552"/>
  <nd ref="1021400793"/>
  <nd ref="12211562057"/>
  <nd ref="12211562073"/>
  <nd ref="1021400988"/>
  <tag k="highway" v="raceway"/>
  <tag k="name" v="Åsum ring"/>
  <tag k="oneway" v="yes"/>
  <tag k="sport" v="karting"/>
  <tag k="surface" v="asphalt"/>
 </way>
 <way id="164644577" visible="true" version="11" changeset="123627857" timestamp="2022-07-14T22:23:34Z" user="Johan Holmberg" uid="485974">
  <nd ref="1762544768"/>
  <nd ref="1922302514"/>
  <nd ref="9885551593"/>
  <nd ref="1922302520"/>
  <nd ref="1922302518"/>
  <nd ref="2649438620"/>
  <nd ref="7110799431"/>
  <nd ref="1922302536"/>
  <nd ref="9885551594"/>
  <nd ref="9885551595"/>
  <nd ref="1922302544"/>
  <nd ref="1922302480"/>
  <nd ref="9885551596"/>
  <nd ref="1922302484"/>
  <nd ref="1922302542"/>
  <nd ref="1922302530"/>
  <nd ref="1922302510"/>
  <nd ref="9885582371"/>
  <nd ref="1922302485"/>
  <nd ref="1922302540"/>
  <nd ref="1922302478"/>
  <nd ref="1922302470"/>
  <nd ref="1922302487"/>
  <nd ref="9885551598"/>
  <nd ref="1922302508"/>
  <nd ref="1922302527"/>
  <nd ref="1922302538"/>
  <nd ref="1922302546"/>
  <tag k="highway" v="service"/>
  <tag k="name" v="Magnus Stenbocks väg"/>
 </way>
 <way id="181856749" visible="true" version="9" changeset="13235308" timestamp="2012-09-24T16:15:49Z" user="johanemilsson" uid="559500">
  <nd ref="1922262189"/>
  <nd ref="1922262151"/>
  <nd ref="1922262155"/>
  <nd ref="1922262180"/>
  <nd ref="1922262171"/>
  <nd ref="1930728120"/>
  <nd ref="1922262148"/>
  <nd ref="1922262166"/>
  <nd ref="1922262165"/>
  <nd ref="1922262135"/>
  <nd ref="1922262154"/>
  <nd ref="1922262157"/>
  <nd ref="1922262172"/>
  <nd ref="1923972037"/>
  <nd ref="1922262163"/>
  <nd ref="1922293574"/>
  <nd ref="1922262164"/>
  <nd ref="1922262184"/>
  <nd ref="1930736117"/>
  <nd ref="1922262182"/>
  <nd ref="1922262178"/>
  <nd ref="1922262183"/>
  <nd ref="1922262179"/>
  <nd ref="1922262137"/>
  <nd ref="1922262158"/>
  <nd ref="1922262181"/>
  <nd ref="1922262146"/>
  <nd ref="1922262139"/>
  <nd ref="1922262168"/>
  <nd ref="1922262169"/>
  <nd ref="1922262138"/>
  <nd ref="1930728212"/>
  <nd ref="1922262187"/>
  <nd ref="1922262150"/>
  <nd ref="1929669383"/>
  <nd ref="1922262143"/>
  <nd ref="1922262186"/>
  <nd ref="1922262142"/>
  <nd ref="1922262191"/>
  <nd ref="1922262161"/>
  <nd ref="1922266789"/>
  <nd ref="1922262174"/>
  <nd ref="1922262140"/>
  <nd ref="1922262175"/>
  <nd ref="1922262177"/>
  <nd ref="1922262156"/>
  <nd ref="1929676335"/>
  <nd ref="1922262147"/>
  <nd ref="1922262149"/>
  <nd ref="1922262190"/>
  <nd ref="1922262189"/>
  <tag k="landuse" v="farmland"/>
 </way>
 <way id="181864978" visible="true" version="4" changeset="182913524" timestamp="2026-05-20T07:46:35Z" user="aleno150" uid="1754773">
  <nd ref="1922293582"/>
  <nd ref="1922293581"/>
  <nd ref="1922293588"/>
  <nd ref="1922293577"/>
  <nd ref="1922293596"/>
  <nd ref="1922293603"/>
  <nd ref="1922293598"/>
  <nd ref="1922293604"/>
  <nd ref="1922293594"/>
  <nd ref="1922293591"/>
  <nd ref="13851680602"/>
  <nd ref="13851680601"/>
  <nd ref="13851574600"/>
  <nd ref="1922293582"/>
  <tag k="leisure" v="recreation_ground"/>
  <tag k="name" v="Wendesbanan"/>
  <tag k="sport" v="shooting"/>
 </way>
 <way id="181864980" visible="true" version="5" changeset="79223798" timestamp="2020-01-05T21:25:21Z" user="waynefritz" uid="10493492">
  <nd ref="1922293607"/>
  <nd ref="1922293578"/>
  <nd ref="1922293610"/>
  <nd ref="1922293608"/>
  <nd ref="1922293589"/>
  <nd ref="1922293573"/>
  <nd ref="1922293571"/>
  <nd ref="1922293583"/>
  <nd ref="1922293592"/>
  <nd ref="1922293590"/>
  <nd ref="1922293570"/>
  <nd ref="1922293587"/>
  <nd ref="1922293586"/>
  <nd ref="1922293579"/>
  <nd ref="1922293600"/>
  <nd ref="1922293593"/>
  <nd ref="1922293595"/>
  <nd ref="1922293580"/>
  <nd ref="1922293576"/>
  <nd ref="1922293584"/>
  <nd ref="1922293575"/>
  <nd ref="1922293597"/>
  <nd ref="1922293585"/>
  <nd ref="1922293591"/>
  <nd ref="1922293594"/>
  <nd ref="1922293604"/>
  <nd ref="1922293598"/>
  <nd ref="1922293603"/>
  <nd ref="1922293596"/>
  <nd ref="1922293577"/>
  <nd ref="1922293588"/>
  <nd ref="1922293581"/>
  <nd ref="7110830590"/>
  <nd ref="7110830599"/>
  <nd ref="7110830591"/>
  <nd ref="1922293605"/>
  <nd ref="1922293572"/>
  <nd ref="1922293569"/>
  <nd ref="1922293567"/>
  <nd ref="1922293568"/>
  <nd ref="1930736174"/>
  <nd ref="1922293606"/>
  <nd ref="1922293601"/>
  <nd ref="1922293602"/>
  <nd ref="1922293599"/>
  <nd ref="1930736100"/>
  <nd ref="1922293609"/>
  <nd ref="1922262184"/>
  <nd ref="1922262164"/>
  <nd ref="1922293574"/>
  <nd ref="1930716141"/>
  <nd ref="1930716135"/>
  <nd ref="1930714784"/>
  <nd ref="1922293607"/>
  <tag k="landuse" v="forest"/>
 </way>
 <way id="181866846" visible="true" version="1" changeset="13174134" timestamp="2012-09-19T18:45:54Z" user="johanemilsson" uid="559500">
  <nd ref="1922302506"/>
  <nd ref="1176873797"/>
  <tag k="highway" v="service"/>
 </way>
 <way id="181866847" visible="true" version="2" changeset="13235308" timestamp="2012-09-24T16:09:35Z" user="johanemilsson" uid="559500">
  <nd ref="1922302492"/>
  <nd ref="1930736158"/>
  <nd ref="1922293601"/>
  <nd ref="1922293606"/>
  <nd ref="1922302476"/>
  <nd ref="1922302474"/>
  <nd ref="1922302523"/>
  <nd ref="1922302492"/>
  <tag k="leisure" v="recreation_ground"/>
  <tag k="sport" v="shooting"/>
 </way>
 <way id="181866848" visible="true" version="4" changeset="123573040" timestamp="2022-07-13T16:35:16Z" user="archie" uid="156646">
  <nd ref="1922302486"/>
  <nd ref="1922302526"/>
  <nd ref="1922302488"/>
  <nd ref="9885551589"/>
  <nd ref="1922302528"/>
  <nd ref="1922302490"/>
  <nd ref="1922302506"/>
  <nd ref="9885551588"/>
  <nd ref="1922302470"/>
  <tag k="highway" v="service"/>
 </way>
 <way id="181866854" visible="true" version="1" changeset="13174134" timestamp="2012-09-19T18:45:55Z" user="johanemilsson" uid="559500">
  <nd ref="1922302493"/>
  <nd ref="1922302480"/>
  <tag k="highway" v="service"/>
 </way>
 <way id="181866855" visible="true" version="7" changeset="123678568" timestamp="2022-07-16T07:40:57Z" user="archie" uid="156646">
  <nd ref="1922302542"/>
  <nd ref="9885551597"/>
  <nd ref="1922302486"/>
  <nd ref="7110830600"/>
  <nd ref="9885582379"/>
  <nd ref="9885582378"/>
  <nd ref="9885582377"/>
  <nd ref="9885582376"/>
  <nd ref="9885582375"/>
  <nd ref="9885582371"/>
  <tag k="highway" v="service"/>
 </way>
 <way id="182055371" visible="true" version="5" changeset="123573494" timestamp="2022-07-13T16:51:03Z" user="archie" uid="156646">
  <nd ref="1930716118"/>
  <nd ref="1930728112"/>
  <nd ref="1930728196"/>
  <nd ref="1930728128"/>
  <nd ref="1930728118"/>
  <nd ref="1930728272"/>
  <nd ref="1930728172"/>
  <nd ref="1930728240"/>
  <nd ref="1930728246"/>
  <tag k="highway" v="track"/>
 </way>
 <way id="182055608" visible="true" version="5" changeset="123573040" timestamp="2022-07-13T16:35:16Z" user="archie" uid="156646">
  <nd ref="9884173993"/>
  <nd ref="9885551566"/>
  <nd ref="9885551565"/>
  <nd ref="1923974020"/>
  <nd ref="9885551562"/>
  <nd ref="9885551564"/>
  <nd ref="9885551563"/>
  <nd ref="1923974035"/>
  <nd ref="9885551561"/>
  <nd ref="1923974032"/>
  <nd ref="1923974021"/>
  <tag k="highway" v="service"/>
 </way>
 <way id="182055609" visible="true" version="2" changeset="47743022" timestamp="2017-04-13T13:29:48Z" user="Grillo" uid="13957">
  <nd ref="1923972117"/>
  <nd ref="1923972094"/>
  <nd ref="1923972045"/>
  <nd ref="1923972147"/>
  <nd ref="1923972052"/>
  <nd ref="1923972027"/>
  <nd ref="1923972083"/>
  <nd ref="1923972138"/>
  <tag k="highway" v="track"/>
 </way>
 <way id="182055612" visible="true" version="4" changeset="123573040" timestamp="2022-07-13T16:35:16Z" user="archie" uid="156646">
  <nd ref="1923974019"/>
  <nd ref="9885551578"/>
  <nd ref="1923974021"/>
  <tag k="highway" v="service"/>
 </way>
 <way id="182055735" visible="true" version="3" changeset="123574644" timestamp="2022-07-13T17:27:54Z" user="archie" uid="156646">
  <nd ref="1923972086"/>
  <nd ref="9885582386"/>
  <nd ref="9885582387"/>
  <nd ref="1923978084"/>
  <nd ref="1923978088"/>
  <nd ref="1923978052"/>
  <nd ref="9885649475"/>
  <nd ref="1923978078"/>
  <nd ref="1923978065"/>
  <nd ref="1923978055"/>
  <nd ref="9885649476"/>
  <nd ref="1923978067"/>
  <nd ref="1923978059"/>
  <nd ref="1923978083"/>
  <nd ref="1923978047"/>
  <nd ref="1923978080"/>
  <nd ref="1923978085"/>
  <nd ref="1923978044"/>
  <nd ref="1762544768"/>
  <tag k="highway" v="service"/>
 </way>
 <way id="182057154" visible="true" version="2" changeset="79223798" timestamp="2020-01-05T21:25:21Z" user="waynefritz" uid="10493492">
  <nd ref="1923999565"/>
  <nd ref="1923999563"/>
  <nd ref="1923999559"/>
  <nd ref="1922293581"/>
  <nd ref="7110830590"/>
  <nd ref="7110830599"/>
  <nd ref="7110830591"/>
  <nd ref="1922293605"/>
  <nd ref="1922293572"/>
  <nd ref="1923999566"/>
  <nd ref="1923999561"/>
  <nd ref="1923999565"/>
  <tag k="landuse" v="farmyard"/>
 </way>
 <way id="182607319" visible="true" version="4" changeset="186863656" timestamp="2026-08-03T11:05:18Z" user="aleno150" uid="1754773">
  <nd ref="1929648981"/>
  <nd ref="1929648965"/>
  <nd ref="1929648982"/>
  <nd ref="13851680620"/>
  <nd ref="13851680621"/>
  <nd ref="13851680622"/>
  <nd ref="13851680623"/>
  <nd ref="1929648967"/>
  <nd ref="1929648946"/>
  <nd ref="1929648658"/>
  <nd ref="1929648811"/>
  <nd ref="13851680624"/>
  <nd ref="1929648688"/>
  <nd ref="1929648673"/>
  <nd ref="1923999559"/>
  <nd ref="1923999563"/>
  <nd ref="1923999565"/>
  <nd ref="1929648756"/>
  <nd ref="1929648705"/>
  <nd ref="1929648680"/>
  <nd ref="1929648984"/>
  <nd ref="1929648962"/>
  <nd ref="1929649069"/>
  <nd ref="14070285810"/>
  <nd ref="9888629583"/>
  <nd ref="1929648954"/>
  <nd ref="1929648898"/>
  <nd ref="1929648815"/>
  <nd ref="1929648952"/>
  <nd ref="1929649064"/>
  <nd ref="1929648791"/>
  <nd ref="1929648785"/>
  <nd ref="1929648656"/>
  <nd ref="1929648657"/>
  <nd ref="1929648702"/>
  <nd ref="1762536942"/>
  <nd ref="1762536940"/>
  <nd ref="1762536932"/>
  <nd ref="1762536931"/>
  <nd ref="1646691719"/>
  <nd ref="1646691816"/>
  <nd ref="1646691865"/>
  <nd ref="1646691657"/>
  <nd ref="1646691915"/>
  <nd ref="1646691869"/>
  <nd ref="1646691675"/>
  <nd ref="1646691728"/>
  <nd ref="1646691655"/>
  <nd ref="1646691729"/>
  <nd ref="1646691740"/>
  <nd ref="1646691853"/>
  <nd ref="1646691889"/>
  <nd ref="1646691669"/>
  <nd ref="1646691670"/>
  <nd ref="1646691765"/>
  <nd ref="1646691714"/>
  <nd ref="1646691789"/>
  <nd ref="1923997043"/>
  <nd ref="1923991756"/>
  <nd ref="1923991821"/>
  <nd ref="1923991655"/>
  <nd ref="1929648981"/>
  <tag k="landuse" v="meadow"/>
 </way>
 <way id="182607325" visible="true" version="3" changeset="186863656" timestamp="2026-08-03T11:05:18Z" user="aleno150" uid="1754773">
  <nd ref="1929648782"/>
  <nd ref="1929648843"/>
  <nd ref="1929648918"/>
  <nd ref="1929648864"/>
  <nd ref="1929648767"/>
  <nd ref="1929648795"/>
  <nd ref="1929649045"/>
  <nd ref="1929648793"/>
  <nd ref="1923999565"/>
  <nd ref="1923999561"/>
  <nd ref="1923999566"/>
  <nd ref="1929648686"/>
  <nd ref="1929648694"/>
  <nd ref="1929648696"/>
  <nd ref="1929648699"/>
  <nd ref="1929648684"/>
  <nd ref="1929648788"/>
  <nd ref="1929648745"/>
  <nd ref="1929648970"/>
  <nd ref="1929648930"/>
  <nd ref="1929648654"/>
  <nd ref="1929649050"/>
  <nd ref="1929648893"/>
  <nd ref="1929648924"/>
  <nd ref="1929648980"/>
  <nd ref="1929648942"/>
  <nd ref="1929648817"/>
  <nd ref="1929648707"/>
  <nd ref="1929648841"/>
  <nd ref="1929648913"/>
  <nd ref="1929648729"/>
  <nd ref="1929649036"/>
  <nd ref="1929649012"/>
  <nd ref="1929648867"/>
  <nd ref="1929648949"/>
  <nd ref="1929649048"/>
  <nd ref="1929648766"/>
  <nd ref="1929648905"/>
  <nd ref="1929648858"/>
  <nd ref="1929648927"/>
  <nd ref="1929649014"/>
  <nd ref="1929648801"/>
  <nd ref="1929648749"/>
  <nd ref="1929649008"/>
  <nd ref="1929648921"/>
  <nd ref="1929648916"/>
  <nd ref="1929648659"/>
  <nd ref="1929648854"/>
  <nd ref="1929648834"/>
  <nd ref="1929648959"/>
  <nd ref="1929648840"/>
  <nd ref="1929648860"/>
  <nd ref="1929648952"/>
  <nd ref="1929648815"/>
  <nd ref="1929648898"/>
  <nd ref="1929648954"/>
  <nd ref="9888629583"/>
  <nd ref="14070285810"/>
  <nd ref="1929649069"/>
  <nd ref="1929648962"/>
  <nd ref="1929648984"/>
  <nd ref="1929648680"/>
  <nd ref="1929648705"/>
  <nd ref="1929648756"/>
  <nd ref="1929648747"/>
  <nd ref="1929649002"/>
  <nd ref="1929648704"/>
  <nd ref="1929648961"/>
  <nd ref="1929649067"/>
  <nd ref="1929648665"/>
  <nd ref="1929648856"/>
  <nd ref="1929648797"/>
  <nd ref="1929648849"/>
  <nd ref="1929648652"/>
  <nd ref="1929648744"/>
  <nd ref="1929648987"/>
  <nd ref="1929648751"/>
  <nd ref="1929648995"/>
  <nd ref="1929648991"/>
  <nd ref="1929648956"/>
  <nd ref="1929648799"/>
  <nd ref="1929648802"/>
  <nd ref="1929648763"/>
  <nd ref="1929649004"/>
  <nd ref="1929648804"/>
  <nd ref="1929648997"/>
  <nd ref="1929648941"/>
  <nd ref="1929648852"/>
  <nd ref="1929648847"/>
  <nd ref="1929648845"/>
  <nd ref="1929649039"/>
  <nd ref="1929648660"/>
  <nd ref="1929649000"/>
  <nd ref="1929649025"/>
  <nd ref="1929648888"/>
  <nd ref="1929648688"/>
  <nd ref="1929648673"/>
  <nd ref="1929648782"/>
  <tag k="landuse" v="forest"/>
 </way>
 <way id="182607913" visible="true" version="1" changeset="13226069" timestamp="2012-09-23T21:30:03Z" user="johanemilsson" uid="559500">
  <nd ref="1929658323"/>
  <nd ref="1929658356"/>
  <nd ref="1929658287"/>
  <nd ref="1929658308"/>
  <nd ref="1929658321"/>
  <nd ref="1929658337"/>
  <nd ref="1929658339"/>
  <nd ref="1929658343"/>
  <nd ref="1929658306"/>
  <nd ref="1929658295"/>
  <nd ref="1929658354"/>
  <nd ref="1929658291"/>
  <nd ref="1929658358"/>
  <nd ref="1929658312"/>
  <nd ref="1929658324"/>
  <nd ref="1929658298"/>
  <nd ref="1929658363"/>
  <nd ref="1929658365"/>
  <nd ref="1929658345"/>
  <nd ref="1929658341"/>
  <nd ref="1929658332"/>
  <nd ref="1929658326"/>
  <nd ref="1929658330"/>
  <nd ref="1929658297"/>
  <nd ref="1929658284"/>
  <nd ref="1929658366"/>
  <tag k="waterway" v="drain"/>
 </way>
 <way id="182607915" visible="true" version="2" changeset="77003019" timestamp="2019-11-13T10:12:14Z" user="pangoSE" uid="987207">
  <nd ref="1929658281"/>
  <nd ref="1929658328"/>
  <nd ref="1929658285"/>
  <nd ref="1929658282"/>
  <nd ref="1929658286"/>
  <nd ref="1929658317"/>
  <nd ref="1929658313"/>
  <nd ref="1929658333"/>
  <nd ref="1929658335"/>
  <nd ref="1929658310"/>
  <nd ref="1929658315"/>
  <nd ref="1929658293"/>
  <nd ref="1929658352"/>
  <nd ref="1929658348"/>
  <nd ref="1929658302"/>
  <nd ref="1929658319"/>
  <nd ref="1929658350"/>
  <nd ref="1929658281"/>
  <tag k="natural" v="water"/>
  <tag k="source:lake" v="Review by So9q using LM Topographic Map"/>
  <tag k="water" v="lake"/>
 </way>
 <way id="182710254" visible="true" version="3" changeset="123573494" timestamp="2022-07-13T16:51:03Z" user="archie" uid="156646">
  <nd ref="9885582330"/>
  <nd ref="1930728311"/>
  <nd ref="1930728133"/>
  <nd ref="1930728161"/>
  <nd ref="1930728288"/>
  <nd ref="1930728236"/>
  <nd ref="1930728303"/>
  <nd ref="1930728292"/>
  <tag k="highway" v="track"/>
 </way>
 <way id="182710258" visible="true" version="2" changeset="128162677" timestamp="2022-10-28T08:51:00Z" user="Postnord Denniskorv" uid="15742365">
  <nd ref="1930728127"/>
  <nd ref="1930728286"/>
  <nd ref="1930728208"/>
  <nd ref="1930728267"/>
  <nd ref="1930728309"/>
  <nd ref="1930728263"/>
  <tag k="highway" v="service"/>
 </way>
 <way id="182710260" visible="true" version="3" changeset="13864627" timestamp="2012-11-13T21:21:02Z" user="johanemilsson" uid="559500">
  <nd ref="1930728114"/>
  <nd ref="1930728206"/>
  <nd ref="1922262169"/>
  <nd ref="1922262138"/>
  <nd ref="1930728212"/>
  <nd ref="1930728110"/>
  <nd ref="1930728179"/>
  <nd ref="1930728261"/>
  <nd ref="1930728225"/>
  <nd ref="1930728255"/>
  <nd ref="1922262150"/>
  <nd ref="1929669383"/>
  <nd ref="1929669414"/>
  <nd ref="1929669290"/>
  <nd ref="1929669274"/>
  <nd ref="1930728200"/>
  <nd ref="1930728297"/>
  <nd ref="1930728295"/>
  <nd ref="1930728123"/>
  <nd ref="1930728219"/>
  <nd ref="1930728130"/>
  <nd ref="1930728266"/>
  <nd ref="1930728113"/>
  <nd ref="1930728301"/>
  <nd ref="1930728228"/>
  <nd ref="1930728259"/>
  <nd ref="2011321301"/>
  <nd ref="1930728135"/>
  <nd ref="1930728315"/>
  <nd ref="1930728291"/>
  <nd ref="1930728274"/>
  <nd ref="1930728139"/>
  <nd ref="1930728242"/>
  <nd ref="1930728155"/>
  <nd ref="1930728181"/>
  <nd ref="1930728313"/>
  <nd ref="1930728115"/>
  <nd ref="1930728204"/>
  <nd ref="1930728119"/>
  <nd ref="1930728298"/>
  <nd ref="1930728248"/>
  <nd ref="1930728221"/>
  <nd ref="1930728136"/>
  <nd ref="1930728159"/>
  <nd ref="1930728253"/>
  <nd ref="1930728257"/>
  <nd ref="1930728278"/>
  <nd ref="1930728230"/>
  <nd ref="1930728217"/>
  <nd ref="1930728178"/>
  <nd ref="1930728182"/>
  <nd ref="1930728108"/>
  <nd ref="1930728250"/>
  <nd ref="2012909335"/>
  <nd ref="1930728167"/>
  <nd ref="1930728210"/>
  <nd ref="1930728183"/>
  <nd ref="1930728275"/>
  <nd ref="1930728284"/>
  <nd ref="1930728215"/>
  <nd ref="1930728166"/>
  <nd ref="1930728169"/>
  <nd ref="1930728177"/>
  <nd ref="1930728269"/>
  <nd ref="1930728122"/>
  <nd ref="1930728175"/>
  <nd ref="1930728306"/>
  <nd ref="1930728152"/>
  <nd ref="1930728186"/>
  <nd ref="1930728287"/>
  <nd ref="1930728199"/>
  <nd ref="1930728226"/>
  <nd ref="1930728114"/>
  <tag k="landuse" v="forest"/>
 </way>
 <way id="182710266" visible="true" version="1" changeset="13235308" timestamp="2012-09-24T16:03:29Z" user="johanemilsson" uid="559500">
  <nd ref="1930728244"/>
  <nd ref="1930728124"/>
  <nd ref="1930728227"/>
  <nd ref="1930728223"/>
  <nd ref="1930728213"/>
  <nd ref="1930728244"/>
  <tag k="landuse" v="meadow"/>
 </way>
 <way id="182710268" visible="true" version="1" changeset="13235308" timestamp="2012-09-24T16:03:29Z" user="johanemilsson" uid="559500">
  <nd ref="1930716118"/>
  <nd ref="1930716138"/>
  <nd ref="1930716112"/>
  <nd ref="1930716122"/>
  <nd ref="1930716116"/>
  <nd ref="1930716137"/>
  <nd ref="1930716119"/>
  <nd ref="1930716128"/>
  <nd ref="1930716108"/>
  <nd ref="1930716109"/>
  <nd ref="1930716113"/>
  <nd ref="1930716124"/>
  <nd ref="1930716126"/>
  <nd ref="1930716140"/>
  <tag k="highway" v="track"/>
 </way>
 <way id="182710272" visible="true" version="1" changeset="13235308" timestamp="2012-09-24T16:03:29Z" user="johanemilsson" uid="559500">
  <nd ref="1930728206"/>
  <nd ref="1922262178"/>
  <nd ref="1922262183"/>
  <nd ref="1922262179"/>
  <nd ref="1922262137"/>
  <nd ref="1922262158"/>
  <nd ref="1922262181"/>
  <nd ref="1922262146"/>
  <nd ref="1922262139"/>
  <nd ref="1922262168"/>
  <nd ref="1922262169"/>
  <nd ref="1930728206"/>
  <tag k="landuse" v="meadow"/>
 </way>
 <way id="182711432" visible="true" version="1" changeset="13235308" timestamp="2012-09-24T16:09:33Z" user="johanemilsson" uid="559500">
  <nd ref="1930736117"/>
  <nd ref="1922262184"/>
  <nd ref="1922293609"/>
  <nd ref="1930736100"/>
  <nd ref="1930736161"/>
  <nd ref="1930736159"/>
  <nd ref="1930736063"/>
  <nd ref="1930736036"/>
  <nd ref="1930736024"/>
  <nd ref="1930736117"/>
  <tag k="natural" v="scrub"/>
 </way>
 <way id="182711433" visible="true" version="1" changeset="13235308" timestamp="2012-09-24T16:09:34Z" user="johanemilsson" uid="559500">
  <nd ref="1930736130"/>
  <nd ref="1930736053"/>
  <nd ref="1930728206"/>
  <nd ref="1922262178"/>
  <nd ref="1922262182"/>
  <nd ref="1930736117"/>
  <nd ref="1930736024"/>
  <nd ref="1930736036"/>
  <nd ref="1930736063"/>
  <nd ref="1930736159"/>
  <nd ref="1930736161"/>
  <nd ref="1930736169"/>
  <nd ref="1930736120"/>
  <nd ref="1930736054"/>
  <nd ref="1930736130"/>
  <tag k="landuse" v="farmland"/>
 </way>
 <way id="182711434" visible="true" version="5" changeset="157292765" timestamp="2024-09-30T11:34:07Z" user="AndreasOdense" uid="12159956">
  <nd ref="1930736092"/>
  <nd ref="1930736104"/>
  <nd ref="1930736114"/>
  <nd ref="12211532513"/>
  <nd ref="1930736171"/>
  <nd ref="1930736051"/>
  <nd ref="1930736127"/>
  <nd ref="1930736105"/>
  <nd ref="1930736195"/>
  <nd ref="1930736162"/>
  <nd ref="1930736059"/>
  <nd ref="1930736020"/>
  <nd ref="1930736181"/>
  <nd ref="1930736191"/>
  <nd ref="1930736034"/>
  <nd ref="12211532599"/>
  <nd ref="12211532600"/>
  <nd ref="12211562001"/>
  <nd ref="12211562002"/>
  <nd ref="1930736057"/>
  <nd ref="1930736107"/>
  <nd ref="1930736166"/>
  <nd ref="1930736022"/>
  <nd ref="1930736028"/>
  <nd ref="1930736050"/>
  <nd ref="1930736019"/>
  <nd ref="1930736134"/>
  <nd ref="1930736026"/>
  <nd ref="1930736160"/>
  <nd ref="1930736101"/>
  <nd ref="1923974036"/>
  <nd ref="1930736177"/>
  <nd ref="1930736030"/>
  <nd ref="1930736174"/>
  <nd ref="1922293606"/>
  <nd ref="1922302476"/>
  <nd ref="1922302474"/>
  <nd ref="1922302523"/>
  <nd ref="1922302492"/>
  <nd ref="1930736110"/>
  <nd ref="1930736067"/>
  <nd ref="1930736065"/>
  <nd ref="1930736123"/>
  <nd ref="1930736158"/>
  <nd ref="1922293601"/>
  <nd ref="1922293602"/>
  <nd ref="1922293599"/>
  <nd ref="1930736055"/>
  <nd ref="4791685834"/>
  <nd ref="4791685835"/>
  <nd ref="4791685836"/>
  <nd ref="1930736092"/>
  <tag k="landuse" v="forest"/>
 </way>
 <way id="183059939" visible="true" version="2" changeset="47743022" timestamp="2017-04-13T13:29:49Z" user="Grillo" uid="13957">
  <nd ref="1930736169"/>
  <nd ref="1930736161"/>
  <nd ref="1930736100"/>
  <nd ref="1922293599"/>
  <nd ref="1930736055"/>
  <nd ref="4791685834"/>
  <nd ref="1930736169"/>
  <tag k="landuse" v="meadow"/>
 </way>
 <way id="190491919" visible="true" version="3" changeset="40861570" timestamp="2016-07-19T14:59:51Z" user="Essin" uid="438299">
  <nd ref="2011321334"/>
  <nd ref="2011321293"/>
  <nd ref="2011321264"/>
  <nd ref="2012904487"/>
  <nd ref="1930728242"/>
  <nd ref="1930728155"/>
  <nd ref="1930728181"/>
  <nd ref="1930728313"/>
  <nd ref="1930728115"/>
  <nd ref="1930728204"/>
  <nd ref="1930728119"/>
  <nd ref="1930728298"/>
  <nd ref="1930728248"/>
  <nd ref="1930728221"/>
  <nd ref="1930728136"/>
  <nd ref="1930728159"/>
  <nd ref="1930728253"/>
  <nd ref="1930728257"/>
  <nd ref="1930728278"/>
  <nd ref="2011321248"/>
  <nd ref="2011321334"/>
  <tag k="landuse" v="industrial"/>
  <tag k="name" v="Kretsloppsparken"/>
 </way>
 <way id="190655384" visible="true" version="1" changeset="13864627" timestamp="2012-11-13T21:14:13Z" user="johanemilsson" uid="559500">
  <nd ref="2012904487"/>
  <nd ref="2012904456"/>
  <nd ref="2012904469"/>
  <nd ref="2012904462"/>
  <nd ref="2012904460"/>
  <nd ref="2011321301"/>
  <nd ref="1930728135"/>
  <nd ref="1930728315"/>
  <nd ref="1930728291"/>
  <nd ref="1930728274"/>
  <nd ref="1930728139"/>
  <nd ref="1930728242"/>
  <nd ref="2012904487"/>
  <tag k="landuse" v="forest"/>
 </way>
 <way id="190655387" visible="true" version="1" changeset="13864627" timestamp="2012-11-13T21:14:13Z" user="johanemilsson" uid="559500">
  <nd ref="2012904453"/>
  <nd ref="2012904467"/>
  <nd ref="2012904469"/>
  <nd ref="2012904456"/>
  <nd ref="2012904487"/>
  <nd ref="2011321264"/>
  <nd ref="2011321293"/>
  <nd ref="2011321334"/>
  <nd ref="2012904485"/>
  <nd ref="2012904471"/>
  <nd ref="2012904458"/>
  <nd ref="2012904476"/>
  <nd ref="2012904482"/>
  <nd ref="2012904453"/>
  <tag k="landuse" v="farmland"/>
 </way>
 <way id="190655907" visible="true" version="1" changeset="13864627" timestamp="2012-11-13T21:21:01Z" user="johanemilsson" uid="559500">
  <nd ref="2012909330"/>
  <nd ref="2012909375"/>
  <nd ref="2012909325"/>
  <nd ref="2012909336"/>
  <nd ref="2012909342"/>
  <nd ref="2012909347"/>
  <nd ref="2012909376"/>
  <nd ref="2012909374"/>
  <nd ref="2012909371"/>
  <nd ref="2012909326"/>
  <nd ref="2012909356"/>
  <nd ref="1930728108"/>
  <nd ref="1930728182"/>
  <nd ref="1930728178"/>
  <nd ref="1930728217"/>
  <nd ref="1930728230"/>
  <nd ref="2012909352"/>
  <nd ref="2012909359"/>
  <nd ref="2012909330"/>
  <tag k="landuse" v="farmland"/>
 </way>
 <way id="190655909" visible="true" version="5" changeset="157292765" timestamp="2024-09-30T11:34:07Z" user="AndreasOdense" uid="12159956">
  <nd ref="2012909337"/>
  <nd ref="2012909354"/>
  <nd ref="2012909341"/>
  <nd ref="5726854044"/>
  <nd ref="5726854043"/>
  <nd ref="2012909322"/>
  <nd ref="2012909360"/>
  <nd ref="2012909338"/>
  <nd ref="2303687121"/>
  <nd ref="1022685634"/>
  <nd ref="12211532590"/>
  <nd ref="12211532589"/>
  <nd ref="12211532588"/>
  <nd ref="1930736034"/>
  <nd ref="1930736191"/>
  <nd ref="1930736181"/>
  <nd ref="1930736020"/>
  <nd ref="2012909319"/>
  <nd ref="2012909317"/>
  <nd ref="2012909318"/>
  <nd ref="2012909357"/>
  <nd ref="2012909358"/>
  <nd ref="2012909346"/>
  <nd ref="2012909350"/>
  <nd ref="2012909321"/>
  <nd ref="2012909367"/>
  <nd ref="2012909340"/>
  <nd ref="2012909314"/>
  <nd ref="2012909349"/>
  <nd ref="2012909328"/>
  <nd ref="2012909316"/>
  <nd ref="2012909343"/>
  <nd ref="2012909365"/>
  <nd ref="2012909324"/>
  <nd ref="2012909369"/>
  <nd ref="2012909337"/>
  <tag k="landuse" v="meadow"/>
 </way>
 <way id="190655911" visible="true" version="1" changeset="13864627" timestamp="2012-11-13T21:21:01Z" user="johanemilsson" uid="559500">
  <nd ref="2012909315"/>
  <nd ref="2012909368"/>
  <nd ref="2012909339"/>
  <nd ref="2012909356"/>
  <nd ref="1930728108"/>
  <nd ref="1930728250"/>
  <nd ref="2012909335"/>
  <nd ref="1930728167"/>
  <nd ref="2012909315"/>
  <tag k="landuse" v="farmland"/>
 </way>
 <way id="190655913" visible="true" version="1" changeset="13864627" timestamp="2012-11-13T21:21:01Z" user="johanemilsson" uid="559500">
  <nd ref="2012909362"/>
  <nd ref="2012909353"/>
  <nd ref="2012909351"/>
  <nd ref="2012909348"/>
  <nd ref="2012909323"/>
  <nd ref="2012909364"/>
  <nd ref="2012909373"/>
  <nd ref="2012909327"/>
  <nd ref="2012909333"/>
  <nd ref="2012909361"/>
  <nd ref="2012909370"/>
  <nd ref="2012909374"/>
  <nd ref="2012909376"/>
  <nd ref="2012909362"/>
  <tag k="landuse" v="meadow"/>
 </way>
 <way id="190655914" visible="true" version="2" changeset="122524854" timestamp="2022-06-17T21:15:57Z" user="Jessica Lily" uid="163346">
  <nd ref="2012909369"/>
  <nd ref="2012909367"/>
  <nd ref="2012909340"/>
  <nd ref="2012909314"/>
  <nd ref="2012909349"/>
  <nd ref="2012909328"/>
  <nd ref="2012909316"/>
  <nd ref="2012909343"/>
  <nd ref="2012909365"/>
  <nd ref="2012909324"/>
  <nd ref="2012909369"/>
  <tag k="landuse" v="farmyard"/>
 </way>
 <way id="190655915" visible="true" version="1" changeset="13864627" timestamp="2012-11-13T21:21:02Z" user="johanemilsson" uid="559500">
  <nd ref="2012909355"/>
  <nd ref="2012909320"/>
  <nd ref="2012909366"/>
  <nd ref="2012909326"/>
  <nd ref="2012909371"/>
  <nd ref="2012909374"/>
  <nd ref="2012909370"/>
  <nd ref="2012909331"/>
  <nd ref="2012909332"/>
  <nd ref="2012909372"/>
  <nd ref="2012909355"/>
  <tag k="landuse" v="farmland"/>
 </way>
 <way id="190655916" visible="true" version="1" changeset="13864627" timestamp="2012-11-13T21:21:02Z" user="johanemilsson" uid="559500">
  <nd ref="2012909370"/>
  <nd ref="2012909361"/>
  <nd ref="2012909333"/>
  <nd ref="2012909329"/>
  <nd ref="2012909334"/>
  <nd ref="2012909332"/>
  <nd ref="2012909331"/>
  <nd ref="2012909370"/>
  <tag k="landuse" v="farmyard"/>
 </way>
 <way id="190655918" visible="true" version="1" changeset="13864627" timestamp="2012-11-13T21:21:02Z" user="johanemilsson" uid="559500">
  <nd ref="2012909345"/>
  <nd ref="2012909320"/>
  <nd ref="2012909366"/>
  <nd ref="2012909326"/>
  <nd ref="2012909356"/>
  <nd ref="2012909339"/>
  <nd ref="2012909345"/>
  <tag k="landuse" v="meadow"/>
 </way>
 <way id="342374521" visible="true" version="7" changeset="186328442" timestamp="2026-07-25T04:51:23Z" user="archie" uid="156646">
  <nd ref="9885640866"/>
  <nd ref="1021400748"/>
  <nd ref="1599113140"/>
  <nd ref="1021400799"/>
  <nd ref="1021400991"/>
  <nd ref="1021400870"/>
  <nd ref="1021401006"/>
  <nd ref="9885640881"/>
  <nd ref="1021400850"/>
  <nd ref="1021401079"/>
  <nd ref="1021400772"/>
  <nd ref="9885551582"/>
  <nd ref="1021400997"/>
  <nd ref="1021400948"/>
  <nd ref="1176873762"/>
  <nd ref="1176873763"/>
  <nd ref="1176873789"/>
  <nd ref="9885551583"/>
  <nd ref="9884174001"/>
  <nd ref="1176873793"/>
  <nd ref="9885551584"/>
  <nd ref="9885551585"/>
  <nd ref="9885551586"/>
  <nd ref="9885551587"/>
  <nd ref="1176873797"/>
  <tag k="highway" v="unclassified"/>
  <tag k="maxspeed" v="30"/>
  <tag k="name" v="Artillerivägen"/>
 </way>
 <way id="486577694" visible="true" version="2" changeset="157292765" timestamp="2024-09-30T11:34:07Z" user="AndreasOdense" uid="12159956">
  <nd ref="4791685504"/>
  <nd ref="4791685503"/>
  <nd ref="4791685502"/>
  <nd ref="4791685501"/>
  <nd ref="12211562033"/>
  <nd ref="4791685500"/>
  <nd ref="4791685499"/>
  <nd ref="4791685504"/>
  <tag k="amenity" v="parking"/>
 </way>
 <way id="486577696" visible="true" version="2" changeset="123574294" timestamp="2022-07-13T17:16:40Z" user="archie" uid="156646">
  <nd ref="1923972038"/>
  <nd ref="1923972072"/>
  <nd ref="1923972110"/>
  <nd ref="9885640847"/>
  <nd ref="1923972060"/>
  <nd ref="1923972144"/>
  <nd ref="1923972050"/>
  <tag k="highway" v="track"/>
 </way>
 <way id="603157906" visible="true" version="2" changeset="64606639" timestamp="2018-11-17T21:02:02Z" user="Essin" uid="438299">
  <nd ref="1176873797"/>
  <nd ref="1176873759"/>
  <nd ref="1923974038"/>
  <nd ref="1021400903"/>
  <nd ref="1021400742"/>
  <nd ref="1021400775"/>
  <nd ref="1021400989"/>
  <nd ref="1021401034"/>
  <nd ref="1021401007"/>
  <nd ref="1021400879"/>
  <nd ref="1021400743"/>
  <nd ref="5726854033"/>
  <nd ref="5726854032"/>
  <nd ref="5726854031"/>
  <nd ref="5726854030"/>
  <nd ref="5726854029"/>
  <nd ref="5726854028"/>
  <tag k="highway" v="unclassified"/>
  <tag k="maxspeed" v="30"/>
  <tag k="name" v="Haubitsvägen"/>
 </way>
 <way id="1056831504" visible="true" version="1" changeset="120491751" timestamp="2022-05-03T09:06:33Z" user="Jessica Lily" uid="163346">
  <nd ref="9710933266"/>
  <nd ref="9710933263"/>
  <nd ref="9710933264"/>
  <nd ref="9710933265"/>
  <nd ref="9710933266"/>
  <tag k="building" v="yes"/>
 </way>
 <way id="1056831505" visible="true" version="1" changeset="120491751" timestamp="2022-05-03T09:06:33Z" user="Jessica Lily" uid="163346">
  <nd ref="9710933270"/>
  <nd ref="9710933269"/>
  <nd ref="9710933268"/>
  <nd ref="9710933267"/>
  <nd ref="9710933270"/>
  <tag k="building" v="yes"/>
 </way>
 <way id="1056831506" visible="true" version="1" changeset="120491751" timestamp="2022-05-03T09:06:33Z" user="Jessica Lily" uid="163346">
  <nd ref="9710933274"/>
  <nd ref="9710933273"/>
  <nd ref="9710933272"/>
  <nd ref="9710933271"/>
  <nd ref="9710933274"/>
  <tag k="building" v="yes"/>
 </way>
 <way id="1056831507" visible="true" version="1" changeset="120491751" timestamp="2022-05-03T09:06:33Z" user="Jessica Lily" uid="163346">
  <nd ref="9710933278"/>
  <nd ref="9710933275"/>
  <nd ref="9710933276"/>
  <nd ref="9710933277"/>
  <nd ref="9710933278"/>
  <tag k="building" v="yes"/>
 </way>
 <way id="1056831521" visible="true" version="1" changeset="120491751" timestamp="2022-05-03T09:06:33Z" user="Jessica Lily" uid="163346">
  <nd ref="9710938356"/>
  <nd ref="9710938353"/>
  <nd ref="9710938354"/>
  <nd ref="9710938355"/>
  <nd ref="9710938356"/>
  <tag k="building" v="yes"/>
 </way>
 <way id="1056831522" visible="true" version="1" changeset="120491751" timestamp="2022-05-03T09:06:33Z" user="Jessica Lily" uid="163346">
  <nd ref="9710938360"/>
  <nd ref="9710938357"/>
  <nd ref="9710938358"/>
  <nd ref="9710938359"/>
  <nd ref="9710938360"/>
  <tag k="building" v="yes"/>
 </way>
 <way id="1056831523" visible="true" version="1" changeset="120491751" timestamp="2022-05-03T09:06:33Z" user="Jessica Lily" uid="163346">
  <nd ref="9710938364"/>
  <nd ref="9710938361"/>
  <nd ref="9710938362"/>
  <nd ref="9710938363"/>
  <nd ref="9710938364"/>
  <tag k="building" v="yes"/>
 </way>
 <way id="1056831524" visible="true" version="1" changeset="120491751" timestamp="2022-05-03T09:06:33Z" user="Jessica Lily" uid="163346">
  <nd ref="9710938368"/>
  <nd ref="9710938365"/>
  <nd ref="9710938366"/>
  <nd ref="9710938367"/>
  <nd ref="9710938368"/>
  <tag k="building" v="yes"/>
 </way>
 <way id="1070767592" visible="true" version="1" changeset="122524854" timestamp="2022-06-17T21:15:57Z" user="Jessica Lily" uid="163346">
  <nd ref="9826403540"/>
  <nd ref="9826403541"/>
  <nd ref="9826403539"/>
  <nd ref="9826403544"/>
  <nd ref="9826403542"/>
  <nd ref="9826403543"/>
  <nd ref="9826403540"/>
  <tag k="building" v="yes"/>
 </way>
 <way id="1070767593" visible="true" version="1" changeset="122524854" timestamp="2022-06-17T21:15:57Z" user="Jessica Lily" uid="163346">
  <nd ref="9826403548"/>
  <nd ref="9826403545"/>
  <nd ref="9826403546"/>
  <nd ref="9826403547"/>
  <nd ref="9826403548"/>
  <tag k="building" v="yes"/>
 </way>
 <way id="1070767594" visible="true" version="1" changeset="122524854" timestamp="2022-06-17T21:15:57Z" user="Jessica Lily" uid="163346">
  <nd ref="9826403552"/>
  <nd ref="9826403549"/>
  <nd ref="9826403550"/>
  <nd ref="9826403551"/>
  <nd ref="9826403552"/>
  <tag k="building" v="yes"/>
 </way>
 <way id="1070767595" visible="true" version="1" changeset="122524854" timestamp="2022-06-17T21:15:57Z" user="Jessica Lily" uid="163346">
  <nd ref="9826403556"/>
  <nd ref="9826403555"/>
  <nd ref="9826403554"/>
  <nd ref="9826403553"/>
  <nd ref="9826403556"/>
  <tag k="building" v="yes"/>
 </way>
 <way id="1070767596" visible="true" version="1" changeset="122524854" timestamp="2022-06-17T21:15:57Z" user="Jessica Lily" uid="163346">
  <nd ref="9826403560"/>
  <nd ref="9826403557"/>
  <nd ref="9826403558"/>
  <nd ref="9826403559"/>
  <nd ref="9826403560"/>
  <tag k="building" v="yes"/>
 </way>
 <way id="1078084442" visible="true" version="4" changeset="123573494" timestamp="2022-07-13T16:51:03Z" user="archie" uid="156646">
  <nd ref="1923974021"/>
  <nd ref="9884173987"/>
  <nd ref="9885551580"/>
  <nd ref="9885551579"/>
  <nd ref="9885551581"/>
  <nd ref="1922302488"/>
  <tag k="highway" v="service"/>
 </way>
 <way id="1078084443" visible="true" version="3" changeset="123573040" timestamp="2022-07-13T16:35:16Z" user="archie" uid="156646">
  <nd ref="1922302526"/>
  <nd ref="9884173990"/>
  <nd ref="9885536226"/>
  <nd ref="9885551590"/>
  <nd ref="9885551591"/>
  <nd ref="1922302548"/>
  <tag k="highway" v="service"/>
 </way>
 <way id="1078084444" visible="true" version="2" changeset="123572151" timestamp="2022-07-13T16:10:19Z" user="Johan Holmberg" uid="485974">
  <nd ref="9884173991"/>
  <nd ref="9884173992"/>
  <nd ref="9885536226"/>
  <nd ref="1923974019"/>
  <tag k="highway" v="service"/>
 </way>
 <way id="1078084447" visible="true" version="2" changeset="123573040" timestamp="2022-07-13T16:35:16Z" user="archie" uid="156646">
  <nd ref="1922302544"/>
  <nd ref="1922302493"/>
  <nd ref="1922302468"/>
  <nd ref="9884173991"/>
  <nd ref="1922302482"/>
  <nd ref="1922302516"/>
  <nd ref="9885551592"/>
  <nd ref="1922302548"/>
  <tag k="highway" v="service"/>
 </way>
 <way id="1078270206" visible="true" version="1" changeset="123573040" timestamp="2022-07-13T16:35:16Z" user="archie" uid="156646">
  <nd ref="1923974021"/>
  <nd ref="1923974038"/>
  <tag k="fixme" v="denna väg finns inte i NVDB. kolla upp!"/>
  <tag k="highway" v="service"/>
 </way>
 <way id="1078270207" visible="true" version="3" changeset="157292765" timestamp="2024-09-30T11:34:07Z" user="AndreasOdense" uid="12159956">
  <nd ref="12211562045"/>
  <nd ref="12211562050"/>
  <nd ref="12211562048"/>
  <nd ref="12211562046"/>
  <nd ref="9885551576"/>
  <nd ref="12211562037"/>
  <nd ref="12211562040"/>
  <nd ref="12211562043"/>
  <nd ref="12211562054"/>
  <nd ref="9885551575"/>
  <nd ref="12211532586"/>
  <nd ref="9885551574"/>
  <nd ref="12211532587"/>
  <nd ref="9885551573"/>
  <nd ref="9885551572"/>
  <nd ref="9885551571"/>
  <nd ref="9885551567"/>
  <tag k="highway" v="service"/>
 </way>
 <way id="1078270208" visible="true" version="1" changeset="123573040" timestamp="2022-07-13T16:35:16Z" user="archie" uid="156646">
  <nd ref="1923974019"/>
  <nd ref="9885551577"/>
  <tag k="highway" v="service"/>
 </way>
 <way id="1078274029" visible="true" version="1" changeset="123573494" timestamp="2022-07-13T16:51:03Z" user="archie" uid="156646">
  <nd ref="9625766572"/>
  <nd ref="9885582327"/>
  <nd ref="9885582328"/>
  <nd ref="9885582329"/>
  <nd ref="1930728307"/>
  <nd ref="9885582330"/>
  <tag k="highway" v="service"/>
 </way>
 <way id="1078274032" visible="true" version="2" changeset="123574294" timestamp="2022-07-13T17:16:40Z" user="archie" uid="156646">
  <nd ref="1922302548"/>
  <nd ref="9885582380"/>
  <nd ref="9885640849"/>
  <nd ref="9885582381"/>
  <nd ref="1923972062"/>
  <nd ref="9885582382"/>
  <nd ref="9885582383"/>
  <nd ref="9885582384"/>
  <nd ref="1923972055"/>
  <nd ref="1923972086"/>
  <nd ref="1923972035"/>
  <nd ref="1923972038"/>
  <nd ref="9885582385"/>
  <nd ref="1930716118"/>
  <tag k="highway" v="service"/>
 </way>
 <way id="1078278540" visible="true" version="1" changeset="123574294" timestamp="2022-07-13T17:16:40Z" user="archie" uid="156646">
  <nd ref="1922302548"/>
  <nd ref="9885640848"/>
  <nd ref="9885640847"/>
  <nd ref="9885640846"/>
  <nd ref="9885640845"/>
  <nd ref="9885640844"/>
  <nd ref="9885640843"/>
  <tag k="highway" v="service"/>
 </way>
 <way id="1100605543" visible="true" version="1" changeset="126935326" timestamp="2022-10-03T12:25:06Z" user="LöddaPåskina PostNord" uid="15820611">
  <nd ref="4311369124"/>
  <nd ref="10072856748"/>
  <nd ref="10072856747"/>
  <tag k="highway" v="service"/>
 </way>
 <way id="1100605545" visible="true" version="1" changeset="126935326" timestamp="2022-10-03T12:25:06Z" user="LöddaPåskina PostNord" uid="15820611">
  <nd ref="10072856747"/>
  <nd ref="10072856750"/>
  <nd ref="10072856751"/>
  <nd ref="10072856752"/>
  <nd ref="10072856753"/>
  <nd ref="10072856754"/>
  <nd ref="10072856755"/>
  <tag k="highway" v="service"/>
 </way>
 <way id="1319599506" visible="true" version="1" changeset="157292765" timestamp="2024-09-30T11:34:07Z" user="AndreasOdense" uid="12159956">
  <nd ref="1930736120"/>
  <nd ref="1930736054"/>
  <nd ref="12211532507"/>
  <nd ref="12211532508"/>
  <nd ref="12211532509"/>
  <nd ref="12211532510"/>
  <nd ref="12211532511"/>
  <nd ref="12211532512"/>
  <nd ref="12211532513"/>
  <nd ref="1930736114"/>
  <nd ref="1930736104"/>
  <nd ref="1930736092"/>
  <nd ref="4791685836"/>
  <nd ref="4791685835"/>
  <nd ref="4791685834"/>
  <nd ref="1930736169"/>
  <nd ref="1930736120"/>
  <tag k="leisure" v="sports_centre"/>
  <tag k="name" v="Kristianstad Karting"/>
 </way>
 <way id="1319599507" visible="true" version="1" changeset="157292765" timestamp="2024-09-30T11:34:07Z" user="AndreasOdense" uid="12159956">
  <nd ref="12211532554"/>
  <nd ref="12211532555"/>
  <nd ref="12211532556"/>
  <nd ref="12211532557"/>
  <nd ref="12211532554"/>
  <tag k="building" v="yes"/>
 </way>
 <way id="1319599508" visible="true" version="1" changeset="157292765" timestamp="2024-09-30T11:34:07Z" user="AndreasOdense" uid="12159956">
  <nd ref="12211532558"/>
  <nd ref="12211532559"/>
  <nd ref="12211532560"/>
  <nd ref="12211532561"/>
  <nd ref="12211532558"/>
  <tag k="building" v="yes"/>
 </way>
 <way id="1319599509" visible="true" version="1" changeset="157292765" timestamp="2024-09-30T11:34:07Z" user="AndreasOdense" uid="12159956">
  <nd ref="12211532562"/>
  <nd ref="12211532576"/>
  <nd ref="12211532563"/>
  <nd ref="12211532579"/>
  <nd ref="12211532577"/>
  <nd ref="12211532565"/>
  <nd ref="12211532564"/>
  <nd ref="12211532567"/>
  <nd ref="12211532566"/>
  <nd ref="12211532578"/>
  <nd ref="12211532580"/>
  <nd ref="12211532581"/>
  <nd ref="12211532568"/>
  <nd ref="12211532569"/>
  <nd ref="12211532570"/>
  <nd ref="12211532571"/>
  <nd ref="12211532572"/>
  <nd ref="12211532573"/>
  <nd ref="12211532574"/>
  <nd ref="12211532575"/>
  <nd ref="12211532576"/>
  <tag k="highway" v="service"/>
  <tag k="service" v="driveway"/>
 </way>
 <way id="1319599510" visible="true" version="1" changeset="157292765" timestamp="2024-09-30T11:34:07Z" user="AndreasOdense" uid="12159956">
  <nd ref="12211532565"/>
  <nd ref="12211532566"/>
  <tag k="highway" v="service"/>
  <tag k="service" v="driveway"/>
 </way>
 <way id="1319599511" visible="true" version="1" changeset="157292765" timestamp="2024-09-30T11:34:07Z" user="AndreasOdense" uid="12159956">
  <nd ref="12211532577"/>
  <nd ref="12211532578"/>
  <tag k="highway" v="service"/>
  <tag k="service" v="driveway"/>
 </way>
 <way id="1319599512" visible="true" version="1" changeset="157292765" timestamp="2024-09-30T11:34:07Z" user="AndreasOdense" uid="12159956">
  <nd ref="12211532579"/>
  <nd ref="12211532580"/>
  <tag k="highway" v="service"/>
  <tag k="service" v="driveway"/>
 </way>
 <way id="1319599513" visible="true" version="1" changeset="157292765" timestamp="2024-09-30T11:34:07Z" user="AndreasOdense" uid="12159956">
  <nd ref="12211532563"/>
  <nd ref="12211532581"/>
  <tag k="highway" v="service"/>
  <tag k="service" v="driveway"/>
 </way>
 <way id="1319599514" visible="true" version="1" changeset="157292765" timestamp="2024-09-30T11:34:07Z" user="AndreasOdense" uid="12159956">
  <nd ref="12211532582"/>
  <nd ref="12211532583"/>
  <nd ref="12211532584"/>
  <nd ref="12211532585"/>
  <nd ref="12211532582"/>
  <tag k="building" v="grandstand"/>
 </way>
 <way id="1319599515" visible="true" version="1" changeset="157292765" timestamp="2024-09-30T11:34:07Z" user="AndreasOdense" uid="12159956">
  <nd ref="12211562003"/>
  <nd ref="12211562004"/>
  <nd ref="12211562005"/>
  <nd ref="12211562006"/>
  <nd ref="12211562007"/>
  <nd ref="12211562008"/>
  <nd ref="12211562009"/>
  <nd ref="12211562010"/>
  <nd ref="12211562011"/>
  <nd ref="12211562012"/>
  <nd ref="12211562003"/>
  <tag k="landuse" v="forest"/>
 </way>
 <way id="1319599516" visible="true" version="1" changeset="157292765" timestamp="2024-09-30T11:34:07Z" user="AndreasOdense" uid="12159956">
  <nd ref="12211562013"/>
  <nd ref="12211562014"/>
  <nd ref="12211562015"/>
  <nd ref="12211562016"/>
  <nd ref="12211562013"/>
  <tag k="building" v="yes"/>
 </way>
 <way id="1319599517" visible="true" version="1" changeset="157292765" timestamp="2024-09-30T11:34:07Z" user="AndreasOdense" uid="12159956">
  <nd ref="12211562017"/>
  <nd ref="12211562018"/>
  <nd ref="12211562019"/>
  <nd ref="12211562020"/>
  <nd ref="12211562017"/>
  <tag k="building" v="yes"/>
 </way>
 <way id="1319599518" visible="true" version="1" changeset="157292765" timestamp="2024-09-30T11:34:07Z" user="AndreasOdense" uid="12159956">
  <nd ref="12211562021"/>
  <nd ref="12211562022"/>
  <nd ref="12211562023"/>
  <nd ref="12211562024"/>
  <nd ref="12211562021"/>
  <tag k="building" v="yes"/>
 </way>
 <way id="1319599519" visible="true" version="1" changeset="157292765" timestamp="2024-09-30T11:34:07Z" user="AndreasOdense" uid="12159956">
  <nd ref="12211562025"/>
  <nd ref="12211562026"/>
  <nd ref="12211562027"/>
  <nd ref="12211562028"/>
  <nd ref="12211562025"/>
  <tag k="building" v="yes"/>
 </way>
 <way id="1319599520" visible="true" version="1" changeset="157292765" timestamp="2024-09-30T11:34:07Z" user="AndreasOdense" uid="12159956">
  <nd ref="12211562029"/>
  <nd ref="12211562030"/>
  <nd ref="12211562031"/>
  <nd ref="12211562032"/>
  <nd ref="12211562029"/>
  <tag k="building" v="yes"/>
 </way>
 <way id="1319599521" visible="true" version="1" changeset="157292765" timestamp="2024-09-30T11:34:07Z" user="AndreasOdense" uid="12159956">
  <nd ref="12211562034"/>
  <nd ref="9885551576"/>
  <nd ref="12211562035"/>
  <tag k="highway" v="service"/>
  <tag k="service" v="parking_aisle"/>
 </way>
 <way id="1319599522" visible="true" version="1" changeset="157292765" timestamp="2024-09-30T11:34:07Z" user="AndreasOdense" uid="12159956">
  <nd ref="12211562036"/>
  <nd ref="12211562037"/>
  <nd ref="12211562038"/>
  <tag k="highway" v="service"/>
  <tag k="service" v="parking_aisle"/>
 </way>
 <way id="1319599523" visible="true" version="1" changeset="157292765" timestamp="2024-09-30T11:34:07Z" user="AndreasOdense" uid="12159956">
  <nd ref="12211562039"/>
  <nd ref="12211562040"/>
  <nd ref="12211562041"/>
  <tag k="highway" v="service"/>
  <tag k="service" v="parking_aisle"/>
 </way>
 <way id="1319599524" visible="true" version="1" changeset="157292765" timestamp="2024-09-30T11:34:07Z" user="AndreasOdense" uid="12159956">
  <nd ref="12211562042"/>
  <nd ref="12211562043"/>
  <nd ref="12211562044"/>
  <tag k="highway" v="service"/>
  <tag k="service" v="parking_aisle"/>
 </way>
 <way id="1319599525" visible="true" version="1" changeset="157292765" timestamp="2024-09-30T11:34:07Z" user="AndreasOdense" uid="12159956">
  <nd ref="12211562046"/>
  <nd ref="12211562047"/>
  <tag k="highway" v="service"/>
  <tag k="service" v="parking_aisle"/>
 </way>
 <way id="1319599526" visible="true" version="1" changeset="157292765" timestamp="2024-09-30T11:34:07Z" user="AndreasOdense" uid="12159956">
  <nd ref="12211562048"/>
  <nd ref="12211562049"/>
  <tag k="highway" v="service"/>
  <tag k="service" v="parking_aisle"/>
 </way>
 <way id="1319599527" visible="true" version="1" changeset="157292765" timestamp="2024-09-30T11:34:07Z" user="AndreasOdense" uid="12159956">
  <nd ref="12211562050"/>
  <nd ref="12211562051"/>
  <tag k="highway" v="service"/>
  <tag k="service" v="parking_aisle"/>
 </way>
 <way id="1319599528" visible="true" version="1" changeset="157292765" timestamp="2024-09-30T11:34:07Z" user="AndreasOdense" uid="12159956">
  <nd ref="12211562052"/>
  <nd ref="12211562051"/>
  <nd ref="12211562049"/>
  <nd ref="12211562047"/>
  <nd ref="12211562035"/>
  <nd ref="12211562038"/>
  <nd ref="12211562041"/>
  <nd ref="12211562044"/>
  <nd ref="12211562053"/>
  <nd ref="12211562054"/>
  <nd ref="12211562055"/>
  <nd ref="12211562042"/>
  <nd ref="12211562039"/>
  <nd ref="12211562036"/>
  <nd ref="12211562034"/>
  <nd ref="12211562056"/>
  <nd ref="4791685833"/>
  <tag k="highway" v="service"/>
  <tag k="service" v="driveway"/>
 </way>
 <way id="1319599529" visible="true" version="1" changeset="157292765" timestamp="2024-09-30T11:34:07Z" user="AndreasOdense" uid="12159956">
  <nd ref="12211562057"/>
  <nd ref="12211562072"/>
  <nd ref="12211562058"/>
  <nd ref="12211562059"/>
  <nd ref="12211562060"/>
  <nd ref="12211562061"/>
  <nd ref="12211562064"/>
  <nd ref="12211562062"/>
  <nd ref="12211562063"/>
  <nd ref="4791685508"/>
  <tag k="highway" v="raceway"/>
  <tag k="oneway" v="yes"/>
  <tag k="sport" v="karting"/>
  <tag k="surface" v="asphalt"/>
 </way>
 <way id="1319599530" visible="true" version="1" changeset="157292765" timestamp="2024-09-30T11:34:07Z" user="AndreasOdense" uid="12159956">
  <nd ref="12211532548"/>
  <nd ref="12211562065"/>
  <nd ref="12211562066"/>
  <nd ref="12211562067"/>
  <nd ref="12211562068"/>
  <nd ref="12211562069"/>
  <nd ref="12211562070"/>
  <nd ref="12211562071"/>
  <nd ref="12211562072"/>
  <nd ref="12211562073"/>
  <tag k="highway" v="raceway"/>
  <tag k="oneway" v="yes"/>
  <tag k="sport" v="karting"/>
  <tag k="surface" v="asphalt"/>
 </way>
 <way id="1319599531" visible="true" version="1" changeset="157292765" timestamp="2024-09-30T11:34:07Z" user="AndreasOdense" uid="12159956">
  <nd ref="12211562074"/>
  <nd ref="12211562075"/>
  <nd ref="12211562076"/>
  <nd ref="12211562077"/>
  <nd ref="12211562074"/>
  <tag k="building" v="yes"/>
 </way>
 <way id="1546928082" visible="true" version="1" changeset="186863821" timestamp="2026-08-03T11:08:06Z" user="aleno150" uid="1754773">
  <nd ref="14070281886"/>
  <nd ref="14070281887"/>
  <nd ref="14070281888"/>
  <nd ref="14070281889"/>
  <nd ref="14070281886"/>
  <tag k="building" v="yes"/>
 </way>
</osm>
