<?xml version="1.0" encoding="UTF-8"?>
<osm version="0.6" generator="openstreetmap-cgimap 2.1.0 (3498760 spike-06.openstreetmap.org)" copyright="OpenStreetMap and contributors" attribution="http://www.openstreetmap.org/copyright" license="http://opendatacommons.org/licenses/odbl/1-0/">
 <bounds minlat="51.1673050" minlon="1.1807010" maxlat="51.1876950" maxlon="1.2092990"/>
 <node id="432436" visible="true" version="7" changeset="129999761" timestamp="2022-12-12T13:44:06Z" user="yasslay" uid="14677286" lat="51.2089265" lon="1.1711883">
  <tag k="highway" v="motorway_junction"/>
  <tag k="name" v="Barham"/>
 </node>
 <node id="4065990" visible="true" version="7" changeset="145637222" timestamp="2023-12-28T21:11:34Z" user="Nathan_A_RF" uid="5229644" lat="51.1763519" lon="1.2128836"/>
 <node id="4065991" visible="true" version="2" changeset="7847757" timestamp="2011-04-12T23:16:53Z" user="c2r" uid="5926" lat="51.1853435" lon="1.1935600"/>
 <node id="4065992" visible="true" version="7" changeset="145637222" timestamp="2023-12-28T21:11:34Z" user="Nathan_A_RF" uid="5229644" lat="51.1956975" lon="1.1834334">
  <tag k="highway" v="motorway_junction"/>
  <tag k="name" v="Barham"/>
 </node>
 <node id="4065993" visible="true" version="3" changeset="10577129" timestamp="2012-02-03T16:56:51Z" user="Gregory Williams" uid="7037" lat="51.2039175" lon="1.1756574"/>
 <node id="4065994" visible="true" version="4" changeset="45754015" timestamp="2017-02-02T17:30:40Z" user="kreuzschnabel" uid="2773866" lat="51.1916230" lon="1.1874056"/>
 <node id="4065995" visible="true" version="4" changeset="45754015" timestamp="2017-02-02T17:30:40Z" user="kreuzschnabel" uid="2773866" lat="51.1881522" lon="1.1898594"/>
 <node id="4065996" visible="true" version="3" changeset="7847757" timestamp="2011-04-12T23:16:53Z" user="c2r" uid="5926" lat="51.1869283" lon="1.1910699"/>
 <node id="4065997" visible="true" version="4" changeset="13132165" timestamp="2012-09-16T15:46:57Z" user="Gregory Williams" uid="7037" lat="51.1814705" lon="1.2021302"/>
 <node id="4065999" visible="true" version="3" changeset="10577129" timestamp="2012-02-03T16:56:51Z" user="Gregory Williams" uid="7037" lat="51.1785282" lon="1.2086475"/>
 <node id="30935454" visible="true" version="2" changeset="157339997" timestamp="2024-10-01T13:31:40Z" user="Palgrave Peter" uid="11471297" lat="51.1934026" lon="1.1819439"/>
 <node id="30935471" visible="true" version="2" changeset="6840422" timestamp="2011-01-02T17:16:26Z" user="TimSC_Data_CC0_To_Andy_Allan" uid="6809" lat="51.1782161" lon="1.1821355"/>
 <node id="30935472" visible="true" version="3" changeset="157329057" timestamp="2024-10-01T09:12:10Z" user="Palgrave Peter" uid="11471297" lat="51.1786196" lon="1.1833591"/>
 <node id="30935473" visible="true" version="2" changeset="6840422" timestamp="2011-01-02T17:16:41Z" user="TimSC_Data_CC0_To_Andy_Allan" uid="6809" lat="51.1779729" lon="1.1843510"/>
 <node id="30935475" visible="true" version="3" changeset="157329057" timestamp="2024-10-01T09:12:10Z" user="Palgrave Peter" uid="11471297" lat="51.1766999" lon="1.1856429"/>
 <node id="30935476" visible="true" version="2" changeset="6840422" timestamp="2011-01-02T17:16:30Z" user="TimSC_Data_CC0_To_Andy_Allan" uid="6809" lat="51.1752740" lon="1.1872277"/>
 <node id="30935477" visible="true" version="2" changeset="6840422" timestamp="2011-01-02T17:16:33Z" user="TimSC_Data_CC0_To_Andy_Allan" uid="6809" lat="51.1738708" lon="1.1848537"/>
 <node id="30935478" visible="true" version="2" changeset="6840422" timestamp="2011-01-02T17:16:36Z" user="TimSC_Data_CC0_To_Andy_Allan" uid="6809" lat="51.1743358" lon="1.1836804"/>
 <node id="30935479" visible="true" version="2" changeset="6840422" timestamp="2011-01-02T17:16:40Z" user="TimSC_Data_CC0_To_Andy_Allan" uid="6809" lat="51.1749972" lon="1.1846698"/>
 <node id="30935482" visible="true" version="2" changeset="157329057" timestamp="2024-10-01T09:12:10Z" user="Palgrave Peter" uid="11471297" lat="51.1761255" lon="1.1858351"/>
 <node id="30935483" visible="true" version="2" changeset="413791" timestamp="2009-04-11T12:42:27Z" user="Crid" uid="7221" lat="51.1799323" lon="1.1885425">
  <tag k="created_by" v="JOSM"/>
 </node>
 <node id="30935484" visible="true" version="2" changeset="413791" timestamp="2009-04-11T12:42:26Z" user="Crid" uid="7221" lat="51.1782264" lon="1.1938722">
  <tag k="created_by" v="JOSM"/>
 </node>
 <node id="30935485" visible="true" version="4" changeset="157329057" timestamp="2024-10-01T09:12:10Z" user="Palgrave Peter" uid="11471297" lat="51.1774838" lon="1.1928838"/>
 <node id="30935496" visible="true" version="3" changeset="157307184" timestamp="2024-09-30T17:02:12Z" user="Palgrave Peter" uid="11471297" lat="51.1662958" lon="1.1962027"/>
 <node id="30935503" visible="true" version="3" changeset="157307184" timestamp="2024-09-30T17:02:12Z" user="Palgrave Peter" uid="11471297" lat="51.1672701" lon="1.1942780"/>
 <node id="30935512" visible="true" version="3" changeset="157307184" timestamp="2024-09-30T17:02:12Z" user="Palgrave Peter" uid="11471297" lat="51.1615230" lon="1.1921247"/>
 <node id="30935513" visible="true" version="2" changeset="381215" timestamp="2009-04-10T14:48:21Z" user="Crid" uid="7221" lat="51.1618233" lon="1.1898300">
  <tag k="created_by" v="JOSM"/>
 </node>
 <node id="30935523" visible="true" version="2" changeset="1446589" timestamp="2009-06-07T11:24:32Z" user="Crid" uid="7221" lat="51.1637528" lon="1.1792315">
  <tag k="created_by" v="JOSM"/>
 </node>
 <node id="30935524" visible="true" version="2" changeset="157307184" timestamp="2024-09-30T17:02:12Z" user="Palgrave Peter" uid="11471297" lat="51.1615720" lon="1.1804342"/>
 <node id="30935525" visible="true" version="3" changeset="157307184" timestamp="2024-09-30T17:02:12Z" user="Palgrave Peter" uid="11471297" lat="51.1583741" lon="1.1801941"/>
 <node id="30935535" visible="true" version="2" changeset="381215" timestamp="2009-04-10T14:48:21Z" user="Crid" uid="7221" lat="51.1724245" lon="1.1922888">
  <tag k="created_by" v="JOSM"/>
 </node>
 <node id="30935536" visible="true" version="4" changeset="137703659" timestamp="2023-06-23T21:24:59Z" user="TomJeffs" uid="6397757" lat="51.1725861" lon="1.1973064"/>
 <node id="30935537" visible="true" version="2" changeset="137703659" timestamp="2023-06-23T21:24:59Z" user="TomJeffs" uid="6397757" lat="51.1747312" lon="1.1952790"/>
 <node id="30935539" visible="true" version="1" changeset="113593" timestamp="2007-06-26T17:11:45Z" user="TimSC_Data_CC0_To_Andy_Allan" uid="6809" lat="51.1742191" lon="1.1926045">
  <tag k="created_by" v="JOSM"/>
 </node>
 <node id="30935540" visible="true" version="3" changeset="157329057" timestamp="2024-10-01T09:12:10Z" user="Palgrave Peter" uid="11471297" lat="51.1738515" lon="1.1913879"/>
 <node id="30935541" visible="true" version="2" changeset="6840422" timestamp="2011-01-02T17:16:28Z" user="TimSC_Data_CC0_To_Andy_Allan" uid="6809" lat="51.1697522" lon="1.1874310"/>
 <node id="30935542" visible="true" version="3" changeset="157329057" timestamp="2024-10-01T09:12:10Z" user="Palgrave Peter" uid="11471297" lat="51.1716160" lon="1.1896830"/>
 <node id="30935543" visible="true" version="3" changeset="6840422" timestamp="2011-01-02T17:16:36Z" user="TimSC_Data_CC0_To_Andy_Allan" uid="6809" lat="51.1730919" lon="1.1870788"/>
 <node id="30935544" visible="true" version="3" changeset="6840422" timestamp="2011-01-02T17:16:28Z" user="TimSC_Data_CC0_To_Andy_Allan" uid="6809" lat="51.1704095" lon="1.1860529"/>
 <node id="30935545" visible="true" version="3" changeset="157329057" timestamp="2024-10-01T09:12:10Z" user="Palgrave Peter" uid="11471297" lat="51.1700180" lon="1.1854097"/>
 <node id="30935557" visible="true" version="3" changeset="138981302" timestamp="2023-07-25T10:31:16Z" user="TomJeffs" uid="6397757" lat="51.1775636" lon="1.1955077"/>
 <node id="30935558" visible="true" version="2" changeset="6840422" timestamp="2011-01-02T17:16:30Z" user="TimSC_Data_CC0_To_Andy_Allan" uid="6809" lat="51.1765135" lon="1.1999796"/>
 <node id="30935559" visible="true" version="5" changeset="138981302" timestamp="2023-07-25T10:31:16Z" user="TomJeffs" uid="6397757" lat="51.1760557" lon="1.2020293"/>
 <node id="30935560" visible="true" version="5" changeset="138981302" timestamp="2023-07-25T10:31:16Z" user="TomJeffs" uid="6397757" lat="51.1757508" lon="1.2015563"/>
 <node id="30935561" visible="true" version="3" changeset="157303764" timestamp="2024-09-30T15:38:10Z" user="Palgrave Peter" uid="11471297" lat="51.1762404" lon="1.1999373"/>
 <node id="30935562" visible="true" version="3" changeset="157303764" timestamp="2024-09-30T15:38:10Z" user="Palgrave Peter" uid="11471297" lat="51.1750943" lon="1.1990389"/>
 <node id="30935563" visible="true" version="3" changeset="157303764" timestamp="2024-09-30T15:38:10Z" user="Palgrave Peter" uid="11471297" lat="51.1750641" lon="1.1988190"/>
 <node id="30935564" visible="true" version="2" changeset="6840422" timestamp="2011-01-02T17:16:41Z" user="TimSC_Data_CC0_To_Andy_Allan" uid="6809" lat="51.1764424" lon="1.1997602"/>
 <node id="30935565" visible="true" version="3" changeset="138981302" timestamp="2023-07-25T10:31:16Z" user="TomJeffs" uid="6397757" lat="51.1773774" lon="1.1956946"/>
 <node id="30937092" visible="true" version="2" changeset="5246457" timestamp="2010-07-17T21:48:55Z" user="IJMacD" uid="47487" lat="51.1605127" lon="1.2132414"/>
 <node id="30937105" visible="true" version="2" changeset="157303764" timestamp="2024-09-30T15:38:10Z" user="Palgrave Peter" uid="11471297" lat="51.1592252" lon="1.2118718"/>
 <node id="30937177" visible="true" version="2" changeset="6840422" timestamp="2011-01-02T17:16:33Z" user="TimSC_Data_CC0_To_Andy_Allan" uid="6809" lat="51.1653103" lon="1.2173006"/>
 <node id="30937178" visible="true" version="3" changeset="157303764" timestamp="2024-09-30T15:38:10Z" user="Palgrave Peter" uid="11471297" lat="51.1645559" lon="1.2150039"/>
 <node id="30937180" visible="true" version="2" changeset="157303764" timestamp="2024-09-30T15:38:10Z" user="Palgrave Peter" uid="11471297" lat="51.1627239" lon="1.2178834"/>
 <node id="30937194" visible="true" version="2" changeset="157303764" timestamp="2024-09-30T15:38:10Z" user="Palgrave Peter" uid="11471297" lat="51.1619358" lon="1.2192682"/>
 <node id="30937422" visible="true" version="2" changeset="6840422" timestamp="2011-01-02T18:13:21Z" user="TimSC_Data_CC0_To_Andy_Allan" uid="6809" lat="51.1893553" lon="1.1935549"/>
 <node id="30937423" visible="true" version="2" changeset="6828506" timestamp="2011-01-01T17:11:19Z" user="TimSC_Data_CC0_To_Andy_Allan" uid="6809" lat="51.1883440" lon="1.1924326"/>
 <node id="30937424" visible="true" version="3" changeset="154267889" timestamp="2024-07-22T15:08:34Z" user="Palgrave Peter" uid="11471297" lat="51.1893580" lon="1.1917126"/>
 <node id="30937425" visible="true" version="2" changeset="6828506" timestamp="2011-01-01T17:11:18Z" user="TimSC_Data_CC0_To_Andy_Allan" uid="6809" lat="51.1910389" lon="1.1903713"/>
 <node id="30937426" visible="true" version="3" changeset="154267889" timestamp="2024-07-22T15:08:34Z" user="Palgrave Peter" uid="11471297" lat="51.1914353" lon="1.1908040"/>
 <node id="30937428" visible="true" version="3" changeset="154267889" timestamp="2024-07-22T15:08:34Z" user="Palgrave Peter" uid="11471297" lat="51.1944367" lon="1.1884388"/>
 <node id="30937429" visible="true" version="4" changeset="154267889" timestamp="2024-07-22T15:08:34Z" user="Palgrave Peter" uid="11471297" lat="51.1949113" lon="1.1869934"/>
 <node id="30937430" visible="true" version="2" changeset="6828506" timestamp="2011-01-01T17:11:18Z" user="TimSC_Data_CC0_To_Andy_Allan" uid="6809" lat="51.1953273" lon="1.1859064"/>
 <node id="30937431" visible="true" version="2" changeset="6828506" timestamp="2011-01-01T17:11:19Z" user="TimSC_Data_CC0_To_Andy_Allan" uid="6809" lat="51.1963625" lon="1.1854862"/>
 <node id="30937432" visible="true" version="3" changeset="6840422" timestamp="2011-01-02T18:13:20Z" user="TimSC_Data_CC0_To_Andy_Allan" uid="6809" lat="51.1975046" lon="1.1832263"/>
 <node id="30937433" visible="true" version="3" changeset="6840422" timestamp="2011-01-02T18:13:16Z" user="TimSC_Data_CC0_To_Andy_Allan" uid="6809" lat="51.1982369" lon="1.1847211"/>
 <node id="30937434" visible="true" version="3" changeset="6840422" timestamp="2011-01-02T18:13:30Z" user="TimSC_Data_CC0_To_Andy_Allan" uid="6809" lat="51.1975015" lon="1.1855160"/>
 <node id="30937435" visible="true" version="3" changeset="6840422" timestamp="2011-01-02T18:13:27Z" user="TimSC_Data_CC0_To_Andy_Allan" uid="6809" lat="51.1978915" lon="1.1862550"/>
 <node id="30937436" visible="true" version="3" changeset="6840422" timestamp="2011-01-02T18:13:21Z" user="TimSC_Data_CC0_To_Andy_Allan" uid="6809" lat="51.1970522" lon="1.1876638"/>
 <node id="30937437" visible="true" version="2" changeset="10577129" timestamp="2012-02-03T16:56:39Z" user="Gregory Williams" uid="7037" lat="51.1984375" lon="1.1895337"/>
 <node id="30937438" visible="true" version="3" changeset="154267889" timestamp="2024-07-22T15:08:34Z" user="Palgrave Peter" uid="11471297" lat="51.2003528" lon="1.1927864"/>
 <node id="30937439" visible="true" version="3" changeset="154267889" timestamp="2024-07-22T15:08:34Z" user="Palgrave Peter" uid="11471297" lat="51.2013388" lon="1.1952218"/>
 <node id="30937440" visible="true" version="3" changeset="154267889" timestamp="2024-07-22T15:08:34Z" user="Palgrave Peter" uid="11471297" lat="51.2004105" lon="1.1972278"/>
 <node id="30937445" visible="true" version="3" changeset="154267889" timestamp="2024-07-22T15:08:34Z" user="Palgrave Peter" uid="11471297" lat="51.2003176" lon="1.1982347"/>
 <node id="30937446" visible="true" version="3" changeset="154267889" timestamp="2024-07-22T15:08:34Z" user="Palgrave Peter" uid="11471297" lat="51.2003191" lon="1.1990133"/>
 <node id="30937447" visible="true" version="3" changeset="154267889" timestamp="2024-07-22T15:08:34Z" user="Palgrave Peter" uid="11471297" lat="51.1989617" lon="1.1999748"/>
 <node id="30937448" visible="true" version="3" changeset="8659271" timestamp="2011-07-07T17:11:36Z" user="Crid" uid="7221" lat="51.1969509" lon="1.1963996"/>
 <node id="30937449" visible="true" version="4" changeset="8659271" timestamp="2011-07-07T17:11:36Z" user="Crid" uid="7221" lat="51.1996644" lon="1.1931393"/>
 <node id="30937450" visible="true" version="2" changeset="6828506" timestamp="2011-01-01T17:11:22Z" user="TimSC_Data_CC0_To_Andy_Allan" uid="6809" lat="51.1972039" lon="1.1886205"/>
 <node id="30937451" visible="true" version="2" changeset="6828506" timestamp="2011-01-01T17:10:31Z" user="TimSC_Data_CC0_To_Andy_Allan" uid="6809" lat="51.1959159" lon="1.1875606"/>
 <node id="30937452" visible="true" version="4" changeset="8659271" timestamp="2011-07-07T17:11:36Z" user="Crid" uid="7221" lat="51.1943297" lon="1.1890674"/>
 <node id="33193451" visible="true" version="10" changeset="13129365" timestamp="2012-09-16T11:44:46Z" user="Gregory Williams" uid="7037" lat="51.1635414" lon="1.2317608"/>
 <node id="35726293" visible="true" version="5" changeset="99935582" timestamp="2021-02-25T00:26:36Z" user="JayTurnr" uid="5008136" lat="51.1904036" lon="1.1807152"/>
 <node id="54625768" visible="true" version="5" changeset="1446589" timestamp="2009-06-07T11:24:31Z" user="Crid" uid="7221" lat="51.1624948" lon="1.1767165">
  <tag k="created_by" v="JOSM"/>
 </node>
 <node id="54625778" visible="true" version="3" changeset="381215" timestamp="2009-04-10T14:48:23Z" user="Crid" uid="7221" lat="51.1642382" lon="1.1770667">
  <tag k="created_by" v="JOSM"/>
 </node>
 <node id="54625808" visible="true" version="4" changeset="1446589" timestamp="2009-06-07T11:24:31Z" user="Crid" uid="7221" lat="51.1725356" lon="1.1784242">
  <tag k="created_by" v="JOSM"/>
 </node>
 <node id="54625820" visible="true" version="2" changeset="259047" timestamp="2008-04-26T18:23:09Z" user="Crid" uid="7221" lat="51.1746329" lon="1.1814369">
  <tag k="created_by" v="JOSM"/>
 </node>
 <node id="54625823" visible="true" version="2" changeset="259047" timestamp="2008-04-26T18:23:09Z" user="Crid" uid="7221" lat="51.1746920" lon="1.1828270">
  <tag k="created_by" v="JOSM"/>
 </node>
 <node id="54625826" visible="true" version="2" changeset="259047" timestamp="2008-04-26T18:23:09Z" user="Crid" uid="7221" lat="51.1738759" lon="1.1846771">
  <tag k="created_by" v="JOSM"/>
 </node>
 <node id="54625827" visible="true" version="1" changeset="472135" timestamp="2007-09-19T13:06:19Z" user="Crid" uid="7221" lat="51.1738041" lon="1.1853365">
  <tag k="created_by" v="JOSM"/>
 </node>
 <node id="54625830" visible="true" version="1" changeset="472135" timestamp="2007-09-19T13:06:19Z" user="Crid" uid="7221" lat="51.1740782" lon="1.1872307">
  <tag k="created_by" v="JOSM"/>
 </node>
 <node id="54625831" visible="true" version="3" changeset="381215" timestamp="2009-04-10T14:48:25Z" user="Crid" uid="7221" lat="51.1741339" lon="1.1888451">
  <tag k="created_by" v="JOSM"/>
 </node>
 <node id="54625832" visible="true" version="2" changeset="259047" timestamp="2008-04-26T18:23:08Z" user="Crid" uid="7221" lat="51.1753388" lon="1.1899279">
  <tag k="created_by" v="JOSM"/>
 </node>
 <node id="54625833" visible="true" version="2" changeset="259047" timestamp="2008-04-26T18:23:09Z" user="Crid" uid="7221" lat="51.1759518" lon="1.1902574">
  <tag k="created_by" v="JOSM"/>
 </node>
 <node id="54625834" visible="true" version="3" changeset="150893420" timestamp="2024-05-04T18:39:52Z" user="mapboy63" uid="12340839" lat="51.1770451" lon="1.1922879"/>
 <node id="54625837" visible="true" version="4" changeset="150893420" timestamp="2024-05-04T18:39:52Z" user="mapboy63" uid="12340839" lat="51.1779216" lon="1.1935753"/>
 <node id="54625838" visible="true" version="2" changeset="150893420" timestamp="2024-05-04T18:39:52Z" user="mapboy63" uid="12340839" lat="51.1788110" lon="1.1943531"/>
 <node id="54625842" visible="true" version="2" changeset="150893420" timestamp="2024-05-04T18:39:52Z" user="mapboy63" uid="12340839" lat="51.1803859" lon="1.1966750"/>
 <node id="54625844" visible="true" version="2" changeset="150893420" timestamp="2024-05-04T18:39:52Z" user="mapboy63" uid="12340839" lat="51.1807348" lon="1.1971301"/>
 <node id="54625846" visible="true" version="4" changeset="145637222" timestamp="2023-12-28T21:11:34Z" user="Nathan_A_RF" uid="5229644" lat="51.1828649" lon="1.1990580"/>
 <node id="253582136" visible="true" version="5" changeset="45754015" timestamp="2017-02-02T17:30:41Z" user="kreuzschnabel" uid="2773866" lat="51.2072352" lon="1.1727723"/>
 <node id="253582138" visible="true" version="4" changeset="45754015" timestamp="2017-02-02T17:30:41Z" user="kreuzschnabel" uid="2773866" lat="51.1985562" lon="1.1809511"/>
 <node id="253582139" visible="true" version="3" changeset="7847757" timestamp="2011-04-12T23:16:53Z" user="c2r" uid="5926" lat="51.1931813" lon="1.1861668"/>
 <node id="253583748" visible="true" version="3" changeset="7847757" timestamp="2011-04-12T23:16:51Z" user="c2r" uid="5926" lat="51.1916651" lon="1.1875591"/>
 <node id="253583749" visible="true" version="4" changeset="45754015" timestamp="2017-02-02T17:30:41Z" user="kreuzschnabel" uid="2773866" lat="51.1878313" lon="1.1903331"/>
 <node id="253583750" visible="true" version="4" changeset="45754015" timestamp="2017-02-02T17:30:41Z" user="kreuzschnabel" uid="2773866" lat="51.1869927" lon="1.1912101"/>
 <node id="253583752" visible="true" version="3" changeset="7847757" timestamp="2011-04-12T23:16:51Z" user="c2r" uid="5926" lat="51.1853983" lon="1.1937440"/>
 <node id="253583753" visible="true" version="4" changeset="145637222" timestamp="2023-12-28T21:11:34Z" user="Nathan_A_RF" uid="5229644" lat="51.1827432" lon="1.1996221"/>
 <node id="253583755" visible="true" version="4" changeset="13132165" timestamp="2012-09-16T15:46:49Z" user="Gregory Williams" uid="7037" lat="51.1815535" lon="1.2022295"/>
 <node id="253583756" visible="true" version="4" changeset="13132165" timestamp="2012-09-16T15:46:50Z" user="Gregory Williams" uid="7037" lat="51.1786480" lon="1.2087040"/>
 <node id="254866044" visible="true" version="4" changeset="154356094" timestamp="2024-07-24T15:40:19Z" user="Palgrave Peter" uid="11471297" lat="51.1881813" lon="1.2191485"/>
 <node id="254866045" visible="true" version="4" changeset="154356094" timestamp="2024-07-24T15:40:19Z" user="Palgrave Peter" uid="11471297" lat="51.1875435" lon="1.2220718"/>
 <node id="254866051" visible="true" version="5" changeset="52277022" timestamp="2017-09-22T13:49:53Z" user="Essex_Boy" uid="1247041" lat="51.1877639" lon="1.2075891"/>
 <node id="254866052" visible="true" version="5" changeset="52277022" timestamp="2017-09-22T13:49:53Z" user="Essex_Boy" uid="1247041" lat="51.1881111" lon="1.2127673"/>
 <node id="254866053" visible="true" version="2" changeset="6837067" timestamp="2011-01-02T11:23:30Z" user="TimSC_Data_CC0_To_Andy_Allan" uid="6809" lat="51.1863638" lon="1.2134843"/>
 <node id="254866054" visible="true" version="2" changeset="6837067" timestamp="2011-01-02T11:23:35Z" user="TimSC_Data_CC0_To_Andy_Allan" uid="6809" lat="51.1844712" lon="1.2102984"/>
 <node id="254866055" visible="true" version="3" changeset="6840422" timestamp="2011-01-02T17:16:28Z" user="TimSC_Data_CC0_To_Andy_Allan" uid="6809" lat="51.1831984" lon="1.2114404"/>
 <node id="254866057" visible="true" version="2" changeset="6837067" timestamp="2011-01-02T11:23:36Z" user="TimSC_Data_CC0_To_Andy_Allan" uid="6809" lat="51.1837773" lon="1.2090997"/>
 <node id="254866058" visible="true" version="2" changeset="6837067" timestamp="2011-01-02T11:23:32Z" user="TimSC_Data_CC0_To_Andy_Allan" uid="6809" lat="51.1833672" lon="1.2089420"/>
 <node id="254866060" visible="true" version="2" changeset="6837067" timestamp="2011-01-02T11:23:27Z" user="TimSC_Data_CC0_To_Andy_Allan" uid="6809" lat="51.1827363" lon="1.2107085"/>
 <node id="254866062" visible="true" version="2" changeset="6837067" timestamp="2011-01-02T11:23:29Z" user="TimSC_Data_CC0_To_Andy_Allan" uid="6809" lat="51.1820739" lon="1.2103615"/>
 <node id="254866063" visible="true" version="3" changeset="6840422" timestamp="2011-01-02T17:16:25Z" user="TimSC_Data_CC0_To_Andy_Allan" uid="6809" lat="51.1828928" lon="1.2075777"/>
 <node id="254866064" visible="true" version="3" changeset="6840422" timestamp="2011-01-02T17:16:36Z" user="TimSC_Data_CC0_To_Andy_Allan" uid="6809" lat="51.1846176" lon="1.2090183"/>
 <node id="254866065" visible="true" version="3" changeset="154267889" timestamp="2024-07-22T15:08:34Z" user="Palgrave Peter" uid="11471297" lat="51.1798422" lon="1.2119491"/>
 <node id="254866066" visible="true" version="2" changeset="6840422" timestamp="2011-01-02T17:16:42Z" user="TimSC_Data_CC0_To_Andy_Allan" uid="6809" lat="51.1801761" lon="1.2135313"/>
 <node id="254866071" visible="true" version="2" changeset="6840422" timestamp="2011-01-02T17:16:37Z" user="TimSC_Data_CC0_To_Andy_Allan" uid="6809" lat="51.1696922" lon="1.2097126"/>
 <node id="254866072" visible="true" version="2" changeset="6840422" timestamp="2011-01-02T17:16:31Z" user="TimSC_Data_CC0_To_Andy_Allan" uid="6809" lat="51.1695739" lon="1.2112422"/>
 <node id="254866073" visible="true" version="2" changeset="6840422" timestamp="2011-01-02T17:16:35Z" user="TimSC_Data_CC0_To_Andy_Allan" uid="6809" lat="51.1685921" lon="1.2116624"/>
 <node id="254866074" visible="true" version="2" changeset="6840422" timestamp="2011-01-02T17:16:38Z" user="TimSC_Data_CC0_To_Andy_Allan" uid="6809" lat="51.1671351" lon="1.2105299"/>
 <node id="254866077" visible="true" version="2" changeset="6840422" timestamp="2011-01-02T17:16:27Z" user="TimSC_Data_CC0_To_Andy_Allan" uid="6809" lat="51.1673090" lon="1.2095530"/>
 <node id="254866082" visible="true" version="3" changeset="31630078" timestamp="2015-06-01T10:35:14Z" user="IknowJoseph" uid="30587" lat="51.1701906" lon="1.1994499"/>
 <node id="254866083" visible="true" version="3" changeset="31630078" timestamp="2015-06-01T10:35:14Z" user="IknowJoseph" uid="30587" lat="51.1698808" lon="1.2009734"/>
 <node id="254866084" visible="true" version="2" changeset="559783" timestamp="2009-04-15T17:05:46Z" user="Crid" uid="7221" lat="51.1696218" lon="1.2007918">
  <tag k="created_by" v="JOSM"/>
 </node>
 <node id="254866085" visible="true" version="3" changeset="31630078" timestamp="2015-06-01T10:35:14Z" user="IknowJoseph" uid="30587" lat="51.1699519" lon="1.1997074"/>
 <node id="254866090" visible="true" version="3" changeset="157303764" timestamp="2024-09-30T15:38:10Z" user="Palgrave Peter" uid="11471297" lat="51.1755673" lon="1.2024444"/>
 <node id="254866092" visible="true" version="2" changeset="6840422" timestamp="2011-01-02T17:16:37Z" user="TimSC_Data_CC0_To_Andy_Allan" uid="6809" lat="51.1752336" lon="1.2020756"/>
 <node id="254866094" visible="true" version="2" changeset="6840422" timestamp="2011-01-02T17:16:42Z" user="TimSC_Data_CC0_To_Andy_Allan" uid="6809" lat="51.1739298" lon="1.2056838"/>
 <node id="254866096" visible="true" version="3" changeset="157303764" timestamp="2024-09-30T15:38:10Z" user="Palgrave Peter" uid="11471297" lat="51.1741843" lon="1.2059539"/>
 <node id="259667278" visible="true" version="3" changeset="45754015" timestamp="2017-02-02T17:30:41Z" user="kreuzschnabel" uid="2773866" lat="51.1984750" lon="1.1808049"/>
 <node id="259667280" visible="true" version="2" changeset="10577129" timestamp="2012-02-03T16:56:28Z" user="Gregory Williams" uid="7037" lat="51.1929343" lon="1.1862206"/>
 <node id="259667282" visible="true" version="2" changeset="10577129" timestamp="2012-02-03T16:56:29Z" user="Gregory Williams" uid="7037" lat="51.1858528" lon="1.1926393"/>
 <node id="259667284" visible="true" version="2" changeset="7847757" timestamp="2011-04-12T23:16:53Z" user="c2r" uid="5926" lat="51.1859021" lon="1.1927894"/>
 <node id="259668817" visible="true" version="2" changeset="13132165" timestamp="2012-09-16T15:46:50Z" user="Gregory Williams" uid="7037" lat="51.1843073" lon="1.2011636"/>
 <node id="259668818" visible="true" version="1" changeset="245567" timestamp="2008-04-24T19:34:59Z" user="Crid" uid="7221" lat="51.1848972" lon="1.2022732">
  <tag k="created_by" v="JOSM"/>
 </node>
 <node id="259668819" visible="true" version="1" changeset="245567" timestamp="2008-04-24T19:34:59Z" user="Crid" uid="7221" lat="51.1866187" lon="1.2057564">
  <tag k="created_by" v="JOSM"/>
 </node>
 <node id="259668820" visible="true" version="1" changeset="245567" timestamp="2008-04-24T19:34:59Z" user="Crid" uid="7221" lat="51.1875329" lon="1.2074646">
  <tag k="created_by" v="JOSM"/>
 </node>
 <node id="259668821" visible="true" version="2" changeset="664311" timestamp="2008-09-19T19:28:43Z" user="Crid" uid="7221" lat="51.1877347" lon="1.2082734">
  <tag k="created_by" v="JOSM"/>
 </node>
 <node id="259668829" visible="true" version="3" changeset="13132165" timestamp="2012-09-16T15:46:50Z" user="Gregory Williams" uid="7037" lat="51.1880126" lon="1.2113508"/>
 <node id="259668830" visible="true" version="3" changeset="13132165" timestamp="2012-09-16T15:46:50Z" user="Gregory Williams" uid="7037" lat="51.1880447" lon="1.2126781"/>
 <node id="259668831" visible="true" version="3" changeset="13132165" timestamp="2012-09-16T15:46:50Z" user="Gregory Williams" uid="7037" lat="51.1881461" lon="1.2130553"/>
 <node id="259668832" visible="true" version="1" changeset="245567" timestamp="2008-04-24T19:35:01Z" user="Crid" uid="7221" lat="51.1886806" lon="1.2135767">
  <tag k="created_by" v="JOSM"/>
 </node>
 <node id="259668833" visible="true" version="3" changeset="11590043" timestamp="2012-05-13T19:59:47Z" user="Gregory Williams" uid="7037" lat="51.1902597" lon="1.2167400"/>
 <node id="259670120" visible="true" version="2" changeset="381215" timestamp="2009-04-10T14:48:21Z" user="Crid" uid="7221" lat="51.1742257" lon="1.1898791">
  <tag k="created_by" v="JOSM"/>
 </node>
 <node id="259670122" visible="true" version="2" changeset="259047" timestamp="2008-04-26T18:23:08Z" user="Crid" uid="7221" lat="51.1746014" lon="1.1918301">
  <tag k="created_by" v="JOSM"/>
 </node>
 <node id="259670123" visible="true" version="4" changeset="137703659" timestamp="2023-06-23T21:24:59Z" user="TomJeffs" uid="6397757" lat="51.1747811" lon="1.1926709"/>
 <node id="259670124" visible="true" version="3" changeset="137703659" timestamp="2023-06-23T21:24:59Z" user="TomJeffs" uid="6397757" lat="51.1747954" lon="1.1931040"/>
 <node id="259670126" visible="true" version="3" changeset="137703659" timestamp="2023-06-23T21:24:59Z" user="TomJeffs" uid="6397757" lat="51.1747948" lon="1.1938324"/>
 <node id="259670127" visible="true" version="3" changeset="137703659" timestamp="2023-06-23T21:24:59Z" user="TomJeffs" uid="6397757" lat="51.1748076" lon="1.1948960"/>
 <node id="259670134" visible="true" version="3" changeset="137703659" timestamp="2023-06-23T21:24:59Z" user="TomJeffs" uid="6397757" lat="51.1747717" lon="1.1953168"/>
 <node id="259670135" visible="true" version="2" changeset="25046" timestamp="2008-08-02T18:45:14Z" user="Crid" uid="7221" lat="51.1745081" lon="1.1966088">
  <tag k="created_by" v="JOSM"/>
 </node>
 <node id="259670136" visible="true" version="2" changeset="25046" timestamp="2008-08-02T18:45:14Z" user="Crid" uid="7221" lat="51.1744263" lon="1.1970432">
  <tag k="created_by" v="JOSM"/>
 </node>
 <node id="259670138" visible="true" version="2" changeset="413791" timestamp="2009-04-11T12:42:26Z" user="Crid" uid="7221" lat="51.1742404" lon="1.1974711">
  <tag k="created_by" v="JOSM"/>
 </node>
 <node id="259670139" visible="true" version="4" changeset="413791" timestamp="2009-04-11T12:42:26Z" user="Crid" uid="7221" lat="51.1736315" lon="1.1980581">
  <tag k="created_by" v="JOSM"/>
 </node>
 <node id="259670145" visible="true" version="3" changeset="413791" timestamp="2009-04-11T12:42:28Z" user="Crid" uid="7221" lat="51.1730917" lon="1.1989915">
  <tag k="created_by" v="JOSM"/>
 </node>
 <node id="259670147" visible="true" version="2" changeset="25046" timestamp="2008-08-02T18:45:14Z" user="Crid" uid="7221" lat="51.1729263" lon="1.1995067">
  <tag k="created_by" v="JOSM"/>
 </node>
 <node id="259670149" visible="true" version="2" changeset="25046" timestamp="2008-08-02T18:45:14Z" user="Crid" uid="7221" lat="51.1725746" lon="1.2001919">
  <tag k="created_by" v="JOSM"/>
 </node>
 <node id="259670152" visible="true" version="2" changeset="559783" timestamp="2009-04-15T17:05:46Z" user="Crid" uid="7221" lat="51.1723534" lon="1.2018425">
  <tag k="created_by" v="JOSM"/>
 </node>
 <node id="259670154" visible="true" version="3" changeset="559783" timestamp="2009-04-15T17:05:47Z" user="Crid" uid="7221" lat="51.1724389" lon="1.2021245">
  <tag k="created_by" v="JOSM"/>
 </node>
 <node id="259670156" visible="true" version="3" changeset="137703490" timestamp="2023-06-23T21:15:37Z" user="TomJeffs" uid="6397757" lat="51.1726859" lon="1.2023935"/>
 <node id="259670160" visible="true" version="2" changeset="137703490" timestamp="2023-06-23T21:15:37Z" user="TomJeffs" uid="6397757" lat="51.1728444" lon="1.2027465"/>
 <node id="259670161" visible="true" version="2" changeset="137703490" timestamp="2023-06-23T21:15:37Z" user="TomJeffs" uid="6397757" lat="51.1729693" lon="1.2032394"/>
 <node id="259670163" visible="true" version="3" changeset="137703490" timestamp="2023-06-23T21:15:37Z" user="TomJeffs" uid="6397757" lat="51.1730783" lon="1.2040645"/>
 <node id="259670165" visible="true" version="3" changeset="137703490" timestamp="2023-06-23T21:15:37Z" user="TomJeffs" uid="6397757" lat="51.1733550" lon="1.2056312"/>
 <node id="259670166" visible="true" version="4" changeset="137703490" timestamp="2023-06-23T21:15:37Z" user="TomJeffs" uid="6397757" lat="51.1733046" lon="1.2061485"/>
 <node id="259670167" visible="true" version="2" changeset="137703490" timestamp="2023-06-23T21:15:37Z" user="TomJeffs" uid="6397757" lat="51.1731913" lon="1.2067020"/>
 <node id="259670169" visible="true" version="3" changeset="137703490" timestamp="2023-06-23T21:15:37Z" user="TomJeffs" uid="6397757" lat="51.1728395" lon="1.2077369"/>
 <node id="259670170" visible="true" version="2" changeset="559783" timestamp="2009-04-15T17:05:49Z" user="Crid" uid="7221" lat="51.1728445" lon="1.2078740">
  <tag k="created_by" v="JOSM"/>
 </node>
 <node id="259670172" visible="true" version="4" changeset="137703490" timestamp="2023-06-23T21:15:37Z" user="TomJeffs" uid="6397757" lat="51.1731396" lon="1.2081300"/>
 <node id="259670173" visible="true" version="3" changeset="137703490" timestamp="2023-06-23T21:15:37Z" user="TomJeffs" uid="6397757" lat="51.1733633" lon="1.2082493"/>
 <node id="259670175" visible="true" version="3" changeset="137703490" timestamp="2023-06-23T21:15:37Z" user="TomJeffs" uid="6397757" lat="51.1738202" lon="1.2086242"/>
 <node id="259670176" visible="true" version="4" changeset="157303764" timestamp="2024-09-30T15:38:10Z" user="Palgrave Peter" uid="11471297" lat="51.1741014" lon="1.2090368"/>
 <node id="259670177" visible="true" version="3" changeset="157303764" timestamp="2024-09-30T15:38:10Z" user="Palgrave Peter" uid="11471297" lat="51.1745329" lon="1.2093977"/>
 <node id="259670179" visible="true" version="2" changeset="13132165" timestamp="2012-09-16T15:46:50Z" user="Gregory Williams" uid="7037" lat="51.1747761" lon="1.2097007"/>
 <node id="259670180" visible="true" version="2" changeset="13132165" timestamp="2012-09-16T15:46:50Z" user="Gregory Williams" uid="7037" lat="51.1749124" lon="1.2100365"/>
 <node id="259670182" visible="true" version="3" changeset="13132165" timestamp="2012-09-16T15:46:50Z" user="Gregory Williams" uid="7037" lat="51.1750819" lon="1.2108498"/>
 <node id="259670183" visible="true" version="3" changeset="13132165" timestamp="2012-09-16T15:46:50Z" user="Gregory Williams" uid="7037" lat="51.1751953" lon="1.2111756"/>
 <node id="259670184" visible="true" version="3" changeset="13132165" timestamp="2012-09-16T15:46:50Z" user="Gregory Williams" uid="7037" lat="51.1756525" lon="1.2119518"/>
 <node id="260029203" visible="true" version="2" changeset="13222603" timestamp="2012-09-23T16:40:27Z" user="Gregory Williams" uid="7037" lat="51.1904173" lon="1.1809951"/>
 <node id="260029204" visible="true" version="2" changeset="260477" timestamp="2008-04-26T22:17:26Z" user="Crid" uid="7221" lat="51.1903607" lon="1.1814741">
  <tag k="created_by" v="JOSM"/>
 </node>
 <node id="260029205" visible="true" version="1" changeset="259047" timestamp="2008-04-26T18:23:02Z" user="Crid" uid="7221" lat="51.1900796" lon="1.1814303">
  <tag k="created_by" v="JOSM"/>
 </node>
 <node id="260029206" visible="true" version="1" changeset="259047" timestamp="2008-04-26T18:23:03Z" user="Crid" uid="7221" lat="51.1889666" lon="1.1825433">
  <tag k="created_by" v="JOSM"/>
 </node>
 <node id="260029208" visible="true" version="1" changeset="259047" timestamp="2008-04-26T18:23:03Z" user="Crid" uid="7221" lat="51.1882502" lon="1.1828312">
  <tag k="created_by" v="JOSM"/>
 </node>
 <node id="260029209" visible="true" version="2" changeset="312186" timestamp="2008-05-02T18:10:56Z" user="Crid" uid="7221" lat="51.1873796" lon="1.1829709">
  <tag k="created_by" v="JOSM"/>
 </node>
 <node id="260029210" visible="true" version="1" changeset="259047" timestamp="2008-04-26T18:23:03Z" user="Crid" uid="7221" lat="51.1869261" lon="1.1831638">
  <tag k="created_by" v="JOSM"/>
 </node>
 <node id="260029211" visible="true" version="1" changeset="259047" timestamp="2008-04-26T18:23:03Z" user="Crid" uid="7221" lat="51.1865295" lon="1.1834837">
  <tag k="created_by" v="JOSM"/>
 </node>
 <node id="260029212" visible="true" version="1" changeset="259047" timestamp="2008-04-26T18:23:03Z" user="Crid" uid="7221" lat="51.1856659" lon="1.1844560">
  <tag k="created_by" v="JOSM"/>
 </node>
 <node id="260029214" visible="true" version="1" changeset="259047" timestamp="2008-04-26T18:23:03Z" user="Crid" uid="7221" lat="51.1852309" lon="1.1849101">
  <tag k="created_by" v="JOSM"/>
 </node>
 <node id="260029215" visible="true" version="2" changeset="312186" timestamp="2008-05-02T18:10:56Z" user="Crid" uid="7221" lat="51.1846914" lon="1.1852722">
  <tag k="created_by" v="JOSM"/>
 </node>
 <node id="260029216" visible="true" version="2" changeset="312186" timestamp="2008-05-02T18:10:56Z" user="Crid" uid="7221" lat="51.1841205" lon="1.1854939">
  <tag k="created_by" v="JOSM"/>
 </node>
 <node id="260029217" visible="true" version="3" changeset="157334628" timestamp="2024-10-01T11:29:26Z" user="Palgrave Peter" uid="11471297" lat="51.1833469" lon="1.1855918"/>
 <node id="260029218" visible="true" version="5" changeset="157334628" timestamp="2024-10-01T11:29:26Z" user="Palgrave Peter" uid="11471297" lat="51.1831505" lon="1.1852646"/>
 <node id="260029219" visible="true" version="3" changeset="157334628" timestamp="2024-10-01T11:29:26Z" user="Palgrave Peter" uid="11471297" lat="51.1831445" lon="1.1848294"/>
 <node id="260029221" visible="true" version="2" changeset="312186" timestamp="2008-05-02T18:10:56Z" user="Crid" uid="7221" lat="51.1830236" lon="1.1842030">
  <tag k="created_by" v="JOSM"/>
 </node>
 <node id="260029222" visible="true" version="2" changeset="312186" timestamp="2008-05-02T18:10:56Z" user="Crid" uid="7221" lat="51.1828097" lon="1.1834877">
  <tag k="created_by" v="JOSM"/>
 </node>
 <node id="260029223" visible="true" version="3" changeset="95783379" timestamp="2020-12-14T05:28:57Z" user="sourabik" uid="11734026" lat="51.1825833" lon="1.1830495"/>
 <node id="260029224" visible="true" version="1" changeset="259047" timestamp="2008-04-26T18:23:04Z" user="Crid" uid="7221" lat="51.1825101" lon="1.1829142">
  <tag k="created_by" v="JOSM"/>
 </node>
 <node id="260029225" visible="true" version="3" changeset="413791" timestamp="2009-04-11T12:42:30Z" user="Crid" uid="7221" lat="51.1821151" lon="1.1826081">
  <tag k="created_by" v="JOSM"/>
 </node>
 <node id="260029227" visible="true" version="2" changeset="312186" timestamp="2008-05-02T18:10:57Z" user="Crid" uid="7221" lat="51.1817260" lon="1.1822391">
  <tag k="created_by" v="JOSM"/>
 </node>
 <node id="260029228" visible="true" version="2" changeset="312186" timestamp="2008-05-02T18:10:57Z" user="Crid" uid="7221" lat="51.1816070" lon="1.1819680">
  <tag k="created_by" v="JOSM"/>
 </node>
 <node id="260029229" visible="true" version="3" changeset="413791" timestamp="2009-04-11T12:42:29Z" user="Crid" uid="7221" lat="51.1815171" lon="1.1816998">
  <tag k="created_by" v="JOSM"/>
 </node>
 <node id="260029230" visible="true" version="2" changeset="312186" timestamp="2008-05-02T18:10:57Z" user="Crid" uid="7221" lat="51.1814510" lon="1.1812654">
  <tag k="created_by" v="JOSM"/>
 </node>
 <node id="260029231" visible="true" version="2" changeset="312186" timestamp="2008-05-02T18:10:57Z" user="Crid" uid="7221" lat="51.1812619" lon="1.1797182">
  <tag k="created_by" v="JOSM"/>
 </node>
 <node id="260029233" visible="true" version="1" changeset="259047" timestamp="2008-04-26T18:23:04Z" user="Crid" uid="7221" lat="51.1811749" lon="1.1789711">
  <tag k="created_by" v="JOSM"/>
 </node>
 <node id="260029234" visible="true" version="1" changeset="259047" timestamp="2008-04-26T18:23:04Z" user="Crid" uid="7221" lat="51.1811279" lon="1.1784444">
  <tag k="created_by" v="JOSM"/>
 </node>
 <node id="260029235" visible="true" version="2" changeset="312186" timestamp="2008-05-02T18:10:56Z" user="Crid" uid="7221" lat="51.1810699" lon="1.1775855">
  <tag k="created_by" v="JOSM"/>
 </node>
 <node id="260029236" visible="true" version="2" changeset="844141" timestamp="2009-03-22T10:56:51Z" user="Gregory Williams" uid="7037" lat="51.1809832" lon="1.1773037">
  <tag k="created_by" v="JOSM"/>
 </node>
 <node id="260029243" visible="true" version="4" changeset="157334628" timestamp="2024-10-01T11:29:26Z" user="Palgrave Peter" uid="11471297" lat="51.1830613" lon="1.1855554"/>
 <node id="260029256" visible="true" version="2" changeset="413791" timestamp="2009-04-11T12:42:28Z" user="Crid" uid="7221" lat="51.1778557" lon="1.1791266">
  <tag k="created_by" v="JOSM"/>
 </node>
 <node id="260029268" visible="true" version="1" changeset="259047" timestamp="2008-04-26T18:23:06Z" user="Crid" uid="7221" lat="51.1745287" lon="1.1807702">
  <tag k="created_by" v="JOSM"/>
 </node>
 <node id="260029270" visible="true" version="1" changeset="259047" timestamp="2008-04-26T18:23:06Z" user="Crid" uid="7221" lat="51.1741135" lon="1.1840572">
  <tag k="created_by" v="JOSM"/>
 </node>
 <node id="260029271" visible="true" version="2" changeset="157329057" timestamp="2024-10-01T09:12:10Z" user="Palgrave Peter" uid="11471297" lat="51.1747266" lon="1.1895474"/>
 <node id="260029272" visible="true" version="2" changeset="150893420" timestamp="2024-05-04T18:39:52Z" user="mapboy63" uid="12340839" lat="51.1762936" lon="1.1906547"/>
 <node id="260064974" visible="true" version="1" changeset="260477" timestamp="2008-04-26T22:17:24Z" user="Crid" uid="7221" lat="51.1902800" lon="1.1823679">
  <tag k="created_by" v="JOSM"/>
 </node>
 <node id="260064976" visible="true" version="1" changeset="260477" timestamp="2008-04-26T22:17:24Z" user="Crid" uid="7221" lat="51.1902323" lon="1.1825694">
  <tag k="created_by" v="JOSM"/>
 </node>
 <node id="260064977" visible="true" version="1" changeset="260477" timestamp="2008-04-26T22:17:24Z" user="Crid" uid="7221" lat="51.1899194" lon="1.1833171">
  <tag k="created_by" v="JOSM"/>
 </node>
 <node id="260064979" visible="true" version="1" changeset="260477" timestamp="2008-04-26T22:17:24Z" user="Crid" uid="7221" lat="51.1895270" lon="1.1840011">
  <tag k="created_by" v="JOSM"/>
 </node>
 <node id="260064980" visible="true" version="2" changeset="312186" timestamp="2008-05-02T18:10:58Z" user="Crid" uid="7221" lat="51.1891032" lon="1.1844879">
  <tag k="created_by" v="JOSM"/>
 </node>
 <node id="260064982" visible="true" version="1" changeset="260477" timestamp="2008-04-26T22:17:24Z" user="Crid" uid="7221" lat="51.1884082" lon="1.1854647">
  <tag k="created_by" v="JOSM"/>
 </node>
 <node id="260064983" visible="true" version="1" changeset="260477" timestamp="2008-04-26T22:17:24Z" user="Crid" uid="7221" lat="51.1879786" lon="1.1859684">
  <tag k="created_by" v="JOSM"/>
 </node>
 <node id="260064985" visible="true" version="1" changeset="260477" timestamp="2008-04-26T22:17:24Z" user="Crid" uid="7221" lat="51.1876169" lon="1.1862935">
  <tag k="created_by" v="JOSM"/>
 </node>
 <node id="260064986" visible="true" version="1" changeset="260477" timestamp="2008-04-26T22:17:24Z" user="Crid" uid="7221" lat="51.1871607" lon="1.1867551">
  <tag k="created_by" v="JOSM"/>
 </node>
 <node id="260064988" visible="true" version="1" changeset="260477" timestamp="2008-04-26T22:17:25Z" user="Crid" uid="7221" lat="51.1862975" lon="1.1877233">
  <tag k="created_by" v="JOSM"/>
 </node>
 <node id="260064989" visible="true" version="1" changeset="260477" timestamp="2008-04-26T22:17:25Z" user="Crid" uid="7221" lat="51.1857814" lon="1.1884036">
  <tag k="created_by" v="JOSM"/>
 </node>
 <node id="260064991" visible="true" version="2" changeset="312186" timestamp="2008-05-02T18:10:58Z" user="Crid" uid="7221" lat="51.1853988" lon="1.1891557">
  <tag k="created_by" v="JOSM"/>
 </node>
 <node id="260064992" visible="true" version="1" changeset="260477" timestamp="2008-04-26T22:17:25Z" user="Crid" uid="7221" lat="51.1850073" lon="1.1899831">
  <tag k="created_by" v="JOSM"/>
 </node>
 <node id="260064994" visible="true" version="1" changeset="260477" timestamp="2008-04-26T22:17:25Z" user="Crid" uid="7221" lat="51.1844873" lon="1.1909292">
  <tag k="created_by" v="JOSM"/>
 </node>
 <node id="260064995" visible="true" version="3" changeset="157334628" timestamp="2024-10-01T11:29:26Z" user="Palgrave Peter" uid="11471297" lat="51.1837529" lon="1.1922257"/>
 <node id="260064996" visible="true" version="2" changeset="7847757" timestamp="2011-04-12T23:16:53Z" user="c2r" uid="5926" lat="51.1841742" lon="1.1948193"/>
 <node id="260064998" visible="true" version="2" changeset="7847757" timestamp="2011-04-12T23:16:53Z" user="c2r" uid="5926" lat="51.1843076" lon="1.1951946"/>
 <node id="260064999" visible="true" version="3" changeset="145637222" timestamp="2023-12-28T21:11:34Z" user="Nathan_A_RF" uid="5229644" lat="51.1845492" lon="1.1952650"/>
 <node id="260065001" visible="true" version="3" changeset="145637222" timestamp="2023-12-28T21:11:34Z" user="Nathan_A_RF" uid="5229644" lat="51.1843610" lon="1.1956916">
  <tag k="highway" v="motorway_junction"/>
 </node>
 <node id="260065002" visible="true" version="2" changeset="312186" timestamp="2008-05-02T18:10:58Z" user="Crid" uid="7221" lat="51.1836632" lon="1.1919550">
  <tag k="created_by" v="JOSM"/>
 </node>
 <node id="261628312" visible="true" version="2" changeset="12831616" timestamp="2012-08-23T11:30:55Z" user="Gregory Williams" uid="7037" lat="51.1830400" lon="1.1861289"/>
 <node id="261628313" visible="true" version="2" changeset="12831616" timestamp="2012-08-23T11:30:55Z" user="Gregory Williams" uid="7037" lat="51.1831088" lon="1.1864167"/>
 <node id="261628314" visible="true" version="1" changeset="312186" timestamp="2008-05-02T18:10:50Z" user="Crid" uid="7221" lat="51.1835067" lon="1.1877816">
  <tag k="created_by" v="JOSM"/>
 </node>
 <node id="261628315" visible="true" version="1" changeset="312186" timestamp="2008-05-02T18:10:50Z" user="Crid" uid="7221" lat="51.1835358" lon="1.1884385">
  <tag k="created_by" v="JOSM"/>
 </node>
 <node id="261628316" visible="true" version="1" changeset="312186" timestamp="2008-05-02T18:10:50Z" user="Crid" uid="7221" lat="51.1834193" lon="1.1899312">
  <tag k="created_by" v="JOSM"/>
 </node>
 <node id="261628317" visible="true" version="1" changeset="312186" timestamp="2008-05-02T18:10:50Z" user="Crid" uid="7221" lat="51.1834152" lon="1.1905466">
  <tag k="created_by" v="JOSM"/>
 </node>
 <node id="261628318" visible="true" version="1" changeset="312186" timestamp="2008-05-02T18:10:50Z" user="Crid" uid="7221" lat="51.1834443" lon="1.1908418">
  <tag k="created_by" v="JOSM"/>
 </node>
 <node id="364655296" visible="true" version="2" changeset="413791" timestamp="2009-04-11T12:42:23Z" user="Crid" uid="7221" lat="51.1743778" lon="1.1802574"/>
 <node id="371523349" visible="true" version="2" changeset="413791" timestamp="2009-04-11T12:42:30Z" user="Crid" uid="7221" lat="51.1644480" lon="1.1772783"/>
 <node id="371523352" visible="true" version="2" changeset="413791" timestamp="2009-04-11T12:42:31Z" user="Crid" uid="7221" lat="51.1646234" lon="1.1776544"/>
 <node id="371523355" visible="true" version="2" changeset="413791" timestamp="2009-04-11T12:42:30Z" user="Crid" uid="7221" lat="51.1647598" lon="1.1780679"/>
 <node id="371523357" visible="true" version="2" changeset="413791" timestamp="2009-04-11T12:42:30Z" user="Crid" uid="7221" lat="51.1650288" lon="1.1790320"/>
 <node id="371523359" visible="true" version="2" changeset="413791" timestamp="2009-04-11T12:42:30Z" user="Crid" uid="7221" lat="51.1652036" lon="1.1794630"/>
 <node id="371523361" visible="true" version="2" changeset="413791" timestamp="2009-04-11T12:42:31Z" user="Crid" uid="7221" lat="51.1656469" lon="1.1801759"/>
 <node id="371523364" visible="true" version="2" changeset="413791" timestamp="2009-04-11T12:42:31Z" user="Crid" uid="7221" lat="51.1661883" lon="1.1813410"/>
 <node id="371523368" visible="true" version="2" changeset="413791" timestamp="2009-04-11T12:42:32Z" user="Crid" uid="7221" lat="51.1664568" lon="1.1817778"/>
 <node id="371523369" visible="true" version="2" changeset="413791" timestamp="2009-04-11T12:42:32Z" user="Crid" uid="7221" lat="51.1667140" lon="1.1820877"/>
 <node id="371523373" visible="true" version="2" changeset="413791" timestamp="2009-04-11T12:42:32Z" user="Crid" uid="7221" lat="51.1670151" lon="1.1823952"/>
 <node id="371523375" visible="true" version="2" changeset="413791" timestamp="2009-04-11T12:42:32Z" user="Crid" uid="7221" lat="51.1672495" lon="1.1827094"/>
 <node id="371523378" visible="true" version="2" changeset="413791" timestamp="2009-04-11T12:42:31Z" user="Crid" uid="7221" lat="51.1678124" lon="1.1835716"/>
 <node id="371523380" visible="true" version="2" changeset="413791" timestamp="2009-04-11T12:42:31Z" user="Crid" uid="7221" lat="51.1681486" lon="1.1839812"/>
 <node id="371523384" visible="true" version="3" changeset="1446589" timestamp="2009-06-07T11:24:34Z" user="Crid" uid="7221" lat="51.1680463" lon="1.1838411"/>
 <node id="371523385" visible="true" version="8" changeset="81609010" timestamp="2020-02-28T22:31:29Z" user="DaveF" uid="115894" lat="51.1680817" lon="1.1838065">
  <tag k="barrier" v="stile"/>
 </node>
 <node id="371523393" visible="true" version="2" changeset="413791" timestamp="2009-04-11T12:42:30Z" user="Crid" uid="7221" lat="51.1625344" lon="1.1764939"/>
 <node id="371523397" visible="true" version="2" changeset="1446589" timestamp="2009-06-07T11:24:34Z" user="Crid" uid="7221" lat="51.1625154" lon="1.1768146"/>
 <node id="371523403" visible="true" version="2" changeset="1446589" timestamp="2009-06-07T11:24:34Z" user="Crid" uid="7221" lat="51.1625639" lon="1.1769139"/>
 <node id="371523516" visible="true" version="1" changeset="381215" timestamp="2009-04-10T14:47:35Z" user="Crid" uid="7221" lat="51.1702604" lon="1.1861895"/>
 <node id="371523520" visible="true" version="1" changeset="381215" timestamp="2009-04-10T14:47:35Z" user="Crid" uid="7221" lat="51.1699677" lon="1.1854577"/>
 <node id="371523523" visible="true" version="1" changeset="381215" timestamp="2009-04-10T14:47:36Z" user="Crid" uid="7221" lat="51.1738997" lon="1.1888294">
  <tag k="barrier" v="bollard"/>
 </node>
 <node id="371523527" visible="true" version="2" changeset="157329057" timestamp="2024-10-01T09:12:10Z" user="Palgrave Peter" uid="11471297" lat="51.1736846" lon="1.1888671"/>
 <node id="371523530" visible="true" version="2" changeset="157329057" timestamp="2024-10-01T09:12:10Z" user="Palgrave Peter" uid="11471297" lat="51.1735340" lon="1.1888430"/>
 <node id="371523532" visible="true" version="1" changeset="381215" timestamp="2009-04-10T14:47:37Z" user="Crid" uid="7221" lat="51.1732294" lon="1.1885923"/>
 <node id="371523536" visible="true" version="1" changeset="381215" timestamp="2009-04-10T14:47:37Z" user="Crid" uid="7221" lat="51.1727771" lon="1.1882217"/>
 <node id="371523537" visible="true" version="1" changeset="381215" timestamp="2009-04-10T14:47:37Z" user="Crid" uid="7221" lat="51.1723738" lon="1.1878266"/>
 <node id="371523539" visible="true" version="1" changeset="381215" timestamp="2009-04-10T14:47:38Z" user="Crid" uid="7221" lat="51.1721286" lon="1.1876359"/>
 <node id="371523542" visible="true" version="1" changeset="381215" timestamp="2009-04-10T14:47:38Z" user="Crid" uid="7221" lat="51.1718452" lon="1.1874015"/>
 <node id="371523546" visible="true" version="1" changeset="381215" timestamp="2009-04-10T14:47:38Z" user="Crid" uid="7221" lat="51.1716626" lon="1.1872844"/>
 <node id="371523547" visible="true" version="1" changeset="381215" timestamp="2009-04-10T14:47:38Z" user="Crid" uid="7221" lat="51.1713792" lon="1.1871999"/>
 <node id="371523550" visible="true" version="1" changeset="381215" timestamp="2009-04-10T14:47:39Z" user="Crid" uid="7221" lat="51.1712184" lon="1.1871645"/>
 <node id="371523553" visible="true" version="1" changeset="381215" timestamp="2009-04-10T14:47:39Z" user="Crid" uid="7221" lat="51.1710495" lon="1.1870337"/>
 <node id="371523557" visible="true" version="1" changeset="381215" timestamp="2009-04-10T14:47:40Z" user="Crid" uid="7221" lat="51.1708124" lon="1.1868620"/>
 <node id="371523560" visible="true" version="1" changeset="381215" timestamp="2009-04-10T14:47:40Z" user="Crid" uid="7221" lat="51.1705536" lon="1.1865432"/>
 <node id="371523562" visible="true" version="1" changeset="381215" timestamp="2009-04-10T14:47:40Z" user="Crid" uid="7221" lat="51.1703056" lon="1.1862162"/>
 <node id="371523566" visible="true" version="1" changeset="381215" timestamp="2009-04-10T14:47:41Z" user="Crid" uid="7221" lat="51.1701966" lon="1.1860364"/>
 <node id="371523569" visible="true" version="1" changeset="381215" timestamp="2009-04-10T14:47:41Z" user="Crid" uid="7221" lat="51.1699732" lon="1.1854369"/>
 <node id="371523572" visible="true" version="1" changeset="381215" timestamp="2009-04-10T14:47:41Z" user="Crid" uid="7221" lat="51.1698969" lon="1.1852434"/>
 <node id="371523575" visible="true" version="1" changeset="381215" timestamp="2009-04-10T14:47:41Z" user="Crid" uid="7221" lat="51.1697279" lon="1.1850391"/>
 <node id="371523578" visible="true" version="1" changeset="381215" timestamp="2009-04-10T14:47:42Z" user="Crid" uid="7221" lat="51.1692756" lon="1.1846794"/>
 <node id="371523579" visible="true" version="1" changeset="381215" timestamp="2009-04-10T14:47:42Z" user="Crid" uid="7221" lat="51.1687688" lon="1.1843224"/>
 <node id="371523582" visible="true" version="1" changeset="381215" timestamp="2009-04-10T14:47:42Z" user="Crid" uid="7221" lat="51.1684009" lon="1.1841126"/>
 <node id="371523583" visible="true" version="1" changeset="381215" timestamp="2009-04-10T14:47:43Z" user="Crid" uid="7221" lat="51.1743904" lon="1.1909262"/>
 <node id="371523586" visible="true" version="1" changeset="381215" timestamp="2009-04-10T14:47:43Z" user="Crid" uid="7221" lat="51.1740373" lon="1.1911812"/>
 <node id="371523588" visible="true" version="1" changeset="381215" timestamp="2009-04-10T14:47:43Z" user="Crid" uid="7221" lat="51.1737430" lon="1.1914638"/>
 <node id="371523590" visible="true" version="1" changeset="381215" timestamp="2009-04-10T14:47:43Z" user="Crid" uid="7221" lat="51.1735468" lon="1.1916874"/>
 <node id="371523592" visible="true" version="1" changeset="381215" timestamp="2009-04-10T14:47:44Z" user="Crid" uid="7221" lat="51.1733192" lon="1.1918051"/>
 <node id="371523594" visible="true" version="1" changeset="381215" timestamp="2009-04-10T14:47:44Z" user="Crid" uid="7221" lat="51.1730014" lon="1.1919385"/>
 <node id="371523596" visible="true" version="1" changeset="381215" timestamp="2009-04-10T14:47:44Z" user="Crid" uid="7221" lat="51.1724167" lon="1.1922524"/>
 <node id="371523598" visible="true" version="1" changeset="381215" timestamp="2009-04-10T14:47:44Z" user="Crid" uid="7221" lat="51.1720989" lon="1.1924879"/>
 <node id="371523600" visible="true" version="1" changeset="381215" timestamp="2009-04-10T14:47:45Z" user="Crid" uid="7221" lat="51.1718596" lon="1.1926605"/>
 <node id="371523602" visible="true" version="1" changeset="381215" timestamp="2009-04-10T14:47:45Z" user="Crid" uid="7221" lat="51.1717811" lon="1.1927586"/>
 <node id="371523604" visible="true" version="2" changeset="413791" timestamp="2009-04-11T12:42:28Z" user="Crid" uid="7221" lat="51.1712300" lon="1.1933152"/>
 <node id="371523608" visible="true" version="1" changeset="381215" timestamp="2009-04-10T14:47:45Z" user="Crid" uid="7221" lat="51.1707844" lon="1.1937788"/>
 <node id="371523610" visible="true" version="1" changeset="381215" timestamp="2009-04-10T14:47:46Z" user="Crid" uid="7221" lat="51.1701645" lon="1.1943124"/>
 <node id="371523613" visible="true" version="1" changeset="381215" timestamp="2009-04-10T14:47:46Z" user="Crid" uid="7221" lat="51.1699094" lon="1.1945793"/>
 <node id="371523616" visible="true" version="1" changeset="381215" timestamp="2009-04-10T14:47:46Z" user="Crid" uid="7221" lat="51.1697996" lon="1.1946381"/>
 <node id="371523618" visible="true" version="1" changeset="381215" timestamp="2009-04-10T14:47:47Z" user="Crid" uid="7221" lat="51.1694189" lon="1.1949991"/>
 <node id="371523621" visible="true" version="1" changeset="381215" timestamp="2009-04-10T14:47:47Z" user="Crid" uid="7221" lat="51.1691325" lon="1.1951992"/>
 <node id="371523624" visible="true" version="1" changeset="381215" timestamp="2009-04-10T14:47:47Z" user="Crid" uid="7221" lat="51.1690423" lon="1.1952502"/>
 <node id="371523627" visible="true" version="1" changeset="381215" timestamp="2009-04-10T14:47:47Z" user="Crid" uid="7221" lat="51.1687715" lon="1.1953012"/>
 <node id="371523629" visible="true" version="1" changeset="381215" timestamp="2009-04-10T14:47:48Z" user="Crid" uid="7221" lat="51.1682889" lon="1.1953444"/>
 <node id="371523632" visible="true" version="1" changeset="381215" timestamp="2009-04-10T14:47:48Z" user="Crid" uid="7221" lat="51.1669940" lon="1.1954464"/>
 <node id="371523634" visible="true" version="1" changeset="381215" timestamp="2009-04-10T14:47:48Z" user="Crid" uid="7221" lat="51.1735541" lon="1.1917095"/>
 <node id="371523637" visible="true" version="1" changeset="381215" timestamp="2009-04-10T14:47:48Z" user="Crid" uid="7221" lat="51.1729979" lon="1.1919581"/>
 <node id="371523640" visible="true" version="1" changeset="381215" timestamp="2009-04-10T14:47:49Z" user="Crid" uid="7221" lat="51.1712757" lon="1.1933019"/>
 <node id="371523643" visible="true" version="1" changeset="381215" timestamp="2009-04-10T14:47:49Z" user="Crid" uid="7221" lat="51.1717937" lon="1.1927677"/>
 <node id="371523645" visible="true" version="1" changeset="381215" timestamp="2009-04-10T14:47:50Z" user="Crid" uid="7221" lat="51.1718598" lon="1.1926816"/>
 <node id="371523650" visible="true" version="1" changeset="381215" timestamp="2009-04-10T14:47:50Z" user="Crid" uid="7221" lat="51.1721142" lon="1.1924973"/>
 <node id="371523651" visible="true" version="2" changeset="157307184" timestamp="2024-09-30T17:02:12Z" user="Palgrave Peter" uid="11471297" lat="51.1668279" lon="1.1958093"/>
 <node id="371523654" visible="true" version="2" changeset="157307184" timestamp="2024-09-30T17:02:12Z" user="Palgrave Peter" uid="11471297" lat="51.1669653" lon="1.1956323"/>
 <node id="371523656" visible="true" version="2" changeset="157307184" timestamp="2024-09-30T17:02:12Z" user="Palgrave Peter" uid="11471297" lat="51.1650747" lon="1.1940636"/>
 <node id="371523659" visible="true" version="2" changeset="6840422" timestamp="2011-01-02T17:16:28Z" user="TimSC_Data_CC0_To_Andy_Allan" uid="6809" lat="51.1679297" lon="1.1897789"/>
 <node id="371523661" visible="true" version="2" changeset="6840422" timestamp="2011-01-02T17:16:34Z" user="TimSC_Data_CC0_To_Andy_Allan" uid="6809" lat="51.1678401" lon="1.1916629"/>
 <node id="371523664" visible="true" version="2" changeset="6840422" timestamp="2011-01-02T17:16:32Z" user="TimSC_Data_CC0_To_Andy_Allan" uid="6809" lat="51.1664825" lon="1.1914939"/>
 <node id="371523666" visible="true" version="2" changeset="6840422" timestamp="2011-01-02T17:16:40Z" user="TimSC_Data_CC0_To_Andy_Allan" uid="6809" lat="51.1666340" lon="1.1891952"/>
 <node id="371523670" visible="true" version="1" changeset="381215" timestamp="2009-04-10T14:47:52Z" user="Crid" uid="7221" lat="51.1669741" lon="1.1952000"/>
 <node id="371523673" visible="true" version="1" changeset="381215" timestamp="2009-04-10T14:47:52Z" user="Crid" uid="7221" lat="51.1668556" lon="1.1949025"/>
 <node id="371523675" visible="true" version="1" changeset="381215" timestamp="2009-04-10T14:47:52Z" user="Crid" uid="7221" lat="51.1664590" lon="1.1945941"/>
 <node id="371523677" visible="true" version="1" changeset="381215" timestamp="2009-04-10T14:47:52Z" user="Crid" uid="7221" lat="51.1662414" lon="1.1945886"/>
 <node id="371523681" visible="true" version="1" changeset="381215" timestamp="2009-04-10T14:47:52Z" user="Crid" uid="7221" lat="51.1660789" lon="1.1945693"/>
 <node id="371523683" visible="true" version="1" changeset="381215" timestamp="2009-04-10T14:47:53Z" user="Crid" uid="7221" lat="51.1658971" lon="1.1945280"/>
 <node id="371523687" visible="true" version="1" changeset="381215" timestamp="2009-04-10T14:47:53Z" user="Crid" uid="7221" lat="51.1655556" lon="1.1944233"/>
 <node id="371523689" visible="true" version="1" changeset="381215" timestamp="2009-04-10T14:47:53Z" user="Crid" uid="7221" lat="51.1652168" lon="1.1943682"/>
 <node id="371523693" visible="true" version="1" changeset="381215" timestamp="2009-04-10T14:47:53Z" user="Crid" uid="7221" lat="51.1649193" lon="1.1943517"/>
 <node id="371523696" visible="true" version="1" changeset="381215" timestamp="2009-04-10T14:47:54Z" user="Crid" uid="7221" lat="51.1647127" lon="1.1942746"/>
 <node id="371523699" visible="true" version="1" changeset="381215" timestamp="2009-04-10T14:47:54Z" user="Crid" uid="7221" lat="51.1644841" lon="1.1942443"/>
 <node id="371523702" visible="true" version="1" changeset="381215" timestamp="2009-04-10T14:47:54Z" user="Crid" uid="7221" lat="51.1641343" lon="1.1940156"/>
 <node id="371523704" visible="true" version="1" changeset="381215" timestamp="2009-04-10T14:47:54Z" user="Crid" uid="7221" lat="51.1636991" lon="1.1937788"/>
 <node id="371523706" visible="true" version="1" changeset="381215" timestamp="2009-04-10T14:47:54Z" user="Crid" uid="7221" lat="51.1633466" lon="1.1936658"/>
 <node id="371523710" visible="true" version="1" changeset="381215" timestamp="2009-04-10T14:47:54Z" user="Crid" uid="7221" lat="51.1631097" lon="1.1934593"/>
 <node id="371523712" visible="true" version="1" changeset="381215" timestamp="2009-04-10T14:47:54Z" user="Crid" uid="7221" lat="51.1629114" lon="1.1933491"/>
 <node id="371523714" visible="true" version="1" changeset="381215" timestamp="2009-04-10T14:47:55Z" user="Crid" uid="7221" lat="51.1627048" lon="1.1932885"/>
 <node id="371523717" visible="true" version="1" changeset="381215" timestamp="2009-04-10T14:47:55Z" user="Crid" uid="7221" lat="51.1626332" lon="1.1931921"/>
 <node id="371523720" visible="true" version="1" changeset="381215" timestamp="2009-04-10T14:47:55Z" user="Crid" uid="7221" lat="51.1625809" lon="1.1930709"/>
 <node id="371523723" visible="true" version="1" changeset="381215" timestamp="2009-04-10T14:47:55Z" user="Crid" uid="7221" lat="51.1624073" lon="1.1929056"/>
 <node id="371523725" visible="true" version="1" changeset="381215" timestamp="2009-04-10T14:47:55Z" user="Crid" uid="7221" lat="51.1617270" lon="1.1923851"/>
 <node id="371523728" visible="true" version="1" changeset="381215" timestamp="2009-04-10T14:47:55Z" user="Crid" uid="7221" lat="51.1613689" lon="1.1921620"/>
 <node id="371523730" visible="true" version="1" changeset="381215" timestamp="2009-04-10T14:47:55Z" user="Crid" uid="7221" lat="51.1611844" lon="1.1920683"/>
 <node id="371523734" visible="true" version="1" changeset="381215" timestamp="2009-04-10T14:47:56Z" user="Crid" uid="7221" lat="51.1608594" lon="1.1917901"/>
 <node id="371523735" visible="true" version="1" changeset="381215" timestamp="2009-04-10T14:47:56Z" user="Crid" uid="7221" lat="51.1606693" lon="1.1916469"/>
 <node id="371523738" visible="true" version="1" changeset="381215" timestamp="2009-04-10T14:47:56Z" user="Crid" uid="7221" lat="51.1605509" lon="1.1915092"/>
 <node id="371523742" visible="true" version="1" changeset="381215" timestamp="2009-04-10T14:47:56Z" user="Crid" uid="7221" lat="51.1604104" lon="1.1912503"/>
 <node id="371523747" visible="true" version="1" changeset="381215" timestamp="2009-04-10T14:47:56Z" user="Crid" uid="7221" lat="51.1601322" lon="1.1910244"/>
 <node id="371523751" visible="true" version="1" changeset="381215" timestamp="2009-04-10T14:47:56Z" user="Crid" uid="7221" lat="51.1599119" lon="1.1907820"/>
 <node id="371523756" visible="true" version="1" changeset="381215" timestamp="2009-04-10T14:47:57Z" user="Crid" uid="7221" lat="51.1597383" lon="1.1906195"/>
 <node id="371523759" visible="true" version="1" changeset="381215" timestamp="2009-04-10T14:47:57Z" user="Crid" uid="7221" lat="51.1595814" lon="1.1904901"/>
 <node id="371523762" visible="true" version="1" changeset="381215" timestamp="2009-04-10T14:47:57Z" user="Crid" uid="7221" lat="51.1592315" lon="1.1901182"/>
 <node id="371523765" visible="true" version="1" changeset="381215" timestamp="2009-04-10T14:47:57Z" user="Crid" uid="7221" lat="51.1589644" lon="1.1899612"/>
 <node id="371523768" visible="true" version="2" changeset="1446589" timestamp="2009-06-07T11:24:33Z" user="Crid" uid="7221" lat="51.1589148" lon="1.1898303"/>
 <node id="371523773" visible="true" version="2" changeset="1446589" timestamp="2009-06-07T11:24:33Z" user="Crid" uid="7221" lat="51.1588770" lon="1.1896397"/>
 <node id="371523775" visible="true" version="1" changeset="381215" timestamp="2009-04-10T14:47:58Z" user="Crid" uid="7221" lat="51.1587688" lon="1.1891927"/>
 <node id="371523779" visible="true" version="1" changeset="381215" timestamp="2009-04-10T14:47:59Z" user="Crid" uid="7221" lat="51.1587110" lon="1.1888953"/>
 <node id="371523783" visible="true" version="1" changeset="381215" timestamp="2009-04-10T14:47:59Z" user="Crid" uid="7221" lat="51.1585980" lon="1.1884298"/>
 <node id="371523787" visible="true" version="1" changeset="381215" timestamp="2009-04-10T14:47:59Z" user="Crid" uid="7221" lat="51.1585512" lon="1.1880855"/>
 <node id="371523791" visible="true" version="1" changeset="381215" timestamp="2009-04-10T14:47:59Z" user="Crid" uid="7221" lat="51.1584493" lon="1.1868460"/>
 <node id="371523795" visible="true" version="2" changeset="1446589" timestamp="2009-06-07T11:24:32Z" user="Crid" uid="7221" lat="51.1584349" lon="1.1863247"/>
 <node id="371523802" visible="true" version="2" changeset="1446589" timestamp="2009-06-07T11:24:32Z" user="Crid" uid="7221" lat="51.1584391" lon="1.1857418"/>
 <node id="371523808" visible="true" version="2" changeset="1446589" timestamp="2009-06-07T11:24:32Z" user="Crid" uid="7221" lat="51.1583329" lon="1.1849428"/>
 <node id="371523813" visible="true" version="1" changeset="381215" timestamp="2009-04-10T14:48:01Z" user="Crid" uid="7221" lat="51.1581381" lon="1.1838988"/>
 <node id="371523817" visible="true" version="1" changeset="381215" timestamp="2009-04-10T14:48:01Z" user="Crid" uid="7221" lat="51.1579287" lon="1.1830836"/>
 <node id="371523822" visible="true" version="2" changeset="1446589" timestamp="2009-06-07T11:24:32Z" user="Crid" uid="7221" lat="51.1577753" lon="1.1825266"/>
 <node id="371523863" visible="true" version="2" changeset="157307184" timestamp="2024-09-30T17:02:12Z" user="Palgrave Peter" uid="11471297" lat="51.1663311" lon="1.1958795"/>
 <node id="371523868" visible="true" version="1" changeset="381215" timestamp="2009-04-10T14:48:05Z" user="Crid" uid="7221" lat="51.1713328" lon="1.1934520"/>
 <node id="371523872" visible="true" version="1" changeset="381215" timestamp="2009-04-10T14:48:06Z" user="Crid" uid="7221" lat="51.1691480" lon="1.1952223"/>
 <node id="371523874" visible="true" version="1" changeset="381215" timestamp="2009-04-10T14:48:06Z" user="Crid" uid="7221" lat="51.1692257" lon="1.1953620"/>
 <node id="371523877" visible="true" version="1" changeset="381215" timestamp="2009-04-10T14:48:06Z" user="Crid" uid="7221" lat="51.1708038" lon="1.1937968"/>
 <node id="371523879" visible="true" version="1" changeset="381215" timestamp="2009-04-10T14:48:07Z" user="Crid" uid="7221" lat="51.1701752" lon="1.1943401"/>
 <node id="371523882" visible="true" version="1" changeset="381215" timestamp="2009-04-10T14:48:07Z" user="Crid" uid="7221" lat="51.1699294" lon="1.1946014"/>
 <node id="371523884" visible="true" version="1" changeset="381215" timestamp="2009-04-10T14:48:07Z" user="Crid" uid="7221" lat="51.1694249" lon="1.1950257"/>
 <node id="371523888" visible="true" version="1" changeset="381215" timestamp="2009-04-10T14:48:07Z" user="Crid" uid="7221" lat="51.1696784" lon="1.1949817"/>
 <node id="371523889" visible="true" version="2" changeset="413791" timestamp="2009-04-11T12:42:25Z" user="Crid" uid="7221" lat="51.1706103" lon="1.1921464"/>
 <node id="371523892" visible="true" version="2" changeset="413791" timestamp="2009-04-11T12:42:25Z" user="Crid" uid="7221" lat="51.1713983" lon="1.1937214"/>
 <node id="372519533" visible="true" version="3" changeset="1446589" timestamp="2009-06-07T11:24:34Z" user="Crid" uid="7221" lat="51.1657954" lon="1.1736445"/>
 <node id="372519543" visible="true" version="2" changeset="1446589" timestamp="2009-06-07T11:24:34Z" user="Crid" uid="7221" lat="51.1643581" lon="1.1741063"/>
 <node id="372519556" visible="true" version="2" changeset="1446589" timestamp="2009-06-07T11:24:34Z" user="Crid" uid="7221" lat="51.1641218" lon="1.1742392"/>
 <node id="372519610" visible="true" version="1" changeset="413791" timestamp="2009-04-11T12:41:04Z" user="Crid" uid="7221" lat="51.1638943" lon="1.1744910"/>
 <node id="372519616" visible="true" version="1" changeset="413791" timestamp="2009-04-11T12:41:05Z" user="Crid" uid="7221" lat="51.1637376" lon="1.1746791"/>
 <node id="372519624" visible="true" version="1" changeset="413791" timestamp="2009-04-11T12:41:05Z" user="Crid" uid="7221" lat="51.1632161" lon="1.1754598"/>
 <node id="372519630" visible="true" version="1" changeset="413791" timestamp="2009-04-11T12:41:05Z" user="Crid" uid="7221" lat="51.1631078" lon="1.1755881"/>
 <node id="372519638" visible="true" version="1" changeset="413791" timestamp="2009-04-11T12:41:06Z" user="Crid" uid="7221" lat="51.1629625" lon="1.1758502"/>
 <node id="372520103" visible="true" version="3" changeset="1446589" timestamp="2009-06-07T11:24:31Z" user="Crid" uid="7221" lat="51.1647626" lon="1.1739567"/>
 <node id="372520135" visible="true" version="1" changeset="413791" timestamp="2009-04-11T12:41:34Z" user="Crid" uid="7221" lat="51.1659266" lon="1.1807165"/>
 <node id="372520141" visible="true" version="1" changeset="413791" timestamp="2009-04-11T12:41:34Z" user="Crid" uid="7221" lat="51.1676268" lon="1.1832469"/>
 <node id="372520149" visible="true" version="1" changeset="413791" timestamp="2009-04-11T12:41:35Z" user="Crid" uid="7221" lat="51.1681496" lon="1.1840834"/>
 <node id="372520153" visible="true" version="1" changeset="413791" timestamp="2009-04-11T12:41:35Z" user="Crid" uid="7221" lat="51.1681201" lon="1.1842332"/>
 <node id="372520159" visible="true" version="2" changeset="6327723" timestamp="2010-11-09T12:55:04Z" user="xylome" uid="2680" lat="51.1681223" lon="1.1845863">
  <tag k="barrier" v="gate"/>
 </node>
 <node id="372520164" visible="true" version="7" changeset="81609010" timestamp="2020-02-28T22:31:29Z" user="DaveF" uid="115894" lat="51.1686998" lon="1.1834008">
  <tag k="barrier" v="stile"/>
 </node>
 <node id="372520171" visible="true" version="2" changeset="1446589" timestamp="2009-06-07T11:24:31Z" user="Crid" uid="7221" lat="51.1688885" lon="1.1831556"/>
 <node id="372520178" visible="true" version="1" changeset="413791" timestamp="2009-04-11T12:41:37Z" user="Crid" uid="7221" lat="51.1714861" lon="1.1938709"/>
 <node id="372520185" visible="true" version="1" changeset="413791" timestamp="2009-04-11T12:41:37Z" user="Crid" uid="7221" lat="51.1716138" lon="1.1942133"/>
 <node id="372520193" visible="true" version="1" changeset="413791" timestamp="2009-04-11T12:41:37Z" user="Crid" uid="7221" lat="51.1717577" lon="1.1945174"/>
 <node id="372520200" visible="true" version="1" changeset="413791" timestamp="2009-04-11T12:41:38Z" user="Crid" uid="7221" lat="51.1718645" lon="1.1948633"/>
 <node id="372520209" visible="true" version="1" changeset="413791" timestamp="2009-04-11T12:41:38Z" user="Crid" uid="7221" lat="51.1719330" lon="1.1952208"/>
 <node id="372520217" visible="true" version="1" changeset="413791" timestamp="2009-04-11T12:41:38Z" user="Crid" uid="7221" lat="51.1719864" lon="1.1953879"/>
 <node id="372520222" visible="true" version="1" changeset="413791" timestamp="2009-04-11T12:41:39Z" user="Crid" uid="7221" lat="51.1720700" lon="1.1956387"/>
 <node id="372520229" visible="true" version="1" changeset="413791" timestamp="2009-04-11T12:41:39Z" user="Crid" uid="7221" lat="51.1721350" lon="1.1958847"/>
 <node id="372520234" visible="true" version="1" changeset="413791" timestamp="2009-04-11T12:41:39Z" user="Crid" uid="7221" lat="51.1721930" lon="1.1961331"/>
 <node id="372520243" visible="true" version="1" changeset="413791" timestamp="2009-04-11T12:41:39Z" user="Crid" uid="7221" lat="51.1722905" lon="1.1964872"/>
 <node id="372520250" visible="true" version="1" changeset="413791" timestamp="2009-04-11T12:41:40Z" user="Crid" uid="7221" lat="51.1724089" lon="1.1968714"/>
 <node id="372520257" visible="true" version="1" changeset="413791" timestamp="2009-04-11T12:41:40Z" user="Crid" uid="7221" lat="51.1724426" lon="1.1969874"/>
 <node id="372520262" visible="true" version="1" changeset="413791" timestamp="2009-04-11T12:41:40Z" user="Crid" uid="7221" lat="51.1724867" lon="1.1970803"/>
 <node id="372520269" visible="true" version="1" changeset="413791" timestamp="2009-04-11T12:41:41Z" user="Crid" uid="7221" lat="51.1726318" lon="1.1975957"/>
 <node id="372520278" visible="true" version="1" changeset="413791" timestamp="2009-04-11T12:41:41Z" user="Crid" uid="7221" lat="51.1728233" lon="1.1981586"/>
 <node id="372520282" visible="true" version="1" changeset="413791" timestamp="2009-04-11T12:41:42Z" user="Crid" uid="7221" lat="51.1717851" lon="1.1945161"/>
 <node id="372520289" visible="true" version="1" changeset="413791" timestamp="2009-04-11T12:41:42Z" user="Crid" uid="7221" lat="51.1701291" lon="1.1912818"/>
 <node id="372520295" visible="true" version="1" changeset="413791" timestamp="2009-04-11T12:41:42Z" user="Crid" uid="7221" lat="51.1698870" lon="1.1908122"/>
 <node id="372520300" visible="true" version="2" changeset="6327723" timestamp="2010-11-09T12:55:05Z" user="xylome" uid="2680" lat="51.1698401" lon="1.1906984">
  <tag k="barrier" v="gate"/>
 </node>
 <node id="372520306" visible="true" version="1" changeset="413791" timestamp="2009-04-11T12:41:42Z" user="Crid" uid="7221" lat="51.1696710" lon="1.1903869"/>
 <node id="372520313" visible="true" version="1" changeset="413791" timestamp="2009-04-11T12:41:43Z" user="Crid" uid="7221" lat="51.1694000" lon="1.1898508"/>
 <node id="372520320" visible="true" version="1" changeset="413791" timestamp="2009-04-11T12:41:43Z" user="Crid" uid="7221" lat="51.1693088" lon="1.1896444"/>
 <node id="372520325" visible="true" version="1" changeset="413791" timestamp="2009-04-11T12:41:43Z" user="Crid" uid="7221" lat="51.1692144" lon="1.1894812"/>
 <node id="372520332" visible="true" version="1" changeset="413791" timestamp="2009-04-11T12:41:43Z" user="Crid" uid="7221" lat="51.1691120" lon="1.1892796"/>
 <node id="372520337" visible="true" version="1" changeset="413791" timestamp="2009-04-11T12:41:44Z" user="Crid" uid="7221" lat="51.1690224" lon="1.1891564"/>
 <node id="372520343" visible="true" version="1" changeset="413791" timestamp="2009-04-11T12:41:44Z" user="Crid" uid="7221" lat="51.1689648" lon="1.1890139"/>
 <node id="372520348" visible="true" version="1" changeset="413791" timestamp="2009-04-11T12:41:44Z" user="Crid" uid="7221" lat="51.1688896" lon="1.1887387"/>
 <node id="372520354" visible="true" version="1" changeset="413791" timestamp="2009-04-11T12:41:45Z" user="Crid" uid="7221" lat="51.1687568" lon="1.1883307"/>
 <node id="372520359" visible="true" version="1" changeset="413791" timestamp="2009-04-11T12:41:45Z" user="Crid" uid="7221" lat="51.1686400" lon="1.1878538"/>
 <node id="372520365" visible="true" version="1" changeset="413791" timestamp="2009-04-11T12:41:45Z" user="Crid" uid="7221" lat="51.1684623" lon="1.1872313"/>
 <node id="372520371" visible="true" version="1" changeset="413791" timestamp="2009-04-11T12:41:45Z" user="Crid" uid="7221" lat="51.1683727" lon="1.1868729"/>
 <node id="372520379" visible="true" version="1" changeset="413791" timestamp="2009-04-11T12:41:45Z" user="Crid" uid="7221" lat="51.1683151" lon="1.1867161"/>
 <node id="372520387" visible="true" version="1" changeset="413791" timestamp="2009-04-11T12:41:46Z" user="Crid" uid="7221" lat="51.1681855" lon="1.1862568"/>
 <node id="372520391" visible="true" version="1" changeset="413791" timestamp="2009-04-11T12:41:46Z" user="Crid" uid="7221" lat="51.1681247" lon="1.1859960"/>
 <node id="372520397" visible="true" version="2" changeset="6327723" timestamp="2010-11-09T12:55:08Z" user="xylome" uid="2680" lat="51.1681231" lon="1.1858648">
  <tag k="barrier" v="gate"/>
 </node>
 <node id="372520402" visible="true" version="1" changeset="413791" timestamp="2009-04-11T12:41:47Z" user="Crid" uid="7221" lat="51.1681343" lon="1.1851591"/>
 <node id="372520409" visible="true" version="1" changeset="413791" timestamp="2009-04-11T12:41:47Z" user="Crid" uid="7221" lat="51.1681535" lon="1.1848919"/>
 <node id="372520416" visible="true" version="1" changeset="413791" timestamp="2009-04-11T12:41:47Z" user="Crid" uid="7221" lat="51.1743010" lon="1.1973334"/>
 <node id="372520436" visible="true" version="2" changeset="150893420" timestamp="2024-05-04T18:39:52Z" user="mapboy63" uid="12340839" lat="51.1757105" lon="1.1963077"/>
 <node id="372520464" visible="true" version="2" changeset="150893420" timestamp="2024-05-04T18:39:52Z" user="mapboy63" uid="12340839" lat="51.1761831" lon="1.1964801"/>
 <node id="372520513" visible="true" version="2" changeset="150893420" timestamp="2024-05-04T18:39:52Z" user="mapboy63" uid="12340839" lat="51.1774532" lon="1.1950118"/>
 <node id="372520531" visible="true" version="2" changeset="150893420" timestamp="2024-05-04T18:39:52Z" user="mapboy63" uid="12340839" lat="51.1781849" lon="1.1938757"/>
 <node id="372520537" visible="true" version="2" changeset="150893420" timestamp="2024-05-04T18:39:52Z" user="mapboy63" uid="12340839" lat="51.1782150" lon="1.1938282"/>
 <node id="372520548" visible="true" version="1" changeset="413791" timestamp="2009-04-11T12:41:52Z" user="Crid" uid="7221" lat="51.1783853" lon="1.1934226"/>
 <node id="372520564" visible="true" version="1" changeset="413791" timestamp="2009-04-11T12:41:52Z" user="Crid" uid="7221" lat="51.1784902" lon="1.1923184"/>
 <node id="372520576" visible="true" version="1" changeset="413791" timestamp="2009-04-11T12:41:53Z" user="Crid" uid="7221" lat="51.1786761" lon="1.1917058"/>
 <node id="372520605" visible="true" version="1" changeset="413791" timestamp="2009-04-11T12:41:54Z" user="Crid" uid="7221" lat="51.1795548" lon="1.1892646"/>
 <node id="372520623" visible="true" version="1" changeset="413791" timestamp="2009-04-11T12:41:54Z" user="Crid" uid="7221" lat="51.1803563" lon="1.1876716"/>
 <node id="372520660" visible="true" version="1" changeset="413791" timestamp="2009-04-11T12:41:57Z" user="Crid" uid="7221" lat="51.1808600" lon="1.1869766"/>
 <node id="372520693" visible="true" version="1" changeset="413791" timestamp="2009-04-11T12:41:59Z" user="Crid" uid="7221" lat="51.1815162" lon="1.1864053"/>
 <node id="372520736" visible="true" version="1" changeset="413791" timestamp="2009-04-11T12:42:01Z" user="Crid" uid="7221" lat="51.1825062" lon="1.1856787"/>
 <node id="372520815" visible="true" version="1" changeset="413791" timestamp="2009-04-11T12:42:04Z" user="Crid" uid="7221" lat="51.1827235" lon="1.1855765"/>
 <node id="372520832" visible="true" version="1" changeset="413791" timestamp="2009-04-11T12:42:05Z" user="Crid" uid="7221" lat="51.1784139" lon="1.1934344"/>
 <node id="372520839" visible="true" version="1" changeset="413791" timestamp="2009-04-11T12:42:05Z" user="Crid" uid="7221" lat="51.1784605" lon="1.1929582"/>
 <node id="372520842" visible="true" version="1" changeset="413791" timestamp="2009-04-11T12:42:06Z" user="Crid" uid="7221" lat="51.1785187" lon="1.1923351"/>
 <node id="372520851" visible="true" version="2" changeset="157329057" timestamp="2024-10-01T09:12:10Z" user="Palgrave Peter" uid="11471297" lat="51.1799576" lon="1.1884641"/>
 <node id="372520855" visible="true" version="2" changeset="157329057" timestamp="2024-10-01T09:12:10Z" user="Palgrave Peter" uid="11471297" lat="51.1805190" lon="1.1871188"/>
 <node id="372520862" visible="true" version="1" changeset="413791" timestamp="2009-04-11T12:42:06Z" user="Crid" uid="7221" lat="51.1779762" lon="1.1935685"/>
 <node id="372520868" visible="true" version="1" changeset="413791" timestamp="2009-04-11T12:42:07Z" user="Crid" uid="7221" lat="51.1786995" lon="1.1917216"/>
 <node id="372520921" visible="true" version="1" changeset="413791" timestamp="2009-04-11T12:42:10Z" user="Crid" uid="7221" lat="51.1790449" lon="1.1909015"/>
 <node id="372520926" visible="true" version="1" changeset="413791" timestamp="2009-04-11T12:42:10Z" user="Crid" uid="7221" lat="51.1794098" lon="1.1898231"/>
 <node id="372520929" visible="true" version="1" changeset="413791" timestamp="2009-04-11T12:42:10Z" user="Crid" uid="7221" lat="51.1795680" lon="1.1893065"/>
 <node id="372520933" visible="true" version="1" changeset="413791" timestamp="2009-04-11T12:42:10Z" user="Crid" uid="7221" lat="51.1814386" lon="1.1811783"/>
 <node id="372520940" visible="true" version="2" changeset="6327723" timestamp="2010-11-09T12:55:09Z" user="xylome" uid="2680" lat="51.1813481" lon="1.1811728">
  <tag k="barrier" v="gate"/>
 </node>
 <node id="372520946" visible="true" version="1" changeset="413791" timestamp="2009-04-11T12:42:11Z" user="Crid" uid="7221" lat="51.1813028" lon="1.1811516"/>
 <node id="372520951" visible="true" version="1" changeset="413791" timestamp="2009-04-11T12:42:11Z" user="Crid" uid="7221" lat="51.1811766" lon="1.1811128"/>
 <node id="372520955" visible="true" version="1" changeset="413791" timestamp="2009-04-11T12:42:12Z" user="Crid" uid="7221" lat="51.1809922" lon="1.1811274"/>
 <node id="372520957" visible="true" version="1" changeset="413791" timestamp="2009-04-11T12:42:12Z" user="Crid" uid="7221" lat="51.1808272" lon="1.1810813"/>
 <node id="372520961" visible="true" version="1" changeset="413791" timestamp="2009-04-11T12:42:12Z" user="Crid" uid="7221" lat="51.1807374" lon="1.1811152"/>
 <node id="372520966" visible="true" version="1" changeset="413791" timestamp="2009-04-11T12:42:12Z" user="Crid" uid="7221" lat="51.1805506" lon="1.1813069"/>
 <node id="372520969" visible="true" version="1" changeset="413791" timestamp="2009-04-11T12:42:12Z" user="Crid" uid="7221" lat="51.1813307" lon="1.1811653"/>
 <node id="372520974" visible="true" version="6" changeset="81609010" timestamp="2020-02-28T22:31:29Z" user="DaveF" uid="115894" lat="51.1813458" lon="1.1811892">
  <tag k="barrier" v="stile"/>
 </node>
 <node id="372520978" visible="true" version="1" changeset="413791" timestamp="2009-04-11T12:42:13Z" user="Crid" uid="7221" lat="51.1813720" lon="1.1811741"/>
 <node id="372520983" visible="true" version="1" changeset="413791" timestamp="2009-04-11T12:42:13Z" user="Crid" uid="7221" lat="51.1779527" lon="1.1792993"/>
 <node id="372520986" visible="true" version="1" changeset="413791" timestamp="2009-04-11T12:42:13Z" user="Crid" uid="7221" lat="51.1781308" lon="1.1794774"/>
 <node id="372520988" visible="true" version="1" changeset="413791" timestamp="2009-04-11T12:42:13Z" user="Crid" uid="7221" lat="51.1797595" lon="1.1809625"/>
 <node id="372520993" visible="true" version="1" changeset="413791" timestamp="2009-04-11T12:42:13Z" user="Crid" uid="7221" lat="51.1798877" lon="1.1811363"/>
 <node id="372520995" visible="true" version="1" changeset="413791" timestamp="2009-04-11T12:42:13Z" user="Crid" uid="7221" lat="51.1801840" lon="1.1814354"/>
 <node id="372520998" visible="true" version="1" changeset="413791" timestamp="2009-04-11T12:42:13Z" user="Crid" uid="7221" lat="51.1803634" lon="1.1814838"/>
 <node id="376728054" visible="true" version="1" changeset="559783" timestamp="2009-04-15T17:04:35Z" user="Crid" uid="7221" lat="51.1645808" lon="1.2117741"/>
 <node id="376728174" visible="true" version="1" changeset="559783" timestamp="2009-04-15T17:04:40Z" user="Crid" uid="7221" lat="51.1647598" lon="1.2116099"/>
 <node id="376728352" visible="true" version="1" changeset="559783" timestamp="2009-04-15T17:04:45Z" user="Crid" uid="7221" lat="51.1591742" lon="1.2070215"/>
 <node id="376728362" visible="true" version="1" changeset="559783" timestamp="2009-04-15T17:04:46Z" user="Crid" uid="7221" lat="51.1599817" lon="1.2056543"/>
 <node id="376728395" visible="true" version="2" changeset="559783" timestamp="2009-04-15T17:23:25Z" user="Crid" uid="7221" lat="51.1623857" lon="1.2019473"/>
 <node id="376728402" visible="true" version="1" changeset="559783" timestamp="2009-04-15T17:04:47Z" user="Crid" uid="7221" lat="51.1648656" lon="1.2020916"/>
 <node id="376728413" visible="true" version="1" changeset="559783" timestamp="2009-04-15T17:04:47Z" user="Crid" uid="7221" lat="51.1658480" lon="1.2021583"/>
 <node id="376728422" visible="true" version="1" changeset="559783" timestamp="2009-04-15T17:04:48Z" user="Crid" uid="7221" lat="51.1659973" lon="1.2022031"/>
 <node id="376728440" visible="true" version="1" changeset="559783" timestamp="2009-04-15T17:04:49Z" user="Crid" uid="7221" lat="51.1660123" lon="1.2021471"/>
 <node id="376728449" visible="true" version="1" changeset="559783" timestamp="2009-04-15T17:04:49Z" user="Crid" uid="7221" lat="51.1664489" lon="1.2022666"/>
 <node id="376728459" visible="true" version="1" changeset="559783" timestamp="2009-04-15T17:04:49Z" user="Crid" uid="7221" lat="51.1675089" lon="1.2026249"/>
 <node id="376728471" visible="true" version="1" changeset="559783" timestamp="2009-04-15T17:04:50Z" user="Crid" uid="7221" lat="51.1676544" lon="1.2025950"/>
 <node id="376728482" visible="true" version="1" changeset="559783" timestamp="2009-04-15T17:04:51Z" user="Crid" uid="7221" lat="51.1677291" lon="1.2024233"/>
 <node id="376728494" visible="true" version="1" changeset="559783" timestamp="2009-04-15T17:04:51Z" user="Crid" uid="7221" lat="51.1677925" lon="1.2020240"/>
 <node id="376728511" visible="true" version="1" changeset="559783" timestamp="2009-04-15T17:04:52Z" user="Crid" uid="7221" lat="51.1681321" lon="1.2012813"/>
 <node id="376728522" visible="true" version="1" changeset="559783" timestamp="2009-04-15T17:04:53Z" user="Crid" uid="7221" lat="51.1687144" lon="1.2003781"/>
 <node id="376728530" visible="true" version="1" changeset="559783" timestamp="2009-04-15T17:04:54Z" user="Crid" uid="7221" lat="51.1688823" lon="1.2003482"/>
 <node id="376728546" visible="true" version="1" changeset="559783" timestamp="2009-04-15T17:04:54Z" user="Crid" uid="7221" lat="51.1691958" lon="1.2005572"/>
 <node id="376728563" visible="true" version="1" changeset="559783" timestamp="2009-04-15T17:04:55Z" user="Crid" uid="7221" lat="51.1696101" lon="1.2007401"/>
 <node id="376728575" visible="true" version="7" changeset="81609010" timestamp="2020-02-28T22:31:29Z" user="DaveF" uid="115894" lat="51.1698564" lon="1.2009081">
  <tag k="barrier" v="stile"/>
 </node>
 <node id="376728589" visible="true" version="1" changeset="559783" timestamp="2009-04-15T17:04:57Z" user="Crid" uid="7221" lat="51.1701363" lon="1.2010685"/>
 <node id="376728604" visible="true" version="1" changeset="559783" timestamp="2009-04-15T17:04:58Z" user="Crid" uid="7221" lat="51.1703229" lon="1.2010909"/>
 <node id="376728618" visible="true" version="1" changeset="559783" timestamp="2009-04-15T17:04:58Z" user="Crid" uid="7221" lat="51.1706887" lon="1.2010051"/>
 <node id="376728629" visible="true" version="1" changeset="559783" timestamp="2009-04-15T17:04:59Z" user="Crid" uid="7221" lat="51.1709238" lon="1.2010349"/>
 <node id="376728642" visible="true" version="1" changeset="559783" timestamp="2009-04-15T17:05:00Z" user="Crid" uid="7221" lat="51.1714874" lon="1.2011842"/>
 <node id="376728655" visible="true" version="1" changeset="559783" timestamp="2009-04-15T17:05:01Z" user="Crid" uid="7221" lat="51.1716180" lon="1.2011992"/>
 <node id="376728667" visible="true" version="1" changeset="559783" timestamp="2009-04-15T17:05:02Z" user="Crid" uid="7221" lat="51.1718979" lon="1.2012775"/>
 <node id="376728680" visible="true" version="1" changeset="559783" timestamp="2009-04-15T17:05:03Z" user="Crid" uid="7221" lat="51.1720472" lon="1.2013522"/>
 <node id="376728702" visible="true" version="2" changeset="6327723" timestamp="2010-11-09T12:56:24Z" user="xylome" uid="2680" lat="51.1722599" lon="1.2015649">
  <tag k="barrier" v="gate"/>
 </node>
 <node id="376728757" visible="true" version="1" changeset="559783" timestamp="2009-04-15T17:05:07Z" user="Crid" uid="7221" lat="51.1723497" lon="1.2017137"/>
 <node id="376728769" visible="true" version="2" changeset="137703490" timestamp="2023-06-23T21:15:37Z" user="TomJeffs" uid="6397757" lat="51.1733094" lon="1.2050316"/>
 <node id="376728809" visible="true" version="1" changeset="559783" timestamp="2009-04-15T17:05:09Z" user="Crid" uid="7221" lat="51.1724564" lon="1.2091469"/>
 <node id="376728822" visible="true" version="1" changeset="559783" timestamp="2009-04-15T17:05:10Z" user="Crid" uid="7221" lat="51.1723843" lon="1.2095379"/>
 <node id="376728834" visible="true" version="1" changeset="559783" timestamp="2009-04-15T17:05:11Z" user="Crid" uid="7221" lat="51.1723672" lon="1.2101759"/>
 <node id="376728853" visible="true" version="1" changeset="559783" timestamp="2009-04-15T17:05:11Z" user="Crid" uid="7221" lat="51.1721682" lon="1.2111707"/>
 <node id="376728875" visible="true" version="1" changeset="559783" timestamp="2009-04-15T17:05:12Z" user="Crid" uid="7221" lat="51.1719007" lon="1.2120934"/>
 <node id="376728891" visible="true" version="1" changeset="559783" timestamp="2009-04-15T17:05:12Z" user="Crid" uid="7221" lat="51.1717635" lon="1.2129715"/>
 <node id="376728904" visible="true" version="2" changeset="157303764" timestamp="2024-09-30T15:38:10Z" user="Palgrave Peter" uid="11471297" lat="51.1717894" lon="1.2129513"/>
 <node id="376728925" visible="true" version="1" changeset="559783" timestamp="2009-04-15T17:05:13Z" user="Crid" uid="7221" lat="51.1716469" lon="1.2137090"/>
 <node id="376728951" visible="true" version="1" changeset="559783" timestamp="2009-04-15T17:05:15Z" user="Crid" uid="7221" lat="51.1713896" lon="1.2151702"/>
 <node id="376728992" visible="true" version="1" changeset="559783" timestamp="2009-04-15T17:05:18Z" user="Crid" uid="7221" lat="51.1709334" lon="1.2162335"/>
 <node id="376729070" visible="true" version="1" changeset="559783" timestamp="2009-04-15T17:05:22Z" user="Crid" uid="7221" lat="51.1704223" lon="1.2181132"/>
 <node id="376729100" visible="true" version="1" changeset="559783" timestamp="2009-04-15T17:05:23Z" user="Crid" uid="7221" lat="51.1704669" lon="1.2185729"/>
 <node id="376729128" visible="true" version="1" changeset="559783" timestamp="2009-04-15T17:05:24Z" user="Crid" uid="7221" lat="51.1707550" lon="1.2187855"/>
 <node id="376729168" visible="true" version="1" changeset="559783" timestamp="2009-04-15T17:05:25Z" user="Crid" uid="7221" lat="51.1709813" lon="1.2191794"/>
 <node id="376750785" visible="true" version="1" changeset="559783" timestamp="2009-04-15T17:23:25Z" user="Crid" uid="7221" lat="51.1627323" lon="1.2019791"/>
 <node id="376750799" visible="true" version="1" changeset="559783" timestamp="2009-04-15T17:23:25Z" user="Crid" uid="7221" lat="51.1622654" lon="1.2021390"/>
 <node id="379578395" visible="true" version="7" changeset="81609010" timestamp="2020-02-28T22:31:29Z" user="DaveF" uid="115894" lat="51.1724633" lon="1.1788665">
  <tag k="barrier" v="stile"/>
 </node>
 <node id="379578409" visible="true" version="7" changeset="81609010" timestamp="2020-02-28T22:31:29Z" user="DaveF" uid="115894" lat="51.1720890" lon="1.1796628">
  <tag k="barrier" v="stile"/>
 </node>
 <node id="416873591" visible="true" version="1" changeset="1446589" timestamp="2009-06-07T11:24:28Z" user="Crid" uid="7221" lat="51.1584749" lon="1.1875249"/>
 <node id="416873592" visible="true" version="1" changeset="1446589" timestamp="2009-06-07T11:24:28Z" user="Crid" uid="7221" lat="51.1598049" lon="1.1890277"/>
 <node id="416873593" visible="true" version="1" changeset="1446589" timestamp="2009-06-07T11:24:28Z" user="Crid" uid="7221" lat="51.1611868" lon="1.1880224"/>
 <node id="416873594" visible="true" version="1" changeset="1446589" timestamp="2009-06-07T11:24:28Z" user="Crid" uid="7221" lat="51.1644012" lon="1.1857650"/>
 <node id="416873595" visible="true" version="1" changeset="1446589" timestamp="2009-06-07T11:24:28Z" user="Crid" uid="7221" lat="51.1653695" lon="1.1850699"/>
 <node id="416873596" visible="true" version="2" changeset="2759165" timestamp="2009-10-06T11:17:39Z" user="Crid" uid="7221" lat="51.1653916" lon="1.1850367">
  <tag k="barrier" v="stile"/>
 </node>
 <node id="416873597" visible="true" version="1" changeset="1446589" timestamp="2009-06-07T11:24:28Z" user="Crid" uid="7221" lat="51.1666332" lon="1.1840148"/>
 <node id="416873598" visible="true" version="2" changeset="2759165" timestamp="2009-10-06T11:17:39Z" user="Crid" uid="7221" lat="51.1680200" lon="1.1838691">
  <tag k="barrier" v="gate"/>
 </node>
 <node id="416873600" visible="true" version="1" changeset="1446589" timestamp="2009-06-07T11:24:28Z" user="Crid" uid="7221" lat="51.1667408" lon="1.1842258"/>
 <node id="416873601" visible="true" version="2" changeset="2759165" timestamp="2009-10-06T11:17:39Z" user="Crid" uid="7221" lat="51.1636821" lon="1.1789504">
  <tag k="barrier" v="stile"/>
 </node>
 <node id="416873602" visible="true" version="2" changeset="2759165" timestamp="2009-10-06T11:17:39Z" user="Crid" uid="7221" lat="51.1634532" lon="1.1784754">
  <tag k="barrier" v="stile"/>
 </node>
 <node id="416873605" visible="true" version="2" changeset="157307184" timestamp="2024-09-30T17:02:12Z" user="Palgrave Peter" uid="11471297" lat="51.1631235" lon="1.1779220"/>
 <node id="416873606" visible="true" version="1" changeset="1446589" timestamp="2009-06-07T11:24:28Z" user="Crid" uid="7221" lat="51.1629889" lon="1.1776126"/>
 <node id="416873607" visible="true" version="1" changeset="1446589" timestamp="2009-06-07T11:24:28Z" user="Crid" uid="7221" lat="51.1628717" lon="1.1772765"/>
 <node id="416873608" visible="true" version="2" changeset="2759165" timestamp="2009-10-06T11:17:38Z" user="Crid" uid="7221" lat="51.1627700" lon="1.1771770">
  <tag k="barrier" v="stile"/>
 </node>
 <node id="416873609" visible="true" version="1" changeset="1446589" timestamp="2009-06-07T11:24:28Z" user="Crid" uid="7221" lat="51.1626695" lon="1.1770529"/>
 <node id="416873610" visible="true" version="1" changeset="1446589" timestamp="2009-06-07T11:24:29Z" user="Crid" uid="7221" lat="51.1626224" lon="1.1770076"/>
 <node id="416873613" visible="true" version="3" changeset="157307184" timestamp="2024-09-30T17:02:12Z" user="Palgrave Peter" uid="11471297" lat="51.1672166" lon="1.1853464"/>
 <node id="416873614" visible="true" version="4" changeset="157329791" timestamp="2024-10-01T09:27:15Z" user="Palgrave Peter" uid="11471297" lat="51.1675733" lon="1.1866253"/>
 <node id="416873617" visible="true" version="1" changeset="1446589" timestamp="2009-06-07T11:24:29Z" user="Crid" uid="7221" lat="51.1691434" lon="1.1829409"/>
 <node id="416873618" visible="true" version="1" changeset="1446589" timestamp="2009-06-07T11:24:29Z" user="Crid" uid="7221" lat="51.1705485" lon="1.1818909"/>
 <node id="416873619" visible="true" version="1" changeset="1446589" timestamp="2009-06-07T11:24:29Z" user="Crid" uid="7221" lat="51.1708697" lon="1.1816744"/>
 <node id="416873620" visible="true" version="1" changeset="1446589" timestamp="2009-06-07T11:24:29Z" user="Crid" uid="7221" lat="51.1710452" lon="1.1815230"/>
 <node id="416873621" visible="true" version="7" changeset="157329057" timestamp="2024-10-01T09:12:10Z" user="Palgrave Peter" uid="11471297" lat="51.1710516" lon="1.1815211">
  <tag k="barrier" v="stile"/>
 </node>
 <node id="416873622" visible="true" version="1" changeset="1446589" timestamp="2009-06-07T11:24:29Z" user="Crid" uid="7221" lat="51.1711117" lon="1.1815456"/>
 <node id="416873623" visible="true" version="1" changeset="1446589" timestamp="2009-06-07T11:24:29Z" user="Crid" uid="7221" lat="51.1686920" lon="1.1833266"/>
 <node id="616704625" visible="true" version="3" changeset="45754015" timestamp="2017-02-02T17:30:43Z" user="kreuzschnabel" uid="2773866" lat="51.2066424" lon="1.1733403"/>
 <node id="671057321" visible="true" version="3" changeset="9059831" timestamp="2011-08-18T19:26:10Z" user="EdLoach" uid="57884" lat="51.1771875" lon="1.1476316"/>
 <node id="671057358" visible="true" version="2" changeset="4197034" timestamp="2010-03-21T21:33:43Z" user="IJMacD" uid="47487" lat="51.1885747" lon="1.1857649"/>
 <node id="769214534" visible="true" version="3" changeset="154356094" timestamp="2024-07-24T15:40:19Z" user="Palgrave Peter" uid="11471297" lat="51.1859696" lon="1.2273634"/>
 <node id="1057836725" visible="true" version="2" changeset="7852064" timestamp="2011-04-13T14:06:03Z" user="bahnpirat" uid="13203" lat="51.1544601" lon="1.1316469">
  <tag k="power" v="tower"/>
 </node>
 <node id="1057836726" visible="true" version="2" changeset="7852064" timestamp="2011-04-13T14:06:04Z" user="bahnpirat" uid="13203" lat="51.1493975" lon="1.1288603">
  <tag k="power" v="tower"/>
 </node>
 <node id="1057836727" visible="true" version="2" changeset="7852064" timestamp="2011-04-13T14:06:05Z" user="bahnpirat" uid="13203" lat="51.2061282" lon="1.2633940">
  <tag k="power" v="tower"/>
 </node>
 <node id="1057836728" visible="true" version="2" changeset="7852064" timestamp="2011-04-13T14:06:05Z" user="bahnpirat" uid="13203" lat="51.2457707" lon="1.2973293">
  <tag k="power" v="tower"/>
 </node>
 <node id="1057836730" visible="true" version="2" changeset="7852064" timestamp="2011-04-13T14:06:05Z" user="bahnpirat" uid="13203" lat="51.1264034" lon="1.1095747">
  <tag k="power" v="tower"/>
 </node>
 <node id="1057836731" visible="true" version="2" changeset="7852064" timestamp="2011-04-13T14:06:05Z" user="bahnpirat" uid="13203" lat="51.1671359" lon="1.1838602">
  <tag k="power" v="tower"/>
 </node>
 <node id="1057836733" visible="true" version="2" changeset="7852064" timestamp="2011-04-13T14:06:06Z" user="bahnpirat" uid="13203" lat="51.1719133" lon="1.2170478">
  <tag k="power" v="tower"/>
 </node>
 <node id="1057836734" visible="true" version="2" changeset="7852064" timestamp="2011-04-13T14:06:06Z" user="bahnpirat" uid="13203" lat="51.2198169" lon="1.2802272">
  <tag k="power" v="tower"/>
 </node>
 <node id="1057836736" visible="true" version="2" changeset="7852064" timestamp="2011-04-13T14:06:00Z" user="bahnpirat" uid="13203" lat="51.1938485" lon="1.2527333">
  <tag k="power" v="tower"/>
 </node>
 <node id="1057836737" visible="true" version="2" changeset="7852064" timestamp="2011-04-13T14:06:00Z" user="bahnpirat" uid="13203" lat="51.2361175" lon="1.2922916">
  <tag k="power" v="tower"/>
 </node>
 <node id="1057836738" visible="true" version="2" changeset="7852064" timestamp="2011-04-13T14:06:00Z" user="bahnpirat" uid="13203" lat="51.1642660" lon="1.1584526">
  <tag k="power" v="tower"/>
 </node>
 <node id="1057836740" visible="true" version="2" changeset="7852064" timestamp="2011-04-13T14:06:00Z" user="bahnpirat" uid="13203" lat="51.2132936" lon="1.2677165">
  <tag k="power" v="tower"/>
 </node>
 <node id="1057836743" visible="true" version="3" changeset="157307184" timestamp="2024-09-30T17:02:12Z" user="Palgrave Peter" uid="11471297" lat="51.1661344" lon="1.1699962">
  <tag k="power" v="tower"/>
 </node>
 <node id="1057836745" visible="true" version="2" changeset="7852064" timestamp="2011-04-13T14:06:01Z" user="bahnpirat" uid="13203" lat="51.1337846" lon="1.1172781">
  <tag k="power" v="tower"/>
 </node>
 <node id="1057836746" visible="true" version="2" changeset="7852064" timestamp="2011-04-13T14:06:01Z" user="bahnpirat" uid="13203" lat="51.1680458" lon="1.1964306">
  <tag k="power" v="tower"/>
 </node>
 <node id="1057836747" visible="true" version="2" changeset="7852064" timestamp="2011-04-13T14:06:01Z" user="bahnpirat" uid="13203" lat="51.1148545" lon="1.1045374">
  <tag k="power" v="tower"/>
 </node>
 <node id="1057836748" visible="true" version="2" changeset="7852064" timestamp="2011-04-13T14:06:01Z" user="bahnpirat" uid="13203" lat="51.1376931" lon="1.1206779">
  <tag k="power" v="tower"/>
 </node>
 <node id="1057836749" visible="true" version="2" changeset="7852064" timestamp="2011-04-13T14:06:01Z" user="bahnpirat" uid="13203" lat="51.1848610" lon="1.2418540">
  <tag k="power" v="tower"/>
 </node>
 <node id="1057836751" visible="true" version="2" changeset="7852064" timestamp="2011-04-13T14:06:01Z" user="bahnpirat" uid="13203" lat="51.2275573" lon="1.2882920">
  <tag k="power" v="tower"/>
 </node>
 <node id="1057836752" visible="true" version="2" changeset="7852064" timestamp="2011-04-13T14:06:02Z" user="bahnpirat" uid="13203" lat="51.1606579" lon="1.1397070">
  <tag k="power" v="tower"/>
 </node>
 <node id="1057836753" visible="true" version="2" changeset="7852064" timestamp="2011-04-13T14:06:02Z" user="bahnpirat" uid="13203" lat="51.2013430" lon="1.2583186">
  <tag k="power" v="tower"/>
 </node>
 <node id="1057836755" visible="true" version="2" changeset="7852064" timestamp="2011-04-13T14:06:02Z" user="bahnpirat" uid="13203" lat="51.2523104" lon="1.3054927">
  <tag k="power" v="tower"/>
 </node>
 <node id="1057836757" visible="true" version="2" changeset="7852064" timestamp="2011-04-13T14:06:02Z" user="bahnpirat" uid="13203" lat="51.1241889" lon="1.1070561">
  <tag k="power" v="tower"/>
 </node>
 <node id="1057836758" visible="true" version="2" changeset="7852064" timestamp="2011-04-13T14:06:02Z" user="bahnpirat" uid="13203" lat="51.1668148" lon="1.1794930">
  <tag k="power" v="tower"/>
 </node>
 <node id="1057836760" visible="true" version="2" changeset="7852064" timestamp="2011-04-13T14:05:59Z" user="bahnpirat" uid="13203" lat="51.1775694" lon="1.2277935">
  <tag k="power" v="tower"/>
 </node>
 <node id="1057836761" visible="true" version="2" changeset="7852064" timestamp="2011-04-13T14:05:59Z" user="bahnpirat" uid="13203" lat="51.2175308" lon="1.2770145">
  <tag k="power" v="tower"/>
 </node>
 <node id="1057836763" visible="true" version="2" changeset="7852064" timestamp="2011-04-13T14:05:59Z" user="bahnpirat" uid="13203" lat="51.1910634" lon="1.2506570">
  <tag k="power" v="tower"/>
 </node>
 <node id="1057836764" visible="true" version="2" changeset="7852064" timestamp="2011-04-13T14:05:59Z" user="bahnpirat" uid="13203" lat="51.2433559" lon="1.2958213">
  <tag k="power" v="tower"/>
 </node>
 <node id="1057836765" visible="true" version="3" changeset="9420275" timestamp="2011-09-28T15:09:35Z" user="Crid" uid="7221" lat="51.1630832" lon="1.1522572">
  <tag k="power" v="tower"/>
 </node>
 <node id="1057836768" visible="true" version="3" changeset="17981729" timestamp="2013-09-22T21:17:06Z" user="philipcullen" uid="8857" lat="51.2610694" lon="1.3200758">
  <tag k="power" v="tower"/>
 </node>
 <node id="1057836769" visible="true" version="2" changeset="7852064" timestamp="2011-04-13T14:05:56Z" user="bahnpirat" uid="13203" lat="51.1647841" lon="1.1609999">
  <tag k="power" v="tower"/>
 </node>
 <node id="1057836771" visible="true" version="2" changeset="7852064" timestamp="2011-04-13T14:05:57Z" user="bahnpirat" uid="13203" lat="51.1704440" lon="1.2125188">
  <tag k="power" v="tower"/>
 </node>
 <node id="1057836772" visible="true" version="3" changeset="7852776" timestamp="2011-04-13T15:18:10Z" user="bahnpirat" uid="13203" lat="51.1130205" lon="1.1040681">
  <tag k="power" v="tower"/>
 </node>
 <node id="1057836774" visible="true" version="2" changeset="7852064" timestamp="2011-04-13T14:05:57Z" user="bahnpirat" uid="13203" lat="51.1831105" lon="1.2384421">
  <tag k="power" v="tower"/>
 </node>
 <node id="1057836776" visible="true" version="2" changeset="7852064" timestamp="2011-04-13T14:05:57Z" user="bahnpirat" uid="13203" lat="51.2338870" lon="1.2912206">
  <tag k="power" v="tower"/>
 </node>
 <node id="1057836777" visible="true" version="2" changeset="7852064" timestamp="2011-04-13T14:05:57Z" user="bahnpirat" uid="13203" lat="51.1597247" lon="1.1350887">
  <tag k="power" v="tower"/>
 </node>
 <node id="1057836778" visible="true" version="2" changeset="7852064" timestamp="2011-04-13T14:05:57Z" user="bahnpirat" uid="13203" lat="51.2119549" lon="1.2657010">
  <tag k="power" v="tower"/>
 </node>
 <node id="1057836780" visible="true" version="2" changeset="7852064" timestamp="2011-04-13T14:05:57Z" user="bahnpirat" uid="13203" lat="51.2558907" lon="1.3115574">
  <tag k="power" v="tower"/>
 </node>
 <node id="1057836782" visible="true" version="2" changeset="7852064" timestamp="2011-04-13T14:05:57Z" user="bahnpirat" uid="13203" lat="51.1310950" lon="1.1149468">
  <tag k="power" v="tower"/>
 </node>
 <node id="1057836783" visible="true" version="2" changeset="7852064" timestamp="2011-04-13T14:05:57Z" user="bahnpirat" uid="13203" lat="51.1676947" lon="1.1915233">
  <tag k="power" v="tower"/>
 </node>
 <node id="1057836785" visible="true" version="2" changeset="7852064" timestamp="2011-04-13T14:05:57Z" user="bahnpirat" uid="13203" lat="51.1756892" lon="1.2241752">
  <tag k="power" v="tower"/>
 </node>
 <node id="1057836787" visible="true" version="2" changeset="7852064" timestamp="2011-04-13T14:05:57Z" user="bahnpirat" uid="13203" lat="51.2254906" lon="1.2872320">
  <tag k="power" v="tower"/>
 </node>
 <node id="1057836788" visible="true" version="2" changeset="7852064" timestamp="2011-04-13T14:05:58Z" user="bahnpirat" uid="13203" lat="51.1424411" lon="1.1247520">
  <tag k="power" v="tower"/>
 </node>
 <node id="1057836789" visible="true" version="2" changeset="7852064" timestamp="2011-04-13T14:05:58Z" user="bahnpirat" uid="13203" lat="51.1992735" lon="1.2568251">
  <tag k="power" v="tower"/>
 </node>
 <node id="1057836790" visible="true" version="2" changeset="7852064" timestamp="2011-04-13T14:05:58Z" user="bahnpirat" uid="13203" lat="51.2411256" lon="1.2945973">
  <tag k="power" v="tower"/>
 </node>
 <node id="1057836792" visible="true" version="2" changeset="7852064" timestamp="2011-04-13T14:05:58Z" user="bahnpirat" uid="13203" lat="51.1213561" lon="1.1063260">
  <tag k="power" v="tower"/>
 </node>
 <node id="1057836793" visible="true" version="2" changeset="7852064" timestamp="2011-04-13T14:05:58Z" user="bahnpirat" uid="13203" lat="51.1665437" lon="1.1753245">
  <tag k="power" v="tower"/>
 </node>
 <node id="1057836795" visible="true" version="2" changeset="7852064" timestamp="2011-04-13T14:05:58Z" user="bahnpirat" uid="13203" lat="51.1690432" lon="1.2062292">
  <tag k="power" v="tower"/>
 </node>
 <node id="1057836796" visible="true" version="2" changeset="7852064" timestamp="2011-04-13T14:05:58Z" user="bahnpirat" uid="13203" lat="51.2154588" lon="1.2740650">
  <tag k="power" v="tower"/>
 </node>
 <node id="1057836798" visible="true" version="2" changeset="7852064" timestamp="2011-04-13T14:05:58Z" user="bahnpirat" uid="13203" lat="51.1884151" lon="1.2486293">
  <tag k="power" v="tower"/>
 </node>
 <node id="1057836799" visible="true" version="2" changeset="7852064" timestamp="2011-04-13T14:05:58Z" user="bahnpirat" uid="13203" lat="51.2316563" lon="1.2901497">
  <tag k="power" v="tower"/>
 </node>
 <node id="1057836800" visible="true" version="2" changeset="7852064" timestamp="2011-04-13T14:05:58Z" user="bahnpirat" uid="13203" lat="51.1622554" lon="1.1480766">
  <tag k="power" v="tower"/>
 </node>
 <node id="1057836802" visible="true" version="2" changeset="7852064" timestamp="2011-04-13T14:05:58Z" user="bahnpirat" uid="13203" lat="51.2079082" lon="1.2657617">
  <tag k="power" v="tower"/>
 </node>
 <node id="1057836804" visible="true" version="2" changeset="7852064" timestamp="2011-04-13T14:05:59Z" user="bahnpirat" uid="13203" lat="51.2592242" lon="1.3170302">
  <tag k="power" v="tower"/>
 </node>
 <node id="1057836806" visible="true" version="2" changeset="7852064" timestamp="2011-04-13T14:05:59Z" user="bahnpirat" uid="13203" lat="51.1287024" lon="1.1122877">
  <tag k="power" v="tower"/>
 </node>
 <node id="1057836807" visible="true" version="2" changeset="7852064" timestamp="2011-04-13T14:06:04Z" user="bahnpirat" uid="13203" lat="51.1673746" lon="1.1872946">
  <tag k="power" v="tower"/>
 </node>
 <node id="1057836809" visible="true" version="2" changeset="7852064" timestamp="2011-04-13T14:06:04Z" user="bahnpirat" uid="13203" lat="51.1810707" lon="1.2345081">
  <tag k="power" v="tower"/>
 </node>
 <node id="1057836810" visible="true" version="2" changeset="7852064" timestamp="2011-04-13T14:06:04Z" user="bahnpirat" uid="13203" lat="51.2233143" lon="1.2848169">
  <tag k="power" v="tower"/>
 </node>
 <node id="1057836811" visible="true" version="2" changeset="7852064" timestamp="2011-04-13T14:06:04Z" user="bahnpirat" uid="13203" lat="51.1571043" lon="1.1333455">
  <tag k="power" v="tower"/>
 </node>
 <node id="1057836812" visible="true" version="2" changeset="7852064" timestamp="2011-04-13T14:06:04Z" user="bahnpirat" uid="13203" lat="51.1520136" lon="1.1300421">
  <tag k="power" v="tower"/>
 </node>
 <node id="1057836813" visible="true" version="2" changeset="7852064" timestamp="2011-04-13T14:06:03Z" user="bahnpirat" uid="13203" lat="51.1959333" lon="1.2543117">
  <tag k="power" v="tower"/>
 </node>
 <node id="1057836814" visible="true" version="2" changeset="7852064" timestamp="2011-04-13T14:06:03Z" user="bahnpirat" uid="13203" lat="51.2484042" lon="1.2988811">
  <tag k="power" v="tower"/>
 </node>
 <node id="1057836816" visible="true" version="2" changeset="7852064" timestamp="2011-04-13T14:06:03Z" user="bahnpirat" uid="13203" lat="51.1188945" lon="1.1056442">
  <tag k="power" v="tower"/>
 </node>
 <node id="1057836818" visible="true" version="2" changeset="7852064" timestamp="2011-04-13T14:06:03Z" user="bahnpirat" uid="13203" lat="51.1659658" lon="1.1672208">
  <tag k="power" v="tower"/>
 </node>
 <node id="1057836820" visible="true" version="4" changeset="183361391" timestamp="2026-05-29T15:20:51Z" user="Gregory Williams" uid="7037" lat="51.1739316" lon="1.2209235">
  <tag k="line_attachment" v="anchor"/>
  <tag k="power" v="tower"/>
 </node>
 <node id="1057836822" visible="true" version="2" changeset="7852064" timestamp="2011-04-13T14:06:05Z" user="bahnpirat" uid="13203" lat="51.2099697" lon="1.2657738">
  <tag k="power" v="tower"/>
 </node>
 <node id="1057836827" visible="true" version="2" changeset="7852064" timestamp="2011-04-13T14:06:05Z" user="bahnpirat" uid="13203" lat="51.1866647" lon="1.2453023">
  <tag k="power" v="tower"/>
 </node>
 <node id="1057836828" visible="true" version="2" changeset="7852064" timestamp="2011-04-13T14:06:06Z" user="bahnpirat" uid="13203" lat="51.2390390" lon="1.2936029">
  <tag k="power" v="tower"/>
 </node>
 <node id="1057836829" visible="true" version="2" changeset="7852064" timestamp="2011-04-13T14:06:00Z" user="bahnpirat" uid="13203" lat="51.1614289" lon="1.1437098">
  <tag k="power" v="tower"/>
 </node>
 <node id="1057836830" visible="true" version="2" changeset="7852064" timestamp="2011-04-13T14:06:00Z" user="bahnpirat" uid="13203" lat="51.2147692" lon="1.2699750">
  <tag k="power" v="tower"/>
 </node>
 <node id="1057836836" visible="true" version="2" changeset="7852064" timestamp="2011-04-13T14:06:00Z" user="bahnpirat" uid="13203" lat="51.2574151" lon="1.3139652">
  <tag k="power" v="tower"/>
 </node>
 <node id="1057836839" visible="true" version="2" changeset="7852064" timestamp="2011-04-13T14:06:00Z" user="bahnpirat" uid="13203" lat="51.1361694" lon="1.1193544">
  <tag k="power" v="tower"/>
 </node>
 <node id="1057836842" visible="true" version="2" changeset="7852064" timestamp="2011-04-13T14:06:01Z" user="bahnpirat" uid="13203" lat="51.1683123" lon="1.2009596">
  <tag k="power" v="tower"/>
 </node>
 <node id="1057836845" visible="true" version="2" changeset="7852064" timestamp="2011-04-13T14:06:01Z" user="bahnpirat" uid="13203" lat="51.1794799" lon="1.2315211">
  <tag k="power" v="tower"/>
 </node>
 <node id="1057836846" visible="true" version="2" changeset="7852064" timestamp="2011-04-13T14:06:01Z" user="bahnpirat" uid="13203" lat="51.2295555" lon="1.2891334">
  <tag k="power" v="tower"/>
 </node>
 <node id="1063834186" visible="true" version="2" changeset="157329057" timestamp="2024-10-01T09:12:10Z" user="Palgrave Peter" uid="11471297" lat="51.1717893" lon="1.1785199"/>
 <node id="1063834199" visible="true" version="1" changeset="6760230" timestamp="2010-12-25T11:48:48Z" user="TimSC_Data_CC0_To_Andy_Allan" uid="6809" lat="51.1756893" lon="1.1824535"/>
 <node id="1063834214" visible="true" version="2" changeset="157329057" timestamp="2024-10-01T09:12:10Z" user="Palgrave Peter" uid="11471297" lat="51.1754950" lon="1.1800554"/>
 <node id="1063834229" visible="true" version="1" changeset="6760230" timestamp="2010-12-25T11:48:49Z" user="TimSC_Data_CC0_To_Andy_Allan" uid="6809" lat="51.1729992" lon="1.1779020"/>
 <node id="1063834265" visible="true" version="2" changeset="157329057" timestamp="2024-10-01T09:12:10Z" user="Palgrave Peter" uid="11471297" lat="51.1718745" lon="1.1781536"/>
 <node id="1063834280" visible="true" version="2" changeset="157329057" timestamp="2024-10-01T09:12:10Z" user="Palgrave Peter" uid="11471297" lat="51.1736214" lon="1.1809704"/>
 <node id="1063834283" visible="true" version="2" changeset="157329057" timestamp="2024-10-01T09:12:10Z" user="Palgrave Peter" uid="11471297" lat="51.1751324" lon="1.1831632"/>
 <node id="1063834288" visible="true" version="2" changeset="157329057" timestamp="2024-10-01T09:12:10Z" user="Palgrave Peter" uid="11471297" lat="51.1744023" lon="1.1786851"/>
 <node id="1063834300" visible="true" version="2" changeset="157334628" timestamp="2024-10-01T11:29:26Z" user="Palgrave Peter" uid="11471297" lat="51.1805626" lon="1.1797310"/>
 <node id="1063834350" visible="true" version="1" changeset="6760230" timestamp="2010-12-25T11:48:50Z" user="TimSC_Data_CC0_To_Andy_Allan" uid="6809" lat="51.1737231" lon="1.1786320"/>
 <node id="1063834360" visible="true" version="2" changeset="157329057" timestamp="2024-10-01T09:12:10Z" user="Palgrave Peter" uid="11471297" lat="51.1752721" lon="1.1805902"/>
 <node id="1063834371" visible="true" version="2" changeset="157329057" timestamp="2024-10-01T09:12:10Z" user="Palgrave Peter" uid="11471297" lat="51.1749138" lon="1.1797833"/>
 <node id="1063834379" visible="true" version="2" changeset="157329057" timestamp="2024-10-01T09:12:10Z" user="Palgrave Peter" uid="11471297" lat="51.1721056" lon="1.1782510"/>
 <node id="1063834382" visible="true" version="2" changeset="157334628" timestamp="2024-10-01T11:29:26Z" user="Palgrave Peter" uid="11471297" lat="51.1805482" lon="1.1793364"/>
 <node id="1063834410" visible="true" version="2" changeset="157329057" timestamp="2024-10-01T09:12:10Z" user="Palgrave Peter" uid="11471297" lat="51.1722214" lon="1.1795944"/>
 <node id="1063834438" visible="true" version="1" changeset="6760230" timestamp="2010-12-25T11:48:51Z" user="TimSC_Data_CC0_To_Andy_Allan" uid="6809" lat="51.1743443" lon="1.1774774"/>
 <node id="1063834456" visible="true" version="2" changeset="157329057" timestamp="2024-10-01T09:12:10Z" user="Palgrave Peter" uid="11471297" lat="51.1756064" lon="1.1809581"/>
 <node id="1063834486" visible="true" version="2" changeset="157329057" timestamp="2024-10-01T09:12:10Z" user="Palgrave Peter" uid="11471297" lat="51.1721644" lon="1.1775646"/>
 <node id="1063834496" visible="true" version="2" changeset="157329057" timestamp="2024-10-01T09:12:10Z" user="Palgrave Peter" uid="11471297" lat="51.1747502" lon="1.1783878"/>
 <node id="1063834527" visible="true" version="1" changeset="6760230" timestamp="2010-12-25T11:48:52Z" user="TimSC_Data_CC0_To_Andy_Allan" uid="6809" lat="51.1751756" lon="1.1795334"/>
 <node id="1063834546" visible="true" version="2" changeset="157329057" timestamp="2024-10-01T09:12:10Z" user="Palgrave Peter" uid="11471297" lat="51.1725002" lon="1.1789290"/>
 <node id="1063834548" visible="true" version="2" changeset="157334628" timestamp="2024-10-01T11:29:26Z" user="Palgrave Peter" uid="11471297" lat="51.1811567" lon="1.1789856"/>
 <node id="1063834562" visible="true" version="2" changeset="157329057" timestamp="2024-10-01T09:12:10Z" user="Palgrave Peter" uid="11471297" lat="51.1721045" lon="1.1773295"/>
 <node id="1063839090" visible="true" version="2" changeset="154267889" timestamp="2024-07-22T15:08:34Z" user="Palgrave Peter" uid="11471297" lat="51.1991679" lon="1.1998571"/>
 <node id="1077128788" visible="true" version="3" changeset="154267889" timestamp="2024-07-22T15:08:34Z" user="Palgrave Peter" uid="11471297" lat="51.1910172" lon="1.1909649"/>
 <node id="1077128840" visible="true" version="2" changeset="6840422" timestamp="2011-01-02T18:13:21Z" user="TimSC_Data_CC0_To_Andy_Allan" uid="6809" lat="51.1889915" lon="1.1924370"/>
 <node id="1077128848" visible="true" version="2" changeset="6840422" timestamp="2011-01-02T18:13:20Z" user="TimSC_Data_CC0_To_Andy_Allan" uid="6809" lat="51.1964739" lon="1.1846153"/>
 <node id="1077128870" visible="true" version="3" changeset="8659271" timestamp="2011-07-07T17:11:35Z" user="Crid" uid="7221" lat="51.1940206" lon="1.1881747"/>
 <node id="1077128903" visible="true" version="1" changeset="6828506" timestamp="2011-01-01T17:10:28Z" user="TimSC_Data_CC0_To_Andy_Allan" uid="6809" lat="51.1897176" lon="1.1934535"/>
 <node id="1077128922" visible="true" version="2" changeset="6840422" timestamp="2011-01-02T18:13:15Z" user="TimSC_Data_CC0_To_Andy_Allan" uid="6809" lat="51.1915827" lon="1.1912724"/>
 <node id="1077128962" visible="true" version="3" changeset="157339997" timestamp="2024-10-01T13:31:40Z" user="Palgrave Peter" uid="11471297" lat="51.1938511" lon="1.1802685"/>
 <node id="1079017427" visible="true" version="1" changeset="6840422" timestamp="2011-01-02T17:16:14Z" user="TimSC_Data_CC0_To_Andy_Allan" uid="6809" lat="51.1634421" lon="1.2183626"/>
 <node id="1079017444" visible="true" version="1" changeset="6840422" timestamp="2011-01-02T17:16:14Z" user="TimSC_Data_CC0_To_Andy_Allan" uid="6809" lat="51.1724749" lon="1.1856644"/>
 <node id="1079017466" visible="true" version="1" changeset="6840422" timestamp="2011-01-02T17:16:15Z" user="TimSC_Data_CC0_To_Andy_Allan" uid="6809" lat="51.1712708" lon="1.1885856"/>
 <node id="1079017474" visible="true" version="2" changeset="21013741" timestamp="2014-03-09T20:35:12Z" user="Helmchen42" uid="1817244" lat="51.1787177" lon="1.2019832"/>
 <node id="1079017477" visible="true" version="1" changeset="6840422" timestamp="2011-01-02T17:16:15Z" user="TimSC_Data_CC0_To_Andy_Allan" uid="6809" lat="51.1647770" lon="1.2161985"/>
 <node id="1079017509" visible="true" version="2" changeset="157329057" timestamp="2024-10-01T09:12:10Z" user="Palgrave Peter" uid="11471297" lat="51.1708637" lon="1.1823211"/>
 <node id="1079017518" visible="true" version="1" changeset="6840422" timestamp="2011-01-02T17:16:15Z" user="TimSC_Data_CC0_To_Andy_Allan" uid="6809" lat="51.1850082" lon="1.2099985"/>
 <node id="1079017527" visible="true" version="1" changeset="6840422" timestamp="2011-01-02T17:16:15Z" user="TimSC_Data_CC0_To_Andy_Allan" uid="6809" lat="51.1641874" lon="1.2178482"/>
 <node id="1079017530" visible="true" version="2" changeset="131585650" timestamp="2023-01-22T23:47:12Z" user="ntzm" uid="12363857" lat="51.1767728" lon="1.2012834"/>
 <node id="1079017532" visible="true" version="2" changeset="157329057" timestamp="2024-10-01T09:12:10Z" user="Palgrave Peter" uid="11471297" lat="51.1709589" lon="1.1818076"/>
 <node id="1079017556" visible="true" version="2" changeset="157329057" timestamp="2024-10-01T09:12:10Z" user="Palgrave Peter" uid="11471297" lat="51.1703493" lon="1.1842571"/>
 <node id="1079017563" visible="true" version="1" changeset="6840422" timestamp="2011-01-02T17:16:16Z" user="TimSC_Data_CC0_To_Andy_Allan" uid="6809" lat="51.1857494" lon="1.2076990"/>
 <node id="1079017568" visible="true" version="2" changeset="157329057" timestamp="2024-10-01T09:12:10Z" user="Palgrave Peter" uid="11471297" lat="51.1675653" lon="1.1867261"/>
 <node id="1079017575" visible="true" version="2" changeset="138981302" timestamp="2023-07-25T10:31:16Z" user="TomJeffs" uid="6397757" lat="51.1772803" lon="1.1973357"/>
 <node id="1079017604" visible="true" version="2" changeset="157329057" timestamp="2024-10-01T09:12:10Z" user="Palgrave Peter" uid="11471297" lat="51.1744600" lon="1.1864005"/>
 <node id="1079017625" visible="true" version="2" changeset="52277022" timestamp="2017-09-22T13:49:53Z" user="Essex_Boy" uid="1247041" lat="51.1854716" lon="1.2112551"/>
 <node id="1079017655" visible="true" version="1" changeset="6840422" timestamp="2011-01-02T17:16:17Z" user="TimSC_Data_CC0_To_Andy_Allan" uid="6809" lat="51.1676084" lon="1.1895852"/>
 <node id="1079017662" visible="true" version="1" changeset="6840422" timestamp="2011-01-02T17:16:17Z" user="TimSC_Data_CC0_To_Andy_Allan" uid="6809" lat="51.1678582" lon="1.2109655"/>
 <node id="1079017693" visible="true" version="2" changeset="157329057" timestamp="2024-10-01T09:12:10Z" user="Palgrave Peter" uid="11471297" lat="51.1705504" lon="1.1841233"/>
 <node id="1079017701" visible="true" version="1" changeset="6840422" timestamp="2011-01-02T17:16:17Z" user="TimSC_Data_CC0_To_Andy_Allan" uid="6809" lat="51.1718692" lon="1.1867700"/>
 <node id="1079017704" visible="true" version="2" changeset="21013741" timestamp="2014-03-09T20:35:12Z" user="Helmchen42" uid="1817244" lat="51.1778279" lon="1.2021787"/>
 <node id="1079017710" visible="true" version="1" changeset="6840422" timestamp="2011-01-02T17:16:17Z" user="TimSC_Data_CC0_To_Andy_Allan" uid="6809" lat="51.1722706" lon="1.1860019"/>
 <node id="1079017742" visible="true" version="1" changeset="6840422" timestamp="2011-01-02T17:16:18Z" user="TimSC_Data_CC0_To_Andy_Allan" uid="6809" lat="51.1727881" lon="1.1839148"/>
 <node id="1079017751" visible="true" version="2" changeset="21013741" timestamp="2014-03-09T20:35:12Z" user="Helmchen42" uid="1817244" lat="51.1795230" lon="1.2018929"/>
 <node id="1079017760" visible="true" version="1" changeset="6840422" timestamp="2011-01-02T17:16:18Z" user="TimSC_Data_CC0_To_Andy_Allan" uid="6809" lat="51.1744456" lon="1.2035490"/>
 <node id="1079017789" visible="true" version="1" changeset="6840422" timestamp="2011-01-02T17:16:18Z" user="TimSC_Data_CC0_To_Andy_Allan" uid="6809" lat="51.1713146" lon="1.1869446"/>
 <node id="1079017792" visible="true" version="1" changeset="6840422" timestamp="2011-01-02T17:16:18Z" user="TimSC_Data_CC0_To_Andy_Allan" uid="6809" lat="51.1747249" lon="1.2036783"/>
 <node id="1079017797" visible="true" version="1" changeset="6840422" timestamp="2011-01-02T17:16:18Z" user="TimSC_Data_CC0_To_Andy_Allan" uid="6809" lat="51.1822764" lon="1.2088816"/>
 <node id="1079017800" visible="true" version="2" changeset="21013741" timestamp="2014-03-09T20:35:12Z" user="Helmchen42" uid="1817244" lat="51.1776695" lon="1.1960708"/>
 <node id="1079017824" visible="true" version="2" changeset="157329057" timestamp="2024-10-01T09:12:10Z" user="Palgrave Peter" uid="11471297" lat="51.1724044" lon="1.1826841"/>
 <node id="1079017834" visible="true" version="1" changeset="6840422" timestamp="2011-01-02T17:16:19Z" user="TimSC_Data_CC0_To_Andy_Allan" uid="6809" lat="51.1859965" lon="1.2123199"/>
 <node id="1079017840" visible="true" version="2" changeset="157329057" timestamp="2024-10-01T09:12:10Z" user="Palgrave Peter" uid="11471297" lat="51.1729979" lon="1.1833582"/>
 <node id="1079017844" visible="true" version="3" changeset="150893420" timestamp="2024-05-04T18:39:52Z" user="mapboy63" uid="12340839" lat="51.1810460" lon="1.1974374"/>
 <node id="1079017859" visible="true" version="1" changeset="6840422" timestamp="2011-01-02T17:16:19Z" user="TimSC_Data_CC0_To_Andy_Allan" uid="6809" lat="51.1677567" lon="1.1882449"/>
 <node id="1079017863" visible="true" version="2" changeset="157329057" timestamp="2024-10-01T09:12:10Z" user="Palgrave Peter" uid="11471297" lat="51.1798042" lon="1.1861561"/>
 <node id="1079017865" visible="true" version="1" changeset="6840422" timestamp="2011-01-02T17:16:19Z" user="TimSC_Data_CC0_To_Andy_Allan" uid="6809" lat="51.1682586" lon="1.2116750"/>
 <node id="1079017897" visible="true" version="1" changeset="6840422" timestamp="2011-01-02T17:16:20Z" user="TimSC_Data_CC0_To_Andy_Allan" uid="6809" lat="51.1711541" lon="1.1854316"/>
 <node id="1079017905" visible="true" version="2" changeset="157303764" timestamp="2024-09-30T15:38:10Z" user="Palgrave Peter" uid="11471297" lat="51.1661770" lon="1.2136720"/>
 <node id="1079017926" visible="true" version="1" changeset="6840422" timestamp="2011-01-02T17:16:20Z" user="TimSC_Data_CC0_To_Andy_Allan" uid="6809" lat="51.1725697" lon="1.1863743"/>
 <node id="1079017934" visible="true" version="1" changeset="6840422" timestamp="2011-01-02T17:16:20Z" user="TimSC_Data_CC0_To_Andy_Allan" uid="6809" lat="51.1713730" lon="1.1877826"/>
 <node id="1079017943" visible="true" version="3" changeset="181356056" timestamp="2026-04-15T08:55:09Z" user="Simcoaxial" uid="547585" lat="51.1790705" lon="1.2022145"/>
 <node id="1079017945" visible="true" version="2" changeset="157303764" timestamp="2024-09-30T15:38:10Z" user="Palgrave Peter" uid="11471297" lat="51.1667760" lon="1.2127216"/>
 <node id="1079017957" visible="true" version="1" changeset="6840422" timestamp="2011-01-02T17:16:20Z" user="TimSC_Data_CC0_To_Andy_Allan" uid="6809" lat="51.1741754" lon="1.2042387"/>
 <node id="1079017969" visible="true" version="1" changeset="6840422" timestamp="2011-01-02T17:16:21Z" user="TimSC_Data_CC0_To_Andy_Allan" uid="6809" lat="51.1744186" lon="1.2044686"/>
 <node id="1079017970" visible="true" version="1" changeset="6840422" timestamp="2011-01-02T17:16:21Z" user="TimSC_Data_CC0_To_Andy_Allan" uid="6809" lat="51.1840335" lon="1.2090130"/>
 <node id="1079017974" visible="true" version="2" changeset="157303764" timestamp="2024-09-30T15:38:10Z" user="Palgrave Peter" uid="11471297" lat="51.1645784" lon="1.2130809"/>
 <node id="1079017994" visible="true" version="2" changeset="157329057" timestamp="2024-10-01T09:12:10Z" user="Palgrave Peter" uid="11471297" lat="51.1723083" lon="1.1829292"/>
 <node id="1079018011" visible="true" version="1" changeset="6840422" timestamp="2011-01-02T17:16:22Z" user="TimSC_Data_CC0_To_Andy_Allan" uid="6809" lat="51.1720662" lon="1.1873170"/>
 <node id="1079018021" visible="true" version="2" changeset="157329057" timestamp="2024-10-01T09:12:10Z" user="Palgrave Peter" uid="11471297" lat="51.1679616" lon="1.1880169"/>
 <node id="1079018024" visible="true" version="2" changeset="138981302" timestamp="2023-07-25T10:31:16Z" user="TomJeffs" uid="6397757" lat="51.1765724" lon="1.2002365"/>
 <node id="1079018048" visible="true" version="1" changeset="6840422" timestamp="2011-01-02T17:16:22Z" user="TimSC_Data_CC0_To_Andy_Allan" uid="6809" lat="51.1852004" lon="1.2108088"/>
 <node id="1079018057" visible="true" version="1" changeset="6840422" timestamp="2011-01-02T17:16:22Z" user="TimSC_Data_CC0_To_Andy_Allan" uid="6809" lat="51.1839374" lon="1.2119914"/>
 <node id="1079069551" visible="true" version="2" changeset="157334628" timestamp="2024-10-01T11:29:26Z" user="Palgrave Peter" uid="11471297" lat="51.1904618" lon="1.1807937"/>
 <node id="1079121133" visible="true" version="3" changeset="154267889" timestamp="2024-07-22T15:08:34Z" user="Palgrave Peter" uid="11471297" lat="51.1971646" lon="1.1972931"/>
 <node id="1079121135" visible="true" version="1" changeset="6840422" timestamp="2011-01-02T18:13:03Z" user="TimSC_Data_CC0_To_Andy_Allan" uid="6809" lat="51.1883641" lon="1.1928165"/>
 <node id="1079121137" visible="true" version="2" changeset="154267889" timestamp="2024-07-22T15:08:34Z" user="Palgrave Peter" uid="11471297" lat="51.1949204" lon="1.1988798"/>
 <node id="1079121138" visible="true" version="1" changeset="6840422" timestamp="2011-01-02T18:13:03Z" user="TimSC_Data_CC0_To_Andy_Allan" uid="6809" lat="51.1929368" lon="1.2018569"/>
 <node id="1079121140" visible="true" version="1" changeset="6840422" timestamp="2011-01-02T18:13:03Z" user="TimSC_Data_CC0_To_Andy_Allan" uid="6809" lat="51.1980382" lon="1.1898953"/>
 <node id="1079121168" visible="true" version="2" changeset="154267889" timestamp="2024-07-22T15:08:34Z" user="Palgrave Peter" uid="11471297" lat="51.1871496" lon="1.1975778"/>
 <node id="1079121175" visible="true" version="1" changeset="6840422" timestamp="2011-01-02T18:13:04Z" user="TimSC_Data_CC0_To_Andy_Allan" uid="6809" lat="51.1933533" lon="1.1996972"/>
 <node id="1079121180" visible="true" version="1" changeset="6840422" timestamp="2011-01-02T18:13:04Z" user="TimSC_Data_CC0_To_Andy_Allan" uid="6809" lat="51.1976565" lon="1.1883447"/>
 <node id="1079121184" visible="true" version="2" changeset="157334628" timestamp="2024-10-01T11:29:26Z" user="Palgrave Peter" uid="11471297" lat="51.1841318" lon="1.1917084"/>
 <node id="1079121218" visible="true" version="2" changeset="157334628" timestamp="2024-10-01T11:29:26Z" user="Palgrave Peter" uid="11471297" lat="51.1869261" lon="1.1890672"/>
 <node id="1079121222" visible="true" version="1" changeset="6840422" timestamp="2011-01-02T18:13:06Z" user="TimSC_Data_CC0_To_Andy_Allan" uid="6809" lat="51.1934574" lon="1.1884139"/>
 <node id="1079121227" visible="true" version="1" changeset="6840422" timestamp="2011-01-02T18:13:06Z" user="TimSC_Data_CC0_To_Andy_Allan" uid="6809" lat="51.1921819" lon="1.2027014"/>
 <node id="1079121251" visible="true" version="1" changeset="6840422" timestamp="2011-01-02T18:13:07Z" user="TimSC_Data_CC0_To_Andy_Allan" uid="6809" lat="51.1912015" lon="1.2029368"/>
 <node id="1079121255" visible="true" version="1" changeset="6840422" timestamp="2011-01-02T18:13:08Z" user="TimSC_Data_CC0_To_Andy_Allan" uid="6809" lat="51.2000855" lon="1.1995310"/>
 <node id="1079121259" visible="true" version="2" changeset="154267889" timestamp="2024-07-22T15:08:34Z" user="Palgrave Peter" uid="11471297" lat="51.1993572" lon="1.2000510"/>
 <node id="1079121263" visible="true" version="2" changeset="154267889" timestamp="2024-07-22T15:08:34Z" user="Palgrave Peter" uid="11471297" lat="51.1875910" lon="1.1979141"/>
 <node id="1079121266" visible="true" version="2" changeset="157334628" timestamp="2024-10-01T11:29:26Z" user="Palgrave Peter" uid="11471297" lat="51.1871175" lon="1.1894926"/>
 <node id="1079121272" visible="true" version="2" changeset="154267889" timestamp="2024-07-22T15:08:34Z" user="Palgrave Peter" uid="11471297" lat="51.1958340" lon="1.1992177"/>
 <node id="1079121275" visible="true" version="1" changeset="6840422" timestamp="2011-01-02T18:13:09Z" user="TimSC_Data_CC0_To_Andy_Allan" uid="6809" lat="51.1932665" lon="1.2002648"/>
 <node id="1079121298" visible="true" version="2" changeset="154267889" timestamp="2024-07-22T15:08:34Z" user="Palgrave Peter" uid="11471297" lat="51.2000210" lon="1.1928166"/>
 <node id="1079121329" visible="true" version="2" changeset="157334628" timestamp="2024-10-01T11:29:26Z" user="Palgrave Peter" uid="11471297" lat="51.1838422" lon="1.1923767"/>
 <node id="1079121340" visible="true" version="1" changeset="6840422" timestamp="2011-01-02T18:13:12Z" user="TimSC_Data_CC0_To_Andy_Allan" uid="6809" lat="51.1914791" lon="1.2033521"/>
 <node id="1242644431" visible="true" version="2" changeset="145637222" timestamp="2023-12-28T21:11:34Z" user="Nathan_A_RF" uid="5229644" lat="51.1825971" lon="1.1992642"/>
 <node id="1242644434" visible="true" version="1" changeset="7847757" timestamp="2011-04-12T23:16:42Z" user="c2r" uid="5926" lat="51.1873594" lon="1.1905039"/>
 <node id="1242644435" visible="true" version="1" changeset="7847757" timestamp="2011-04-12T23:16:42Z" user="c2r" uid="5926" lat="51.1872081" lon="1.1904664"/>
 <node id="1242644436" visible="true" version="1" changeset="7847757" timestamp="2011-04-12T23:16:42Z" user="c2r" uid="5926" lat="51.1938779" lon="1.1854600"/>
 <node id="1242644439" visible="true" version="2" changeset="145637222" timestamp="2023-12-28T21:11:34Z" user="Nathan_A_RF" uid="5229644" lat="51.1844615" lon="1.1952831">
  <tag k="direction" v="forward"/>
  <tag k="highway" v="give_way"/>
 </node>
 <node id="1242644440" visible="true" version="2" changeset="45754015" timestamp="2017-02-02T17:30:45Z" user="kreuzschnabel" uid="2773866" lat="51.1830583" lon="1.1996419"/>
 <node id="1242644441" visible="true" version="2" changeset="145637222" timestamp="2023-12-28T21:11:34Z" user="Nathan_A_RF" uid="5229644" lat="51.1826345" lon="1.1990626"/>
 <node id="1242644444" visible="true" version="1" changeset="7847757" timestamp="2011-04-12T23:16:42Z" user="c2r" uid="5926" lat="51.1862137" lon="1.1920629"/>
 <node id="1242644448" visible="true" version="2" changeset="45754015" timestamp="2017-02-02T17:30:45Z" user="kreuzschnabel" uid="2773866" lat="51.1877597" lon="1.1901965"/>
 <node id="1242644451" visible="true" version="2" changeset="45754015" timestamp="2017-02-02T17:30:45Z" user="kreuzschnabel" uid="2773866" lat="51.1884820" lon="1.1897945"/>
 <node id="1242644454" visible="true" version="2" changeset="45754015" timestamp="2017-02-02T17:30:45Z" user="kreuzschnabel" uid="2773866" lat="51.1911380" lon="1.1877940"/>
 <node id="1242644455" visible="true" version="1" changeset="7847757" timestamp="2011-04-12T23:16:43Z" user="c2r" uid="5926" lat="51.1824450" lon="1.2002935"/>
 <node id="1242644458" visible="true" version="1" changeset="7847757" timestamp="2011-04-12T23:16:43Z" user="c2r" uid="5926" lat="51.1865036" lon="1.1916216"/>
 <node id="1242644460" visible="true" version="2" changeset="13132165" timestamp="2012-09-16T15:46:46Z" user="Gregory Williams" uid="7037" lat="51.1758118" lon="1.2121756"/>
 <node id="1242644463" visible="true" version="1" changeset="7847757" timestamp="2011-04-12T23:16:43Z" user="c2r" uid="5926" lat="51.1849736" lon="1.1943177"/>
 <node id="1242644465" visible="true" version="5" changeset="183339689" timestamp="2026-05-29T07:45:11Z" user="Gregory Williams" uid="7037" lat="51.1866558" lon="1.1908746">
  <tag k="access" v="yes"/>
  <tag k="amenity" v="parking"/>
  <tag k="fee" v="no"/>
  <tag k="parking" v="layby"/>
  <tag k="surface" v="asphalt"/>
 </node>
 <node id="1242644467" visible="true" version="1" changeset="7847757" timestamp="2011-04-12T23:16:43Z" user="c2r" uid="5926" lat="51.1850087" lon="1.1945597"/>
 <node id="1242644472" visible="true" version="1" changeset="7847757" timestamp="2011-04-12T23:16:44Z" user="c2r" uid="5926" lat="51.1859337" lon="1.1921669"/>
 <node id="1242644473" visible="true" version="2" changeset="145637222" timestamp="2023-12-28T21:11:34Z" user="Nathan_A_RF" uid="5229644" lat="51.1825001" lon="1.1990101"/>
 <node id="1242644474" visible="true" version="2" changeset="45754015" timestamp="2017-02-02T17:30:45Z" user="kreuzschnabel" uid="2773866" lat="51.1874584" lon="1.1904915"/>
 <node id="1242644477" visible="true" version="2" changeset="145637222" timestamp="2023-12-28T21:11:34Z" user="Nathan_A_RF" uid="5229644" lat="51.1831407" lon="1.1987297">
  <tag k="highway" v="motorway_junction"/>
 </node>
 <node id="1242644479" visible="true" version="1" changeset="7847757" timestamp="2011-04-12T23:16:44Z" user="c2r" uid="5926" lat="51.1834668" lon="1.1980358"/>
 <node id="1242644487" visible="true" version="1" changeset="7847757" timestamp="2011-04-12T23:16:44Z" user="c2r" uid="5926" lat="51.1857622" lon="1.1925048"/>
 <node id="1242644491" visible="true" version="2" changeset="145637222" timestamp="2023-12-28T21:11:34Z" user="Nathan_A_RF" uid="5229644" lat="51.1830072" lon="1.1992175"/>
 <node id="1242644493" visible="true" version="1" changeset="7847757" timestamp="2011-04-12T23:16:45Z" user="c2r" uid="5926" lat="51.1834269" lon="1.1978219"/>
 <node id="1242644496" visible="true" version="1" changeset="7847757" timestamp="2011-04-12T23:16:45Z" user="c2r" uid="5926" lat="51.1863626" lon="1.1920719"/>
 <node id="1242644497" visible="true" version="2" changeset="45754015" timestamp="2017-02-02T17:30:45Z" user="kreuzschnabel" uid="2773866" lat="51.1911818" lon="1.1879466"/>
 <node id="1242644499" visible="true" version="2" changeset="45754015" timestamp="2017-02-02T17:30:45Z" user="kreuzschnabel" uid="2773866" lat="51.1884438" lon="1.1896349"/>
 <node id="1242644500" visible="true" version="1" changeset="7847757" timestamp="2011-04-12T23:16:45Z" user="c2r" uid="5926" lat="51.1844919" lon="1.1957184"/>
 <node id="1242644508" visible="true" version="3" changeset="154645874" timestamp="2024-07-31T12:00:26Z" user="JayTurnr" uid="5008136" lat="51.1827908" lon="1.1996176">
  <tag k="direction" v="forward"/>
  <tag k="highway" v="give_way"/>
 </node>
 <node id="1242644510" visible="true" version="2" changeset="145637222" timestamp="2023-12-28T21:11:34Z" user="Nathan_A_RF" uid="5229644" lat="51.1827700" lon="1.1990705">
  <tag k="direction" v="forward"/>
  <tag k="highway" v="give_way"/>
 </node>
 <node id="1242644512" visible="true" version="2" changeset="145637222" timestamp="2023-12-28T21:11:34Z" user="Nathan_A_RF" uid="5229644" lat="51.1826090" lon="1.1993886"/>
 <node id="1242644513" visible="true" version="1" changeset="7847757" timestamp="2011-04-12T23:16:45Z" user="c2r" uid="5926" lat="51.1830050" lon="1.1994839"/>
 <node id="1242644516" visible="true" version="1" changeset="7847757" timestamp="2011-04-12T23:16:46Z" user="c2r" uid="5926" lat="51.1842722" lon="1.1951237"/>
 <node id="1242644518" visible="true" version="1" changeset="7847757" timestamp="2011-04-12T23:16:46Z" user="c2r" uid="5926" lat="51.1820747" lon="1.2010876"/>
 <node id="1242644519" visible="true" version="1" changeset="7847757" timestamp="2011-04-12T23:16:46Z" user="c2r" uid="5926" lat="51.1855168" lon="1.1931164"/>
 <node id="1242644520" visible="true" version="2" changeset="45754015" timestamp="2017-02-02T17:30:45Z" user="kreuzschnabel" uid="2773866" lat="51.1929729" lon="1.1863843"/>
 <node id="1242644521" visible="true" version="1" changeset="7847757" timestamp="2011-04-12T23:16:46Z" user="c2r" uid="5926" lat="51.1872787" lon="1.1904985"/>
 <node id="1242644522" visible="true" version="2" changeset="145637222" timestamp="2023-12-28T21:11:34Z" user="Nathan_A_RF" uid="5229644" lat="51.1825212" lon="1.1998116">
  <tag k="highway" v="motorway_junction"/>
 </node>
 <node id="1242644530" visible="true" version="2" changeset="181356056" timestamp="2026-04-15T08:55:09Z" user="Simcoaxial" uid="547585" lat="51.1791898" lon="1.2024788"/>
 <node id="1242644531" visible="true" version="2" changeset="45754015" timestamp="2017-02-02T17:30:45Z" user="kreuzschnabel" uid="2773866" lat="51.1875217" lon="1.1906318"/>
 <node id="1242644534" visible="true" version="1" changeset="7847757" timestamp="2011-04-12T23:16:46Z" user="c2r" uid="5926" lat="51.1867508" lon="1.1907882"/>
 <node id="1242644537" visible="true" version="1" changeset="7847757" timestamp="2011-04-12T23:16:46Z" user="c2r" uid="5926" lat="51.1914129" lon="1.1877565"/>
 <node id="1242644538" visible="true" version="2" changeset="45754015" timestamp="2017-02-02T17:30:45Z" user="kreuzschnabel" uid="2773866" lat="51.1953994" lon="1.1839258"/>
 <node id="1242644545" visible="true" version="2" changeset="145637222" timestamp="2023-12-28T21:11:34Z" user="Nathan_A_RF" uid="5229644" lat="51.1994905" lon="1.1800684">
  <tag k="highway" v="motorway_junction"/>
 </node>
 <node id="1242644551" visible="true" version="1" changeset="7847757" timestamp="2011-04-12T23:16:47Z" user="c2r" uid="5926" lat="51.1839830" lon="1.1965627"/>
 <node id="1242644554" visible="true" version="2" changeset="145637222" timestamp="2023-12-28T21:11:34Z" user="Nathan_A_RF" uid="5229644" lat="51.1843455" lon="1.1953755"/>
 <node id="1242644556" visible="true" version="2" changeset="145637222" timestamp="2023-12-28T21:11:34Z" user="Nathan_A_RF" uid="5229644" lat="51.1829960" lon="1.1993660"/>
 <node id="1242644557" visible="true" version="1" changeset="7847757" timestamp="2011-04-12T23:16:47Z" user="c2r" uid="5926" lat="51.1870635" lon="1.1904717"/>
 <node id="1242644558" visible="true" version="1" changeset="7847757" timestamp="2011-04-12T23:16:47Z" user="c2r" uid="5926" lat="51.1869525" lon="1.1905683"/>
 <node id="1242644561" visible="true" version="2" changeset="145637222" timestamp="2023-12-28T21:11:34Z" user="Nathan_A_RF" uid="5229644" lat="51.1826004" lon="1.1995056"/>
 <node id="1242644562" visible="true" version="1" changeset="7847757" timestamp="2011-04-12T23:16:47Z" user="c2r" uid="5926" lat="51.1871408" lon="1.1904503"/>
 <node id="1242644568" visible="true" version="1" changeset="7847757" timestamp="2011-04-12T23:16:48Z" user="c2r" uid="5926" lat="51.1866993" lon="1.1915915"/>
 <node id="1242644570" visible="true" version="1" changeset="7847757" timestamp="2011-04-12T23:16:48Z" user="c2r" uid="5926" lat="51.1840529" lon="1.1967116"/>
 <node id="1242644574" visible="true" version="2" changeset="145637222" timestamp="2023-12-28T21:11:34Z" user="Nathan_A_RF" uid="5229644" lat="51.1825641" lon="1.1991327"/>
 <node id="1242644577" visible="true" version="1" changeset="7847757" timestamp="2011-04-12T23:16:48Z" user="c2r" uid="5926" lat="51.1864246" lon="1.1912549"/>
 <node id="1243275150" visible="true" version="1" changeset="7852064" timestamp="2011-04-13T14:05:49Z" user="bahnpirat" uid="13203" lat="51.2540206" lon="1.3083438">
  <tag k="power" v="tower"/>
 </node>
 <node id="1243275165" visible="true" version="1" changeset="7852064" timestamp="2011-04-13T14:05:50Z" user="bahnpirat" uid="13203" lat="51.1168954" lon="1.1050977">
  <tag k="power" v="tower"/>
 </node>
 <node id="1243275173" visible="true" version="1" changeset="7852064" timestamp="2011-04-13T14:05:50Z" user="bahnpirat" uid="13203" lat="51.2037480" lon="1.2601550">
  <tag k="power" v="tower"/>
 </node>
 <node id="1243275190" visible="true" version="1" changeset="7852064" timestamp="2011-04-13T14:05:51Z" user="bahnpirat" uid="13203" lat="51.2218936" lon="1.2832000">
  <tag k="power" v="tower"/>
 </node>
 <node id="1243275196" visible="true" version="1" changeset="7852064" timestamp="2011-04-13T14:05:51Z" user="bahnpirat" uid="13203" lat="51.1472347" lon="1.1279358">
  <tag k="power" v="tower"/>
 </node>
 <node id="1243275246" visible="true" version="1" changeset="7852064" timestamp="2011-04-13T14:05:54Z" user="bahnpirat" uid="13203" lat="51.1397493" lon="1.1224422">
  <tag k="power" v="tower"/>
 </node>
 <node id="1243275247" visible="true" version="2" changeset="153901063" timestamp="2024-07-13T16:28:40Z" user="Palgrave Peter" uid="11471297" lat="51.2498338" lon="1.3013819">
  <tag k="power" v="tower"/>
 </node>
 <node id="1352772480" visible="true" version="1" changeset="8659271" timestamp="2011-07-07T17:11:19Z" user="Crid" uid="7221" lat="51.1933793" lon="1.1859659"/>
 <node id="1352772481" visible="true" version="1" changeset="8659271" timestamp="2011-07-07T17:11:19Z" user="Crid" uid="7221" lat="51.1933815" lon="1.1857665"/>
 <node id="1352772486" visible="true" version="2" changeset="154267889" timestamp="2024-07-22T15:08:34Z" user="Palgrave Peter" uid="11471297" lat="51.1936940" lon="1.1873332"/>
 <node id="1352772488" visible="true" version="1" changeset="8659271" timestamp="2011-07-07T17:11:20Z" user="Crid" uid="7221" lat="51.1964343" lon="1.1977881"/>
 <node id="1352772490" visible="true" version="1" changeset="8659271" timestamp="2011-07-07T17:11:20Z" user="Crid" uid="7221" lat="51.1970598" lon="1.1966719"/>
 <node id="1616808748" visible="true" version="2" changeset="45754015" timestamp="2017-02-02T17:30:49Z" user="kreuzschnabel" uid="2773866" lat="51.2065671" lon="1.1731430"/>
 <node id="1616808821" visible="true" version="2" changeset="45754015" timestamp="2017-02-02T17:30:49Z" user="kreuzschnabel" uid="2773866" lat="51.2077544" lon="1.1720231"/>
 <node id="1616808833" visible="true" version="2" changeset="45754015" timestamp="2017-02-02T17:30:49Z" user="kreuzschnabel" uid="2773866" lat="51.2078098" lon="1.1722333"/>
 <node id="1616808863" visible="true" version="2" changeset="45754015" timestamp="2017-02-02T17:30:49Z" user="kreuzschnabel" uid="2773866" lat="51.2083473" lon="1.1714677"/>
 <node id="1616808894" visible="true" version="2" changeset="45754015" timestamp="2017-02-02T17:30:49Z" user="kreuzschnabel" uid="2773866" lat="51.2088710" lon="1.1709709"/>
 <node id="1743428859" visible="true" version="1" changeset="11522394" timestamp="2012-05-06T19:29:23Z" user="Gregory Williams" uid="7037" lat="51.2091274" lon="1.1701472"/>
 <node id="1752566406" visible="true" version="1" changeset="11595891" timestamp="2012-05-14T13:45:31Z" user="bigalxyz123" uid="481116" lat="51.1635213" lon="1.2052558"/>
 <node id="1752566408" visible="true" version="1" changeset="11595891" timestamp="2012-05-14T13:45:31Z" user="bigalxyz123" uid="481116" lat="51.1704641" lon="1.2049125"/>
 <node id="1752566410" visible="true" version="1" changeset="11595891" timestamp="2012-05-14T13:45:31Z" user="bigalxyz123" uid="481116" lat="51.1687453" lon="1.2062826"/>
 <node id="1752566418" visible="true" version="1" changeset="11595891" timestamp="2012-05-14T13:45:31Z" user="bigalxyz123" uid="481116" lat="51.1709888" lon="1.2036358"/>
 <node id="1752566421" visible="true" version="1" changeset="11595891" timestamp="2012-05-14T13:45:31Z" user="bigalxyz123" uid="481116" lat="51.1715135" lon="1.2026273"/>
 <node id="1752566449" visible="true" version="1" changeset="11595891" timestamp="2012-05-14T13:45:32Z" user="bigalxyz123" uid="481116" lat="51.1672417" lon="1.2096117"/>
 <node id="1752566450" visible="true" version="1" changeset="11595891" timestamp="2012-05-14T13:45:32Z" user="bigalxyz123" uid="481116" lat="51.1678539" lon="1.2060069"/>
 <node id="1752566454" visible="true" version="1" changeset="11595891" timestamp="2012-05-14T13:45:32Z" user="bigalxyz123" uid="481116" lat="51.1667775" lon="1.2058781"/>
 <node id="1752566455" visible="true" version="1" changeset="11595891" timestamp="2012-05-14T13:45:32Z" user="bigalxyz123" uid="481116" lat="51.1712579" lon="1.2030779"/>
 <node id="1752566457" visible="true" version="1" changeset="11595891" timestamp="2012-05-14T13:45:32Z" user="bigalxyz123" uid="481116" lat="51.1698856" lon="1.2064360"/>
 <node id="1752566462" visible="true" version="1" changeset="11595891" timestamp="2012-05-14T13:45:32Z" user="bigalxyz123" uid="481116" lat="51.1717220" lon="1.2023054"/>
 <node id="1752566470" visible="true" version="2" changeset="157303764" timestamp="2024-09-30T15:38:10Z" user="Palgrave Peter" uid="11471297" lat="51.1652638" lon="1.2112236"/>
 <node id="1752566472" visible="true" version="1" changeset="11595891" timestamp="2012-05-14T13:45:32Z" user="bigalxyz123" uid="481116" lat="51.1647592" lon="1.2055777"/>
 <node id="1752566474" visible="true" version="1" changeset="11595891" timestamp="2012-05-14T13:45:32Z" user="bigalxyz123" uid="481116" lat="51.1719945" lon="1.2022164"/>
 <node id="1752566487" visible="true" version="1" changeset="11595891" timestamp="2012-05-14T13:45:32Z" user="bigalxyz123" uid="481116" lat="51.1675377" lon="1.2094615"/>
 <node id="1752566489" visible="true" version="1" changeset="11595891" timestamp="2012-05-14T13:45:33Z" user="bigalxyz123" uid="481116" lat="51.1723476" lon="1.2021767"/>
 <node id="1752566492" visible="true" version="1" changeset="11595891" timestamp="2012-05-14T13:45:33Z" user="bigalxyz123" uid="481116" lat="51.1639014" lon="1.2054028"/>
 <node id="1752566494" visible="true" version="1" changeset="11595891" timestamp="2012-05-14T13:45:33Z" user="bigalxyz123" uid="481116" lat="51.1637231" lon="1.2052773"/>
 <node id="1752566495" visible="true" version="1" changeset="11595891" timestamp="2012-05-14T13:45:33Z" user="bigalxyz123" uid="481116" lat="51.1658289" lon="1.2107490"/>
 <node id="1752566501" visible="true" version="1" changeset="11595891" timestamp="2012-05-14T13:45:33Z" user="bigalxyz123" uid="481116" lat="51.1722232" lon="1.2022164"/>
 <node id="1752566508" visible="true" version="1" changeset="11595891" timestamp="2012-05-14T13:45:33Z" user="bigalxyz123" uid="481116" lat="51.1647626" lon="1.2057676"/>
 <node id="1752566514" visible="true" version="1" changeset="11595891" timestamp="2012-05-14T13:45:33Z" user="bigalxyz123" uid="481116" lat="51.1697578" lon="1.2066291"/>
 <node id="1752566516" visible="true" version="1" changeset="11595891" timestamp="2012-05-14T13:45:33Z" user="bigalxyz123" uid="481116" lat="51.1652604" lon="1.2058105"/>
 <node id="1879200470" visible="true" version="1" changeset="12831616" timestamp="2012-08-23T11:30:52Z" user="Gregory Williams" uid="7037" lat="51.1830221" lon="1.1858756"/>
 <node id="1913077007" visible="true" version="1" changeset="13099122" timestamp="2012-09-13T18:15:11Z" user="Colin Smale" uid="30525" lat="51.1984779" lon="1.2123274"/>
 <node id="1913077020" visible="true" version="1" changeset="13099122" timestamp="2012-09-13T18:15:12Z" user="Colin Smale" uid="30525" lat="51.1868961" lon="1.1518561"/>
 <node id="1913077021" visible="true" version="1" changeset="13099122" timestamp="2012-09-13T18:15:12Z" user="Colin Smale" uid="30525" lat="51.1863873" lon="1.1516424"/>
 <node id="1913077022" visible="true" version="1" changeset="13099122" timestamp="2012-09-13T18:15:12Z" user="Colin Smale" uid="30525" lat="51.1861409" lon="1.1515741"/>
 <node id="1913077023" visible="true" version="1" changeset="13099122" timestamp="2012-09-13T18:15:12Z" user="Colin Smale" uid="30525" lat="51.1859371" lon="1.1515917"/>
 <node id="1913077024" visible="true" version="1" changeset="13099122" timestamp="2012-09-13T18:15:12Z" user="Colin Smale" uid="30525" lat="51.1856210" lon="1.1515730"/>
 <node id="1913077025" visible="true" version="1" changeset="13099122" timestamp="2012-09-13T18:15:12Z" user="Colin Smale" uid="30525" lat="51.1855619" lon="1.1515632"/>
 <node id="1913077026" visible="true" version="1" changeset="13099122" timestamp="2012-09-13T18:15:12Z" user="Colin Smale" uid="30525" lat="51.1853664" lon="1.1515084"/>
 <node id="1913077027" visible="true" version="1" changeset="13099122" timestamp="2012-09-13T18:15:12Z" user="Colin Smale" uid="30525" lat="51.1852425" lon="1.1514341"/>
 <node id="1913077028" visible="true" version="1" changeset="13099122" timestamp="2012-09-13T18:15:12Z" user="Colin Smale" uid="30525" lat="51.1852878" lon="1.1511223"/>
 <node id="1913077029" visible="true" version="1" changeset="13099122" timestamp="2012-09-13T18:15:12Z" user="Colin Smale" uid="30525" lat="51.1854305" lon="1.1507313"/>
 <node id="1913077030" visible="true" version="1" changeset="13099122" timestamp="2012-09-13T18:15:12Z" user="Colin Smale" uid="30525" lat="51.1854854" lon="1.1504974"/>
 <node id="1913077031" visible="true" version="1" changeset="13099122" timestamp="2012-09-13T18:15:12Z" user="Colin Smale" uid="30525" lat="51.1855365" lon="1.1503048"/>
 <node id="1913077032" visible="true" version="1" changeset="13099122" timestamp="2012-09-13T18:15:12Z" user="Colin Smale" uid="30525" lat="51.1855630" lon="1.1501206"/>
 <node id="1913077033" visible="true" version="1" changeset="13099122" timestamp="2012-09-13T18:15:12Z" user="Colin Smale" uid="30525" lat="51.1855928" lon="1.1500181"/>
 <node id="1913077034" visible="true" version="1" changeset="13099122" timestamp="2012-09-13T18:15:12Z" user="Colin Smale" uid="30525" lat="51.1852668" lon="1.1498642"/>
 <node id="1913077035" visible="true" version="1" changeset="13099122" timestamp="2012-09-13T18:15:12Z" user="Colin Smale" uid="30525" lat="51.1845537" lon="1.1495909"/>
 <node id="1913077036" visible="true" version="1" changeset="13099122" timestamp="2012-09-13T18:15:12Z" user="Colin Smale" uid="30525" lat="51.1830775" lon="1.1490279"/>
 <node id="1913077037" visible="true" version="1" changeset="13099122" timestamp="2012-09-13T18:15:12Z" user="Colin Smale" uid="30525" lat="51.1824298" lon="1.1488306"/>
 <node id="1913077038" visible="true" version="1" changeset="13099122" timestamp="2012-09-13T18:15:13Z" user="Colin Smale" uid="30525" lat="51.1822486" lon="1.1487796"/>
 <node id="1913077039" visible="true" version="1" changeset="13099122" timestamp="2012-09-13T18:15:13Z" user="Colin Smale" uid="30525" lat="51.1819206" lon="1.1487000"/>
 <node id="1913077040" visible="true" version="1" changeset="13099122" timestamp="2012-09-13T18:15:13Z" user="Colin Smale" uid="30525" lat="51.1812933" lon="1.1485127"/>
 <node id="1913077042" visible="true" version="1" changeset="13099122" timestamp="2012-09-13T18:15:13Z" user="Colin Smale" uid="30525" lat="51.1808767" lon="1.1484170"/>
 <node id="1913077043" visible="true" version="1" changeset="13099122" timestamp="2012-09-13T18:15:13Z" user="Colin Smale" uid="30525" lat="51.1804864" lon="1.1483131"/>
 <node id="1913077044" visible="true" version="1" changeset="13099122" timestamp="2012-09-13T18:15:13Z" user="Colin Smale" uid="30525" lat="51.1801604" lon="1.1482637"/>
 <node id="1913077047" visible="true" version="1" changeset="13099122" timestamp="2012-09-13T18:15:13Z" user="Colin Smale" uid="30525" lat="51.1863536" lon="1.1876498"/>
 <node id="1913077055" visible="true" version="1" changeset="13099122" timestamp="2012-09-13T18:15:13Z" user="Colin Smale" uid="30525" lat="51.1867568" lon="1.1872139"/>
 <node id="1913077061" visible="true" version="1" changeset="13099122" timestamp="2012-09-13T18:15:14Z" user="Colin Smale" uid="30525" lat="51.1873059" lon="1.1865720"/>
 <node id="1913077068" visible="true" version="1" changeset="13099122" timestamp="2012-09-13T18:15:14Z" user="Colin Smale" uid="30525" lat="51.1876588" lon="1.1862299"/>
 <node id="1913077076" visible="true" version="1" changeset="13099122" timestamp="2012-09-13T18:15:14Z" user="Colin Smale" uid="30525" lat="51.1880696" lon="1.1858775"/>
 <node id="1913077083" visible="true" version="1" changeset="13099122" timestamp="2012-09-13T18:15:15Z" user="Colin Smale" uid="30525" lat="51.1885051" lon="1.1853765"/>
 <node id="1913077091" visible="true" version="1" changeset="13099122" timestamp="2012-09-13T18:15:15Z" user="Colin Smale" uid="30525" lat="51.1887159" lon="1.1850361"/>
 <node id="1913077097" visible="true" version="1" changeset="13099122" timestamp="2012-09-13T18:15:15Z" user="Colin Smale" uid="30525" lat="51.1888734" lon="1.1848022"/>
 <node id="1913077104" visible="true" version="1" changeset="13099122" timestamp="2012-09-13T18:15:15Z" user="Colin Smale" uid="30525" lat="51.1890653" lon="1.1845607"/>
 <node id="1913077136" visible="true" version="1" changeset="13099122" timestamp="2012-09-13T18:15:17Z" user="Colin Smale" uid="30525" lat="51.1799581" lon="1.1482241"/>
 <node id="1913077137" visible="true" version="1" changeset="13099122" timestamp="2012-09-13T18:15:17Z" user="Colin Smale" uid="30525" lat="51.1797560" lon="1.1481803"/>
 <node id="1913077138" visible="true" version="1" changeset="13099122" timestamp="2012-09-13T18:15:17Z" user="Colin Smale" uid="30525" lat="51.1793710" lon="1.1480839"/>
 <node id="1913077145" visible="true" version="1" changeset="13099122" timestamp="2012-09-13T18:15:17Z" user="Colin Smale" uid="30525" lat="51.1893500" lon="1.1842110"/>
 <node id="1913077155" visible="true" version="1" changeset="13099122" timestamp="2012-09-13T18:15:18Z" user="Colin Smale" uid="30525" lat="51.1894410" lon="1.1841085"/>
 <node id="1913077166" visible="true" version="1" changeset="13099122" timestamp="2012-09-13T18:15:18Z" user="Colin Smale" uid="30525" lat="51.1896108" lon="1.1838826"/>
 <node id="1913077173" visible="true" version="1" changeset="13099122" timestamp="2012-09-13T18:15:18Z" user="Colin Smale" uid="30525" lat="51.1898873" lon="1.1834093"/>
 <node id="1913077189" visible="true" version="1" changeset="13099122" timestamp="2012-09-13T18:15:18Z" user="Colin Smale" uid="30525" lat="51.1900282" lon="1.1831542"/>
 <node id="1913077197" visible="true" version="1" changeset="13099122" timestamp="2012-09-13T18:15:19Z" user="Colin Smale" uid="30525" lat="51.1902256" lon="1.1826467"/>
 <node id="1913077201" visible="true" version="1" changeset="13099122" timestamp="2012-09-13T18:15:19Z" user="Colin Smale" uid="30525" lat="51.1903137" lon="1.1824166"/>
 <node id="1913077208" visible="true" version="1" changeset="13099122" timestamp="2012-09-13T18:15:19Z" user="Colin Smale" uid="30525" lat="51.1904029" lon="1.1817815"/>
 <node id="1913077215" visible="true" version="1" changeset="13099122" timestamp="2012-09-13T18:15:19Z" user="Colin Smale" uid="30525" lat="51.1904368" lon="1.1813315"/>
 <node id="1913077247" visible="true" version="1" changeset="13099122" timestamp="2012-09-13T18:15:21Z" user="Colin Smale" uid="30525" lat="51.1847299" lon="1.1711214"/>
 <node id="1913077249" visible="true" version="1" changeset="13099122" timestamp="2012-09-13T18:15:21Z" user="Colin Smale" uid="30525" lat="51.1846300" lon="1.1709557"/>
 <node id="1913077251" visible="true" version="1" changeset="13099122" timestamp="2012-09-13T18:15:21Z" user="Colin Smale" uid="30525" lat="51.1845437" lon="1.1707881"/>
 <node id="1913077254" visible="true" version="1" changeset="13099122" timestamp="2012-09-13T18:15:21Z" user="Colin Smale" uid="30525" lat="51.1843948" lon="1.1705073"/>
 <node id="1913077256" visible="true" version="1" changeset="13099122" timestamp="2012-09-13T18:15:21Z" user="Colin Smale" uid="30525" lat="51.1842378" lon="1.1701946"/>
 <node id="1913077259" visible="true" version="1" changeset="13099122" timestamp="2012-09-13T18:15:21Z" user="Colin Smale" uid="30525" lat="51.1841348" lon="1.1700458"/>
 <node id="1913077261" visible="true" version="1" changeset="13099122" timestamp="2012-09-13T18:15:21Z" user="Colin Smale" uid="30525" lat="51.1841146" lon="1.1700287"/>
 <node id="1913077264" visible="true" version="1" changeset="13099122" timestamp="2012-09-13T18:15:22Z" user="Colin Smale" uid="30525" lat="51.1840530" lon="1.1699758"/>
 <node id="1913077266" visible="true" version="1" changeset="13099122" timestamp="2012-09-13T18:15:22Z" user="Colin Smale" uid="30525" lat="51.1840228" lon="1.1698964"/>
 <node id="1913077268" visible="true" version="1" changeset="13099122" timestamp="2012-09-13T18:15:22Z" user="Colin Smale" uid="30525" lat="51.1839439" lon="1.1698867"/>
 <node id="1913077271" visible="true" version="1" changeset="13099122" timestamp="2012-09-13T18:15:22Z" user="Colin Smale" uid="30525" lat="51.1839608" lon="1.1697634"/>
 <node id="1913077273" visible="true" version="1" changeset="13099122" timestamp="2012-09-13T18:15:22Z" user="Colin Smale" uid="30525" lat="51.1839776" lon="1.1695398"/>
 <node id="1913077276" visible="true" version="1" changeset="13099122" timestamp="2012-09-13T18:15:22Z" user="Colin Smale" uid="30525" lat="51.1839838" lon="1.1692797"/>
 <node id="1913077278" visible="true" version="1" changeset="13099122" timestamp="2012-09-13T18:15:22Z" user="Colin Smale" uid="30525" lat="51.1840492" lon="1.1687905"/>
 <node id="1913077280" visible="true" version="1" changeset="13099122" timestamp="2012-09-13T18:15:22Z" user="Colin Smale" uid="30525" lat="51.1841884" lon="1.1680028"/>
 <node id="1913077283" visible="true" version="1" changeset="13099122" timestamp="2012-09-13T18:15:22Z" user="Colin Smale" uid="30525" lat="51.1841955" lon="1.1678717"/>
 <node id="1913077285" visible="true" version="1" changeset="13099122" timestamp="2012-09-13T18:15:22Z" user="Colin Smale" uid="30525" lat="51.1842043" lon="1.1676146"/>
 <node id="1913077288" visible="true" version="1" changeset="13099122" timestamp="2012-09-13T18:15:22Z" user="Colin Smale" uid="30525" lat="51.1967195" lon="1.2101306"/>
 <node id="1913077330" visible="true" version="1" changeset="13099122" timestamp="2012-09-13T18:15:24Z" user="Colin Smale" uid="30525" lat="51.1842043" lon="1.1674830"/>
 <node id="1913077333" visible="true" version="1" changeset="13099122" timestamp="2012-09-13T18:15:24Z" user="Colin Smale" uid="30525" lat="51.1904753" lon="1.1808089"/>
 <node id="1913077336" visible="true" version="1" changeset="13099122" timestamp="2012-09-13T18:15:24Z" user="Colin Smale" uid="30525" lat="51.1841937" lon="1.1673434"/>
 <node id="1913077340" visible="true" version="1" changeset="13099122" timestamp="2012-09-13T18:15:24Z" user="Colin Smale" uid="30525" lat="51.1904730" lon="1.1806928"/>
 <node id="1913077341" visible="true" version="1" changeset="13099122" timestamp="2012-09-13T18:15:24Z" user="Colin Smale" uid="30525" lat="51.1841787" lon="1.1671993"/>
 <node id="1913077347" visible="true" version="1" changeset="13099122" timestamp="2012-09-13T18:15:25Z" user="Colin Smale" uid="30525" lat="51.1840936" lon="1.1667855"/>
 <node id="1913077350" visible="true" version="1" changeset="13099122" timestamp="2012-09-13T18:15:25Z" user="Colin Smale" uid="30525" lat="51.1904725" lon="1.1806111"/>
 <node id="1913077352" visible="true" version="1" changeset="13099122" timestamp="2012-09-13T18:15:25Z" user="Colin Smale" uid="30525" lat="51.1840426" lon="1.1665459"/>
 <node id="1913077356" visible="true" version="1" changeset="13099122" timestamp="2012-09-13T18:15:25Z" user="Colin Smale" uid="30525" lat="51.1902248" lon="1.1806928"/>
 <node id="1913077358" visible="true" version="1" changeset="13099122" timestamp="2012-09-13T18:15:25Z" user="Colin Smale" uid="30525" lat="51.1840786" lon="1.1660460"/>
 <node id="1913077363" visible="true" version="1" changeset="13099122" timestamp="2012-09-13T18:15:26Z" user="Colin Smale" uid="30525" lat="51.1841526" lon="1.1653712"/>
 <node id="1913077366" visible="true" version="1" changeset="13099122" timestamp="2012-09-13T18:15:26Z" user="Colin Smale" uid="30525" lat="51.1899999" lon="1.1807260"/>
 <node id="1913077369" visible="true" version="1" changeset="13099122" timestamp="2012-09-13T18:15:26Z" user="Colin Smale" uid="30525" lat="51.1842091" lon="1.1647797"/>
 <node id="1913077373" visible="true" version="1" changeset="13099122" timestamp="2012-09-13T18:15:26Z" user="Colin Smale" uid="30525" lat="51.1898263" lon="1.1807269"/>
 <node id="1913077375" visible="true" version="1" changeset="13099122" timestamp="2012-09-13T18:15:26Z" user="Colin Smale" uid="30525" lat="51.1842360" lon="1.1641862"/>
 <node id="1913077379" visible="true" version="1" changeset="13099122" timestamp="2012-09-13T18:15:26Z" user="Colin Smale" uid="30525" lat="51.1842361" lon="1.1640817"/>
 <node id="1913077382" visible="true" version="1" changeset="13099122" timestamp="2012-09-13T18:15:26Z" user="Colin Smale" uid="30525" lat="51.1895993" lon="1.1806368"/>
 <node id="1913077385" visible="true" version="1" changeset="13099122" timestamp="2012-09-13T18:15:26Z" user="Colin Smale" uid="30525" lat="51.1842349" lon="1.1638598"/>
 <node id="1913077389" visible="true" version="1" changeset="13099122" timestamp="2012-09-13T18:15:27Z" user="Colin Smale" uid="30525" lat="51.1895155" lon="1.1806125"/>
 <node id="1913077391" visible="true" version="1" changeset="13099122" timestamp="2012-09-13T18:15:27Z" user="Colin Smale" uid="30525" lat="51.1842274" lon="1.1636403"/>
 <node id="1913077395" visible="true" version="1" changeset="13099122" timestamp="2012-09-13T18:15:27Z" user="Colin Smale" uid="30525" lat="51.1893581" lon="1.1805429"/>
 <node id="1913077397" visible="true" version="1" changeset="13099122" timestamp="2012-09-13T18:15:27Z" user="Colin Smale" uid="30525" lat="51.1842110" lon="1.1634145"/>
 <node id="1913077402" visible="true" version="1" changeset="13099122" timestamp="2012-09-13T18:15:27Z" user="Colin Smale" uid="30525" lat="51.1844113" lon="1.1633924"/>
 <node id="1913077405" visible="true" version="1" changeset="13099122" timestamp="2012-09-13T18:15:27Z" user="Colin Smale" uid="30525" lat="51.1891950" lon="1.1804215"/>
 <node id="1913077407" visible="true" version="1" changeset="13099122" timestamp="2012-09-13T18:15:27Z" user="Colin Smale" uid="30525" lat="51.1844743" lon="1.1633910"/>
 <node id="1913077412" visible="true" version="1" changeset="13099122" timestamp="2012-09-13T18:15:27Z" user="Colin Smale" uid="30525" lat="51.1889812" lon="1.1802479"/>
 <node id="1913077414" visible="true" version="1" changeset="13099122" timestamp="2012-09-13T18:15:27Z" user="Colin Smale" uid="30525" lat="51.1845673" lon="1.1634088"/>
 <node id="1913077419" visible="true" version="1" changeset="13099122" timestamp="2012-09-13T18:15:28Z" user="Colin Smale" uid="30525" lat="51.1847513" lon="1.1635245"/>
 <node id="1913077421" visible="true" version="1" changeset="13099122" timestamp="2012-09-13T18:15:28Z" user="Colin Smale" uid="30525" lat="51.1850807" lon="1.1637489"/>
 <node id="1913077424" visible="true" version="1" changeset="13099122" timestamp="2012-09-13T18:15:28Z" user="Colin Smale" uid="30525" lat="51.1851576" lon="1.1637327"/>
 <node id="1913077426" visible="true" version="1" changeset="13099122" timestamp="2012-09-13T18:15:28Z" user="Colin Smale" uid="30525" lat="51.2012731" lon="1.2156146"/>
 <node id="1913077427" visible="true" version="1" changeset="13099122" timestamp="2012-09-13T18:15:28Z" user="Colin Smale" uid="30525" lat="51.1853519" lon="1.1632694"/>
 <node id="1913077428" visible="true" version="1" changeset="13099122" timestamp="2012-09-13T18:15:28Z" user="Colin Smale" uid="30525" lat="51.2008673" lon="1.2151955"/>
 <node id="1913077429" visible="true" version="1" changeset="13099122" timestamp="2012-09-13T18:15:28Z" user="Colin Smale" uid="30525" lat="51.1857167" lon="1.1626503"/>
 <node id="1913077430" visible="true" version="1" changeset="13099122" timestamp="2012-09-13T18:15:28Z" user="Colin Smale" uid="30525" lat="51.2007271" lon="1.2150282"/>
 <node id="1913077431" visible="true" version="1" changeset="13099122" timestamp="2012-09-13T18:15:28Z" user="Colin Smale" uid="30525" lat="51.1858346" lon="1.1623836"/>
 <node id="1913077432" visible="true" version="1" changeset="13099122" timestamp="2012-09-13T18:15:28Z" user="Colin Smale" uid="30525" lat="51.2003189" lon="1.2145631"/>
 <node id="1913077433" visible="true" version="1" changeset="13099122" timestamp="2012-09-13T18:15:28Z" user="Colin Smale" uid="30525" lat="51.1993640" lon="1.2134715"/>
 <node id="1913077434" visible="true" version="1" changeset="13099122" timestamp="2012-09-13T18:15:28Z" user="Colin Smale" uid="30525" lat="51.1859853" lon="1.1621334"/>
 <node id="1913077435" visible="true" version="1" changeset="13099122" timestamp="2012-09-13T18:15:28Z" user="Colin Smale" uid="30525" lat="51.1780016" lon="1.1477974"/>
 <node id="1913077436" visible="true" version="1" changeset="13099122" timestamp="2012-09-13T18:15:28Z" user="Colin Smale" uid="30525" lat="51.1861610" lon="1.1618220"/>
 <node id="1913077437" visible="true" version="1" changeset="13099122" timestamp="2012-09-13T18:15:28Z" user="Colin Smale" uid="30525" lat="51.1865033" lon="1.1613058"/>
 <node id="1913077438" visible="true" version="1" changeset="13099122" timestamp="2012-09-13T18:15:28Z" user="Colin Smale" uid="30525" lat="51.1867115" lon="1.1610224"/>
 <node id="1913077439" visible="true" version="1" changeset="13099122" timestamp="2012-09-13T18:15:28Z" user="Colin Smale" uid="30525" lat="51.1869038" lon="1.1607307"/>
 <node id="1913077440" visible="true" version="1" changeset="13099122" timestamp="2012-09-13T18:15:29Z" user="Colin Smale" uid="30525" lat="51.1871531" lon="1.1604271"/>
 <node id="1913077441" visible="true" version="1" changeset="13099122" timestamp="2012-09-13T18:15:29Z" user="Colin Smale" uid="30525" lat="51.1874963" lon="1.1599740"/>
 <node id="1913077442" visible="true" version="1" changeset="13099122" timestamp="2012-09-13T18:15:29Z" user="Colin Smale" uid="30525" lat="51.1877296" lon="1.1596965"/>
 <node id="1913077443" visible="true" version="1" changeset="13099122" timestamp="2012-09-13T18:15:29Z" user="Colin Smale" uid="30525" lat="51.1878730" lon="1.1595503"/>
 <node id="1913077444" visible="true" version="1" changeset="13099122" timestamp="2012-09-13T18:15:29Z" user="Colin Smale" uid="30525" lat="51.1884910" lon="1.1591160"/>
 <node id="1913077445" visible="true" version="1" changeset="13099122" timestamp="2012-09-13T18:15:29Z" user="Colin Smale" uid="30525" lat="51.1886720" lon="1.1589738"/>
 <node id="1913077446" visible="true" version="1" changeset="13099122" timestamp="2012-09-13T18:15:29Z" user="Colin Smale" uid="30525" lat="51.1888018" lon="1.1588324"/>
 <node id="1913077447" visible="true" version="1" changeset="13099122" timestamp="2012-09-13T18:15:29Z" user="Colin Smale" uid="30525" lat="51.1890614" lon="1.1586755"/>
 <node id="1913077448" visible="true" version="1" changeset="13099122" timestamp="2012-09-13T18:15:29Z" user="Colin Smale" uid="30525" lat="51.1894143" lon="1.1584649"/>
 <node id="1913077449" visible="true" version="1" changeset="13099122" timestamp="2012-09-13T18:15:29Z" user="Colin Smale" uid="30525" lat="51.1896755" lon="1.1583210"/>
 <node id="1913077450" visible="true" version="1" changeset="13099122" timestamp="2012-09-13T18:15:29Z" user="Colin Smale" uid="30525" lat="51.1898835" lon="1.1582451"/>
 <node id="1913077477" visible="true" version="1" changeset="13099122" timestamp="2012-09-13T18:15:30Z" user="Colin Smale" uid="30525" lat="51.1888838" lon="1.1801581"/>
 <node id="1913077481" visible="true" version="1" changeset="13099122" timestamp="2012-09-13T18:15:30Z" user="Colin Smale" uid="30525" lat="51.1887883" lon="1.1800642"/>
 <node id="1913077485" visible="true" version="1" changeset="13099122" timestamp="2012-09-13T18:15:30Z" user="Colin Smale" uid="30525" lat="51.1886627" lon="1.1799525"/>
 <node id="1913077490" visible="true" version="1" changeset="13099122" timestamp="2012-09-13T18:15:30Z" user="Colin Smale" uid="30525" lat="51.1884771" lon="1.1797336"/>
 <node id="1913077495" visible="true" version="1" changeset="13099122" timestamp="2012-09-13T18:15:31Z" user="Colin Smale" uid="30525" lat="51.1882838" lon="1.1794655"/>
 <node id="1913077513" visible="true" version="1" changeset="13099122" timestamp="2012-09-13T18:15:31Z" user="Colin Smale" uid="30525" lat="51.1881763" lon="1.1792821"/>
 <node id="1913077517" visible="true" version="1" changeset="13099122" timestamp="2012-09-13T18:15:31Z" user="Colin Smale" uid="30525" lat="51.1878642" lon="1.1787525"/>
 <node id="1913077525" visible="true" version="1" changeset="13099122" timestamp="2012-09-13T18:15:31Z" user="Colin Smale" uid="30525" lat="51.1877833" lon="1.1785866"/>
 <node id="1913077531" visible="true" version="1" changeset="13099122" timestamp="2012-09-13T18:15:31Z" user="Colin Smale" uid="30525" lat="51.1877068" lon="1.1784210"/>
 <node id="1913077551" visible="true" version="1" changeset="13099122" timestamp="2012-09-13T18:15:32Z" user="Colin Smale" uid="30525" lat="51.1873781" lon="1.1775754"/>
 <node id="1913077555" visible="true" version="1" changeset="13099122" timestamp="2012-09-13T18:15:32Z" user="Colin Smale" uid="30525" lat="51.1871415" lon="1.1769136"/>
 <node id="1913077560" visible="true" version="1" changeset="13099122" timestamp="2012-09-13T18:15:32Z" user="Colin Smale" uid="30525" lat="51.1870968" lon="1.1767402"/>
 <node id="1913077572" visible="true" version="1" changeset="13099122" timestamp="2012-09-13T18:15:32Z" user="Colin Smale" uid="30525" lat="51.1869698" lon="1.1762820"/>
 <node id="1913077580" visible="true" version="1" changeset="13099122" timestamp="2012-09-13T18:15:32Z" user="Colin Smale" uid="30525" lat="51.1868396" lon="1.1758422"/>
 <node id="1913077595" visible="true" version="1" changeset="13099122" timestamp="2012-09-13T18:15:33Z" user="Colin Smale" uid="30525" lat="51.1867404" lon="1.1754561"/>
 <node id="1913077600" visible="true" version="1" changeset="13099122" timestamp="2012-09-13T18:15:33Z" user="Colin Smale" uid="30525" lat="51.1866916" lon="1.1752638"/>
 <node id="1913077610" visible="true" version="1" changeset="13099122" timestamp="2012-09-13T18:15:33Z" user="Colin Smale" uid="30525" lat="51.1866456" lon="1.1750717"/>
 <node id="1913077630" visible="true" version="1" changeset="13099122" timestamp="2012-09-13T18:15:33Z" user="Colin Smale" uid="30525" lat="51.1865331" lon="1.1746446"/>
 <node id="1913077632" visible="true" version="1" changeset="13099122" timestamp="2012-09-13T18:15:34Z" user="Colin Smale" uid="30525" lat="51.1988015" lon="1.2127308"/>
 <node id="1913077635" visible="true" version="1" changeset="13099122" timestamp="2012-09-13T18:15:34Z" user="Colin Smale" uid="30525" lat="51.1864730" lon="1.1745031"/>
 <node id="1913077640" visible="true" version="1" changeset="13099122" timestamp="2012-09-13T18:15:34Z" user="Colin Smale" uid="30525" lat="51.1864140" lon="1.1743244"/>
 <node id="1913077644" visible="true" version="1" changeset="13099122" timestamp="2012-09-13T18:15:34Z" user="Colin Smale" uid="30525" lat="51.1863476" lon="1.1741867"/>
 <node id="1913077648" visible="true" version="1" changeset="13099122" timestamp="2012-09-13T18:15:34Z" user="Colin Smale" uid="30525" lat="51.1862189" lon="1.1739589"/>
 <node id="1913077655" visible="true" version="1" changeset="13099122" timestamp="2012-09-13T18:15:34Z" user="Colin Smale" uid="30525" lat="51.1860367" lon="1.1736100"/>
 <node id="1913077669" visible="true" version="1" changeset="13099122" timestamp="2012-09-13T18:15:34Z" user="Colin Smale" uid="30525" lat="51.1858998" lon="1.1733873"/>
 <node id="1913077674" visible="true" version="1" changeset="13099122" timestamp="2012-09-13T18:15:34Z" user="Colin Smale" uid="30525" lat="51.1851892" lon="1.1720261"/>
 <node id="1913077679" visible="true" version="1" changeset="13099122" timestamp="2012-09-13T18:15:35Z" user="Colin Smale" uid="30525" lat="51.1849235" lon="1.1715441"/>
 <node id="1913077682" visible="true" version="1" changeset="13099122" timestamp="2012-09-13T18:15:35Z" user="Colin Smale" uid="30525" lat="51.1902786" lon="1.1581691"/>
 <node id="1913077686" visible="true" version="1" changeset="13099122" timestamp="2012-09-13T18:15:35Z" user="Colin Smale" uid="30525" lat="51.1904235" lon="1.1581002"/>
 <node id="1913077688" visible="true" version="1" changeset="13099122" timestamp="2012-09-13T18:15:35Z" user="Colin Smale" uid="30525" lat="51.1907455" lon="1.1579348"/>
 <node id="1913077694" visible="true" version="1" changeset="13099122" timestamp="2012-09-13T18:15:35Z" user="Colin Smale" uid="30525" lat="51.1910063" lon="1.1577722"/>
 <node id="1913077698" visible="true" version="1" changeset="13099122" timestamp="2012-09-13T18:15:35Z" user="Colin Smale" uid="30525" lat="51.1909752" lon="1.1567581"/>
 <node id="1913077707" visible="true" version="1" changeset="13099122" timestamp="2012-09-13T18:15:35Z" user="Colin Smale" uid="30525" lat="51.1909480" lon="1.1556984"/>
 <node id="1913077710" visible="true" version="1" changeset="13099122" timestamp="2012-09-13T18:15:35Z" user="Colin Smale" uid="30525" lat="51.1909173" lon="1.1540044"/>
 <node id="1913077712" visible="true" version="1" changeset="13099122" timestamp="2012-09-13T18:15:35Z" user="Colin Smale" uid="30525" lat="51.1909075" lon="1.1536000"/>
 <node id="1913077715" visible="true" version="1" changeset="13099122" timestamp="2012-09-13T18:15:35Z" user="Colin Smale" uid="30525" lat="51.1905816" lon="1.1534103"/>
 <node id="1913077717" visible="true" version="1" changeset="13099122" timestamp="2012-09-13T18:15:35Z" user="Colin Smale" uid="30525" lat="51.1904480" lon="1.1533625"/>
 <node id="1913077723" visible="true" version="1" changeset="13099122" timestamp="2012-09-13T18:15:35Z" user="Colin Smale" uid="30525" lat="51.1900935" lon="1.1531665"/>
 <node id="1913077729" visible="true" version="1" changeset="13099122" timestamp="2012-09-13T18:15:35Z" user="Colin Smale" uid="30525" lat="51.1896132" lon="1.1528961"/>
 <node id="1913077731" visible="true" version="1" changeset="13099122" timestamp="2012-09-13T18:15:35Z" user="Colin Smale" uid="30525" lat="51.1890090" lon="1.1526888"/>
 <node id="1913077732" visible="true" version="1" changeset="13099122" timestamp="2012-09-13T18:15:36Z" user="Colin Smale" uid="30525" lat="51.1887157" lon="1.1525901"/>
 <node id="1913077737" visible="true" version="1" changeset="13099122" timestamp="2012-09-13T18:15:36Z" user="Colin Smale" uid="30525" lat="51.1884202" lon="1.1524754"/>
 <node id="1913077738" visible="true" version="1" changeset="13099122" timestamp="2012-09-13T18:15:36Z" user="Colin Smale" uid="30525" lat="51.1882332" lon="1.1524025"/>
 <node id="1913077740" visible="true" version="1" changeset="13099122" timestamp="2012-09-13T18:15:36Z" user="Colin Smale" uid="30525" lat="51.1882516" lon="1.1522893"/>
 <node id="1913077741" visible="true" version="1" changeset="13099122" timestamp="2012-09-13T18:15:36Z" user="Colin Smale" uid="30525" lat="51.1977457" lon="1.2113788"/>
 <node id="1913077742" visible="true" version="1" changeset="13099122" timestamp="2012-09-13T18:15:36Z" user="Colin Smale" uid="30525" lat="51.1882563" lon="1.1521493"/>
 <node id="1913077744" visible="true" version="1" changeset="13099122" timestamp="2012-09-13T18:15:36Z" user="Colin Smale" uid="30525" lat="51.1882171" lon="1.1519677"/>
 <node id="1913077747" visible="true" version="1" changeset="13099122" timestamp="2012-09-13T18:15:36Z" user="Colin Smale" uid="30525" lat="51.1882100" lon="1.1519630"/>
 <node id="1913077750" visible="true" version="1" changeset="13099122" timestamp="2012-09-13T18:15:36Z" user="Colin Smale" uid="30525" lat="51.1880371" lon="1.1520056"/>
 <node id="1913077752" visible="true" version="1" changeset="13099122" timestamp="2012-09-13T18:15:36Z" user="Colin Smale" uid="30525" lat="51.1874666" lon="1.1519809"/>
 <node id="1913077753" visible="true" version="1" changeset="13099122" timestamp="2012-09-13T18:15:36Z" user="Colin Smale" uid="30525" lat="51.1871115" lon="1.1519051"/>
 <node id="1913078062" visible="true" version="1" changeset="13099122" timestamp="2012-09-13T18:15:45Z" user="Colin Smale" uid="30525" lat="51.1947103" lon="1.2075658"/>
 <node id="1913078146" visible="true" version="1" changeset="13099122" timestamp="2012-09-13T18:15:49Z" user="Colin Smale" uid="30525" lat="51.1944228" lon="1.2074871"/>
 <node id="1913078198" visible="true" version="1" changeset="13099122" timestamp="2012-09-13T18:15:50Z" user="Colin Smale" uid="30525" lat="51.1942204" lon="1.2073571"/>
 <node id="1913078308" visible="true" version="1" changeset="13099122" timestamp="2012-09-13T18:15:52Z" user="Colin Smale" uid="30525" lat="51.1940684" lon="1.2071919"/>
 <node id="1913078431" visible="true" version="1" changeset="13099122" timestamp="2012-09-13T18:15:54Z" user="Colin Smale" uid="30525" lat="51.1939769" lon="1.2070181"/>
 <node id="1913079092" visible="true" version="1" changeset="13099122" timestamp="2012-09-13T18:16:04Z" user="Colin Smale" uid="30525" lat="51.1973992" lon="1.2109596"/>
 <node id="1913079277" visible="true" version="1" changeset="13099122" timestamp="2012-09-13T18:16:07Z" user="Colin Smale" uid="30525" lat="51.1957400" lon="1.2086881"/>
 <node id="1913079409" visible="true" version="1" changeset="13099122" timestamp="2012-09-13T18:16:08Z" user="Colin Smale" uid="30525" lat="51.1955858" lon="1.2084727"/>
 <node id="1913079638" visible="true" version="1" changeset="13099122" timestamp="2012-09-13T18:16:11Z" user="Colin Smale" uid="30525" lat="51.1953701" lon="1.2081370"/>
 <node id="1913079776" visible="true" version="1" changeset="13099122" timestamp="2012-09-13T18:16:15Z" user="Colin Smale" uid="30525" lat="51.1952565" lon="1.2079158"/>
 <node id="1913079827" visible="true" version="1" changeset="13099122" timestamp="2012-09-13T18:16:17Z" user="Colin Smale" uid="30525" lat="51.1951278" lon="1.2077552"/>
 <node id="1913079884" visible="true" version="1" changeset="13099122" timestamp="2012-09-13T18:16:19Z" user="Colin Smale" uid="30525" lat="51.1949818" lon="1.2077006"/>
 <node id="1913079914" visible="true" version="1" changeset="13099122" timestamp="2012-09-13T18:16:20Z" user="Colin Smale" uid="30525" lat="51.1970881" lon="1.2105943"/>
 <node id="1913079963" visible="true" version="1" changeset="13099122" timestamp="2012-09-13T18:16:23Z" user="Colin Smale" uid="30525" lat="51.1933448" lon="1.2062870"/>
 <node id="1913079991" visible="true" version="1" changeset="13099122" timestamp="2012-09-13T18:16:24Z" user="Colin Smale" uid="30525" lat="51.1930919" lon="1.2059989"/>
 <node id="1913080012" visible="true" version="1" changeset="13099122" timestamp="2012-09-13T18:16:25Z" user="Colin Smale" uid="30525" lat="51.1926473" lon="1.2053496"/>
 <node id="1913080048" visible="true" version="1" changeset="13099122" timestamp="2012-09-13T18:16:26Z" user="Colin Smale" uid="30525" lat="51.1923834" lon="1.2048374"/>
 <node id="1913080112" visible="true" version="1" changeset="13099122" timestamp="2012-09-13T18:16:28Z" user="Colin Smale" uid="30525" lat="51.1920907" lon="1.2043261"/>
 <node id="1913080154" visible="true" version="1" changeset="13099122" timestamp="2012-09-13T18:16:29Z" user="Colin Smale" uid="30525" lat="51.1916558" lon="1.2036546"/>
 <node id="1913080192" visible="true" version="1" changeset="13099122" timestamp="2012-09-13T18:16:30Z" user="Colin Smale" uid="30525" lat="51.1913493" lon="1.2030551"/>
 <node id="1913080218" visible="true" version="1" changeset="13099122" timestamp="2012-09-13T18:16:31Z" user="Colin Smale" uid="30525" lat="51.1910360" lon="1.2026697"/>
 <node id="1913080248" visible="true" version="1" changeset="13099122" timestamp="2012-09-13T18:16:32Z" user="Colin Smale" uid="30525" lat="51.1907969" lon="1.2024341"/>
 <node id="1913080279" visible="true" version="1" changeset="13099122" timestamp="2012-09-13T18:16:34Z" user="Colin Smale" uid="30525" lat="51.1905341" lon="1.2021454"/>
 <node id="1913080312" visible="true" version="1" changeset="13099122" timestamp="2012-09-13T18:16:35Z" user="Colin Smale" uid="30525" lat="51.1903690" lon="1.2019664"/>
 <node id="1913080335" visible="true" version="1" changeset="13099122" timestamp="2012-09-13T18:16:36Z" user="Colin Smale" uid="30525" lat="51.1900958" lon="1.2016297"/>
 <node id="1913080357" visible="true" version="1" changeset="13099122" timestamp="2012-09-13T18:16:37Z" user="Colin Smale" uid="30525" lat="51.1894092" lon="1.2007848"/>
 <node id="1913080392" visible="true" version="1" changeset="13099122" timestamp="2012-09-13T18:16:39Z" user="Colin Smale" uid="30525" lat="51.1890849" lon="1.2004088"/>
 <node id="1913080405" visible="true" version="1" changeset="13099122" timestamp="2012-09-13T18:16:39Z" user="Colin Smale" uid="30525" lat="51.1885474" lon="1.1997045"/>
 <node id="1913080437" visible="true" version="1" changeset="13099122" timestamp="2012-09-13T18:16:40Z" user="Colin Smale" uid="30525" lat="51.1875785" lon="1.1983606"/>
 <node id="1913080464" visible="true" version="1" changeset="13099122" timestamp="2012-09-13T18:16:41Z" user="Colin Smale" uid="30525" lat="51.1870948" lon="1.1976630"/>
 <node id="1913080504" visible="true" version="1" changeset="13099122" timestamp="2012-09-13T18:16:42Z" user="Colin Smale" uid="30525" lat="51.1870817" lon="1.1976492"/>
 <node id="1913080524" visible="true" version="1" changeset="13099122" timestamp="2012-09-13T18:16:43Z" user="Colin Smale" uid="30525" lat="51.1866291" lon="1.1981803"/>
 <node id="1913080534" visible="true" version="1" changeset="13099122" timestamp="2012-09-13T18:16:43Z" user="Colin Smale" uid="30525" lat="51.1852240" lon="1.1943002"/>
 <node id="1913080546" visible="true" version="1" changeset="13099122" timestamp="2012-09-13T18:16:44Z" user="Colin Smale" uid="30525" lat="51.1851189" lon="1.1946264"/>
 <node id="1913080557" visible="true" version="1" changeset="13099122" timestamp="2012-09-13T18:16:44Z" user="Colin Smale" uid="30525" lat="51.1849051" lon="1.1951082"/>
 <node id="1913080566" visible="true" version="1" changeset="13099122" timestamp="2012-09-13T18:16:45Z" user="Colin Smale" uid="30525" lat="51.1847548" lon="1.1954742"/>
 <node id="1913080650" visible="true" version="1" changeset="13099122" timestamp="2012-09-13T18:16:48Z" user="Colin Smale" uid="30525" lat="51.1839676" lon="1.1934060"/>
 <node id="1913080662" visible="true" version="1" changeset="13099122" timestamp="2012-09-13T18:16:49Z" user="Colin Smale" uid="30525" lat="51.1838389" lon="1.1925856"/>
 <node id="1913080710" visible="true" version="1" changeset="13099122" timestamp="2012-09-13T18:16:51Z" user="Colin Smale" uid="30525" lat="51.1838084" lon="1.1922858"/>
 <node id="1913080723" visible="true" version="1" changeset="13099122" timestamp="2012-09-13T18:16:52Z" user="Colin Smale" uid="30525" lat="51.1838322" lon="1.1921072"/>
 <node id="1913080734" visible="true" version="1" changeset="13099122" timestamp="2012-09-13T18:16:52Z" user="Colin Smale" uid="30525" lat="51.1839629" lon="1.1918643"/>
 <node id="1913080746" visible="true" version="1" changeset="13099122" timestamp="2012-09-13T18:16:53Z" user="Colin Smale" uid="30525" lat="51.1841650" lon="1.1915147"/>
 <node id="1913080757" visible="true" version="1" changeset="13099122" timestamp="2012-09-13T18:16:53Z" user="Colin Smale" uid="30525" lat="51.1845253" lon="1.1908698"/>
 <node id="1913080768" visible="true" version="1" changeset="13099122" timestamp="2012-09-13T18:16:54Z" user="Colin Smale" uid="30525" lat="51.1847573" lon="1.1904765"/>
 <node id="1913080814" visible="true" version="1" changeset="13099122" timestamp="2012-09-13T18:16:56Z" user="Colin Smale" uid="30525" lat="51.1849272" lon="1.1901834"/>
 <node id="1913080820" visible="true" version="1" changeset="13099122" timestamp="2012-09-13T18:16:56Z" user="Colin Smale" uid="30525" lat="51.1851086" lon="1.1897981"/>
 <node id="1913080829" visible="true" version="1" changeset="13099122" timestamp="2012-09-13T18:16:57Z" user="Colin Smale" uid="30525" lat="51.1852641" lon="1.1894739"/>
 <node id="1913080836" visible="true" version="1" changeset="13099122" timestamp="2012-09-13T18:16:57Z" user="Colin Smale" uid="30525" lat="51.1855363" lon="1.1889259"/>
 <node id="1913080844" visible="true" version="1" changeset="13099122" timestamp="2012-09-13T18:16:57Z" user="Colin Smale" uid="30525" lat="51.1856059" lon="1.1887804"/>
 <node id="1913080850" visible="true" version="1" changeset="13099122" timestamp="2012-09-13T18:16:58Z" user="Colin Smale" uid="30525" lat="51.1857228" lon="1.1885194"/>
 <node id="1913080857" visible="true" version="1" changeset="13099122" timestamp="2012-09-13T18:16:58Z" user="Colin Smale" uid="30525" lat="51.1859059" lon="1.1882358"/>
 <node id="1913080865" visible="true" version="1" changeset="13099122" timestamp="2012-09-13T18:16:58Z" user="Colin Smale" uid="30525" lat="51.1860775" lon="1.1880115"/>
 <node id="1913081143" visible="true" version="1" changeset="13099122" timestamp="2012-09-13T18:17:07Z" user="Colin Smale" uid="30525" lat="51.1961977" lon="1.2094129"/>
 <node id="1913081228" visible="true" version="1" changeset="13099122" timestamp="2012-09-13T18:17:09Z" user="Colin Smale" uid="30525" lat="51.1960255" lon="1.2091661"/>
 <node id="1913081295" visible="true" version="1" changeset="13099122" timestamp="2012-09-13T18:17:11Z" user="Colin Smale" uid="30525" lat="51.1777246" lon="1.1477270"/>
 <node id="1913081448" visible="true" version="1" changeset="13099122" timestamp="2012-09-13T18:17:18Z" user="Colin Smale" uid="30525" lat="51.1773896" lon="1.1476741"/>
 <node id="1913081474" visible="true" version="1" changeset="13099122" timestamp="2012-09-13T18:17:20Z" user="Colin Smale" uid="30525" lat="51.1959396" lon="1.2090184"/>
 <node id="1913081615" visible="true" version="1" changeset="13099122" timestamp="2012-09-13T18:17:27Z" user="Colin Smale" uid="30525" lat="51.1958547" lon="1.2088679"/>
 <node id="1913081791" visible="true" version="1" changeset="13099122" timestamp="2012-09-13T18:17:36Z" user="Colin Smale" uid="30525" lat="51.1980424" lon="1.2117788"/>
 <node id="1913944523" visible="true" version="1" changeset="13105993" timestamp="2012-09-14T11:13:34Z" user="Colin Smale" uid="30525" lat="51.1551073" lon="1.2030359"/>
 <node id="1917342848" visible="true" version="2" changeset="137703490" timestamp="2023-06-23T21:15:37Z" user="TomJeffs" uid="6397757" lat="51.1729329" lon="1.2079964"/>
 <node id="1917342849" visible="true" version="2" changeset="137703490" timestamp="2023-06-23T21:15:37Z" user="TomJeffs" uid="6397757" lat="51.1735823" lon="1.2083898"/>
 <node id="1917342850" visible="true" version="2" changeset="137703490" timestamp="2023-06-23T21:15:37Z" user="TomJeffs" uid="6397757" lat="51.1737014" lon="1.2084875"/>
 <node id="1917342851" visible="true" version="2" changeset="137703490" timestamp="2023-06-23T21:15:37Z" user="TomJeffs" uid="6397757" lat="51.1739846" lon="1.2088437"/>
 <node id="1917342852" visible="true" version="1" changeset="13132165" timestamp="2012-09-16T15:46:09Z" user="Gregory Williams" uid="7037" lat="51.1748530" lon="1.2098581"/>
 <node id="1917342853" visible="true" version="1" changeset="13132165" timestamp="2012-09-16T15:46:09Z" user="Gregory Williams" uid="7037" lat="51.1749667" lon="1.2102181"/>
 <node id="1917342854" visible="true" version="1" changeset="13132165" timestamp="2012-09-16T15:46:10Z" user="Gregory Williams" uid="7037" lat="51.1750057" lon="1.2104482"/>
 <node id="1917342855" visible="true" version="1" changeset="13132165" timestamp="2012-09-16T15:46:10Z" user="Gregory Williams" uid="7037" lat="51.1751500" lon="1.2110491"/>
 <node id="1917342856" visible="true" version="1" changeset="13132165" timestamp="2012-09-16T15:46:10Z" user="Gregory Williams" uid="7037" lat="51.1753027" lon="1.2113685"/>
 <node id="1917342857" visible="true" version="1" changeset="13132165" timestamp="2012-09-16T15:46:10Z" user="Gregory Williams" uid="7037" lat="51.1754351" lon="1.2116068"/>
 <node id="1917342858" visible="true" version="2" changeset="145637222" timestamp="2023-12-28T21:11:34Z" user="Nathan_A_RF" uid="5229644" lat="51.1761741" lon="1.2126660"/>
 <node id="1917342869" visible="true" version="1" changeset="13132165" timestamp="2012-09-16T15:46:10Z" user="Gregory Williams" uid="7037" lat="51.1837990" lon="1.2005511"/>
 <node id="1917342870" visible="true" version="1" changeset="13132165" timestamp="2012-09-16T15:46:10Z" user="Gregory Williams" uid="7037" lat="51.1876595" lon="1.2078723"/>
 <node id="1917342871" visible="true" version="1" changeset="13132165" timestamp="2012-09-16T15:46:10Z" user="Gregory Williams" uid="7037" lat="51.1880558" lon="1.2118286"/>
 <node id="1917342872" visible="true" version="1" changeset="13132165" timestamp="2012-09-16T15:46:10Z" user="Gregory Williams" uid="7037" lat="51.1880599" lon="1.2121918"/>
 <node id="1917342873" visible="true" version="1" changeset="13132165" timestamp="2012-09-16T15:46:10Z" user="Gregory Williams" uid="7037" lat="51.1880721" lon="1.2129052"/>
 <node id="1917342874" visible="true" version="1" changeset="13132165" timestamp="2012-09-16T15:46:10Z" user="Gregory Williams" uid="7037" lat="51.1883383" lon="1.2132263"/>
 <node id="1917342875" visible="true" version="1" changeset="13132165" timestamp="2012-09-16T15:46:10Z" user="Gregory Williams" uid="7037" lat="51.1885396" lon="1.2133982"/>
 <node id="1917342876" visible="true" version="1" changeset="13132165" timestamp="2012-09-16T15:46:10Z" user="Gregory Williams" uid="7037" lat="51.1889217" lon="1.2139884"/>
 <node id="1917342877" visible="true" version="1" changeset="13132165" timestamp="2012-09-16T15:46:10Z" user="Gregory Williams" uid="7037" lat="51.1891772" lon="1.2145384"/>
 <node id="1917342878" visible="true" version="1" changeset="13132165" timestamp="2012-09-16T15:46:10Z" user="Gregory Williams" uid="7037" lat="51.1896798" lon="1.2155320"/>
 <node id="1945615936" visible="true" version="1" changeset="13356783" timestamp="2012-10-04T07:18:27Z" user="c2r" uid="5926" lat="51.1777250" lon="1.2102938"/>
 <node id="1945615939" visible="true" version="1" changeset="13356783" timestamp="2012-10-04T07:18:27Z" user="c2r" uid="5926" lat="51.1778180" lon="1.2104035"/>
 <node id="2001911849" visible="true" version="1" changeset="13791160" timestamp="2012-11-07T22:19:12Z" user="Colin Smale" uid="30525" lat="51.2080744" lon="1.1718151"/>
 <node id="2005527385" visible="true" version="1" changeset="13815559" timestamp="2012-11-09T23:06:32Z" user="Colin Smale" uid="30525" lat="51.1855835" lon="1.1931943"/>
 <node id="2005527388" visible="true" version="1" changeset="13815559" timestamp="2012-11-09T23:06:32Z" user="Colin Smale" uid="30525" lat="51.2071493" lon="1.1726565"/>
 <node id="2005527390" visible="true" version="1" changeset="13815559" timestamp="2012-11-09T23:06:32Z" user="Colin Smale" uid="30525" lat="51.2065764" lon="1.1732185"/>
 <node id="2005527392" visible="true" version="1" changeset="13815559" timestamp="2012-11-09T23:06:32Z" user="Colin Smale" uid="30525" lat="51.1900270" lon="1.1886450"/>
 <node id="2005527394" visible="true" version="1" changeset="13815559" timestamp="2012-11-09T23:06:32Z" user="Colin Smale" uid="30525" lat="51.1969526" lon="1.1822918"/>
 <node id="2005527395" visible="true" version="1" changeset="13815559" timestamp="2012-11-09T23:06:32Z" user="Colin Smale" uid="30525" lat="51.1899647" lon="1.1886879"/>
 <node id="2005527396" visible="true" version="1" changeset="13815559" timestamp="2012-11-09T23:06:32Z" user="Colin Smale" uid="30525" lat="51.1962834" lon="1.1829185"/>
 <node id="2005527397" visible="true" version="1" changeset="13815559" timestamp="2012-11-09T23:06:32Z" user="Colin Smale" uid="30525" lat="51.1958394" lon="1.1833674"/>
 <node id="2005527398" visible="true" version="1" changeset="13815559" timestamp="2012-11-09T23:06:32Z" user="Colin Smale" uid="30525" lat="51.1931989" lon="1.1860268"/>
 <node id="2005527399" visible="true" version="1" changeset="13815559" timestamp="2012-11-09T23:06:32Z" user="Colin Smale" uid="30525" lat="51.2075133" lon="1.1723379"/>
 <node id="2005527400" visible="true" version="1" changeset="13815559" timestamp="2012-11-09T23:06:32Z" user="Colin Smale" uid="30525" lat="51.1853353" lon="1.1936853"/>
 <node id="2005527401" visible="true" version="1" changeset="13815559" timestamp="2012-11-09T23:06:32Z" user="Colin Smale" uid="30525" lat="51.2038891" lon="1.1757900"/>
 <node id="2005527402" visible="true" version="1" changeset="13815559" timestamp="2012-11-09T23:06:32Z" user="Colin Smale" uid="30525" lat="51.2025232" lon="1.1770633"/>
 <node id="2005527403" visible="true" version="1" changeset="13815559" timestamp="2012-11-09T23:06:32Z" user="Colin Smale" uid="30525" lat="51.1894200" lon="1.1890367"/>
 <node id="2005527404" visible="true" version="1" changeset="13815559" timestamp="2012-11-09T23:06:33Z" user="Colin Smale" uid="30525" lat="51.1955582" lon="1.1836200"/>
 <node id="2005527405" visible="true" version="1" changeset="13815559" timestamp="2012-11-09T23:06:33Z" user="Colin Smale" uid="30525" lat="51.1953773" lon="1.1838223"/>
 <node id="2005527406" visible="true" version="1" changeset="13815559" timestamp="2012-11-09T23:06:33Z" user="Colin Smale" uid="30525" lat="51.1920407" lon="1.1871064"/>
 <node id="2005527407" visible="true" version="1" changeset="13815559" timestamp="2012-11-09T23:06:33Z" user="Colin Smale" uid="30525" lat="51.1891959" lon="1.1891716"/>
 <node id="2005527408" visible="true" version="1" changeset="13815559" timestamp="2012-11-09T23:06:33Z" user="Colin Smale" uid="30525" lat="51.2062482" lon="1.1735468"/>
 <node id="2005527409" visible="true" version="1" changeset="13815559" timestamp="2012-11-09T23:06:33Z" user="Colin Smale" uid="30525" lat="51.1949526" lon="1.1842225"/>
 <node id="2005527410" visible="true" version="1" changeset="13815559" timestamp="2012-11-09T23:06:33Z" user="Colin Smale" uid="30525" lat="51.1945317" lon="1.1846515"/>
 <node id="2005527411" visible="true" version="1" changeset="13815559" timestamp="2012-11-09T23:06:33Z" user="Colin Smale" uid="30525" lat="51.1851493" lon="1.1940717"/>
 <node id="2005527412" visible="true" version="1" changeset="13815559" timestamp="2012-11-09T23:06:33Z" user="Colin Smale" uid="30525" lat="51.1890261" lon="1.1892958"/>
 <node id="2005527413" visible="true" version="1" changeset="13815559" timestamp="2012-11-09T23:06:33Z" user="Colin Smale" uid="30525" lat="51.2057492" lon="1.1740351"/>
 <node id="2005527414" visible="true" version="1" changeset="13815559" timestamp="2012-11-09T23:06:33Z" user="Colin Smale" uid="30525" lat="51.1888657" lon="1.1894064"/>
 <node id="2005527416" visible="true" version="1" changeset="13815559" timestamp="2012-11-09T23:06:33Z" user="Colin Smale" uid="30525" lat="51.1887010" lon="1.1895095"/>
 <node id="2005527418" visible="true" version="1" changeset="13815559" timestamp="2012-11-09T23:06:33Z" user="Colin Smale" uid="30525" lat="51.1884392" lon="1.1897061"/>
 <node id="2005527420" visible="true" version="1" changeset="13815559" timestamp="2012-11-09T23:06:33Z" user="Colin Smale" uid="30525" lat="51.1915065" lon="1.1875633"/>
 <node id="2005527422" visible="true" version="1" changeset="13815559" timestamp="2012-11-09T23:06:33Z" user="Colin Smale" uid="30525" lat="51.1941060" lon="1.1850888"/>
 <node id="2005527424" visible="true" version="1" changeset="13815559" timestamp="2012-11-09T23:06:33Z" user="Colin Smale" uid="30525" lat="51.1935551" lon="1.1856649"/>
 <node id="2005527425" visible="true" version="1" changeset="13815559" timestamp="2012-11-09T23:06:33Z" user="Colin Smale" uid="30525" lat="51.1967212" lon="1.1825335"/>
 <node id="2005527426" visible="true" version="1" changeset="13815559" timestamp="2012-11-09T23:06:33Z" user="Colin Smale" uid="30525" lat="51.1877271" lon="1.1902581"/>
 <node id="2005527427" visible="true" version="1" changeset="13815559" timestamp="2012-11-09T23:06:33Z" user="Colin Smale" uid="30525" lat="51.1875596" lon="1.1904612"/>
 <node id="2005527428" visible="true" version="1" changeset="13815559" timestamp="2012-11-09T23:06:33Z" user="Colin Smale" uid="30525" lat="51.1873143" lon="1.1907162"/>
 <node id="2005527429" visible="true" version="1" changeset="13815559" timestamp="2012-11-09T23:06:33Z" user="Colin Smale" uid="30525" lat="51.1872719" lon="1.1907849"/>
 <node id="2005527430" visible="true" version="1" changeset="13815559" timestamp="2012-11-09T23:06:33Z" user="Colin Smale" uid="30525" lat="51.1871892" lon="1.1908507"/>
 <node id="2005527431" visible="true" version="1" changeset="13815559" timestamp="2012-11-09T23:06:33Z" user="Colin Smale" uid="30525" lat="51.1870588" lon="1.1910134"/>
 <node id="2005527432" visible="true" version="1" changeset="13815559" timestamp="2012-11-09T23:06:33Z" user="Colin Smale" uid="30525" lat="51.1866638" lon="1.1914799"/>
 <node id="2005527433" visible="true" version="1" changeset="13815559" timestamp="2012-11-09T23:06:33Z" user="Colin Smale" uid="30525" lat="51.1863978" lon="1.1918337"/>
 <node id="2005527434" visible="true" version="1" changeset="13815559" timestamp="2012-11-09T23:06:33Z" user="Colin Smale" uid="30525" lat="51.2079840" lon="1.1718977"/>
 <node id="2005527435" visible="true" version="1" changeset="13815559" timestamp="2012-11-09T23:06:33Z" user="Colin Smale" uid="30525" lat="51.1925986" lon="1.1866009"/>
 <node id="2005527436" visible="true" version="1" changeset="13815559" timestamp="2012-11-09T23:06:33Z" user="Colin Smale" uid="30525" lat="51.2073291" lon="1.1724970"/>
 <node id="2005527437" visible="true" version="1" changeset="13815559" timestamp="2012-11-09T23:06:33Z" user="Colin Smale" uid="30525" lat="51.1912028" lon="1.1878143"/>
 <node id="2005527438" visible="true" version="1" changeset="13815559" timestamp="2012-11-09T23:06:33Z" user="Colin Smale" uid="30525" lat="51.2014158" lon="1.1780967"/>
 <node id="2005527439" visible="true" version="1" changeset="13815559" timestamp="2012-11-09T23:06:33Z" user="Colin Smale" uid="30525" lat="51.1974233" lon="1.1818518"/>
 <node id="2005527441" visible="true" version="1" changeset="13815559" timestamp="2012-11-09T23:06:33Z" user="Colin Smale" uid="30525" lat="51.1980094" lon="1.1813052"/>
 <node id="2005527443" visible="true" version="1" changeset="13815559" timestamp="2012-11-09T23:06:33Z" user="Colin Smale" uid="30525" lat="51.1991499" lon="1.1802170"/>
 <node id="2005527445" visible="true" version="1" changeset="13815559" timestamp="2012-11-09T23:06:33Z" user="Colin Smale" uid="30525" lat="51.1908539" lon="1.1880765"/>
 <node id="2005527447" visible="true" version="1" changeset="13815559" timestamp="2012-11-09T23:06:33Z" user="Colin Smale" uid="30525" lat="51.1851883" lon="1.1941918"/>
 <node id="2005527449" visible="true" version="1" changeset="13815559" timestamp="2012-11-09T23:06:33Z" user="Colin Smale" uid="30525" lat="51.1862381" lon="1.1920803"/>
 <node id="2005527450" visible="true" version="1" changeset="13815559" timestamp="2012-11-09T23:06:33Z" user="Colin Smale" uid="30525" lat="51.1936523" lon="1.1855643"/>
 <node id="2005527451" visible="true" version="1" changeset="13815559" timestamp="2012-11-09T23:06:33Z" user="Colin Smale" uid="30525" lat="51.1858699" lon="1.1926216"/>
 <node id="2035231240" visible="true" version="1" changeset="14049189" timestamp="2012-11-26T19:16:04Z" user="Colin Smale" uid="30525" lat="51.1689694" lon="1.2203204"/>
 <node id="2035231246" visible="true" version="1" changeset="14049189" timestamp="2012-11-26T19:16:04Z" user="Colin Smale" uid="30525" lat="51.1690206" lon="1.2205543"/>
 <node id="2035231249" visible="true" version="1" changeset="14049189" timestamp="2012-11-26T19:16:04Z" user="Colin Smale" uid="30525" lat="51.1703880" lon="1.2237459"/>
 <node id="2035231253" visible="true" version="1" changeset="14049189" timestamp="2012-11-26T19:16:04Z" user="Colin Smale" uid="30525" lat="51.1705502" lon="1.2241922"/>
 <node id="2035231256" visible="true" version="1" changeset="14049189" timestamp="2012-11-26T19:16:04Z" user="Colin Smale" uid="30525" lat="51.1702561" lon="1.2234377"/>
 <node id="2035231259" visible="true" version="1" changeset="14049189" timestamp="2012-11-26T19:16:04Z" user="Colin Smale" uid="30525" lat="51.1686207" lon="1.2190685"/>
 <node id="2035231263" visible="true" version="1" changeset="14049189" timestamp="2012-11-26T19:16:04Z" user="Colin Smale" uid="30525" lat="51.1688406" lon="1.2199037"/>
 <node id="2035231266" visible="true" version="1" changeset="14049189" timestamp="2012-11-26T19:16:04Z" user="Colin Smale" uid="30525" lat="51.1700681" lon="1.2231127"/>
 <node id="2035231269" visible="true" version="1" changeset="14049189" timestamp="2012-11-26T19:16:04Z" user="Colin Smale" uid="30525" lat="51.1694487" lon="1.2220550"/>
 <node id="2035231272" visible="true" version="1" changeset="14049189" timestamp="2012-11-26T19:16:04Z" user="Colin Smale" uid="30525" lat="51.1690018" lon="1.2175441"/>
 <node id="2035231275" visible="true" version="1" changeset="14049189" timestamp="2012-11-26T19:16:04Z" user="Colin Smale" uid="30525" lat="51.1684892" lon="1.2186187"/>
 <node id="2035231278" visible="true" version="1" changeset="14049189" timestamp="2012-11-26T19:16:04Z" user="Colin Smale" uid="30525" lat="51.1692400" lon="1.2212092"/>
 <node id="2035231281" visible="true" version="1" changeset="14049189" timestamp="2012-11-26T19:16:04Z" user="Colin Smale" uid="30525" lat="51.1862509" lon="1.1986222"/>
 <node id="2035231284" visible="true" version="1" changeset="14049189" timestamp="2012-11-26T19:16:04Z" user="Colin Smale" uid="30525" lat="51.1691844" lon="1.2165324"/>
 <node id="2035231307" visible="true" version="1" changeset="14049189" timestamp="2012-11-26T19:16:05Z" user="Colin Smale" uid="30525" lat="51.1697715" lon="1.2227142"/>
 <node id="2035231311" visible="true" version="1" changeset="14049189" timestamp="2012-11-26T19:16:05Z" user="Colin Smale" uid="30525" lat="51.1683875" lon="1.2182625"/>
 <node id="2035231315" visible="true" version="1" changeset="14049189" timestamp="2012-11-26T19:16:05Z" user="Colin Smale" uid="30525" lat="51.1697025" lon="1.2128356"/>
 <node id="2035231318" visible="true" version="1" changeset="14049189" timestamp="2012-11-26T19:16:05Z" user="Colin Smale" uid="30525" lat="51.1691756" lon="1.2171771"/>
 <node id="2035231321" visible="true" version="1" changeset="14049189" timestamp="2012-11-26T19:16:05Z" user="Colin Smale" uid="30525" lat="51.1691408" lon="1.2209562"/>
 <node id="2035231325" visible="true" version="1" changeset="14049189" timestamp="2012-11-26T19:16:05Z" user="Colin Smale" uid="30525" lat="51.1552125" lon="1.2029702"/>
 <node id="2035231327" visible="true" version="1" changeset="14049189" timestamp="2012-11-26T19:16:05Z" user="Colin Smale" uid="30525" lat="51.1703050" lon="1.2109774"/>
 <node id="2035231329" visible="true" version="1" changeset="14049189" timestamp="2012-11-26T19:16:05Z" user="Colin Smale" uid="30525" lat="51.1696642" lon="1.2225594"/>
 <node id="2035231331" visible="true" version="1" changeset="14049189" timestamp="2012-11-26T19:16:05Z" user="Colin Smale" uid="30525" lat="51.1691839" lon="1.2153406"/>
 <node id="2035231333" visible="true" version="1" changeset="14049189" timestamp="2012-11-26T19:16:05Z" user="Colin Smale" uid="30525" lat="51.1693944" lon="1.2218080"/>
 <node id="2035231336" visible="true" version="1" changeset="14049189" timestamp="2012-11-26T19:16:05Z" user="Colin Smale" uid="30525" lat="51.1687402" lon="1.2194975"/>
 <node id="2035231338" visible="true" version="1" changeset="14049189" timestamp="2012-11-26T19:16:05Z" user="Colin Smale" uid="30525" lat="51.1691815" lon="1.2157868"/>
 <node id="2035231341" visible="true" version="1" changeset="14049189" timestamp="2012-11-26T19:16:05Z" user="Colin Smale" uid="30525" lat="51.1698741" lon="1.2228745"/>
 <node id="2035231344" visible="true" version="1" changeset="14049189" timestamp="2012-11-26T19:16:05Z" user="Colin Smale" uid="30525" lat="51.1708269" lon="1.2087115"/>
 <node id="2035231347" visible="true" version="1" changeset="14049189" timestamp="2012-11-26T19:16:05Z" user="Colin Smale" uid="30525" lat="51.1695704" lon="1.2132585"/>
 <node id="2035231350" visible="true" version="1" changeset="14049189" timestamp="2012-11-26T19:16:05Z" user="Colin Smale" uid="30525" lat="51.1685221" lon="1.2181102"/>
 <node id="2035231353" visible="true" version="1" changeset="14049189" timestamp="2012-11-26T19:16:05Z" user="Colin Smale" uid="30525" lat="51.1695283" lon="1.2222366"/>
 <node id="2035231356" visible="true" version="1" changeset="14049189" timestamp="2012-11-26T19:16:05Z" user="Colin Smale" uid="30525" lat="51.1691742" lon="1.2172628"/>
 <node id="2035231359" visible="true" version="1" changeset="14049189" timestamp="2012-11-26T19:16:05Z" user="Colin Smale" uid="30525" lat="51.1691991" lon="1.2151485"/>
 <node id="2035231362" visible="true" version="1" changeset="14049189" timestamp="2012-11-26T19:16:05Z" user="Colin Smale" uid="30525" lat="51.1684004" lon="1.2182491"/>
 <node id="2035231365" visible="true" version="1" changeset="14049189" timestamp="2012-11-26T19:16:05Z" user="Colin Smale" uid="30525" lat="51.1704807" lon="1.2102113"/>
 <node id="2035231368" visible="true" version="1" changeset="14049189" timestamp="2012-11-26T19:16:05Z" user="Colin Smale" uid="30525" lat="51.1693038" lon="1.2144790"/>
 <node id="2035231371" visible="true" version="1" changeset="14049189" timestamp="2012-11-26T19:16:05Z" user="Colin Smale" uid="30525" lat="51.1611565" lon="1.1987945"/>
 <node id="2035231374" visible="true" version="1" changeset="14049189" timestamp="2012-11-26T19:16:05Z" user="Colin Smale" uid="30525" lat="51.1706013" lon="1.2097203"/>
 <node id="2035231377" visible="true" version="1" changeset="14049189" timestamp="2012-11-26T19:16:05Z" user="Colin Smale" uid="30525" lat="51.1579852" lon="1.2010167"/>
 <node id="2035231381" visible="true" version="1" changeset="14049189" timestamp="2012-11-26T19:16:05Z" user="Colin Smale" uid="30525" lat="51.1692161" lon="1.2148578"/>
 <node id="2035231383" visible="true" version="1" changeset="14049189" timestamp="2012-11-26T19:16:05Z" user="Colin Smale" uid="30525" lat="51.1858790" lon="1.1990988"/>
 <node id="2035231387" visible="true" version="1" changeset="14049189" timestamp="2012-11-26T19:16:05Z" user="Colin Smale" uid="30525" lat="51.1692997" lon="1.2214895"/>
 <node id="2035231390" visible="true" version="1" changeset="14049189" timestamp="2012-11-26T19:16:05Z" user="Colin Smale" uid="30525" lat="51.1602267" lon="1.1994426"/>
 <node id="2035231393" visible="true" version="1" changeset="14049189" timestamp="2012-11-26T19:16:05Z" user="Colin Smale" uid="30525" lat="51.1709525" lon="1.2081965"/>
 <node id="2035231397" visible="true" version="1" changeset="14049189" timestamp="2012-11-26T19:16:05Z" user="Colin Smale" uid="30525" lat="51.1703927" lon="1.2077814"/>
 <node id="2035231400" visible="true" version="1" changeset="14049189" timestamp="2012-11-26T19:16:05Z" user="Colin Smale" uid="30525" lat="51.1706731" lon="1.2078581"/>
 <node id="2035231403" visible="true" version="1" changeset="14049189" timestamp="2012-11-26T19:16:05Z" user="Colin Smale" uid="30525" lat="51.1701587" lon="1.2076878"/>
 <node id="2035231406" visible="true" version="1" changeset="14049189" timestamp="2012-11-26T19:16:05Z" user="Colin Smale" uid="30525" lat="51.1710377" lon="1.2079106"/>
 <node id="2035231409" visible="true" version="1" changeset="14049189" timestamp="2012-11-26T19:16:05Z" user="Colin Smale" uid="30525" lat="51.1698895" lon="1.2076005"/>
 <node id="2035231413" visible="true" version="1" changeset="14049189" timestamp="2012-11-26T19:16:05Z" user="Colin Smale" uid="30525" lat="51.1567626" lon="1.2018790"/>
 <node id="2035231416" visible="true" version="1" changeset="14049189" timestamp="2012-11-26T19:16:05Z" user="Colin Smale" uid="30525" lat="51.1675796" lon="1.2089767"/>
 <node id="2035231419" visible="true" version="1" changeset="14049189" timestamp="2012-11-26T19:16:05Z" user="Colin Smale" uid="30525" lat="51.1706665" lon="1.2078690"/>
 <node id="2035231422" visible="true" version="1" changeset="14049189" timestamp="2012-11-26T19:16:05Z" user="Colin Smale" uid="30525" lat="51.1707327" lon="1.2077492"/>
 <node id="2035231425" visible="true" version="1" changeset="14049189" timestamp="2012-11-26T19:16:05Z" user="Colin Smale" uid="30525" lat="51.1693844" lon="1.2078487"/>
 <node id="2035231428" visible="true" version="1" changeset="14049189" timestamp="2012-11-26T19:16:05Z" user="Colin Smale" uid="30525" lat="51.1651768" lon="1.2071173"/>
 <node id="2035231431" visible="true" version="1" changeset="14049189" timestamp="2012-11-26T19:16:05Z" user="Colin Smale" uid="30525" lat="51.1688642" lon="1.2081860"/>
 <node id="2035231434" visible="true" version="1" changeset="14049189" timestamp="2012-11-26T19:16:05Z" user="Colin Smale" uid="30525" lat="51.1672760" lon="1.2091230"/>
 <node id="2035231437" visible="true" version="1" changeset="14049189" timestamp="2012-11-26T19:16:06Z" user="Colin Smale" uid="30525" lat="51.1657624" lon="1.2076716"/>
 <node id="2035231440" visible="true" version="1" changeset="14049189" timestamp="2012-11-26T19:16:06Z" user="Colin Smale" uid="30525" lat="51.1642396" lon="1.2062626"/>
 <node id="2035231443" visible="true" version="1" changeset="14049189" timestamp="2012-11-26T19:16:06Z" user="Colin Smale" uid="30525" lat="51.1637040" lon="1.2056518"/>
 <node id="2035231446" visible="true" version="1" changeset="14049189" timestamp="2012-11-26T19:16:06Z" user="Colin Smale" uid="30525" lat="51.1635287" lon="1.2054851"/>
 <node id="2035231449" visible="true" version="1" changeset="14049189" timestamp="2012-11-26T19:16:06Z" user="Colin Smale" uid="30525" lat="51.1633549" lon="1.2052642"/>
 <node id="2035231453" visible="true" version="1" changeset="14049189" timestamp="2012-11-26T19:16:06Z" user="Colin Smale" uid="30525" lat="51.1631876" lon="1.2049335"/>
 <node id="2035231456" visible="true" version="1" changeset="14049189" timestamp="2012-11-26T19:16:06Z" user="Colin Smale" uid="30525" lat="51.1632286" lon="1.2050465"/>
 <node id="2035231459" visible="true" version="1" changeset="14049189" timestamp="2012-11-26T19:16:06Z" user="Colin Smale" uid="30525" lat="51.1631486" lon="1.2048150"/>
 <node id="2035231462" visible="true" version="1" changeset="14049189" timestamp="2012-11-26T19:16:06Z" user="Colin Smale" uid="30525" lat="51.1596090" lon="1.1998604"/>
 <node id="2035231465" visible="true" version="1" changeset="14049189" timestamp="2012-11-26T19:16:06Z" user="Colin Smale" uid="30525" lat="51.1633064" lon="1.2051950"/>
 <node id="2035231468" visible="true" version="1" changeset="14049189" timestamp="2012-11-26T19:16:06Z" user="Colin Smale" uid="30525" lat="51.1648751" lon="1.2068346"/>
 <node id="2035231471" visible="true" version="1" changeset="14049189" timestamp="2012-11-26T19:16:06Z" user="Colin Smale" uid="30525" lat="51.1829738" lon="1.2026715"/>
 <node id="2035231474" visible="true" version="1" changeset="14049189" timestamp="2012-11-26T19:16:06Z" user="Colin Smale" uid="30525" lat="51.1683989" lon="1.2084570"/>
 <node id="2035231477" visible="true" version="1" changeset="14049189" timestamp="2012-11-26T19:16:06Z" user="Colin Smale" uid="30525" lat="51.1828822" lon="1.2027968"/>
 <node id="2035231480" visible="true" version="1" changeset="14049189" timestamp="2012-11-26T19:16:06Z" user="Colin Smale" uid="30525" lat="51.1827698" lon="1.2029608"/>
 <node id="2035231483" visible="true" version="1" changeset="14049189" timestamp="2012-11-26T19:16:06Z" user="Colin Smale" uid="30525" lat="51.1823958" lon="1.2034143"/>
 <node id="2035231486" visible="true" version="1" changeset="14049189" timestamp="2012-11-26T19:16:06Z" user="Colin Smale" uid="30525" lat="51.1791788" lon="1.2099529"/>
 <node id="2035231489" visible="true" version="1" changeset="14049189" timestamp="2012-11-26T19:16:06Z" user="Colin Smale" uid="30525" lat="51.1791191" lon="1.2102250"/>
 <node id="2035231493" visible="true" version="1" changeset="14049189" timestamp="2012-11-26T19:16:06Z" user="Colin Smale" uid="30525" lat="51.1821950" lon="1.2036837"/>
 <node id="2035231496" visible="true" version="1" changeset="14049189" timestamp="2012-11-26T19:16:06Z" user="Colin Smale" uid="30525" lat="51.1790795" lon="1.2103925"/>
 <node id="2035231499" visible="true" version="1" changeset="14049189" timestamp="2012-11-26T19:16:06Z" user="Colin Smale" uid="30525" lat="51.1819589" lon="1.2039951"/>
 <node id="2035231502" visible="true" version="1" changeset="14049189" timestamp="2012-11-26T19:16:06Z" user="Colin Smale" uid="30525" lat="51.1789037" lon="1.2106679"/>
 <node id="2035231504" visible="true" version="1" changeset="14049189" timestamp="2012-11-26T19:16:06Z" user="Colin Smale" uid="30525" lat="51.1783919" lon="1.2115497"/>
 <node id="2035231506" visible="true" version="1" changeset="14049189" timestamp="2012-11-26T19:16:06Z" user="Colin Smale" uid="30525" lat="51.1764373" lon="1.2151830"/>
 <node id="2035231508" visible="true" version="1" changeset="14049189" timestamp="2012-11-26T19:16:06Z" user="Colin Smale" uid="30525" lat="51.1754983" lon="1.2169435"/>
 <node id="2035231509" visible="true" version="1" changeset="14049189" timestamp="2012-11-26T19:16:06Z" user="Colin Smale" uid="30525" lat="51.1771194" lon="1.2138638"/>
 <node id="2035231510" visible="true" version="1" changeset="14049189" timestamp="2012-11-26T19:16:06Z" user="Colin Smale" uid="30525" lat="51.1618193" lon="1.1997531"/>
 <node id="2035231511" visible="true" version="1" changeset="14049189" timestamp="2012-11-26T19:16:06Z" user="Colin Smale" uid="30525" lat="51.1627616" lon="1.2023605"/>
 <node id="2035231512" visible="true" version="1" changeset="14049189" timestamp="2012-11-26T19:16:06Z" user="Colin Smale" uid="30525" lat="51.1631190" lon="1.2046827"/>
 <node id="2035231513" visible="true" version="1" changeset="14049189" timestamp="2012-11-26T19:16:06Z" user="Colin Smale" uid="30525" lat="51.1775006" lon="1.2131505"/>
 <node id="2035231515" visible="true" version="1" changeset="14049189" timestamp="2012-11-26T19:16:06Z" user="Colin Smale" uid="30525" lat="51.1627008" lon="1.2021531"/>
 <node id="2035231529" visible="true" version="1" changeset="14049189" timestamp="2012-11-26T19:16:06Z" user="Colin Smale" uid="30525" lat="51.1623457" lon="1.2010270"/>
 <node id="2035231532" visible="true" version="1" changeset="14049189" timestamp="2012-11-26T19:16:06Z" user="Colin Smale" uid="30525" lat="51.1757109" lon="1.2165748"/>
 <node id="2035231535" visible="true" version="1" changeset="14049189" timestamp="2012-11-26T19:16:06Z" user="Colin Smale" uid="30525" lat="51.1761868" lon="1.2156235"/>
 <node id="2035231538" visible="true" version="1" changeset="14049189" timestamp="2012-11-26T19:16:06Z" user="Colin Smale" uid="30525" lat="51.1625821" lon="1.2018230"/>
 <node id="2035231541" visible="true" version="1" changeset="14049189" timestamp="2012-11-26T19:16:06Z" user="Colin Smale" uid="30525" lat="51.1630629" lon="1.2041996"/>
 <node id="2035231544" visible="true" version="1" changeset="14049189" timestamp="2012-11-26T19:16:06Z" user="Colin Smale" uid="30525" lat="51.1811369" lon="1.2050729"/>
 <node id="2035231547" visible="true" version="1" changeset="14049189" timestamp="2012-11-26T19:16:06Z" user="Colin Smale" uid="30525" lat="51.1630930" lon="1.2045450"/>
 <node id="2035231550" visible="true" version="1" changeset="14049189" timestamp="2012-11-26T19:16:06Z" user="Colin Smale" uid="30525" lat="51.1628654" lon="1.2028083"/>
 <node id="2035231553" visible="true" version="1" changeset="14049189" timestamp="2012-11-26T19:16:06Z" user="Colin Smale" uid="30525" lat="51.1768772" lon="1.2143321"/>
 <node id="2035231556" visible="true" version="1" changeset="14049189" timestamp="2012-11-26T19:16:06Z" user="Colin Smale" uid="30525" lat="51.1614135" lon="1.1986092"/>
 <node id="2035231559" visible="true" version="1" changeset="14049189" timestamp="2012-11-26T19:16:06Z" user="Colin Smale" uid="30525" lat="51.1625020" lon="1.2014312"/>
 <node id="2035231562" visible="true" version="1" changeset="14049189" timestamp="2012-11-26T19:16:07Z" user="Colin Smale" uid="30525" lat="51.1615481" lon="1.1989161"/>
 <node id="2035231565" visible="true" version="1" changeset="14049189" timestamp="2012-11-26T19:16:07Z" user="Colin Smale" uid="30525" lat="51.1629626" lon="1.2033958"/>
 <node id="2035231569" visible="true" version="1" changeset="14049189" timestamp="2012-11-26T19:16:07Z" user="Colin Smale" uid="30525" lat="51.1781993" lon="1.2119169"/>
 <node id="2035231572" visible="true" version="1" changeset="14049189" timestamp="2012-11-26T19:16:07Z" user="Colin Smale" uid="30525" lat="51.1630495" lon="1.2039698"/>
 <node id="2035231575" visible="true" version="1" changeset="14049189" timestamp="2012-11-26T19:16:07Z" user="Colin Smale" uid="30525" lat="51.1560882" lon="1.2023286"/>
 <node id="2035231578" visible="true" version="1" changeset="14049189" timestamp="2012-11-26T19:16:07Z" user="Colin Smale" uid="30525" lat="51.1621961" lon="1.2006776"/>
 <node id="2035231581" visible="true" version="1" changeset="14049189" timestamp="2012-11-26T19:16:07Z" user="Colin Smale" uid="30525" lat="51.1807963" lon="1.2055530"/>
 <node id="2035231584" visible="true" version="1" changeset="14049189" timestamp="2012-11-26T19:16:07Z" user="Colin Smale" uid="30525" lat="51.1629395" lon="1.2031896"/>
 <node id="2035231587" visible="true" version="1" changeset="14049189" timestamp="2012-11-26T19:16:07Z" user="Colin Smale" uid="30525" lat="51.1626068" lon="1.2017432"/>
 <node id="2035231590" visible="true" version="1" changeset="14049189" timestamp="2012-11-26T19:16:07Z" user="Colin Smale" uid="30525" lat="51.1807288" lon="1.2056213"/>
 <node id="2035231593" visible="true" version="1" changeset="14049189" timestamp="2012-11-26T19:16:07Z" user="Colin Smale" uid="30525" lat="51.1554007" lon="1.2028331"/>
 <node id="2035231596" visible="true" version="1" changeset="14049189" timestamp="2012-11-26T19:16:07Z" user="Colin Smale" uid="30525" lat="51.1806319" lon="1.2058092"/>
 <node id="2035231599" visible="true" version="1" changeset="14049189" timestamp="2012-11-26T19:16:07Z" user="Colin Smale" uid="30525" lat="51.1805407" lon="1.2057872"/>
 <node id="2035231602" visible="true" version="1" changeset="14049189" timestamp="2012-11-26T19:16:07Z" user="Colin Smale" uid="30525" lat="51.1565104" lon="1.2020546"/>
 <node id="2035231605" visible="true" version="1" changeset="14049189" timestamp="2012-11-26T19:16:07Z" user="Colin Smale" uid="30525" lat="51.1798963" lon="1.2067184"/>
 <node id="2035231608" visible="true" version="1" changeset="14049189" timestamp="2012-11-26T19:16:07Z" user="Colin Smale" uid="30525" lat="51.1751582" lon="1.2175366"/>
 <node id="2035231611" visible="true" version="1" changeset="14049189" timestamp="2012-11-26T19:16:07Z" user="Colin Smale" uid="30525" lat="51.1748757" lon="1.2180606"/>
 <node id="2035231614" visible="true" version="1" changeset="14049189" timestamp="2012-11-26T19:16:07Z" user="Colin Smale" uid="30525" lat="51.1751573" lon="1.2175379"/>
 <node id="2035231617" visible="true" version="1" changeset="14049189" timestamp="2012-11-26T19:16:07Z" user="Colin Smale" uid="30525" lat="51.1747348" lon="1.2183113"/>
 <node id="2035231620" visible="true" version="1" changeset="14049189" timestamp="2012-11-26T19:16:07Z" user="Colin Smale" uid="30525" lat="51.1745458" lon="1.2186429"/>
 <node id="2035231623" visible="true" version="1" changeset="14049189" timestamp="2012-11-26T19:16:07Z" user="Colin Smale" uid="30525" lat="51.1736649" lon="1.2201527"/>
 <node id="2035231626" visible="true" version="1" changeset="14049189" timestamp="2012-11-26T19:16:07Z" user="Colin Smale" uid="30525" lat="51.1736203" lon="1.2202712"/>
 <node id="2035231629" visible="true" version="1" changeset="14049189" timestamp="2012-11-26T19:16:07Z" user="Colin Smale" uid="30525" lat="51.1738788" lon="1.2197369"/>
 <node id="2035231632" visible="true" version="1" changeset="14049189" timestamp="2012-11-26T19:16:07Z" user="Colin Smale" uid="30525" lat="51.1735336" lon="1.2206758"/>
 <node id="2035231635" visible="true" version="1" changeset="14049189" timestamp="2012-11-26T19:16:07Z" user="Colin Smale" uid="30525" lat="51.1735168" lon="1.2208607"/>
 <node id="2035231638" visible="true" version="1" changeset="14049189" timestamp="2012-11-26T19:16:07Z" user="Colin Smale" uid="30525" lat="51.1735220" lon="1.2207695"/>
 <node id="2035231641" visible="true" version="1" changeset="14049189" timestamp="2012-11-26T19:16:07Z" user="Colin Smale" uid="30525" lat="51.1735414" lon="1.2206220"/>
 <node id="2035231644" visible="true" version="1" changeset="14049189" timestamp="2012-11-26T19:16:07Z" user="Colin Smale" uid="30525" lat="51.1839040" lon="1.2014866"/>
 <node id="2035231647" visible="true" version="1" changeset="14049189" timestamp="2012-11-26T19:16:07Z" user="Colin Smale" uid="30525" lat="51.1584944" lon="1.2006543"/>
 <node id="2035231650" visible="true" version="1" changeset="14049189" timestamp="2012-11-26T19:16:07Z" user="Colin Smale" uid="30525" lat="51.1838007" lon="1.2016111"/>
 <node id="2035231653" visible="true" version="1" changeset="14049189" timestamp="2012-11-26T19:16:07Z" user="Colin Smale" uid="30525" lat="51.1835817" lon="1.2018879"/>
 <node id="2035231656" visible="true" version="1" changeset="14049189" timestamp="2012-11-26T19:16:07Z" user="Colin Smale" uid="30525" lat="51.1832159" lon="1.2023377"/>
 <node id="2035231659" visible="true" version="1" changeset="14049189" timestamp="2012-11-26T19:16:07Z" user="Colin Smale" uid="30525" lat="51.1735241" lon="1.2212160"/>
 <node id="2035231662" visible="true" version="1" changeset="14049189" timestamp="2012-11-26T19:16:07Z" user="Colin Smale" uid="30525" lat="51.1734229" lon="1.2216254"/>
 <node id="2035231665" visible="true" version="1" changeset="14049189" timestamp="2012-11-26T19:16:07Z" user="Colin Smale" uid="30525" lat="51.1795589" lon="1.2079043"/>
 <node id="2035231668" visible="true" version="1" changeset="14049189" timestamp="2012-11-26T19:16:07Z" user="Colin Smale" uid="30525" lat="51.1727875" lon="1.2224196"/>
 <node id="2035231671" visible="true" version="1" changeset="14049189" timestamp="2012-11-26T19:16:07Z" user="Colin Smale" uid="30525" lat="51.1724424" lon="1.2228018"/>
 <node id="2035231674" visible="true" version="1" changeset="14049189" timestamp="2012-11-26T19:16:07Z" user="Colin Smale" uid="30525" lat="51.1730805" lon="1.2221681"/>
 <node id="2035231677" visible="true" version="1" changeset="14049189" timestamp="2012-11-26T19:16:07Z" user="Colin Smale" uid="30525" lat="51.1792576" lon="1.2094733"/>
 <node id="2035231680" visible="true" version="1" changeset="14049189" timestamp="2012-11-26T19:16:07Z" user="Colin Smale" uid="30525" lat="51.1797823" lon="1.2069738"/>
 <node id="2035231683" visible="true" version="1" changeset="14049189" timestamp="2012-11-26T19:16:07Z" user="Colin Smale" uid="30525" lat="51.1796484" lon="1.2074282"/>
 <node id="2035231685" visible="true" version="1" changeset="14049189" timestamp="2012-11-26T19:16:07Z" user="Colin Smale" uid="30525" lat="51.1794110" lon="1.2087355"/>
 <node id="2035231687" visible="true" version="1" changeset="14049189" timestamp="2012-11-26T19:16:07Z" user="Colin Smale" uid="30525" lat="51.1730303" lon="1.2222262"/>
 <node id="2035231689" visible="true" version="1" changeset="14049189" timestamp="2012-11-26T19:16:07Z" user="Colin Smale" uid="30525" lat="51.1725740" lon="1.2225621"/>
 <node id="2035231691" visible="true" version="1" changeset="14049189" timestamp="2012-11-26T19:16:07Z" user="Colin Smale" uid="30525" lat="51.1725010" lon="1.2226657"/>
 <node id="2035231693" visible="true" version="1" changeset="14049189" timestamp="2012-11-26T19:16:07Z" user="Colin Smale" uid="30525" lat="51.1794885" lon="1.2083359"/>
 <node id="2035231695" visible="true" version="1" changeset="14049189" timestamp="2012-11-26T19:16:07Z" user="Colin Smale" uid="30525" lat="51.1732058" lon="1.2219966"/>
 <node id="2035231698" visible="true" version="1" changeset="14049189" timestamp="2012-11-26T19:16:07Z" user="Colin Smale" uid="30525" lat="51.1796013" lon="1.2076682"/>
 <node id="2035231702" visible="true" version="1" changeset="14049189" timestamp="2012-11-26T19:16:07Z" user="Colin Smale" uid="30525" lat="51.1733145" lon="1.2218038"/>
 <node id="2035231703" visible="true" version="1" changeset="14049189" timestamp="2012-11-26T19:16:08Z" user="Colin Smale" uid="30525" lat="51.1725611" lon="1.2225755"/>
 <node id="2035231705" visible="true" version="1" changeset="14049189" timestamp="2012-11-26T19:16:08Z" user="Colin Smale" uid="30525" lat="51.1735123" lon="1.2213182"/>
 <node id="2035231707" visible="true" version="1" changeset="14049189" timestamp="2012-11-26T19:16:08Z" user="Colin Smale" uid="30525" lat="51.1552769" lon="1.2029203"/>
 <node id="2035231709" visible="true" version="1" changeset="14049189" timestamp="2012-11-26T19:16:08Z" user="Colin Smale" uid="30525" lat="51.1854278" lon="1.1996429"/>
 <node id="2035231711" visible="true" version="1" changeset="14049189" timestamp="2012-11-26T19:16:08Z" user="Colin Smale" uid="30525" lat="51.1847372" lon="1.2005225"/>
 <node id="2035231713" visible="true" version="1" changeset="14049189" timestamp="2012-11-26T19:16:08Z" user="Colin Smale" uid="30525" lat="51.1552153" lon="1.2029675"/>
 <node id="2035231715" visible="true" version="1" changeset="14049189" timestamp="2012-11-26T19:16:08Z" user="Colin Smale" uid="30525" lat="51.1723533" lon="1.2229659"/>
 <node id="2035231717" visible="true" version="1" changeset="14049189" timestamp="2012-11-26T19:16:08Z" user="Colin Smale" uid="30525" lat="51.1606207" lon="1.1991465"/>
 <node id="2035231719" visible="true" version="1" changeset="14049189" timestamp="2012-11-26T19:16:08Z" user="Colin Smale" uid="30525" lat="51.1722128" lon="1.2232652"/>
 <node id="2035231721" visible="true" version="1" changeset="14049189" timestamp="2012-11-26T19:16:08Z" user="Colin Smale" uid="30525" lat="51.1720776" lon="1.2234732"/>
 <node id="2035231723" visible="true" version="1" changeset="14049189" timestamp="2012-11-26T19:16:08Z" user="Colin Smale" uid="30525" lat="51.1719956" lon="1.2235419"/>
 <node id="2035231725" visible="true" version="1" changeset="14049189" timestamp="2012-11-26T19:16:08Z" user="Colin Smale" uid="30525" lat="51.1706360" lon="1.2244057"/>
 <node id="2035231727" visible="true" version="1" changeset="14049189" timestamp="2012-11-26T19:16:08Z" user="Colin Smale" uid="30525" lat="51.1714789" lon="1.2238807"/>
 <node id="2035231729" visible="true" version="1" changeset="14049189" timestamp="2012-11-26T19:16:08Z" user="Colin Smale" uid="30525" lat="51.1706608" lon="1.2243859"/>
 <node id="2035231731" visible="true" version="1" changeset="14049189" timestamp="2012-11-26T19:16:08Z" user="Colin Smale" uid="30525" lat="51.1712121" lon="1.2240324"/>
 <node id="2035231733" visible="true" version="1" changeset="14049189" timestamp="2012-11-26T19:16:08Z" user="Colin Smale" uid="30525" lat="51.1708087" lon="1.2242746"/>
 <node id="2035231742" visible="true" version="1" changeset="14049189" timestamp="2012-11-26T19:16:08Z" user="Colin Smale" uid="30525" lat="51.1720609" lon="1.2234907"/>
 <node id="2035231744" visible="true" version="1" changeset="14049189" timestamp="2012-11-26T19:16:08Z" user="Colin Smale" uid="30525" lat="51.1843076" lon="1.2010666"/>
 <node id="2035231746" visible="true" version="1" changeset="14049189" timestamp="2012-11-26T19:16:08Z" user="Colin Smale" uid="30525" lat="51.1844733" lon="1.2008634"/>
 <node id="2035231748" visible="true" version="1" changeset="14049189" timestamp="2012-11-26T19:16:08Z" user="Colin Smale" uid="30525" lat="51.1717130" lon="1.2237125"/>
 <node id="2035231750" visible="true" version="1" changeset="14049189" timestamp="2012-11-26T19:16:08Z" user="Colin Smale" uid="30525" lat="51.1709605" lon="1.2241851"/>
 <node id="2035231752" visible="true" version="1" changeset="14049189" timestamp="2012-11-26T19:16:08Z" user="Colin Smale" uid="30525" lat="51.1604555" lon="1.1993010"/>
 <node id="2426000159" visible="true" version="1" changeset="17433091" timestamp="2013-08-20T21:39:29Z" user="Colin Smale" uid="30525" lat="51.1777932" lon="1.1986129"/>
 <node id="2426000160" visible="true" version="2" changeset="21013741" timestamp="2014-03-09T20:35:13Z" user="Helmchen42" uid="1817244" lat="51.1790500" lon="1.1963990"/>
 <node id="2426000161" visible="true" version="1" changeset="17433091" timestamp="2013-08-20T21:39:29Z" user="Colin Smale" uid="30525" lat="51.1775880" lon="1.1984547"/>
 <node id="2426000162" visible="true" version="2" changeset="21013741" timestamp="2014-03-09T20:35:13Z" user="Helmchen42" uid="1817244" lat="51.1774787" lon="1.2001574"/>
 <node id="2426000163" visible="true" version="2" changeset="21013741" timestamp="2014-03-09T20:35:13Z" user="Helmchen42" uid="1817244" lat="51.1795003" lon="1.2012278"/>
 <node id="2426000164" visible="true" version="2" changeset="21013741" timestamp="2014-03-09T20:35:13Z" user="Helmchen42" uid="1817244" lat="51.1785647" lon="1.1979931"/>
 <node id="2426000165" visible="true" version="2" changeset="21013741" timestamp="2014-03-09T20:35:13Z" user="Helmchen42" uid="1817244" lat="51.1780609" lon="1.1986291"/>
 <node id="2426000166" visible="true" version="2" changeset="21013741" timestamp="2014-03-09T20:35:13Z" user="Helmchen42" uid="1817244" lat="51.1774210" lon="1.1993971"/>
 <node id="2426000167" visible="true" version="2" changeset="21013741" timestamp="2014-03-09T20:35:13Z" user="Helmchen42" uid="1817244" lat="51.1790238" lon="1.1966711"/>
 <node id="2426000168" visible="true" version="1" changeset="17433091" timestamp="2013-08-20T21:39:29Z" user="Colin Smale" uid="30525" lat="51.1793788" lon="1.2008660"/>
 <node id="2426000170" visible="true" version="1" changeset="17433091" timestamp="2013-08-20T21:39:29Z" user="Colin Smale" uid="30525" lat="51.1775399" lon="1.1976301"/>
 <node id="2426000172" visible="true" version="1" changeset="17433091" timestamp="2013-08-20T21:39:29Z" user="Colin Smale" uid="30525" lat="51.1779092" lon="1.1986264"/>
 <node id="2426000173" visible="true" version="2" changeset="21013741" timestamp="2014-03-09T20:35:13Z" user="Helmchen42" uid="1817244" lat="51.1787081" lon="1.1952096"/>
 <node id="2426000174" visible="true" version="1" changeset="17433091" timestamp="2013-08-20T21:39:29Z" user="Colin Smale" uid="30525" lat="51.1776301" lon="1.1990850"/>
 <node id="2426000175" visible="true" version="2" changeset="21013741" timestamp="2014-03-09T20:35:13Z" user="Helmchen42" uid="1817244" lat="51.1772425" lon="1.2004969"/>
 <node id="2426000176" visible="true" version="2" changeset="21013741" timestamp="2014-03-09T20:35:13Z" user="Helmchen42" uid="1817244" lat="51.1788980" lon="1.1973003"/>
 <node id="2426000177" visible="true" version="2" changeset="21013741" timestamp="2014-03-09T20:35:13Z" user="Helmchen42" uid="1817244" lat="51.1787083" lon="1.1977776"/>
 <node id="2426000179" visible="true" version="2" changeset="21013741" timestamp="2014-03-09T20:35:13Z" user="Helmchen42" uid="1817244" lat="51.1773947" lon="1.2000526"/>
 <node id="2426000180" visible="true" version="3" changeset="187679721" timestamp="2026-08-19T09:46:24Z" user="BCNorwich" uid="322785" lat="51.1773575" lon="1.1982158">
  <tag k="raceway" v="start-finish"/>
 </node>
 <node id="2426000181" visible="true" version="2" changeset="21013741" timestamp="2014-03-09T20:35:13Z" user="Helmchen42" uid="1817244" lat="51.1783611" lon="1.1950330"/>
 <node id="2426000184" visible="true" version="2" changeset="21013741" timestamp="2014-03-09T20:35:13Z" user="Helmchen42" uid="1817244" lat="51.1769949" lon="1.1993372"/>
 <node id="2426000185" visible="true" version="2" changeset="21013741" timestamp="2014-03-09T20:35:13Z" user="Helmchen42" uid="1817244" lat="51.1778864" lon="1.2003658"/>
 <node id="2426000186" visible="true" version="1" changeset="17433091" timestamp="2013-08-20T21:39:29Z" user="Colin Smale" uid="30525" lat="51.1773207" lon="1.1997395"/>
 <node id="2426000187" visible="true" version="2" changeset="21013741" timestamp="2014-03-09T20:35:13Z" user="Helmchen42" uid="1817244" lat="51.1779422" lon="1.2004636"/>
 <node id="2426000188" visible="true" version="2" changeset="21013741" timestamp="2014-03-09T20:35:13Z" user="Helmchen42" uid="1817244" lat="51.1791478" lon="1.2015212"/>
 <node id="2426000189" visible="true" version="2" changeset="21013741" timestamp="2014-03-09T20:35:13Z" user="Helmchen42" uid="1817244" lat="51.1776501" lon="1.1985356"/>
 <node id="2426000190" visible="true" version="2" changeset="21013741" timestamp="2014-03-09T20:35:13Z" user="Helmchen42" uid="1817244" lat="51.1778198" lon="1.2008435"/>
 <node id="2426000191" visible="true" version="2" changeset="21013741" timestamp="2014-03-09T20:35:13Z" user="Helmchen42" uid="1817244" lat="51.1793980" lon="1.2014497"/>
 <node id="2426000192" visible="true" version="2" changeset="21013741" timestamp="2014-03-09T20:35:13Z" user="Helmchen42" uid="1817244" lat="51.1775064" lon="1.1981939"/>
 <node id="2426000193" visible="true" version="1" changeset="17433091" timestamp="2013-08-20T21:39:30Z" user="Colin Smale" uid="30525" lat="51.1781584" lon="1.1951301"/>
 <node id="2426000194" visible="true" version="2" changeset="21013741" timestamp="2014-03-09T20:35:13Z" user="Helmchen42" uid="1817244" lat="51.1779484" lon="1.2007532"/>
 <node id="2426000195" visible="true" version="2" changeset="21013741" timestamp="2014-03-09T20:35:13Z" user="Helmchen42" uid="1817244" lat="51.1777386" lon="1.1968721"/>
 <node id="2426000196" visible="true" version="1" changeset="17433091" timestamp="2013-08-20T21:39:30Z" user="Colin Smale" uid="30525" lat="51.1776357" lon="1.1972988"/>
 <node id="2426000197" visible="true" version="2" changeset="21013741" timestamp="2014-03-09T20:35:13Z" user="Helmchen42" uid="1817244" lat="51.1780357" lon="1.1952621"/>
 <node id="2426000198" visible="true" version="2" changeset="21013741" timestamp="2014-03-09T20:35:13Z" user="Helmchen42" uid="1817244" lat="51.1782559" lon="1.1950634"/>
 <node id="2426000200" visible="true" version="2" changeset="21013741" timestamp="2014-03-09T20:35:13Z" user="Helmchen42" uid="1817244" lat="51.1769210" lon="1.1999595"/>
 <node id="2426000201" visible="true" version="2" changeset="21013741" timestamp="2014-03-09T20:35:13Z" user="Helmchen42" uid="1817244" lat="51.1779581" lon="1.1954233"/>
 <node id="2426000202" visible="true" version="2" changeset="21013741" timestamp="2014-03-09T20:35:13Z" user="Helmchen42" uid="1817244" lat="51.1794912" lon="1.2009925"/>
 <node id="2426000203" visible="true" version="2" changeset="21013741" timestamp="2014-03-09T20:35:14Z" user="Helmchen42" uid="1817244" lat="51.1769776" lon="1.2000961"/>
 <node id="2426000204" visible="true" version="2" changeset="21013741" timestamp="2014-03-09T20:35:14Z" user="Helmchen42" uid="1817244" lat="51.1776118" lon="1.2007478"/>
 <node id="2426000205" visible="true" version="2" changeset="21013741" timestamp="2014-03-09T20:35:14Z" user="Helmchen42" uid="1817244" lat="51.1769207" lon="1.1996071"/>
 <node id="2426000206" visible="true" version="2" changeset="21013741" timestamp="2014-03-09T20:35:14Z" user="Helmchen42" uid="1817244" lat="51.1790395" lon="1.1959276"/>
 <node id="2426000207" visible="true" version="2" changeset="21013741" timestamp="2014-03-09T20:35:14Z" user="Helmchen42" uid="1817244" lat="51.1788438" lon="1.1953733"/>
 <node id="2426000208" visible="true" version="1" changeset="17433091" timestamp="2013-08-20T21:39:30Z" user="Colin Smale" uid="30525" lat="51.1774729" lon="1.1978516"/>
 <node id="2426000209" visible="true" version="2" changeset="21013741" timestamp="2014-03-09T20:35:14Z" user="Helmchen42" uid="1817244" lat="51.1778442" lon="1.1960197"/>
 <node id="2426000210" visible="true" version="2" changeset="21013741" timestamp="2014-03-09T20:35:14Z" user="Helmchen42" uid="1817244" lat="51.1774825" lon="1.1980346"/>
 <node id="2426000211" visible="true" version="2" changeset="21013741" timestamp="2014-03-09T20:35:14Z" user="Helmchen42" uid="1817244" lat="51.1773849" lon="1.2006133"/>
 <node id="2426000212" visible="true" version="2" changeset="21013741" timestamp="2014-03-09T20:35:14Z" user="Helmchen42" uid="1817244" lat="51.1793282" lon="1.2015068"/>
 <node id="2426000213" visible="true" version="2" changeset="21013741" timestamp="2014-03-09T20:35:14Z" user="Helmchen42" uid="1817244" lat="51.1770548" lon="1.2002673"/>
 <node id="2709749254" visible="true" version="1" changeset="21013741" timestamp="2014-03-09T20:35:07Z" user="Helmchen42" uid="1817244" lat="51.1769017" lon="1.1997926"/>
 <node id="2709749258" visible="true" version="1" changeset="21013741" timestamp="2014-03-09T20:35:07Z" user="Helmchen42" uid="1817244" lat="51.1770729" lon="1.1999740"/>
 <node id="2709749259" visible="true" version="1" changeset="21013741" timestamp="2014-03-09T20:35:07Z" user="Helmchen42" uid="1817244" lat="51.1770767" lon="1.1997692"/>
 <node id="2709749260" visible="true" version="1" changeset="21013741" timestamp="2014-03-09T20:35:07Z" user="Helmchen42" uid="1817244" lat="51.1770983" lon="1.1996008"/>
 <node id="2709749262" visible="true" version="1" changeset="21013741" timestamp="2014-03-09T20:35:07Z" user="Helmchen42" uid="1817244" lat="51.1771021" lon="1.2001768"/>
 <node id="2709749264" visible="true" version="1" changeset="21013741" timestamp="2014-03-09T20:35:07Z" user="Helmchen42" uid="1817244" lat="51.1771313" lon="1.1994406"/>
 <node id="2709749267" visible="true" version="1" changeset="21013741" timestamp="2014-03-09T20:35:07Z" user="Helmchen42" uid="1817244" lat="51.1771517" lon="1.2016376"/>
 <node id="2709749268" visible="true" version="1" changeset="21013741" timestamp="2014-03-09T20:35:07Z" user="Helmchen42" uid="1817244" lat="51.1771687" lon="1.2004236"/>
 <node id="2709749270" visible="true" version="1" changeset="21013741" timestamp="2014-03-09T20:35:07Z" user="Helmchen42" uid="1817244" lat="51.1771962" lon="1.1992561"/>
 <node id="2709749272" visible="true" version="1" changeset="21013741" timestamp="2014-03-09T20:35:07Z" user="Helmchen42" uid="1817244" lat="51.1773182" lon="1.1989742"/>
 <node id="2709749274" visible="true" version="1" changeset="21013741" timestamp="2014-03-09T20:35:07Z" user="Helmchen42" uid="1817244" lat="51.1773417" lon="1.1998993"/>
 <node id="2709749276" visible="true" version="1" changeset="21013741" timestamp="2014-03-09T20:35:07Z" user="Helmchen42" uid="1817244" lat="51.1773506" lon="1.1995646"/>
 <node id="2709749280" visible="true" version="1" changeset="21013741" timestamp="2014-03-09T20:35:07Z" user="Helmchen42" uid="1817244" lat="51.1774365" lon="1.1986781"/>
 <node id="2709749282" visible="true" version="1" changeset="21013741" timestamp="2014-03-09T20:35:07Z" user="Helmchen42" uid="1817244" lat="51.1774912" lon="1.1985037"/>
 <node id="2709749286" visible="true" version="1" changeset="21013741" timestamp="2014-03-09T20:35:07Z" user="Helmchen42" uid="1817244" lat="51.1775121" lon="1.1992320"/>
 <node id="2709749288" visible="true" version="1" changeset="21013741" timestamp="2014-03-09T20:35:07Z" user="Helmchen42" uid="1817244" lat="51.1775203" lon="1.2019474"/>
 <node id="2709749290" visible="true" version="1" changeset="21013741" timestamp="2014-03-09T20:35:07Z" user="Helmchen42" uid="1817244" lat="51.1775248" lon="1.1971147"/>
 <node id="2709749305" visible="true" version="1" changeset="21013741" timestamp="2014-03-09T20:35:08Z" user="Helmchen42" uid="1817244" lat="51.1775369" lon="1.1983292"/>
 <node id="2709749312" visible="true" version="1" changeset="21013741" timestamp="2014-03-09T20:35:08Z" user="Helmchen42" uid="1817244" lat="51.1776151" lon="1.2002643"/>
 <node id="2709749315" visible="true" version="1" changeset="21013741" timestamp="2014-03-09T20:35:08Z" user="Helmchen42" uid="1817244" lat="51.1776881" lon="1.1995251"/>
 <node id="2709749317" visible="true" version="1" changeset="21013741" timestamp="2014-03-09T20:35:08Z" user="Helmchen42" uid="1817244" lat="51.1777276" lon="1.1985969"/>
 <node id="2709749319" visible="true" version="1" changeset="21013741" timestamp="2014-03-09T20:35:08Z" user="Helmchen42" uid="1817244" lat="51.1777324" lon="1.2021280"/>
 <node id="2709749321" visible="true" version="1" changeset="21013741" timestamp="2014-03-09T20:35:08Z" user="Helmchen42" uid="1817244" lat="51.1777842" lon="1.1966077"/>
 <node id="2709749325" visible="true" version="1" changeset="21013741" timestamp="2014-03-09T20:35:08Z" user="Helmchen42" uid="1817244" lat="51.1778866" lon="1.1964513"/>
 <node id="2709749329" visible="true" version="1" changeset="21013741" timestamp="2014-03-09T20:35:08Z" user="Helmchen42" uid="1817244" lat="51.1778935" lon="1.1956322"/>
 <node id="2709749331" visible="true" version="1" changeset="21013741" timestamp="2014-03-09T20:35:08Z" user="Helmchen42" uid="1817244" lat="51.1778993" lon="1.2008116"/>
 <node id="2709749333" visible="true" version="1" changeset="21013741" timestamp="2014-03-09T20:35:08Z" user="Helmchen42" uid="1817244" lat="51.1779692" lon="1.2005702"/>
 <node id="2709749336" visible="true" version="1" changeset="21013741" timestamp="2014-03-09T20:35:08Z" user="Helmchen42" uid="1817244" lat="51.1779730" lon="1.2006574"/>
 <node id="2709749337" visible="true" version="1" changeset="21013741" timestamp="2014-03-09T20:35:08Z" user="Helmchen42" uid="1817244" lat="51.1779842" lon="1.2021854"/>
 <node id="2709749341" visible="true" version="1" changeset="21013741" timestamp="2014-03-09T20:35:08Z" user="Helmchen42" uid="1817244" lat="51.1780455" lon="1.1960923"/>
 <node id="2709749343" visible="true" version="1" changeset="21013741" timestamp="2014-03-09T20:35:08Z" user="Helmchen42" uid="1817244" lat="51.1781332" lon="1.1959179"/>
 <node id="2709749345" visible="true" version="2" changeset="150893420" timestamp="2024-05-04T18:39:52Z" user="mapboy63" uid="12340839" lat="51.1779152" lon="1.1942345"/>
 <node id="2709749347" visible="true" version="2" changeset="137703783" timestamp="2023-06-23T21:32:02Z" user="TomJeffs" uid="6397757" lat="51.1781529" lon="1.1942145"/>
 <node id="2709749349" visible="true" version="1" changeset="21013741" timestamp="2014-03-09T20:35:08Z" user="Helmchen42" uid="1817244" lat="51.1782222" lon="1.1957840"/>
 <node id="2709749351" visible="true" version="2" changeset="150893420" timestamp="2024-05-04T18:39:52Z" user="mapboy63" uid="12340839" lat="51.1781572" lon="1.1938914"/>
 <node id="2709749353" visible="true" version="2" changeset="137703783" timestamp="2023-06-23T21:32:02Z" user="TomJeffs" uid="6397757" lat="51.1783293" lon="1.1941412"/>
 <node id="2709749355" visible="true" version="1" changeset="21013741" timestamp="2014-03-09T20:35:08Z" user="Helmchen42" uid="1817244" lat="51.1783366" lon="1.1956400"/>
 <node id="2709749358" visible="true" version="1" changeset="21013741" timestamp="2014-03-09T20:35:08Z" user="Helmchen42" uid="1817244" lat="51.1783703" lon="1.1982525"/>
 <node id="2709749362" visible="true" version="1" changeset="21013741" timestamp="2014-03-09T20:35:08Z" user="Helmchen42" uid="1817244" lat="51.1784155" lon="1.1955873"/>
 <node id="2709749369" visible="true" version="1" changeset="21013741" timestamp="2014-03-09T20:35:08Z" user="Helmchen42" uid="1817244" lat="51.1784497" lon="1.1941582"/>
 <node id="2709749371" visible="true" version="1" changeset="21013741" timestamp="2014-03-09T20:35:08Z" user="Helmchen42" uid="1817244" lat="51.1784720" lon="1.1950421"/>
 <node id="2709749376" visible="true" version="1" changeset="21013741" timestamp="2014-03-09T20:35:08Z" user="Helmchen42" uid="1817244" lat="51.1785045" lon="1.1955670"/>
 <node id="2709749378" visible="true" version="1" changeset="21013741" timestamp="2014-03-09T20:35:08Z" user="Helmchen42" uid="1817244" lat="51.1785349" lon="1.2002633"/>
 <node id="2709749381" visible="true" version="1" changeset="21013741" timestamp="2014-03-09T20:35:08Z" user="Helmchen42" uid="1817244" lat="51.1785539" lon="1.1942312"/>
 <node id="2709749383" visible="true" version="1" changeset="21013741" timestamp="2014-03-09T20:35:08Z" user="Helmchen42" uid="1817244" lat="51.1785757" lon="1.2019990"/>
 <node id="2709749385" visible="true" version="1" changeset="21013741" timestamp="2014-03-09T20:35:08Z" user="Helmchen42" uid="1817244" lat="51.1785763" lon="1.1950867"/>
 <node id="2709749390" visible="true" version="1" changeset="21013741" timestamp="2014-03-09T20:35:08Z" user="Helmchen42" uid="1817244" lat="51.1785883" lon="1.1992898"/>
 <node id="2709749392" visible="true" version="1" changeset="21013741" timestamp="2014-03-09T20:35:08Z" user="Helmchen42" uid="1817244" lat="51.1785922" lon="1.1955751"/>
 <node id="2709749394" visible="true" version="1" changeset="21013741" timestamp="2014-03-09T20:35:08Z" user="Helmchen42" uid="1817244" lat="51.1786035" lon="1.1949877"/>
 <node id="2709749397" visible="true" version="1" changeset="21013741" timestamp="2014-03-09T20:35:09Z" user="Helmchen42" uid="1817244" lat="51.1786099" lon="1.1943225"/>
 <node id="2709749406" visible="true" version="1" changeset="21013741" timestamp="2014-03-09T20:35:09Z" user="Helmchen42" uid="1817244" lat="51.1786248" lon="1.1947584"/>
 <node id="2709749408" visible="true" version="1" changeset="21013741" timestamp="2014-03-09T20:35:09Z" user="Helmchen42" uid="1817244" lat="51.1786378" lon="1.1944097"/>
 <node id="2709749410" visible="true" version="1" changeset="21013741" timestamp="2014-03-09T20:35:09Z" user="Helmchen42" uid="1817244" lat="51.1786391" lon="1.1946247"/>
 <node id="2709749413" visible="true" version="1" changeset="21013741" timestamp="2014-03-09T20:35:09Z" user="Helmchen42" uid="1817244" lat="51.1786398" lon="1.1944765"/>
 <node id="2709749415" visible="true" version="1" changeset="21013741" timestamp="2014-03-09T20:35:09Z" user="Helmchen42" uid="1817244" lat="51.1786596" lon="1.1955995"/>
 <node id="2709749417" visible="true" version="1" changeset="21013741" timestamp="2014-03-09T20:35:09Z" user="Helmchen42" uid="1817244" lat="51.1786680" lon="1.2012765"/>
 <node id="2709749420" visible="true" version="1" changeset="21013741" timestamp="2014-03-09T20:35:09Z" user="Helmchen42" uid="1817244" lat="51.1786991" lon="1.1945052"/>
 <node id="2709749421" visible="true" version="1" changeset="21013741" timestamp="2014-03-09T20:35:09Z" user="Helmchen42" uid="1817244" lat="51.1787154" lon="1.1992371"/>
 <node id="2709749436" visible="true" version="1" changeset="21013741" timestamp="2014-03-09T20:35:09Z" user="Helmchen42" uid="1817244" lat="51.1787295" lon="1.1956623"/>
 <node id="2709749445" visible="true" version="1" changeset="21013741" timestamp="2014-03-09T20:35:09Z" user="Helmchen42" uid="1817244" lat="51.1787711" lon="1.1945740"/>
 <node id="2709749449" visible="true" version="1" changeset="21013741" timestamp="2014-03-09T20:35:09Z" user="Helmchen42" uid="1817244" lat="51.1787981" lon="1.1957800"/>
 <node id="2709749454" visible="true" version="1" changeset="21013741" timestamp="2014-03-09T20:35:09Z" user="Helmchen42" uid="1817244" lat="51.1788038" lon="1.1975731"/>
 <node id="2709749458" visible="true" version="1" changeset="21013741" timestamp="2014-03-09T20:35:09Z" user="Helmchen42" uid="1817244" lat="51.1788044" lon="1.1991600"/>
 <node id="2709749466" visible="true" version="1" changeset="21013741" timestamp="2014-03-09T20:35:09Z" user="Helmchen42" uid="1817244" lat="51.1788604" lon="1.1960051"/>
 <node id="2709749475" visible="true" version="1" changeset="21013741" timestamp="2014-03-09T20:35:09Z" user="Helmchen42" uid="1817244" lat="51.1788846" lon="1.1962099"/>
 <node id="2709749479" visible="true" version="1" changeset="21013741" timestamp="2014-03-09T20:35:09Z" user="Helmchen42" uid="1817244" lat="51.1788871" lon="1.1964634"/>
 <node id="2709749484" visible="true" version="1" changeset="21013741" timestamp="2014-03-09T20:35:09Z" user="Helmchen42" uid="1817244" lat="51.1789373" lon="1.1955410"/>
 <node id="2709749492" visible="true" version="1" changeset="21013741" timestamp="2014-03-09T20:35:09Z" user="Helmchen42" uid="1817244" lat="51.1789742" lon="1.1969768"/>
 <node id="2709749495" visible="true" version="1" changeset="21013741" timestamp="2014-03-09T20:35:09Z" user="Helmchen42" uid="1817244" lat="51.1789785" lon="1.2020795"/>
 <node id="2709749499" visible="true" version="1" changeset="21013741" timestamp="2014-03-09T20:35:09Z" user="Helmchen42" uid="1817244" lat="51.1790060" lon="1.1957377"/>
 <node id="2709749502" visible="true" version="1" changeset="21013741" timestamp="2014-03-09T20:35:09Z" user="Helmchen42" uid="1817244" lat="51.1790543" lon="1.1961311"/>
 <node id="2709749516" visible="true" version="1" changeset="21013741" timestamp="2014-03-09T20:35:09Z" user="Helmchen42" uid="1817244" lat="51.1792407" lon="1.2015346"/>
 <node id="2709749530" visible="true" version="1" changeset="21013741" timestamp="2014-03-09T20:35:10Z" user="Helmchen42" uid="1817244" lat="51.1794129" lon="1.1955893"/>
 <node id="2709749533" visible="true" version="2" changeset="181356056" timestamp="2026-04-15T08:55:09Z" user="Simcoaxial" uid="547585" lat="51.1793640" lon="1.2021828"/>
 <node id="2709749537" visible="true" version="1" changeset="21013741" timestamp="2014-03-09T20:35:10Z" user="Helmchen42" uid="1817244" lat="51.1794547" lon="1.2009194"/>
 <node id="2709749539" visible="true" version="1" changeset="21013741" timestamp="2014-03-09T20:35:10Z" user="Helmchen42" uid="1817244" lat="51.1794547" lon="1.2013668"/>
 <node id="2709749541" visible="true" version="1" changeset="21013741" timestamp="2014-03-09T20:35:10Z" user="Helmchen42" uid="1817244" lat="51.1794688" lon="1.2020136"/>
 <node id="2709749543" visible="true" version="1" changeset="21013741" timestamp="2014-03-09T20:35:10Z" user="Helmchen42" uid="1817244" lat="51.1795104" lon="1.2010972"/>
 <node id="2709749547" visible="true" version="1" changeset="21013741" timestamp="2014-03-09T20:35:10Z" user="Helmchen42" uid="1817244" lat="51.1795626" lon="1.1969539"/>
 <node id="2709749551" visible="true" version="1" changeset="21013741" timestamp="2014-03-09T20:35:10Z" user="Helmchen42" uid="1817244" lat="51.1795931" lon="1.1968870"/>
 <node id="2709749556" visible="true" version="1" changeset="21013741" timestamp="2014-03-09T20:35:10Z" user="Helmchen42" uid="1817244" lat="51.1796275" lon="1.2016519"/>
 <node id="2709749558" visible="true" version="1" changeset="21013741" timestamp="2014-03-09T20:35:10Z" user="Helmchen42" uid="1817244" lat="51.1796299" lon="1.1968403"/>
 <node id="2709749560" visible="true" version="1" changeset="21013741" timestamp="2014-03-09T20:35:10Z" user="Helmchen42" uid="1817244" lat="51.1796694" lon="1.1968119"/>
 <node id="2709749562" visible="true" version="1" changeset="21013741" timestamp="2014-03-09T20:35:10Z" user="Helmchen42" uid="1817244" lat="51.1797126" lon="1.1968079"/>
 <node id="2709749564" visible="true" version="1" changeset="21013741" timestamp="2014-03-09T20:35:10Z" user="Helmchen42" uid="1817244" lat="51.1797596" lon="1.1968201"/>
 <node id="2709749566" visible="true" version="1" changeset="21013741" timestamp="2014-03-09T20:35:10Z" user="Helmchen42" uid="1817244" lat="51.1802460" lon="1.1996242"/>
 <node id="2709749568" visible="true" version="1" changeset="21013741" timestamp="2014-03-09T20:35:10Z" user="Helmchen42" uid="1817244" lat="51.1803025" lon="1.1971973"/>
 <node id="2709749570" visible="true" version="1" changeset="21013741" timestamp="2014-03-09T20:35:10Z" user="Helmchen42" uid="1817244" lat="51.1803587" lon="1.1971037"/>
 <node id="2709749572" visible="true" version="1" changeset="21013741" timestamp="2014-03-09T20:35:10Z" user="Helmchen42" uid="1817244" lat="51.1804656" lon="1.1973273"/>
 <node id="2709749574" visible="true" version="2" changeset="137703490" timestamp="2023-06-23T21:15:37Z" user="TomJeffs" uid="6397757" lat="51.1809274" lon="1.1975706"/>
 <node id="3563190510" visible="true" version="1" changeset="31630078" timestamp="2015-06-01T10:35:14Z" user="IknowJoseph" uid="30587" lat="51.1701904" lon="1.1996642"/>
 <node id="3563190511" visible="true" version="1" changeset="31630078" timestamp="2015-06-01T10:35:14Z" user="IknowJoseph" uid="30587" lat="51.1699269" lon="1.2006440"/>
 <node id="3563190512" visible="true" version="1" changeset="31630078" timestamp="2015-06-01T10:35:14Z" user="IknowJoseph" uid="30587" lat="51.1700806" lon="1.1999418"/>
 <node id="4657068790" visible="true" version="1" changeset="45754015" timestamp="2017-02-02T17:30:34Z" user="kreuzschnabel" uid="2773866" lat="51.2084151" lon="1.1716723"/>
 <node id="4657068791" visible="true" version="1" changeset="45754015" timestamp="2017-02-02T17:30:34Z" user="kreuzschnabel" uid="2773866" lat="51.2071699" lon="1.1725762"/>
 <node id="4657068792" visible="true" version="1" changeset="45754015" timestamp="2017-02-02T17:30:34Z" user="kreuzschnabel" uid="2773866" lat="51.1953483" lon="1.1837717"/>
 <node id="4657068793" visible="true" version="1" changeset="45754015" timestamp="2017-02-02T17:30:34Z" user="kreuzschnabel" uid="2773866" lat="51.1947129" lon="1.1846032"/>
 <node id="4657068794" visible="true" version="1" changeset="45754015" timestamp="2017-02-02T17:30:34Z" user="kreuzschnabel" uid="2773866" lat="51.1946608" lon="1.1844503"/>
 <node id="4657068795" visible="true" version="1" changeset="45754015" timestamp="2017-02-02T17:30:34Z" user="kreuzschnabel" uid="2773866" lat="51.1922571" lon="1.1868536"/>
 <node id="4657068796" visible="true" version="1" changeset="45754015" timestamp="2017-02-02T17:30:34Z" user="kreuzschnabel" uid="2773866" lat="51.1923193" lon="1.1869984"/>
 <node id="4657068797" visible="true" version="1" changeset="45754015" timestamp="2017-02-02T17:30:34Z" user="kreuzschnabel" uid="2773866" lat="51.1908938" lon="1.1881732"/>
 <node id="4657068798" visible="true" version="1" changeset="45754015" timestamp="2017-02-02T17:30:34Z" user="kreuzschnabel" uid="2773866" lat="51.1908585" lon="1.1880069"/>
 <node id="4657068799" visible="true" version="1" changeset="45754015" timestamp="2017-02-02T17:30:34Z" user="kreuzschnabel" uid="2773866" lat="51.1903727" lon="1.1883556"/>
 <node id="4657068800" visible="true" version="1" changeset="45754015" timestamp="2017-02-02T17:30:34Z" user="kreuzschnabel" uid="2773866" lat="51.1904198" lon="1.1885139"/>
 <node id="4657068801" visible="true" version="1" changeset="45754015" timestamp="2017-02-02T17:30:34Z" user="kreuzschnabel" uid="2773866" lat="51.1898549" lon="1.1888840"/>
 <node id="4657068802" visible="true" version="1" changeset="45754015" timestamp="2017-02-02T17:30:34Z" user="kreuzschnabel" uid="2773866" lat="51.1898264" lon="1.1887204"/>
 <node id="4657068803" visible="true" version="1" changeset="45754015" timestamp="2017-02-02T17:30:34Z" user="kreuzschnabel" uid="2773866" lat="51.1881924" lon="1.1900159"/>
 <node id="4731134962" visible="true" version="2" changeset="52628585" timestamp="2017-10-04T15:23:53Z" user="smb1001" uid="281267" lat="51.1795758" lon="1.2072007"/>
 <node id="4731134963" visible="true" version="2" changeset="52628585" timestamp="2017-10-04T15:23:53Z" user="smb1001" uid="281267" lat="51.2060067" lon="1.1741817"/>
 <node id="4786869171" visible="true" version="1" changeset="47634801" timestamp="2017-04-10T18:37:16Z" user="Max--" uid="34555" lat="51.2529532" lon="1.3065643"/>
 <node id="5004382241" visible="true" version="1" changeset="50709976" timestamp="2017-07-31T06:55:07Z" user="Essex_Boy" uid="1247041" lat="51.1973752" lon="1.1834007"/>
 <node id="5122024796" visible="true" version="2" changeset="154356094" timestamp="2024-07-24T15:40:19Z" user="Palgrave Peter" uid="11471297" lat="51.1863229" lon="1.2264505"/>
 <node id="5122024797" visible="true" version="1" changeset="52277022" timestamp="2017-09-22T13:49:50Z" user="Essex_Boy" uid="1247041" lat="51.1936974" lon="1.2095567"/>
 <node id="5122024798" visible="true" version="1" changeset="52277022" timestamp="2017-09-22T13:49:50Z" user="Essex_Boy" uid="1247041" lat="51.1939647" lon="1.2089891"/>
 <node id="5122024799" visible="true" version="2" changeset="172007372" timestamp="2025-09-16T10:43:23Z" user="papaj" uid="568934" lat="51.1833182" lon="1.2212860"/>
 <node id="5122024800" visible="true" version="2" changeset="154267889" timestamp="2024-07-22T15:08:34Z" user="Palgrave Peter" uid="11471297" lat="51.1927617" lon="1.2057080"/>
 <node id="5122024801" visible="true" version="1" changeset="52277022" timestamp="2017-09-22T13:49:50Z" user="Essex_Boy" uid="1247041" lat="51.1877644" lon="1.2075885"/>
 <node id="5122024802" visible="true" version="2" changeset="154356094" timestamp="2024-07-24T15:40:19Z" user="Palgrave Peter" uid="11471297" lat="51.1796054" lon="1.2174684"/>
 <node id="5122024803" visible="true" version="1" changeset="52277022" timestamp="2017-09-22T13:49:50Z" user="Essex_Boy" uid="1247041" lat="51.1881016" lon="1.2142141"/>
 <node id="5122024804" visible="true" version="2" changeset="157334628" timestamp="2024-10-01T11:29:26Z" user="Palgrave Peter" uid="11471297" lat="51.1837309" lon="1.1976515"/>
 <node id="5122024805" visible="true" version="1" changeset="52277022" timestamp="2017-09-22T13:49:50Z" user="Essex_Boy" uid="1247041" lat="51.1786710" lon="1.2163716"/>
 <node id="5122024806" visible="true" version="1" changeset="52277022" timestamp="2017-09-22T13:49:50Z" user="Essex_Boy" uid="1247041" lat="51.1884059" lon="1.2165744"/>
 <node id="5122024807" visible="true" version="2" changeset="157339997" timestamp="2024-10-01T13:31:40Z" user="Palgrave Peter" uid="11471297" lat="51.1914014" lon="1.1879161"/>
 <node id="5122024808" visible="true" version="1" changeset="52277022" timestamp="2017-09-22T13:49:50Z" user="Essex_Boy" uid="1247041" lat="51.1845170" lon="1.2246902"/>
 <node id="5122024809" visible="true" version="2" changeset="154356094" timestamp="2024-07-24T15:40:19Z" user="Palgrave Peter" uid="11471297" lat="51.1810438" lon="1.2201815"/>
 <node id="5122024810" visible="true" version="2" changeset="172007372" timestamp="2025-09-16T10:43:23Z" user="papaj" uid="568934" lat="51.1829328" lon="1.2209043"/>
 <node id="5122024811" visible="true" version="1" changeset="52277022" timestamp="2017-09-22T13:49:51Z" user="Essex_Boy" uid="1247041" lat="51.1914664" lon="1.2137264"/>
 <node id="5122024813" visible="true" version="1" changeset="52277022" timestamp="2017-09-22T13:49:51Z" user="Essex_Boy" uid="1247041" lat="51.1942336" lon="1.2086726"/>
 <node id="5122024814" visible="true" version="2" changeset="154356094" timestamp="2024-07-24T15:40:19Z" user="Palgrave Peter" uid="11471297" lat="51.1855328" lon="1.2282090"/>
 <node id="5122024815" visible="true" version="1" changeset="52277022" timestamp="2017-09-22T13:49:51Z" user="Essex_Boy" uid="1247041" lat="51.1927265" lon="1.2111832"/>
 <node id="5122024816" visible="true" version="2" changeset="154356094" timestamp="2024-07-24T15:40:19Z" user="Palgrave Peter" uid="11471297" lat="51.1808619" lon="1.2201292"/>
 <node id="5122024817" visible="true" version="2" changeset="154267889" timestamp="2024-07-22T15:08:34Z" user="Palgrave Peter" uid="11471297" lat="51.1802410" lon="1.2146928"/>
 <node id="5122024819" visible="true" version="2" changeset="154356094" timestamp="2024-07-24T15:40:19Z" user="Palgrave Peter" uid="11471297" lat="51.1783205" lon="1.2097882"/>
 <node id="5122024820" visible="true" version="1" changeset="52277022" timestamp="2017-09-22T13:49:51Z" user="Essex_Boy" uid="1247041" lat="51.1926784" lon="1.1896017"/>
 <node id="5122027622" visible="true" version="2" changeset="154356094" timestamp="2024-07-24T15:40:19Z" user="Palgrave Peter" uid="11471297" lat="51.1871488" lon="1.2227639"/>
 <node id="5122027623" visible="true" version="1" changeset="52277022" timestamp="2017-09-22T13:49:51Z" user="Essex_Boy" uid="1247041" lat="51.1803289" lon="1.2053059"/>
 <node id="5122027624" visible="true" version="2" changeset="154356094" timestamp="2024-07-24T15:40:19Z" user="Palgrave Peter" uid="11471297" lat="51.1848442" lon="1.2275994"/>
 <node id="5122027625" visible="true" version="2" changeset="154356094" timestamp="2024-07-24T15:40:19Z" user="Palgrave Peter" uid="11471297" lat="51.1808517" lon="1.2221849"/>
 <node id="5122027626" visible="true" version="1" changeset="52277022" timestamp="2017-09-22T13:49:51Z" user="Essex_Boy" uid="1247041" lat="51.1840695" lon="1.2259010"/>
 <node id="5122027627" visible="true" version="1" changeset="52277022" timestamp="2017-09-22T13:49:51Z" user="Essex_Boy" uid="1247041" lat="51.1882432" lon="1.2130827"/>
 <node id="5122027628" visible="true" version="1" changeset="52277022" timestamp="2017-09-22T13:49:51Z" user="Essex_Boy" uid="1247041" lat="51.1875358" lon="1.1909491"/>
 <node id="5122027631" visible="true" version="1" changeset="52277022" timestamp="2017-09-22T13:49:51Z" user="Essex_Boy" uid="1247041" lat="51.1855433" lon="1.2258441"/>
 <node id="5122027632" visible="true" version="2" changeset="154356094" timestamp="2024-07-24T15:40:19Z" user="Palgrave Peter" uid="11471297" lat="51.1818204" lon="1.2233513"/>
 <node id="5122027633" visible="true" version="2" changeset="154267889" timestamp="2024-07-22T15:08:34Z" user="Palgrave Peter" uid="11471297" lat="51.1941772" lon="1.2074448"/>
 <node id="5122027634" visible="true" version="1" changeset="52277022" timestamp="2017-09-22T13:49:51Z" user="Essex_Boy" uid="1247041" lat="51.1896893" lon="1.2147371"/>
 <node id="5122027635" visible="true" version="1" changeset="52277022" timestamp="2017-09-22T13:49:51Z" user="Essex_Boy" uid="1247041" lat="51.1856922" lon="1.2128681"/>
 <node id="5122027638" visible="true" version="1" changeset="52277022" timestamp="2017-09-22T13:49:51Z" user="Essex_Boy" uid="1247041" lat="51.1905096" lon="1.2161120"/>
 <node id="5122027639" visible="true" version="1" changeset="52277022" timestamp="2017-09-22T13:49:51Z" user="Essex_Boy" uid="1247041" lat="51.1871871" lon="1.2163260"/>
 <node id="5122027640" visible="true" version="1" changeset="52277022" timestamp="2017-09-22T13:49:51Z" user="Essex_Boy" uid="1247041" lat="51.1838644" lon="1.2259573"/>
 <node id="5122027641" visible="true" version="1" changeset="52277022" timestamp="2017-09-22T13:49:51Z" user="Essex_Boy" uid="1247041" lat="51.1867947" lon="1.2175609"/>
 <node id="5122027642" visible="true" version="2" changeset="154267889" timestamp="2024-07-22T15:08:34Z" user="Palgrave Peter" uid="11471297" lat="51.1918793" lon="1.1878604"/>
 <node id="5122027643" visible="true" version="1" changeset="52277022" timestamp="2017-09-22T13:49:51Z" user="Essex_Boy" uid="1247041" lat="51.1891073" lon="1.1895941"/>
 <node id="5122027644" visible="true" version="1" changeset="52277022" timestamp="2017-09-22T13:49:51Z" user="Essex_Boy" uid="1247041" lat="51.1878941" lon="1.2232427"/>
 <node id="5122027645" visible="true" version="2" changeset="154356094" timestamp="2024-07-24T15:40:19Z" user="Palgrave Peter" uid="11471297" lat="51.1825247" lon="1.2237000"/>
 <node id="5122027646" visible="true" version="1" changeset="52277022" timestamp="2017-09-22T13:49:51Z" user="Essex_Boy" uid="1247041" lat="51.1867591" lon="1.2056455"/>
 <node id="5122027647" visible="true" version="2" changeset="154267889" timestamp="2024-07-22T15:08:34Z" user="Palgrave Peter" uid="11471297" lat="51.1787225" lon="1.2151883"/>
 <node id="5122027648" visible="true" version="1" changeset="52277022" timestamp="2017-09-22T13:49:51Z" user="Essex_Boy" uid="1247041" lat="51.1892411" lon="1.2188924"/>
 <node id="5122027649" visible="true" version="1" changeset="52277022" timestamp="2017-09-22T13:49:51Z" user="Essex_Boy" uid="1247041" lat="51.1827995" lon="1.2077750"/>
 <node id="5122027650" visible="true" version="1" changeset="52277022" timestamp="2017-09-22T13:49:51Z" user="Essex_Boy" uid="1247041" lat="51.1896751" lon="1.2179558"/>
 <node id="5122027651" visible="true" version="1" changeset="52277022" timestamp="2017-09-22T13:49:51Z" user="Essex_Boy" uid="1247041" lat="51.1826887" lon="1.2106836"/>
 <node id="5122027652" visible="true" version="1" changeset="52277022" timestamp="2017-09-22T13:49:51Z" user="Essex_Boy" uid="1247041" lat="51.1910200" lon="1.2149404"/>
 <node id="5122027653" visible="true" version="2" changeset="154356094" timestamp="2024-07-24T15:40:19Z" user="Palgrave Peter" uid="11471297" lat="51.1807262" lon="1.2199232"/>
 <node id="5122027654" visible="true" version="1" changeset="52277022" timestamp="2017-09-22T13:49:51Z" user="Essex_Boy" uid="1247041" lat="51.1805074" lon="1.2051691"/>
 <node id="5122027655" visible="true" version="2" changeset="172007372" timestamp="2025-09-16T10:43:23Z" user="papaj" uid="568934" lat="51.1830568" lon="1.2221129"/>
 <node id="5122027656" visible="true" version="1" changeset="52277022" timestamp="2017-09-22T13:49:51Z" user="Essex_Boy" uid="1247041" lat="51.1837581" lon="1.2091163"/>
 <node id="5122027657" visible="true" version="2" changeset="154356094" timestamp="2024-07-24T15:40:19Z" user="Palgrave Peter" uid="11471297" lat="51.1812679" lon="1.2207722"/>
 <node id="5122027659" visible="true" version="1" changeset="52277022" timestamp="2017-09-22T13:49:51Z" user="Essex_Boy" uid="1247041" lat="51.1812237" lon="1.2060296"/>
 <node id="5122027660" visible="true" version="2" changeset="154356094" timestamp="2024-07-24T15:40:19Z" user="Palgrave Peter" uid="11471297" lat="51.1873175" lon="1.2221092"/>
 <node id="5122027662" visible="true" version="1" changeset="52277022" timestamp="2017-09-22T13:49:51Z" user="Essex_Boy" uid="1247041" lat="51.1878887" lon="1.2086011"/>
 <node id="5122027663" visible="true" version="2" changeset="154356094" timestamp="2024-07-24T15:40:19Z" user="Palgrave Peter" uid="11471297" lat="51.1827782" lon="1.2242787"/>
 <node id="5122027664" visible="true" version="2" changeset="157334628" timestamp="2024-10-01T11:29:26Z" user="Palgrave Peter" uid="11471297" lat="51.1860490" lon="1.1927931"/>
 <node id="5122027665" visible="true" version="2" changeset="154356094" timestamp="2024-07-24T15:40:19Z" user="Palgrave Peter" uid="11471297" lat="51.1870270" lon="1.2271479"/>
 <node id="5122027666" visible="true" version="1" changeset="52277022" timestamp="2017-09-22T13:49:52Z" user="Essex_Boy" uid="1247041" lat="51.1882086" lon="1.2122357"/>
 <node id="5122027667" visible="true" version="1" changeset="52277022" timestamp="2017-09-22T13:49:52Z" user="Essex_Boy" uid="1247041" lat="51.1889748" lon="1.2198644"/>
 <node id="5122027668" visible="true" version="1" changeset="52277022" timestamp="2017-09-22T13:49:52Z" user="Essex_Boy" uid="1247041" lat="51.1836939" lon="1.2264487"/>
 <node id="5122027669" visible="true" version="2" changeset="154356094" timestamp="2024-07-24T15:40:19Z" user="Palgrave Peter" uid="11471297" lat="51.1781383" lon="1.2155331"/>
 <node id="5122027670" visible="true" version="1" changeset="52277022" timestamp="2017-09-22T13:49:52Z" user="Essex_Boy" uid="1247041" lat="51.1853122" lon="1.2109927"/>
 <node id="5122027671" visible="true" version="1" changeset="52277022" timestamp="2017-09-22T13:49:52Z" user="Essex_Boy" uid="1247041" lat="51.1893897" lon="1.2150504"/>
 <node id="5122027672" visible="true" version="2" changeset="154267889" timestamp="2024-07-22T15:08:34Z" user="Palgrave Peter" uid="11471297" lat="51.1788561" lon="1.2149036"/>
 <node id="5122027673" visible="true" version="2" changeset="157334628" timestamp="2024-10-01T11:29:26Z" user="Palgrave Peter" uid="11471297" lat="51.1867727" lon="1.1917024"/>
 <node id="5122027674" visible="true" version="1" changeset="52277022" timestamp="2017-09-22T13:49:52Z" user="Essex_Boy" uid="1247041" lat="51.1825183" lon="1.2004903"/>
 <node id="5122027675" visible="true" version="1" changeset="52277022" timestamp="2017-09-22T13:49:52Z" user="Essex_Boy" uid="1247041" lat="51.1808951" lon="1.2061218"/>
 <node id="5122027676" visible="true" version="2" changeset="154356094" timestamp="2024-07-24T15:40:19Z" user="Palgrave Peter" uid="11471297" lat="51.1810188" lon="1.2191677"/>
 <node id="5122027677" visible="true" version="1" changeset="52277022" timestamp="2017-09-22T13:49:52Z" user="Essex_Boy" uid="1247041" lat="51.1902131" lon="1.2167477"/>
 <node id="5122027678" visible="true" version="1" changeset="52277022" timestamp="2017-09-22T13:49:52Z" user="Essex_Boy" uid="1247041" lat="51.1925708" lon="1.2116257"/>
 <node id="5122027680" visible="true" version="1" changeset="52277022" timestamp="2017-09-22T13:49:52Z" user="Essex_Boy" uid="1247041" lat="51.1863415" lon="1.2144099"/>
 <node id="5122027681" visible="true" version="2" changeset="154267889" timestamp="2024-07-22T15:08:34Z" user="Palgrave Peter" uid="11471297" lat="51.1798812" lon="1.2140070"/>
 <node id="5122027682" visible="true" version="2" changeset="154356094" timestamp="2024-07-24T15:40:19Z" user="Palgrave Peter" uid="11471297" lat="51.1826233" lon="1.2233536"/>
 <node id="5122027684" visible="true" version="1" changeset="52277022" timestamp="2017-09-22T13:49:52Z" user="Essex_Boy" uid="1247041" lat="51.1903893" lon="1.2160326"/>
 <node id="5122027685" visible="true" version="1" changeset="52277022" timestamp="2017-09-22T13:49:52Z" user="Essex_Boy" uid="1247041" lat="51.1799038" lon="1.2108779"/>
 <node id="5122027686" visible="true" version="1" changeset="52277022" timestamp="2017-09-22T13:49:52Z" user="Essex_Boy" uid="1247041" lat="51.1798261" lon="1.2172321"/>
 <node id="5122027687" visible="true" version="2" changeset="154356094" timestamp="2024-07-24T15:40:19Z" user="Palgrave Peter" uid="11471297" lat="51.1808119" lon="1.2216707"/>
 <node id="5122027688" visible="true" version="2" changeset="172007372" timestamp="2025-09-16T10:43:23Z" user="papaj" uid="568934" lat="51.1832278" lon="1.2223283"/>
 <node id="5122027689" visible="true" version="1" changeset="52277022" timestamp="2017-09-22T13:49:52Z" user="Essex_Boy" uid="1247041" lat="51.1804657" lon="1.2055108"/>
 <node id="5122027690" visible="true" version="1" changeset="52277022" timestamp="2017-09-22T13:49:52Z" user="Essex_Boy" uid="1247041" lat="51.1856071" lon="1.2134781"/>
 <node id="5122027691" visible="true" version="1" changeset="52277022" timestamp="2017-09-22T13:49:52Z" user="Essex_Boy" uid="1247041" lat="51.1917922" lon="1.2132973"/>
 <node id="5122027695" visible="true" version="1" changeset="52277022" timestamp="2017-09-22T13:49:52Z" user="Essex_Boy" uid="1247041" lat="51.1945184" lon="1.2083009"/>
 <node id="5122027696" visible="true" version="1" changeset="52277022" timestamp="2017-09-22T13:49:52Z" user="Essex_Boy" uid="1247041" lat="51.1855083" lon="1.2119197"/>
 <node id="5122027697" visible="true" version="1" changeset="52277022" timestamp="2017-09-22T13:49:52Z" user="Essex_Boy" uid="1247041" lat="51.1831347" lon="1.2257594"/>
 <node id="5122027699" visible="true" version="2" changeset="154356094" timestamp="2024-07-24T15:40:19Z" user="Palgrave Peter" uid="11471297" lat="51.1825227" lon="1.2245498"/>
 <node id="5122027700" visible="true" version="1" changeset="52277022" timestamp="2017-09-22T13:49:52Z" user="Essex_Boy" uid="1247041" lat="51.1878888" lon="1.2086066"/>
 <node id="5122027701" visible="true" version="1" changeset="52277022" timestamp="2017-09-22T13:49:52Z" user="Essex_Boy" uid="1247041" lat="51.1825190" lon="1.2217393"/>
 <node id="5122027702" visible="true" version="2" changeset="154356094" timestamp="2024-07-24T15:40:19Z" user="Palgrave Peter" uid="11471297" lat="51.1826163" lon="1.2234829"/>
 <node id="5122027703" visible="true" version="1" changeset="52277022" timestamp="2017-09-22T13:49:52Z" user="Essex_Boy" uid="1247041" lat="51.1854938" lon="1.2162021"/>
 <node id="5122032583" visible="true" version="1" changeset="52277022" timestamp="2017-09-22T13:52:18Z" user="Essex_Boy" uid="1247041" lat="51.1861671" lon="1.2169054"/>
 <node id="5122032589" visible="true" version="1" changeset="52277022" timestamp="2017-09-22T13:52:18Z" user="Essex_Boy" uid="1247041" lat="51.1858677" lon="1.2154117"/>
 <node id="5122034933" visible="true" version="1" changeset="52277022" timestamp="2017-09-22T13:53:34Z" user="Essex_Boy" uid="1247041" lat="51.1883650" lon="1.2132491"/>
 <node id="5122034934" visible="true" version="1" changeset="52277022" timestamp="2017-09-22T13:53:34Z" user="Essex_Boy" uid="1247041" lat="51.1881513" lon="1.2128632"/>
 <node id="5122035439" visible="true" version="2" changeset="176375307" timestamp="2025-12-24T20:26:29Z" user="abakerg" uid="12847590" lat="51.1847947" lon="1.2105248"/>
 <node id="5147889186" visible="true" version="1" changeset="52628585" timestamp="2017-10-04T15:23:52Z" user="smb1001" uid="281267" lat="51.1684259" lon="1.2222394"/>
 <node id="5147889187" visible="true" version="1" changeset="52628585" timestamp="2017-10-04T15:23:52Z" user="smb1001" uid="281267" lat="51.1731368" lon="1.2149674"/>
 <node id="5147889188" visible="true" version="1" changeset="52628585" timestamp="2017-10-04T15:23:52Z" user="smb1001" uid="281267" lat="51.1949849" lon="1.1877805"/>
 <node id="5147889189" visible="true" version="1" changeset="52628585" timestamp="2017-10-04T15:23:52Z" user="smb1001" uid="281267" lat="51.1640395" lon="1.2297925"/>
 <node id="5147889190" visible="true" version="1" changeset="52628585" timestamp="2017-10-04T15:23:52Z" user="smb1001" uid="281267" lat="51.1844395" lon="1.2010716"/>
 <node id="5761780405" visible="true" version="1" changeset="60733255" timestamp="2018-07-15T14:23:25Z" user="JaeAKay" uid="8552623" lat="51.2581463" lon="1.3152039"/>
 <node id="5761780406" visible="true" version="1" changeset="60733255" timestamp="2018-07-15T14:23:25Z" user="JaeAKay" uid="8552623" lat="51.2540466" lon="1.3083884"/>
 <node id="5794352347" visible="true" version="1" changeset="61172437" timestamp="2018-07-29T19:36:00Z" user="Essex_Boy" uid="1247041" lat="51.1827380" lon="1.1989326"/>
 <node id="5794352348" visible="true" version="2" changeset="157334628" timestamp="2024-10-01T11:29:26Z" user="Palgrave Peter" uid="11471297" lat="51.1804776" lon="1.1817134"/>
 <node id="5794352351" visible="true" version="1" changeset="61172437" timestamp="2018-07-29T19:36:00Z" user="Essex_Boy" uid="1247041" lat="51.1774858" lon="1.1836929"/>
 <node id="5794352753" visible="true" version="2" changeset="157329057" timestamp="2024-10-01T09:12:10Z" user="Palgrave Peter" uid="11471297" lat="51.1779348" lon="1.1791771"/>
 <node id="5794352758" visible="true" version="2" changeset="157329057" timestamp="2024-10-01T09:12:10Z" user="Palgrave Peter" uid="11471297" lat="51.1741734" lon="1.1873185"/>
 <node id="5794352759" visible="true" version="2" changeset="157329057" timestamp="2024-10-01T09:12:10Z" user="Palgrave Peter" uid="11471297" lat="51.1774724" lon="1.1800010"/>
 <node id="5794352762" visible="true" version="2" changeset="157334628" timestamp="2024-10-01T11:29:26Z" user="Palgrave Peter" uid="11471297" lat="51.1797481" lon="1.1809852"/>
 <node id="5794352763" visible="true" version="1" changeset="61172437" timestamp="2018-07-29T19:36:01Z" user="Essex_Boy" uid="1247041" lat="51.1783232" lon="1.1936462"/>
 <node id="5794352765" visible="true" version="2" changeset="157329057" timestamp="2024-10-01T09:12:10Z" user="Palgrave Peter" uid="11471297" lat="51.1790377" lon="1.1884002"/>
 <node id="5794352766" visible="true" version="1" changeset="61172437" timestamp="2018-07-29T19:36:01Z" user="Essex_Boy" uid="1247041" lat="51.1787478" lon="1.1940124"/>
 <node id="5794352767" visible="true" version="1" changeset="61172437" timestamp="2018-07-29T19:36:01Z" user="Essex_Boy" uid="1247041" lat="51.1791816" lon="1.1945617"/>
 <node id="5794352769" visible="true" version="2" changeset="157329057" timestamp="2024-10-01T09:12:10Z" user="Palgrave Peter" uid="11471297" lat="51.1743805" lon="1.1890102"/>
 <node id="5794352771" visible="true" version="2" changeset="157329057" timestamp="2024-10-01T09:12:10Z" user="Palgrave Peter" uid="11471297" lat="51.1759533" lon="1.1901829"/>
 <node id="5794352772" visible="true" version="2" changeset="157329057" timestamp="2024-10-01T09:12:10Z" user="Palgrave Peter" uid="11471297" lat="51.1789720" lon="1.1778485"/>
 <node id="5794352773" visible="true" version="1" changeset="61172437" timestamp="2018-07-29T19:36:01Z" user="Essex_Boy" uid="1247041" lat="51.1774833" lon="1.1912369"/>
 <node id="5794352774" visible="true" version="2" changeset="157329057" timestamp="2024-10-01T09:12:10Z" user="Palgrave Peter" uid="11471297" lat="51.1760984" lon="1.1903631"/>
 <node id="5794352775" visible="true" version="2" changeset="157334628" timestamp="2024-10-01T11:29:26Z" user="Palgrave Peter" uid="11471297" lat="51.1813444" lon="1.1825668"/>
 <node id="5794352777" visible="true" version="1" changeset="61172437" timestamp="2018-07-29T19:36:01Z" user="Essex_Boy" uid="1247041" lat="51.1809753" lon="1.1971227"/>
 <node id="5794352778" visible="true" version="2" changeset="157334628" timestamp="2024-10-01T11:29:26Z" user="Palgrave Peter" uid="11471297" lat="51.1797241" lon="1.1802876"/>
 <node id="5794352779" visible="true" version="2" changeset="157329057" timestamp="2024-10-01T09:12:10Z" user="Palgrave Peter" uid="11471297" lat="51.1768554" lon="1.1901650"/>
 <node id="5794352780" visible="true" version="2" changeset="157334628" timestamp="2024-10-01T11:29:26Z" user="Palgrave Peter" uid="11471297" lat="51.1811664" lon="1.1813456"/>
 <node id="5794352781" visible="true" version="1" changeset="61172437" timestamp="2018-07-29T19:36:01Z" user="Essex_Boy" uid="1247041" lat="51.1775943" lon="1.1808867"/>
 <node id="5794352783" visible="true" version="1" changeset="61172437" timestamp="2018-07-29T19:36:01Z" user="Essex_Boy" uid="1247041" lat="51.1842660" lon="1.1955777"/>
 <node id="5794352784" visible="true" version="2" changeset="157329057" timestamp="2024-10-01T09:12:10Z" user="Palgrave Peter" uid="11471297" lat="51.1740359" lon="1.1865042"/>
 <node id="5794352785" visible="true" version="2" changeset="157329057" timestamp="2024-10-01T09:12:10Z" user="Palgrave Peter" uid="11471297" lat="51.1785164" lon="1.1781930"/>
 <node id="5794352787" visible="true" version="1" changeset="61172437" timestamp="2018-07-29T19:36:01Z" user="Essex_Boy" uid="1247041" lat="51.1824690" lon="1.1988039"/>
 <node id="5809799157" visible="true" version="1" changeset="61366955" timestamp="2018-08-05T06:20:07Z" user="Gregory Williams" uid="7037" lat="51.1852454" lon="1.1514139"/>
 <node id="5875558589" visible="true" version="5" changeset="157329057" timestamp="2024-10-01T09:12:10Z" user="Palgrave Peter" uid="11471297" lat="51.1748615" lon="1.1820361"/>
 <node id="6286332301" visible="true" version="1" changeset="67319720" timestamp="2019-02-18T15:23:01Z" user="Essex_Boy" uid="1247041" lat="51.1753007" lon="1.2072303"/>
 <node id="6286332302" visible="true" version="1" changeset="67319720" timestamp="2019-02-18T15:23:01Z" user="Essex_Boy" uid="1247041" lat="51.1773602" lon="1.2057036"/>
 <node id="6286332305" visible="true" version="2" changeset="157303764" timestamp="2024-09-30T15:38:10Z" user="Palgrave Peter" uid="11471297" lat="51.1746358" lon="1.2094670"/>
 <node id="6286332313" visible="true" version="2" changeset="157303764" timestamp="2024-09-30T15:38:10Z" user="Palgrave Peter" uid="11471297" lat="51.1762106" lon="1.2085070"/>
 <node id="6286332318" visible="true" version="1" changeset="67319720" timestamp="2019-02-18T15:23:01Z" user="Essex_Boy" uid="1247041" lat="51.1765726" lon="1.2122450"/>
 <node id="6286332320" visible="true" version="1" changeset="67319720" timestamp="2019-02-18T15:23:01Z" user="Essex_Boy" uid="1247041" lat="51.1762840" lon="1.2126108"/>
 <node id="6286332321" visible="true" version="1" changeset="67319720" timestamp="2019-02-18T15:23:01Z" user="Essex_Boy" uid="1247041" lat="51.1789045" lon="1.2075629"/>
 <node id="6286332323" visible="true" version="1" changeset="67319720" timestamp="2019-02-18T15:23:01Z" user="Essex_Boy" uid="1247041" lat="51.1760049" lon="1.2123254"/>
 <node id="6286332330" visible="true" version="2" changeset="157303764" timestamp="2024-09-30T15:38:10Z" user="Palgrave Peter" uid="11471297" lat="51.1748764" lon="1.2097874"/>
 <node id="6286332331" visible="true" version="1" changeset="67319720" timestamp="2019-02-18T15:23:01Z" user="Essex_Boy" uid="1247041" lat="51.1751224" lon="1.2105133"/>
 <node id="6286332332" visible="true" version="2" changeset="157303764" timestamp="2024-09-30T15:38:10Z" user="Palgrave Peter" uid="11471297" lat="51.1752501" lon="1.2110744"/>
 <node id="6688324000" visible="true" version="1" changeset="73072846" timestamp="2019-08-06T15:22:51Z" user="tishbh" uid="10126619" lat="51.1854413" lon="1.1846904"/>
 <node id="6688324001" visible="true" version="1" changeset="73072846" timestamp="2019-08-06T15:22:51Z" user="tishbh" uid="10126619" lat="51.1852843" lon="1.1845950"/>
 <node id="6688324002" visible="true" version="1" changeset="73072846" timestamp="2019-08-06T15:22:51Z" user="tishbh" uid="10126619" lat="51.1848274" lon="1.1844019"/>
 <node id="6688324003" visible="true" version="1" changeset="73072846" timestamp="2019-08-06T15:22:51Z" user="tishbh" uid="10126619" lat="51.1843509" lon="1.1841900"/>
 <node id="6688324004" visible="true" version="1" changeset="73072846" timestamp="2019-08-06T15:22:51Z" user="tishbh" uid="10126619" lat="51.1839292" lon="1.1841900"/>
 <node id="6688324005" visible="true" version="1" changeset="73072846" timestamp="2019-08-06T15:22:51Z" user="tishbh" uid="10126619" lat="51.1838081" lon="1.1842648"/>
 <node id="6688324006" visible="true" version="1" changeset="73072846" timestamp="2019-08-06T15:22:51Z" user="tishbh" uid="10126619" lat="51.1837261" lon="1.1844143"/>
 <node id="6688324007" visible="true" version="1" changeset="73072846" timestamp="2019-08-06T15:22:51Z" user="tishbh" uid="10126619" lat="51.1837534" lon="1.1847944"/>
 <node id="6688324008" visible="true" version="1" changeset="73072846" timestamp="2019-08-06T15:22:51Z" user="tishbh" uid="10126619" lat="51.1839258" lon="1.1855171"/>
 <node id="6688324009" visible="true" version="1" changeset="73072846" timestamp="2019-08-06T15:22:51Z" user="tishbh" uid="10126619" lat="51.1832044" lon="1.1852586"/>
 <node id="6688324010" visible="true" version="1" changeset="73072846" timestamp="2019-08-06T15:22:51Z" user="tishbh" uid="10126619" lat="51.1834885" lon="1.1851075"/>
 <node id="6688324011" visible="true" version="1" changeset="73072846" timestamp="2019-08-06T15:22:51Z" user="tishbh" uid="10126619" lat="51.1835862" lon="1.1851453"/>
 <node id="6688324012" visible="true" version="1" changeset="73072846" timestamp="2019-08-06T15:22:51Z" user="tishbh" uid="10126619" lat="51.1837371" lon="1.1850556"/>
 <node id="6688324013" visible="true" version="2" changeset="95783379" timestamp="2020-12-14T05:28:57Z" user="sourabik" uid="11734026" lat="51.1826473" lon="1.1827594"/>
 <node id="6688324014" visible="true" version="1" changeset="73072846" timestamp="2019-08-06T15:22:51Z" user="tishbh" uid="10126619" lat="51.1827933" lon="1.1826059"/>
 <node id="6688324015" visible="true" version="1" changeset="73072846" timestamp="2019-08-06T15:22:51Z" user="tishbh" uid="10126619" lat="51.1833227" lon="1.1823657"/>
 <node id="6688324016" visible="true" version="3" changeset="157334628" timestamp="2024-10-01T11:29:26Z" user="Palgrave Peter" uid="11471297" lat="51.1834230" lon="1.1823730"/>
 <node id="6688324017" visible="true" version="3" changeset="157334628" timestamp="2024-10-01T11:29:26Z" user="Palgrave Peter" uid="11471297" lat="51.1838983" lon="1.1822759"/>
 <node id="6819636835" visible="true" version="1" changeset="74849462" timestamp="2019-09-24T10:50:04Z" user="Raihas" uid="10252538" lat="51.1681211" lon="1.1843983"/>
 <node id="6819636836" visible="true" version="1" changeset="74849462" timestamp="2019-09-24T10:50:04Z" user="Raihas" uid="10252538" lat="51.1679165" lon="1.1850820"/>
 <node id="6914869107" visible="true" version="3" changeset="157303764" timestamp="2024-09-30T15:38:10Z" user="Palgrave Peter" uid="11471297" lat="51.1728128" lon="1.2026063"/>
 <node id="6914869109" visible="true" version="1" changeset="76191571" timestamp="2019-10-25T07:59:38Z" user="bhanuban" uid="10305808" lat="51.1728403" lon="1.2025197"/>
 <node id="6914869110" visible="true" version="1" changeset="76191571" timestamp="2019-10-25T07:59:38Z" user="bhanuban" uid="10305808" lat="51.1728555" lon="1.2024707"/>
 <node id="6914869111" visible="true" version="1" changeset="76191571" timestamp="2019-10-25T07:59:38Z" user="bhanuban" uid="10305808" lat="51.1728927" lon="1.2023470"/>
 <node id="6914869112" visible="true" version="1" changeset="76191571" timestamp="2019-10-25T07:59:38Z" user="bhanuban" uid="10305808" lat="51.1729271" lon="1.2023068"/>
 <node id="6914869113" visible="true" version="1" changeset="76191571" timestamp="2019-10-25T07:59:38Z" user="bhanuban" uid="10305808" lat="51.1729715" lon="1.2022737"/>
 <node id="6914869114" visible="true" version="1" changeset="76191571" timestamp="2019-10-25T07:59:38Z" user="bhanuban" uid="10305808" lat="51.1730177" lon="1.2022049"/>
 <node id="6914869115" visible="true" version="1" changeset="76191571" timestamp="2019-10-25T07:59:38Z" user="bhanuban" uid="10305808" lat="51.1730408" lon="1.2021534"/>
 <node id="6914869116" visible="true" version="1" changeset="76191571" timestamp="2019-10-25T07:59:38Z" user="bhanuban" uid="10305808" lat="51.1730907" lon="1.2020967"/>
 <node id="6914869117" visible="true" version="1" changeset="76191571" timestamp="2019-10-25T07:59:38Z" user="bhanuban" uid="10305808" lat="51.1730005" lon="1.2022452"/>
 <node id="6914869118" visible="true" version="1" changeset="76191571" timestamp="2019-10-25T07:59:38Z" user="bhanuban" uid="10305808" lat="51.1728689" lon="1.2023953"/>
 <node id="7103988838" visible="true" version="1" changeset="79145767" timestamp="2020-01-03T08:05:48Z" user="Essex_Boy" uid="1247041" lat="51.1816043" lon="1.1888164"/>
 <node id="7103988839" visible="true" version="1" changeset="79145767" timestamp="2020-01-03T08:05:48Z" user="Essex_Boy" uid="1247041" lat="51.1806472" lon="1.1915630"/>
 <node id="7103988840" visible="true" version="1" changeset="79145767" timestamp="2020-01-03T08:05:48Z" user="Essex_Boy" uid="1247041" lat="51.1821537" lon="1.1897316"/>
 <node id="7103988842" visible="true" version="1" changeset="79145767" timestamp="2020-01-03T08:05:48Z" user="Essex_Boy" uid="1247041" lat="51.1819984" lon="1.1940425"/>
 <node id="7104006940" visible="true" version="1" changeset="79145767" timestamp="2020-01-03T08:04:35Z" user="Essex_Boy" uid="1247041" lat="51.1825414" lon="1.1994074"/>
 <node id="7104006942" visible="true" version="1" changeset="79145767" timestamp="2020-01-03T08:04:35Z" user="Essex_Boy" uid="1247041" lat="51.1810706" lon="1.1975481"/>
 <node id="7104006955" visible="true" version="2" changeset="137703490" timestamp="2023-06-23T21:15:37Z" user="TomJeffs" uid="6397757" lat="51.1807334" lon="1.1973197"/>
 <node id="7104006958" visible="true" version="1" changeset="79145767" timestamp="2020-01-03T08:04:35Z" user="Essex_Boy" uid="1247041" lat="51.1824338" lon="1.1989976"/>
 <node id="7104006968" visible="true" version="1" changeset="79145767" timestamp="2020-01-03T08:04:35Z" user="Essex_Boy" uid="1247041" lat="51.1751289" lon="1.2071166"/>
 <node id="7104006975" visible="true" version="2" changeset="137703490" timestamp="2023-06-23T21:15:37Z" user="TomJeffs" uid="6397757" lat="51.1807955" lon="1.1978432"/>
 <node id="7104010435" visible="true" version="2" changeset="157303764" timestamp="2024-09-30T15:38:10Z" user="Palgrave Peter" uid="11471297" lat="51.1760734" lon="1.2086199"/>
 <node id="7104010436" visible="true" version="2" changeset="157303764" timestamp="2024-09-30T15:38:10Z" user="Palgrave Peter" uid="11471297" lat="51.1752164" lon="1.2074877"/>
 <node id="7104026485" visible="true" version="1" changeset="79145767" timestamp="2020-01-03T08:04:35Z" user="Essex_Boy" uid="1247041" lat="51.1794807" lon="1.2021535"/>
 <node id="7104026487" visible="true" version="2" changeset="157303764" timestamp="2024-09-30T15:38:10Z" user="Palgrave Peter" uid="11471297" lat="51.1744948" lon="1.2093320"/>
 <node id="7104026488" visible="true" version="1" changeset="79145767" timestamp="2020-01-03T08:04:35Z" user="Essex_Boy" uid="1247041" lat="51.1763795" lon="1.2009147"/>
 <node id="7104026490" visible="true" version="1" changeset="79145767" timestamp="2020-01-03T08:04:35Z" user="Essex_Boy" uid="1247041" lat="51.1793313" lon="1.2025161"/>
 <node id="7104026491" visible="true" version="1" changeset="79145767" timestamp="2020-01-03T08:04:35Z" user="Essex_Boy" uid="1247041" lat="51.1802699" lon="1.2044902"/>
 <node id="7104026492" visible="true" version="1" changeset="79145767" timestamp="2020-01-03T08:04:35Z" user="Essex_Boy" uid="1247041" lat="51.1804613" lon="1.2041469"/>
 <node id="7104026493" visible="true" version="1" changeset="79145767" timestamp="2020-01-03T08:04:35Z" user="Essex_Boy" uid="1247041" lat="51.1796542" lon="1.2022870"/>
 <node id="7104026495" visible="true" version="1" changeset="79145767" timestamp="2020-01-03T08:04:35Z" user="Essex_Boy" uid="1247041" lat="51.1811304" lon="1.1978051"/>
 <node id="7141570336" visible="true" version="1" changeset="79739884" timestamp="2020-01-18T19:43:40Z" user="SiHollett" uid="231477" lat="51.1828132" lon="1.1993164"/>
 <node id="7265526366" visible="true" version="1" changeset="81805773" timestamp="2020-03-05T06:04:30Z" user="Raihas" uid="10252538" lat="51.1832102" lon="1.1821770"/>
 <node id="7265526367" visible="true" version="1" changeset="81805773" timestamp="2020-03-05T06:04:30Z" user="Raihas" uid="10252538" lat="51.1831591" lon="1.1819870"/>
 <node id="7267004075" visible="true" version="3" changeset="154645981" timestamp="2024-07-31T12:03:03Z" user="JayTurnr" uid="5008136" lat="51.1987928" lon="1.1805043">
  <tag k="crossing" v="unmarked"/>
  <tag k="crossing:island" v="no"/>
  <tag k="crossing:markings" v="no"/>
  <tag k="highway" v="crossing"/>
  <tag k="tactile_paving" v="no"/>
 </node>
 <node id="7267004076" visible="true" version="2" changeset="154645981" timestamp="2024-07-31T12:03:03Z" user="JayTurnr" uid="5008136" lat="51.1986792" lon="1.1808335">
  <tag k="crossing" v="unmarked"/>
  <tag k="crossing:island" v="no"/>
  <tag k="crossing:markings" v="no"/>
  <tag k="highway" v="crossing"/>
  <tag k="tactile_paving" v="no"/>
 </node>
 <node id="7457110561" visible="true" version="2" changeset="137703749" timestamp="2023-06-23T21:29:53Z" user="TomJeffs" uid="6397757" lat="51.1772729" lon="1.1980234"/>
 <node id="7457110562" visible="true" version="2" changeset="137703749" timestamp="2023-06-23T21:29:53Z" user="TomJeffs" uid="6397757" lat="51.1771989" lon="1.1979644"/>
 <node id="7457110563" visible="true" version="2" changeset="137703749" timestamp="2023-06-23T21:29:53Z" user="TomJeffs" uid="6397757" lat="51.1771418" lon="1.1981200"/>
 <node id="7457110564" visible="true" version="2" changeset="137703749" timestamp="2023-06-23T21:29:53Z" user="TomJeffs" uid="6397757" lat="51.1772157" lon="1.1981897"/>
 <node id="7458382490" visible="true" version="1" changeset="84268524" timestamp="2020-04-28T12:58:06Z" user="mthaddon" uid="11095445" lat="51.1768263" lon="1.2017285"/>
 <node id="7458382491" visible="true" version="1" changeset="84268524" timestamp="2020-04-28T12:58:06Z" user="mthaddon" uid="11095445" lat="51.1767505" lon="1.2016649"/>
 <node id="7458382492" visible="true" version="1" changeset="84268524" timestamp="2020-04-28T12:58:06Z" user="mthaddon" uid="11095445" lat="51.1766971" lon="1.2018267"/>
 <node id="7458382493" visible="true" version="1" changeset="84268524" timestamp="2020-04-28T12:58:06Z" user="mthaddon" uid="11095445" lat="51.1767730" lon="1.2018904"/>
 <node id="7458382494" visible="true" version="1" changeset="84268524" timestamp="2020-04-28T12:58:06Z" user="mthaddon" uid="11095445" lat="51.1771467" lon="1.2007963"/>
 <node id="7458382495" visible="true" version="1" changeset="84268524" timestamp="2020-04-28T12:58:06Z" user="mthaddon" uid="11095445" lat="51.1771169" lon="1.2009026"/>
 <node id="7458382496" visible="true" version="1" changeset="84268524" timestamp="2020-04-28T12:58:06Z" user="mthaddon" uid="11095445" lat="51.1770196" lon="1.2008334"/>
 <node id="7458382497" visible="true" version="1" changeset="84268524" timestamp="2020-04-28T12:58:06Z" user="mthaddon" uid="11095445" lat="51.1770494" lon="1.2007271"/>
 <node id="7458382498" visible="true" version="1" changeset="84268524" timestamp="2020-04-28T12:58:06Z" user="mthaddon" uid="11095445" lat="51.1767989" lon="1.2012048"/>
 <node id="7458382499" visible="true" version="1" changeset="84268524" timestamp="2020-04-28T12:58:06Z" user="mthaddon" uid="11095445" lat="51.1769940" lon="1.2005906"/>
 <node id="7458382500" visible="true" version="1" changeset="84268524" timestamp="2020-04-28T12:58:06Z" user="mthaddon" uid="11095445" lat="51.1770091" lon="1.2002929"/>
 <node id="7458382501" visible="true" version="1" changeset="84268524" timestamp="2020-04-28T12:58:06Z" user="mthaddon" uid="11095445" lat="51.1765836" lon="1.2019902"/>
 <node id="7458382502" visible="true" version="1" changeset="84268524" timestamp="2020-04-28T12:58:06Z" user="mthaddon" uid="11095445" lat="51.1765604" lon="1.2020775"/>
 <node id="7458382503" visible="true" version="1" changeset="84268524" timestamp="2020-04-28T12:58:06Z" user="mthaddon" uid="11095445" lat="51.1764748" lon="1.2020195"/>
 <node id="7458382504" visible="true" version="1" changeset="84268524" timestamp="2020-04-28T12:58:06Z" user="mthaddon" uid="11095445" lat="51.1764980" lon="1.2019322"/>
 <node id="8066310811" visible="true" version="2" changeset="157329057" timestamp="2024-10-01T09:12:10Z" user="Palgrave Peter" uid="11471297" lat="51.1746603" lon="1.1817044"/>
 <node id="8066310812" visible="true" version="2" changeset="157329057" timestamp="2024-10-01T09:12:10Z" user="Palgrave Peter" uid="11471297" lat="51.1748651" lon="1.1814172"/>
 <node id="8066310813" visible="true" version="2" changeset="157329057" timestamp="2024-10-01T09:12:10Z" user="Palgrave Peter" uid="11471297" lat="51.1750420" lon="1.1819646"/>
 <node id="8066310815" visible="true" version="2" changeset="157329057" timestamp="2024-10-01T09:12:10Z" user="Palgrave Peter" uid="11471297" lat="51.1748067" lon="1.1816827"/>
 <node id="8066310816" visible="true" version="2" changeset="157329057" timestamp="2024-10-01T09:12:10Z" user="Palgrave Peter" uid="11471297" lat="51.1747420" lon="1.1820854"/>
 <node id="8066310817" visible="true" version="1" changeset="93304085" timestamp="2020-10-30T18:00:30Z" user="smb1001" uid="281267" lat="51.1749256" lon="1.1821870"/>
 <node id="8066310818" visible="true" version="2" changeset="157329057" timestamp="2024-10-01T09:12:10Z" user="Palgrave Peter" uid="11471297" lat="51.1749307" lon="1.1820061"/>
 <node id="8066310819" visible="true" version="2" changeset="157329057" timestamp="2024-10-01T09:12:10Z" user="Palgrave Peter" uid="11471297" lat="51.1748710" lon="1.1816549"/>
 <node id="8111508635" visible="true" version="1" changeset="93992900" timestamp="2020-11-12T11:47:53Z" user="afurquan" uid="10221594" lat="51.1678452" lon="1.1855467"/>
 <node id="8205239579" visible="true" version="1" changeset="95482075" timestamp="2020-12-08T11:14:05Z" user="yagyikh" uid="11733990" lat="51.1731159" lon="1.2020805"/>
 <node id="8205239580" visible="true" version="1" changeset="95482075" timestamp="2020-12-08T11:14:05Z" user="yagyikh" uid="11733990" lat="51.1731390" lon="1.2020805"/>
 <node id="8205239581" visible="true" version="1" changeset="95482075" timestamp="2020-12-08T11:14:05Z" user="yagyikh" uid="11733990" lat="51.1731610" lon="1.2020998"/>
 <node id="8205239582" visible="true" version="1" changeset="95482075" timestamp="2020-12-08T11:14:05Z" user="yagyikh" uid="11733990" lat="51.1731775" lon="1.2021419"/>
 <node id="8205239583" visible="true" version="1" changeset="95482075" timestamp="2020-12-08T11:14:05Z" user="yagyikh" uid="11733990" lat="51.1731830" lon="1.2022016"/>
 <node id="8205239584" visible="true" version="1" changeset="95482075" timestamp="2020-12-08T11:14:05Z" user="yagyikh" uid="11733990" lat="51.1732116" lon="1.2023947"/>
 <node id="8205239585" visible="true" version="1" changeset="95482075" timestamp="2020-12-08T11:14:05Z" user="yagyikh" uid="11733990" lat="51.1732273" lon="1.2024323"/>
 <node id="8205239586" visible="true" version="1" changeset="95482075" timestamp="2020-12-08T11:14:05Z" user="yagyikh" uid="11733990" lat="51.1732523" lon="1.2024509"/>
 <node id="8205239587" visible="true" version="1" changeset="95482075" timestamp="2020-12-08T11:14:05Z" user="yagyikh" uid="11733990" lat="51.1734692" lon="1.2025615"/>
 <node id="8205239588" visible="true" version="1" changeset="95482075" timestamp="2020-12-08T11:14:05Z" user="yagyikh" uid="11733990" lat="51.1734901" lon="1.2025717"/>
 <node id="8205239589" visible="true" version="1" changeset="95482075" timestamp="2020-12-08T11:14:05Z" user="yagyikh" uid="11733990" lat="51.1735086" lon="1.2025874"/>
 <node id="8205239590" visible="true" version="1" changeset="95482075" timestamp="2020-12-08T11:14:05Z" user="yagyikh" uid="11733990" lat="51.1735211" lon="1.2026120"/>
 <node id="8205239591" visible="true" version="1" changeset="95482075" timestamp="2020-12-08T11:14:05Z" user="yagyikh" uid="11733990" lat="51.1735258" lon="1.2026437"/>
 <node id="8205239592" visible="true" version="1" changeset="95482075" timestamp="2020-12-08T11:14:05Z" user="yagyikh" uid="11733990" lat="51.1735315" lon="1.2027980"/>
 <node id="8205239593" visible="true" version="1" changeset="95482075" timestamp="2020-12-08T11:14:05Z" user="yagyikh" uid="11733990" lat="51.1735510" lon="1.2030438"/>
 <node id="8205239594" visible="true" version="1" changeset="95482075" timestamp="2020-12-08T11:14:05Z" user="yagyikh" uid="11733990" lat="51.1736142" lon="1.2034920"/>
 <node id="8205239595" visible="true" version="1" changeset="95482075" timestamp="2020-12-08T11:14:05Z" user="yagyikh" uid="11733990" lat="51.1736142" lon="1.2035571"/>
 <node id="8205239596" visible="true" version="1" changeset="95482075" timestamp="2020-12-08T11:14:05Z" user="yagyikh" uid="11733990" lat="51.1735923" lon="1.2036133"/>
 <node id="8205239597" visible="true" version="1" changeset="95482075" timestamp="2020-12-08T11:14:05Z" user="yagyikh" uid="11733990" lat="51.1735648" lon="1.2036402"/>
 <node id="8205239598" visible="true" version="1" changeset="95482075" timestamp="2020-12-08T11:14:05Z" user="yagyikh" uid="11733990" lat="51.1735060" lon="1.2036530"/>
 <node id="8205239599" visible="true" version="1" changeset="95482075" timestamp="2020-12-08T11:14:05Z" user="yagyikh" uid="11733990" lat="51.1734754" lon="1.2036525"/>
 <node id="8205239600" visible="true" version="1" changeset="95482075" timestamp="2020-12-08T11:14:05Z" user="yagyikh" uid="11733990" lat="51.1734207" lon="1.2036077"/>
 <node id="8205239601" visible="true" version="1" changeset="95482075" timestamp="2020-12-08T11:14:05Z" user="yagyikh" uid="11733990" lat="51.1733878" lon="1.2035009"/>
 <node id="8205239602" visible="true" version="1" changeset="95482075" timestamp="2020-12-08T11:14:05Z" user="yagyikh" uid="11733990" lat="51.1733560" lon="1.2033843"/>
 <node id="8205239603" visible="true" version="1" changeset="95482075" timestamp="2020-12-08T11:14:05Z" user="yagyikh" uid="11733990" lat="51.1733312" lon="1.2033310"/>
 <node id="8205239604" visible="true" version="1" changeset="95482075" timestamp="2020-12-08T11:14:05Z" user="yagyikh" uid="11733990" lat="51.1732869" lon="1.2033113"/>
 <node id="8205239605" visible="true" version="1" changeset="95482075" timestamp="2020-12-08T11:14:05Z" user="yagyikh" uid="11733990" lat="51.1731240" lon="1.2033669">
  <tag k="barrier" v="gate"/>
 </node>
 <node id="8205239606" visible="true" version="2" changeset="137703490" timestamp="2023-06-23T21:15:37Z" user="TomJeffs" uid="6397757" lat="51.1729896" lon="1.2034239"/>
 <node id="8205239607" visible="true" version="1" changeset="95482075" timestamp="2020-12-08T11:14:05Z" user="yagyikh" uid="11733990" lat="51.1733460" lon="1.2033576"/>
 <node id="8205239608" visible="true" version="1" changeset="95482075" timestamp="2020-12-08T11:14:05Z" user="yagyikh" uid="11733990" lat="51.1733109" lon="1.2033155"/>
 <node id="8205239609" visible="true" version="1" changeset="95482075" timestamp="2020-12-08T11:14:05Z" user="yagyikh" uid="11733990" lat="51.1734460" lon="1.2036390"/>
 <node id="8205239610" visible="true" version="1" changeset="95482075" timestamp="2020-12-08T11:14:05Z" user="yagyikh" uid="11733990" lat="51.1732388" lon="1.2024422"/>
 <node id="8205239611" visible="true" version="1" changeset="95482075" timestamp="2020-12-08T11:14:05Z" user="yagyikh" uid="11733990" lat="51.1732185" lon="1.2024154"/>
 <node id="8205299549" visible="true" version="1" changeset="95483963" timestamp="2020-12-08T11:39:15Z" user="Dowluri" uid="9196186" lat="51.1650683" lon="1.1791293"/>
 <node id="8226440647" visible="true" version="1" changeset="95783379" timestamp="2020-12-14T05:28:57Z" user="sourabik" uid="11734026" lat="51.1826090" lon="1.1830000"/>
 <node id="8226440648" visible="true" version="1" changeset="95783379" timestamp="2020-12-14T05:28:57Z" user="sourabik" uid="11734026" lat="51.1826055" lon="1.1828415"/>
 <node id="8226440649" visible="true" version="1" changeset="95783379" timestamp="2020-12-14T05:28:57Z" user="sourabik" uid="11734026" lat="51.1826211" lon="1.1828038"/>
 <node id="8226440650" visible="true" version="1" changeset="95783379" timestamp="2020-12-14T05:28:57Z" user="sourabik" uid="11734026" lat="51.1829626" lon="1.1821177"/>
 <node id="8226440651" visible="true" version="1" changeset="95783379" timestamp="2020-12-14T05:28:57Z" user="sourabik" uid="11734026" lat="51.1827962" lon="1.1822107"/>
 <node id="8226440652" visible="true" version="1" changeset="95783379" timestamp="2020-12-14T05:28:57Z" user="sourabik" uid="11734026" lat="51.1827799" lon="1.1822322"/>
 <node id="8226440653" visible="true" version="1" changeset="95783379" timestamp="2020-12-14T05:28:57Z" user="sourabik" uid="11734026" lat="51.1827642" lon="1.1822538"/>
 <node id="8226440654" visible="true" version="1" changeset="95783379" timestamp="2020-12-14T05:28:57Z" user="sourabik" uid="11734026" lat="51.1827393" lon="1.1822889"/>
 <node id="8226440655" visible="true" version="1" changeset="95783379" timestamp="2020-12-14T05:28:57Z" user="sourabik" uid="11734026" lat="51.1827109" lon="1.1823354"/>
 <node id="8226440656" visible="true" version="1" changeset="95783379" timestamp="2020-12-14T05:28:57Z" user="sourabik" uid="11734026" lat="51.1826711" lon="1.1824091"/>
 <node id="8226440657" visible="true" version="1" changeset="95783379" timestamp="2020-12-14T05:28:57Z" user="sourabik" uid="11734026" lat="51.1826341" lon="1.1824965"/>
 <node id="8226440658" visible="true" version="1" changeset="95783379" timestamp="2020-12-14T05:28:57Z" user="sourabik" uid="11734026" lat="51.1825993" lon="1.1825758"/>
 <node id="8226440659" visible="true" version="1" changeset="95783379" timestamp="2020-12-14T05:28:57Z" user="sourabik" uid="11734026" lat="51.1825822" lon="1.1826121"/>
 <node id="8226440660" visible="true" version="1" changeset="95783379" timestamp="2020-12-14T05:28:57Z" user="sourabik" uid="11734026" lat="51.1825716" lon="1.1826439"/>
 <node id="8226440661" visible="true" version="1" changeset="95783379" timestamp="2020-12-14T05:28:57Z" user="sourabik" uid="11734026" lat="51.1825645" lon="1.1826756"/>
 <node id="8226440662" visible="true" version="1" changeset="95783379" timestamp="2020-12-14T05:28:57Z" user="sourabik" uid="11734026" lat="51.1825616" lon="1.1827085"/>
 <node id="8226440663" visible="true" version="1" changeset="95783379" timestamp="2020-12-14T05:28:57Z" user="sourabik" uid="11734026" lat="51.1825687" lon="1.1827573"/>
 <node id="8226440664" visible="true" version="1" changeset="95783379" timestamp="2020-12-14T05:28:57Z" user="sourabik" uid="11734026" lat="51.1825765" lon="1.1827936"/>
 <node id="8226440665" visible="true" version="1" changeset="95783379" timestamp="2020-12-14T05:28:57Z" user="sourabik" uid="11734026" lat="51.1825900" lon="1.1828174"/>
 <node id="8226440666" visible="true" version="1" changeset="95783379" timestamp="2020-12-14T05:28:57Z" user="sourabik" uid="11734026" lat="51.1826064" lon="1.1828933"/>
 <node id="8226440667" visible="true" version="1" changeset="95783379" timestamp="2020-12-14T05:28:57Z" user="sourabik" uid="11734026" lat="51.1826087" lon="1.1829410"/>
 <node id="8226440668" visible="true" version="1" changeset="95783379" timestamp="2020-12-14T05:28:57Z" user="sourabik" uid="11734026" lat="51.1827021" lon="1.1826497"/>
 <node id="8226440669" visible="true" version="1" changeset="95783379" timestamp="2020-12-14T05:28:57Z" user="sourabik" uid="11734026" lat="51.1826845" lon="1.1826757"/>
 <node id="8226440670" visible="true" version="1" changeset="95783379" timestamp="2020-12-14T05:28:57Z" user="sourabik" uid="11734026" lat="51.1827250" lon="1.1826383"/>
 <node id="8602064534" visible="true" version="1" changeset="102469649" timestamp="2021-04-07T09:44:44Z" user="bathines" uid="10219386" lat="51.1837989" lon="1.1924887"/>
 <node id="8602064535" visible="true" version="1" changeset="102469649" timestamp="2021-04-07T09:44:44Z" user="bathines" uid="10219386" lat="51.1840358" lon="1.1922568"/>
 <node id="8602064536" visible="true" version="1" changeset="102469649" timestamp="2021-04-07T09:44:44Z" user="bathines" uid="10219386" lat="51.1846065" lon="1.1917648"/>
 <node id="8602064537" visible="true" version="1" changeset="102469649" timestamp="2021-04-07T09:44:44Z" user="bathines" uid="10219386" lat="51.1852966" lon="1.1911402"/>
 <node id="8602064538" visible="true" version="2" changeset="157334628" timestamp="2024-10-01T11:29:26Z" user="Palgrave Peter" uid="11471297" lat="51.1861454" lon="1.1904582"/>
 <node id="8604526138" visible="true" version="2" changeset="150893420" timestamp="2024-05-04T18:39:52Z" user="mapboy63" uid="12340839" lat="51.1763895" lon="1.1908375"/>
 <node id="8604526139" visible="true" version="2" changeset="150893420" timestamp="2024-05-04T18:39:52Z" user="mapboy63" uid="12340839" lat="51.1766917" lon="1.1904406"/>
 <node id="8894143112" visible="true" version="1" changeset="107419988" timestamp="2021-07-05T06:36:43Z" user="pravallg" uid="10457692" lat="51.1828618" lon="1.1817687"/>
 <node id="8894143113" visible="true" version="1" changeset="107419988" timestamp="2021-07-05T06:36:43Z" user="pravallg" uid="10457692" lat="51.1828267" lon="1.1818687"/>
 <node id="8894143114" visible="true" version="1" changeset="107419988" timestamp="2021-07-05T06:36:43Z" user="pravallg" uid="10457692" lat="51.1828029" lon="1.1819607"/>
 <node id="8894143115" visible="true" version="1" changeset="107419988" timestamp="2021-07-05T06:36:43Z" user="pravallg" uid="10457692" lat="51.1827941" lon="1.1820806"/>
 <node id="8894143116" visible="true" version="2" changeset="157334628" timestamp="2024-10-01T11:29:26Z" user="Palgrave Peter" uid="11471297" lat="51.1838533" lon="1.1817112"/>
 <node id="8894184217" visible="true" version="2" changeset="157334628" timestamp="2024-10-01T11:29:26Z" user="Palgrave Peter" uid="11471297" lat="51.1836974" lon="1.1815946"/>
 <node id="8894184218" visible="true" version="1" changeset="107419988" timestamp="2021-07-05T06:36:43Z" user="pravallg" uid="10457692" lat="51.1836476" lon="1.1811747"/>
 <node id="8894184219" visible="true" version="1" changeset="107419988" timestamp="2021-07-05T06:36:43Z" user="pravallg" uid="10457692" lat="51.1836328" lon="1.1811275"/>
 <node id="8894184220" visible="true" version="1" changeset="107419988" timestamp="2021-07-05T06:36:43Z" user="pravallg" uid="10457692" lat="51.1836138" lon="1.1811006"/>
 <node id="8894184221" visible="true" version="1" changeset="107419988" timestamp="2021-07-05T06:36:43Z" user="pravallg" uid="10457692" lat="51.1835527" lon="1.1810804"/>
 <node id="8894184222" visible="true" version="1" changeset="107419988" timestamp="2021-07-05T06:36:43Z" user="pravallg" uid="10457692" lat="51.1833670" lon="1.1810939"/>
 <node id="8894184223" visible="true" version="1" changeset="107419988" timestamp="2021-07-05T06:36:43Z" user="pravallg" uid="10457692" lat="51.1833332" lon="1.1811208"/>
 <node id="8894184224" visible="true" version="1" changeset="107419988" timestamp="2021-07-05T06:36:43Z" user="pravallg" uid="10457692" lat="51.1833164" lon="1.1811747"/>
 <node id="8894184225" visible="true" version="1" changeset="107419988" timestamp="2021-07-05T06:36:43Z" user="pravallg" uid="10457692" lat="51.1833164" lon="1.1812958"/>
 <node id="8894184226" visible="true" version="1" changeset="107419988" timestamp="2021-07-05T06:36:43Z" user="pravallg" uid="10457692" lat="51.1833375" lon="1.1816290"/>
 <node id="8894184227" visible="true" version="1" changeset="107419988" timestamp="2021-07-05T06:36:43Z" user="pravallg" uid="10457692" lat="51.1833543" lon="1.1816997"/>
 <node id="8894184228" visible="true" version="2" changeset="157334628" timestamp="2024-10-01T11:29:26Z" user="Palgrave Peter" uid="11471297" lat="51.1833816" lon="1.1817882"/>
 <node id="8895539256" visible="true" version="1" changeset="107452533" timestamp="2021-07-05T17:07:14Z" user="jaabhil" uid="11558580" lat="51.1749103" lon="1.1825976"/>
 <node id="8895539257" visible="true" version="2" changeset="168574628" timestamp="2025-07-06T18:49:29Z" user="Yorvik Prestigitator" uid="493595" lat="51.1755366" lon="1.1815582">
  <tag k="highway" v="turning_loop"/>
 </node>
 <node id="8895539258" visible="true" version="1" changeset="107452533" timestamp="2021-07-05T17:07:14Z" user="jaabhil" uid="11558580" lat="51.1753261" lon="1.1818904"/>
 <node id="10575538370" visible="true" version="1" changeset="131585650" timestamp="2023-01-22T23:47:12Z" user="ntzm" uid="12363857" lat="51.1777473" lon="1.2015009"/>
 <node id="10575538371" visible="true" version="1" changeset="131585650" timestamp="2023-01-22T23:47:12Z" user="ntzm" uid="12363857" lat="51.1784686" lon="1.2016310"/>
 <node id="10575538372" visible="true" version="1" changeset="131585650" timestamp="2023-01-22T23:47:12Z" user="ntzm" uid="12363857" lat="51.1785636" lon="1.2016806"/>
 <node id="10575538373" visible="true" version="1" changeset="131585650" timestamp="2023-01-22T23:47:12Z" user="ntzm" uid="12363857" lat="51.1771041" lon="1.2006721"/>
 <node id="10575538374" visible="true" version="1" changeset="131585650" timestamp="2023-01-22T23:47:12Z" user="ntzm" uid="12363857" lat="51.1775152" lon="1.2009229"/>
 <node id="10575538375" visible="true" version="1" changeset="131585650" timestamp="2023-01-22T23:47:12Z" user="ntzm" uid="12363857" lat="51.1765593" lon="1.2019274"/>
 <node id="10575538376" visible="true" version="1" changeset="131585650" timestamp="2023-01-22T23:47:12Z" user="ntzm" uid="12363857" lat="51.1769241" lon="1.2030942"/>
 <node id="10575538377" visible="true" version="1" changeset="131585650" timestamp="2023-01-22T23:47:12Z" user="ntzm" uid="12363857" lat="51.1767207" lon="1.2027843"/>
 <node id="10575538378" visible="true" version="1" changeset="131585650" timestamp="2023-01-22T23:47:12Z" user="ntzm" uid="12363857" lat="51.1767392" lon="1.2029104"/>
 <node id="10575538379" visible="true" version="1" changeset="131585650" timestamp="2023-01-22T23:47:12Z" user="ntzm" uid="12363857" lat="51.1772495" lon="1.2034012"/>
 <node id="10575538380" visible="true" version="1" changeset="131585650" timestamp="2023-01-22T23:47:12Z" user="ntzm" uid="12363857" lat="51.1770604" lon="1.2032296"/>
 <node id="10575538381" visible="true" version="1" changeset="131585650" timestamp="2023-01-22T23:47:12Z" user="ntzm" uid="12363857" lat="51.1775380" lon="1.2019624"/>
 <node id="10575538382" visible="true" version="1" changeset="131585650" timestamp="2023-01-22T23:47:12Z" user="ntzm" uid="12363857" lat="51.1773782" lon="1.2018280"/>
 <node id="10575538383" visible="true" version="1" changeset="131585650" timestamp="2023-01-22T23:47:12Z" user="ntzm" uid="12363857" lat="51.1771369" lon="1.2024826"/>
 <node id="10575538384" visible="true" version="1" changeset="131585650" timestamp="2023-01-22T23:47:12Z" user="ntzm" uid="12363857" lat="51.1769250" lon="1.2022841"/>
 <node id="10575538385" visible="true" version="1" changeset="131585650" timestamp="2023-01-22T23:47:12Z" user="ntzm" uid="12363857" lat="51.1773647" lon="1.2010798"/>
 <node id="10575538386" visible="true" version="1" changeset="131585650" timestamp="2023-01-22T23:47:12Z" user="ntzm" uid="12363857" lat="51.1776182" lon="1.2012665"/>
 <node id="10575538387" visible="true" version="1" changeset="131585650" timestamp="2023-01-22T23:47:12Z" user="ntzm" uid="12363857" lat="51.1785956" lon="1.2013252"/>
 <node id="10575538388" visible="true" version="1" changeset="131585650" timestamp="2023-01-22T23:47:12Z" user="ntzm" uid="12363857" lat="51.1784678" lon="1.2013601"/>
 <node id="10575538389" visible="true" version="1" changeset="131585650" timestamp="2023-01-22T23:47:12Z" user="ntzm" uid="12363857" lat="51.1783223" lon="1.2013507"/>
 <node id="10575538390" visible="true" version="1" changeset="131585650" timestamp="2023-01-22T23:47:12Z" user="ntzm" uid="12363857" lat="51.1781290" lon="1.2012595"/>
 <node id="10575538391" visible="true" version="1" changeset="131585650" timestamp="2023-01-22T23:47:12Z" user="ntzm" uid="12363857" lat="51.1778095" lon="1.2011147"/>
 <node id="10575538392" visible="true" version="1" changeset="131585650" timestamp="2023-01-22T23:47:12Z" user="ntzm" uid="12363857" lat="51.1776783" lon="1.2011790"/>
 <node id="10575538393" visible="true" version="1" changeset="131585650" timestamp="2023-01-22T23:47:12Z" user="ntzm" uid="12363857" lat="51.1775623" lon="1.2013480"/>
 <node id="10575538394" visible="true" version="1" changeset="131585650" timestamp="2023-01-22T23:47:12Z" user="ntzm" uid="12363857" lat="51.1774850" lon="1.2019177"/>
 <node id="10575538395" visible="true" version="1" changeset="131585650" timestamp="2023-01-22T23:47:12Z" user="ntzm" uid="12363857" lat="51.1775699" lon="1.2017785"/>
 <node id="10575538396" visible="true" version="1" changeset="131585650" timestamp="2023-01-22T23:47:12Z" user="ntzm" uid="12363857" lat="51.1777490" lon="1.2017356"/>
 <node id="10575538397" visible="true" version="1" changeset="131585650" timestamp="2023-01-22T23:47:12Z" user="ntzm" uid="12363857" lat="51.1784686" lon="1.2018254"/>
 <node id="11002286660" visible="true" version="1" changeset="137703783" timestamp="2023-06-23T21:32:02Z" user="TomJeffs" uid="6397757" lat="51.1780636" lon="1.2005563"/>
 <node id="11002286661" visible="true" version="1" changeset="137703783" timestamp="2023-06-23T21:32:02Z" user="TomJeffs" uid="6397757" lat="51.1782975" lon="1.2005803"/>
 <node id="11002286662" visible="true" version="1" changeset="137703783" timestamp="2023-06-23T21:32:02Z" user="TomJeffs" uid="6397757" lat="51.1786173" lon="1.2006853"/>
 <node id="11002286663" visible="true" version="1" changeset="137703783" timestamp="2023-06-23T21:32:02Z" user="TomJeffs" uid="6397757" lat="51.1793849" lon="1.2009466"/>
 <node id="11002286664" visible="true" version="1" changeset="137703783" timestamp="2023-06-23T21:32:02Z" user="TomJeffs" uid="6397757" lat="51.1794206" lon="1.2009949"/>
 <node id="11002286665" visible="true" version="1" changeset="137703783" timestamp="2023-06-23T21:32:02Z" user="TomJeffs" uid="6397757" lat="51.1794451" lon="1.2010499"/>
 <node id="11002286666" visible="true" version="1" changeset="137703783" timestamp="2023-06-23T21:32:02Z" user="TomJeffs" uid="6397757" lat="51.1794566" lon="1.2011190"/>
 <node id="11002286667" visible="true" version="1" changeset="137703783" timestamp="2023-06-23T21:32:02Z" user="TomJeffs" uid="6397757" lat="51.1794543" lon="1.2011741"/>
 <node id="11002286668" visible="true" version="1" changeset="137703783" timestamp="2023-06-23T21:32:02Z" user="TomJeffs" uid="6397757" lat="51.1794355" lon="1.2012652"/>
 <node id="11002286669" visible="true" version="1" changeset="137703783" timestamp="2023-06-23T21:32:02Z" user="TomJeffs" uid="6397757" lat="51.1794026" lon="1.2013306"/>
 <node id="11002286670" visible="true" version="1" changeset="137703783" timestamp="2023-06-23T21:32:02Z" user="TomJeffs" uid="6397757" lat="51.1793753" lon="1.2013789"/>
 <node id="11002286671" visible="true" version="1" changeset="137703783" timestamp="2023-06-23T21:32:02Z" user="TomJeffs" uid="6397757" lat="51.1793025" lon="1.2014297"/>
 <node id="11002286672" visible="true" version="1" changeset="137703783" timestamp="2023-06-23T21:32:02Z" user="TomJeffs" uid="6397757" lat="51.1792968" lon="1.2014364"/>
 <node id="11002286673" visible="true" version="1" changeset="137703783" timestamp="2023-06-23T21:32:02Z" user="TomJeffs" uid="6397757" lat="51.1792235" lon="1.2014450"/>
 <node id="11002286674" visible="true" version="1" changeset="137703783" timestamp="2023-06-23T21:32:02Z" user="TomJeffs" uid="6397757" lat="51.1791576" lon="1.2014376"/>
 <node id="11002286675" visible="true" version="1" changeset="137703783" timestamp="2023-06-23T21:32:02Z" user="TomJeffs" uid="6397757" lat="51.1790480" lon="1.2013826"/>
 <node id="11002286676" visible="true" version="1" changeset="137703783" timestamp="2023-06-23T21:32:02Z" user="TomJeffs" uid="6397757" lat="51.1787911" lon="1.2012505"/>
 <node id="11002286677" visible="true" version="1" changeset="137703783" timestamp="2023-06-23T21:32:02Z" user="TomJeffs" uid="6397757" lat="51.1784472" lon="1.2010854"/>
 <node id="11002286678" visible="true" version="1" changeset="137703783" timestamp="2023-06-23T21:32:02Z" user="TomJeffs" uid="6397757" lat="51.1780083" lon="1.2008695"/>
 <node id="11002286679" visible="true" version="1" changeset="137703783" timestamp="2023-06-23T21:32:02Z" user="TomJeffs" uid="6397757" lat="51.1780152" lon="1.2008274"/>
 <node id="11002286680" visible="true" version="1" changeset="137703783" timestamp="2023-06-23T21:32:02Z" user="TomJeffs" uid="6397757" lat="51.1780436" lon="1.2007130"/>
 <node id="11002286681" visible="true" version="1" changeset="137703783" timestamp="2023-06-23T21:32:02Z" user="TomJeffs" uid="6397757" lat="51.1780589" lon="1.2006494"/>
 <node id="11002286682" visible="true" version="1" changeset="137703783" timestamp="2023-06-23T21:32:02Z" user="TomJeffs" uid="6397757" lat="51.1780601" lon="1.2005748"/>
 <node id="11002286683" visible="true" version="1" changeset="137703783" timestamp="2023-06-23T21:32:02Z" user="TomJeffs" uid="6397757" lat="51.1782498" lon="1.2006561"/>
 <node id="11002286684" visible="true" version="1" changeset="137703783" timestamp="2023-06-23T21:32:02Z" user="TomJeffs" uid="6397757" lat="51.1780650" lon="1.2006867"/>
 <node id="11002286685" visible="true" version="1" changeset="137703783" timestamp="2023-06-23T21:32:02Z" user="TomJeffs" uid="6397757" lat="51.1780547" lon="1.2006916"/>
 <node id="11002286686" visible="true" version="1" changeset="137703783" timestamp="2023-06-23T21:32:02Z" user="TomJeffs" uid="6397757" lat="51.1780283" lon="1.2007743"/>
 <node id="11002286687" visible="true" version="1" changeset="137703783" timestamp="2023-06-23T21:32:02Z" user="TomJeffs" uid="6397757" lat="51.1780221" lon="1.2008108"/>
 <node id="11002286688" visible="true" version="1" changeset="137703783" timestamp="2023-06-23T21:32:02Z" user="TomJeffs" uid="6397757" lat="51.1780271" lon="1.2008530"/>
 <node id="11002286689" visible="true" version="1" changeset="137703783" timestamp="2023-06-23T21:32:02Z" user="TomJeffs" uid="6397757" lat="51.1780347" lon="1.2008732"/>
 <node id="11002286690" visible="true" version="1" changeset="137703783" timestamp="2023-06-23T21:32:02Z" user="TomJeffs" uid="6397757" lat="51.1780455" lon="1.2008781"/>
 <node id="11002286691" visible="true" version="1" changeset="137703783" timestamp="2023-06-23T21:32:02Z" user="TomJeffs" uid="6397757" lat="51.1781409" lon="1.2008402"/>
 <node id="11002286692" visible="true" version="1" changeset="137703783" timestamp="2023-06-23T21:32:02Z" user="TomJeffs" uid="6397757" lat="51.1782170" lon="1.1941714"/>
 <node id="11002286693" visible="true" version="1" changeset="137703783" timestamp="2023-06-23T21:32:02Z" user="TomJeffs" uid="6397757" lat="51.1760679" lon="1.1994744"/>
 <node id="11002286694" visible="true" version="1" changeset="137703783" timestamp="2023-06-23T21:32:02Z" user="TomJeffs" uid="6397757" lat="51.1765677" lon="1.1963316"/>
 <node id="11002286695" visible="true" version="1" changeset="137703783" timestamp="2023-06-23T21:32:02Z" user="TomJeffs" uid="6397757" lat="51.1770433" lon="1.1957079"/>
 <node id="11002286696" visible="true" version="1" changeset="137703783" timestamp="2023-06-23T21:32:02Z" user="TomJeffs" uid="6397757" lat="51.1770997" lon="1.1957163"/>
 <node id="11002286697" visible="true" version="1" changeset="137703783" timestamp="2023-06-23T21:32:02Z" user="TomJeffs" uid="6397757" lat="51.1771719" lon="1.1957739"/>
 <node id="11002286698" visible="true" version="1" changeset="137703783" timestamp="2023-06-23T21:32:02Z" user="TomJeffs" uid="6397757" lat="51.1772441" lon="1.1959537"/>
 <node id="11002286699" visible="true" version="2" changeset="138981302" timestamp="2023-07-25T10:31:16Z" user="TomJeffs" uid="6397757" lat="51.1773003" lon="1.1959927"/>
 <node id="11002286701" visible="true" version="1" changeset="137703783" timestamp="2023-06-23T21:32:02Z" user="TomJeffs" uid="6397757" lat="51.1771602" lon="1.1977610"/>
 <node id="11002286702" visible="true" version="1" changeset="137703783" timestamp="2023-06-23T21:32:02Z" user="TomJeffs" uid="6397757" lat="51.1770785" lon="1.1976789"/>
 <node id="11002286703" visible="true" version="1" changeset="137703783" timestamp="2023-06-23T21:32:02Z" user="TomJeffs" uid="6397757" lat="51.1769458" lon="1.1980240"/>
 <node id="11002286704" visible="true" version="1" changeset="137703783" timestamp="2023-06-23T21:32:02Z" user="TomJeffs" uid="6397757" lat="51.1770056" lon="1.1980740"/>
 <node id="11002301822" visible="true" version="1" changeset="137703490" timestamp="2023-06-23T21:15:37Z" user="TomJeffs" uid="6397757" lat="51.1790640" lon="1.1990000"/>
 <node id="11002301823" visible="true" version="1" changeset="137703490" timestamp="2023-06-23T21:15:37Z" user="TomJeffs" uid="6397757" lat="51.1791033" lon="1.1990282"/>
 <node id="11002301824" visible="true" version="1" changeset="137703490" timestamp="2023-06-23T21:15:37Z" user="TomJeffs" uid="6397757" lat="51.1790726" lon="1.1991368"/>
 <node id="11002301825" visible="true" version="1" changeset="137703490" timestamp="2023-06-23T21:15:37Z" user="TomJeffs" uid="6397757" lat="51.1790460" lon="1.1991177"/>
 <node id="11002301826" visible="true" version="1" changeset="137703490" timestamp="2023-06-23T21:15:37Z" user="TomJeffs" uid="6397757" lat="51.1790610" lon="1.1990645"/>
 <node id="11002301827" visible="true" version="1" changeset="137703490" timestamp="2023-06-23T21:15:37Z" user="TomJeffs" uid="6397757" lat="51.1790483" lon="1.1990554"/>
 <node id="11002301828" visible="true" version="1" changeset="137703490" timestamp="2023-06-23T21:15:37Z" user="TomJeffs" uid="6397757" lat="51.1792040" lon="1.1985852"/>
 <node id="11002301829" visible="true" version="1" changeset="137703490" timestamp="2023-06-23T21:15:37Z" user="TomJeffs" uid="6397757" lat="51.1792425" lon="1.1986166"/>
 <node id="11002301830" visible="true" version="1" changeset="137703490" timestamp="2023-06-23T21:15:37Z" user="TomJeffs" uid="6397757" lat="51.1792722" lon="1.1985239"/>
 <node id="11002301831" visible="true" version="1" changeset="137703490" timestamp="2023-06-23T21:15:37Z" user="TomJeffs" uid="6397757" lat="51.1792488" lon="1.1985048"/>
 <node id="11002301832" visible="true" version="1" changeset="137703490" timestamp="2023-06-23T21:15:37Z" user="TomJeffs" uid="6397757" lat="51.1792375" lon="1.1985400"/>
 <node id="11002301833" visible="true" version="1" changeset="137703490" timestamp="2023-06-23T21:15:37Z" user="TomJeffs" uid="6397757" lat="51.1792225" lon="1.1985277"/>
 <node id="11002301834" visible="true" version="1" changeset="137703490" timestamp="2023-06-23T21:15:37Z" user="TomJeffs" uid="6397757" lat="51.1807265" lon="1.1975911"/>
 <node id="11002301835" visible="true" version="1" changeset="137703490" timestamp="2023-06-23T21:15:37Z" user="TomJeffs" uid="6397757" lat="51.1805570" lon="1.1975131"/>
 <node id="11002301836" visible="true" version="1" changeset="137703490" timestamp="2023-06-23T21:15:37Z" user="TomJeffs" uid="6397757" lat="51.1807245" lon="1.1976683"/>
 <node id="11002301837" visible="true" version="1" changeset="137703490" timestamp="2023-06-23T21:15:37Z" user="TomJeffs" uid="6397757" lat="51.1809872" lon="1.1975669"/>
 <node id="11002301838" visible="true" version="1" changeset="137703490" timestamp="2023-06-23T21:15:37Z" user="TomJeffs" uid="6397757" lat="51.1794670" lon="1.2021866"/>
 <node id="11002301839" visible="true" version="1" changeset="137703490" timestamp="2023-06-23T21:15:37Z" user="TomJeffs" uid="6397757" lat="51.1798237" lon="1.2008887"/>
 <node id="11002301840" visible="true" version="1" changeset="137703490" timestamp="2023-06-23T21:15:37Z" user="TomJeffs" uid="6397757" lat="51.1801912" lon="1.1996336"/>
 <node id="11002301841" visible="true" version="1" changeset="137703490" timestamp="2023-06-23T21:15:37Z" user="TomJeffs" uid="6397757" lat="51.1806707" lon="1.1982157"/>
 <node id="11002301842" visible="true" version="1" changeset="137703490" timestamp="2023-06-23T21:15:37Z" user="TomJeffs" uid="6397757" lat="51.1805394" lon="1.1976781"/>
 <node id="11002301843" visible="true" version="1" changeset="137703490" timestamp="2023-06-23T21:15:37Z" user="TomJeffs" uid="6397757" lat="51.1804732" lon="1.1976596"/>
 <node id="11002301844" visible="true" version="1" changeset="137703490" timestamp="2023-06-23T21:15:37Z" user="TomJeffs" uid="6397757" lat="51.1804459" lon="1.1976160"/>
 <node id="11002301845" visible="true" version="1" changeset="137703490" timestamp="2023-06-23T21:15:37Z" user="TomJeffs" uid="6397757" lat="51.1804935" lon="1.1975752"/>
 <node id="11002301846" visible="true" version="1" changeset="137703490" timestamp="2023-06-23T21:15:37Z" user="TomJeffs" uid="6397757" lat="51.1805005" lon="1.1975345"/>
 <node id="11002301847" visible="true" version="1" changeset="137703490" timestamp="2023-06-23T21:15:37Z" user="TomJeffs" uid="6397757" lat="51.1804674" lon="1.1974019"/>
 <node id="11002301848" visible="true" version="1" changeset="137703490" timestamp="2023-06-23T21:15:37Z" user="TomJeffs" uid="6397757" lat="51.1804377" lon="1.1973324"/>
 <node id="11002301849" visible="true" version="1" changeset="137703490" timestamp="2023-06-23T21:15:37Z" user="TomJeffs" uid="6397757" lat="51.1802291" lon="1.1971628"/>
 <node id="11002301850" visible="true" version="1" changeset="137703490" timestamp="2023-06-23T21:15:37Z" user="TomJeffs" uid="6397757" lat="51.1799043" lon="1.1969422"/>
 <node id="11002301851" visible="true" version="1" changeset="137703490" timestamp="2023-06-23T21:15:37Z" user="TomJeffs" uid="6397757" lat="51.1797560" lon="1.1968440"/>
 <node id="11002301852" visible="true" version="1" changeset="137703490" timestamp="2023-06-23T21:15:37Z" user="TomJeffs" uid="6397757" lat="51.1797116" lon="1.1968358"/>
 <node id="11002301853" visible="true" version="1" changeset="137703490" timestamp="2023-06-23T21:15:37Z" user="TomJeffs" uid="6397757" lat="51.1796738" lon="1.1968546"/>
 <node id="11002301854" visible="true" version="1" changeset="137703490" timestamp="2023-06-23T21:15:37Z" user="TomJeffs" uid="6397757" lat="51.1796351" lon="1.1968907"/>
 <node id="11002301855" visible="true" version="1" changeset="137703490" timestamp="2023-06-23T21:15:37Z" user="TomJeffs" uid="6397757" lat="51.1795988" lon="1.1969367"/>
 <node id="11002301856" visible="true" version="1" changeset="137703490" timestamp="2023-06-23T21:15:37Z" user="TomJeffs" uid="6397757" lat="51.1795549" lon="1.1970579"/>
 <node id="11002301857" visible="true" version="1" changeset="137703490" timestamp="2023-06-23T21:15:37Z" user="TomJeffs" uid="6397757" lat="51.1791245" lon="1.1983129"/>
 <node id="11002301858" visible="true" version="1" changeset="137703490" timestamp="2023-06-23T21:15:37Z" user="TomJeffs" uid="6397757" lat="51.1790707" lon="1.1984642"/>
 <node id="11002301859" visible="true" version="1" changeset="137703490" timestamp="2023-06-23T21:15:37Z" user="TomJeffs" uid="6397757" lat="51.1791094" lon="1.1985071"/>
 <node id="11002301860" visible="true" version="1" changeset="137703490" timestamp="2023-06-23T21:15:37Z" user="TomJeffs" uid="6397757" lat="51.1789928" lon="1.1988527"/>
 <node id="11002301861" visible="true" version="1" changeset="137703490" timestamp="2023-06-23T21:15:37Z" user="TomJeffs" uid="6397757" lat="51.1789399" lon="1.1988316"/>
 <node id="11002301862" visible="true" version="1" changeset="137703490" timestamp="2023-06-23T21:15:37Z" user="TomJeffs" uid="6397757" lat="51.1788031" lon="1.1992314"/>
 <node id="11002301863" visible="true" version="1" changeset="137703490" timestamp="2023-06-23T21:15:37Z" user="TomJeffs" uid="6397757" lat="51.1785578" lon="1.2002223"/>
 <node id="11002301864" visible="true" version="1" changeset="137703490" timestamp="2023-06-23T21:15:37Z" user="TomJeffs" uid="6397757" lat="51.1793182" lon="1.2004836"/>
 <node id="11002301865" visible="true" version="1" changeset="137703490" timestamp="2023-06-23T21:15:37Z" user="TomJeffs" uid="6397757" lat="51.1794613" lon="1.2005841"/>
 <node id="11002301866" visible="true" version="1" changeset="137703490" timestamp="2023-06-23T21:15:37Z" user="TomJeffs" uid="6397757" lat="51.1796099" lon="1.2007302"/>
 <node id="11002301867" visible="true" version="1" changeset="137703490" timestamp="2023-06-23T21:15:37Z" user="TomJeffs" uid="6397757" lat="51.1796770" lon="1.2008393"/>
 <node id="11002301868" visible="true" version="1" changeset="137703490" timestamp="2023-06-23T21:15:37Z" user="TomJeffs" uid="6397757" lat="51.1797058" lon="1.2009108"/>
 <node id="11002301869" visible="true" version="1" changeset="137703490" timestamp="2023-06-23T21:15:37Z" user="TomJeffs" uid="6397757" lat="51.1797176" lon="1.2009952"/>
 <node id="11002301870" visible="true" version="1" changeset="137703490" timestamp="2023-06-23T21:15:37Z" user="TomJeffs" uid="6397757" lat="51.1796991" lon="1.2011367"/>
 <node id="11002301871" visible="true" version="1" changeset="137703490" timestamp="2023-06-23T21:15:37Z" user="TomJeffs" uid="6397757" lat="51.1796463" lon="1.2013648"/>
 <node id="11002301872" visible="true" version="1" changeset="137703490" timestamp="2023-06-23T21:15:37Z" user="TomJeffs" uid="6397757" lat="51.1795812" lon="1.2015560"/>
 <node id="11002301873" visible="true" version="1" changeset="137703490" timestamp="2023-06-23T21:15:37Z" user="TomJeffs" uid="6397757" lat="51.1795118" lon="1.2016727"/>
 <node id="11002301874" visible="true" version="1" changeset="137703490" timestamp="2023-06-23T21:15:37Z" user="TomJeffs" uid="6397757" lat="51.1794514" lon="1.2017375"/>
 <node id="11002301875" visible="true" version="1" changeset="137703490" timestamp="2023-06-23T21:15:37Z" user="TomJeffs" uid="6397757" lat="51.1793782" lon="1.2018045"/>
 <node id="11002301876" visible="true" version="1" changeset="137703490" timestamp="2023-06-23T21:15:37Z" user="TomJeffs" uid="6397757" lat="51.1793046" lon="1.2018339"/>
 <node id="11002301877" visible="true" version="1" changeset="137703490" timestamp="2023-06-23T21:15:37Z" user="TomJeffs" uid="6397757" lat="51.1792347" lon="1.2018316"/>
 <node id="11002301878" visible="true" version="1" changeset="137703490" timestamp="2023-06-23T21:15:37Z" user="TomJeffs" uid="6397757" lat="51.1791361" lon="1.2017924"/>
 <node id="11002301879" visible="true" version="1" changeset="137703490" timestamp="2023-06-23T21:15:37Z" user="TomJeffs" uid="6397757" lat="51.1786291" lon="1.2015516"/>
 <node id="11002301880" visible="true" version="1" changeset="137703490" timestamp="2023-06-23T21:15:37Z" user="TomJeffs" uid="6397757" lat="51.1786461" lon="1.2017361"/>
 <node id="11002301881" visible="true" version="1" changeset="137703490" timestamp="2023-06-23T21:15:37Z" user="TomJeffs" uid="6397757" lat="51.1786947" lon="1.2018287"/>
 <node id="11002301882" visible="true" version="1" changeset="137703490" timestamp="2023-06-23T21:15:37Z" user="TomJeffs" uid="6397757" lat="51.1788042" lon="1.2019183"/>
 <node id="11002301883" visible="true" version="1" changeset="137703490" timestamp="2023-06-23T21:15:37Z" user="TomJeffs" uid="6397757" lat="51.1790114" lon="1.2020425"/>
 <node id="11002301884" visible="true" version="1" changeset="137703490" timestamp="2023-06-23T21:15:37Z" user="TomJeffs" uid="6397757" lat="51.1791615" lon="1.2021027"/>
 <node id="11002301885" visible="true" version="1" changeset="137703490" timestamp="2023-06-23T21:15:37Z" user="TomJeffs" uid="6397757" lat="51.1793069" lon="1.2020824"/>
 <node id="11002301886" visible="true" version="1" changeset="137703490" timestamp="2023-06-23T21:15:37Z" user="TomJeffs" uid="6397757" lat="51.1794093" lon="1.2020357"/>
 <node id="11002301887" visible="true" version="1" changeset="137703490" timestamp="2023-06-23T21:15:37Z" user="TomJeffs" uid="6397757" lat="51.1794753" lon="1.2019785"/>
 <node id="11002301888" visible="true" version="1" changeset="137703490" timestamp="2023-06-23T21:15:37Z" user="TomJeffs" uid="6397757" lat="51.1795924" lon="1.2017022"/>
 <node id="11002301889" visible="true" version="1" changeset="137703490" timestamp="2023-06-23T21:15:37Z" user="TomJeffs" uid="6397757" lat="51.1796740" lon="1.2014651"/>
 <node id="11002301890" visible="true" version="1" changeset="137703490" timestamp="2023-06-23T21:15:37Z" user="TomJeffs" uid="6397757" lat="51.1797991" lon="1.2010088"/>
 <node id="11002301892" visible="true" version="1" changeset="137703490" timestamp="2023-06-23T21:15:37Z" user="TomJeffs" uid="6397757" lat="51.1785303" lon="1.2002137"/>
 <node id="11002301893" visible="true" version="1" changeset="137703490" timestamp="2023-06-23T21:15:37Z" user="TomJeffs" uid="6397757" lat="51.1776860" lon="1.1999199"/>
 <node id="11002301894" visible="true" version="1" changeset="137703490" timestamp="2023-06-23T21:15:37Z" user="TomJeffs" uid="6397757" lat="51.1776349" lon="1.1998912"/>
 <node id="11002301895" visible="true" version="1" changeset="137703490" timestamp="2023-06-23T21:15:37Z" user="TomJeffs" uid="6397757" lat="51.1775942" lon="1.1998467"/>
 <node id="11002301896" visible="true" version="1" changeset="137703490" timestamp="2023-06-23T21:15:37Z" user="TomJeffs" uid="6397757" lat="51.1775738" lon="1.1998115"/>
 <node id="11002301897" visible="true" version="1" changeset="137703490" timestamp="2023-06-23T21:15:37Z" user="TomJeffs" uid="6397757" lat="51.1775675" lon="1.1997735"/>
 <node id="11002301898" visible="true" version="1" changeset="137703490" timestamp="2023-06-23T21:15:37Z" user="TomJeffs" uid="6397757" lat="51.1775680" lon="1.1997207"/>
 <node id="11002301899" visible="true" version="1" changeset="137703490" timestamp="2023-06-23T21:15:37Z" user="TomJeffs" uid="6397757" lat="51.1775797" lon="1.1996613"/>
 <node id="11002301900" visible="true" version="1" changeset="137703490" timestamp="2023-06-23T21:15:37Z" user="TomJeffs" uid="6397757" lat="51.1776232" lon="1.1995640"/>
 <node id="11002301901" visible="true" version="1" changeset="137703490" timestamp="2023-06-23T21:15:37Z" user="TomJeffs" uid="6397757" lat="51.1778156" lon="1.1993666"/>
 <node id="11002301902" visible="true" version="1" changeset="137703490" timestamp="2023-06-23T21:15:37Z" user="TomJeffs" uid="6397757" lat="51.1782595" lon="1.1989198"/>
 <node id="11002301903" visible="true" version="1" changeset="137703490" timestamp="2023-06-23T21:15:37Z" user="TomJeffs" uid="6397757" lat="51.1784675" lon="1.1986640"/>
 <node id="11002301904" visible="true" version="1" changeset="137703490" timestamp="2023-06-23T21:15:37Z" user="TomJeffs" uid="6397757" lat="51.1785878" lon="1.1984860"/>
 <node id="11002304705" visible="true" version="1" changeset="137703490" timestamp="2023-06-23T21:15:37Z" user="TomJeffs" uid="6397757" lat="51.1787400" lon="1.1982145"/>
 <node id="11002304706" visible="true" version="1" changeset="137703490" timestamp="2023-06-23T21:15:37Z" user="TomJeffs" uid="6397757" lat="51.1789655" lon="1.1977835"/>
 <node id="11002304707" visible="true" version="1" changeset="137703490" timestamp="2023-06-23T21:15:37Z" user="TomJeffs" uid="6397757" lat="51.1790375" lon="1.1976120"/>
 <node id="11002304708" visible="true" version="1" changeset="137703490" timestamp="2023-06-23T21:15:37Z" user="TomJeffs" uid="6397757" lat="51.1790904" lon="1.1974210"/>
 <node id="11002304709" visible="true" version="1" changeset="137703490" timestamp="2023-06-23T21:15:37Z" user="TomJeffs" uid="6397757" lat="51.1791723" lon="1.1970976"/>
 <node id="11002304710" visible="true" version="1" changeset="137703490" timestamp="2023-06-23T21:15:37Z" user="TomJeffs" uid="6397757" lat="51.1792595" lon="1.1965915"/>
 <node id="11002304711" visible="true" version="1" changeset="137703490" timestamp="2023-06-23T21:15:37Z" user="TomJeffs" uid="6397757" lat="51.1792682" lon="1.1964682"/>
 <node id="11002304712" visible="true" version="1" changeset="137703490" timestamp="2023-06-23T21:15:37Z" user="TomJeffs" uid="6397757" lat="51.1792705" lon="1.1962022"/>
 <node id="11002304713" visible="true" version="1" changeset="137703490" timestamp="2023-06-23T21:15:37Z" user="TomJeffs" uid="6397757" lat="51.1792508" lon="1.1959213"/>
 <node id="11002304714" visible="true" version="1" changeset="137703490" timestamp="2023-06-23T21:15:37Z" user="TomJeffs" uid="6397757" lat="51.1791869" lon="1.1954690"/>
 <node id="11002304715" visible="true" version="1" changeset="137703490" timestamp="2023-06-23T21:15:37Z" user="TomJeffs" uid="6397757" lat="51.1791590" lon="1.1954023"/>
 <node id="11002304716" visible="true" version="1" changeset="137703490" timestamp="2023-06-23T21:15:37Z" user="TomJeffs" uid="6397757" lat="51.1790898" lon="1.1952558"/>
 <node id="11002304717" visible="true" version="1" changeset="137703490" timestamp="2023-06-23T21:15:37Z" user="TomJeffs" uid="6397757" lat="51.1787459" lon="1.1947359"/>
 <node id="11002304718" visible="true" version="1" changeset="137703490" timestamp="2023-06-23T21:15:37Z" user="TomJeffs" uid="6397757" lat="51.1787052" lon="1.1945384"/>
 <node id="11002304719" visible="true" version="1" changeset="137703490" timestamp="2023-06-23T21:15:37Z" user="TomJeffs" uid="6397757" lat="51.1787848" lon="1.1946404"/>
 <node id="11002304720" visible="true" version="1" changeset="137703490" timestamp="2023-06-23T21:15:37Z" user="TomJeffs" uid="6397757" lat="51.1792543" lon="1.1953671"/>
 <node id="11002304721" visible="true" version="1" changeset="137703490" timestamp="2023-06-23T21:15:37Z" user="TomJeffs" uid="6397757" lat="51.1794028" lon="1.1956110"/>
 <node id="11002304722" visible="true" version="1" changeset="137703490" timestamp="2023-06-23T21:15:37Z" user="TomJeffs" uid="6397757" lat="51.1798364" lon="1.1963014"/>
 <node id="11002304723" visible="true" version="1" changeset="137703490" timestamp="2023-06-23T21:15:37Z" user="TomJeffs" uid="6397757" lat="51.1802580" lon="1.1969632"/>
 <node id="11002304724" visible="true" version="1" changeset="137703490" timestamp="2023-06-23T21:15:37Z" user="TomJeffs" uid="6397757" lat="51.1803632" lon="1.1971424"/>
 <node id="11002304725" visible="true" version="1" changeset="137703490" timestamp="2023-06-23T21:15:37Z" user="TomJeffs" uid="6397757" lat="51.1804086" lon="1.1972403"/>
 <node id="11002304726" visible="true" version="1" changeset="137703490" timestamp="2023-06-23T21:15:37Z" user="TomJeffs" uid="6397757" lat="51.1804142" lon="1.1972568"/>
 <node id="11002304727" visible="true" version="1" changeset="137703490" timestamp="2023-06-23T21:15:37Z" user="TomJeffs" uid="6397757" lat="51.1802429" lon="1.1971304"/>
 <node id="11002304728" visible="true" version="1" changeset="137703490" timestamp="2023-06-23T21:15:37Z" user="TomJeffs" uid="6397757" lat="51.1799663" lon="1.1969301"/>
 <node id="11002304729" visible="true" version="1" changeset="137703490" timestamp="2023-06-23T21:15:37Z" user="TomJeffs" uid="6397757" lat="51.1797658" lon="1.1967946"/>
 <node id="11002304730" visible="true" version="1" changeset="137703490" timestamp="2023-06-23T21:15:37Z" user="TomJeffs" uid="6397757" lat="51.1797053" lon="1.1967765"/>
 <node id="11002304731" visible="true" version="1" changeset="137703490" timestamp="2023-06-23T21:15:37Z" user="TomJeffs" uid="6397757" lat="51.1796671" lon="1.1967886"/>
 <node id="11002304732" visible="true" version="1" changeset="137703490" timestamp="2023-06-23T21:15:37Z" user="TomJeffs" uid="6397757" lat="51.1796242" lon="1.1968179"/>
 <node id="11002304733" visible="true" version="1" changeset="137703490" timestamp="2023-06-23T21:15:37Z" user="TomJeffs" uid="6397757" lat="51.1795874" lon="1.1968578"/>
 <node id="11002304734" visible="true" version="1" changeset="137703490" timestamp="2023-06-23T21:15:37Z" user="TomJeffs" uid="6397757" lat="51.1795538" lon="1.1969414"/>
 <node id="11002304735" visible="true" version="1" changeset="137703490" timestamp="2023-06-23T21:15:37Z" user="TomJeffs" uid="6397757" lat="51.1792730" lon="1.1977598"/>
 <node id="11002304736" visible="true" version="1" changeset="137703490" timestamp="2023-06-23T21:15:37Z" user="TomJeffs" uid="6397757" lat="51.1789917" lon="1.1985683"/>
 <node id="11002304737" visible="true" version="1" changeset="137703490" timestamp="2023-06-23T21:15:37Z" user="TomJeffs" uid="6397757" lat="51.1787916" lon="1.1991473"/>
 <node id="11002304738" visible="true" version="1" changeset="137703490" timestamp="2023-06-23T21:15:37Z" user="TomJeffs" uid="6397757" lat="51.1787501" lon="1.1993084"/>
 <node id="11002304739" visible="true" version="1" changeset="137703490" timestamp="2023-06-23T21:15:37Z" user="TomJeffs" uid="6397757" lat="51.1784724" lon="1.1986567"/>
 <node id="11002304740" visible="true" version="1" changeset="137703490" timestamp="2023-06-23T21:15:37Z" user="TomJeffs" uid="6397757" lat="51.1781720" lon="1.2013790"/>
 <node id="11002304741" visible="true" version="1" changeset="137703490" timestamp="2023-06-23T21:15:37Z" user="TomJeffs" uid="6397757" lat="51.1781075" lon="1.2013206"/>
 <node id="11002304742" visible="true" version="1" changeset="137703490" timestamp="2023-06-23T21:15:37Z" user="TomJeffs" uid="6397757" lat="51.1779257" lon="1.2012214"/>
 <node id="11002304743" visible="true" version="1" changeset="137703490" timestamp="2023-06-23T21:15:37Z" user="TomJeffs" uid="6397757" lat="51.1778379" lon="1.2012103"/>
 <node id="11002304744" visible="true" version="1" changeset="137703490" timestamp="2023-06-23T21:15:37Z" user="TomJeffs" uid="6397757" lat="51.1777880" lon="1.2012149"/>
 <node id="11002304745" visible="true" version="1" changeset="137703490" timestamp="2023-06-23T21:15:37Z" user="TomJeffs" uid="6397757" lat="51.1777548" lon="1.2012427"/>
 <node id="11002304746" visible="true" version="1" changeset="137703490" timestamp="2023-06-23T21:15:37Z" user="TomJeffs" uid="6397757" lat="51.1777211" lon="1.2013011"/>
 <node id="11002304747" visible="true" version="1" changeset="137703490" timestamp="2023-06-23T21:15:37Z" user="TomJeffs" uid="6397757" lat="51.1776985" lon="1.2013938"/>
 <node id="11002304748" visible="true" version="1" changeset="137703490" timestamp="2023-06-23T21:15:37Z" user="TomJeffs" uid="6397757" lat="51.1774742" lon="1.2018211"/>
 <node id="11002304749" visible="true" version="1" changeset="137703490" timestamp="2023-06-23T21:15:37Z" user="TomJeffs" uid="6397757" lat="51.1776816" lon="1.2012372"/>
 <node id="11002304750" visible="true" version="1" changeset="137703490" timestamp="2023-06-23T21:15:37Z" user="TomJeffs" uid="6397757" lat="51.1793466" lon="1.2024790"/>
 <node id="11002304751" visible="true" version="1" changeset="137703490" timestamp="2023-06-23T21:15:37Z" user="TomJeffs" uid="6397757" lat="51.1791715" lon="1.2023106"/>
 <node id="11002304752" visible="true" version="1" changeset="137703490" timestamp="2023-06-23T21:15:37Z" user="TomJeffs" uid="6397757" lat="51.1790490" lon="1.2021940"/>
 <node id="11002304753" visible="true" version="1" changeset="137703490" timestamp="2023-06-23T21:15:37Z" user="TomJeffs" uid="6397757" lat="51.1789689" lon="1.2021448"/>
 <node id="11002304754" visible="true" version="1" changeset="137703490" timestamp="2023-06-23T21:15:37Z" user="TomJeffs" uid="6397757" lat="51.1789046" lon="1.2021181"/>
 <node id="11002304755" visible="true" version="1" changeset="137703490" timestamp="2023-06-23T21:15:37Z" user="TomJeffs" uid="6397757" lat="51.1788764" lon="1.2022642"/>
 <node id="11002304756" visible="true" version="1" changeset="137703490" timestamp="2023-06-23T21:15:37Z" user="TomJeffs" uid="6397757" lat="51.1787285" lon="1.2021659"/>
 <node id="11002304757" visible="true" version="1" changeset="137703490" timestamp="2023-06-23T21:15:37Z" user="TomJeffs" uid="6397757" lat="51.1781366" lon="1.2039641"/>
 <node id="11002304758" visible="true" version="1" changeset="137703490" timestamp="2023-06-23T21:15:37Z" user="TomJeffs" uid="6397757" lat="51.1780573" lon="1.2043645"/>
 <node id="11002304759" visible="true" version="1" changeset="137703490" timestamp="2023-06-23T21:15:37Z" user="TomJeffs" uid="6397757" lat="51.1779367" lon="1.2042634"/>
 <node id="11002304760" visible="true" version="1" changeset="137703490" timestamp="2023-06-23T21:15:37Z" user="TomJeffs" uid="6397757" lat="51.1798632" lon="1.2054054"/>
 <node id="11002304761" visible="true" version="1" changeset="137703490" timestamp="2023-06-23T21:15:37Z" user="TomJeffs" uid="6397757" lat="51.1787554" lon="1.2020588"/>
 <node id="11002304762" visible="true" version="1" changeset="137703490" timestamp="2023-06-23T21:15:37Z" user="TomJeffs" uid="6397757" lat="51.1786683" lon="1.2020378"/>
 <node id="11002304763" visible="true" version="1" changeset="137703490" timestamp="2023-06-23T21:15:37Z" user="TomJeffs" uid="6397757" lat="51.1778527" lon="1.2022714"/>
 <node id="11002304764" visible="true" version="1" changeset="137703490" timestamp="2023-06-23T21:15:37Z" user="TomJeffs" uid="6397757" lat="51.1778196" lon="1.2022704"/>
 <node id="11002304765" visible="true" version="1" changeset="137703490" timestamp="2023-06-23T21:15:37Z" user="TomJeffs" uid="6397757" lat="51.1777528" lon="1.2022139"/>
 <node id="11002304766" visible="true" version="1" changeset="137703490" timestamp="2023-06-23T21:15:37Z" user="TomJeffs" uid="6397757" lat="51.1777447" lon="1.2022352"/>
 <node id="11002304767" visible="true" version="1" changeset="137703490" timestamp="2023-06-23T21:15:37Z" user="TomJeffs" uid="6397757" lat="51.1778266" lon="1.2023010"/>
 <node id="11002304768" visible="true" version="1" changeset="137703490" timestamp="2023-06-23T21:15:37Z" user="TomJeffs" uid="6397757" lat="51.1773908" lon="1.2035180"/>
 <node id="11002304769" visible="true" version="1" changeset="137703490" timestamp="2023-06-23T21:15:37Z" user="TomJeffs" uid="6397757" lat="51.1772647" lon="1.2033985"/>
 <node id="11002304770" visible="true" version="1" changeset="137703490" timestamp="2023-06-23T21:15:37Z" user="TomJeffs" uid="6397757" lat="51.1772374" lon="1.2034745"/>
 <node id="11002304771" visible="true" version="1" changeset="137703490" timestamp="2023-06-23T21:15:37Z" user="TomJeffs" uid="6397757" lat="51.1779695" lon="1.2042123"/>
 <node id="11002304772" visible="true" version="1" changeset="137703490" timestamp="2023-06-23T21:15:37Z" user="TomJeffs" uid="6397757" lat="51.1784291" lon="1.2029397"/>
 <node id="11002304773" visible="true" version="1" changeset="137703490" timestamp="2023-06-23T21:15:37Z" user="TomJeffs" uid="6397757" lat="51.1787034" lon="1.2021676"/>
 <node id="11002304774" visible="true" version="1" changeset="137703490" timestamp="2023-06-23T21:15:37Z" user="TomJeffs" uid="6397757" lat="51.1757713" lon="1.2020668"/>
 <node id="11002304776" visible="true" version="2" changeset="157303764" timestamp="2024-09-30T15:38:10Z" user="Palgrave Peter" uid="11471297" lat="51.1751117" lon="1.2037480"/>
 <node id="11002304778" visible="true" version="1" changeset="137703490" timestamp="2023-06-23T21:15:37Z" user="TomJeffs" uid="6397757" lat="51.1750899" lon="1.2072485"/>
 <node id="11002304779" visible="true" version="1" changeset="137703490" timestamp="2023-06-23T21:15:37Z" user="TomJeffs" uid="6397757" lat="51.1734282" lon="1.2082000"/>
 <node id="11002304780" visible="true" version="1" changeset="137703490" timestamp="2023-06-23T21:15:37Z" user="TomJeffs" uid="6397757" lat="51.1736282" lon="1.2083195"/>
 <node id="11002304781" visible="true" version="1" changeset="137703490" timestamp="2023-06-23T21:15:37Z" user="TomJeffs" uid="6397757" lat="51.1737524" lon="1.2084445"/>
 <node id="11002304782" visible="true" version="1" changeset="137703490" timestamp="2023-06-23T21:15:37Z" user="TomJeffs" uid="6397757" lat="51.1739602" lon="1.2087114"/>
 <node id="11002304784" visible="true" version="1" changeset="137703490" timestamp="2023-06-23T21:15:37Z" user="TomJeffs" uid="6397757" lat="51.1734322" lon="1.2081799"/>
 <node id="11002304785" visible="true" version="1" changeset="137703490" timestamp="2023-06-23T21:15:37Z" user="TomJeffs" uid="6397757" lat="51.1729923" lon="1.2079789"/>
 <node id="11002304786" visible="true" version="1" changeset="137703490" timestamp="2023-06-23T21:15:37Z" user="TomJeffs" uid="6397757" lat="51.1728993" lon="1.2079002"/>
 <node id="11002304787" visible="true" version="1" changeset="137703490" timestamp="2023-06-23T21:15:37Z" user="TomJeffs" uid="6397757" lat="51.1728757" lon="1.2078249"/>
 <node id="11002304788" visible="true" version="1" changeset="137703490" timestamp="2023-06-23T21:15:37Z" user="TomJeffs" uid="6397757" lat="51.1728743" lon="1.2077427"/>
 <node id="11002304789" visible="true" version="1" changeset="137703490" timestamp="2023-06-23T21:15:37Z" user="TomJeffs" uid="6397757" lat="51.1729015" lon="1.2076161"/>
 <node id="11002304790" visible="true" version="1" changeset="137703490" timestamp="2023-06-23T21:15:37Z" user="TomJeffs" uid="6397757" lat="51.1731905" lon="1.2068253"/>
 <node id="11002304791" visible="true" version="1" changeset="137703490" timestamp="2023-06-23T21:15:37Z" user="TomJeffs" uid="6397757" lat="51.1732764" lon="1.2065149"/>
 <node id="11002304792" visible="true" version="1" changeset="137703490" timestamp="2023-06-23T21:15:37Z" user="TomJeffs" uid="6397757" lat="51.1733565" lon="1.2059192"/>
 <node id="11002304793" visible="true" version="1" changeset="137703490" timestamp="2023-06-23T21:15:37Z" user="TomJeffs" uid="6397757" lat="51.1733880" lon="1.2054605"/>
 <node id="11002304794" visible="true" version="1" changeset="137703490" timestamp="2023-06-23T21:15:37Z" user="TomJeffs" uid="6397757" lat="51.1734309" lon="1.2054091"/>
 <node id="11002304795" visible="true" version="1" changeset="137703490" timestamp="2023-06-23T21:15:37Z" user="TomJeffs" uid="6397757" lat="51.1735017" lon="1.2053874"/>
 <node id="11002304796" visible="true" version="1" changeset="137703490" timestamp="2023-06-23T21:15:37Z" user="TomJeffs" uid="6397757" lat="51.1736498" lon="1.2054433"/>
 <node id="11002304797" visible="true" version="1" changeset="137703490" timestamp="2023-06-23T21:15:37Z" user="TomJeffs" uid="6397757" lat="51.1739468" lon="1.2056415"/>
 <node id="11002304798" visible="true" version="1" changeset="137703490" timestamp="2023-06-23T21:15:37Z" user="TomJeffs" uid="6397757" lat="51.1739396" lon="1.2055997"/>
 <node id="11002304799" visible="true" version="1" changeset="137703490" timestamp="2023-06-23T21:15:37Z" user="TomJeffs" uid="6397757" lat="51.1735769" lon="1.2053783"/>
 <node id="11002304800" visible="true" version="1" changeset="137703490" timestamp="2023-06-23T21:15:37Z" user="TomJeffs" uid="6397757" lat="51.1735032" lon="1.2053566"/>
 <node id="11002304801" visible="true" version="1" changeset="137703490" timestamp="2023-06-23T21:15:37Z" user="TomJeffs" uid="6397757" lat="51.1733576" lon="1.2053680"/>
 <node id="11002304802" visible="true" version="1" changeset="137703490" timestamp="2023-06-23T21:15:37Z" user="TomJeffs" uid="6397757" lat="51.1732522" lon="1.2064606"/>
 <node id="11002304803" visible="true" version="1" changeset="137703490" timestamp="2023-06-23T21:15:37Z" user="TomJeffs" uid="6397757" lat="51.1761405" lon="1.2021796"/>
 <node id="11002304804" visible="true" version="1" changeset="137703490" timestamp="2023-06-23T21:15:37Z" user="TomJeffs" uid="6397757" lat="51.1760982" lon="1.2021139"/>
 <node id="11002304805" visible="true" version="1" changeset="137703490" timestamp="2023-06-23T21:15:37Z" user="TomJeffs" uid="6397757" lat="51.1760559" lon="1.2020827"/>
 <node id="11002304806" visible="true" version="1" changeset="137703490" timestamp="2023-06-23T21:15:37Z" user="TomJeffs" uid="6397757" lat="51.1759518" lon="1.2020309"/>
 <node id="11002304807" visible="true" version="1" changeset="137703490" timestamp="2023-06-23T21:15:37Z" user="TomJeffs" uid="6397757" lat="51.1757978" lon="1.2019219"/>
 <node id="11002304808" visible="true" version="1" changeset="137703490" timestamp="2023-06-23T21:15:37Z" user="TomJeffs" uid="6397757" lat="51.1754942" lon="1.2016157"/>
 <node id="11002304809" visible="true" version="1" changeset="137703490" timestamp="2023-06-23T21:15:37Z" user="TomJeffs" uid="6397757" lat="51.1756472" lon="1.2017700"/>
 <node id="11002304810" visible="true" version="1" changeset="137703490" timestamp="2023-06-23T21:15:37Z" user="TomJeffs" uid="6397757" lat="51.1759973" lon="1.2005814"/>
 <node id="11002304811" visible="true" version="1" changeset="137703490" timestamp="2023-06-23T21:15:37Z" user="TomJeffs" uid="6397757" lat="51.1761871" lon="1.1999761"/>
 <node id="11002304812" visible="true" version="1" changeset="137703490" timestamp="2023-06-23T21:15:37Z" user="TomJeffs" uid="6397757" lat="51.1762652" lon="1.1998066"/>
 <node id="11002304813" visible="true" version="2" changeset="138981302" timestamp="2023-07-25T10:31:16Z" user="TomJeffs" uid="6397757" lat="51.1763834" lon="1.1996178"/>
 <node id="11002304814" visible="true" version="1" changeset="137703490" timestamp="2023-06-23T21:15:37Z" user="TomJeffs" uid="6397757" lat="51.1764614" lon="1.1994710"/>
 <node id="11002304815" visible="true" version="1" changeset="137703490" timestamp="2023-06-23T21:15:37Z" user="TomJeffs" uid="6397757" lat="51.1767705" lon="1.1987186"/>
 <node id="11002304816" visible="true" version="1" changeset="137703490" timestamp="2023-06-23T21:15:37Z" user="TomJeffs" uid="6397757" lat="51.1770795" lon="1.1979524"/>
 <node id="11002304817" visible="true" version="1" changeset="137703490" timestamp="2023-06-23T21:15:37Z" user="TomJeffs" uid="6397757" lat="51.1779738" lon="1.1944088"/>
 <node id="11002304818" visible="true" version="1" changeset="137703490" timestamp="2023-06-23T21:15:37Z" user="TomJeffs" uid="6397757" lat="51.1777923" lon="1.1947260"/>
 <node id="11002304819" visible="true" version="1" changeset="137703490" timestamp="2023-06-23T21:15:37Z" user="TomJeffs" uid="6397757" lat="51.1774919" lon="1.1953031"/>
 <node id="11002304820" visible="true" version="1" changeset="137703490" timestamp="2023-06-23T21:15:37Z" user="TomJeffs" uid="6397757" lat="51.1773771" lon="1.1955395"/>
 <node id="11002304821" visible="true" version="1" changeset="137703490" timestamp="2023-06-23T21:15:37Z" user="TomJeffs" uid="6397757" lat="51.1772489" lon="1.1961123"/>
 <node id="11002304822" visible="true" version="1" changeset="137703490" timestamp="2023-06-23T21:15:37Z" user="TomJeffs" uid="6397757" lat="51.1771461" lon="1.1967107"/>
 <node id="11002304826" visible="true" version="2" changeset="157303764" timestamp="2024-09-30T15:38:10Z" user="Palgrave Peter" uid="11471297" lat="51.1731035" lon="1.2039693"/>
 <node id="11002304828" visible="true" version="1" changeset="137703490" timestamp="2023-06-23T21:15:37Z" user="TomJeffs" uid="6397757" lat="51.1736295" lon="1.2037793"/>
 <node id="11002304829" visible="true" version="2" changeset="157303764" timestamp="2024-09-30T15:38:10Z" user="Palgrave Peter" uid="11471297" lat="51.1737010" lon="1.2030885"/>
 <node id="11002304830" visible="true" version="2" changeset="157303764" timestamp="2024-09-30T15:38:10Z" user="Palgrave Peter" uid="11471297" lat="51.1735715" lon="1.2024255"/>
 <node id="11002304831" visible="true" version="1" changeset="137703490" timestamp="2023-06-23T21:15:37Z" user="TomJeffs" uid="6397757" lat="51.1732301" lon="1.2024043"/>
 <node id="11002304832" visible="true" version="1" changeset="137703490" timestamp="2023-06-23T21:15:37Z" user="TomJeffs" uid="6397757" lat="51.1731758" lon="1.2020831"/>
 <node id="11002304833" visible="true" version="2" changeset="157303764" timestamp="2024-09-30T15:38:10Z" user="Palgrave Peter" uid="11471297" lat="51.1730931" lon="1.2021527"/>
 <node id="11002304838" visible="true" version="2" changeset="157303764" timestamp="2024-09-30T15:38:10Z" user="Palgrave Peter" uid="11471297" lat="51.1730484" lon="1.2022536"/>
 <node id="11002304839" visible="true" version="2" changeset="157303764" timestamp="2024-09-30T15:38:10Z" user="Palgrave Peter" uid="11471297" lat="51.1731238" lon="1.2027947"/>
 <node id="11002304840" visible="true" version="2" changeset="157303764" timestamp="2024-09-30T15:38:10Z" user="Palgrave Peter" uid="11471297" lat="51.1728964" lon="1.2028835"/>
 <node id="11002304841" visible="true" version="1" changeset="137703490" timestamp="2023-06-23T21:15:37Z" user="TomJeffs" uid="6397757" lat="51.1729804" lon="1.2032069"/>
 <node id="11002311178" visible="true" version="1" changeset="137703659" timestamp="2023-06-23T21:24:59Z" user="TomJeffs" uid="6397757" lat="51.1743983" lon="1.1972403"/>
 <node id="11002311179" visible="true" version="2" changeset="150893420" timestamp="2024-05-04T18:39:52Z" user="mapboy63" uid="12340839" lat="51.1756872" lon="1.1962797"/>
 <node id="11002311180" visible="true" version="2" changeset="150893420" timestamp="2024-05-04T18:39:52Z" user="mapboy63" uid="12340839" lat="51.1761178" lon="1.1964791"/>
 <node id="11002311181" visible="true" version="2" changeset="150893420" timestamp="2024-05-04T18:39:52Z" user="mapboy63" uid="12340839" lat="51.1761745" lon="1.1964684"/>
 <node id="11002311182" visible="true" version="2" changeset="150893420" timestamp="2024-05-04T18:39:52Z" user="mapboy63" uid="12340839" lat="51.1774893" lon="1.1949332"/>
 <node id="11002311185" visible="true" version="1" changeset="137703659" timestamp="2023-06-23T21:24:59Z" user="TomJeffs" uid="6397757" lat="51.1770119" lon="1.1923911"/>
 <node id="11002311186" visible="true" version="1" changeset="137703659" timestamp="2023-06-23T21:24:59Z" user="TomJeffs" uid="6397757" lat="51.1764332" lon="1.1933532"/>
 <node id="11002311187" visible="true" version="1" changeset="137703659" timestamp="2023-06-23T21:24:59Z" user="TomJeffs" uid="6397757" lat="51.1756931" lon="1.1943922"/>
 <node id="11002311188" visible="true" version="1" changeset="137703659" timestamp="2023-06-23T21:24:59Z" user="TomJeffs" uid="6397757" lat="51.1750503" lon="1.1950216"/>
 <node id="11002311189" visible="true" version="1" changeset="137703659" timestamp="2023-06-23T21:24:59Z" user="TomJeffs" uid="6397757" lat="51.1748416" lon="1.1952083"/>
 <node id="11002311190" visible="true" version="1" changeset="137703659" timestamp="2023-06-23T21:24:59Z" user="TomJeffs" uid="6397757" lat="51.1747432" lon="1.1932039"/>
 <node id="11002311191" visible="true" version="1" changeset="137703659" timestamp="2023-06-23T21:24:59Z" user="TomJeffs" uid="6397757" lat="51.1747658" lon="1.1947755"/>
 <node id="11002311192" visible="true" version="1" changeset="137703659" timestamp="2023-06-23T21:24:59Z" user="TomJeffs" uid="6397757" lat="51.1740354" lon="1.1962435"/>
 <node id="11002311193" visible="true" version="1" changeset="137703659" timestamp="2023-06-23T21:24:59Z" user="TomJeffs" uid="6397757" lat="51.1744663" lon="1.1953916"/>
 <node id="11002311194" visible="true" version="1" changeset="137703659" timestamp="2023-06-23T21:24:59Z" user="TomJeffs" uid="6397757" lat="51.1743945" lon="1.1969678"/>
 <node id="11002311195" visible="true" version="1" changeset="137703659" timestamp="2023-06-23T21:24:59Z" user="TomJeffs" uid="6397757" lat="51.1743322" lon="1.1972087"/>
 <node id="11002311196" visible="true" version="1" changeset="137703659" timestamp="2023-06-23T21:24:59Z" user="TomJeffs" uid="6397757" lat="51.1742341" lon="1.1974649"/>
 <node id="11002311197" visible="true" version="1" changeset="137703659" timestamp="2023-06-23T21:24:59Z" user="TomJeffs" uid="6397757" lat="51.1735913" lon="1.1980573"/>
 <node id="11002311198" visible="true" version="1" changeset="137703659" timestamp="2023-06-23T21:24:59Z" user="TomJeffs" uid="6397757" lat="51.1733119" lon="1.1985136"/>
 <node id="11002311199" visible="true" version="1" changeset="137703659" timestamp="2023-06-23T21:24:59Z" user="TomJeffs" uid="6397757" lat="51.1731307" lon="1.1988478"/>
 <node id="11002311200" visible="true" version="1" changeset="137703659" timestamp="2023-06-23T21:24:59Z" user="TomJeffs" uid="6397757" lat="51.1730176" lon="1.1990016"/>
 <node id="11002311201" visible="true" version="1" changeset="137703659" timestamp="2023-06-23T21:24:59Z" user="TomJeffs" uid="6397757" lat="51.1728834" lon="1.1990958"/>
 <node id="11002311202" visible="true" version="1" changeset="137703659" timestamp="2023-06-23T21:24:59Z" user="TomJeffs" uid="6397757" lat="51.1719064" lon="1.1995643"/>
 <node id="11002311203" visible="true" version="1" changeset="137703659" timestamp="2023-06-23T21:24:59Z" user="TomJeffs" uid="6397757" lat="51.1716302" lon="1.1995780"/>
 <node id="11002311204" visible="true" version="1" changeset="137703659" timestamp="2023-06-23T21:24:59Z" user="TomJeffs" uid="6397757" lat="51.1700793" lon="1.1995322"/>
 <node id="11002317686" visible="true" version="2" changeset="147782550" timestamp="2024-02-22T17:24:47Z" user="g_isaac" uid="11571310" lat="51.1777759" lon="1.1985314"/>
 <node id="11002317687" visible="true" version="1" changeset="137703749" timestamp="2023-06-23T21:29:53Z" user="TomJeffs" uid="6397757" lat="51.1776670" lon="1.1984573"/>
 <node id="11002317688" visible="true" version="1" changeset="137703749" timestamp="2023-06-23T21:29:53Z" user="TomJeffs" uid="6397757" lat="51.1775760" lon="1.1983138"/>
 <node id="11002317689" visible="true" version="1" changeset="137703749" timestamp="2023-06-23T21:29:53Z" user="TomJeffs" uid="6397757" lat="51.1775521" lon="1.1981477"/>
 <node id="11002317690" visible="true" version="1" changeset="137703749" timestamp="2023-06-23T21:29:53Z" user="TomJeffs" uid="6397757" lat="51.1775489" lon="1.1979886"/>
 <node id="11002317691" visible="true" version="1" changeset="137703749" timestamp="2023-06-23T21:29:53Z" user="TomJeffs" uid="6397757" lat="51.1775836" lon="1.1977880"/>
 <node id="11002317692" visible="true" version="1" changeset="137703749" timestamp="2023-06-23T21:29:53Z" user="TomJeffs" uid="6397757" lat="51.1776193" lon="1.1976254"/>
 <node id="11002317693" visible="true" version="1" changeset="137703749" timestamp="2023-06-23T21:29:53Z" user="TomJeffs" uid="6397757" lat="51.1778351" lon="1.1968263"/>
 <node id="11002317694" visible="true" version="1" changeset="137703749" timestamp="2023-06-23T21:29:53Z" user="TomJeffs" uid="6397757" lat="51.1778828" lon="1.1966585"/>
 <node id="11002317695" visible="true" version="1" changeset="137703749" timestamp="2023-06-23T21:29:53Z" user="TomJeffs" uid="6397757" lat="51.1780899" lon="1.1961708"/>
 <node id="11002317696" visible="true" version="1" changeset="137703749" timestamp="2023-06-23T21:29:53Z" user="TomJeffs" uid="6397757" lat="51.1782493" lon="1.1958940"/>
 <node id="11002317697" visible="true" version="1" changeset="137703749" timestamp="2023-06-23T21:29:53Z" user="TomJeffs" uid="6397757" lat="51.1784065" lon="1.1957539"/>
 <node id="11002317698" visible="true" version="1" changeset="137703749" timestamp="2023-06-23T21:29:53Z" user="TomJeffs" uid="6397757" lat="51.1785193" lon="1.1957072"/>
 <node id="11002317699" visible="true" version="1" changeset="137703749" timestamp="2023-06-23T21:29:53Z" user="TomJeffs" uid="6397757" lat="51.1786234" lon="1.1957263"/>
 <node id="11002317700" visible="true" version="1" changeset="137703749" timestamp="2023-06-23T21:29:53Z" user="TomJeffs" uid="6397757" lat="51.1787112" lon="1.1958145"/>
 <node id="11002317701" visible="true" version="1" changeset="137703749" timestamp="2023-06-23T21:29:53Z" user="TomJeffs" uid="6397757" lat="51.1787633" lon="1.1959355"/>
 <node id="11002317702" visible="true" version="1" changeset="137703749" timestamp="2023-06-23T21:29:53Z" user="TomJeffs" uid="6397757" lat="51.1788088" lon="1.1961708"/>
 <node id="11002317703" visible="true" version="2" changeset="138981144" timestamp="2023-07-25T10:27:38Z" user="TomJeffs" uid="6397757" lat="51.1788034" lon="1.1963558"/>
 <node id="11002317704" visible="true" version="2" changeset="138981144" timestamp="2023-07-25T10:27:38Z" user="TomJeffs" uid="6397757" lat="51.1787286" lon="1.1966787"/>
 <node id="11002317705" visible="true" version="1" changeset="137703659" timestamp="2023-06-23T21:24:59Z" user="TomJeffs" uid="6397757" lat="51.1688695" lon="1.2004060"/>
 <node id="11002317706" visible="true" version="1" changeset="137703659" timestamp="2023-06-23T21:24:59Z" user="TomJeffs" uid="6397757" lat="51.1688108" lon="1.2004197"/>
 <node id="11002317707" visible="true" version="1" changeset="137703659" timestamp="2023-06-23T21:24:59Z" user="TomJeffs" uid="6397757" lat="51.1687393" lon="1.2005041"/>
 <node id="11002317708" visible="true" version="1" changeset="137703659" timestamp="2023-06-23T21:24:59Z" user="TomJeffs" uid="6397757" lat="51.1678974" lon="1.2018869"/>
 <node id="11002317709" visible="true" version="1" changeset="137703659" timestamp="2023-06-23T21:24:59Z" user="TomJeffs" uid="6397757" lat="51.1677934" lon="1.2022437"/>
 <node id="11002317710" visible="true" version="1" changeset="137703659" timestamp="2023-06-23T21:24:59Z" user="TomJeffs" uid="6397757" lat="51.1676613" lon="1.2027467"/>
 <node id="11002317711" visible="true" version="1" changeset="137703659" timestamp="2023-06-23T21:24:59Z" user="TomJeffs" uid="6397757" lat="51.1660280" lon="1.2022156"/>
 <node id="11002317712" visible="true" version="2" changeset="157307184" timestamp="2024-09-30T17:02:12Z" user="Palgrave Peter" uid="11471297" lat="51.1660160" lon="1.2020744"/>
 <node id="11002317713" visible="true" version="1" changeset="137703659" timestamp="2023-06-23T21:24:59Z" user="TomJeffs" uid="6397757" lat="51.1661461" lon="1.2014036"/>
 <node id="11002317714" visible="true" version="2" changeset="157307184" timestamp="2024-09-30T17:02:12Z" user="Palgrave Peter" uid="11471297" lat="51.1667950" lon="1.1990129"/>
 <node id="11002317717" visible="true" version="1" changeset="137703659" timestamp="2023-06-23T21:24:59Z" user="TomJeffs" uid="6397757" lat="51.1663293" lon="1.1988073"/>
 <node id="11002317718" visible="true" version="1" changeset="137703659" timestamp="2023-06-23T21:24:59Z" user="TomJeffs" uid="6397757" lat="51.1662764" lon="1.1987034"/>
 <node id="11002317719" visible="true" version="1" changeset="137703659" timestamp="2023-06-23T21:24:59Z" user="TomJeffs" uid="6397757" lat="51.1662659" lon="1.1983437"/>
 <node id="11002317720" visible="true" version="1" changeset="137703659" timestamp="2023-06-23T21:24:59Z" user="TomJeffs" uid="6397757" lat="51.1662571" lon="1.1976806"/>
 <node id="11002317721" visible="true" version="1" changeset="137703659" timestamp="2023-06-23T21:24:59Z" user="TomJeffs" uid="6397757" lat="51.1662764" lon="1.1973659"/>
 <node id="11002317727" visible="true" version="2" changeset="157307184" timestamp="2024-09-30T17:02:12Z" user="Palgrave Peter" uid="11471297" lat="51.1670716" lon="1.1952676"/>
 <node id="11002317729" visible="true" version="1" changeset="137703659" timestamp="2023-06-23T21:24:59Z" user="TomJeffs" uid="6397757" lat="51.1673864" lon="1.1934744"/>
 <node id="11002317730" visible="true" version="1" changeset="137703659" timestamp="2023-06-23T21:24:59Z" user="TomJeffs" uid="6397757" lat="51.1674639" lon="1.1924066"/>
 <node id="11002317731" visible="true" version="1" changeset="137703659" timestamp="2023-06-23T21:24:59Z" user="TomJeffs" uid="6397757" lat="51.1674347" lon="1.1916124"/>
 <node id="11002317732" visible="true" version="1" changeset="137703659" timestamp="2023-06-23T21:24:59Z" user="TomJeffs" uid="6397757" lat="51.1680910" lon="1.1887006"/>
 <node id="11002317733" visible="true" version="1" changeset="137703659" timestamp="2023-06-23T21:24:59Z" user="TomJeffs" uid="6397757" lat="51.1686620" lon="1.1893384"/>
 <node id="11002317734" visible="true" version="1" changeset="137703659" timestamp="2023-06-23T21:24:59Z" user="TomJeffs" uid="6397757" lat="51.1690478" lon="1.1894507"/>
 <node id="11002317735" visible="true" version="1" changeset="137703659" timestamp="2023-06-23T21:24:59Z" user="TomJeffs" uid="6397757" lat="51.1694178" lon="1.1881330"/>
 <node id="11002317736" visible="true" version="1" changeset="137703659" timestamp="2023-06-23T21:24:59Z" user="TomJeffs" uid="6397757" lat="51.1696239" lon="1.1877031"/>
 <node id="11002317738" visible="true" version="1" changeset="137703659" timestamp="2023-06-23T21:24:59Z" user="TomJeffs" uid="6397757" lat="51.1732317" lon="1.1889524"/>
 <node id="11002317739" visible="true" version="1" changeset="137703659" timestamp="2023-06-23T21:24:59Z" user="TomJeffs" uid="6397757" lat="51.1737620" lon="1.1913969"/>
 <node id="11002317740" visible="true" version="1" changeset="137703659" timestamp="2023-06-23T21:24:59Z" user="TomJeffs" uid="6397757" lat="51.1735435" lon="1.1916498"/>
 <node id="11002317741" visible="true" version="1" changeset="137703659" timestamp="2023-06-23T21:24:59Z" user="TomJeffs" uid="6397757" lat="51.1725323" lon="1.1921443"/>
 <node id="11002317742" visible="true" version="1" changeset="137703659" timestamp="2023-06-23T21:24:59Z" user="TomJeffs" uid="6397757" lat="51.1720056" lon="1.1924984"/>
 <node id="11002317743" visible="true" version="1" changeset="137703659" timestamp="2023-06-23T21:24:59Z" user="TomJeffs" uid="6397757" lat="51.1712621" lon="1.1932542"/>
 <node id="11002317744" visible="true" version="1" changeset="137703659" timestamp="2023-06-23T21:24:59Z" user="TomJeffs" uid="6397757" lat="51.1691269" lon="1.1951396"/>
 <node id="11002317745" visible="true" version="1" changeset="137703659" timestamp="2023-06-23T21:24:59Z" user="TomJeffs" uid="6397757" lat="51.1691163" lon="1.1952379"/>
 <node id="11002317746" visible="true" version="1" changeset="137703659" timestamp="2023-06-23T21:24:59Z" user="TomJeffs" uid="6397757" lat="51.1691445" lon="1.1953334"/>
 <node id="11002317747" visible="true" version="1" changeset="137703659" timestamp="2023-06-23T21:24:59Z" user="TomJeffs" uid="6397757" lat="51.1692114" lon="1.1954037"/>
 <node id="11002317748" visible="true" version="1" changeset="137703659" timestamp="2023-06-23T21:24:59Z" user="TomJeffs" uid="6397757" lat="51.1693136" lon="1.1954290"/>
 <node id="11002317749" visible="true" version="2" changeset="157329791" timestamp="2024-10-01T09:27:15Z" user="Palgrave Peter" uid="11471297" lat="51.1681214" lon="1.1859048"/>
 <node id="11002317750" visible="true" version="1" changeset="137703659" timestamp="2023-06-23T21:24:59Z" user="TomJeffs" uid="6397757" lat="51.1680410" lon="1.1859821"/>
 <node id="11002317751" visible="true" version="1" changeset="137703659" timestamp="2023-06-23T21:24:59Z" user="TomJeffs" uid="6397757" lat="51.1679623" lon="1.1861031"/>
 <node id="11002317752" visible="true" version="2" changeset="157307184" timestamp="2024-09-30T17:02:12Z" user="Palgrave Peter" uid="11471297" lat="51.1675969" lon="1.1866370"/>
 <node id="11002317753" visible="true" version="1" changeset="137703659" timestamp="2023-06-23T21:24:59Z" user="TomJeffs" uid="6397757" lat="51.1675230" lon="1.1866828"/>
 <node id="11002317754" visible="true" version="1" changeset="137703659" timestamp="2023-06-23T21:24:59Z" user="TomJeffs" uid="6397757" lat="51.1673942" lon="1.1867809"/>
 <node id="11002317755" visible="true" version="1" changeset="137703659" timestamp="2023-06-23T21:24:59Z" user="TomJeffs" uid="6397757" lat="51.1689383" lon="1.1890380"/>
 <node id="11002317756" visible="true" version="1" changeset="137703659" timestamp="2023-06-23T21:24:59Z" user="TomJeffs" uid="6397757" lat="51.1689820" lon="1.1890564"/>
 <node id="11002317757" visible="true" version="1" changeset="137703659" timestamp="2023-06-23T21:24:59Z" user="TomJeffs" uid="6397757" lat="51.1671009" lon="1.1956845"/>
 <node id="11002317758" visible="true" version="1" changeset="137703659" timestamp="2023-06-23T21:24:59Z" user="TomJeffs" uid="6397757" lat="51.1696071" lon="1.2007059"/>
 <node id="11002317763" visible="true" version="1" changeset="137703659" timestamp="2023-06-23T21:24:59Z" user="TomJeffs" uid="6397757" lat="51.1623164" lon="1.2019428"/>
 <node id="11002317767" visible="true" version="1" changeset="137703659" timestamp="2023-06-23T21:24:59Z" user="TomJeffs" uid="6397757" lat="51.1616728" lon="1.1896698"/>
 <node id="11002317779" visible="true" version="1" changeset="137703659" timestamp="2023-06-23T21:24:59Z" user="TomJeffs" uid="6397757" lat="51.1623096" lon="1.2021777"/>
 <node id="11002317780" visible="true" version="2" changeset="157303764" timestamp="2024-09-30T15:38:10Z" user="Palgrave Peter" uid="11471297" lat="51.1592461" lon="1.2070191"/>
 <node id="11002321605" visible="true" version="3" changeset="147782550" timestamp="2024-02-22T17:24:47Z" user="g_isaac" uid="11571310" lat="51.1786547" lon="1.1967797"/>
 <node id="11002321606" visible="true" version="3" changeset="147782550" timestamp="2024-02-22T17:24:47Z" user="g_isaac" uid="11571310" lat="51.1785429" lon="1.1968668"/>
 <node id="11002321607" visible="true" version="3" changeset="147782550" timestamp="2024-02-22T17:24:47Z" user="g_isaac" uid="11571310" lat="51.1783271" lon="1.1971248"/>
 <node id="11002321608" visible="true" version="3" changeset="147782550" timestamp="2024-02-22T17:24:47Z" user="g_isaac" uid="11571310" lat="51.1780577" lon="1.1978709"/>
 <node id="11002321609" visible="true" version="3" changeset="147782550" timestamp="2024-02-22T17:24:47Z" user="g_isaac" uid="11571310" lat="51.1779506" lon="1.1981862"/>
 <node id="11002321610" visible="true" version="1" changeset="137703749" timestamp="2023-06-23T21:29:53Z" user="TomJeffs" uid="6397757" lat="51.1775600" lon="1.1985174"/>
 <node id="11002321611" visible="true" version="1" changeset="137703749" timestamp="2023-06-23T21:29:53Z" user="TomJeffs" uid="6397757" lat="51.1777488" lon="1.1986635"/>
 <node id="11002321612" visible="true" version="1" changeset="137703749" timestamp="2023-06-23T21:29:53Z" user="TomJeffs" uid="6397757" lat="51.1777674" lon="1.1986875"/>
 <node id="11002321613" visible="true" version="1" changeset="137703749" timestamp="2023-06-23T21:29:53Z" user="TomJeffs" uid="6397757" lat="51.1777810" lon="1.1987217"/>
 <node id="11002321614" visible="true" version="1" changeset="137703749" timestamp="2023-06-23T21:29:53Z" user="TomJeffs" uid="6397757" lat="51.1777846" lon="1.1987593"/>
 <node id="11002321615" visible="true" version="1" changeset="137703749" timestamp="2023-06-23T21:29:53Z" user="TomJeffs" uid="6397757" lat="51.1777839" lon="1.1988016"/>
 <node id="11002321616" visible="true" version="1" changeset="137703749" timestamp="2023-06-23T21:29:53Z" user="TomJeffs" uid="6397757" lat="51.1777789" lon="1.1988404"/>
 <node id="11002321617" visible="true" version="1" changeset="137703749" timestamp="2023-06-23T21:29:53Z" user="TomJeffs" uid="6397757" lat="51.1777310" lon="1.1988906"/>
 <node id="11002321618" visible="true" version="1" changeset="137703749" timestamp="2023-06-23T21:29:53Z" user="TomJeffs" uid="6397757" lat="51.1775450" lon="1.1990960"/>
 <node id="11002321619" visible="true" version="1" changeset="137703749" timestamp="2023-06-23T21:29:53Z" user="TomJeffs" uid="6397757" lat="51.1774377" lon="1.1992489"/>
 <node id="11002321620" visible="true" version="1" changeset="137703749" timestamp="2023-06-23T21:29:53Z" user="TomJeffs" uid="6397757" lat="51.1773532" lon="1.1994383"/>
 <node id="11002321621" visible="true" version="1" changeset="137703749" timestamp="2023-06-23T21:29:53Z" user="TomJeffs" uid="6397757" lat="51.1772610" lon="1.1993664"/>
 <node id="11002321622" visible="true" version="1" changeset="137703749" timestamp="2023-06-23T21:29:53Z" user="TomJeffs" uid="6397757" lat="51.1775256" lon="1.1987867"/>
 <node id="11002321623" visible="true" version="1" changeset="137703749" timestamp="2023-06-23T21:29:53Z" user="TomJeffs" uid="6397757" lat="51.1775843" lon="1.1986681"/>
 <node id="11002321624" visible="true" version="1" changeset="137703749" timestamp="2023-06-23T21:29:53Z" user="TomJeffs" uid="6397757" lat="51.1775857" lon="1.1986532"/>
 <node id="11002321625" visible="true" version="1" changeset="137703749" timestamp="2023-06-23T21:29:53Z" user="TomJeffs" uid="6397757" lat="51.1775729" lon="1.1986327"/>
 <node id="11002321626" visible="true" version="1" changeset="137703749" timestamp="2023-06-23T21:29:53Z" user="TomJeffs" uid="6397757" lat="51.1775364" lon="1.1985962"/>
 <node id="11002321627" visible="true" version="1" changeset="137703749" timestamp="2023-06-23T21:29:53Z" user="TomJeffs" uid="6397757" lat="51.1775215" lon="1.2003291"/>
 <node id="11002321628" visible="true" version="1" changeset="137703749" timestamp="2023-06-23T21:29:53Z" user="TomJeffs" uid="6397757" lat="51.1776030" lon="1.2003873"/>
 <node id="11002321629" visible="true" version="1" changeset="137703749" timestamp="2023-06-23T21:29:53Z" user="TomJeffs" uid="6397757" lat="51.1777468" lon="1.2004466"/>
 <node id="11002321630" visible="true" version="1" changeset="137703749" timestamp="2023-06-23T21:29:53Z" user="TomJeffs" uid="6397757" lat="51.1778834" lon="1.2004866"/>
 <node id="11002321631" visible="true" version="1" changeset="137703749" timestamp="2023-06-23T21:29:53Z" user="TomJeffs" uid="6397757" lat="51.1779063" lon="1.2005562"/>
 <node id="11002321632" visible="true" version="1" changeset="137703749" timestamp="2023-06-23T21:29:53Z" user="TomJeffs" uid="6397757" lat="51.1779149" lon="1.2006258"/>
 <node id="11002321633" visible="true" version="1" changeset="137703749" timestamp="2023-06-23T21:29:53Z" user="TomJeffs" uid="6397757" lat="51.1779049" lon="1.2006771"/>
 <node id="11002321634" visible="true" version="1" changeset="137703749" timestamp="2023-06-23T21:29:53Z" user="TomJeffs" uid="6397757" lat="51.1778927" lon="1.2006486"/>
 <node id="11002321635" visible="true" version="1" changeset="137703749" timestamp="2023-06-23T21:29:53Z" user="TomJeffs" uid="6397757" lat="51.1778512" lon="1.2006349"/>
 <node id="11002321636" visible="true" version="1" changeset="137703749" timestamp="2023-06-23T21:29:53Z" user="TomJeffs" uid="6397757" lat="51.1775336" lon="1.2004980"/>
 <node id="11002321637" visible="true" version="1" changeset="137703749" timestamp="2023-06-23T21:29:53Z" user="TomJeffs" uid="6397757" lat="51.1774814" lon="1.2004523"/>
 <node id="11002321638" visible="true" version="1" changeset="137703749" timestamp="2023-06-23T21:29:53Z" user="TomJeffs" uid="6397757" lat="51.1774270" lon="1.2002047"/>
 <node id="11002321639" visible="true" version="1" changeset="137703749" timestamp="2023-06-23T21:29:53Z" user="TomJeffs" uid="6397757" lat="51.1773591" lon="1.2000872"/>
 <node id="11002321640" visible="true" version="1" changeset="137703749" timestamp="2023-06-23T21:29:53Z" user="TomJeffs" uid="6397757" lat="51.1773047" lon="1.1999434"/>
 <node id="11002321641" visible="true" version="1" changeset="137703749" timestamp="2023-06-23T21:29:53Z" user="TomJeffs" uid="6397757" lat="51.1772739" lon="1.1998453"/>
 <node id="11002321642" visible="true" version="1" changeset="137703749" timestamp="2023-06-23T21:29:53Z" user="TomJeffs" uid="6397757" lat="51.1772718" lon="1.1997734"/>
 <node id="11002321643" visible="true" version="1" changeset="137703749" timestamp="2023-06-23T21:29:53Z" user="TomJeffs" uid="6397757" lat="51.1772832" lon="1.1996775"/>
 <node id="11002321644" visible="true" version="1" changeset="137703749" timestamp="2023-06-23T21:29:53Z" user="TomJeffs" uid="6397757" lat="51.1771981" lon="1.1995874"/>
 <node id="11002321645" visible="true" version="1" changeset="137703749" timestamp="2023-06-23T21:29:53Z" user="TomJeffs" uid="6397757" lat="51.1771788" lon="1.1997597"/>
 <node id="11002321646" visible="true" version="1" changeset="137703749" timestamp="2023-06-23T21:29:53Z" user="TomJeffs" uid="6397757" lat="51.1771774" lon="1.1998920"/>
 <node id="11002321647" visible="true" version="1" changeset="137703749" timestamp="2023-06-23T21:29:53Z" user="TomJeffs" uid="6397757" lat="51.1771852" lon="1.2000176"/>
 <node id="11002321648" visible="true" version="1" changeset="137703749" timestamp="2023-06-23T21:29:53Z" user="TomJeffs" uid="6397757" lat="51.1772138" lon="1.2001248"/>
 <node id="11002321649" visible="true" version="1" changeset="137703749" timestamp="2023-06-23T21:29:53Z" user="TomJeffs" uid="6397757" lat="51.1772632" lon="1.2002549"/>
 <node id="11002321650" visible="true" version="1" changeset="137703749" timestamp="2023-06-23T21:29:53Z" user="TomJeffs" uid="6397757" lat="51.1773262" lon="1.2003439"/>
 <node id="11002321651" visible="true" version="1" changeset="137703749" timestamp="2023-06-23T21:29:53Z" user="TomJeffs" uid="6397757" lat="51.1773884" lon="1.2004021"/>
 <node id="11002321652" visible="true" version="1" changeset="137703749" timestamp="2023-06-23T21:29:53Z" user="TomJeffs" uid="6397757" lat="51.1774407" lon="1.1988554"/>
 <node id="11002321653" visible="true" version="1" changeset="137703749" timestamp="2023-06-23T21:29:53Z" user="TomJeffs" uid="6397757" lat="51.1772382" lon="1.1993154"/>
 <node id="11002321654" visible="true" version="1" changeset="137703749" timestamp="2023-06-23T21:29:53Z" user="TomJeffs" uid="6397757" lat="51.1771655" lon="1.1995842"/>
 <node id="11002321655" visible="true" version="1" changeset="137703749" timestamp="2023-06-23T21:29:53Z" user="TomJeffs" uid="6397757" lat="51.1771396" lon="1.1997619"/>
 <node id="11002321656" visible="true" version="1" changeset="137703749" timestamp="2023-06-23T21:29:53Z" user="TomJeffs" uid="6397757" lat="51.1778964" lon="1.2007009"/>
 <node id="11002321657" visible="true" version="1" changeset="137703749" timestamp="2023-06-23T21:29:53Z" user="TomJeffs" uid="6397757" lat="51.1778837" lon="1.2007223"/>
 <node id="11002321658" visible="true" version="1" changeset="137703749" timestamp="2023-06-23T21:29:53Z" user="TomJeffs" uid="6397757" lat="51.1778707" lon="1.2007272"/>
 <node id="11002321659" visible="true" version="1" changeset="137703749" timestamp="2023-06-23T21:29:53Z" user="TomJeffs" uid="6397757" lat="51.1777906" lon="1.2006874"/>
 <node id="11002330905" visible="true" version="1" changeset="137703783" timestamp="2023-06-23T21:32:02Z" user="TomJeffs" uid="6397757" lat="51.1764821" lon="1.1993698"/>
 <node id="11002330906" visible="true" version="2" changeset="157303764" timestamp="2024-09-30T15:38:10Z" user="Palgrave Peter" uid="11471297" lat="51.1762952" lon="1.1996665"/>
 <node id="11002330909" visible="true" version="1" changeset="137703783" timestamp="2023-06-23T21:32:02Z" user="TomJeffs" uid="6397757" lat="51.1748398" lon="1.1986725"/>
 <node id="11002330910" visible="true" version="1" changeset="137703783" timestamp="2023-06-23T21:32:02Z" user="TomJeffs" uid="6397757" lat="51.1747835" lon="1.1985894"/>
 <node id="11002330911" visible="true" version="1" changeset="137703783" timestamp="2023-06-23T21:32:02Z" user="TomJeffs" uid="6397757" lat="51.1744267" lon="1.1973234"/>
 <node id="11002330912" visible="true" version="1" changeset="137703783" timestamp="2023-06-23T21:32:02Z" user="TomJeffs" uid="6397757" lat="51.1756618" lon="1.1964534"/>
 <node id="11002330913" visible="true" version="1" changeset="137703783" timestamp="2023-06-23T21:32:02Z" user="TomJeffs" uid="6397757" lat="51.1757670" lon="1.1964603"/>
 <node id="11002330914" visible="true" version="1" changeset="137703783" timestamp="2023-06-23T21:32:02Z" user="TomJeffs" uid="6397757" lat="51.1760825" lon="1.1966229"/>
 <node id="11002330915" visible="true" version="1" changeset="137703783" timestamp="2023-06-23T21:32:02Z" user="TomJeffs" uid="6397757" lat="51.1761920" lon="1.1966419"/>
 <node id="11002330916" visible="true" version="1" changeset="137703783" timestamp="2023-06-23T21:32:02Z" user="TomJeffs" uid="6397757" lat="51.1763081" lon="1.1965225"/>
 <node id="11065656529" visible="true" version="3" changeset="154645845" timestamp="2024-07-31T11:59:24Z" user="JayTurnr" uid="5008136" lat="51.1762640" lon="1.2127765">
  <tag k="crossing" v="traffic_signals"/>
  <tag k="crossing:island" v="yes"/>
  <tag k="highway" v="crossing"/>
  <tag k="tactile_paving" v="yes"/>
 </node>
 <node id="11065656551" visible="true" version="2" changeset="154356094" timestamp="2024-07-24T15:40:19Z" user="Palgrave Peter" uid="11471297" lat="51.1784822" lon="1.2098663"/>
 <node id="11066708154" visible="true" version="1" changeset="138981302" timestamp="2023-07-25T10:31:16Z" user="TomJeffs" uid="6397757" lat="51.1770144" lon="1.1981138"/>
 <node id="11066708155" visible="true" version="1" changeset="138981302" timestamp="2023-07-25T10:31:16Z" user="TomJeffs" uid="6397757" lat="51.1769385" lon="1.1980472"/>
 <node id="11066708156" visible="true" version="1" changeset="138981302" timestamp="2023-07-25T10:31:16Z" user="TomJeffs" uid="6397757" lat="51.1769318" lon="1.1980281"/>
 <node id="11066708157" visible="true" version="1" changeset="138981302" timestamp="2023-07-25T10:31:16Z" user="TomJeffs" uid="6397757" lat="51.1769385" lon="1.1980004"/>
 <node id="11066708158" visible="true" version="1" changeset="138981302" timestamp="2023-07-25T10:31:16Z" user="TomJeffs" uid="6397757" lat="51.1770653" lon="1.1976650"/>
 <node id="11066708159" visible="true" version="1" changeset="138981302" timestamp="2023-07-25T10:31:16Z" user="TomJeffs" uid="6397757" lat="51.1770793" lon="1.1976533"/>
 <node id="11066708160" visible="true" version="1" changeset="138981302" timestamp="2023-07-25T10:31:16Z" user="TomJeffs" uid="6397757" lat="51.1770973" lon="1.1976597"/>
 <node id="11066708161" visible="true" version="1" changeset="138981302" timestamp="2023-07-25T10:31:16Z" user="TomJeffs" uid="6397757" lat="51.1772947" lon="1.1978164"/>
 <node id="11066708162" visible="true" version="1" changeset="138981302" timestamp="2023-07-25T10:31:16Z" user="TomJeffs" uid="6397757" lat="51.1773353" lon="1.1976936"/>
 <node id="11066708163" visible="true" version="1" changeset="138981302" timestamp="2023-07-25T10:31:16Z" user="TomJeffs" uid="6397757" lat="51.1774128" lon="1.1973675"/>
 <node id="11066708164" visible="true" version="1" changeset="138981302" timestamp="2023-07-25T10:31:16Z" user="TomJeffs" uid="6397757" lat="51.1763947" lon="1.1996711"/>
 <node id="11066708165" visible="true" version="1" changeset="138981302" timestamp="2023-07-25T10:31:16Z" user="TomJeffs" uid="6397757" lat="51.1764775" lon="1.1998777"/>
 <node id="11066708166" visible="true" version="1" changeset="138981302" timestamp="2023-07-25T10:31:16Z" user="TomJeffs" uid="6397757" lat="51.1765543" lon="1.2000257"/>
 <node id="11066708167" visible="true" version="1" changeset="138981302" timestamp="2023-07-25T10:31:16Z" user="TomJeffs" uid="6397757" lat="51.1766123" lon="1.2001481"/>
 <node id="11066708168" visible="true" version="1" changeset="138981302" timestamp="2023-07-25T10:31:16Z" user="TomJeffs" uid="6397757" lat="51.1766811" lon="1.2002259"/>
 <node id="11066708169" visible="true" version="1" changeset="138981302" timestamp="2023-07-25T10:31:16Z" user="TomJeffs" uid="6397757" lat="51.1767550" lon="1.2003272"/>
 <node id="11066708170" visible="true" version="1" changeset="138981302" timestamp="2023-07-25T10:31:16Z" user="TomJeffs" uid="6397757" lat="51.1767935" lon="1.2004163"/>
 <node id="11066708171" visible="true" version="1" changeset="138981302" timestamp="2023-07-25T10:31:16Z" user="TomJeffs" uid="6397757" lat="51.1768152" lon="1.2005019"/>
 <node id="11066708172" visible="true" version="1" changeset="138981302" timestamp="2023-07-25T10:31:16Z" user="TomJeffs" uid="6397757" lat="51.1768249" lon="1.2005919"/>
 <node id="11066708173" visible="true" version="1" changeset="138981302" timestamp="2023-07-25T10:31:16Z" user="TomJeffs" uid="6397757" lat="51.1768190" lon="1.2006801"/>
 <node id="11066708174" visible="true" version="1" changeset="138981302" timestamp="2023-07-25T10:31:16Z" user="TomJeffs" uid="6397757" lat="51.1768054" lon="1.2007717"/>
 <node id="11066708175" visible="true" version="1" changeset="138981302" timestamp="2023-07-25T10:31:16Z" user="TomJeffs" uid="6397757" lat="51.1767512" lon="1.2009845"/>
 <node id="11066708176" visible="true" version="1" changeset="138981302" timestamp="2023-07-25T10:31:16Z" user="TomJeffs" uid="6397757" lat="51.1766823" lon="1.2011618"/>
 <node id="11066708177" visible="true" version="1" changeset="138981302" timestamp="2023-07-25T10:31:16Z" user="TomJeffs" uid="6397757" lat="51.1760020" lon="1.2006918"/>
 <node id="11066708178" visible="true" version="1" changeset="138981302" timestamp="2023-07-25T10:31:16Z" user="TomJeffs" uid="6397757" lat="51.1758152" lon="1.2017968"/>
 <node id="11066708179" visible="true" version="1" changeset="138981302" timestamp="2023-07-25T10:31:16Z" user="TomJeffs" uid="6397757" lat="51.1757688" lon="1.2016782"/>
 <node id="11066708180" visible="true" version="1" changeset="138981302" timestamp="2023-07-25T10:31:16Z" user="TomJeffs" uid="6397757" lat="51.1759183" lon="1.2019365"/>
 <node id="11066708181" visible="true" version="1" changeset="138981302" timestamp="2023-07-25T10:31:16Z" user="TomJeffs" uid="6397757" lat="51.1774569" lon="1.1955724"/>
 <node id="11066708182" visible="true" version="1" changeset="138981302" timestamp="2023-07-25T10:31:16Z" user="TomJeffs" uid="6397757" lat="51.1776375" lon="1.1956556"/>
 <node id="11066708183" visible="true" version="1" changeset="138981302" timestamp="2023-07-25T10:31:16Z" user="TomJeffs" uid="6397757" lat="51.1776601" lon="1.1958671"/>
 <node id="11066708184" visible="true" version="1" changeset="138981302" timestamp="2023-07-25T10:31:16Z" user="TomJeffs" uid="6397757" lat="51.1783476" lon="1.1968933">
  <tag k="man_made" v="flagpole"/>
 </node>
 <node id="11066708185" visible="true" version="1" changeset="138981302" timestamp="2023-07-25T10:31:16Z" user="TomJeffs" uid="6397757" lat="51.1783313" lon="1.1969296">
  <tag k="man_made" v="flagpole"/>
 </node>
 <node id="11066708186" visible="true" version="1" changeset="138981302" timestamp="2023-07-25T10:31:16Z" user="TomJeffs" uid="6397757" lat="51.1783198" lon="1.1969554">
  <tag k="man_made" v="flagpole"/>
 </node>
 <node id="11066708187" visible="true" version="1" changeset="138981302" timestamp="2023-07-25T10:31:16Z" user="TomJeffs" uid="6397757" lat="51.1783091" lon="1.1969791">
  <tag k="man_made" v="flagpole"/>
 </node>
 <node id="11066708188" visible="true" version="1" changeset="138981302" timestamp="2023-07-25T10:31:16Z" user="TomJeffs" uid="6397757" lat="51.1782934" lon="1.1970142">
  <tag k="man_made" v="flagpole"/>
 </node>
 <node id="11066708189" visible="true" version="1" changeset="138981302" timestamp="2023-07-25T10:31:16Z" user="TomJeffs" uid="6397757" lat="51.1782801" lon="1.1970438">
  <tag k="man_made" v="flagpole"/>
 </node>
 <node id="11066708190" visible="true" version="1" changeset="138981302" timestamp="2023-07-25T10:31:16Z" user="TomJeffs" uid="6397757" lat="51.1782683" lon="1.1970702">
  <tag k="man_made" v="flagpole"/>
 </node>
 <node id="11066708191" visible="true" version="1" changeset="138981302" timestamp="2023-07-25T10:31:16Z" user="TomJeffs" uid="6397757" lat="51.1782563" lon="1.1970968">
  <tag k="man_made" v="flagpole"/>
 </node>
 <node id="11066708192" visible="true" version="1" changeset="138981302" timestamp="2023-07-25T10:31:16Z" user="TomJeffs" uid="6397757" lat="51.1782406" lon="1.1971319">
  <tag k="man_made" v="flagpole"/>
 </node>
 <node id="11066708193" visible="true" version="1" changeset="138981302" timestamp="2023-07-25T10:31:16Z" user="TomJeffs" uid="6397757" lat="51.1782275" lon="1.1971611">
  <tag k="man_made" v="flagpole"/>
 </node>
 <node id="11066708194" visible="true" version="1" changeset="138981302" timestamp="2023-07-25T10:31:16Z" user="TomJeffs" uid="6397757" lat="51.1782150" lon="1.1971890">
  <tag k="man_made" v="flagpole"/>
 </node>
 <node id="11066708195" visible="true" version="1" changeset="138981302" timestamp="2023-07-25T10:31:16Z" user="TomJeffs" uid="6397757" lat="51.1782023" lon="1.1972174">
  <tag k="man_made" v="flagpole"/>
 </node>
 <node id="11066708196" visible="true" version="1" changeset="138981302" timestamp="2023-07-25T10:31:16Z" user="TomJeffs" uid="6397757" lat="51.1781891" lon="1.1972468">
  <tag k="man_made" v="flagpole"/>
 </node>
 <node id="11066708197" visible="true" version="1" changeset="138981302" timestamp="2023-07-25T10:31:16Z" user="TomJeffs" uid="6397757" lat="51.1781779" lon="1.1972718">
  <tag k="man_made" v="flagpole"/>
 </node>
 <node id="11066708198" visible="true" version="1" changeset="138981302" timestamp="2023-07-25T10:31:16Z" user="TomJeffs" uid="6397757" lat="51.1781631" lon="1.1973049">
  <tag k="man_made" v="flagpole"/>
 </node>
 <node id="11066708199" visible="true" version="1" changeset="138981302" timestamp="2023-07-25T10:31:16Z" user="TomJeffs" uid="6397757" lat="51.1781509" lon="1.1973320">
  <tag k="man_made" v="flagpole"/>
 </node>
 <node id="11066708200" visible="true" version="1" changeset="138981302" timestamp="2023-07-25T10:31:16Z" user="TomJeffs" uid="6397757" lat="51.1781386" lon="1.1973595">
  <tag k="man_made" v="flagpole"/>
 </node>
 <node id="11066708201" visible="true" version="1" changeset="138981302" timestamp="2023-07-25T10:31:16Z" user="TomJeffs" uid="6397757" lat="51.1781229" lon="1.1973944">
  <tag k="man_made" v="flagpole"/>
 </node>
 <node id="11066708202" visible="true" version="1" changeset="138981302" timestamp="2023-07-25T10:31:16Z" user="TomJeffs" uid="6397757" lat="51.1781111" lon="1.1974206">
  <tag k="man_made" v="flagpole"/>
 </node>
 <node id="11066708203" visible="true" version="1" changeset="138981302" timestamp="2023-07-25T10:31:16Z" user="TomJeffs" uid="6397757" lat="51.1781013" lon="1.1974426">
  <tag k="man_made" v="flagpole"/>
 </node>
 <node id="11066708204" visible="true" version="1" changeset="138981302" timestamp="2023-07-25T10:31:16Z" user="TomJeffs" uid="6397757" lat="51.1780803" lon="1.1974895">
  <tag k="man_made" v="flagpole"/>
 </node>
 <node id="11066723555" visible="true" version="1" changeset="138981144" timestamp="2023-07-25T10:27:38Z" user="TomJeffs" uid="6397757" lat="51.1770321" lon="1.1999890"/>
 <node id="11066723556" visible="true" version="1" changeset="138981144" timestamp="2023-07-25T10:27:38Z" user="TomJeffs" uid="6397757" lat="51.1770089" lon="1.1999899"/>
 <node id="11066723557" visible="true" version="1" changeset="138981144" timestamp="2023-07-25T10:27:38Z" user="TomJeffs" uid="6397757" lat="51.1769880" lon="1.1999182"/>
 <node id="11066723558" visible="true" version="1" changeset="138981144" timestamp="2023-07-25T10:27:38Z" user="TomJeffs" uid="6397757" lat="51.1769804" lon="1.1998571"/>
 <node id="11066723559" visible="true" version="1" changeset="138981144" timestamp="2023-07-25T10:27:38Z" user="TomJeffs" uid="6397757" lat="51.1769746" lon="1.1997806"/>
 <node id="11066723560" visible="true" version="1" changeset="138981144" timestamp="2023-07-25T10:27:38Z" user="TomJeffs" uid="6397757" lat="51.1769758" lon="1.1997158"/>
 <node id="11066723561" visible="true" version="1" changeset="138981144" timestamp="2023-07-25T10:27:38Z" user="TomJeffs" uid="6397757" lat="51.1769842" lon="1.1996504"/>
 <node id="11066723562" visible="true" version="1" changeset="138981144" timestamp="2023-07-25T10:27:38Z" user="TomJeffs" uid="6397757" lat="51.1770064" lon="1.1995464"/>
 <node id="11066723563" visible="true" version="1" changeset="138981144" timestamp="2023-07-25T10:27:38Z" user="TomJeffs" uid="6397757" lat="51.1770383" lon="1.1994517"/>
 <node id="11066723564" visible="true" version="1" changeset="138981144" timestamp="2023-07-25T10:27:38Z" user="TomJeffs" uid="6397757" lat="51.1770314" lon="1.1994461"/>
 <node id="11066723565" visible="true" version="1" changeset="138981144" timestamp="2023-07-25T10:27:38Z" user="TomJeffs" uid="6397757" lat="51.1771632" lon="1.1990493"/>
 <node id="11066723566" visible="true" version="1" changeset="138981144" timestamp="2023-07-25T10:27:38Z" user="TomJeffs" uid="6397757" lat="51.1772671" lon="1.1987276"/>
 <node id="11066723567" visible="true" version="1" changeset="138981144" timestamp="2023-07-25T10:27:38Z" user="TomJeffs" uid="6397757" lat="51.1772951" lon="1.1986634"/>
 <node id="11066723568" visible="true" version="1" changeset="138981144" timestamp="2023-07-25T10:27:38Z" user="TomJeffs" uid="6397757" lat="51.1773365" lon="1.1985417"/>
 <node id="11066723569" visible="true" version="1" changeset="138981144" timestamp="2023-07-25T10:27:38Z" user="TomJeffs" uid="6397757" lat="51.1774301" lon="1.1982439"/>
 <node id="11066723570" visible="true" version="1" changeset="138981144" timestamp="2023-07-25T10:27:38Z" user="TomJeffs" uid="6397757" lat="51.1774488" lon="1.1982598"/>
 <node id="11066723571" visible="true" version="1" changeset="138981144" timestamp="2023-07-25T10:27:38Z" user="TomJeffs" uid="6397757" lat="51.1774431" lon="1.1983038"/>
 <node id="11066723572" visible="true" version="1" changeset="138981144" timestamp="2023-07-25T10:27:38Z" user="TomJeffs" uid="6397757" lat="51.1774642" lon="1.1983161"/>
 <node id="11066723573" visible="true" version="1" changeset="138981144" timestamp="2023-07-25T10:27:38Z" user="TomJeffs" uid="6397757" lat="51.1774109" lon="1.1985387"/>
 <node id="11066723574" visible="true" version="1" changeset="138981144" timestamp="2023-07-25T10:27:38Z" user="TomJeffs" uid="6397757" lat="51.1773545" lon="1.1987160"/>
 <node id="11066723575" visible="true" version="1" changeset="138981144" timestamp="2023-07-25T10:27:38Z" user="TomJeffs" uid="6397757" lat="51.1772982" lon="1.1988670"/>
 <node id="11066723576" visible="true" version="1" changeset="138981144" timestamp="2023-07-25T10:27:38Z" user="TomJeffs" uid="6397757" lat="51.1772039" lon="1.1990964"/>
 <node id="11066723577" visible="true" version="1" changeset="138981144" timestamp="2023-07-25T10:27:38Z" user="TomJeffs" uid="6397757" lat="51.1771437" lon="1.1992321"/>
 <node id="11066723578" visible="true" version="1" changeset="138981144" timestamp="2023-07-25T10:27:38Z" user="TomJeffs" uid="6397757" lat="51.1770988" lon="1.1993789"/>
 <node id="11066723579" visible="true" version="1" changeset="138981144" timestamp="2023-07-25T10:27:38Z" user="TomJeffs" uid="6397757" lat="51.1770613" lon="1.1995397"/>
 <node id="11066723580" visible="true" version="1" changeset="138981144" timestamp="2023-07-25T10:27:38Z" user="TomJeffs" uid="6397757" lat="51.1770348" lon="1.1997024"/>
 <node id="11066723581" visible="true" version="1" changeset="138981144" timestamp="2023-07-25T10:27:38Z" user="TomJeffs" uid="6397757" lat="51.1770279" lon="1.1998308"/>
 <node id="11066723582" visible="true" version="2" changeset="147782550" timestamp="2024-02-22T17:24:47Z" user="g_isaac" uid="11571310" lat="51.1788677" lon="1.1966416"/>
 <node id="11066723583" visible="true" version="2" changeset="147782550" timestamp="2024-02-22T17:24:47Z" user="g_isaac" uid="11571310" lat="51.1787371" lon="1.1968593"/>
 <node id="11066723584" visible="true" version="2" changeset="147782550" timestamp="2024-02-22T17:24:47Z" user="g_isaac" uid="11571310" lat="51.1781511" lon="1.1977726"/>
 <node id="11066723585" visible="true" version="2" changeset="147782550" timestamp="2024-02-22T17:24:47Z" user="g_isaac" uid="11571310" lat="51.1780666" lon="1.1980451"/>
 <node id="11066723586" visible="true" version="1" changeset="138981144" timestamp="2023-07-25T10:27:38Z" user="TomJeffs" uid="6397757" lat="51.1781086" lon="1.1985771"/>
 <node id="11066723587" visible="true" version="2" changeset="147782550" timestamp="2024-02-22T17:24:47Z" user="g_isaac" uid="11571310" lat="51.1783351" lon="1.1972541"/>
 <node id="11066723588" visible="true" version="2" changeset="147782550" timestamp="2024-02-22T17:24:47Z" user="g_isaac" uid="11571310" lat="51.1779917" lon="1.1983110"/>
 <node id="11066723590" visible="true" version="1" changeset="138981144" timestamp="2023-07-25T10:27:38Z" user="TomJeffs" uid="6397757" lat="51.1790395" lon="1.1965078"/>
 <node id="11066723595" visible="true" version="1" changeset="138981144" timestamp="2023-07-25T10:27:38Z" user="TomJeffs" uid="6397757" lat="51.1775185" lon="1.2000383"/>
 <node id="11066723596" visible="true" version="1" changeset="138981144" timestamp="2023-07-25T10:27:38Z" user="TomJeffs" uid="6397757" lat="51.1775317" lon="1.2000045"/>
 <node id="11066723597" visible="true" version="1" changeset="138981144" timestamp="2023-07-25T10:27:38Z" user="TomJeffs" uid="6397757" lat="51.1785183" lon="1.2013999"/>
 <node id="11066723598" visible="true" version="1" changeset="138981144" timestamp="2023-07-25T10:27:38Z" user="TomJeffs" uid="6397757" lat="51.1785088" lon="1.2013489"/>
 <node id="11463734419" visible="true" version="1" changeset="145637222" timestamp="2023-12-28T21:11:34Z" user="Nathan_A_RF" uid="5229644" lat="51.1843593" lon="1.1955119"/>
 <node id="11463734420" visible="true" version="1" changeset="145637222" timestamp="2023-12-28T21:11:34Z" user="Nathan_A_RF" uid="5229644" lat="51.1843826" lon="1.1952544"/>
 <node id="11463734421" visible="true" version="1" changeset="145637222" timestamp="2023-12-28T21:11:34Z" user="Nathan_A_RF" uid="5229644" lat="51.1829408" lon="1.1996188"/>
 <node id="11463734431" visible="true" version="1" changeset="145637222" timestamp="2023-12-28T21:11:34Z" user="Nathan_A_RF" uid="5229644" lat="51.1762191" lon="1.2127213">
  <tag k="highway" v="traffic_signals"/>
  <tag k="traffic_signals" v="signal"/>
  <tag k="traffic_signals:direction" v="forward"/>
 </node>
 <node id="11653365557" visible="true" version="1" changeset="147782550" timestamp="2024-02-22T17:24:47Z" user="g_isaac" uid="11571310" lat="51.1784977" lon="1.1970350"/>
 <node id="11653365558" visible="true" version="1" changeset="147782550" timestamp="2024-02-22T17:24:47Z" user="g_isaac" uid="11571310" lat="51.1781367" lon="1.1975680"/>
 <node id="11653365559" visible="true" version="1" changeset="147782550" timestamp="2024-02-22T17:24:47Z" user="g_isaac" uid="11571310" lat="51.1778501" lon="1.1984263"/>
 <node id="11653365560" visible="true" version="1" changeset="147782550" timestamp="2024-02-22T17:24:47Z" user="g_isaac" uid="11571310" lat="51.1788193" lon="1.1967644"/>
 <node id="11879530277" visible="true" version="1" changeset="150893420" timestamp="2024-05-04T18:39:52Z" user="mapboy63" uid="12340839" lat="51.1780506" lon="1.1937887"/>
 <node id="11879530278" visible="true" version="1" changeset="150893420" timestamp="2024-05-04T18:39:52Z" user="mapboy63" uid="12340839" lat="51.1779450" lon="1.1936587"/>
 <node id="11879530279" visible="true" version="1" changeset="150893420" timestamp="2024-05-04T18:39:52Z" user="mapboy63" uid="12340839" lat="51.1782774" lon="1.1939737"/>
 <node id="11879530280" visible="true" version="1" changeset="150893420" timestamp="2024-05-04T18:39:52Z" user="mapboy63" uid="12340839" lat="51.1784450" lon="1.1940753"/>
 <node id="11879530281" visible="true" version="1" changeset="150893420" timestamp="2024-05-04T18:39:52Z" user="mapboy63" uid="12340839" lat="51.1785908" lon="1.1941648"/>
 <node id="11879530282" visible="true" version="1" changeset="150893420" timestamp="2024-05-04T18:39:52Z" user="mapboy63" uid="12340839" lat="51.1786909" lon="1.1942509"/>
 <node id="11879530283" visible="true" version="1" changeset="150893420" timestamp="2024-05-04T18:39:52Z" user="mapboy63" uid="12340839" lat="51.1788063" lon="1.1943893"/>
 <node id="11879530284" visible="true" version="1" changeset="150893420" timestamp="2024-05-04T18:39:52Z" user="mapboy63" uid="12340839" lat="51.1788471" lon="1.1944492"/>
 <node id="11879530285" visible="true" version="1" changeset="150893420" timestamp="2024-05-04T18:39:52Z" user="mapboy63" uid="12340839" lat="51.1789800" lon="1.1946688"/>
 <node id="11879530286" visible="true" version="1" changeset="150893420" timestamp="2024-05-04T18:39:52Z" user="mapboy63" uid="12340839" lat="51.1790702" lon="1.1948087"/>
 <node id="11879530287" visible="true" version="1" changeset="150893420" timestamp="2024-05-04T18:39:52Z" user="mapboy63" uid="12340839" lat="51.1791642" lon="1.1949468"/>
 <node id="11879530288" visible="true" version="1" changeset="150893420" timestamp="2024-05-04T18:39:52Z" user="mapboy63" uid="12340839" lat="51.1792716" lon="1.1951007"/>
 <node id="11879530289" visible="true" version="1" changeset="150893420" timestamp="2024-05-04T18:39:52Z" user="mapboy63" uid="12340839" lat="51.1794299" lon="1.1953268"/>
 <node id="11879530290" visible="true" version="1" changeset="150893420" timestamp="2024-05-04T18:39:52Z" user="mapboy63" uid="12340839" lat="51.1796649" lon="1.1956711"/>
 <node id="11879530291" visible="true" version="1" changeset="150893420" timestamp="2024-05-04T18:39:52Z" user="mapboy63" uid="12340839" lat="51.1799593" lon="1.1961119"/>
 <node id="11879530292" visible="true" version="1" changeset="150893420" timestamp="2024-05-04T18:39:52Z" user="mapboy63" uid="12340839" lat="51.1801661" lon="1.1964214"/>
 <node id="11879530293" visible="true" version="1" changeset="150893420" timestamp="2024-05-04T18:39:52Z" user="mapboy63" uid="12340839" lat="51.1803933" lon="1.1967302"/>
 <node id="11879530294" visible="true" version="1" changeset="150893420" timestamp="2024-05-04T18:39:52Z" user="mapboy63" uid="12340839" lat="51.1805996" lon="1.1970006"/>
 <node id="11879530295" visible="true" version="1" changeset="150893420" timestamp="2024-05-04T18:39:52Z" user="mapboy63" uid="12340839" lat="51.1806900" lon="1.1971144"/>
 <node id="11879530296" visible="true" version="1" changeset="150893420" timestamp="2024-05-04T18:39:52Z" user="mapboy63" uid="12340839" lat="51.1808259" lon="1.1972630"/>
 <node id="11879530297" visible="true" version="1" changeset="150893420" timestamp="2024-05-04T18:39:52Z" user="mapboy63" uid="12340839" lat="51.1809820" lon="1.1974046"/>
 <node id="11879530298" visible="true" version="1" changeset="150893420" timestamp="2024-05-04T18:39:52Z" user="mapboy63" uid="12340839" lat="51.1811516" lon="1.1976315"/>
 <node id="11879530299" visible="true" version="1" changeset="150893420" timestamp="2024-05-04T18:39:52Z" user="mapboy63" uid="12340839" lat="51.1811442" lon="1.1976534"/>
 <node id="11879530300" visible="true" version="1" changeset="150893420" timestamp="2024-05-04T18:39:52Z" user="mapboy63" uid="12340839" lat="51.1810027" lon="1.1976428"/>
 <node id="11879530301" visible="true" version="1" changeset="150893420" timestamp="2024-05-04T18:39:52Z" user="mapboy63" uid="12340839" lat="51.1809554" lon="1.1977070"/>
 <node id="11879530302" visible="true" version="1" changeset="150893420" timestamp="2024-05-04T18:39:52Z" user="mapboy63" uid="12340839" lat="51.1809405" lon="1.1977718"/>
 <node id="11879530303" visible="true" version="1" changeset="150893420" timestamp="2024-05-04T18:39:52Z" user="mapboy63" uid="12340839" lat="51.1807945" lon="1.1981772"/>
 <node id="11879530304" visible="true" version="1" changeset="150893420" timestamp="2024-05-04T18:39:52Z" user="mapboy63" uid="12340839" lat="51.1805127" lon="1.1990508"/>
 <node id="11879530305" visible="true" version="1" changeset="150893420" timestamp="2024-05-04T18:39:52Z" user="mapboy63" uid="12340839" lat="51.1802149" lon="1.1999552"/>
 <node id="11879530306" visible="true" version="1" changeset="150893420" timestamp="2024-05-04T18:39:52Z" user="mapboy63" uid="12340839" lat="51.1801052" lon="1.2003523"/>
 <node id="11879530307" visible="true" version="1" changeset="150893420" timestamp="2024-05-04T18:39:52Z" user="mapboy63" uid="12340839" lat="51.1799382" lon="1.2008705"/>
 <node id="11879530308" visible="true" version="1" changeset="150893420" timestamp="2024-05-04T18:39:52Z" user="mapboy63" uid="12340839" lat="51.1798175" lon="1.2011653"/>
 <node id="11879530309" visible="true" version="1" changeset="150893420" timestamp="2024-05-04T18:39:52Z" user="mapboy63" uid="12340839" lat="51.1795121" lon="1.2021088"/>
 <node id="11879530310" visible="true" version="1" changeset="150893420" timestamp="2024-05-04T18:39:52Z" user="mapboy63" uid="12340839" lat="51.1793768" lon="1.2024800"/>
 <node id="11879530312" visible="true" version="1" changeset="150893420" timestamp="2024-05-04T18:39:52Z" user="mapboy63" uid="12340839" lat="51.1755399" lon="1.2010882"/>
 <node id="11879530313" visible="true" version="1" changeset="150893420" timestamp="2024-05-04T18:39:52Z" user="mapboy63" uid="12340839" lat="51.1757943" lon="1.2002949"/>
 <node id="11879530314" visible="true" version="1" changeset="150893420" timestamp="2024-05-04T18:39:52Z" user="mapboy63" uid="12340839" lat="51.1759851" lon="1.1997149"/>
 <node id="11879530315" visible="true" version="1" changeset="150893420" timestamp="2024-05-04T18:39:52Z" user="mapboy63" uid="12340839" lat="51.1760613" lon="1.1994981"/>
 <node id="11879530317" visible="true" version="1" changeset="150893420" timestamp="2024-05-04T18:39:52Z" user="mapboy63" uid="12340839" lat="51.1771350" lon="1.1955686"/>
 <node id="11879530318" visible="true" version="1" changeset="150893420" timestamp="2024-05-04T18:39:52Z" user="mapboy63" uid="12340839" lat="51.1780440" lon="1.1937233"/>
 <node id="11879530319" visible="true" version="1" changeset="150893420" timestamp="2024-05-04T18:39:52Z" user="mapboy63" uid="12340839" lat="51.1778126" lon="1.1934961"/>
 <node id="11879530320" visible="true" version="1" changeset="150893420" timestamp="2024-05-04T18:39:52Z" user="mapboy63" uid="12340839" lat="51.1775872" lon="1.1931975"/>
 <node id="11879530321" visible="true" version="1" changeset="150893420" timestamp="2024-05-04T18:39:52Z" user="mapboy63" uid="12340839" lat="51.1777104" lon="1.1933083"/>
 <node id="11879530322" visible="true" version="1" changeset="150893420" timestamp="2024-05-04T18:39:52Z" user="mapboy63" uid="12340839" lat="51.1773056" lon="1.1927580"/>
 <node id="11879530323" visible="true" version="1" changeset="150893420" timestamp="2024-05-04T18:39:52Z" user="mapboy63" uid="12340839" lat="51.1784040" lon="1.1940224"/>
 <node id="11879530324" visible="true" version="1" changeset="150893420" timestamp="2024-05-04T18:39:52Z" user="mapboy63" uid="12340839" lat="51.1784952" lon="1.1940707"/>
 <node id="11879530325" visible="true" version="1" changeset="150893420" timestamp="2024-05-04T18:39:52Z" user="mapboy63" uid="12340839" lat="51.1785897" lon="1.1941316"/>
 <node id="11879530326" visible="true" version="1" changeset="150893420" timestamp="2024-05-04T18:39:52Z" user="mapboy63" uid="12340839" lat="51.1787018" lon="1.1942272"/>
 <node id="11879530327" visible="true" version="1" changeset="150893420" timestamp="2024-05-04T18:39:52Z" user="mapboy63" uid="12340839" lat="51.1789546" lon="1.1945781"/>
 <node id="11879530328" visible="true" version="1" changeset="150893420" timestamp="2024-05-04T18:39:52Z" user="mapboy63" uid="12340839" lat="51.1789283" lon="1.1945874"/>
 <node id="11879530329" visible="true" version="1" changeset="150893420" timestamp="2024-05-04T18:39:52Z" user="mapboy63" uid="12340839" lat="51.1790596" lon="1.1947539"/>
 <node id="11879530330" visible="true" version="1" changeset="150893420" timestamp="2024-05-04T18:39:52Z" user="mapboy63" uid="12340839" lat="51.1792234" lon="1.1949804"/>
 <node id="11879530331" visible="true" version="1" changeset="150893420" timestamp="2024-05-04T18:39:52Z" user="mapboy63" uid="12340839" lat="51.1799265" lon="1.1960109"/>
 <node id="11879530332" visible="true" version="1" changeset="150893420" timestamp="2024-05-04T18:39:52Z" user="mapboy63" uid="12340839" lat="51.1802191" lon="1.1964512"/>
 <node id="11879530333" visible="true" version="1" changeset="150893420" timestamp="2024-05-04T18:39:52Z" user="mapboy63" uid="12340839" lat="51.1805395" lon="1.1968828"/>
 <node id="11879530334" visible="true" version="1" changeset="150893420" timestamp="2024-05-04T18:39:52Z" user="mapboy63" uid="12340839" lat="51.1809875" lon="1.1973832"/>
 <node id="11879530335" visible="true" version="1" changeset="150893420" timestamp="2024-05-04T18:39:52Z" user="mapboy63" uid="12340839" lat="51.1769112" lon="1.1920408"/>
 <node id="11879530336" visible="true" version="1" changeset="150893420" timestamp="2024-05-04T18:39:52Z" user="mapboy63" uid="12340839" lat="51.1765727" lon="1.1912513"/>
 <node id="11879530337" visible="true" version="1" changeset="150893420" timestamp="2024-05-04T18:39:52Z" user="mapboy63" uid="12340839" lat="51.1761926" lon="1.1905262"/>
 <node id="11879530338" visible="true" version="1" changeset="150893420" timestamp="2024-05-04T18:39:52Z" user="mapboy63" uid="12340839" lat="51.1772146" lon="1.1958124"/>
 <node id="11879530339" visible="true" version="1" changeset="150893420" timestamp="2024-05-04T18:39:52Z" user="mapboy63" uid="12340839" lat="51.1774300" lon="1.1952052"/>
 <node id="11879530340" visible="true" version="1" changeset="150893420" timestamp="2024-05-04T18:39:52Z" user="mapboy63" uid="12340839" lat="51.1775332" lon="1.1950277"/>
 <node id="11879530341" visible="true" version="1" changeset="150893420" timestamp="2024-05-04T18:39:52Z" user="mapboy63" uid="12340839" lat="51.1779594" lon="1.1942908"/>
 <node id="11879530342" visible="true" version="1" changeset="150893420" timestamp="2024-05-04T18:39:52Z" user="mapboy63" uid="12340839" lat="51.1778034" lon="1.1946027"/>
 <node id="11879530343" visible="true" version="1" changeset="150893420" timestamp="2024-05-04T18:39:52Z" user="mapboy63" uid="12340839" lat="51.1781222" lon="1.1938611"/>
 <node id="11879530344" visible="true" version="1" changeset="150893420" timestamp="2024-05-04T18:39:52Z" user="mapboy63" uid="12340839" lat="51.1765516" lon="1.1960808"/>
 <node id="11879530345" visible="true" version="1" changeset="150893420" timestamp="2024-05-04T18:39:52Z" user="mapboy63" uid="12340839" lat="51.1760902" lon="1.1964892"/>
 <node id="11879530346" visible="true" version="1" changeset="150893420" timestamp="2024-05-04T18:39:52Z" user="mapboy63" uid="12340839" lat="51.1761066" lon="1.1964960"/>
 <node id="11879530347" visible="true" version="1" changeset="150893420" timestamp="2024-05-04T18:39:52Z" user="mapboy63" uid="12340839" lat="51.1758965" lon="1.1963445"/>
 <node id="11879530348" visible="true" version="1" changeset="150893420" timestamp="2024-05-04T18:39:52Z" user="mapboy63" uid="12340839" lat="51.1758156" lon="1.1963008"/>
 <node id="11879530349" visible="true" version="1" changeset="150893420" timestamp="2024-05-04T18:39:52Z" user="mapboy63" uid="12340839" lat="51.1759009" lon="1.1963667"/>
 <node id="11879530350" visible="true" version="1" changeset="150893420" timestamp="2024-05-04T18:39:52Z" user="mapboy63" uid="12340839" lat="51.1757991" lon="1.1963168"/>
 <node id="11879530351" visible="true" version="1" changeset="150893420" timestamp="2024-05-04T18:39:52Z" user="mapboy63" uid="12340839" lat="51.1756254" lon="1.1962850"/>
 <node id="11879530352" visible="true" version="1" changeset="150893420" timestamp="2024-05-04T18:39:52Z" user="mapboy63" uid="12340839" lat="51.1755595" lon="1.1963178"/>
 <node id="11879530353" visible="true" version="1" changeset="150893420" timestamp="2024-05-04T18:39:52Z" user="mapboy63" uid="12340839" lat="51.1756355" lon="1.1963117"/>
 <node id="11879530354" visible="true" version="1" changeset="150893420" timestamp="2024-05-04T18:39:52Z" user="mapboy63" uid="12340839" lat="51.1755649" lon="1.1963404"/>
 <node id="11879530355" visible="true" version="1" changeset="150893420" timestamp="2024-05-04T18:39:52Z" user="mapboy63" uid="12340839" lat="51.1773057" lon="1.1952082"/>
 <node id="11879530356" visible="true" version="1" changeset="150893420" timestamp="2024-05-04T18:39:52Z" user="mapboy63" uid="12340839" lat="51.1771661" lon="1.1953714"/>
 <node id="11879530357" visible="true" version="1" changeset="150893420" timestamp="2024-05-04T18:39:52Z" user="mapboy63" uid="12340839" lat="51.1781399" lon="1.1938753"/>
 <node id="11879530358" visible="true" version="1" changeset="150893420" timestamp="2024-05-04T18:39:52Z" user="mapboy63" uid="12340839" lat="51.1780659" lon="1.1939854"/>
 <node id="11879530359" visible="true" version="1" changeset="150893420" timestamp="2024-05-04T18:39:52Z" user="mapboy63" uid="12340839" lat="51.1779529" lon="1.1941939"/>
 <node id="11879530360" visible="true" version="1" changeset="150893420" timestamp="2024-05-04T18:39:52Z" user="mapboy63" uid="12340839" lat="51.1778796" lon="1.1943294"/>
 <node id="11879530361" visible="true" version="1" changeset="150893420" timestamp="2024-05-04T18:39:52Z" user="mapboy63" uid="12340839" lat="51.1777723" lon="1.1945130"/>
 <node id="11879530362" visible="true" version="1" changeset="150893420" timestamp="2024-05-04T18:39:52Z" user="mapboy63" uid="12340839" lat="51.1765606" lon="1.1960881"/>
 <node id="11879530363" visible="true" version="1" changeset="150893420" timestamp="2024-05-04T18:39:52Z" user="mapboy63" uid="12340839" lat="51.1769452" lon="1.1956247"/>
 <node id="11879530364" visible="true" version="1" changeset="150893420" timestamp="2024-05-04T18:39:52Z" user="mapboy63" uid="12340839" lat="51.1768815" lon="1.1956933"/>
 <node id="11879530365" visible="true" version="1" changeset="150893420" timestamp="2024-05-04T18:39:52Z" user="mapboy63" uid="12340839" lat="51.1761561" lon="1.1964923"/>
 <node id="11879530366" visible="true" version="1" changeset="150893420" timestamp="2024-05-04T18:39:52Z" user="mapboy63" uid="12340839" lat="51.1760642" lon="1.1964763"/>
 <node id="11879530367" visible="true" version="1" changeset="150893420" timestamp="2024-05-04T18:39:52Z" user="mapboy63" uid="12340839" lat="51.1761278" lon="1.1964982"/>
 <node id="11879530368" visible="true" version="1" changeset="150893420" timestamp="2024-05-04T18:39:52Z" user="mapboy63" uid="12340839" lat="51.1762864" lon="1.1963884"/>
 <node id="11879535369" visible="true" version="1" changeset="150893420" timestamp="2024-05-04T18:39:52Z" user="mapboy63" uid="12340839" lat="51.1763687" lon="1.1963017"/>
 <node id="12068320777" visible="true" version="1" changeset="154267889" timestamp="2024-07-22T15:08:34Z" user="Palgrave Peter" uid="11471297" lat="51.1954754" lon="1.1862730"/>
 <node id="12068320778" visible="true" version="1" changeset="154267889" timestamp="2024-07-22T15:08:34Z" user="Palgrave Peter" uid="11471297" lat="51.1951627" lon="1.1874785"/>
 <node id="12068320784" visible="true" version="1" changeset="154267889" timestamp="2024-07-22T15:08:34Z" user="Palgrave Peter" uid="11471297" lat="51.1944170" lon="1.1884122"/>
 <node id="12068320786" visible="true" version="1" changeset="154267889" timestamp="2024-07-22T15:08:34Z" user="Palgrave Peter" uid="11471297" lat="51.1937801" lon="1.1875045"/>
 <node id="12068320789" visible="true" version="1" changeset="154267889" timestamp="2024-07-22T15:08:34Z" user="Palgrave Peter" uid="11471297" lat="51.1932877" lon="1.1879183"/>
 <node id="12068320790" visible="true" version="1" changeset="154267889" timestamp="2024-07-22T15:08:34Z" user="Palgrave Peter" uid="11471297" lat="51.1920752" lon="1.1883394"/>
 <node id="12068320791" visible="true" version="2" changeset="157339997" timestamp="2024-10-01T13:31:40Z" user="Palgrave Peter" uid="11471297" lat="51.1923941" lon="1.1890200"/>
 <node id="12068320837" visible="true" version="1" changeset="154267889" timestamp="2024-07-22T15:08:34Z" user="Palgrave Peter" uid="11471297" lat="51.1950113" lon="1.2077974"/>
 <node id="12068320842" visible="true" version="1" changeset="154267889" timestamp="2024-07-22T15:08:34Z" user="Palgrave Peter" uid="11471297" lat="51.1896189" lon="1.2013564"/>
 <node id="12068320844" visible="true" version="1" changeset="154267889" timestamp="2024-07-22T15:08:34Z" user="Palgrave Peter" uid="11471297" lat="51.1874229" lon="1.1983861"/>
 <node id="12071909509" visible="true" version="1" changeset="154356094" timestamp="2024-07-24T15:40:19Z" user="Palgrave Peter" uid="11471297" lat="51.1889274" lon="1.2198227"/>
 <node id="12071909519" visible="true" version="1" changeset="154356094" timestamp="2024-07-24T15:40:19Z" user="Palgrave Peter" uid="11471297" lat="51.1866703" lon="1.2268054"/>
 <node id="12071909539" visible="true" version="1" changeset="154356094" timestamp="2024-07-24T15:40:19Z" user="Palgrave Peter" uid="11471297" lat="51.1852911" lon="1.2264774"/>
 <node id="12071909542" visible="true" version="1" changeset="154356094" timestamp="2024-07-24T15:40:19Z" user="Palgrave Peter" uid="11471297" lat="51.1843091" lon="1.2252526"/>
 <node id="12071909545" visible="true" version="1" changeset="154356094" timestamp="2024-07-24T15:40:19Z" user="Palgrave Peter" uid="11471297" lat="51.1820275" lon="1.2229422"/>
 <node id="12071909555" visible="true" version="1" changeset="154356094" timestamp="2024-07-24T15:40:19Z" user="Palgrave Peter" uid="11471297" lat="51.1821690" lon="1.2225960"/>
 <node id="12071928772" visible="true" version="1" changeset="154356094" timestamp="2024-07-24T15:40:19Z" user="Palgrave Peter" uid="11471297" lat="51.1807533" lon="1.2200048"/>
 <node id="12071928794" visible="true" version="1" changeset="154356094" timestamp="2024-07-24T15:40:19Z" user="Palgrave Peter" uid="11471297" lat="51.1788224" lon="1.2146886"/>
 <node id="12085014039" visible="true" version="1" changeset="154645874" timestamp="2024-07-31T12:00:26Z" user="JayTurnr" uid="5008136" lat="51.1830413" lon="1.1995915">
  <tag k="direction" v="forward"/>
  <tag k="highway" v="give_way"/>
 </node>
 <node id="12085014040" visible="true" version="1" changeset="154645874" timestamp="2024-07-31T12:00:26Z" user="JayTurnr" uid="5008136" lat="51.1825393" lon="1.1990852">
  <tag k="direction" v="forward"/>
  <tag k="highway" v="give_way"/>
 </node>
 <node id="12211968685" visible="true" version="1" changeset="157303764" timestamp="2024-09-30T15:38:10Z" user="Palgrave Peter" uid="11471297" lat="51.1646616" lon="1.2178561"/>
 <node id="12211968686" visible="true" version="1" changeset="157303764" timestamp="2024-09-30T15:38:10Z" user="Palgrave Peter" uid="11471297" lat="51.1642430" lon="1.2181017"/>
 <node id="12211968699" visible="true" version="1" changeset="157303764" timestamp="2024-09-30T15:38:10Z" user="Palgrave Peter" uid="11471297" lat="51.1631018" lon="1.2187484"/>
 <node id="12211968700" visible="true" version="1" changeset="157303764" timestamp="2024-09-30T15:38:10Z" user="Palgrave Peter" uid="11471297" lat="51.1641087" lon="1.2178342"/>
 <node id="12211974101" visible="true" version="1" changeset="157303764" timestamp="2024-09-30T15:38:10Z" user="Palgrave Peter" uid="11471297" lat="51.1625623" lon="1.2179066"/>
 <node id="12211974112" visible="true" version="1" changeset="157303764" timestamp="2024-09-30T15:38:10Z" user="Palgrave Peter" uid="11471297" lat="51.1601870" lon="1.2150244"/>
 <node id="12211974245" visible="true" version="1" changeset="157303764" timestamp="2024-09-30T15:38:10Z" user="Palgrave Peter" uid="11471297" lat="51.1581058" lon="1.2072368"/>
 <node id="12211974246" visible="true" version="1" changeset="157303764" timestamp="2024-09-30T15:38:10Z" user="Palgrave Peter" uid="11471297" lat="51.1584373" lon="1.2073545"/>
 <node id="12211974247" visible="true" version="1" changeset="157303764" timestamp="2024-09-30T15:38:10Z" user="Palgrave Peter" uid="11471297" lat="51.1587360" lon="1.2070132"/>
 <node id="12211974248" visible="true" version="1" changeset="157303764" timestamp="2024-09-30T15:38:10Z" user="Palgrave Peter" uid="11471297" lat="51.1590872" lon="1.2073320"/>
 <node id="12211974249" visible="true" version="1" changeset="157303764" timestamp="2024-09-30T15:38:10Z" user="Palgrave Peter" uid="11471297" lat="51.1589362" lon="1.2070333"/>
 <node id="12211974257" visible="true" version="1" changeset="157303764" timestamp="2024-09-30T15:38:10Z" user="Palgrave Peter" uid="11471297" lat="51.1615618" lon="1.2197871"/>
 <node id="12211974258" visible="true" version="1" changeset="157303764" timestamp="2024-09-30T15:38:10Z" user="Palgrave Peter" uid="11471297" lat="51.1672780" lon="1.2120964"/>
 <node id="12211974259" visible="true" version="1" changeset="157303764" timestamp="2024-09-30T15:38:10Z" user="Palgrave Peter" uid="11471297" lat="51.1674778" lon="1.2095643"/>
 <node id="12211974260" visible="true" version="1" changeset="157303764" timestamp="2024-09-30T15:38:10Z" user="Palgrave Peter" uid="11471297" lat="51.1678705" lon="1.2058008"/>
 <node id="12211974261" visible="true" version="1" changeset="157303764" timestamp="2024-09-30T15:38:10Z" user="Palgrave Peter" uid="11471297" lat="51.1681916" lon="1.2030343"/>
 <node id="12211974262" visible="true" version="1" changeset="157303764" timestamp="2024-09-30T15:38:10Z" user="Palgrave Peter" uid="11471297" lat="51.1571055" lon="1.2081998"/>
 <node id="12211974263" visible="true" version="1" changeset="157303764" timestamp="2024-09-30T15:38:10Z" user="Palgrave Peter" uid="11471297" lat="51.1573492" lon="1.2089415"/>
 <node id="12211974264" visible="true" version="1" changeset="157303764" timestamp="2024-09-30T15:38:10Z" user="Palgrave Peter" uid="11471297" lat="51.1577756" lon="1.2094448"/>
 <node id="12211974265" visible="true" version="1" changeset="157303764" timestamp="2024-09-30T15:38:10Z" user="Palgrave Peter" uid="11471297" lat="51.1584678" lon="1.2097715"/>
 <node id="12211974266" visible="true" version="1" changeset="157303764" timestamp="2024-09-30T15:38:10Z" user="Palgrave Peter" uid="11471297" lat="51.1589385" lon="1.2104337"/>
 <node id="12211974267" visible="true" version="1" changeset="157303764" timestamp="2024-09-30T15:38:10Z" user="Palgrave Peter" uid="11471297" lat="51.1591323" lon="1.2111931"/>
 <node id="12211974276" visible="true" version="1" changeset="157303764" timestamp="2024-09-30T15:38:10Z" user="Palgrave Peter" uid="11471297" lat="51.1685723" lon="1.2189884"/>
 <node id="12211974302" visible="true" version="1" changeset="157303764" timestamp="2024-09-30T15:38:10Z" user="Palgrave Peter" uid="11471297" lat="51.1646198" lon="1.2117737"/>
 <node id="12211974304" visible="true" version="1" changeset="157303764" timestamp="2024-09-30T15:38:10Z" user="Palgrave Peter" uid="11471297" lat="51.1657699" lon="1.2109024"/>
 <node id="12211974306" visible="true" version="1" changeset="157303764" timestamp="2024-09-30T15:38:10Z" user="Palgrave Peter" uid="11471297" lat="51.1730916" lon="1.2043316"/>
 <node id="12211974307" visible="true" version="1" changeset="157303764" timestamp="2024-09-30T15:38:10Z" user="Palgrave Peter" uid="11471297" lat="51.1721173" lon="1.2039784"/>
 <node id="12211974308" visible="true" version="1" changeset="157303764" timestamp="2024-09-30T15:38:10Z" user="Palgrave Peter" uid="11471297" lat="51.1720120" lon="1.2031340"/>
 <node id="12211974309" visible="true" version="1" changeset="157303764" timestamp="2024-09-30T15:38:10Z" user="Palgrave Peter" uid="11471297" lat="51.1717070" lon="1.2022020"/>
 <node id="12211974310" visible="true" version="1" changeset="157303764" timestamp="2024-09-30T15:38:10Z" user="Palgrave Peter" uid="11471297" lat="51.1715891" lon="1.2012578"/>
 <node id="12211974311" visible="true" version="1" changeset="157303764" timestamp="2024-09-30T15:38:10Z" user="Palgrave Peter" uid="11471297" lat="51.1708057" lon="1.2011045"/>
 <node id="12211974312" visible="true" version="1" changeset="157303764" timestamp="2024-09-30T15:38:10Z" user="Palgrave Peter" uid="11471297" lat="51.1704771" lon="1.2012849"/>
 <node id="12211974313" visible="true" version="1" changeset="157303764" timestamp="2024-09-30T15:38:10Z" user="Palgrave Peter" uid="11471297" lat="51.1660351" lon="1.2139321"/>
 <node id="12211974314" visible="true" version="1" changeset="157303764" timestamp="2024-09-30T15:38:10Z" user="Palgrave Peter" uid="11471297" lat="51.1667608" lon="1.2149039"/>
 <node id="12211974315" visible="true" version="1" changeset="157303764" timestamp="2024-09-30T15:38:10Z" user="Palgrave Peter" uid="11471297" lat="51.1676024" lon="1.2165021"/>
 <node id="12211974316" visible="true" version="1" changeset="157303764" timestamp="2024-09-30T15:38:10Z" user="Palgrave Peter" uid="11471297" lat="51.1677740" lon="1.2168553"/>
 <node id="12211974317" visible="true" version="1" changeset="157303764" timestamp="2024-09-30T15:38:10Z" user="Palgrave Peter" uid="11471297" lat="51.1683055" lon="1.2175528"/>
 <node id="12211974318" visible="true" version="1" changeset="157303764" timestamp="2024-09-30T15:38:10Z" user="Palgrave Peter" uid="11471297" lat="51.1685270" lon="1.2182239"/>
 <node id="12211974319" visible="true" version="1" changeset="157303764" timestamp="2024-09-30T15:38:10Z" user="Palgrave Peter" uid="11471297" lat="51.1702668" lon="1.2184125"/>
 <node id="12211974320" visible="true" version="1" changeset="157303764" timestamp="2024-09-30T15:38:10Z" user="Palgrave Peter" uid="11471297" lat="51.1708564" lon="1.2162637"/>
 <node id="12211974321" visible="true" version="1" changeset="157303764" timestamp="2024-09-30T15:38:10Z" user="Palgrave Peter" uid="11471297" lat="51.1713599" lon="1.2149799"/>
 <node id="12211974322" visible="true" version="1" changeset="157303764" timestamp="2024-09-30T15:38:10Z" user="Palgrave Peter" uid="11471297" lat="51.1721102" lon="1.2111512"/>
 <node id="12211974323" visible="true" version="1" changeset="157303764" timestamp="2024-09-30T15:38:10Z" user="Palgrave Peter" uid="11471297" lat="51.1723040" lon="1.2102064"/>
 <node id="12211974324" visible="true" version="1" changeset="157303764" timestamp="2024-09-30T15:38:10Z" user="Palgrave Peter" uid="11471297" lat="51.1723578" lon="1.2094899"/>
 <node id="12211974325" visible="true" version="1" changeset="157303764" timestamp="2024-09-30T15:38:10Z" user="Palgrave Peter" uid="11471297" lat="51.1726955" lon="1.2080210"/>
 <node id="12211974326" visible="true" version="1" changeset="157303764" timestamp="2024-09-30T15:38:10Z" user="Palgrave Peter" uid="11471297" lat="51.1732009" lon="1.2063987"/>
 <node id="12211974327" visible="true" version="1" changeset="157303764" timestamp="2024-09-30T15:38:10Z" user="Palgrave Peter" uid="11471297" lat="51.1732950" lon="1.2055599"/>
 <node id="12211974328" visible="true" version="1" changeset="157303764" timestamp="2024-09-30T15:38:10Z" user="Palgrave Peter" uid="11471297" lat="51.1732617" lon="1.2051449"/>
 <node id="12211974330" visible="true" version="1" changeset="157303764" timestamp="2024-09-30T15:38:10Z" user="Palgrave Peter" uid="11471297" lat="51.1718600" lon="1.2121717"/>
 <node id="12211974332" visible="true" version="1" changeset="157303764" timestamp="2024-09-30T15:38:10Z" user="Palgrave Peter" uid="11471297" lat="51.1723439" lon="1.2015154"/>
 <node id="12211974333" visible="true" version="1" changeset="157303764" timestamp="2024-09-30T15:38:10Z" user="Palgrave Peter" uid="11471297" lat="51.1725387" lon="1.2001460"/>
 <node id="12211974334" visible="true" version="1" changeset="157303764" timestamp="2024-09-30T15:38:10Z" user="Palgrave Peter" uid="11471297" lat="51.1715944" lon="1.2016857"/>
 <node id="12211974335" visible="true" version="1" changeset="157303764" timestamp="2024-09-30T15:38:10Z" user="Palgrave Peter" uid="11471297" lat="51.1730619" lon="1.2014742"/>
 <node id="12211974336" visible="true" version="1" changeset="157303764" timestamp="2024-09-30T15:38:10Z" user="Palgrave Peter" uid="11471297" lat="51.1727902" lon="1.2014402"/>
 <node id="12211974337" visible="true" version="1" changeset="157303764" timestamp="2024-09-30T15:38:10Z" user="Palgrave Peter" uid="11471297" lat="51.1727878" lon="1.2017127"/>
 <node id="12211974338" visible="true" version="1" changeset="157303764" timestamp="2024-09-30T15:38:10Z" user="Palgrave Peter" uid="11471297" lat="51.1724339" lon="1.2017505"/>
 <node id="12211974339" visible="true" version="1" changeset="157303764" timestamp="2024-09-30T15:38:10Z" user="Palgrave Peter" uid="11471297" lat="51.1726289" lon="1.2026778"/>
 <node id="12211974340" visible="true" version="1" changeset="157303764" timestamp="2024-09-30T15:38:10Z" user="Palgrave Peter" uid="11471297" lat="51.1728143" lon="1.2025340"/>
 <node id="12211974341" visible="true" version="1" changeset="157303764" timestamp="2024-09-30T15:38:10Z" user="Palgrave Peter" uid="11471297" lat="51.1730136" lon="1.2024698"/>
 <node id="12211974342" visible="true" version="1" changeset="157303764" timestamp="2024-09-30T15:38:10Z" user="Palgrave Peter" uid="11471297" lat="51.1730171" lon="1.2023752"/>
 <node id="12211974343" visible="true" version="1" changeset="157303764" timestamp="2024-09-30T15:38:10Z" user="Palgrave Peter" uid="11471297" lat="51.1729946" lon="1.2023279"/>
 <node id="12211974344" visible="true" version="1" changeset="157303764" timestamp="2024-09-30T15:38:10Z" user="Palgrave Peter" uid="11471297" lat="51.1729602" lon="1.2023222"/>
 <node id="12211974345" visible="true" version="1" changeset="157303764" timestamp="2024-09-30T15:38:10Z" user="Palgrave Peter" uid="11471297" lat="51.1729329" lon="1.2023449"/>
 <node id="12211974346" visible="true" version="1" changeset="157303764" timestamp="2024-09-30T15:38:10Z" user="Palgrave Peter" uid="11471297" lat="51.1729293" lon="1.2024036"/>
 <node id="12211974347" visible="true" version="1" changeset="157303764" timestamp="2024-09-30T15:38:10Z" user="Palgrave Peter" uid="11471297" lat="51.1729578" lon="1.2024339"/>
 <node id="12211974348" visible="true" version="1" changeset="157303764" timestamp="2024-09-30T15:38:10Z" user="Palgrave Peter" uid="11471297" lat="51.1729637" lon="1.2024604"/>
 <node id="12211974349" visible="true" version="1" changeset="157303764" timestamp="2024-09-30T15:38:10Z" user="Palgrave Peter" uid="11471297" lat="51.1727624" lon="1.2025742"/>
 <node id="12211974350" visible="true" version="1" changeset="157303764" timestamp="2024-09-30T15:38:10Z" user="Palgrave Peter" uid="11471297" lat="51.1729321" lon="1.2032599"/>
 <node id="12211974351" visible="true" version="1" changeset="157303764" timestamp="2024-09-30T15:38:10Z" user="Palgrave Peter" uid="11471297" lat="51.1741568" lon="1.2058206"/>
 <node id="12211974352" visible="true" version="1" changeset="157303764" timestamp="2024-09-30T15:38:10Z" user="Palgrave Peter" uid="11471297" lat="51.1741900" lon="1.2060004"/>
 <node id="12211974353" visible="true" version="1" changeset="157303764" timestamp="2024-09-30T15:38:10Z" user="Palgrave Peter" uid="11471297" lat="51.1741805" lon="1.2060648"/>
 <node id="12211974354" visible="true" version="1" changeset="157303764" timestamp="2024-09-30T15:38:10Z" user="Palgrave Peter" uid="11471297" lat="51.1739781" lon="1.2055638"/>
 <node id="12211974355" visible="true" version="1" changeset="157303764" timestamp="2024-09-30T15:38:10Z" user="Palgrave Peter" uid="11471297" lat="51.1736798" lon="1.1981442"/>
 <node id="12211974356" visible="true" version="1" changeset="157303764" timestamp="2024-09-30T15:38:10Z" user="Palgrave Peter" uid="11471297" lat="51.1733575" lon="1.1986161"/>
 <node id="12211974357" visible="true" version="1" changeset="157303764" timestamp="2024-09-30T15:38:10Z" user="Palgrave Peter" uid="11471297" lat="51.1733386" lon="1.1989340"/>
 <node id="12211974358" visible="true" version="1" changeset="157303764" timestamp="2024-09-30T15:38:10Z" user="Palgrave Peter" uid="11471297" lat="51.1731452" lon="1.1991838"/>
 <node id="12211974359" visible="true" version="1" changeset="157303764" timestamp="2024-09-30T15:38:10Z" user="Palgrave Peter" uid="11471297" lat="51.1730586" lon="1.1991970"/>
 <node id="12211974360" visible="true" version="1" changeset="157303764" timestamp="2024-09-30T15:38:10Z" user="Palgrave Peter" uid="11471297" lat="51.1729434" lon="1.1995168"/>
 <node id="12211974361" visible="true" version="1" changeset="157303764" timestamp="2024-09-30T15:38:10Z" user="Palgrave Peter" uid="11471297" lat="51.1726136" lon="1.2001772"/>
 <node id="12211974362" visible="true" version="1" changeset="157303764" timestamp="2024-09-30T15:38:10Z" user="Palgrave Peter" uid="11471297" lat="51.1723952" lon="1.2016492"/>
 <node id="12211974363" visible="true" version="1" changeset="157303764" timestamp="2024-09-30T15:38:10Z" user="Palgrave Peter" uid="11471297" lat="51.1730823" lon="1.2019176"/>
 <node id="12211974364" visible="true" version="1" changeset="157303764" timestamp="2024-09-30T15:38:10Z" user="Palgrave Peter" uid="11471297" lat="51.1734067" lon="1.2052927"/>
 <node id="12211974365" visible="true" version="1" changeset="157303764" timestamp="2024-09-30T15:38:10Z" user="Palgrave Peter" uid="11471297" lat="51.1736300" lon="1.2053426"/>
 <node id="12211974366" visible="true" version="1" changeset="157303764" timestamp="2024-09-30T15:38:10Z" user="Palgrave Peter" uid="11471297" lat="51.1743185" lon="1.2092753"/>
 <node id="12211974367" visible="true" version="1" changeset="157303764" timestamp="2024-09-30T15:38:10Z" user="Palgrave Peter" uid="11471297" lat="51.1742477" lon="1.2091428"/>
 <node id="12211974371" visible="true" version="1" changeset="157303764" timestamp="2024-09-30T15:38:10Z" user="Palgrave Peter" uid="11471297" lat="51.1748319" lon="1.2099433"/>
 <node id="12211974372" visible="true" version="1" changeset="157303764" timestamp="2024-09-30T15:38:10Z" user="Palgrave Peter" uid="11471297" lat="51.1745282" lon="1.2100209"/>
 <node id="12211974373" visible="true" version="1" changeset="157303764" timestamp="2024-09-30T15:38:10Z" user="Palgrave Peter" uid="11471297" lat="51.1744665" lon="1.2098752"/>
 <node id="12211974374" visible="true" version="1" changeset="157303764" timestamp="2024-09-30T15:38:10Z" user="Palgrave Peter" uid="11471297" lat="51.1742821" lon="1.2101045"/>
 <node id="12211974375" visible="true" version="1" changeset="157303764" timestamp="2024-09-30T15:38:10Z" user="Palgrave Peter" uid="11471297" lat="51.1741706" lon="1.2099607"/>
 <node id="12211974376" visible="true" version="1" changeset="157303764" timestamp="2024-09-30T15:38:10Z" user="Palgrave Peter" uid="11471297" lat="51.1740828" lon="1.2100780"/>
 <node id="12211974377" visible="true" version="1" changeset="157303764" timestamp="2024-09-30T15:38:10Z" user="Palgrave Peter" uid="11471297" lat="51.1738408" lon="1.2098358"/>
 <node id="12211974378" visible="true" version="1" changeset="157303764" timestamp="2024-09-30T15:38:10Z" user="Palgrave Peter" uid="11471297" lat="51.1737447" lon="1.2101178"/>
 <node id="12211974379" visible="true" version="1" changeset="157303764" timestamp="2024-09-30T15:38:10Z" user="Palgrave Peter" uid="11471297" lat="51.1734295" lon="1.2104868"/>
 <node id="12211974389" visible="true" version="1" changeset="157303764" timestamp="2024-09-30T15:38:10Z" user="Palgrave Peter" uid="11471297" lat="51.1747129" lon="1.2096911"/>
 <node id="12211974390" visible="true" version="1" changeset="157303764" timestamp="2024-09-30T15:38:10Z" user="Palgrave Peter" uid="11471297" lat="51.1745183" lon="1.2094224"/>
 <node id="12211974391" visible="true" version="1" changeset="157303764" timestamp="2024-09-30T15:38:10Z" user="Palgrave Peter" uid="11471297" lat="51.1742775" lon="1.2093145"/>
 <node id="12211974392" visible="true" version="1" changeset="157303764" timestamp="2024-09-30T15:38:10Z" user="Palgrave Peter" uid="11471297" lat="51.1736874" lon="1.2085396"/>
 <node id="12211974393" visible="true" version="1" changeset="157303764" timestamp="2024-09-30T15:38:10Z" user="Palgrave Peter" uid="11471297" lat="51.1733481" lon="1.2082973"/>
 <node id="12211974394" visible="true" version="1" changeset="157303764" timestamp="2024-09-30T15:38:10Z" user="Palgrave Peter" uid="11471297" lat="51.1732627" lon="1.2085074"/>
 <node id="12211974395" visible="true" version="1" changeset="157303764" timestamp="2024-09-30T15:38:10Z" user="Palgrave Peter" uid="11471297" lat="51.1736625" lon="1.2089332"/>
 <node id="12211974396" visible="true" version="1" changeset="157303764" timestamp="2024-09-30T15:38:10Z" user="Palgrave Peter" uid="11471297" lat="51.1739759" lon="1.2093097"/>
 <node id="12211974397" visible="true" version="1" changeset="157303764" timestamp="2024-09-30T15:38:10Z" user="Palgrave Peter" uid="11471297" lat="51.1730391" lon="1.2101311"/>
 <node id="12211974398" visible="true" version="1" changeset="157303764" timestamp="2024-09-30T15:38:10Z" user="Palgrave Peter" uid="11471297" lat="51.1724787" lon="1.2098462"/>
 <node id="12211974399" visible="true" version="1" changeset="157303764" timestamp="2024-09-30T15:38:10Z" user="Palgrave Peter" uid="11471297" lat="51.1723694" lon="1.2104540"/>
 <node id="12211974400" visible="true" version="1" changeset="157303764" timestamp="2024-09-30T15:38:10Z" user="Palgrave Peter" uid="11471297" lat="51.1728102" lon="1.2079851"/>
 <node id="12211974401" visible="true" version="1" changeset="157303764" timestamp="2024-09-30T15:38:10Z" user="Palgrave Peter" uid="11471297" lat="51.1725172" lon="1.2091191"/>
 <node id="12211974402" visible="true" version="1" changeset="157303764" timestamp="2024-09-30T15:38:10Z" user="Palgrave Peter" uid="11471297" lat="51.1726726" lon="1.2092043"/>
 <node id="12211974403" visible="true" version="1" changeset="157303764" timestamp="2024-09-30T15:38:10Z" user="Palgrave Peter" uid="11471297" lat="51.1725304" lon="1.2098695"/>
 <node id="12211974404" visible="true" version="1" changeset="157303764" timestamp="2024-09-30T15:38:10Z" user="Palgrave Peter" uid="11471297" lat="51.1722786" lon="1.2104267"/>
 <node id="12211974405" visible="true" version="1" changeset="157303764" timestamp="2024-09-30T15:38:10Z" user="Palgrave Peter" uid="11471297" lat="51.1728075" lon="1.2079778"/>
 <node id="12212182292" visible="true" version="1" changeset="157307184" timestamp="2024-09-30T17:02:12Z" user="Palgrave Peter" uid="11471297" lat="51.1579622" lon="1.1830596"/>
 <node id="12212182426" visible="true" version="1" changeset="157307184" timestamp="2024-09-30T17:02:12Z" user="Palgrave Peter" uid="11471297" lat="51.1576977" lon="1.1812543"/>
 <node id="12212182427" visible="true" version="1" changeset="157307184" timestamp="2024-09-30T17:02:12Z" user="Palgrave Peter" uid="11471297" lat="51.1585101" lon="1.1854098"/>
 <node id="12212182428" visible="true" version="1" changeset="157307184" timestamp="2024-09-30T17:02:12Z" user="Palgrave Peter" uid="11471297" lat="51.1585291" lon="1.1873938"/>
 <node id="12212182429" visible="true" version="1" changeset="157307184" timestamp="2024-09-30T17:02:12Z" user="Palgrave Peter" uid="11471297" lat="51.1591374" lon="1.1899651"/>
 <node id="12212182430" visible="true" version="1" changeset="157307184" timestamp="2024-09-30T17:02:12Z" user="Palgrave Peter" uid="11471297" lat="51.1674362" lon="1.1916533"/>
 <node id="12212182431" visible="true" version="2" changeset="157329057" timestamp="2024-10-01T09:12:10Z" user="Palgrave Peter" uid="11471297" lat="51.1675785" lon="1.1847257"/>
 <node id="12212182432" visible="true" version="1" changeset="157307184" timestamp="2024-09-30T17:02:12Z" user="Palgrave Peter" uid="11471297" lat="51.1679659" lon="1.1838053"/>
 <node id="12212182433" visible="true" version="1" changeset="157307184" timestamp="2024-09-30T17:02:12Z" user="Palgrave Peter" uid="11471297" lat="51.1670889" lon="1.1825884"/>
 <node id="12212182434" visible="true" version="1" changeset="157307184" timestamp="2024-09-30T17:02:12Z" user="Palgrave Peter" uid="11471297" lat="51.1664164" lon="1.1817949"/>
 <node id="12212182435" visible="true" version="1" changeset="157307184" timestamp="2024-09-30T17:02:12Z" user="Palgrave Peter" uid="11471297" lat="51.1658785" lon="1.1807506"/>
 <node id="12212182436" visible="true" version="1" changeset="157307184" timestamp="2024-09-30T17:02:12Z" user="Palgrave Peter" uid="11471297" lat="51.1657021" lon="1.1803909"/>
 <node id="12212182437" visible="true" version="1" changeset="157307184" timestamp="2024-09-30T17:02:12Z" user="Palgrave Peter" uid="11471297" lat="51.1672045" lon="1.1853775"/>
 <node id="12212182487" visible="true" version="1" changeset="157307184" timestamp="2024-09-30T17:02:12Z" user="Palgrave Peter" uid="11471297" lat="51.1662579" lon="1.1715731"/>
 <node id="12212182504" visible="true" version="1" changeset="157307184" timestamp="2024-09-30T17:02:12Z" user="Palgrave Peter" uid="11471297" lat="51.1658152" lon="1.1804199"/>
 <node id="12212182505" visible="true" version="1" changeset="157307184" timestamp="2024-09-30T17:02:12Z" user="Palgrave Peter" uid="11471297" lat="51.1661790" lon="1.1790478"/>
 <node id="12212182506" visible="true" version="1" changeset="157307184" timestamp="2024-09-30T17:02:12Z" user="Palgrave Peter" uid="11471297" lat="51.1651595" lon="1.1783212"/>
 <node id="12212182507" visible="true" version="1" changeset="157307184" timestamp="2024-09-30T17:02:12Z" user="Palgrave Peter" uid="11471297" lat="51.1649980" lon="1.1777633"/>
 <node id="12212182508" visible="true" version="1" changeset="157307184" timestamp="2024-09-30T17:02:12Z" user="Palgrave Peter" uid="11471297" lat="51.1649203" lon="1.1769145"/>
 <node id="12212182511" visible="true" version="1" changeset="157307184" timestamp="2024-09-30T17:02:12Z" user="Palgrave Peter" uid="11471297" lat="51.1639241" lon="1.1793334"/>
 <node id="12213694201" visible="true" version="1" changeset="157329057" timestamp="2024-10-01T09:12:10Z" user="Palgrave Peter" uid="11471297" lat="51.1681864" lon="1.1845527"/>
 <node id="12213694202" visible="true" version="1" changeset="157329057" timestamp="2024-10-01T09:12:10Z" user="Palgrave Peter" uid="11471297" lat="51.1683898" lon="1.1841399"/>
 <node id="12213694203" visible="true" version="1" changeset="157329057" timestamp="2024-10-01T09:12:10Z" user="Palgrave Peter" uid="11471297" lat="51.1679378" lon="1.1851753"/>
 <node id="12213694204" visible="true" version="1" changeset="157329057" timestamp="2024-10-01T09:12:10Z" user="Palgrave Peter" uid="11471297" lat="51.1680999" lon="1.1846225"/>
 <node id="12213694205" visible="true" version="2" changeset="157329791" timestamp="2024-10-01T09:27:15Z" user="Palgrave Peter" uid="11471297" lat="51.1678667" lon="1.1861846"/>
 <node id="12213694206" visible="true" version="1" changeset="157329057" timestamp="2024-10-01T09:12:10Z" user="Palgrave Peter" uid="11471297" lat="51.1676791" lon="1.1858777"/>
 <node id="12213694207" visible="true" version="1" changeset="157329057" timestamp="2024-10-01T09:12:10Z" user="Palgrave Peter" uid="11471297" lat="51.1678147" lon="1.1855378"/>
 <node id="12213694208" visible="true" version="1" changeset="157329057" timestamp="2024-10-01T09:12:10Z" user="Palgrave Peter" uid="11471297" lat="51.1678930" lon="1.1851192"/>
 <node id="12213694209" visible="true" version="2" changeset="157329791" timestamp="2024-10-01T09:27:15Z" user="Palgrave Peter" uid="11471297" lat="51.1680822" lon="1.1858421"/>
 <node id="12213694210" visible="true" version="1" changeset="157329057" timestamp="2024-10-01T09:12:10Z" user="Palgrave Peter" uid="11471297" lat="51.1688352" lon="1.1843268"/>
 <node id="12213694211" visible="true" version="1" changeset="157329057" timestamp="2024-10-01T09:12:10Z" user="Palgrave Peter" uid="11471297" lat="51.1690101" lon="1.1836038"/>
 <node id="12213694212" visible="true" version="1" changeset="157329057" timestamp="2024-10-01T09:12:10Z" user="Palgrave Peter" uid="11471297" lat="51.1673627" lon="1.1827264"/>
 <node id="12213694213" visible="true" version="1" changeset="157329057" timestamp="2024-10-01T09:12:10Z" user="Palgrave Peter" uid="11471297" lat="51.1682058" lon="1.1839376"/>
 <node id="12213694214" visible="true" version="1" changeset="157329057" timestamp="2024-10-01T09:12:10Z" user="Palgrave Peter" uid="11471297" lat="51.1688293" lon="1.1843650"/>
 <node id="12213694215" visible="true" version="1" changeset="157329057" timestamp="2024-10-01T09:12:10Z" user="Palgrave Peter" uid="11471297" lat="51.1686573" lon="1.1837707">
  <tag k="natural" v="tree"/>
 </node>
 <node id="12213694216" visible="true" version="1" changeset="157329057" timestamp="2024-10-01T09:12:10Z" user="Palgrave Peter" uid="11471297" lat="51.1688748" lon="1.1836991">
  <tag k="natural" v="tree"/>
 </node>
 <node id="12213694217" visible="true" version="1" changeset="157329057" timestamp="2024-10-01T09:12:10Z" user="Palgrave Peter" uid="11471297" lat="51.1678799" lon="1.1838494">
  <tag k="barrier" v="stile"/>
 </node>
 <node id="12213694218" visible="true" version="1" changeset="157329057" timestamp="2024-10-01T09:12:10Z" user="Palgrave Peter" uid="11471297" lat="51.1678429" lon="1.1840801">
  <tag k="barrier" v="stile"/>
 </node>
 <node id="12213694219" visible="true" version="1" changeset="157329057" timestamp="2024-10-01T09:12:10Z" user="Palgrave Peter" uid="11471297" lat="51.1686446" lon="1.1836109">
  <tag k="natural" v="tree"/>
 </node>
 <node id="12213694220" visible="true" version="1" changeset="157329057" timestamp="2024-10-01T09:12:10Z" user="Palgrave Peter" uid="11471297" lat="51.1698269" lon="1.1792608"/>
 <node id="12213694242" visible="true" version="1" changeset="157329057" timestamp="2024-10-01T09:12:10Z" user="Palgrave Peter" uid="11471297" lat="51.1681843" lon="1.1776449"/>
 <node id="12213694243" visible="true" version="1" changeset="157329057" timestamp="2024-10-01T09:12:10Z" user="Palgrave Peter" uid="11471297" lat="51.1676939" lon="1.1790277"/>
 <node id="12213694244" visible="true" version="1" changeset="157329057" timestamp="2024-10-01T09:12:10Z" user="Palgrave Peter" uid="11471297" lat="51.1704844" lon="1.1810401"/>
 <node id="12213694245" visible="true" version="1" changeset="157329057" timestamp="2024-10-01T09:12:10Z" user="Palgrave Peter" uid="11471297" lat="51.1708525" lon="1.1801439"/>
 <node id="12213694246" visible="true" version="1" changeset="157329057" timestamp="2024-10-01T09:12:10Z" user="Palgrave Peter" uid="11471297" lat="51.1665902" lon="1.1771466"/>
 <node id="12213694247" visible="true" version="1" changeset="157329057" timestamp="2024-10-01T09:12:10Z" user="Palgrave Peter" uid="11471297" lat="51.1664869" lon="1.1817199"/>
 <node id="12213694248" visible="true" version="1" changeset="157329057" timestamp="2024-10-01T09:12:10Z" user="Palgrave Peter" uid="11471297" lat="51.1699163" lon="1.1851320"/>
 <node id="12213694249" visible="true" version="1" changeset="157329057" timestamp="2024-10-01T09:12:10Z" user="Palgrave Peter" uid="11471297" lat="51.1705838" lon="1.1837458"/>
 <node id="12213694250" visible="true" version="1" changeset="157329057" timestamp="2024-10-01T09:12:10Z" user="Palgrave Peter" uid="11471297" lat="51.1710038" lon="1.1824371"/>
 <node id="12213694251" visible="true" version="1" changeset="157329057" timestamp="2024-10-01T09:12:10Z" user="Palgrave Peter" uid="11471297" lat="51.1697396" lon="1.1851342"/>
 <node id="12213694252" visible="true" version="1" changeset="157329057" timestamp="2024-10-01T09:12:10Z" user="Palgrave Peter" uid="11471297" lat="51.1681508" lon="1.1859207"/>
 <node id="12213694253" visible="true" version="2" changeset="157329791" timestamp="2024-10-01T09:27:15Z" user="Palgrave Peter" uid="11471297" lat="51.1680877" lon="1.1859562"/>
 <node id="12213694254" visible="true" version="2" changeset="157329791" timestamp="2024-10-01T09:27:15Z" user="Palgrave Peter" uid="11471297" lat="51.1675879" lon="1.1866836"/>
 <node id="12213694255" visible="true" version="1" changeset="157329057" timestamp="2024-10-01T09:12:10Z" user="Palgrave Peter" uid="11471297" lat="51.1747339" lon="1.1926286"/>
 <node id="12213694256" visible="true" version="1" changeset="157329057" timestamp="2024-10-01T09:12:10Z" user="Palgrave Peter" uid="11471297" lat="51.1743512" lon="1.1910216"/>
 <node id="12213694257" visible="true" version="1" changeset="157329057" timestamp="2024-10-01T09:12:10Z" user="Palgrave Peter" uid="11471297" lat="51.1739076" lon="1.1918867"/>
 <node id="12213694258" visible="true" version="1" changeset="157329057" timestamp="2024-10-01T09:12:10Z" user="Palgrave Peter" uid="11471297" lat="51.1743232" lon="1.1908791"/>
 <node id="12213694259" visible="true" version="1" changeset="157329057" timestamp="2024-10-01T09:12:10Z" user="Palgrave Peter" uid="11471297" lat="51.1741319" lon="1.1895249"/>
 <node id="12213694260" visible="true" version="1" changeset="157329057" timestamp="2024-10-01T09:12:10Z" user="Palgrave Peter" uid="11471297" lat="51.1740751" lon="1.1889050"/>
 <node id="12213694261" visible="true" version="1" changeset="157329057" timestamp="2024-10-01T09:12:10Z" user="Palgrave Peter" uid="11471297" lat="51.1734921" lon="1.1889479"/>
 <node id="12213694262" visible="true" version="1" changeset="157329057" timestamp="2024-10-01T09:12:10Z" user="Palgrave Peter" uid="11471297" lat="51.1740862" lon="1.1887613"/>
 <node id="12213694263" visible="true" version="1" changeset="157329057" timestamp="2024-10-01T09:12:10Z" user="Palgrave Peter" uid="11471297" lat="51.1740627" lon="1.1878893"/>
 <node id="12213694264" visible="true" version="1" changeset="157329057" timestamp="2024-10-01T09:12:10Z" user="Palgrave Peter" uid="11471297" lat="51.1738856" lon="1.1878849"/>
 <node id="12213694265" visible="true" version="1" changeset="157329057" timestamp="2024-10-01T09:12:10Z" user="Palgrave Peter" uid="11471297" lat="51.1738717" lon="1.1875913"/>
 <node id="12213694266" visible="true" version="1" changeset="157329057" timestamp="2024-10-01T09:12:10Z" user="Palgrave Peter" uid="11471297" lat="51.1738357" lon="1.1875692"/>
 <node id="12213694267" visible="true" version="1" changeset="157329057" timestamp="2024-10-01T09:12:10Z" user="Palgrave Peter" uid="11471297" lat="51.1734621" lon="1.1887083"/>
 <node id="12213694268" visible="true" version="1" changeset="157329057" timestamp="2024-10-01T09:12:10Z" user="Palgrave Peter" uid="11471297" lat="51.1735569" lon="1.1888215"/>
 <node id="12213694269" visible="true" version="1" changeset="157329057" timestamp="2024-10-01T09:12:10Z" user="Palgrave Peter" uid="11471297" lat="51.1740141" lon="1.1886336"/>
 <node id="12213694270" visible="true" version="1" changeset="157329057" timestamp="2024-10-01T09:12:10Z" user="Palgrave Peter" uid="11471297" lat="51.1740067" lon="1.1885030"/>
 <node id="12213694271" visible="true" version="1" changeset="157329057" timestamp="2024-10-01T09:12:10Z" user="Palgrave Peter" uid="11471297" lat="51.1738831" lon="1.1885209"/>
 <node id="12213694272" visible="true" version="1" changeset="157329057" timestamp="2024-10-01T09:12:10Z" user="Palgrave Peter" uid="11471297" lat="51.1738905" lon="1.1886516"/>
 <node id="12213694273" visible="true" version="1" changeset="157329057" timestamp="2024-10-01T09:12:10Z" user="Palgrave Peter" uid="11471297" lat="51.1737438" lon="1.1884341"/>
 <node id="12213694274" visible="true" version="1" changeset="157329057" timestamp="2024-10-01T09:12:10Z" user="Palgrave Peter" uid="11471297" lat="51.1737386" lon="1.1883181"/>
 <node id="12213694275" visible="true" version="1" changeset="157329057" timestamp="2024-10-01T09:12:10Z" user="Palgrave Peter" uid="11471297" lat="51.1736145" lon="1.1883323"/>
 <node id="12213694276" visible="true" version="1" changeset="157329057" timestamp="2024-10-01T09:12:10Z" user="Palgrave Peter" uid="11471297" lat="51.1736197" lon="1.1884482"/>
 <node id="12213694277" visible="true" version="1" changeset="157329057" timestamp="2024-10-01T09:12:10Z" user="Palgrave Peter" uid="11471297" lat="51.1740370" lon="1.1872280"/>
 <node id="12213694278" visible="true" version="1" changeset="157329057" timestamp="2024-10-01T09:12:10Z" user="Palgrave Peter" uid="11471297" lat="51.1737650" lon="1.1853254"/>
 <node id="12213694279" visible="true" version="1" changeset="157329057" timestamp="2024-10-01T09:12:10Z" user="Palgrave Peter" uid="11471297" lat="51.1737799" lon="1.1847723"/>
 <node id="12213694280" visible="true" version="1" changeset="157329057" timestamp="2024-10-01T09:12:10Z" user="Palgrave Peter" uid="11471297" lat="51.1733358" lon="1.1841471"/>
 <node id="12213694281" visible="true" version="1" changeset="157329057" timestamp="2024-10-01T09:12:10Z" user="Palgrave Peter" uid="11471297" lat="51.1737981" lon="1.1846653"/>
 <node id="12213694282" visible="true" version="1" changeset="157329057" timestamp="2024-10-01T09:12:10Z" user="Palgrave Peter" uid="11471297" lat="51.1759963" lon="1.1815746"/>
 <node id="12213694283" visible="true" version="1" changeset="157329057" timestamp="2024-10-01T09:12:10Z" user="Palgrave Peter" uid="11471297" lat="51.1758642" lon="1.1808474"/>
 <node id="12213694284" visible="true" version="1" changeset="157329057" timestamp="2024-10-01T09:12:10Z" user="Palgrave Peter" uid="11471297" lat="51.1746596" lon="1.1830887"/>
 <node id="12213694285" visible="true" version="1" changeset="157329057" timestamp="2024-10-01T09:12:10Z" user="Palgrave Peter" uid="11471297" lat="51.1745333" lon="1.1812733"/>
 <node id="12213694286" visible="true" version="1" changeset="157329057" timestamp="2024-10-01T09:12:10Z" user="Palgrave Peter" uid="11471297" lat="51.1745598" lon="1.1802180"/>
 <node id="12213694287" visible="true" version="1" changeset="157329057" timestamp="2024-10-01T09:12:10Z" user="Palgrave Peter" uid="11471297" lat="51.1749730" lon="1.1807334"/>
 <node id="12213694288" visible="true" version="1" changeset="157329057" timestamp="2024-10-01T09:12:10Z" user="Palgrave Peter" uid="11471297" lat="51.1744464" lon="1.1803310"/>
 <node id="12213694289" visible="true" version="1" changeset="157329057" timestamp="2024-10-01T09:12:10Z" user="Palgrave Peter" uid="11471297" lat="51.1742278" lon="1.1814977"/>
 <node id="12213694290" visible="true" version="1" changeset="157329057" timestamp="2024-10-01T09:12:10Z" user="Palgrave Peter" uid="11471297" lat="51.1738821" lon="1.1807974"/>
 <node id="12213694291" visible="true" version="1" changeset="157329057" timestamp="2024-10-01T09:12:10Z" user="Palgrave Peter" uid="11471297" lat="51.1750977" lon="1.1821945"/>
 <node id="12213694292" visible="true" version="1" changeset="157329057" timestamp="2024-10-01T09:12:10Z" user="Palgrave Peter" uid="11471297" lat="51.1747088" lon="1.1825783"/>
 <node id="12213694293" visible="true" version="1" changeset="157329057" timestamp="2024-10-01T09:12:10Z" user="Palgrave Peter" uid="11471297" lat="51.1748998" lon="1.1825142"/>
 <node id="12213694294" visible="true" version="1" changeset="157329057" timestamp="2024-10-01T09:12:10Z" user="Palgrave Peter" uid="11471297" lat="51.1747028" lon="1.1820881"/>
 <node id="12213694295" visible="true" version="1" changeset="157329057" timestamp="2024-10-01T09:12:10Z" user="Palgrave Peter" uid="11471297" lat="51.1746556" lon="1.1819704"/>
 <node id="12213694296" visible="true" version="1" changeset="157329057" timestamp="2024-10-01T09:12:10Z" user="Palgrave Peter" uid="11471297" lat="51.1747924" lon="1.1818146">
  <tag k="entrance" v="yes"/>
 </node>
 <node id="12213694297" visible="true" version="1" changeset="157329057" timestamp="2024-10-01T09:12:10Z" user="Palgrave Peter" uid="11471297" lat="51.1748231" lon="1.1817792"/>
 <node id="12213694298" visible="true" version="1" changeset="157329057" timestamp="2024-10-01T09:12:10Z" user="Palgrave Peter" uid="11471297" lat="51.1748253" lon="1.1818230"/>
 <node id="12213694299" visible="true" version="1" changeset="157329057" timestamp="2024-10-01T09:12:10Z" user="Palgrave Peter" uid="11471297" lat="51.1747889" lon="1.1817940"/>
 <node id="12213694300" visible="true" version="1" changeset="157329057" timestamp="2024-10-01T09:12:10Z" user="Palgrave Peter" uid="11471297" lat="51.1747959" lon="1.1818357"/>
 <node id="12213694301" visible="true" version="1" changeset="157329057" timestamp="2024-10-01T09:12:10Z" user="Palgrave Peter" uid="11471297" lat="51.1745643" lon="1.1807764"/>
 <node id="12213694302" visible="true" version="1" changeset="157329057" timestamp="2024-10-01T09:12:10Z" user="Palgrave Peter" uid="11471297" lat="51.1733606" lon="1.1824319"/>
 <node id="12213694303" visible="true" version="1" changeset="157329057" timestamp="2024-10-01T09:12:10Z" user="Palgrave Peter" uid="11471297" lat="51.1728097" lon="1.1817939"/>
 <node id="12213694304" visible="true" version="1" changeset="157329057" timestamp="2024-10-01T09:12:10Z" user="Palgrave Peter" uid="11471297" lat="51.1742469" lon="1.1836241"/>
 <node id="12213694305" visible="true" version="1" changeset="157329057" timestamp="2024-10-01T09:12:10Z" user="Palgrave Peter" uid="11471297" lat="51.1733066" lon="1.1806447"/>
 <node id="12213694306" visible="true" version="1" changeset="157329057" timestamp="2024-10-01T09:12:10Z" user="Palgrave Peter" uid="11471297" lat="51.1714351" lon="1.1793757"/>
 <node id="12213694307" visible="true" version="1" changeset="157329057" timestamp="2024-10-01T09:12:10Z" user="Palgrave Peter" uid="11471297" lat="51.1710285" lon="1.1796236"/>
 <node id="12213694308" visible="true" version="1" changeset="157329057" timestamp="2024-10-01T09:12:10Z" user="Palgrave Peter" uid="11471297" lat="51.1698923" lon="1.1793171"/>
 <node id="12213694311" visible="true" version="1" changeset="157329057" timestamp="2024-10-01T09:12:10Z" user="Palgrave Peter" uid="11471297" lat="51.1717420" lon="1.1786340"/>
 <node id="12213694312" visible="true" version="1" changeset="157329057" timestamp="2024-10-01T09:12:10Z" user="Palgrave Peter" uid="11471297" lat="51.1715319" lon="1.1791418"/>
 <node id="12213694317" visible="true" version="1" changeset="157329057" timestamp="2024-10-01T09:12:10Z" user="Palgrave Peter" uid="11471297" lat="51.1721187" lon="1.1780974"/>
 <node id="12213694415" visible="true" version="1" changeset="157329057" timestamp="2024-10-01T09:12:10Z" user="Palgrave Peter" uid="11471297" lat="51.1771958" lon="1.1787932"/>
 <node id="12213694420" visible="true" version="1" changeset="157329057" timestamp="2024-10-01T09:12:10Z" user="Palgrave Peter" uid="11471297" lat="51.1744407" lon="1.1787838"/>
 <node id="12213694421" visible="true" version="1" changeset="157329057" timestamp="2024-10-01T09:12:10Z" user="Palgrave Peter" uid="11471297" lat="51.1759699" lon="1.1806537"/>
 <node id="12213694442" visible="true" version="1" changeset="157329057" timestamp="2024-10-01T09:12:10Z" user="Palgrave Peter" uid="11471297" lat="51.1784505" lon="1.1839274"/>
 <node id="12213694443" visible="true" version="1" changeset="157329057" timestamp="2024-10-01T09:12:10Z" user="Palgrave Peter" uid="11471297" lat="51.1744754" lon="1.1859777"/>
 <node id="12213694444" visible="true" version="1" changeset="157329057" timestamp="2024-10-01T09:12:10Z" user="Palgrave Peter" uid="11471297" lat="51.1742352" lon="1.1856533"/>
 <node id="12213694445" visible="true" version="1" changeset="157329057" timestamp="2024-10-01T09:12:10Z" user="Palgrave Peter" uid="11471297" lat="51.1741182" lon="1.1853620"/>
 <node id="12213694446" visible="true" version="1" changeset="157329057" timestamp="2024-10-01T09:12:10Z" user="Palgrave Peter" uid="11471297" lat="51.1738692" lon="1.1854618"/>
 <node id="12213694447" visible="true" version="1" changeset="157329057" timestamp="2024-10-01T09:12:10Z" user="Palgrave Peter" uid="11471297" lat="51.1741792" lon="1.1863584"/>
 <node id="12213694448" visible="true" version="1" changeset="157329057" timestamp="2024-10-01T09:12:10Z" user="Palgrave Peter" uid="11471297" lat="51.1741575" lon="1.1862147"/>
 <node id="12213694449" visible="true" version="1" changeset="157329057" timestamp="2024-10-01T09:12:10Z" user="Palgrave Peter" uid="11471297" lat="51.1742384" lon="1.1861835"/>
 <node id="12213694450" visible="true" version="1" changeset="157329057" timestamp="2024-10-01T09:12:10Z" user="Palgrave Peter" uid="11471297" lat="51.1742269" lon="1.1861080"/>
 <node id="12213694451" visible="true" version="1" changeset="157329057" timestamp="2024-10-01T09:12:10Z" user="Palgrave Peter" uid="11471297" lat="51.1740896" lon="1.1861610"/>
 <node id="12213694452" visible="true" version="1" changeset="157329057" timestamp="2024-10-01T09:12:10Z" user="Palgrave Peter" uid="11471297" lat="51.1741228" lon="1.1863801"/>
 <node id="12213694453" visible="true" version="1" changeset="157329057" timestamp="2024-10-01T09:12:10Z" user="Palgrave Peter" uid="11471297" lat="51.1776632" lon="1.1792232"/>
 <node id="12213694454" visible="true" version="1" changeset="157329057" timestamp="2024-10-01T09:12:10Z" user="Palgrave Peter" uid="11471297" lat="51.1746340" lon="1.1827653"/>
 <node id="12213694455" visible="true" version="1" changeset="157329057" timestamp="2024-10-01T09:12:10Z" user="Palgrave Peter" uid="11471297" lat="51.1741747" lon="1.1876128"/>
 <node id="12213694456" visible="true" version="1" changeset="157329057" timestamp="2024-10-01T09:12:10Z" user="Palgrave Peter" uid="11471297" lat="51.1741331" lon="1.1876042"/>
 <node id="12213694457" visible="true" version="1" changeset="157329057" timestamp="2024-10-01T09:12:10Z" user="Palgrave Peter" uid="11471297" lat="51.1741779" lon="1.1888099"/>
 <node id="12213694458" visible="true" version="1" changeset="157329057" timestamp="2024-10-01T09:12:10Z" user="Palgrave Peter" uid="11471297" lat="51.1747581" lon="1.1894842"/>
 <node id="12213694459" visible="true" version="1" changeset="157329057" timestamp="2024-10-01T09:12:10Z" user="Palgrave Peter" uid="11471297" lat="51.1762581" lon="1.1907232"/>
 <node id="12213694460" visible="true" version="1" changeset="157329057" timestamp="2024-10-01T09:12:10Z" user="Palgrave Peter" uid="11471297" lat="51.1758923" lon="1.1903377"/>
 <node id="12213694461" visible="true" version="1" changeset="157329057" timestamp="2024-10-01T09:12:10Z" user="Palgrave Peter" uid="11471297" lat="51.1747166" lon="1.1896918"/>
 <node id="12213694462" visible="true" version="1" changeset="157329057" timestamp="2024-10-01T09:12:10Z" user="Palgrave Peter" uid="11471297" lat="51.1742006" lon="1.1890354"/>
 <node id="12213694463" visible="true" version="1" changeset="157329057" timestamp="2024-10-01T09:12:10Z" user="Palgrave Peter" uid="11471297" lat="51.1744815" lon="1.1909523"/>
 <node id="12213694464" visible="true" version="1" changeset="157329057" timestamp="2024-10-01T09:12:10Z" user="Palgrave Peter" uid="11471297" lat="51.1748669" lon="1.1927755"/>
 <node id="12213694465" visible="true" version="1" changeset="157329057" timestamp="2024-10-01T09:12:10Z" user="Palgrave Peter" uid="11471297" lat="51.1764079" lon="1.1907538"/>
 <node id="12213694466" visible="true" version="1" changeset="157329057" timestamp="2024-10-01T09:12:10Z" user="Palgrave Peter" uid="11471297" lat="51.1765291" lon="1.1905709"/>
 <node id="12213694467" visible="true" version="1" changeset="157329057" timestamp="2024-10-01T09:12:10Z" user="Palgrave Peter" uid="11471297" lat="51.1764585" lon="1.1902742"/>
 <node id="12213694468" visible="true" version="1" changeset="157329057" timestamp="2024-10-01T09:12:10Z" user="Palgrave Peter" uid="11471297" lat="51.1765890" lon="1.1912079"/>
 <node id="12213694469" visible="true" version="1" changeset="157329057" timestamp="2024-10-01T09:12:10Z" user="Palgrave Peter" uid="11471297" lat="51.1768514" lon="1.1908482"/>
 <node id="12213694470" visible="true" version="1" changeset="157329057" timestamp="2024-10-01T09:12:10Z" user="Palgrave Peter" uid="11471297" lat="51.1768094" lon="1.1907383"/>
 <node id="12213694471" visible="true" version="1" changeset="157329057" timestamp="2024-10-01T09:12:10Z" user="Palgrave Peter" uid="11471297" lat="51.1768489" lon="1.1906649"/>
 <node id="12213694472" visible="true" version="1" changeset="157329057" timestamp="2024-10-01T09:12:10Z" user="Palgrave Peter" uid="11471297" lat="51.1767225" lon="1.1904663"/>
 <node id="12213694473" visible="true" version="1" changeset="157329057" timestamp="2024-10-01T09:12:10Z" user="Palgrave Peter" uid="11471297" lat="51.1764296" lon="1.1908632"/>
 <node id="12213694474" visible="true" version="1" changeset="157329057" timestamp="2024-10-01T09:12:10Z" user="Palgrave Peter" uid="11471297" lat="51.1767220" lon="1.1910034"/>
 <node id="12213694475" visible="true" version="1" changeset="157329057" timestamp="2024-10-01T09:12:10Z" user="Palgrave Peter" uid="11471297" lat="51.1766565" lon="1.1910912"/>
 <node id="12213694476" visible="true" version="1" changeset="157329057" timestamp="2024-10-01T09:12:10Z" user="Palgrave Peter" uid="11471297" lat="51.1765302" lon="1.1908515"/>
 <node id="12213694477" visible="true" version="1" changeset="157329057" timestamp="2024-10-01T09:12:10Z" user="Palgrave Peter" uid="11471297" lat="51.1765956" lon="1.1907637"/>
 <node id="12213694478" visible="true" version="1" changeset="157329057" timestamp="2024-10-01T09:12:10Z" user="Palgrave Peter" uid="11471297" lat="51.1768363" lon="1.1917527"/>
 <node id="12213694479" visible="true" version="1" changeset="157329057" timestamp="2024-10-01T09:12:10Z" user="Palgrave Peter" uid="11471297" lat="51.1770182" lon="1.1915428"/>
 <node id="12213694480" visible="true" version="1" changeset="157329057" timestamp="2024-10-01T09:12:10Z" user="Palgrave Peter" uid="11471297" lat="51.1767570" lon="1.1909777"/>
 <node id="12213694481" visible="true" version="1" changeset="157329057" timestamp="2024-10-01T09:12:10Z" user="Palgrave Peter" uid="11471297" lat="51.1769651" lon="1.1910315"/>
 <node id="12213694482" visible="true" version="1" changeset="157329057" timestamp="2024-10-01T09:12:10Z" user="Palgrave Peter" uid="11471297" lat="51.1771686" lon="1.1907225"/>
 <node id="12213694483" visible="true" version="1" changeset="157329057" timestamp="2024-10-01T09:12:10Z" user="Palgrave Peter" uid="11471297" lat="51.1765769" lon="1.1906636"/>
 <node id="12213694484" visible="true" version="1" changeset="157329057" timestamp="2024-10-01T09:12:10Z" user="Palgrave Peter" uid="11471297" lat="51.1779340" lon="1.1921402"/>
 <node id="12213694485" visible="true" version="1" changeset="157329057" timestamp="2024-10-01T09:12:10Z" user="Palgrave Peter" uid="11471297" lat="51.1785901" lon="1.1910261"/>
 <node id="12213694486" visible="true" version="1" changeset="157329057" timestamp="2024-10-01T09:12:10Z" user="Palgrave Peter" uid="11471297" lat="51.1795809" lon="1.1888867"/>
 <node id="12213694487" visible="true" version="1" changeset="157329057" timestamp="2024-10-01T09:12:10Z" user="Palgrave Peter" uid="11471297" lat="51.1678283" lon="1.1859879"/>
 <node id="12213694488" visible="true" version="1" changeset="157329057" timestamp="2024-10-01T09:12:10Z" user="Palgrave Peter" uid="11471297" lat="51.1679137" lon="1.1858270"/>
 <node id="12213694489" visible="true" version="1" changeset="157329057" timestamp="2024-10-01T09:12:10Z" user="Palgrave Peter" uid="11471297" lat="51.1678561" lon="1.1857492"/>
 <node id="12213694490" visible="true" version="1" changeset="157329057" timestamp="2024-10-01T09:12:10Z" user="Palgrave Peter" uid="11471297" lat="51.1677706" lon="1.1859100"/>
 <node id="12213929598" visible="true" version="1" changeset="157334628" timestamp="2024-10-01T11:29:26Z" user="Palgrave Peter" uid="11471297" lat="51.1933690" lon="1.1812162"/>
 <node id="12213929599" visible="true" version="1" changeset="157334628" timestamp="2024-10-01T11:29:26Z" user="Palgrave Peter" uid="11471297" lat="51.1925725" lon="1.1818508"/>
 <node id="12213929600" visible="true" version="1" changeset="157334628" timestamp="2024-10-01T11:29:26Z" user="Palgrave Peter" uid="11471297" lat="51.1918032" lon="1.1807580"/>
 <node id="12213945401" visible="true" version="1" changeset="157334628" timestamp="2024-10-01T11:29:26Z" user="Palgrave Peter" uid="11471297" lat="51.1915290" lon="1.1814051"/>
 <node id="12213945402" visible="true" version="1" changeset="157334628" timestamp="2024-10-01T11:29:26Z" user="Palgrave Peter" uid="11471297" lat="51.1911976" lon="1.1811077"/>
 <node id="12213945403" visible="true" version="1" changeset="157334628" timestamp="2024-10-01T11:29:26Z" user="Palgrave Peter" uid="11471297" lat="51.1903789" lon="1.1817168"/>
 <node id="12213945404" visible="true" version="1" changeset="157334628" timestamp="2024-10-01T11:29:26Z" user="Palgrave Peter" uid="11471297" lat="51.1915968" lon="1.1838756"/>
 <node id="12213945405" visible="true" version="1" changeset="157334628" timestamp="2024-10-01T11:29:26Z" user="Palgrave Peter" uid="11471297" lat="51.1904893" lon="1.1850698"/>
 <node id="12213945406" visible="true" version="1" changeset="157334628" timestamp="2024-10-01T11:29:26Z" user="Palgrave Peter" uid="11471297" lat="51.1895202" lon="1.1852215"/>
 <node id="12213945407" visible="true" version="1" changeset="157334628" timestamp="2024-10-01T11:29:26Z" user="Palgrave Peter" uid="11471297" lat="51.1886978" lon="1.1856941"/>
 <node id="12213945408" visible="true" version="1" changeset="157334628" timestamp="2024-10-01T11:29:26Z" user="Palgrave Peter" uid="11471297" lat="51.1883576" lon="1.1855975"/>
 <node id="12213945409" visible="true" version="1" changeset="157334628" timestamp="2024-10-01T11:29:26Z" user="Palgrave Peter" uid="11471297" lat="51.1877392" lon="1.1862459"/>
 <node id="12213945410" visible="true" version="1" changeset="157334628" timestamp="2024-10-01T11:29:26Z" user="Palgrave Peter" uid="11471297" lat="51.1864208" lon="1.1876178"/>
 <node id="12213945411" visible="true" version="1" changeset="157334628" timestamp="2024-10-01T11:29:26Z" user="Palgrave Peter" uid="11471297" lat="51.1868065" lon="1.1885878"/>
 <node id="12213945412" visible="true" version="1" changeset="157334628" timestamp="2024-10-01T11:29:26Z" user="Palgrave Peter" uid="11471297" lat="51.1885158" lon="1.1876667"/>
 <node id="12213945413" visible="true" version="1" changeset="157334628" timestamp="2024-10-01T11:29:26Z" user="Palgrave Peter" uid="11471297" lat="51.1906632" lon="1.1858258"/>
 <node id="12213945414" visible="true" version="1" changeset="157334628" timestamp="2024-10-01T11:29:26Z" user="Palgrave Peter" uid="11471297" lat="51.1919720" lon="1.1837557"/>
 <node id="12213945415" visible="true" version="1" changeset="157334628" timestamp="2024-10-01T11:29:26Z" user="Palgrave Peter" uid="11471297" lat="51.1926850" lon="1.1828438"/>
 <node id="12213945418" visible="true" version="1" changeset="157334628" timestamp="2024-10-01T11:29:26Z" user="Palgrave Peter" uid="11471297" lat="51.1842342" lon="1.1956475"/>
 <node id="12213945419" visible="true" version="1" changeset="157334628" timestamp="2024-10-01T11:29:26Z" user="Palgrave Peter" uid="11471297" lat="51.1841469" lon="1.1953278"/>
 <node id="12213945420" visible="true" version="1" changeset="157334628" timestamp="2024-10-01T11:29:26Z" user="Palgrave Peter" uid="11471297" lat="51.1840030" lon="1.1945553"/>
 <node id="12213945421" visible="true" version="1" changeset="157334628" timestamp="2024-10-01T11:29:26Z" user="Palgrave Peter" uid="11471297" lat="51.1836829" lon="1.1924449"/>
 <node id="12213945422" visible="true" version="1" changeset="157334628" timestamp="2024-10-01T11:29:26Z" user="Palgrave Peter" uid="11471297" lat="51.1833480" lon="1.1910942"/>
 <node id="12213945423" visible="true" version="1" changeset="157334628" timestamp="2024-10-01T11:29:26Z" user="Palgrave Peter" uid="11471297" lat="51.1833211" lon="1.1901779"/>
 <node id="12213945424" visible="true" version="1" changeset="157334628" timestamp="2024-10-01T11:29:26Z" user="Palgrave Peter" uid="11471297" lat="51.1833836" lon="1.1885900"/>
 <node id="12213945425" visible="true" version="1" changeset="157334628" timestamp="2024-10-01T11:29:26Z" user="Palgrave Peter" uid="11471297" lat="51.1834018" lon="1.1878616"/>
 <node id="12213945426" visible="true" version="1" changeset="157334628" timestamp="2024-10-01T11:29:26Z" user="Palgrave Peter" uid="11471297" lat="51.1829950" lon="1.1860806"/>
 <node id="12213945427" visible="true" version="1" changeset="157334628" timestamp="2024-10-01T11:29:26Z" user="Palgrave Peter" uid="11471297" lat="51.1831032" lon="1.1852429"/>
 <node id="12213945428" visible="true" version="1" changeset="157334628" timestamp="2024-10-01T11:29:26Z" user="Palgrave Peter" uid="11471297" lat="51.1795769" lon="1.1802158"/>
 <node id="12213945438" visible="true" version="1" changeset="157334628" timestamp="2024-10-01T11:29:26Z" user="Palgrave Peter" uid="11471297" lat="51.1795177" lon="1.1799842"/>
 <node id="12213945439" visible="true" version="1" changeset="157334628" timestamp="2024-10-01T11:29:26Z" user="Palgrave Peter" uid="11471297" lat="51.1813251" lon="1.1804319"/>
 <node id="12213945440" visible="true" version="1" changeset="157334628" timestamp="2024-10-01T11:29:26Z" user="Palgrave Peter" uid="11471297" lat="51.1804371" lon="1.1798047"/>
 <node id="12213945441" visible="true" version="1" changeset="157334628" timestamp="2024-10-01T11:29:26Z" user="Palgrave Peter" uid="11471297" lat="51.1797430" lon="1.1808362"/>
 <node id="12213945442" visible="true" version="1" changeset="157334628" timestamp="2024-10-01T11:29:26Z" user="Palgrave Peter" uid="11471297" lat="51.1807213" lon="1.1802234"/>
 <node id="12213945443" visible="true" version="1" changeset="157334628" timestamp="2024-10-01T11:29:26Z" user="Palgrave Peter" uid="11471297" lat="51.1808812" lon="1.1806621"/>
 <node id="12213945444" visible="true" version="1" changeset="157334628" timestamp="2024-10-01T11:29:26Z" user="Palgrave Peter" uid="11471297" lat="51.1815568" lon="1.1819925"/>
 <node id="12213945445" visible="true" version="1" changeset="157334628" timestamp="2024-10-01T11:29:26Z" user="Palgrave Peter" uid="11471297" lat="51.1814955" lon="1.1817398"/>
 <node id="12213945446" visible="true" version="1" changeset="157334628" timestamp="2024-10-01T11:29:26Z" user="Palgrave Peter" uid="11471297" lat="51.1814014" lon="1.1810293"/>
 <node id="12213945447" visible="true" version="1" changeset="157334628" timestamp="2024-10-01T11:29:26Z" user="Palgrave Peter" uid="11471297" lat="51.1812833" lon="1.1810484"/>
 <node id="12213945448" visible="true" version="1" changeset="157334628" timestamp="2024-10-01T11:29:26Z" user="Palgrave Peter" uid="11471297" lat="51.1810008" lon="1.1806001"/>
 <node id="12213945449" visible="true" version="1" changeset="157334628" timestamp="2024-10-01T11:29:26Z" user="Palgrave Peter" uid="11471297" lat="51.1804285" lon="1.1810889"/>
 <node id="12213945450" visible="true" version="1" changeset="157334628" timestamp="2024-10-01T11:29:26Z" user="Palgrave Peter" uid="11471297" lat="51.1807008" lon="1.1817276"/>
 <node id="12213945459" visible="true" version="1" changeset="157334628" timestamp="2024-10-01T11:29:26Z" user="Palgrave Peter" uid="11471297" lat="51.1837768" lon="1.1785176"/>
 <node id="12213945469" visible="true" version="1" changeset="157334628" timestamp="2024-10-01T11:29:26Z" user="Palgrave Peter" uid="11471297" lat="51.1845763" lon="1.1782579"/>
 <node id="12213945470" visible="true" version="1" changeset="157334628" timestamp="2024-10-01T11:29:26Z" user="Palgrave Peter" uid="11471297" lat="51.1849706" lon="1.1778829"/>
 <node id="12213945471" visible="true" version="1" changeset="157334628" timestamp="2024-10-01T11:29:26Z" user="Palgrave Peter" uid="11471297" lat="51.1848383" lon="1.1776067"/>
 <node id="12213945478" visible="true" version="1" changeset="157334628" timestamp="2024-10-01T11:29:26Z" user="Palgrave Peter" uid="11471297" lat="51.1822533" lon="1.1798912"/>
 <node id="12213945479" visible="true" version="1" changeset="157334628" timestamp="2024-10-01T11:29:26Z" user="Palgrave Peter" uid="11471297" lat="51.1821145" lon="1.1789075"/>
 <node id="12213945481" visible="true" version="1" changeset="157334628" timestamp="2024-10-01T11:29:26Z" user="Palgrave Peter" uid="11471297" lat="51.1813881" lon="1.1803495"/>
 <node id="12213945482" visible="true" version="1" changeset="157334628" timestamp="2024-10-01T11:29:26Z" user="Palgrave Peter" uid="11471297" lat="51.1820529" lon="1.1818616"/>
 <node id="12213945483" visible="true" version="1" changeset="157334628" timestamp="2024-10-01T11:29:26Z" user="Palgrave Peter" uid="11471297" lat="51.1818242" lon="1.1808984"/>
 <node id="12213945484" visible="true" version="1" changeset="157334628" timestamp="2024-10-01T11:29:26Z" user="Palgrave Peter" uid="11471297" lat="51.1814461" lon="1.1810200"/>
 <node id="12213945485" visible="true" version="1" changeset="157334628" timestamp="2024-10-01T11:29:26Z" user="Palgrave Peter" uid="11471297" lat="51.1815851" lon="1.1818354"/>
 <node id="12213945486" visible="true" version="1" changeset="157334628" timestamp="2024-10-01T11:29:26Z" user="Palgrave Peter" uid="11471297" lat="51.1817017" lon="1.1821096"/>
 <node id="12213945487" visible="true" version="1" changeset="157334628" timestamp="2024-10-01T11:29:26Z" user="Palgrave Peter" uid="11471297" lat="51.1818297" lon="1.1819467"/>
 <node id="12213945488" visible="true" version="1" changeset="157334628" timestamp="2024-10-01T11:29:26Z" user="Palgrave Peter" uid="11471297" lat="51.1817651" lon="1.1817036"/>
 <node id="12213945489" visible="true" version="1" changeset="157334628" timestamp="2024-10-01T11:29:26Z" user="Palgrave Peter" uid="11471297" lat="51.1816799" lon="1.1817611"/>
 <node id="12213945490" visible="true" version="1" changeset="157334628" timestamp="2024-10-01T11:29:26Z" user="Palgrave Peter" uid="11471297" lat="51.1817445" lon="1.1820043"/>
 <node id="12213945491" visible="true" version="1" changeset="157334628" timestamp="2024-10-01T11:29:26Z" user="Palgrave Peter" uid="11471297" lat="51.1823959" lon="1.1826948"/>
 <node id="12213945492" visible="true" version="1" changeset="157334628" timestamp="2024-10-01T11:29:26Z" user="Palgrave Peter" uid="11471297" lat="51.1822793" lon="1.1827353"/>
 <node id="12213945493" visible="true" version="1" changeset="157334628" timestamp="2024-10-01T11:29:26Z" user="Palgrave Peter" uid="11471297" lat="51.1826739" lon="1.1823038"/>
 <node id="12213945494" visible="true" version="1" changeset="157334628" timestamp="2024-10-01T11:29:26Z" user="Palgrave Peter" uid="11471297" lat="51.1825469" lon="1.1822370"/>
 <node id="12213945495" visible="true" version="1" changeset="157334628" timestamp="2024-10-01T11:29:26Z" user="Palgrave Peter" uid="11471297" lat="51.1825549" lon="1.1825912"/>
 <node id="12213945496" visible="true" version="1" changeset="157334628" timestamp="2024-10-01T11:29:26Z" user="Palgrave Peter" uid="11471297" lat="51.1829160" lon="1.1820743"/>
 <node id="12213945497" visible="true" version="1" changeset="157334628" timestamp="2024-10-01T11:29:26Z" user="Palgrave Peter" uid="11471297" lat="51.1828293" lon="1.1813686"/>
 <node id="12213945498" visible="true" version="1" changeset="157334628" timestamp="2024-10-01T11:29:26Z" user="Palgrave Peter" uid="11471297" lat="51.1825199" lon="1.1813924"/>
 <node id="12213945499" visible="true" version="1" changeset="157334628" timestamp="2024-10-01T11:29:26Z" user="Palgrave Peter" uid="11471297" lat="51.1839405" lon="1.1823260"/>
 <node id="12213945500" visible="true" version="1" changeset="157334628" timestamp="2024-10-01T11:29:26Z" user="Palgrave Peter" uid="11471297" lat="51.1838747" lon="1.1814867"/>
 <node id="12213945501" visible="true" version="1" changeset="157334628" timestamp="2024-10-01T11:29:26Z" user="Palgrave Peter" uid="11471297" lat="51.1833711" lon="1.1815416"/>
 <node id="12213945502" visible="true" version="1" changeset="157334628" timestamp="2024-10-01T11:29:26Z" user="Palgrave Peter" uid="11471297" lat="51.1834443" lon="1.1824070"/>
 <node id="12213945503" visible="true" version="1" changeset="157334628" timestamp="2024-10-01T11:29:26Z" user="Palgrave Peter" uid="11471297" lat="51.1840690" lon="1.1822950"/>
 <node id="12213945504" visible="true" version="1" changeset="157334628" timestamp="2024-10-01T11:29:26Z" user="Palgrave Peter" uid="11471297" lat="51.1839136" lon="1.1806380"/>
 <node id="12213945505" visible="true" version="1" changeset="157334628" timestamp="2024-10-01T11:29:26Z" user="Palgrave Peter" uid="11471297" lat="51.1827814" lon="1.1805950"/>
 <node id="12213945506" visible="true" version="1" changeset="157334628" timestamp="2024-10-01T11:29:26Z" user="Palgrave Peter" uid="11471297" lat="51.1825451" lon="1.1827403"/>
 <node id="12213945507" visible="true" version="1" changeset="157334628" timestamp="2024-10-01T11:29:26Z" user="Palgrave Peter" uid="11471297" lat="51.1824291" lon="1.1826520"/>
 <node id="12213945508" visible="true" version="1" changeset="157334628" timestamp="2024-10-01T11:29:26Z" user="Palgrave Peter" uid="11471297" lat="51.1826047" lon="1.1824709"/>
 <node id="12213945509" visible="true" version="1" changeset="157334628" timestamp="2024-10-01T11:29:26Z" user="Palgrave Peter" uid="11471297" lat="51.1823101" lon="1.1826090"/>
 <node id="12213945510" visible="true" version="1" changeset="157334628" timestamp="2024-10-01T11:29:26Z" user="Palgrave Peter" uid="11471297" lat="51.1825451" lon="1.1810813"/>
 <node id="12213945511" visible="true" version="1" changeset="157334628" timestamp="2024-10-01T11:29:26Z" user="Palgrave Peter" uid="11471297" lat="51.1826053" lon="1.1810968"/>
 <node id="12213945512" visible="true" version="1" changeset="157334628" timestamp="2024-10-01T11:29:26Z" user="Palgrave Peter" uid="11471297" lat="51.1826288" lon="1.1810018"/>
 <node id="12213945513" visible="true" version="1" changeset="157334628" timestamp="2024-10-01T11:29:26Z" user="Palgrave Peter" uid="11471297" lat="51.1826073" lon="1.1809102"/>
 <node id="12213945514" visible="true" version="1" changeset="157334628" timestamp="2024-10-01T11:29:26Z" user="Palgrave Peter" uid="11471297" lat="51.1825596" lon="1.1809676"/>
 <node id="12213945515" visible="true" version="1" changeset="157334628" timestamp="2024-10-01T11:29:26Z" user="Palgrave Peter" uid="11471297" lat="51.1831748" lon="1.1806099"/>
 <node id="12213945516" visible="true" version="1" changeset="157334628" timestamp="2024-10-01T11:29:26Z" user="Palgrave Peter" uid="11471297" lat="51.1829455" lon="1.1786347"/>
 <node id="12213945517" visible="true" version="1" changeset="157334628" timestamp="2024-10-01T11:29:26Z" user="Palgrave Peter" uid="11471297" lat="51.1817240" lon="1.1820938"/>
 <node id="12213945518" visible="true" version="1" changeset="157334628" timestamp="2024-10-01T11:29:26Z" user="Palgrave Peter" uid="11471297" lat="51.1817704" lon="1.1821934"/>
 <node id="12213945519" visible="true" version="1" changeset="157334628" timestamp="2024-10-01T11:29:26Z" user="Palgrave Peter" uid="11471297" lat="51.1822676" lon="1.1826415"/>
 <node id="12213945520" visible="true" version="1" changeset="157334628" timestamp="2024-10-01T11:29:26Z" user="Palgrave Peter" uid="11471297" lat="51.1868040" lon="1.1809989"/>
 <node id="12213945521" visible="true" version="1" changeset="157334628" timestamp="2024-10-01T11:29:26Z" user="Palgrave Peter" uid="11471297" lat="51.1867712" lon="1.1805149"/>
 <node id="12213945522" visible="true" version="1" changeset="157334628" timestamp="2024-10-01T11:29:26Z" user="Palgrave Peter" uid="11471297" lat="51.1851869" lon="1.1806964"/>
 <node id="12213945523" visible="true" version="1" changeset="157334628" timestamp="2024-10-01T11:29:26Z" user="Palgrave Peter" uid="11471297" lat="51.1827240" lon="1.1826740"/>
 <node id="12213945524" visible="true" version="1" changeset="157334628" timestamp="2024-10-01T11:29:26Z" user="Palgrave Peter" uid="11471297" lat="51.1826383" lon="1.1830449"/>
 <node id="12213945525" visible="true" version="1" changeset="157334628" timestamp="2024-10-01T11:29:26Z" user="Palgrave Peter" uid="11471297" lat="51.1828514" lon="1.1834208"/>
 <node id="12213945526" visible="true" version="1" changeset="157334628" timestamp="2024-10-01T11:29:26Z" user="Palgrave Peter" uid="11471297" lat="51.1831290" lon="1.1844509"/>
 <node id="12213945527" visible="true" version="1" changeset="157334628" timestamp="2024-10-01T11:29:26Z" user="Palgrave Peter" uid="11471297" lat="51.1836165" lon="1.1842294"/>
 <node id="12213945528" visible="true" version="1" changeset="157334628" timestamp="2024-10-01T11:29:26Z" user="Palgrave Peter" uid="11471297" lat="51.1835713" lon="1.1837968"/>
 <node id="12213945529" visible="true" version="1" changeset="157334628" timestamp="2024-10-01T11:29:26Z" user="Palgrave Peter" uid="11471297" lat="51.1846999" lon="1.1842861"/>
 <node id="12213945530" visible="true" version="1" changeset="157334628" timestamp="2024-10-01T11:29:26Z" user="Palgrave Peter" uid="11471297" lat="51.1843997" lon="1.1817522"/>
 <node id="12213945531" visible="true" version="1" changeset="157334628" timestamp="2024-10-01T11:29:26Z" user="Palgrave Peter" uid="11471297" lat="51.1847806" lon="1.1816749"/>
 <node id="12213945532" visible="true" version="1" changeset="157334628" timestamp="2024-10-01T11:29:26Z" user="Palgrave Peter" uid="11471297" lat="51.1847838" lon="1.1813299"/>
 <node id="12213945533" visible="true" version="1" changeset="157334628" timestamp="2024-10-01T11:29:26Z" user="Palgrave Peter" uid="11471297" lat="51.1871703" lon="1.1809122"/>
 <node id="12213945534" visible="true" version="1" changeset="157334628" timestamp="2024-10-01T11:29:26Z" user="Palgrave Peter" uid="11471297" lat="51.1870642" lon="1.1807667"/>
 <node id="12213945535" visible="true" version="1" changeset="157334628" timestamp="2024-10-01T11:29:26Z" user="Palgrave Peter" uid="11471297" lat="51.1868715" lon="1.1801731"/>
 <node id="12213945536" visible="true" version="1" changeset="157334628" timestamp="2024-10-01T11:29:26Z" user="Palgrave Peter" uid="11471297" lat="51.1846875" lon="1.1806735"/>
 <node id="12213945537" visible="true" version="1" changeset="157334628" timestamp="2024-10-01T11:29:26Z" user="Palgrave Peter" uid="11471297" lat="51.1895066" lon="1.1819767"/>
 <node id="12213945538" visible="true" version="1" changeset="157334628" timestamp="2024-10-01T11:29:26Z" user="Palgrave Peter" uid="11471297" lat="51.1893915" lon="1.1816715"/>
 <node id="12213945539" visible="true" version="1" changeset="157334628" timestamp="2024-10-01T11:29:26Z" user="Palgrave Peter" uid="11471297" lat="51.1897068" lon="1.1813639"/>
 <node id="12213945540" visible="true" version="1" changeset="157334628" timestamp="2024-10-01T11:29:26Z" user="Palgrave Peter" uid="11471297" lat="51.1894259" lon="1.1807321"/>
 <node id="12213945541" visible="true" version="2" changeset="159214794" timestamp="2024-11-16T16:32:25Z" user="Palgrave Peter" uid="11471297" lat="51.1888487" lon="1.1802944"/>
 <node id="12213945542" visible="true" version="1" changeset="157334628" timestamp="2024-10-01T11:29:26Z" user="Palgrave Peter" uid="11471297" lat="51.1884317" lon="1.1798246"/>
 <node id="12213945543" visible="true" version="1" changeset="157334628" timestamp="2024-10-01T11:29:26Z" user="Palgrave Peter" uid="11471297" lat="51.1881030" lon="1.1805328"/>
 <node id="12213945544" visible="true" version="1" changeset="157334628" timestamp="2024-10-01T11:29:26Z" user="Palgrave Peter" uid="11471297" lat="51.1874341" lon="1.1809379"/>
 <node id="12213945545" visible="true" version="1" changeset="157334628" timestamp="2024-10-01T11:29:26Z" user="Palgrave Peter" uid="11471297" lat="51.1854519" lon="1.1846048"/>
 <node id="12213945546" visible="true" version="1" changeset="157334628" timestamp="2024-10-01T11:29:26Z" user="Palgrave Peter" uid="11471297" lat="51.1865430" lon="1.1833894"/>
 <node id="12213945547" visible="true" version="1" changeset="157334628" timestamp="2024-10-01T11:29:26Z" user="Palgrave Peter" uid="11471297" lat="51.1869115" lon="1.1830958"/>
 <node id="12213945548" visible="true" version="1" changeset="157334628" timestamp="2024-10-01T11:29:26Z" user="Palgrave Peter" uid="11471297" lat="51.1874183" lon="1.1828795"/>
 <node id="12213945549" visible="true" version="1" changeset="157334628" timestamp="2024-10-01T11:29:26Z" user="Palgrave Peter" uid="11471297" lat="51.1882515" lon="1.1827405"/>
 <node id="12213945550" visible="true" version="1" changeset="157334628" timestamp="2024-10-01T11:29:26Z" user="Palgrave Peter" uid="11471297" lat="51.1889617" lon="1.1824933"/>
 <node id="12213945551" visible="true" version="1" changeset="157334628" timestamp="2024-10-01T11:29:26Z" user="Palgrave Peter" uid="11471297" lat="51.1878125" lon="1.1788882"/>
 <node id="12213945552" visible="true" version="1" changeset="157334628" timestamp="2024-10-01T11:29:26Z" user="Palgrave Peter" uid="11471297" lat="51.1873703" lon="1.1778324"/>
 <node id="12213945553" visible="true" version="1" changeset="157334628" timestamp="2024-10-01T11:29:26Z" user="Palgrave Peter" uid="11471297" lat="51.1866892" lon="1.1756168"/>
 <node id="12213945554" visible="true" version="1" changeset="157334628" timestamp="2024-10-01T11:29:26Z" user="Palgrave Peter" uid="11471297" lat="51.1860400" lon="1.1765122"/>
 <node id="12213945555" visible="true" version="1" changeset="157334628" timestamp="2024-10-01T11:29:26Z" user="Palgrave Peter" uid="11471297" lat="51.1842251" lon="1.1783565"/>
 <node id="12213945556" visible="true" version="1" changeset="157334628" timestamp="2024-10-01T11:29:26Z" user="Palgrave Peter" uid="11471297" lat="51.1829629" lon="1.1787840"/>
 <node id="12213945565" visible="true" version="1" changeset="157334628" timestamp="2024-10-01T11:29:26Z" user="Palgrave Peter" uid="11471297" lat="51.1825321" lon="1.1827933">
  <tag k="natural" v="tree"/>
 </node>
 <node id="12213945566" visible="true" version="1" changeset="157334628" timestamp="2024-10-01T11:29:26Z" user="Palgrave Peter" uid="11471297" lat="51.1824798" lon="1.1827959">
  <tag k="natural" v="tree"/>
 </node>
 <node id="12213945567" visible="true" version="1" changeset="157334628" timestamp="2024-10-01T11:29:26Z" user="Palgrave Peter" uid="11471297" lat="51.1824382" lon="1.1827408">
  <tag k="natural" v="tree"/>
 </node>
 <node id="12213945568" visible="true" version="1" changeset="157334628" timestamp="2024-10-01T11:29:26Z" user="Palgrave Peter" uid="11471297" lat="51.1831301" lon="1.1849854"/>
 <node id="12213945569" visible="true" version="1" changeset="157334628" timestamp="2024-10-01T11:29:26Z" user="Palgrave Peter" uid="11471297" lat="51.1830808" lon="1.1845801"/>
 <node id="12213945570" visible="true" version="1" changeset="157334628" timestamp="2024-10-01T11:29:26Z" user="Palgrave Peter" uid="11471297" lat="51.1829164" lon="1.1839387"/>
 <node id="12213945571" visible="true" version="1" changeset="157334628" timestamp="2024-10-01T11:29:26Z" user="Palgrave Peter" uid="11471297" lat="51.1826922" lon="1.1842701"/>
 <node id="12213945572" visible="true" version="1" changeset="157334628" timestamp="2024-10-01T11:29:26Z" user="Palgrave Peter" uid="11471297" lat="51.1824614" lon="1.1839125"/>
 <node id="12213945573" visible="true" version="1" changeset="157334628" timestamp="2024-10-01T11:29:26Z" user="Palgrave Peter" uid="11471297" lat="51.1823307" lon="1.1841115"/>
 <node id="12213945574" visible="true" version="1" changeset="157334628" timestamp="2024-10-01T11:29:26Z" user="Palgrave Peter" uid="11471297" lat="51.1829570" lon="1.1855288"/>
 <node id="12213945575" visible="true" version="1" changeset="157334628" timestamp="2024-10-01T11:29:26Z" user="Palgrave Peter" uid="11471297" lat="51.1832375" lon="1.1854828"/>
 <node id="12213945576" visible="true" version="1" changeset="157334628" timestamp="2024-10-01T11:29:26Z" user="Palgrave Peter" uid="11471297" lat="51.1853806" lon="1.1847020"/>
 <node id="12213945577" visible="true" version="1" changeset="157334628" timestamp="2024-10-01T11:29:26Z" user="Palgrave Peter" uid="11471297" lat="51.1850533" lon="1.1845470"/>
 <node id="12213945578" visible="true" version="1" changeset="157334628" timestamp="2024-10-01T11:29:26Z" user="Palgrave Peter" uid="11471297" lat="51.1851191" lon="1.1849237"/>
 <node id="12213945579" visible="true" version="1" changeset="157334628" timestamp="2024-10-01T11:29:26Z" user="Palgrave Peter" uid="11471297" lat="51.1844833" lon="1.1842919"/>
 <node id="12213945580" visible="true" version="1" changeset="157334628" timestamp="2024-10-01T11:29:26Z" user="Palgrave Peter" uid="11471297" lat="51.1842232" lon="1.1843443"/>
 <node id="12213945581" visible="true" version="1" changeset="157334628" timestamp="2024-10-01T11:29:26Z" user="Palgrave Peter" uid="11471297" lat="51.1844205" lon="1.1853481"/>
 <node id="12213945582" visible="true" version="1" changeset="157334628" timestamp="2024-10-01T11:29:26Z" user="Palgrave Peter" uid="11471297" lat="51.1846899" lon="1.1852289"/>
 <node id="12213945583" visible="true" version="1" changeset="157334628" timestamp="2024-10-01T11:29:26Z" user="Palgrave Peter" uid="11471297" lat="51.1844942" lon="1.1841969"/>
 <node id="12213945584" visible="true" version="1" changeset="157334628" timestamp="2024-10-01T11:29:26Z" user="Palgrave Peter" uid="11471297" lat="51.1838395" lon="1.1852503"/>
 <node id="12213945585" visible="true" version="1" changeset="157334628" timestamp="2024-10-01T11:29:26Z" user="Palgrave Peter" uid="11471297" lat="51.1832021" lon="1.1852130"/>
 <node id="12213945586" visible="true" version="1" changeset="157334628" timestamp="2024-10-01T11:29:26Z" user="Palgrave Peter" uid="11471297" lat="51.1835440" lon="1.1853485"/>
 <node id="12213945587" visible="true" version="1" changeset="157334628" timestamp="2024-10-01T11:29:26Z" user="Palgrave Peter" uid="11471297" lat="51.1838931" lon="1.1854699"/>
 <node id="12213945588" visible="true" version="1" changeset="157334628" timestamp="2024-10-01T11:29:26Z" user="Palgrave Peter" uid="11471297" lat="51.1832889" lon="1.1852475"/>
 <node id="12213945589" visible="true" version="1" changeset="157334628" timestamp="2024-10-01T11:29:26Z" user="Palgrave Peter" uid="11471297" lat="51.1832006" lon="1.1853060"/>
 <node id="12213945590" visible="true" version="1" changeset="157334628" timestamp="2024-10-01T11:29:26Z" user="Palgrave Peter" uid="11471297" lat="51.1832768" lon="1.1854753"/>
 <node id="12213945591" visible="true" version="1" changeset="157334628" timestamp="2024-10-01T11:29:26Z" user="Palgrave Peter" uid="11471297" lat="51.1833635" lon="1.1855421"/>
 <node id="12213945592" visible="true" version="1" changeset="157334628" timestamp="2024-10-01T11:29:26Z" user="Palgrave Peter" uid="11471297" lat="51.1827669" lon="1.1834715"/>
 <node id="12213945593" visible="true" version="1" changeset="157334628" timestamp="2024-10-01T11:29:26Z" user="Palgrave Peter" uid="11471297" lat="51.1824764" lon="1.1829411"/>
 <node id="12213945594" visible="true" version="1" changeset="157334628" timestamp="2024-10-01T11:29:26Z" user="Palgrave Peter" uid="11471297" lat="51.1817532" lon="1.1823437"/>
 <node id="12213945595" visible="true" version="1" changeset="157334628" timestamp="2024-10-01T11:29:26Z" user="Palgrave Peter" uid="11471297" lat="51.1835882" lon="1.1880304"/>
 <node id="12213945596" visible="true" version="1" changeset="157334628" timestamp="2024-10-01T11:29:26Z" user="Palgrave Peter" uid="11471297" lat="51.1834623" lon="1.1901368"/>
 <node id="12213945597" visible="true" version="1" changeset="157334628" timestamp="2024-10-01T11:29:26Z" user="Palgrave Peter" uid="11471297" lat="51.1858368" lon="1.1882003"/>
 <node id="12213945598" visible="true" version="1" changeset="157334628" timestamp="2024-10-01T11:29:26Z" user="Palgrave Peter" uid="11471297" lat="51.1863598" lon="1.1874948"/>
 <node id="12213945599" visible="true" version="1" changeset="157334628" timestamp="2024-10-01T11:29:26Z" user="Palgrave Peter" uid="11471297" lat="51.1854763" lon="1.1847913"/>
 <node id="12213945600" visible="true" version="1" changeset="157334628" timestamp="2024-10-01T11:29:26Z" user="Palgrave Peter" uid="11471297" lat="51.1850050" lon="1.1851724"/>
 <node id="12213945601" visible="true" version="1" changeset="157334628" timestamp="2024-10-01T11:29:26Z" user="Palgrave Peter" uid="11471297" lat="51.1844336" lon="1.1854866"/>
 <node id="12213945602" visible="true" version="1" changeset="157334628" timestamp="2024-10-01T11:29:26Z" user="Palgrave Peter" uid="11471297" lat="51.1839721" lon="1.1856153"/>
 <node id="12213945603" visible="true" version="1" changeset="157334628" timestamp="2024-10-01T11:29:26Z" user="Palgrave Peter" uid="11471297" lat="51.1833943" lon="1.1856617"/>
 <node id="12213945604" visible="true" version="1" changeset="157334628" timestamp="2024-10-01T11:29:26Z" user="Palgrave Peter" uid="11471297" lat="51.1831102" lon="1.1856359"/>
 <node id="12213945605" visible="true" version="1" changeset="157334628" timestamp="2024-10-01T11:29:26Z" user="Palgrave Peter" uid="11471297" lat="51.1830747" lon="1.1859655"/>
 <node id="12213945606" visible="true" version="1" changeset="157334628" timestamp="2024-10-01T11:29:26Z" user="Palgrave Peter" uid="11471297" lat="51.1831199" lon="1.1862334"/>
 <node id="12213945607" visible="true" version="1" changeset="157334628" timestamp="2024-10-01T11:29:26Z" user="Palgrave Peter" uid="11471297" lat="51.1831807" lon="1.1854850">
  <tag k="natural" v="tree"/>
 </node>
 <node id="12213945608" visible="true" version="1" changeset="157334628" timestamp="2024-10-01T11:29:26Z" user="Palgrave Peter" uid="11471297" lat="51.1831589" lon="1.1854987">
  <tag k="natural" v="tree"/>
 </node>
 <node id="12213945609" visible="true" version="1" changeset="157334628" timestamp="2024-10-01T11:29:26Z" user="Palgrave Peter" uid="11471297" lat="51.1831597" lon="1.1854412">
  <tag k="natural" v="tree"/>
 </node>
 <node id="12213945610" visible="true" version="1" changeset="157334628" timestamp="2024-10-01T11:29:26Z" user="Palgrave Peter" uid="11471297" lat="51.1830183" lon="1.1856083">
  <tag k="natural" v="tree"/>
 </node>
 <node id="12213945611" visible="true" version="1" changeset="157334628" timestamp="2024-10-01T11:29:26Z" user="Palgrave Peter" uid="11471297" lat="51.1887510" lon="1.1838167"/>
 <node id="12213945612" visible="true" version="1" changeset="157334628" timestamp="2024-10-01T11:29:26Z" user="Palgrave Peter" uid="11471297" lat="51.1885089" lon="1.1829463"/>
 <node id="12213945613" visible="true" version="1" changeset="157334628" timestamp="2024-10-01T11:29:26Z" user="Palgrave Peter" uid="11471297" lat="51.1878827" lon="1.1831214"/>
 <node id="12213945614" visible="true" version="1" changeset="157334628" timestamp="2024-10-01T11:29:26Z" user="Palgrave Peter" uid="11471297" lat="51.1859062" lon="1.1861067"/>
 <node id="12213945615" visible="true" version="1" changeset="157334628" timestamp="2024-10-01T11:29:26Z" user="Palgrave Peter" uid="11471297" lat="51.1873757" lon="1.1831472"/>
 <node id="12213945616" visible="true" version="1" changeset="157334628" timestamp="2024-10-01T11:29:26Z" user="Palgrave Peter" uid="11471297" lat="51.1868689" lon="1.1833274"/>
 <node id="12213945617" visible="true" version="1" changeset="157334628" timestamp="2024-10-01T11:29:26Z" user="Palgrave Peter" uid="11471297" lat="51.1862943" lon="1.1839197"/>
 <node id="12213945618" visible="true" version="1" changeset="157334628" timestamp="2024-10-01T11:29:26Z" user="Palgrave Peter" uid="11471297" lat="51.1860118" lon="1.1844198"/>
 <node id="12213945619" visible="true" version="1" changeset="157334628" timestamp="2024-10-01T11:29:26Z" user="Palgrave Peter" uid="11471297" lat="51.1889849" lon="1.1845096"/>
 <node id="12213945626" visible="true" version="1" changeset="157334628" timestamp="2024-10-01T11:29:26Z" user="Palgrave Peter" uid="11471297" lat="51.1872897" lon="1.1864086"/>
 <node id="12213945627" visible="true" version="1" changeset="157334628" timestamp="2024-10-01T11:29:26Z" user="Palgrave Peter" uid="11471297" lat="51.1879769" lon="1.1858950"/>
 <node id="12213945628" visible="true" version="1" changeset="157334628" timestamp="2024-10-01T11:29:26Z" user="Palgrave Peter" uid="11471297" lat="51.1838637" lon="1.1921470"/>
 <node id="12213945629" visible="true" version="1" changeset="157334628" timestamp="2024-10-01T11:29:26Z" user="Palgrave Peter" uid="11471297" lat="51.1835101" lon="1.1908579"/>
 <node id="12213945630" visible="true" version="1" changeset="157334628" timestamp="2024-10-01T11:29:26Z" user="Palgrave Peter" uid="11471297" lat="51.1837716" lon="1.1921300"/>
 <node id="12213945631" visible="true" version="1" changeset="157334628" timestamp="2024-10-01T11:29:26Z" user="Palgrave Peter" uid="11471297" lat="51.1849951" lon="1.1899206"/>
 <node id="12213945632" visible="true" version="1" changeset="157334628" timestamp="2024-10-01T11:29:26Z" user="Palgrave Peter" uid="11471297" lat="51.1858118" lon="1.1884631"/>
 <node id="12213945633" visible="true" version="1" changeset="157334628" timestamp="2024-10-01T11:29:26Z" user="Palgrave Peter" uid="11471297" lat="51.1850080" lon="1.1900905"/>
 <node id="12213945634" visible="true" version="1" changeset="157334628" timestamp="2024-10-01T11:29:26Z" user="Palgrave Peter" uid="11471297" lat="51.1843674" lon="1.1950227"/>
 <node id="12213945635" visible="true" version="1" changeset="157334628" timestamp="2024-10-01T11:29:26Z" user="Palgrave Peter" uid="11471297" lat="51.1845019" lon="1.1949631"/>
 <node id="12213945636" visible="true" version="1" changeset="157334628" timestamp="2024-10-01T11:29:26Z" user="Palgrave Peter" uid="11471297" lat="51.1849428" lon="1.1940666"/>
 <node id="12213945637" visible="true" version="1" changeset="157334628" timestamp="2024-10-01T11:29:26Z" user="Palgrave Peter" uid="11471297" lat="51.1841328" lon="1.1942764"/>
 <node id="12213945638" visible="true" version="1" changeset="157334628" timestamp="2024-10-01T11:29:26Z" user="Palgrave Peter" uid="11471297" lat="51.1842180" lon="1.1947461"/>
 <node id="12213945639" visible="true" version="1" changeset="157334628" timestamp="2024-10-01T11:29:26Z" user="Palgrave Peter" uid="11471297" lat="51.1845243" lon="1.1951657"/>
 <node id="12213945640" visible="true" version="1" changeset="157334628" timestamp="2024-10-01T11:29:26Z" user="Palgrave Peter" uid="11471297" lat="51.1854558" lon="1.1931563"/>
 <node id="12213945641" visible="true" version="1" changeset="157334628" timestamp="2024-10-01T11:29:26Z" user="Palgrave Peter" uid="11471297" lat="51.1855591" lon="1.1928318"/>
 <node id="12213945642" visible="true" version="1" changeset="157334628" timestamp="2024-10-01T11:29:26Z" user="Palgrave Peter" uid="11471297" lat="51.1862332" lon="1.1914979"/>
 <node id="12213945643" visible="true" version="1" changeset="157334628" timestamp="2024-10-01T11:29:26Z" user="Palgrave Peter" uid="11471297" lat="51.1859270" lon="1.1906880"/>
 <node id="12213945644" visible="true" version="1" changeset="157334628" timestamp="2024-10-01T11:29:26Z" user="Palgrave Peter" uid="11471297" lat="51.1838739" lon="1.1925217"/>
 <node id="12213945645" visible="true" version="1" changeset="157334628" timestamp="2024-10-01T11:29:26Z" user="Palgrave Peter" uid="11471297" lat="51.1864377" lon="1.1911235"/>
 <node id="12213945646" visible="true" version="1" changeset="157334628" timestamp="2024-10-01T11:29:26Z" user="Palgrave Peter" uid="11471297" lat="51.1867149" lon="1.1907429"/>
 <node id="12213945647" visible="true" version="1" changeset="157334628" timestamp="2024-10-01T11:29:26Z" user="Palgrave Peter" uid="11471297" lat="51.1870340" lon="1.1904345"/>
 <node id="12213945648" visible="true" version="1" changeset="157334628" timestamp="2024-10-01T11:29:26Z" user="Palgrave Peter" uid="11471297" lat="51.1860381" lon="1.1909820"/>
 <node id="12213945649" visible="true" version="1" changeset="157334628" timestamp="2024-10-01T11:29:26Z" user="Palgrave Peter" uid="11471297" lat="51.1863196" lon="1.1907278"/>
 <node id="12213945650" visible="true" version="1" changeset="157334628" timestamp="2024-10-01T11:29:26Z" user="Palgrave Peter" uid="11471297" lat="51.1864990" lon="1.1901794"/>
 <node id="12213945651" visible="true" version="1" changeset="157334628" timestamp="2024-10-01T11:29:26Z" user="Palgrave Peter" uid="11471297" lat="51.1862079" lon="1.1905558"/>
 <node id="12213945652" visible="true" version="1" changeset="157334628" timestamp="2024-10-01T11:29:26Z" user="Palgrave Peter" uid="11471297" lat="51.1862024" lon="1.1906021"/>
 <node id="12213945653" visible="true" version="1" changeset="157334628" timestamp="2024-10-01T11:29:26Z" user="Palgrave Peter" uid="11471297" lat="51.1861276" lon="1.1906628"/>
 <node id="12213945654" visible="true" version="1" changeset="157334628" timestamp="2024-10-01T11:29:26Z" user="Palgrave Peter" uid="11471297" lat="51.1871376" lon="1.1895561"/>
 <node id="12213945655" visible="true" version="1" changeset="157334628" timestamp="2024-10-01T11:29:26Z" user="Palgrave Peter" uid="11471297" lat="51.1870590" lon="1.1892983"/>
 <node id="12213945656" visible="true" version="1" changeset="157334628" timestamp="2024-10-01T11:29:26Z" user="Palgrave Peter" uid="11471297" lat="51.1866477" lon="1.1908353"/>
 <node id="12213945657" visible="true" version="1" changeset="157334628" timestamp="2024-10-01T11:29:26Z" user="Palgrave Peter" uid="11471297" lat="51.1864742" lon="1.1903694"/>
 <node id="12213945658" visible="true" version="1" changeset="157334628" timestamp="2024-10-01T11:29:26Z" user="Palgrave Peter" uid="11471297" lat="51.1862685" lon="1.1905387"/>
 <node id="12213945659" visible="true" version="1" changeset="157334628" timestamp="2024-10-01T11:29:26Z" user="Palgrave Peter" uid="11471297" lat="51.1873266" lon="1.1902707"/>
 <node id="12213945660" visible="true" version="1" changeset="157334628" timestamp="2024-10-01T11:29:26Z" user="Palgrave Peter" uid="11471297" lat="51.1871200" lon="1.1896682"/>
 <node id="12213945661" visible="true" version="1" changeset="157334628" timestamp="2024-10-01T11:29:26Z" user="Palgrave Peter" uid="11471297" lat="51.1865110" lon="1.1902107"/>
 <node id="12213945670" visible="true" version="1" changeset="157334628" timestamp="2024-10-01T11:29:26Z" user="Palgrave Peter" uid="11471297" lat="51.1931216" lon="1.1858736"/>
 <node id="12213945671" visible="true" version="1" changeset="157334628" timestamp="2024-10-01T11:29:26Z" user="Palgrave Peter" uid="11471297" lat="51.1926206" lon="1.1829262"/>
 <node id="12213945672" visible="true" version="1" changeset="157334628" timestamp="2024-10-01T11:29:26Z" user="Palgrave Peter" uid="11471297" lat="51.1870193" lon="1.1892293"/>
 <node id="12213945673" visible="true" version="1" changeset="157334628" timestamp="2024-10-01T11:29:26Z" user="Palgrave Peter" uid="11471297" lat="51.1877479" lon="1.1900882"/>
 <node id="12213945674" visible="true" version="1" changeset="157334628" timestamp="2024-10-01T11:29:26Z" user="Palgrave Peter" uid="11471297" lat="51.1890948" lon="1.1854660"/>
 <node id="12213945676" visible="true" version="1" changeset="157334628" timestamp="2024-10-01T11:29:26Z" user="Palgrave Peter" uid="11471297" lat="51.1885040" lon="1.1857984"/>
 <node id="12213945677" visible="true" version="1" changeset="157334628" timestamp="2024-10-01T11:29:26Z" user="Palgrave Peter" uid="11471297" lat="51.1884059" lon="1.1853957"/>
 <node id="12213945678" visible="true" version="1" changeset="157334628" timestamp="2024-10-01T11:29:26Z" user="Palgrave Peter" uid="11471297" lat="51.1923882" lon="1.1823936"/>
 <node id="12213945682" visible="true" version="1" changeset="157334628" timestamp="2024-10-01T11:29:26Z" user="Palgrave Peter" uid="11471297" lat="51.1929949" lon="1.1811092"/>
 <node id="12213945683" visible="true" version="1" changeset="157334628" timestamp="2024-10-01T11:29:26Z" user="Palgrave Peter" uid="11471297" lat="51.1927151" lon="1.1813125"/>
 <node id="12213945692" visible="true" version="1" changeset="157334628" timestamp="2024-10-01T11:29:26Z" user="Palgrave Peter" uid="11471297" lat="51.1917839" lon="1.1802849"/>
 <node id="12213945694" visible="true" version="1" changeset="157334628" timestamp="2024-10-01T11:29:26Z" user="Palgrave Peter" uid="11471297" lat="51.1938651" lon="1.1817895"/>
 <node id="12213985474" visible="true" version="1" changeset="157337150" timestamp="2024-10-01T12:26:11Z" user="Colin Smale" uid="30525" lat="51.1841397" lon="1.1945472"/>
 <node id="12213985475" visible="true" version="1" changeset="157337150" timestamp="2024-10-01T12:26:11Z" user="Colin Smale" uid="30525" lat="51.1841819" lon="1.1946489"/>
 <node id="12213985476" visible="true" version="1" changeset="157337150" timestamp="2024-10-01T12:26:11Z" user="Colin Smale" uid="30525" lat="51.1842326" lon="1.1947698"/>
 <node id="12213985477" visible="true" version="1" changeset="157337150" timestamp="2024-10-01T12:26:11Z" user="Colin Smale" uid="30525" lat="51.1842942" lon="1.1949156"/>
 <node id="12214118259" visible="true" version="1" changeset="157339997" timestamp="2024-10-01T13:31:40Z" user="Palgrave Peter" uid="11471297" lat="51.1913202" lon="1.1875470"/>
 <node id="12214118260" visible="true" version="1" changeset="157339997" timestamp="2024-10-01T13:31:40Z" user="Palgrave Peter" uid="11471297" lat="51.1938065" lon="1.1818041"/>
 <node id="12331407092" visible="true" version="1" changeset="159019308" timestamp="2024-11-11T17:42:55Z" user="Palgrave Peter" uid="11471297" lat="51.1448554" lon="1.1269230">
  <tag k="power" v="tower"/>
 </node>
 <node id="12346259127" visible="true" version="1" changeset="159214794" timestamp="2024-11-16T16:32:25Z" user="Palgrave Peter" uid="11471297" lat="51.1898464" lon="1.1816635"/>
 <node id="12862727952" visible="true" version="1" changeset="166738360" timestamp="2025-05-25T14:54:05Z" user="abakerg" uid="12847590" lat="51.1873859" lon="1.2220979"/>
 <node id="12983414561" visible="true" version="1" changeset="168574628" timestamp="2025-07-06T18:49:29Z" user="Yorvik Prestigitator" uid="493595" lat="51.1734626" lon="1.1803757"/>
 <node id="12983414562" visible="true" version="1" changeset="168574628" timestamp="2025-07-06T18:49:29Z" user="Yorvik Prestigitator" uid="493595" lat="51.1733721" lon="1.1805753"/>
 <node id="12983414563" visible="true" version="1" changeset="168574628" timestamp="2025-07-06T18:49:29Z" user="Yorvik Prestigitator" uid="493595" lat="51.1736280" lon="1.1808708"/>
 <node id="12983414564" visible="true" version="1" changeset="168574628" timestamp="2025-07-06T18:49:29Z" user="Yorvik Prestigitator" uid="493595" lat="51.1737186" lon="1.1806711"/>
 <node id="13146920915" visible="true" version="1" changeset="172007453" timestamp="2025-09-16T10:45:14Z" user="papaj" uid="568934" lat="51.1744212" lon="1.2140590">
  <tag k="power" v="pole"/>
 </node>
 <node id="13146920916" visible="true" version="1" changeset="172007453" timestamp="2025-09-16T10:45:14Z" user="papaj" uid="568934" lat="51.1750206" lon="1.2148945">
  <tag k="power" v="pole"/>
 </node>
 <node id="13146920917" visible="true" version="1" changeset="172007453" timestamp="2025-09-16T10:45:14Z" user="papaj" uid="568934" lat="51.1754284" lon="1.2154511">
  <tag k="power" v="pole"/>
 </node>
 <node id="13146920918" visible="true" version="1" changeset="172007453" timestamp="2025-09-16T10:45:14Z" user="papaj" uid="568934" lat="51.1757513" lon="1.2159687">
  <tag k="power" v="pole"/>
 </node>
 <node id="13146920919" visible="true" version="1" changeset="172007453" timestamp="2025-09-16T10:45:14Z" user="papaj" uid="568934" lat="51.1764290" lon="1.2169370">
  <tag k="power" v="pole"/>
 </node>
 <node id="13146920920" visible="true" version="1" changeset="172007453" timestamp="2025-09-16T10:45:14Z" user="papaj" uid="568934" lat="51.1770915" lon="1.2178811">
  <tag k="power" v="pole"/>
 </node>
 <node id="13146920921" visible="true" version="1" changeset="172007453" timestamp="2025-09-16T10:45:14Z" user="papaj" uid="568934" lat="51.1777456" lon="1.2188092">
  <tag k="power" v="pole"/>
 </node>
 <node id="13146920922" visible="true" version="1" changeset="172007453" timestamp="2025-09-16T10:45:14Z" user="papaj" uid="568934" lat="51.1784047" lon="1.2197399">
  <tag k="power" v="pole"/>
 </node>
 <node id="13146920923" visible="true" version="1" changeset="172007453" timestamp="2025-09-16T10:45:14Z" user="papaj" uid="568934" lat="51.1790521" lon="1.2206680">
  <tag k="power" v="pole"/>
 </node>
 <node id="13146920924" visible="true" version="1" changeset="172007453" timestamp="2025-09-16T10:45:14Z" user="papaj" uid="568934" lat="51.1797398" lon="1.2216389">
  <tag k="power" v="pole"/>
 </node>
 <node id="13146920925" visible="true" version="1" changeset="172007453" timestamp="2025-09-16T10:45:14Z" user="papaj" uid="568934" lat="51.1805065" lon="1.2225160">
  <tag k="power" v="pole"/>
 </node>
 <node id="13146924130" visible="true" version="1" changeset="172007372" timestamp="2025-09-16T10:43:23Z" user="papaj" uid="568934" lat="51.1812976" lon="1.2233649">
  <tag k="power" v="pole"/>
 </node>
 <node id="13146931111" visible="true" version="1" changeset="172007603" timestamp="2025-09-16T10:48:17Z" user="papaj" uid="568934" lat="51.1734563" lon="1.2038378">
  <tag k="power" v="pole"/>
 </node>
 <node id="13146931112" visible="true" version="1" changeset="172007603" timestamp="2025-09-16T10:48:17Z" user="papaj" uid="568934" lat="51.1743791" lon="1.2036540">
  <tag k="power" v="pole"/>
 </node>
 <node id="13146931113" visible="true" version="1" changeset="172007603" timestamp="2025-09-16T10:48:17Z" user="papaj" uid="568934" lat="51.1750761" lon="1.2026797">
  <tag k="power" v="pole"/>
 </node>
 <node id="13146931114" visible="true" version="1" changeset="172007603" timestamp="2025-09-16T10:48:17Z" user="papaj" uid="568934" lat="51.1757778" lon="1.2017302">
  <tag k="power" v="pole"/>
 </node>
 <node id="13146931115" visible="true" version="1" changeset="172007603" timestamp="2025-09-16T10:48:17Z" user="papaj" uid="568934" lat="51.1728101" lon="1.2081608">
  <tag k="power" v="pole"/>
 </node>
 <node id="13146931116" visible="true" version="1" changeset="172007603" timestamp="2025-09-16T10:48:17Z" user="papaj" uid="568934" lat="51.1727025" lon="1.2066628">
  <tag k="power" v="pole"/>
 </node>
 <node id="13146931117" visible="true" version="1" changeset="172007603" timestamp="2025-09-16T10:48:17Z" user="papaj" uid="568934" lat="51.1726100" lon="1.2053794">
  <tag k="power" v="pole"/>
 </node>
 <node id="13146931118" visible="true" version="1" changeset="172007603" timestamp="2025-09-16T10:48:17Z" user="papaj" uid="568934" lat="51.1725209" lon="1.2041000">
  <tag k="power" v="pole"/>
 </node>
 <node id="13146931119" visible="true" version="1" changeset="172007603" timestamp="2025-09-16T10:48:17Z" user="papaj" uid="568934" lat="51.1724158" lon="1.2028098">
  <tag k="power" v="pole"/>
 </node>
 <node id="13146931120" visible="true" version="1" changeset="172007603" timestamp="2025-09-16T10:48:17Z" user="papaj" uid="568934" lat="51.1740647" lon="1.2127823">
  <tag k="power" v="pole"/>
 </node>
 <node id="13146931121" visible="true" version="1" changeset="172007603" timestamp="2025-09-16T10:48:17Z" user="papaj" uid="568934" lat="51.1737594" lon="1.2116584">
  <tag k="power" v="pole"/>
 </node>
 <node id="13146931122" visible="true" version="1" changeset="172007603" timestamp="2025-09-16T10:48:17Z" user="papaj" uid="568934" lat="51.1734298" lon="1.2104541">
  <tag k="power" v="pole"/>
 </node>
 <node id="13146931123" visible="true" version="1" changeset="172007603" timestamp="2025-09-16T10:48:17Z" user="papaj" uid="568934" lat="51.1731070" lon="1.2092310">
  <tag k="power" v="pole"/>
 </node>
 <node id="13146931124" visible="true" version="1" changeset="172007603" timestamp="2025-09-16T10:48:17Z" user="papaj" uid="568934" lat="51.1721341" lon="1.2088166">
  <tag k="power" v="pole"/>
 </node>
 <node id="13146931125" visible="true" version="1" changeset="172007603" timestamp="2025-09-16T10:48:17Z" user="papaj" uid="568934" lat="51.1711848" lon="1.2091103">
  <tag k="power" v="pole"/>
 </node>
 <node id="13146931126" visible="true" version="1" changeset="172007603" timestamp="2025-09-16T10:48:17Z" user="papaj" uid="568934" lat="51.1703035" lon="1.2094027">
  <tag k="power" v="pole"/>
 </node>
 <node id="13146931127" visible="true" version="1" changeset="172007603" timestamp="2025-09-16T10:48:17Z" user="papaj" uid="568934" lat="51.1692608" lon="1.2097286">
  <tag k="power" v="pole"/>
 </node>
 <node id="13146931128" visible="true" version="1" changeset="172007603" timestamp="2025-09-16T10:48:17Z" user="papaj" uid="568934" lat="51.1682492" lon="1.2096642">
  <tag k="power" v="pole"/>
 </node>
 <node id="13146931129" visible="true" version="1" changeset="172007603" timestamp="2025-09-16T10:48:17Z" user="papaj" uid="568934" lat="51.1673326" lon="1.2095971">
  <tag k="power" v="pole"/>
 </node>
 <node id="13146931130" visible="true" version="1" changeset="172007603" timestamp="2025-09-16T10:48:17Z" user="papaj" uid="568934" lat="51.1666144" lon="1.2105091">
  <tag k="power" v="pole"/>
 </node>
 <node id="13146931131" visible="true" version="1" changeset="172007603" timestamp="2025-09-16T10:48:17Z" user="papaj" uid="568934" lat="51.1658601" lon="1.2113084">
  <tag k="power" v="pole"/>
 </node>
 <node id="13146931132" visible="true" version="1" changeset="172007603" timestamp="2025-09-16T10:48:17Z" user="papaj" uid="568934" lat="51.1696216" lon="1.2098426">
  <tag k="power" v="tower"/>
 </node>
 <node id="13401972774" visible="true" version="1" changeset="176375307" timestamp="2025-12-24T20:26:29Z" user="abakerg" uid="12847590" lat="51.1851467" lon="1.2094558"/>
 <node id="13401972775" visible="true" version="1" changeset="176375307" timestamp="2025-12-24T20:26:29Z" user="abakerg" uid="12847590" lat="51.1855864" lon="1.2080889"/>
 <node id="13401972776" visible="true" version="1" changeset="176375307" timestamp="2025-12-24T20:26:29Z" user="abakerg" uid="12847590" lat="51.1857474" lon="1.2076380"/>
 <node id="13401972777" visible="true" version="1" changeset="176375307" timestamp="2025-12-24T20:26:29Z" user="abakerg" uid="12847590" lat="51.1863787" lon="1.2063287"/>
 <node id="13401972778" visible="true" version="1" changeset="176375307" timestamp="2025-12-24T20:26:29Z" user="abakerg" uid="12847590" lat="51.1866410" lon="1.2057980"/>
 <node id="13404317008" visible="true" version="1" changeset="176395533" timestamp="2025-12-25T13:47:49Z" user="papaj" uid="568934" lat="51.1872543" lon="1.1829159">
  <tag k="power" v="pole"/>
 </node>
 <node id="13404317009" visible="true" version="1" changeset="176395533" timestamp="2025-12-25T13:47:49Z" user="papaj" uid="568934" lat="51.1883319" lon="1.1827375">
  <tag k="power" v="pole"/>
 </node>
 <node id="13404317010" visible="true" version="1" changeset="176395533" timestamp="2025-12-25T13:47:49Z" user="papaj" uid="568934" lat="51.1892859" lon="1.1821293">
  <tag k="power" v="pole"/>
 </node>
 <node id="13404317016" visible="true" version="1" changeset="176395533" timestamp="2025-12-25T13:47:49Z" user="papaj" uid="568934" lat="51.1898516" lon="1.1817518">
  <tag k="power" v="pole"/>
 </node>
 <node id="13416244151" visible="true" version="1" changeset="176589880" timestamp="2025-12-29T17:47:08Z" user="papaj" uid="568934" lat="51.1680952" lon="1.1818599">
  <tag k="power" v="pole"/>
 </node>
 <node id="13416244152" visible="true" version="1" changeset="176589880" timestamp="2025-12-29T17:47:08Z" user="papaj" uid="568934" lat="51.1684352" lon="1.1802079">
  <tag k="power" v="pole"/>
 </node>
 <node id="13416244153" visible="true" version="1" changeset="176589880" timestamp="2025-12-29T17:47:08Z" user="papaj" uid="568934" lat="51.1687815" lon="1.1785475">
  <tag k="power" v="pole"/>
 </node>
 <node id="13416244154" visible="true" version="1" changeset="176589880" timestamp="2025-12-29T17:47:08Z" user="papaj" uid="568934" lat="51.1738819" lon="1.1883215">
  <tag k="power" v="pole"/>
 </node>
 <node id="13416244155" visible="true" version="1" changeset="176589880" timestamp="2025-12-29T17:47:08Z" user="papaj" uid="568934" lat="51.1743489" lon="1.1863917">
  <tag k="power" v="pole"/>
 </node>
 <node id="13416244156" visible="true" version="1" changeset="176589880" timestamp="2025-12-29T17:47:08Z" user="papaj" uid="568934" lat="51.1765833" lon="1.1906837">
  <tag k="power" v="pole"/>
 </node>
 <node id="13416244157" visible="true" version="1" changeset="176589880" timestamp="2025-12-29T17:47:08Z" user="papaj" uid="568934" lat="51.1757637" lon="1.1895740">
  <tag k="power" v="pole"/>
 </node>
 <node id="13416244158" visible="true" version="1" changeset="176589880" timestamp="2025-12-29T17:47:08Z" user="papaj" uid="568934" lat="51.1749218" lon="1.1884625">
  <tag k="power" v="pole"/>
 </node>
 <node id="13416244159" visible="true" version="1" changeset="176589880" timestamp="2025-12-29T17:47:08Z" user="papaj" uid="568934" lat="51.1741329" lon="1.1873967">
  <tag k="power" v="pole"/>
 </node>
 <node id="13416244160" visible="true" version="1" changeset="176589880" timestamp="2025-12-29T17:47:08Z" user="papaj" uid="568934" lat="51.1731184" lon="1.1866839">
  <tag k="power" v="pole"/>
 </node>
 <node id="13416244161" visible="true" version="1" changeset="176589880" timestamp="2025-12-29T17:47:08Z" user="papaj" uid="568934" lat="51.1721292" lon="1.1859948">
  <tag k="power" v="pole"/>
 </node>
 <node id="13416244162" visible="true" version="1" changeset="176589880" timestamp="2025-12-29T17:47:08Z" user="papaj" uid="568934" lat="51.1714747" lon="1.1857498">
  <tag k="power" v="pole"/>
 </node>
 <node id="13416244163" visible="true" version="1" changeset="176589880" timestamp="2025-12-29T17:47:08Z" user="papaj" uid="568934" lat="51.1707705" lon="1.1855151">
  <tag k="power" v="pole"/>
 </node>
 <node id="13416244164" visible="true" version="1" changeset="176589880" timestamp="2025-12-29T17:47:08Z" user="papaj" uid="568934" lat="51.1700683" lon="1.1852837">
  <tag k="power" v="pole"/>
 </node>
 <node id="13416244165" visible="true" version="1" changeset="176589880" timestamp="2025-12-29T17:47:08Z" user="papaj" uid="568934" lat="51.1692983" lon="1.1847263">
  <tag k="power" v="pole"/>
 </node>
 <node id="13416244166" visible="true" version="1" changeset="176589880" timestamp="2025-12-29T17:47:08Z" user="papaj" uid="568934" lat="51.1685898" lon="1.1842314">
  <tag k="power" v="pole"/>
 </node>
 <node id="13416244167" visible="true" version="1" changeset="176589880" timestamp="2025-12-29T17:47:08Z" user="papaj" uid="568934" lat="51.1677580" lon="1.1835185">
  <tag k="power" v="pole"/>
 </node>
 <node id="13416244168" visible="true" version="1" changeset="176589880" timestamp="2025-12-29T17:47:08Z" user="papaj" uid="568934" lat="51.1673929" lon="1.1850586">
  <tag k="power" v="pole"/>
 </node>
 <node id="13416244169" visible="true" version="1" changeset="176589880" timestamp="2025-12-29T17:47:08Z" user="papaj" uid="568934" lat="51.1666544" lon="1.1836657">
  <tag k="power" v="pole"/>
 </node>
 <node id="13416244170" visible="true" version="1" changeset="176589880" timestamp="2025-12-29T17:47:08Z" user="papaj" uid="568934" lat="51.1659189" lon="1.1822679">
  <tag k="power" v="pole"/>
 </node>
 <node id="13416244171" visible="true" version="1" changeset="176589880" timestamp="2025-12-29T17:47:08Z" user="papaj" uid="568934" lat="51.1651866" lon="1.1808850">
  <tag k="power" v="pole"/>
 </node>
 <node id="13416244172" visible="true" version="1" changeset="176589880" timestamp="2025-12-29T17:47:08Z" user="papaj" uid="568934" lat="51.1643360" lon="1.1795666">
  <tag k="power" v="pole"/>
 </node>
 <node id="13416244173" visible="true" version="1" changeset="176589880" timestamp="2025-12-29T17:47:08Z" user="papaj" uid="568934" lat="51.1634906" lon="1.1782565">
  <tag k="power" v="pole"/>
 </node>
 <node id="13416244174" visible="true" version="1" changeset="176589880" timestamp="2025-12-29T17:47:08Z" user="papaj" uid="568934" lat="51.1628121" lon="1.1771945">
  <tag k="power" v="pole"/>
 </node>
 <node id="13416244175" visible="true" version="1" changeset="176589880" timestamp="2025-12-29T17:47:08Z" user="papaj" uid="568934" lat="51.1627675" lon="1.1752061">
  <tag k="power" v="pole"/>
 </node>
 <node id="13416244176" visible="true" version="1" changeset="176589880" timestamp="2025-12-29T17:47:08Z" user="papaj" uid="568934" lat="51.1632032" lon="1.1741160">
  <tag k="power" v="pole"/>
 </node>
 <node id="13416244177" visible="true" version="1" changeset="176589880" timestamp="2025-12-29T17:47:08Z" user="papaj" uid="568934" lat="51.1636721" lon="1.1729233">
  <tag k="power" v="pole"/>
 </node>
 <node id="13416244178" visible="true" version="1" changeset="176589880" timestamp="2025-12-29T17:47:08Z" user="papaj" uid="568934" lat="51.1641264" lon="1.1717952">
  <tag k="power" v="pole"/>
 </node>
 <node id="13416244179" visible="true" version="1" changeset="176589880" timestamp="2025-12-29T17:47:08Z" user="papaj" uid="568934" lat="51.1646627" lon="1.1708655">
  <tag k="power" v="pole"/>
 </node>
 <node id="13416244180" visible="true" version="1" changeset="176589880" timestamp="2025-12-29T17:47:08Z" user="papaj" uid="568934" lat="51.1651824" lon="1.1699838">
  <tag k="power" v="pole"/>
 </node>
 <node id="13416244181" visible="true" version="1" changeset="176589880" timestamp="2025-12-29T17:47:08Z" user="papaj" uid="568934" lat="51.1657581" lon="1.1689499">
  <tag k="power" v="pole"/>
 </node>
 <node id="13416244182" visible="true" version="1" changeset="176589880" timestamp="2025-12-29T17:47:08Z" user="papaj" uid="568934" lat="51.1663831" lon="1.1679475">
  <tag k="power" v="pole"/>
 </node>
 <node id="13416244183" visible="true" version="1" changeset="176589880" timestamp="2025-12-29T17:47:08Z" user="papaj" uid="568934" lat="51.1622882" lon="1.1764335">
  <tag k="power" v="pole"/>
 </node>
 <node id="13731849342" visible="true" version="1" changeset="181356056" timestamp="2026-04-15T08:55:09Z" user="Simcoaxial" uid="547585" lat="51.1767544" lon="1.2115311"/>
 <node id="13731849343" visible="true" version="1" changeset="181356056" timestamp="2026-04-15T08:55:09Z" user="Simcoaxial" uid="547585" lat="51.1793953" lon="1.2031567"/>
 <node id="13731849344" visible="true" version="1" changeset="181356056" timestamp="2026-04-15T08:55:09Z" user="Simcoaxial" uid="547585" lat="51.1798910" lon="1.2044533"/>
 <node id="13731849345" visible="true" version="1" changeset="181356056" timestamp="2026-04-15T08:55:09Z" user="Simcoaxial" uid="547585" lat="51.1799001" lon="1.2048053"/>
 <node id="13731849346" visible="true" version="2" changeset="181357891" timestamp="2026-04-15T09:49:03Z" user="Simcoaxial" uid="547585" lat="51.1762312" lon="1.2113464"/>
 <node id="13731849347" visible="true" version="2" changeset="181357891" timestamp="2026-04-15T09:49:03Z" user="Simcoaxial" uid="547585" lat="51.1765565" lon="1.2115250"/>
 <node id="13731849348" visible="true" version="1" changeset="181356056" timestamp="2026-04-15T08:55:09Z" user="Simcoaxial" uid="547585" lat="51.1792796" lon="1.2021275"/>
 <node id="13731849349" visible="true" version="1" changeset="181356056" timestamp="2026-04-15T08:55:09Z" user="Simcoaxial" uid="547585" lat="51.1791126" lon="1.2021229"/>
 <node id="13731921525" visible="true" version="1" changeset="181357891" timestamp="2026-04-15T09:49:03Z" user="Simcoaxial" uid="547585" lat="51.1763072" lon="1.2113043"/>
 <node id="13731921526" visible="true" version="1" changeset="181357891" timestamp="2026-04-15T09:49:03Z" user="Simcoaxial" uid="547585" lat="51.1763892" lon="1.2113127"/>
 <node id="13731921527" visible="true" version="1" changeset="181357891" timestamp="2026-04-15T09:49:03Z" user="Simcoaxial" uid="547585" lat="51.1766569" lon="1.2115824"/>
 <way id="4816200" visible="true" version="12" changeset="157339997" timestamp="2024-10-01T13:31:40Z" user="Palgrave Peter" uid="11471297">
  <nd ref="12213929598"/>
  <nd ref="12213945682"/>
  <nd ref="12213945683"/>
  <nd ref="12213929600"/>
  <nd ref="12213945401"/>
  <nd ref="12213945402"/>
  <nd ref="12213945403"/>
  <nd ref="1079069551"/>
  <nd ref="12213945692"/>
  <nd ref="1077128962"/>
  <nd ref="12213945694"/>
  <nd ref="12214118260"/>
  <nd ref="30935454"/>
  <nd ref="12213945415"/>
  <nd ref="12213945671"/>
  <nd ref="12213945414"/>
  <nd ref="12213945413"/>
  <nd ref="12213945412"/>
  <nd ref="12213945411"/>
  <nd ref="12213945410"/>
  <nd ref="12213945409"/>
  <nd ref="12213945408"/>
  <nd ref="12213945676"/>
  <nd ref="671057358"/>
  <nd ref="12213945407"/>
  <nd ref="12213945674"/>
  <nd ref="12213945406"/>
  <nd ref="12213945405"/>
  <nd ref="12213945404"/>
  <nd ref="12213945678"/>
  <nd ref="12213929599"/>
  <nd ref="12213929598"/>
  <tag k="natural" v="wood"/>
  <tag k="source" v="Bing"/>
 </way>
 <way id="4816209" visible="true" version="6" changeset="157329057" timestamp="2024-10-01T09:12:10Z" user="Palgrave Peter" uid="11471297">
  <nd ref="30935540"/>
  <nd ref="371523634"/>
  <nd ref="371523637"/>
  <nd ref="30935535"/>
  <nd ref="371523650"/>
  <nd ref="371523645"/>
  <nd ref="371523643"/>
  <nd ref="371523640"/>
  <nd ref="371523877"/>
  <nd ref="371523879"/>
  <nd ref="371523882"/>
  <nd ref="371523884"/>
  <nd ref="371523872"/>
  <nd ref="371523874"/>
  <nd ref="371523888"/>
  <nd ref="371523868"/>
  <nd ref="372520282"/>
  <nd ref="30935536"/>
  <nd ref="11002311192"/>
  <nd ref="11002311193"/>
  <nd ref="30935537"/>
  <nd ref="11002311191"/>
  <nd ref="11002311190"/>
  <nd ref="30935539"/>
  <nd ref="12213694257"/>
  <nd ref="30935540"/>
  <tag k="name" v="Pickleden Wood"/>
  <tag k="natural" v="wood"/>
  <tag k="source" v="OS OpenData StreetView"/>
 </way>
 <way id="4816218" visible="true" version="3" changeset="157329057" timestamp="2024-10-01T09:12:10Z" user="Palgrave Peter" uid="11471297">
  <nd ref="30935482"/>
  <nd ref="30935475"/>
  <nd ref="30935476"/>
  <nd ref="1079017604"/>
  <nd ref="12213694443"/>
  <nd ref="12213694444"/>
  <nd ref="12213694445"/>
  <nd ref="12213694446"/>
  <nd ref="30935477"/>
  <nd ref="30935478"/>
  <nd ref="30935479"/>
  <nd ref="30935482"/>
  <tag k="natural" v="wood"/>
  <tag k="source" v="Bing"/>
 </way>
 <way id="4816219" visible="true" version="4" changeset="157329057" timestamp="2024-10-01T09:12:10Z" user="Palgrave Peter" uid="11471297">
  <nd ref="30935544"/>
  <nd ref="30935545"/>
  <nd ref="371523520"/>
  <nd ref="371523516"/>
  <nd ref="30935541"/>
  <nd ref="30935542"/>
  <nd ref="1079017466"/>
  <nd ref="1079017934"/>
  <nd ref="1079018011"/>
  <nd ref="30935543"/>
  <nd ref="1079017926"/>
  <nd ref="1079017444"/>
  <nd ref="1079017693"/>
  <nd ref="12213694249"/>
  <nd ref="12213694250"/>
  <nd ref="1079017509"/>
  <nd ref="1079017556"/>
  <nd ref="1079017897"/>
  <nd ref="1079017710"/>
  <nd ref="1079017701"/>
  <nd ref="1079017789"/>
  <nd ref="30935544"/>
  <tag k="natural" v="wood"/>
  <tag k="source" v="survey"/>
 </way>
 <way id="4816220" visible="true" version="7" changeset="157303764" timestamp="2024-09-30T15:38:10Z" user="Palgrave Peter" uid="11471297">
  <nd ref="30935565"/>
  <nd ref="11066708181"/>
  <nd ref="30935557"/>
  <nd ref="11066708182"/>
  <nd ref="11066708183"/>
  <nd ref="1079017800"/>
  <nd ref="2709749290"/>
  <nd ref="30935558"/>
  <nd ref="1079018024"/>
  <nd ref="7104026488"/>
  <nd ref="30935559"/>
  <nd ref="11066708180"/>
  <nd ref="11066708178"/>
  <nd ref="11066708179"/>
  <nd ref="30935560"/>
  <nd ref="11066708177"/>
  <nd ref="30935561"/>
  <nd ref="30935562"/>
  <nd ref="30935563"/>
  <nd ref="11002286693"/>
  <nd ref="11002330906"/>
  <nd ref="30935564"/>
  <nd ref="11002286701"/>
  <nd ref="1079017575"/>
  <nd ref="11002286699"/>
  <nd ref="30935565"/>
  <tag k="natural" v="wood"/>
  <tag k="source" v="Bing"/>
 </way>
 <way id="4816222" visible="true" version="5" changeset="157329057" timestamp="2024-10-01T09:12:10Z" user="Palgrave Peter" uid="11471297">
  <nd ref="30935485"/>
  <nd ref="12213694484"/>
  <nd ref="12213694485"/>
  <nd ref="12213694486"/>
  <nd ref="30935483"/>
  <nd ref="372520929"/>
  <nd ref="372520926"/>
  <nd ref="372520921"/>
  <nd ref="372520868"/>
  <nd ref="372520842"/>
  <nd ref="372520839"/>
  <nd ref="372520832"/>
  <nd ref="5794352763"/>
  <nd ref="30935484"/>
  <nd ref="372520862"/>
  <nd ref="30935485"/>
  <tag k="natural" v="wood"/>
  <tag k="source" v="Bing"/>
 </way>
 <way id="4816463" visible="true" version="11" changeset="157339997" timestamp="2024-10-01T13:31:40Z" user="Palgrave Peter" uid="11471297">
  <nd ref="1352772486"/>
  <nd ref="12068320786"/>
  <nd ref="12068320784"/>
  <nd ref="30937428"/>
  <nd ref="12068320778"/>
  <nd ref="30937429"/>
  <nd ref="12068320777"/>
  <nd ref="30937430"/>
  <nd ref="30937431"/>
  <nd ref="1077128848"/>
  <nd ref="5004382241"/>
  <nd ref="30937432"/>
  <nd ref="30937433"/>
  <nd ref="30937434"/>
  <nd ref="30937435"/>
  <nd ref="30937436"/>
  <nd ref="1079121180"/>
  <nd ref="30937437"/>
  <nd ref="1079121298"/>
  <nd ref="30937438"/>
  <nd ref="30937439"/>
  <nd ref="30937440"/>
  <nd ref="30937445"/>
  <nd ref="30937446"/>
  <nd ref="1079121255"/>
  <nd ref="1079121259"/>
  <nd ref="1063839090"/>
  <nd ref="30937447"/>
  <nd ref="1079121133"/>
  <nd ref="1352772490"/>
  <nd ref="30937448"/>
  <nd ref="30937449"/>
  <nd ref="1079121140"/>
  <nd ref="30937450"/>
  <nd ref="30937451"/>
  <nd ref="30937452"/>
  <nd ref="1077128870"/>
  <nd ref="1079121222"/>
  <nd ref="5122024820"/>
  <nd ref="1077128922"/>
  <nd ref="1077128788"/>
  <nd ref="1077128840"/>
  <nd ref="1077128903"/>
  <nd ref="1079121263"/>
  <nd ref="1079121168"/>
  <nd ref="30937422"/>
  <nd ref="1079121135"/>
  <nd ref="30937423"/>
  <nd ref="30937424"/>
  <nd ref="30937425"/>
  <nd ref="30937426"/>
  <nd ref="12068320791"/>
  <nd ref="12068320789"/>
  <nd ref="1352772486"/>
  <tag k="name" v="Woolwich Wood"/>
  <tag k="natural" v="wood"/>
  <tag k="source" v="Bing"/>
 </way>
 <way id="7286485" visible="true" version="13" changeset="181356056" timestamp="2026-04-15T08:55:09Z" user="Simcoaxial" uid="547585">
  <nd ref="54625831"/>
  <nd ref="260029271"/>
  <nd ref="54625832"/>
  <nd ref="54625833"/>
  <nd ref="11879530337"/>
  <nd ref="260029272"/>
  <nd ref="8604526138"/>
  <nd ref="11879530336"/>
  <nd ref="11879530335"/>
  <nd ref="54625834"/>
  <nd ref="11879530322"/>
  <nd ref="11879530321"/>
  <nd ref="54625837"/>
  <nd ref="11879530318"/>
  <nd ref="372520531"/>
  <nd ref="11879530323"/>
  <nd ref="11879530324"/>
  <nd ref="11879530325"/>
  <nd ref="11879530326"/>
  <nd ref="54625838"/>
  <nd ref="11879530327"/>
  <nd ref="11879530329"/>
  <nd ref="11879530330"/>
  <nd ref="11879530331"/>
  <nd ref="11879530332"/>
  <nd ref="54625842"/>
  <nd ref="11879530333"/>
  <nd ref="54625844"/>
  <nd ref="11879530334"/>
  <nd ref="1079017844"/>
  <tag k="hgv" v="discouraged"/>
  <tag k="highway" v="unclassified"/>
  <tag k="maxspeed" v="60 mph"/>
  <tag k="maxspeed:type" v="GB:nsl_single"/>
 </way>
 <way id="23417371" visible="true" version="32" changeset="174667828" timestamp="2025-11-14T22:22:35Z" user="Mr Walrus" uid="487368">
  <nd ref="432436"/>
  <nd ref="4657068790"/>
  <nd ref="1616808833"/>
  <nd ref="253582136"/>
  <nd ref="616704625"/>
  <nd ref="1242644545"/>
  <nd ref="7267004076"/>
  <nd ref="253582138"/>
  <nd ref="1242644538"/>
  <nd ref="4657068793"/>
  <nd ref="1242644436"/>
  <nd ref="1352772480"/>
  <nd ref="253582139"/>
  <nd ref="1242644520"/>
  <nd ref="4657068796"/>
  <nd ref="253583748"/>
  <nd ref="1242644537"/>
  <nd ref="1242644497"/>
  <nd ref="4657068797"/>
  <nd ref="4657068800"/>
  <nd ref="4657068801"/>
  <nd ref="1242644451"/>
  <nd ref="4657068803"/>
  <nd ref="253583749"/>
  <nd ref="1242644531"/>
  <nd ref="253583750"/>
  <nd ref="1242644568"/>
  <nd ref="1242644496"/>
  <nd ref="259667284"/>
  <nd ref="253583752"/>
  <nd ref="1242644467"/>
  <nd ref="1242644500"/>
  <nd ref="1242644570"/>
  <nd ref="1242644479"/>
  <nd ref="1242644477"/>
  <nd ref="253583753"/>
  <nd ref="1242644455"/>
  <nd ref="1242644518"/>
  <nd ref="253583755"/>
  <nd ref="253583756"/>
  <nd ref="1945615939"/>
  <tag k="alt_name" v="Watling Street"/>
  <tag k="carriageway_ref" v="A"/>
  <tag k="dual_carriageway" v="yes"/>
  <tag k="expressway" v="yes"/>
  <tag k="highway" v="trunk"/>
  <tag k="lanes" v="2"/>
  <tag k="lit" v="no"/>
  <tag k="maxheight" v="default"/>
  <tag k="maxspeed" v="70 mph"/>
  <tag k="maxspeed:type" v="GB:nsl_dual"/>
  <tag k="name" v="Dover Road"/>
  <tag k="national_highways:area" v="4"/>
  <tag k="oneway" v="yes"/>
  <tag k="operator" v="National Highways"/>
  <tag k="operator:wikidata" v="Q5760006"/>
  <tag k="ref" v="A2"/>
  <tag k="source:name" v="OS_OpenData_StreetView"/>
  <tag k="surface" v="asphalt"/>
 </way>
 <way id="23536352" visible="true" version="5" changeset="176375307" timestamp="2025-12-24T20:26:29Z" user="abakerg" uid="12847590">
  <nd ref="254866051"/>
  <nd ref="5122027662"/>
  <nd ref="5122027666"/>
  <nd ref="254866052"/>
  <nd ref="254866053"/>
  <nd ref="1079017834"/>
  <nd ref="1079017625"/>
  <nd ref="5122027670"/>
  <nd ref="1079018048"/>
  <nd ref="5122035439"/>
  <nd ref="254866054"/>
  <nd ref="1079018057"/>
  <nd ref="254866055"/>
  <nd ref="254866057"/>
  <nd ref="254866058"/>
  <nd ref="254866060"/>
  <nd ref="5122027651"/>
  <nd ref="254866062"/>
  <nd ref="1079017797"/>
  <nd ref="5122027649"/>
  <nd ref="254866063"/>
  <nd ref="1079017970"/>
  <nd ref="254866064"/>
  <nd ref="1079017518"/>
  <nd ref="1079017563"/>
  <nd ref="5122027646"/>
  <nd ref="254866051"/>
  <tag k="name" v="Puckland Wood"/>
  <tag k="natural" v="wood"/>
  <tag k="source" v="Bing"/>
 </way>
 <way id="23536356" visible="true" version="3" changeset="31630078" timestamp="2015-06-01T10:35:14Z" user="IknowJoseph" uid="30587">
  <nd ref="254866082"/>
  <nd ref="3563190510"/>
  <nd ref="3563190512"/>
  <nd ref="3563190511"/>
  <nd ref="254866083"/>
  <nd ref="254866084"/>
  <nd ref="254866085"/>
  <nd ref="254866082"/>
  <tag k="name" v="Crab Wood"/>
  <tag k="natural" v="wood"/>
  <tag k="source" v="OS OpenData StreetView"/>
 </way>
 <way id="23536358" visible="true" version="4" changeset="157303764" timestamp="2024-09-30T15:38:10Z" user="Palgrave Peter" uid="11471297">
  <nd ref="254866090"/>
  <nd ref="254866092"/>
  <nd ref="1079017792"/>
  <nd ref="1079017760"/>
  <nd ref="1079017957"/>
  <nd ref="1079017969"/>
  <nd ref="12211974354"/>
  <nd ref="11002304797"/>
  <nd ref="254866094"/>
  <nd ref="254866096"/>
  <nd ref="11002304776"/>
  <nd ref="254866090"/>
  <tag k="natural" v="wood"/>
  <tag k="source" v="Bing"/>
 </way>
 <way id="23954015" visible="true" version="10" changeset="154645874" timestamp="2024-07-31T12:00:26Z" user="JayTurnr" uid="5008136">
  <nd ref="1242644477"/>
  <nd ref="1242644491"/>
  <nd ref="1242644556"/>
  <nd ref="1242644513"/>
  <nd ref="12085014039"/>
  <nd ref="1242644440"/>
  <tag k="highway" v="trunk_link"/>
  <tag k="lane_markings" v="no"/>
  <tag k="maxspeed" v="70 mph"/>
  <tag k="maxspeed:type" v="GB:nsl_dual"/>
  <tag k="oneway" v="yes"/>
 </way>
 <way id="23983397" visible="true" version="5" changeset="110338149" timestamp="2021-08-27T11:52:01Z" user="confusedbuffalo" uid="242345">
  <nd ref="35726293"/>
  <nd ref="260029203"/>
  <nd ref="260029204"/>
  <nd ref="260064974"/>
  <nd ref="260064976"/>
  <nd ref="260064977"/>
  <nd ref="260064979"/>
  <nd ref="260064980"/>
  <nd ref="260064982"/>
  <nd ref="260064983"/>
  <nd ref="260064985"/>
  <nd ref="260064986"/>
  <nd ref="260064988"/>
  <nd ref="260064989"/>
  <nd ref="260064991"/>
  <nd ref="260064992"/>
  <nd ref="260064994"/>
  <nd ref="260064995"/>
  <tag k="highway" v="unclassified"/>
  <tag k="maxspeed" v="60 mph"/>
  <tag k="maxspeed:type" v="GB:nsl_single"/>
  <tag k="surface" v="asphalt"/>
 </way>
 <way id="23983398" visible="true" version="8" changeset="159214794" timestamp="2024-11-16T16:32:25Z" user="Palgrave Peter" uid="11471297">
  <nd ref="260029203"/>
  <nd ref="260029205"/>
  <nd ref="12346259127"/>
  <nd ref="260029206"/>
  <nd ref="260029208"/>
  <nd ref="260029209"/>
  <nd ref="260029210"/>
  <nd ref="260029211"/>
  <nd ref="260029212"/>
  <nd ref="6688324000"/>
  <nd ref="260029214"/>
  <nd ref="260029215"/>
  <nd ref="260029216"/>
  <nd ref="6688324008"/>
  <nd ref="260029217"/>
  <nd ref="12213945575"/>
  <nd ref="260029218"/>
  <tag k="highway" v="unclassified"/>
  <tag k="maxspeed" v="60 mph"/>
  <tag k="maxspeed:type" v="GB:nsl_single"/>
  <tag k="name" v="Clints Lane"/>
  <tag k="source:name" v="OS_OpenData_StreetView"/>
  <tag k="surface" v="asphalt"/>
 </way>
 <way id="23986771" visible="true" version="8" changeset="183361427" timestamp="2026-05-29T15:24:16Z" user="Gregory Williams" uid="7037">
  <nd ref="260064998"/>
  <nd ref="11463734420"/>
  <nd ref="1242644439"/>
  <nd ref="260064999"/>
  <tag k="highway" v="trunk_link"/>
  <tag k="lane_markings" v="no"/>
  <tag k="maxspeed" v="60 mph"/>
  <tag k="maxspeed:type" v="GB:nsl_single"/>
  <tag k="oneway" v="yes"/>
  <tag k="surface" v="asphalt"/>
 </way>
 <way id="23986772" visible="true" version="8" changeset="183361427" timestamp="2026-05-29T15:24:10Z" user="Gregory Williams" uid="7037">
  <nd ref="260065001"/>
  <nd ref="11463734419"/>
  <nd ref="1242644554"/>
  <nd ref="260064998"/>
  <tag k="highway" v="trunk_link"/>
  <tag k="lane_markings" v="no"/>
  <tag k="maxspeed" v="60 mph"/>
  <tag k="maxspeed:type" v="GB:nsl_single"/>
  <tag k="oneway" v="yes"/>
  <tag k="surface" v="asphalt"/>
 </way>
 <way id="23986773" visible="true" version="8" changeset="183361427" timestamp="2026-05-29T15:24:13Z" user="Gregory Williams" uid="7037">
  <nd ref="260029236"/>
  <nd ref="260029235"/>
  <nd ref="260029234"/>
  <nd ref="260029233"/>
  <nd ref="260029231"/>
  <nd ref="372520933"/>
  <nd ref="260029230"/>
  <nd ref="260029229"/>
  <nd ref="260029228"/>
  <nd ref="260029227"/>
  <nd ref="260029225"/>
  <nd ref="12213945492"/>
  <nd ref="260029224"/>
  <nd ref="260029223"/>
  <nd ref="260029222"/>
  <nd ref="260029221"/>
  <nd ref="260029219"/>
  <nd ref="260029218"/>
  <nd ref="260029243"/>
  <nd ref="1879200470"/>
  <nd ref="261628312"/>
  <nd ref="261628313"/>
  <nd ref="261628314"/>
  <nd ref="261628315"/>
  <nd ref="261628316"/>
  <nd ref="261628317"/>
  <nd ref="261628318"/>
  <nd ref="260065002"/>
  <nd ref="260064995"/>
  <nd ref="8602064534"/>
  <nd ref="260064996"/>
  <nd ref="1242644516"/>
  <nd ref="260064998"/>
  <tag k="highway" v="unclassified"/>
  <tag k="lane_markings" v="no"/>
  <tag k="maxspeed" v="60 mph"/>
  <tag k="maxspeed:type" v="GB:nsl_single"/>
  <tag k="name" v="Shelvin Farm Road"/>
  <tag k="surface" v="asphalt"/>
 </way>
 <way id="24152007" visible="true" version="4" changeset="110338149" timestamp="2021-08-27T11:52:01Z" user="confusedbuffalo" uid="242345">
  <nd ref="260029217"/>
  <nd ref="260029243"/>
  <tag k="highway" v="unclassified"/>
  <tag k="maxspeed" v="60 mph"/>
  <tag k="maxspeed:type" v="GB:nsl_single"/>
  <tag k="name" v="Clints Lane"/>
  <tag k="source:name" v="OS_OpenData_StreetView"/>
  <tag k="surface" v="asphalt"/>
 </way>
 <way id="32428003" visible="true" version="5" changeset="157329057" timestamp="2024-10-01T09:12:10Z" user="Palgrave Peter" uid="11471297">
  <nd ref="364655296"/>
  <nd ref="260029268"/>
  <nd ref="54625820"/>
  <nd ref="12213694295"/>
  <nd ref="54625823"/>
  <nd ref="260029270"/>
  <nd ref="54625826"/>
  <nd ref="54625827"/>
  <nd ref="54625830"/>
  <nd ref="54625831"/>
  <tag k="highway" v="unclassified"/>
  <tag k="maxspeed" v="60 mph"/>
  <tag k="maxspeed:type" v="GB:nsl_single"/>
  <tag k="name" v="Wootton Lane"/>
  <tag k="surface" v="asphalt"/>
 </way>
 <way id="32981966" visible="true" version="4" changeset="95483963" timestamp="2020-12-08T11:39:15Z" user="Dowluri" uid="9196186">
  <nd ref="54625778"/>
  <nd ref="371523349"/>
  <nd ref="371523352"/>
  <nd ref="371523355"/>
  <nd ref="371523357"/>
  <nd ref="8205299549"/>
  <nd ref="371523359"/>
  <nd ref="371523361"/>
  <nd ref="372520135"/>
  <nd ref="371523364"/>
  <nd ref="371523368"/>
  <nd ref="371523369"/>
  <nd ref="371523373"/>
  <nd ref="371523375"/>
  <nd ref="372520141"/>
  <nd ref="371523378"/>
  <nd ref="371523384"/>
  <nd ref="371523380"/>
  <nd ref="372520149"/>
  <nd ref="372520153"/>
  <nd ref="6819636835"/>
  <nd ref="372520159"/>
  <tag k="highway" v="service"/>
  <tag k="name" v="Parkside"/>
 </way>
 <way id="32981972" visible="true" version="4" changeset="157307184" timestamp="2024-09-30T17:02:12Z" user="Palgrave Peter" uid="11471297">
  <nd ref="372519533"/>
  <nd ref="372520103"/>
  <nd ref="372519543"/>
  <nd ref="372519556"/>
  <nd ref="372519610"/>
  <nd ref="372519616"/>
  <nd ref="372519624"/>
  <nd ref="372519630"/>
  <nd ref="372519638"/>
  <nd ref="371523393"/>
  <nd ref="54625768"/>
  <nd ref="371523397"/>
  <nd ref="371523403"/>
  <nd ref="416873610"/>
  <nd ref="416873609"/>
  <nd ref="416873608"/>
  <nd ref="416873607"/>
  <nd ref="416873606"/>
  <nd ref="416873605"/>
  <nd ref="416873602"/>
  <nd ref="416873601"/>
  <nd ref="416873597"/>
  <nd ref="416873600"/>
  <nd ref="12212182437"/>
  <nd ref="11002317752"/>
  <tag k="highway" v="footway"/>
 </way>
 <way id="32981978" visible="true" version="17" changeset="171917461" timestamp="2025-09-14T13:19:13Z" user="rskedgell" uid="3951648">
  <nd ref="54625831"/>
  <nd ref="259670120"/>
  <nd ref="371523583"/>
  <nd ref="259670122"/>
  <nd ref="259670123"/>
  <nd ref="259670124"/>
  <nd ref="259670126"/>
  <nd ref="259670127"/>
  <nd ref="259670134"/>
  <nd ref="259670135"/>
  <nd ref="259670136"/>
  <nd ref="372520416"/>
  <nd ref="259670138"/>
  <nd ref="259670139"/>
  <nd ref="259670145"/>
  <nd ref="259670147"/>
  <nd ref="259670149"/>
  <nd ref="376728757"/>
  <nd ref="259670152"/>
  <nd ref="259670154"/>
  <nd ref="259670156"/>
  <nd ref="6914869107"/>
  <nd ref="259670160"/>
  <nd ref="259670161"/>
  <nd ref="8205239606"/>
  <nd ref="259670163"/>
  <nd ref="376728769"/>
  <nd ref="11002304801"/>
  <nd ref="259670165"/>
  <nd ref="259670166"/>
  <nd ref="11002304802"/>
  <nd ref="259670167"/>
  <nd ref="259670169"/>
  <nd ref="259670170"/>
  <nd ref="1917342848"/>
  <nd ref="259670172"/>
  <nd ref="259670173"/>
  <nd ref="1917342849"/>
  <nd ref="1917342850"/>
  <nd ref="259670175"/>
  <nd ref="1917342851"/>
  <nd ref="259670176"/>
  <nd ref="12211974366"/>
  <nd ref="259670177"/>
  <nd ref="259670179"/>
  <nd ref="1917342852"/>
  <nd ref="259670180"/>
  <nd ref="1917342853"/>
  <nd ref="1917342854"/>
  <nd ref="259670182"/>
  <nd ref="1917342855"/>
  <nd ref="259670183"/>
  <nd ref="1917342856"/>
  <nd ref="1917342857"/>
  <nd ref="259670184"/>
  <nd ref="1242644460"/>
  <nd ref="1917342858"/>
  <nd ref="11463734431"/>
  <nd ref="11065656529"/>
  <nd ref="4065990"/>
  <tag k="highway" v="unclassified"/>
  <tag k="maxspeed" v="60 mph"/>
  <tag k="maxspeed:type" v="GB:nsl_single"/>
  <tag k="maxweightrating" v="7.5"/>
  <tag k="maxweightrating:hgv" v="7.5"/>
  <tag k="name" v="Geddinge Lane"/>
  <tag k="surface" v="asphalt"/>
 </way>
 <way id="32981980" visible="true" version="2" changeset="157329057" timestamp="2024-10-01T09:12:10Z" user="Palgrave Peter" uid="11471297">
  <nd ref="54625831"/>
  <nd ref="371523523"/>
  <nd ref="371523527"/>
  <nd ref="371523530"/>
  <nd ref="371523532"/>
  <nd ref="371523536"/>
  <nd ref="371523537"/>
  <nd ref="371523539"/>
  <nd ref="371523542"/>
  <nd ref="371523546"/>
  <nd ref="371523547"/>
  <nd ref="371523550"/>
  <nd ref="371523553"/>
  <nd ref="371523557"/>
  <nd ref="371523560"/>
  <nd ref="371523562"/>
  <nd ref="371523566"/>
  <nd ref="371523569"/>
  <nd ref="371523572"/>
  <nd ref="371523575"/>
  <nd ref="371523578"/>
  <nd ref="12213694214"/>
  <nd ref="371523579"/>
  <nd ref="371523582"/>
  <nd ref="371523380"/>
  <tag k="highway" v="bridleway"/>
 </way>
 <way id="32981982" visible="true" version="4" changeset="60808390" timestamp="2018-07-17T17:31:05Z" user="Gregory Williams" uid="7037">
  <nd ref="371523583"/>
  <nd ref="371523586"/>
  <nd ref="371523588"/>
  <nd ref="371523590"/>
  <nd ref="371523592"/>
  <nd ref="371523594"/>
  <nd ref="371523596"/>
  <nd ref="371523598"/>
  <nd ref="371523600"/>
  <nd ref="371523602"/>
  <nd ref="371523604"/>
  <nd ref="371523608"/>
  <nd ref="371523610"/>
  <nd ref="371523613"/>
  <nd ref="371523616"/>
  <nd ref="371523618"/>
  <nd ref="371523621"/>
  <nd ref="371523624"/>
  <nd ref="371523627"/>
  <nd ref="371523629"/>
  <nd ref="371523632"/>
  <nd ref="371523670"/>
  <nd ref="371523673"/>
  <nd ref="371523675"/>
  <nd ref="371523677"/>
  <nd ref="371523681"/>
  <nd ref="371523683"/>
  <nd ref="371523687"/>
  <nd ref="371523689"/>
  <nd ref="371523693"/>
  <nd ref="371523696"/>
  <nd ref="371523699"/>
  <nd ref="371523702"/>
  <nd ref="371523704"/>
  <nd ref="371523706"/>
  <nd ref="371523710"/>
  <nd ref="371523712"/>
  <nd ref="371523714"/>
  <nd ref="371523717"/>
  <nd ref="371523720"/>
  <nd ref="371523723"/>
  <nd ref="371523725"/>
  <nd ref="371523728"/>
  <nd ref="371523730"/>
  <nd ref="371523734"/>
  <nd ref="371523735"/>
  <nd ref="371523738"/>
  <nd ref="371523742"/>
  <nd ref="371523747"/>
  <nd ref="371523751"/>
  <nd ref="371523756"/>
  <nd ref="371523759"/>
  <nd ref="371523762"/>
  <nd ref="371523765"/>
  <nd ref="371523768"/>
  <nd ref="371523773"/>
  <nd ref="371523775"/>
  <nd ref="371523779"/>
  <nd ref="371523783"/>
  <nd ref="371523787"/>
  <nd ref="416873591"/>
  <nd ref="371523791"/>
  <nd ref="371523795"/>
  <nd ref="371523802"/>
  <nd ref="371523808"/>
  <nd ref="371523813"/>
  <nd ref="371523817"/>
  <nd ref="371523822"/>
  <tag k="designation" v="public_bridleway"/>
  <tag k="highway" v="bridleway"/>
  <tag k="prow_ref" v="ER113"/>
  <tag k="surface" v="ground"/>
 </way>
 <way id="32981985" visible="true" version="6" changeset="157329057" timestamp="2024-10-01T09:12:10Z" user="Palgrave Peter" uid="11471297">
  <nd ref="371523659"/>
  <nd ref="371523661"/>
  <nd ref="11002317731"/>
  <nd ref="12212182430"/>
  <nd ref="371523664"/>
  <nd ref="371523666"/>
  <nd ref="1079017655"/>
  <nd ref="1079017859"/>
  <nd ref="1079017568"/>
  <nd ref="12213694254"/>
  <nd ref="1079018021"/>
  <nd ref="11002317732"/>
  <nd ref="371523659"/>
  <tag k="name" v="Park Wood"/>
  <tag k="natural" v="wood"/>
  <tag k="source" v="OS OpenData StreetView"/>
 </way>
 <way id="32981987" visible="true" version="4" changeset="137703659" timestamp="2023-06-23T21:24:59Z" user="TomJeffs" uid="6397757">
  <nd ref="372520159"/>
  <nd ref="372520409"/>
  <nd ref="372520402"/>
  <nd ref="372520397"/>
  <nd ref="11002317749"/>
  <nd ref="372520391"/>
  <nd ref="372520387"/>
  <nd ref="372520379"/>
  <nd ref="372520371"/>
  <nd ref="372520365"/>
  <nd ref="372520359"/>
  <nd ref="372520354"/>
  <nd ref="372520348"/>
  <nd ref="372520343"/>
  <nd ref="11002317756"/>
  <nd ref="372520337"/>
  <nd ref="372520332"/>
  <nd ref="372520325"/>
  <nd ref="372520320"/>
  <nd ref="372520313"/>
  <nd ref="372520306"/>
  <nd ref="372520300"/>
  <nd ref="372520295"/>
  <nd ref="372520289"/>
  <nd ref="371523889"/>
  <nd ref="371523604"/>
  <nd ref="371523892"/>
  <nd ref="372520178"/>
  <nd ref="372520185"/>
  <nd ref="372520193"/>
  <nd ref="372520200"/>
  <nd ref="372520209"/>
  <nd ref="372520217"/>
  <nd ref="372520222"/>
  <nd ref="372520229"/>
  <nd ref="372520234"/>
  <nd ref="372520243"/>
  <nd ref="372520250"/>
  <nd ref="372520257"/>
  <nd ref="372520262"/>
  <nd ref="372520269"/>
  <nd ref="372520278"/>
  <nd ref="259670145"/>
  <tag k="designation" v="public_bridleway"/>
  <tag k="highway" v="bridleway"/>
  <tag k="prow_ref" v="ER112"/>
 </way>
 <way id="33041489" visible="true" version="5" changeset="150893420" timestamp="2024-05-04T18:39:52Z" user="mapboy63" uid="12340839">
  <nd ref="372520416"/>
  <nd ref="11879530354"/>
  <nd ref="11879530353"/>
  <nd ref="372520436"/>
  <nd ref="11879530350"/>
  <nd ref="11879530349"/>
  <nd ref="11879530366"/>
  <nd ref="11879530345"/>
  <nd ref="11879530346"/>
  <nd ref="11879530367"/>
  <nd ref="11879530365"/>
  <nd ref="372520464"/>
  <nd ref="11879530368"/>
  <nd ref="11879535369"/>
  <nd ref="11879530362"/>
  <nd ref="11879530364"/>
  <nd ref="11879530363"/>
  <nd ref="11879530356"/>
  <nd ref="11879530355"/>
  <nd ref="372520513"/>
  <nd ref="11879530361"/>
  <nd ref="11879530360"/>
  <nd ref="11879530359"/>
  <nd ref="11879530358"/>
  <nd ref="11879530357"/>
  <nd ref="372520531"/>
  <tag k="designation" v="byway_open_to_all_traffic"/>
  <tag k="highway" v="track"/>
  <tag k="prow_ref" v="ER284"/>
 </way>
 <way id="33041493" visible="true" version="1" changeset="413791" timestamp="2009-04-11T12:42:20Z" user="Crid" uid="7221">
  <nd ref="372520933"/>
  <nd ref="372520978"/>
  <nd ref="372520940"/>
  <nd ref="372520969"/>
  <nd ref="372520946"/>
  <nd ref="372520951"/>
  <nd ref="372520955"/>
  <nd ref="372520957"/>
  <nd ref="372520961"/>
  <nd ref="372520966"/>
  <tag k="highway" v="service"/>
 </way>
 <way id="33041496" visible="true" version="1" changeset="413791" timestamp="2009-04-11T12:42:20Z" user="Crid" uid="7221">
  <nd ref="372520969"/>
  <nd ref="372520974"/>
  <nd ref="372520978"/>
  <tag k="highway" v="footway"/>
 </way>
 <way id="33041498" visible="true" version="1" changeset="413791" timestamp="2009-04-11T12:42:20Z" user="Crid" uid="7221">
  <nd ref="260029256"/>
  <nd ref="372520983"/>
  <nd ref="372520986"/>
  <nd ref="372520988"/>
  <nd ref="372520993"/>
  <nd ref="372520995"/>
  <nd ref="372520998"/>
  <nd ref="372520966"/>
  <tag k="highway" v="footway"/>
 </way>
 <way id="33210978" visible="true" version="3" changeset="60808390" timestamp="2018-07-17T17:28:33Z" user="Gregory Williams" uid="7037">
  <nd ref="376728054"/>
  <nd ref="376728174"/>
  <nd ref="1752566470"/>
  <nd ref="1752566495"/>
  <nd ref="1752566449"/>
  <nd ref="1752566487"/>
  <nd ref="1752566514"/>
  <nd ref="1752566457"/>
  <nd ref="1752566408"/>
  <nd ref="1752566418"/>
  <nd ref="1752566455"/>
  <nd ref="1752566421"/>
  <nd ref="1752566462"/>
  <nd ref="1752566474"/>
  <nd ref="1752566501"/>
  <nd ref="1752566489"/>
  <nd ref="259670154"/>
  <tag k="designation" v="public_footpath"/>
  <tag k="highway" v="footway"/>
  <tag k="prow_ref" v="ER107"/>
 </way>
 <way id="33210985" visible="true" version="3" changeset="60808390" timestamp="2018-07-17T17:25:36Z" user="Gregory Williams" uid="7037">
  <nd ref="376728352"/>
  <nd ref="376728362"/>
  <nd ref="376750799"/>
  <nd ref="376728395"/>
  <nd ref="376750785"/>
  <nd ref="376728402"/>
  <nd ref="376728413"/>
  <nd ref="376728422"/>
  <nd ref="376728440"/>
  <nd ref="376728449"/>
  <nd ref="376728459"/>
  <nd ref="376728471"/>
  <nd ref="376728482"/>
  <nd ref="376728494"/>
  <nd ref="376728511"/>
  <nd ref="376728522"/>
  <nd ref="376728530"/>
  <nd ref="376728546"/>
  <nd ref="376728563"/>
  <nd ref="376728575"/>
  <nd ref="376728589"/>
  <nd ref="376728604"/>
  <nd ref="376728618"/>
  <nd ref="376728629"/>
  <nd ref="376728642"/>
  <nd ref="376728655"/>
  <nd ref="376728667"/>
  <nd ref="376728680"/>
  <nd ref="376728702"/>
  <nd ref="376728757"/>
  <tag k="designation" v="public_footpath"/>
  <tag k="highway" v="footway"/>
  <tag k="prow_ref" v="ER106"/>
 </way>
 <way id="33210988" visible="true" version="4" changeset="66100997" timestamp="2019-01-07T16:03:35Z" user="DaveF" uid="115894">
  <nd ref="259670169"/>
  <nd ref="376728809"/>
  <nd ref="376728822"/>
  <nd ref="376728834"/>
  <nd ref="376728853"/>
  <nd ref="376728875"/>
  <nd ref="376728904"/>
  <nd ref="376728925"/>
  <nd ref="376728951"/>
  <nd ref="376728992"/>
  <nd ref="376729070"/>
  <nd ref="376729100"/>
  <nd ref="376729128"/>
  <nd ref="376729168"/>
  <tag k="designation" v="byway_open_to_all_traffic"/>
  <tag k="highway" v="track"/>
  <tag k="prow_ref" v="ER110"/>
 </way>
 <way id="33360685" visible="true" version="2" changeset="1446589" timestamp="2009-06-07T11:24:34Z" user="Crid" uid="7221">
  <nd ref="371523384"/>
  <nd ref="371523385"/>
  <nd ref="372520164"/>
  <nd ref="416873623"/>
  <nd ref="372520171"/>
  <nd ref="416873617"/>
  <nd ref="416873618"/>
  <nd ref="416873619"/>
  <nd ref="416873620"/>
  <nd ref="416873621"/>
  <nd ref="416873622"/>
  <nd ref="379578409"/>
  <nd ref="379578395"/>
  <nd ref="54625808"/>
  <tag k="highway" v="footway"/>
 </way>
 <way id="35574863" visible="true" version="1" changeset="1446589" timestamp="2009-06-07T11:24:30Z" user="Crid" uid="7221">
  <nd ref="371523773"/>
  <nd ref="416873592"/>
  <nd ref="416873593"/>
  <nd ref="416873594"/>
  <nd ref="416873595"/>
  <nd ref="416873596"/>
  <nd ref="416873597"/>
  <nd ref="416873598"/>
  <nd ref="371523384"/>
  <tag k="highway" v="footway"/>
 </way>
 <way id="91570640" visible="true" version="2" changeset="157329057" timestamp="2024-10-01T09:12:10Z" user="Palgrave Peter" uid="11471297">
  <nd ref="1063834280"/>
  <nd ref="12213694305"/>
  <nd ref="1063834410"/>
  <nd ref="1063834546"/>
  <nd ref="1063834186"/>
  <nd ref="1063834265"/>
  <nd ref="1063834379"/>
  <nd ref="12213694317"/>
  <nd ref="1063834486"/>
  <nd ref="1063834562"/>
  <nd ref="1063834229"/>
  <nd ref="1063834350"/>
  <nd ref="1063834438"/>
  <nd ref="1063834496"/>
  <nd ref="1063834288"/>
  <nd ref="12213694420"/>
  <nd ref="1063834371"/>
  <nd ref="1063834527"/>
  <nd ref="1063834214"/>
  <nd ref="1063834360"/>
  <nd ref="1063834456"/>
  <nd ref="12213694283"/>
  <nd ref="12213694282"/>
  <nd ref="1063834199"/>
  <nd ref="1063834283"/>
  <nd ref="12213694284"/>
  <nd ref="12213694291"/>
  <nd ref="8066310813"/>
  <nd ref="8066310812"/>
  <nd ref="12213694287"/>
  <nd ref="12213694286"/>
  <nd ref="12213694288"/>
  <nd ref="12213694285"/>
  <nd ref="12213694289"/>
  <nd ref="12213694290"/>
  <nd ref="1063834280"/>
  <tag k="landuse" v="residential"/>
  <tag k="source" v="Bing"/>
 </way>
 <way id="93088809" visible="true" version="6" changeset="181356099" timestamp="2026-04-15T08:56:22Z" user="Simcoaxial" uid="547585">
  <nd ref="1079017530"/>
  <nd ref="2709749267"/>
  <nd ref="10575538382"/>
  <nd ref="10575538394"/>
  <nd ref="2709749288"/>
  <nd ref="10575538381"/>
  <nd ref="2709749319"/>
  <nd ref="1079017704"/>
  <nd ref="2709749337"/>
  <nd ref="2709749383"/>
  <nd ref="1079017474"/>
  <nd ref="2709749495"/>
  <nd ref="1079017943"/>
  <nd ref="1242644530"/>
  <nd ref="2709749533"/>
  <nd ref="2709749541"/>
  <nd ref="1079017751"/>
  <nd ref="2709749556"/>
  <nd ref="2709749566"/>
  <nd ref="2709749574"/>
  <tag k="highway" v="service"/>
  <tag k="motor_vehicle" v="private"/>
  <tag k="source" v="Bing"/>
 </way>
 <way id="93088815" visible="true" version="2" changeset="157329057" timestamp="2024-10-01T09:12:10Z" user="Palgrave Peter" uid="11471297">
  <nd ref="1079017840"/>
  <nd ref="12213694280"/>
  <nd ref="12213694281"/>
  <nd ref="12213694279"/>
  <nd ref="1079017742"/>
  <nd ref="12213694250"/>
  <nd ref="1079017509"/>
  <nd ref="1079017532"/>
  <nd ref="1079017994"/>
  <nd ref="1079017824"/>
  <nd ref="1079017840"/>
  <tag k="natural" v="wood"/>
  <tag k="source" v="Bing"/>
 </way>
 <way id="93097836" visible="true" version="2" changeset="157334628" timestamp="2024-10-01T11:29:26Z" user="Palgrave Peter" uid="11471297">
  <nd ref="1079121218"/>
  <nd ref="12213945672"/>
  <nd ref="12213945655"/>
  <nd ref="1079121266"/>
  <nd ref="1079121329"/>
  <nd ref="12213945628"/>
  <nd ref="1079121184"/>
  <nd ref="1079121218"/>
  <tag k="natural" v="wood"/>
  <tag k="source" v="Bing"/>
 </way>
 <way id="108282406" visible="true" version="7" changeset="145637222" timestamp="2023-12-28T21:11:34Z" user="Nathan_A_RF" uid="5229644">
  <nd ref="1242644440"/>
  <nd ref="11463734421"/>
  <nd ref="1242644508"/>
  <nd ref="253583753"/>
  <tag k="highway" v="trunk_link"/>
  <tag k="lane_markings" v="no"/>
  <tag k="maxspeed" v="60 mph"/>
  <tag k="maxspeed:type" v="GB:nsl_single"/>
  <tag k="oneway" v="yes"/>
 </way>
 <way id="108282409" visible="true" version="8" changeset="154645874" timestamp="2024-07-31T12:00:26Z" user="JayTurnr" uid="5008136">
  <nd ref="1242644522"/>
  <nd ref="1242644561"/>
  <nd ref="1242644512"/>
  <nd ref="1242644431"/>
  <nd ref="1242644574"/>
  <nd ref="12085014040"/>
  <nd ref="1242644473"/>
  <tag k="highway" v="trunk_link"/>
  <tag k="lane_markings" v="no"/>
  <tag k="maxspeed" v="70 mph"/>
  <tag k="maxspeed:type" v="GB:nsl_dual"/>
  <tag k="oneway" v="yes"/>
 </way>
 <way id="108282410" visible="true" version="2" changeset="135565223" timestamp="2023-05-01T09:34:07Z" user="Gregory Williams" uid="7037">
  <nd ref="4065991"/>
  <nd ref="1242644519"/>
  <nd ref="1242644487"/>
  <nd ref="1242644472"/>
  <nd ref="1242644577"/>
  <nd ref="1242644534"/>
  <nd ref="1242644558"/>
  <nd ref="1242644557"/>
  <nd ref="1242644562"/>
  <nd ref="1242644435"/>
  <nd ref="1242644521"/>
  <nd ref="1242644434"/>
  <nd ref="1242644474"/>
  <tag k="highway" v="service"/>
  <tag k="oneway" v="yes"/>
  <tag k="surface" v="asphalt"/>
 </way>
 <way id="108282414" visible="true" version="5" changeset="110338149" timestamp="2021-08-27T11:52:01Z" user="confusedbuffalo" uid="242345">
  <nd ref="1242644473"/>
  <nd ref="1242644441"/>
  <nd ref="1242644510"/>
  <nd ref="54625846"/>
  <tag k="highway" v="trunk_link"/>
  <tag k="maxspeed" v="60 mph"/>
  <tag k="maxspeed:type" v="GB:nsl_single"/>
  <tag k="oneway" v="yes"/>
 </way>
 <way id="108282415" visible="true" version="7" changeset="176375307" timestamp="2025-12-24T20:26:29Z" user="abakerg" uid="12847590">
  <nd ref="1242644440"/>
  <nd ref="1917342869"/>
  <nd ref="259668817"/>
  <nd ref="259668818"/>
  <nd ref="259668819"/>
  <nd ref="13401972778"/>
  <nd ref="259668820"/>
  <nd ref="1917342870"/>
  <nd ref="259668821"/>
  <nd ref="259668829"/>
  <nd ref="1917342871"/>
  <nd ref="1917342872"/>
  <nd ref="259668830"/>
  <nd ref="1917342873"/>
  <nd ref="259668831"/>
  <nd ref="1917342874"/>
  <nd ref="5122034933"/>
  <nd ref="1917342875"/>
  <nd ref="259668832"/>
  <nd ref="1917342876"/>
  <nd ref="1917342877"/>
  <nd ref="1917342878"/>
  <nd ref="259668833"/>
  <tag k="hgv" v="destination"/>
  <tag k="highway" v="unclassified"/>
  <tag k="maxspeed" v="60 mph"/>
  <tag k="maxspeed:type" v="GB:nsl_single"/>
 </way>
 <way id="108282416" visible="true" version="9" changeset="183361377" timestamp="2026-05-29T15:23:05Z" user="Gregory Williams" uid="7037">
  <nd ref="1242644530"/>
  <nd ref="13731849343"/>
  <nd ref="13731849344"/>
  <nd ref="13731849345"/>
  <nd ref="13731849342"/>
  <nd ref="13731921527"/>
  <nd ref="13731849347"/>
  <nd ref="13731921526"/>
  <nd ref="13731921525"/>
  <nd ref="13731849346"/>
  <nd ref="1242644460"/>
  <tag k="highway" v="service"/>
  <tag k="maxspeed" v="60 mph"/>
  <tag k="maxspeed:type" v="GB:nsl_single"/>
  <tag k="motor_vehicle" v="private"/>
  <tag k="surface" v="asphalt"/>
 </way>
 <way id="108340899" visible="true" version="11" changeset="172007603" timestamp="2025-09-16T10:48:17Z" user="papaj" uid="568934">
  <nd ref="1057836772"/>
  <nd ref="1057836747"/>
  <nd ref="1243275165"/>
  <nd ref="1057836816"/>
  <nd ref="1057836792"/>
  <nd ref="1057836757"/>
  <nd ref="1057836730"/>
  <nd ref="1057836806"/>
  <nd ref="1057836782"/>
  <nd ref="1057836745"/>
  <nd ref="1057836839"/>
  <nd ref="1057836748"/>
  <nd ref="1243275246"/>
  <nd ref="1057836788"/>
  <nd ref="12331407092"/>
  <nd ref="1243275196"/>
  <nd ref="1057836726"/>
  <nd ref="1057836812"/>
  <nd ref="1057836725"/>
  <nd ref="1057836811"/>
  <nd ref="1057836777"/>
  <nd ref="1057836752"/>
  <nd ref="1057836829"/>
  <nd ref="1057836800"/>
  <nd ref="1057836765"/>
  <nd ref="1057836738"/>
  <nd ref="1057836769"/>
  <nd ref="1057836818"/>
  <nd ref="1057836743"/>
  <nd ref="12212182487"/>
  <nd ref="1057836793"/>
  <nd ref="1057836758"/>
  <nd ref="1057836731"/>
  <nd ref="1057836807"/>
  <nd ref="1057836783"/>
  <nd ref="1057836746"/>
  <nd ref="1057836842"/>
  <nd ref="1057836795"/>
  <nd ref="13146931132"/>
  <nd ref="1057836771"/>
  <nd ref="1057836733"/>
  <nd ref="1057836820"/>
  <nd ref="1057836785"/>
  <nd ref="1057836760"/>
  <nd ref="1057836845"/>
  <nd ref="1057836809"/>
  <nd ref="1057836774"/>
  <nd ref="1057836749"/>
  <nd ref="1057836827"/>
  <nd ref="1057836798"/>
  <nd ref="1057836763"/>
  <nd ref="1057836736"/>
  <nd ref="1057836813"/>
  <nd ref="1057836789"/>
  <nd ref="1057836753"/>
  <nd ref="1243275173"/>
  <nd ref="1057836727"/>
  <nd ref="1057836802"/>
  <nd ref="1057836822"/>
  <nd ref="1057836778"/>
  <nd ref="1057836740"/>
  <nd ref="1057836830"/>
  <nd ref="1057836796"/>
  <nd ref="1057836761"/>
  <nd ref="1057836734"/>
  <nd ref="1243275190"/>
  <nd ref="1057836810"/>
  <nd ref="1057836787"/>
  <nd ref="1057836751"/>
  <nd ref="1057836846"/>
  <nd ref="1057836799"/>
  <nd ref="1057836776"/>
  <nd ref="1057836737"/>
  <nd ref="1057836828"/>
  <nd ref="1057836790"/>
  <nd ref="1057836764"/>
  <nd ref="1057836728"/>
  <nd ref="1057836814"/>
  <nd ref="1243275247"/>
  <nd ref="1057836755"/>
  <nd ref="4786869171"/>
  <nd ref="1243275150"/>
  <nd ref="5761780406"/>
  <nd ref="1057836780"/>
  <nd ref="1057836836"/>
  <nd ref="5761780405"/>
  <nd ref="1057836804"/>
  <nd ref="1057836768"/>
  <tag k="cables" v="6"/>
  <tag k="circuits" v="2"/>
  <tag k="frequency" v="50"/>
  <tag k="name" v="Richborough - Folkestone"/>
  <tag k="operator" v="UK Power Networks"/>
  <tag k="operator:wikidata" v="Q7864927"/>
  <tag k="power" v="line"/>
  <tag k="ref" v="PC"/>
  <tag k="source" v="Bing"/>
  <tag k="voltage" v="132000"/>
  <tag k="wires" v="single"/>
 </way>
 <way id="163592452" visible="true" version="2" changeset="60808390" timestamp="2018-07-17T17:25:15Z" user="Gregory Williams" uid="7037">
  <nd ref="1752566514"/>
  <nd ref="1752566410"/>
  <nd ref="1752566450"/>
  <nd ref="1752566454"/>
  <nd ref="1752566516"/>
  <nd ref="1752566508"/>
  <nd ref="1752566472"/>
  <nd ref="1752566492"/>
  <nd ref="1752566494"/>
  <nd ref="1752566406"/>
  <nd ref="376728395"/>
  <tag k="designation" v="public_footpath"/>
  <tag k="highway" v="footway"/>
  <tag k="prow_ref" v="ER105"/>
 </way>
 <way id="184109653" visible="true" version="14" changeset="174668119" timestamp="2025-11-14T22:34:51Z" user="Mr Walrus" uid="487368">
  <nd ref="1945615936"/>
  <nd ref="4065999"/>
  <nd ref="4065997"/>
  <nd ref="1242644522"/>
  <tag k="alt_name" v="Watling Street"/>
  <tag k="carriageway_ref" v="B"/>
  <tag k="dual_carriageway" v="yes"/>
  <tag k="expressway" v="yes"/>
  <tag k="highway" v="trunk"/>
  <tag k="lanes" v="2"/>
  <tag k="lit" v="no"/>
  <tag k="maxspeed" v="70 mph"/>
  <tag k="maxspeed:type" v="GB:nsl_dual"/>
  <tag k="name" v="Dover Road"/>
  <tag k="national_highways:area" v="4"/>
  <tag k="oneway" v="yes"/>
  <tag k="operator" v="National Highways"/>
  <tag k="operator:wikidata" v="Q5760006"/>
  <tag k="ref" v="A2"/>
  <tag k="source:name" v="OS_OpenData_StreetView"/>
  <tag k="surface" v="asphalt"/>
 </way>
 <way id="189943001" visible="true" version="1" changeset="13815559" timestamp="2012-11-09T23:06:34Z" user="Colin Smale" uid="30525">
  <nd ref="2001911849"/>
  <nd ref="2005527434"/>
  <nd ref="2005527399"/>
  <nd ref="2005527436"/>
  <nd ref="2005527388"/>
  <nd ref="2005527390"/>
  <nd ref="2005527408"/>
  <nd ref="2005527413"/>
  <nd ref="2005527401"/>
  <nd ref="2005527402"/>
  <nd ref="2005527438"/>
  <nd ref="2005527443"/>
  <nd ref="2005527441"/>
  <nd ref="2005527439"/>
  <nd ref="2005527394"/>
  <nd ref="2005527425"/>
  <nd ref="2005527396"/>
  <nd ref="2005527397"/>
  <nd ref="2005527404"/>
  <nd ref="2005527405"/>
  <nd ref="2005527409"/>
  <nd ref="2005527410"/>
  <nd ref="2005527422"/>
  <nd ref="2005527450"/>
  <nd ref="2005527424"/>
  <nd ref="2005527398"/>
  <nd ref="2005527435"/>
  <nd ref="2005527406"/>
  <nd ref="2005527420"/>
  <nd ref="2005527437"/>
  <nd ref="2005527445"/>
  <nd ref="2005527392"/>
  <nd ref="2005527395"/>
  <nd ref="2005527403"/>
  <nd ref="2005527407"/>
  <nd ref="2005527412"/>
  <nd ref="2005527414"/>
  <nd ref="2005527416"/>
  <nd ref="2005527418"/>
  <nd ref="2005527426"/>
  <nd ref="2005527427"/>
  <nd ref="2005527428"/>
  <nd ref="2005527429"/>
  <nd ref="2005527430"/>
  <nd ref="2005527431"/>
  <nd ref="2005527432"/>
  <nd ref="2005527433"/>
  <nd ref="2005527449"/>
  <nd ref="2005527451"/>
  <nd ref="2005527385"/>
  <nd ref="2005527400"/>
  <nd ref="2005527411"/>
  <nd ref="2005527447"/>
  <nd ref="1913080534"/>
  <tag k="admin_level" v="10"/>
  <tag k="boundary" v="administrative"/>
  <tag k="source" v="OS_OpenData_Boundary-Line"/>
 </way>
 <way id="192713147" visible="true" version="2" changeset="14049189" timestamp="2012-11-26T19:16:09Z" user="Colin Smale" uid="30525">
  <nd ref="1913077426"/>
  <nd ref="1913077428"/>
  <nd ref="1913077430"/>
  <nd ref="1913077432"/>
  <nd ref="1913077433"/>
  <nd ref="1913077632"/>
  <nd ref="1913077007"/>
  <nd ref="1913081791"/>
  <nd ref="1913077741"/>
  <nd ref="1913079092"/>
  <nd ref="1913079914"/>
  <nd ref="1913077288"/>
  <nd ref="1913081143"/>
  <nd ref="1913081228"/>
  <nd ref="1913081474"/>
  <nd ref="1913081615"/>
  <nd ref="1913079277"/>
  <nd ref="1913079409"/>
  <nd ref="1913079638"/>
  <nd ref="1913079776"/>
  <nd ref="1913079827"/>
  <nd ref="1913079884"/>
  <nd ref="1913078062"/>
  <nd ref="1913078146"/>
  <nd ref="1913078198"/>
  <nd ref="1913078308"/>
  <nd ref="1913078431"/>
  <nd ref="1913079963"/>
  <nd ref="1913079991"/>
  <nd ref="1913080012"/>
  <nd ref="1913080048"/>
  <nd ref="1913080112"/>
  <nd ref="1913080154"/>
  <nd ref="1913080192"/>
  <nd ref="1913080218"/>
  <nd ref="1913080248"/>
  <nd ref="1913080279"/>
  <nd ref="1913080312"/>
  <nd ref="1913080335"/>
  <nd ref="1913080357"/>
  <nd ref="1913080392"/>
  <nd ref="1913080405"/>
  <nd ref="1913080437"/>
  <nd ref="1913080464"/>
  <nd ref="1913080504"/>
  <nd ref="1913080524"/>
  <tag k="admin_level" v="8"/>
  <tag k="boundary" v="administrative"/>
  <tag k="source" v="OS_OpenData_Boundary-Line"/>
 </way>
 <way id="192992808" visible="true" version="1" changeset="14049189" timestamp="2012-11-26T19:16:08Z" user="Colin Smale" uid="30525">
  <nd ref="1913080524"/>
  <nd ref="1913080534"/>
  <tag k="admin_level" v="8"/>
  <tag k="boundary" v="administrative"/>
  <tag k="source" v="OS_OpenData_Boundary-Line"/>
 </way>
 <way id="192992812" visible="true" version="2" changeset="14050131" timestamp="2012-11-26T20:17:03Z" user="Colin Smale" uid="30525">
  <nd ref="1913080524"/>
  <nd ref="2035231281"/>
  <nd ref="2035231383"/>
  <nd ref="2035231709"/>
  <nd ref="2035231711"/>
  <nd ref="2035231746"/>
  <nd ref="2035231744"/>
  <nd ref="2035231644"/>
  <nd ref="2035231650"/>
  <nd ref="2035231653"/>
  <nd ref="2035231656"/>
  <nd ref="2035231471"/>
  <nd ref="2035231477"/>
  <nd ref="2035231480"/>
  <nd ref="2035231483"/>
  <nd ref="2035231493"/>
  <nd ref="2035231499"/>
  <nd ref="2035231544"/>
  <nd ref="2035231581"/>
  <nd ref="2035231590"/>
  <nd ref="2035231596"/>
  <nd ref="2035231599"/>
  <nd ref="2035231605"/>
  <nd ref="2035231680"/>
  <nd ref="2035231683"/>
  <nd ref="2035231698"/>
  <nd ref="2035231665"/>
  <nd ref="2035231693"/>
  <nd ref="2035231685"/>
  <nd ref="2035231677"/>
  <nd ref="2035231486"/>
  <nd ref="2035231489"/>
  <nd ref="2035231496"/>
  <nd ref="2035231502"/>
  <nd ref="2035231504"/>
  <nd ref="2035231569"/>
  <nd ref="2035231513"/>
  <nd ref="2035231509"/>
  <nd ref="2035231553"/>
  <nd ref="2035231506"/>
  <nd ref="2035231535"/>
  <nd ref="2035231532"/>
  <nd ref="2035231508"/>
  <nd ref="2035231608"/>
  <nd ref="2035231614"/>
  <nd ref="2035231611"/>
  <nd ref="2035231617"/>
  <nd ref="2035231620"/>
  <nd ref="2035231629"/>
  <nd ref="2035231623"/>
  <nd ref="2035231626"/>
  <nd ref="2035231641"/>
  <nd ref="2035231632"/>
  <nd ref="2035231638"/>
  <nd ref="2035231635"/>
  <nd ref="2035231659"/>
  <nd ref="2035231705"/>
  <nd ref="2035231662"/>
  <nd ref="2035231702"/>
  <nd ref="2035231695"/>
  <nd ref="2035231674"/>
  <nd ref="2035231687"/>
  <nd ref="2035231668"/>
  <nd ref="2035231689"/>
  <nd ref="2035231703"/>
  <nd ref="2035231691"/>
  <nd ref="2035231671"/>
  <nd ref="2035231715"/>
  <nd ref="2035231719"/>
  <nd ref="2035231721"/>
  <nd ref="2035231742"/>
  <nd ref="2035231723"/>
  <nd ref="2035231748"/>
  <nd ref="2035231727"/>
  <nd ref="2035231731"/>
  <nd ref="2035231750"/>
  <nd ref="2035231733"/>
  <nd ref="2035231729"/>
  <nd ref="2035231725"/>
  <tag k="admin_level" v="10"/>
  <tag k="boundary" v="administrative"/>
  <tag k="source" v="OS_OpenData_Boundary-Line"/>
 </way>
 <way id="193000351" visible="true" version="1" changeset="14050131" timestamp="2012-11-26T20:17:02Z" user="Colin Smale" uid="30525">
  <nd ref="2035231725"/>
  <nd ref="2035231253"/>
  <nd ref="2035231249"/>
  <nd ref="2035231256"/>
  <nd ref="2035231266"/>
  <nd ref="2035231341"/>
  <nd ref="2035231307"/>
  <nd ref="2035231329"/>
  <nd ref="2035231353"/>
  <nd ref="2035231269"/>
  <nd ref="2035231333"/>
  <nd ref="2035231387"/>
  <nd ref="2035231278"/>
  <nd ref="2035231321"/>
  <nd ref="2035231246"/>
  <nd ref="2035231240"/>
  <nd ref="2035231263"/>
  <nd ref="2035231336"/>
  <nd ref="2035231259"/>
  <nd ref="2035231275"/>
  <nd ref="2035231311"/>
  <nd ref="2035231362"/>
  <nd ref="2035231350"/>
  <nd ref="2035231272"/>
  <nd ref="2035231356"/>
  <nd ref="2035231318"/>
  <nd ref="2035231284"/>
  <nd ref="2035231338"/>
  <nd ref="2035231331"/>
  <nd ref="2035231359"/>
  <nd ref="2035231381"/>
  <nd ref="2035231368"/>
  <nd ref="2035231347"/>
  <nd ref="2035231315"/>
  <nd ref="2035231327"/>
  <nd ref="2035231365"/>
  <nd ref="2035231374"/>
  <nd ref="2035231344"/>
  <nd ref="2035231393"/>
  <nd ref="2035231406"/>
  <nd ref="2035231422"/>
  <nd ref="2035231400"/>
  <nd ref="2035231419"/>
  <nd ref="2035231397"/>
  <nd ref="2035231403"/>
  <nd ref="2035231409"/>
  <nd ref="2035231425"/>
  <nd ref="2035231431"/>
  <nd ref="2035231474"/>
  <nd ref="2035231416"/>
  <nd ref="2035231434"/>
  <nd ref="2035231437"/>
  <nd ref="2035231428"/>
  <nd ref="2035231468"/>
  <nd ref="2035231440"/>
  <nd ref="2035231443"/>
  <nd ref="2035231446"/>
  <nd ref="2035231449"/>
  <nd ref="2035231465"/>
  <nd ref="2035231456"/>
  <nd ref="2035231453"/>
  <nd ref="2035231459"/>
  <nd ref="2035231512"/>
  <nd ref="2035231547"/>
  <nd ref="2035231541"/>
  <nd ref="2035231572"/>
  <nd ref="2035231565"/>
  <nd ref="2035231584"/>
  <nd ref="2035231550"/>
  <nd ref="2035231511"/>
  <nd ref="2035231515"/>
  <nd ref="2035231538"/>
  <nd ref="2035231587"/>
  <nd ref="2035231559"/>
  <nd ref="2035231529"/>
  <nd ref="2035231578"/>
  <nd ref="2035231510"/>
  <nd ref="2035231562"/>
  <nd ref="2035231556"/>
  <nd ref="2035231371"/>
  <nd ref="2035231717"/>
  <nd ref="2035231752"/>
  <nd ref="2035231390"/>
  <nd ref="2035231462"/>
  <nd ref="2035231647"/>
  <nd ref="2035231377"/>
  <nd ref="2035231413"/>
  <nd ref="2035231602"/>
  <nd ref="2035231575"/>
  <nd ref="2035231593"/>
  <nd ref="2035231707"/>
  <nd ref="2035231713"/>
  <nd ref="2035231325"/>
  <nd ref="1913944523"/>
  <tag k="admin_level" v="10"/>
  <tag k="boundary" v="administrative"/>
  <tag k="source" v="OS_OpenData_Boundary-Line"/>
 </way>
 <way id="217639012" visible="true" version="4" changeset="157329057" timestamp="2024-10-01T09:12:10Z" user="Palgrave Peter" uid="11471297">
  <nd ref="372520531"/>
  <nd ref="372520537"/>
  <nd ref="372520548"/>
  <nd ref="372520564"/>
  <nd ref="372520576"/>
  <nd ref="372520605"/>
  <nd ref="372520851"/>
  <nd ref="372520623"/>
  <nd ref="372520660"/>
  <nd ref="372520693"/>
  <nd ref="372520736"/>
  <nd ref="372520815"/>
  <nd ref="260029243"/>
  <tag k="designation" v="byway_open_to_all_traffic"/>
  <tag k="highway" v="track"/>
  <tag k="prow_ref" v="ER111"/>
 </way>
 <way id="234347787" visible="true" version="4" changeset="84255120" timestamp="2020-04-28T09:38:51Z" user="mthaddon" uid="11095445">
  <nd ref="2426000204"/>
  <nd ref="2426000211"/>
  <nd ref="2426000175"/>
  <nd ref="2709749268"/>
  <nd ref="2426000213"/>
  <nd ref="2426000203"/>
  <nd ref="2426000200"/>
  <nd ref="2709749254"/>
  <nd ref="2426000205"/>
  <nd ref="2426000184"/>
  <tag k="highway" v="raceway"/>
  <tag k="name" v="Paddock Bend"/>
  <tag k="oneway" v="yes"/>
  <tag k="source" v="Bing"/>
  <tag k="sport" v="motor"/>
 </way>
 <way id="234347788" visible="true" version="4" changeset="84255120" timestamp="2020-04-28T09:38:51Z" user="mthaddon" uid="11095445">
  <nd ref="2426000185"/>
  <nd ref="2426000168"/>
  <nd ref="2709749537"/>
  <nd ref="2426000202"/>
  <nd ref="2709749543"/>
  <nd ref="2426000163"/>
  <nd ref="2709749539"/>
  <nd ref="2426000191"/>
  <nd ref="2426000212"/>
  <nd ref="2709749516"/>
  <nd ref="2426000188"/>
  <nd ref="2709749417"/>
  <nd ref="2426000190"/>
  <tag k="highway" v="raceway"/>
  <tag k="name" v="North Bend"/>
  <tag k="oneway" v="yes"/>
  <tag k="source" v="Bing"/>
  <tag k="sport" v="motor"/>
  <tag k="surface" v="asphalt"/>
 </way>
 <way id="234347789" visible="true" version="3" changeset="37133153" timestamp="2016-02-10T20:00:37Z" user="Yoshinion" uid="3151684">
  <nd ref="2426000165"/>
  <nd ref="2426000172"/>
  <nd ref="2426000159"/>
  <nd ref="2709749317"/>
  <nd ref="2426000189"/>
  <nd ref="2426000161"/>
  <nd ref="2709749305"/>
  <nd ref="2426000192"/>
  <nd ref="2426000210"/>
  <nd ref="2426000208"/>
  <tag k="highway" v="raceway"/>
  <tag k="oneway" v="yes"/>
  <tag k="source" v="Bing"/>
 </way>
 <way id="265305394" visible="true" version="1" changeset="21013741" timestamp="2014-03-09T20:35:10Z" user="Helmchen42" uid="1817244">
  <nd ref="2709749572"/>
  <nd ref="2709749568"/>
  <nd ref="2709749564"/>
  <nd ref="2709749562"/>
  <nd ref="2709749560"/>
  <nd ref="2709749558"/>
  <nd ref="2709749551"/>
  <nd ref="2709749547"/>
  <nd ref="2709749458"/>
  <nd ref="2709749378"/>
  <tag k="highway" v="track"/>
 </way>
 <way id="265305396" visible="true" version="3" changeset="147782550" timestamp="2024-02-22T17:24:47Z" user="g_isaac" uid="11571310">
  <nd ref="2709749268"/>
  <nd ref="2709749262"/>
  <nd ref="2709749258"/>
  <nd ref="2709749259"/>
  <nd ref="2709749260"/>
  <nd ref="2709749264"/>
  <nd ref="2709749270"/>
  <nd ref="2709749272"/>
  <nd ref="2709749280"/>
  <nd ref="2709749282"/>
  <nd ref="2709749305"/>
  <tag k="highway" v="raceway"/>
  <tag k="oneway" v="yes"/>
  <tag k="sport" v="motor"/>
  <tag k="surface" v="dirt"/>
 </way>
 <way id="265305397" visible="true" version="3" changeset="137703783" timestamp="2023-06-23T21:32:02Z" user="TomJeffs" uid="6397757">
  <nd ref="11002304822"/>
  <nd ref="11002304821"/>
  <nd ref="11002304820"/>
  <nd ref="11002304819"/>
  <nd ref="11002304818"/>
  <nd ref="11002304817"/>
  <nd ref="2709749347"/>
  <nd ref="11002286692"/>
  <nd ref="2709749353"/>
  <nd ref="2709749369"/>
  <nd ref="2709749381"/>
  <nd ref="2709749397"/>
  <nd ref="2709749408"/>
  <nd ref="2709749413"/>
  <nd ref="2709749410"/>
  <nd ref="2709749406"/>
  <nd ref="2709749394"/>
  <nd ref="2709749385"/>
  <tag k="highway" v="track"/>
 </way>
 <way id="265305398" visible="true" version="4" changeset="147782550" timestamp="2024-02-22T17:24:47Z" user="g_isaac" uid="11571310">
  <nd ref="2709749321"/>
  <nd ref="2709749325"/>
  <nd ref="2709749341"/>
  <nd ref="2709749343"/>
  <nd ref="2709749349"/>
  <nd ref="2709749355"/>
  <nd ref="2709749362"/>
  <nd ref="2709749376"/>
  <nd ref="2709749392"/>
  <nd ref="2709749415"/>
  <nd ref="2709749436"/>
  <nd ref="2709749449"/>
  <nd ref="2709749466"/>
  <nd ref="2709749475"/>
  <nd ref="2709749479"/>
  <nd ref="11066723582"/>
  <nd ref="11653365560"/>
  <nd ref="11066723583"/>
  <nd ref="11653365557"/>
  <nd ref="11066723587"/>
  <tag k="highway" v="raceway"/>
  <tag k="oneway" v="yes"/>
  <tag k="sport" v="motor"/>
  <tag k="surface" v="dirt"/>
 </way>
 <way id="265305400" visible="true" version="1" changeset="21013741" timestamp="2014-03-09T20:35:10Z" user="Helmchen42" uid="1817244">
  <nd ref="2709749458"/>
  <nd ref="2709749421"/>
  <nd ref="2709749390"/>
  <nd ref="2709749315"/>
  <tag k="highway" v="track"/>
 </way>
 <way id="265305402" visible="true" version="2" changeset="137703490" timestamp="2023-06-23T21:15:37Z" user="TomJeffs" uid="6397757">
  <nd ref="2709749574"/>
  <nd ref="11002301834"/>
  <nd ref="11002301835"/>
  <nd ref="2709749572"/>
  <nd ref="2709749570"/>
  <nd ref="2709749530"/>
  <nd ref="2709749445"/>
  <nd ref="2709749420"/>
  <nd ref="2709749413"/>
  <tag k="highway" v="track"/>
 </way>
 <way id="480084685" visible="true" version="2" changeset="52628585" timestamp="2017-10-04T15:23:55Z" user="smb1001" uid="281267">
  <nd ref="33193451"/>
  <nd ref="5147889189"/>
  <nd ref="5147889186"/>
  <nd ref="5147889187"/>
  <nd ref="4731134962"/>
  <nd ref="5147889190"/>
  <nd ref="5147889188"/>
  <nd ref="4731134963"/>
  <nd ref="1743428859"/>
  <tag k="description" v="Roman Road evident as cropmark to the east of new Dover Road"/>
 </way>
 <way id="526785927" visible="true" version="7" changeset="176375307" timestamp="2025-12-24T20:26:29Z" user="abakerg" uid="12847590">
  <nd ref="5122027642"/>
  <nd ref="5122024807"/>
  <nd ref="5122027643"/>
  <nd ref="5122027628"/>
  <nd ref="5122027673"/>
  <nd ref="5122027664"/>
  <nd ref="5122024804"/>
  <nd ref="5122027674"/>
  <nd ref="5122027654"/>
  <nd ref="5122027659"/>
  <nd ref="254866063"/>
  <nd ref="1079017970"/>
  <nd ref="254866064"/>
  <nd ref="1079017518"/>
  <nd ref="1079017563"/>
  <nd ref="5122027646"/>
  <nd ref="5122024801"/>
  <nd ref="5122027700"/>
  <nd ref="5122027666"/>
  <nd ref="254866052"/>
  <nd ref="5122034934"/>
  <nd ref="5122027627"/>
  <nd ref="5122024803"/>
  <nd ref="5122024806"/>
  <nd ref="5122027639"/>
  <nd ref="5122027641"/>
  <nd ref="5122032583"/>
  <nd ref="5122027703"/>
  <nd ref="5122032589"/>
  <nd ref="5122027680"/>
  <nd ref="5122027690"/>
  <nd ref="5122027635"/>
  <nd ref="5122027696"/>
  <nd ref="5122027670"/>
  <nd ref="1079018048"/>
  <nd ref="5122035439"/>
  <nd ref="254866054"/>
  <nd ref="1079018057"/>
  <nd ref="254866055"/>
  <nd ref="5122027656"/>
  <nd ref="254866058"/>
  <nd ref="254866060"/>
  <nd ref="254866062"/>
  <nd ref="1079017797"/>
  <nd ref="5122027649"/>
  <nd ref="5122027675"/>
  <nd ref="5122027689"/>
  <nd ref="5122027623"/>
  <nd ref="5122024819"/>
  <nd ref="11065656551"/>
  <nd ref="5122027685"/>
  <nd ref="254866065"/>
  <nd ref="254866066"/>
  <nd ref="5122024817"/>
  <nd ref="5122027681"/>
  <nd ref="12071928794"/>
  <nd ref="5122027672"/>
  <nd ref="5122027647"/>
  <nd ref="5122027669"/>
  <nd ref="5122024805"/>
  <nd ref="5122024802"/>
  <nd ref="5122027686"/>
  <nd ref="5122027676"/>
  <nd ref="5122027653"/>
  <nd ref="12071928772"/>
  <nd ref="5122024816"/>
  <nd ref="5122024809"/>
  <nd ref="5122027657"/>
  <nd ref="5122027687"/>
  <nd ref="5122027625"/>
  <nd ref="5122027632"/>
  <nd ref="12071909545"/>
  <nd ref="12071909555"/>
  <nd ref="5122027701"/>
  <nd ref="5122024810"/>
  <nd ref="5122024799"/>
  <nd ref="5122027655"/>
  <nd ref="5122027688"/>
  <nd ref="5122027682"/>
  <nd ref="5122027702"/>
  <nd ref="5122027645"/>
  <nd ref="5122027663"/>
  <nd ref="5122027699"/>
  <nd ref="5122027697"/>
  <nd ref="5122027668"/>
  <nd ref="5122027640"/>
  <nd ref="5122027626"/>
  <nd ref="12071909542"/>
  <nd ref="5122024808"/>
  <nd ref="5122027631"/>
  <nd ref="12071909539"/>
  <nd ref="5122027624"/>
  <nd ref="5122024814"/>
  <nd ref="769214534"/>
  <nd ref="5122024796"/>
  <nd ref="12071909519"/>
  <nd ref="5122027665"/>
  <nd ref="5122027644"/>
  <nd ref="5122027622"/>
  <nd ref="5122027660"/>
  <nd ref="12862727952"/>
  <nd ref="254866045"/>
  <nd ref="254866044"/>
  <nd ref="12071909509"/>
  <nd ref="5122027667"/>
  <nd ref="5122027648"/>
  <nd ref="5122027650"/>
  <nd ref="5122027677"/>
  <nd ref="5122027671"/>
  <nd ref="5122027634"/>
  <nd ref="5122027684"/>
  <nd ref="5122027638"/>
  <nd ref="5122027652"/>
  <nd ref="5122024811"/>
  <nd ref="5122027691"/>
  <nd ref="5122027678"/>
  <nd ref="5122024815"/>
  <nd ref="5122024797"/>
  <nd ref="5122024798"/>
  <nd ref="5122024813"/>
  <nd ref="5122027695"/>
  <nd ref="12068320837"/>
  <nd ref="5122027633"/>
  <nd ref="5122024800"/>
  <nd ref="1079121340"/>
  <nd ref="1079121251"/>
  <nd ref="1079121227"/>
  <nd ref="1079121138"/>
  <nd ref="1079121275"/>
  <nd ref="1079121175"/>
  <nd ref="1079121137"/>
  <nd ref="1079121272"/>
  <nd ref="1352772488"/>
  <nd ref="1352772490"/>
  <nd ref="30937448"/>
  <nd ref="30937449"/>
  <nd ref="1079121140"/>
  <nd ref="30937450"/>
  <nd ref="30937451"/>
  <nd ref="30937452"/>
  <nd ref="1077128870"/>
  <nd ref="1079121222"/>
  <nd ref="5122024820"/>
  <nd ref="12068320791"/>
  <nd ref="12068320790"/>
  <nd ref="5122027642"/>
  <tag k="landuse" v="farmland"/>
 </way>
 <way id="612067378" visible="true" version="3" changeset="157334628" timestamp="2024-10-01T11:29:26Z" user="Palgrave Peter" uid="11471297">
  <nd ref="5794352783"/>
  <nd ref="12213945418"/>
  <nd ref="5794352347"/>
  <nd ref="5794352787"/>
  <nd ref="5794352777"/>
  <nd ref="5794352767"/>
  <nd ref="5794352766"/>
  <nd ref="5794352763"/>
  <nd ref="372520832"/>
  <nd ref="372520564"/>
  <nd ref="372520921"/>
  <nd ref="372520926"/>
  <nd ref="372520929"/>
  <nd ref="30935483"/>
  <nd ref="372520851"/>
  <nd ref="372520855"/>
  <nd ref="1079017863"/>
  <nd ref="5794352765"/>
  <nd ref="5794352773"/>
  <nd ref="12213694482"/>
  <nd ref="5794352779"/>
  <nd ref="12213694467"/>
  <nd ref="5794352774"/>
  <nd ref="5794352771"/>
  <nd ref="12213694458"/>
  <nd ref="5794352769"/>
  <nd ref="12213694455"/>
  <nd ref="5794352758"/>
  <nd ref="5794352784"/>
  <nd ref="1079017604"/>
  <nd ref="30935476"/>
  <nd ref="30935475"/>
  <nd ref="5794352351"/>
  <nd ref="30935473"/>
  <nd ref="12213694442"/>
  <nd ref="30935472"/>
  <nd ref="30935471"/>
  <nd ref="5794352781"/>
  <nd ref="5794352759"/>
  <nd ref="5794352753"/>
  <nd ref="5794352785"/>
  <nd ref="5794352772"/>
  <nd ref="12213945438"/>
  <nd ref="12213945428"/>
  <nd ref="5794352778"/>
  <nd ref="12213945441"/>
  <nd ref="5794352762"/>
  <nd ref="5794352348"/>
  <nd ref="12213945450"/>
  <nd ref="5794352780"/>
  <nd ref="5794352775"/>
  <nd ref="12213945573"/>
  <nd ref="12213945427"/>
  <nd ref="12213945574"/>
  <nd ref="12213945426"/>
  <nd ref="12213945425"/>
  <nd ref="12213945424"/>
  <nd ref="12213945423"/>
  <nd ref="12213945422"/>
  <nd ref="12213945421"/>
  <nd ref="12213945420"/>
  <nd ref="12213945419"/>
  <nd ref="5794352783"/>
  <tag k="landuse" v="farmland"/>
 </way>
 <way id="671278469" visible="true" version="2" changeset="79145767" timestamp="2020-01-03T08:05:04Z" user="Essex_Boy" uid="1247041">
  <nd ref="6286332302"/>
  <nd ref="6286332321"/>
  <nd ref="6286332318"/>
  <nd ref="6286332320"/>
  <nd ref="6286332323"/>
  <nd ref="6286332332"/>
  <nd ref="6286332331"/>
  <nd ref="6286332330"/>
  <nd ref="6286332305"/>
  <nd ref="7104010436"/>
  <nd ref="6286332301"/>
  <nd ref="6286332313"/>
  <nd ref="6286332302"/>
  <tag k="landuse" v="farmland"/>
 </way>
 <way id="711378854" visible="true" version="1" changeset="73072846" timestamp="2019-08-06T15:22:51Z" user="tishbh" uid="10126619">
  <nd ref="6688324000"/>
  <nd ref="6688324001"/>
  <nd ref="6688324002"/>
  <nd ref="6688324003"/>
  <nd ref="6688324004"/>
  <nd ref="6688324005"/>
  <nd ref="6688324006"/>
  <nd ref="6688324007"/>
  <nd ref="6688324008"/>
  <tag k="highway" v="service"/>
 </way>
 <way id="711378855" visible="true" version="2" changeset="157334628" timestamp="2024-10-01T11:29:26Z" user="Palgrave Peter" uid="11471297">
  <nd ref="260029218"/>
  <nd ref="6688324009"/>
  <nd ref="6688324010"/>
  <nd ref="6688324011"/>
  <nd ref="6688324012"/>
  <tag k="highway" v="service"/>
 </way>
 <way id="711378856" visible="true" version="4" changeset="157334628" timestamp="2024-10-01T11:29:26Z" user="Palgrave Peter" uid="11471297">
  <nd ref="260029223"/>
  <nd ref="8226440647"/>
  <nd ref="8226440667"/>
  <nd ref="8226440666"/>
  <nd ref="8226440648"/>
  <nd ref="8226440649"/>
  <nd ref="6688324013"/>
  <nd ref="8226440669"/>
  <nd ref="8226440668"/>
  <nd ref="8226440670"/>
  <nd ref="6688324014"/>
  <nd ref="6688324015"/>
  <nd ref="6688324016"/>
  <nd ref="6688324017"/>
  <nd ref="8894143116"/>
  <nd ref="8894184217"/>
  <nd ref="8894184218"/>
  <nd ref="8894184219"/>
  <nd ref="8894184220"/>
  <nd ref="8894184221"/>
  <nd ref="8894184222"/>
  <nd ref="8894184223"/>
  <nd ref="8894184224"/>
  <nd ref="8894184225"/>
  <nd ref="8894184226"/>
  <nd ref="8894184227"/>
  <nd ref="8894184228"/>
  <nd ref="6688324016"/>
  <tag k="highway" v="service"/>
 </way>
 <way id="727715386" visible="true" version="1" changeset="74849462" timestamp="2019-09-24T10:50:04Z" user="Raihas" uid="10252538">
  <nd ref="6819636835"/>
  <nd ref="6819636836"/>
  <tag k="highway" v="service"/>
 </way>
 <way id="738461515" visible="true" version="3" changeset="137703490" timestamp="2023-06-23T21:15:37Z" user="TomJeffs" uid="6397757">
  <nd ref="6914869107"/>
  <nd ref="6914869109"/>
  <nd ref="6914869110"/>
  <nd ref="6914869118"/>
  <nd ref="6914869111"/>
  <nd ref="6914869112"/>
  <nd ref="6914869113"/>
  <nd ref="6914869117"/>
  <nd ref="6914869114"/>
  <nd ref="6914869115"/>
  <nd ref="6914869116"/>
  <nd ref="8205239579"/>
  <nd ref="8205239580"/>
  <nd ref="8205239581"/>
  <nd ref="8205239582"/>
  <nd ref="8205239583"/>
  <nd ref="8205239584"/>
  <nd ref="8205239611"/>
  <nd ref="8205239585"/>
  <nd ref="8205239610"/>
  <nd ref="8205239586"/>
  <nd ref="8205239587"/>
  <nd ref="8205239588"/>
  <nd ref="8205239589"/>
  <nd ref="8205239590"/>
  <nd ref="8205239591"/>
  <nd ref="8205239592"/>
  <nd ref="8205239593"/>
  <nd ref="8205239594"/>
  <nd ref="8205239595"/>
  <nd ref="8205239596"/>
  <nd ref="8205239597"/>
  <nd ref="8205239598"/>
  <nd ref="8205239599"/>
  <nd ref="8205239609"/>
  <nd ref="8205239600"/>
  <tag k="highway" v="service"/>
 </way>
 <way id="760461248" visible="true" version="2" changeset="137703490" timestamp="2023-06-23T21:15:37Z" user="TomJeffs" uid="6397757">
  <nd ref="7104026495"/>
  <nd ref="7104006942"/>
  <nd ref="11002301837"/>
  <nd ref="7104026485"/>
  <nd ref="11002301838"/>
  <nd ref="11002304750"/>
  <nd ref="7104026490"/>
  <nd ref="7104026491"/>
  <nd ref="7104026492"/>
  <nd ref="7104026493"/>
  <nd ref="7104026495"/>
  <tag k="natural" v="wood"/>
 </way>
 <way id="760461250" visible="true" version="1" changeset="79145767" timestamp="2020-01-03T08:04:35Z" user="Essex_Boy" uid="1247041">
  <nd ref="7104006940"/>
  <nd ref="7104006958"/>
  <nd ref="7104026495"/>
  <nd ref="7104026493"/>
  <nd ref="7104026492"/>
  <nd ref="7104006940"/>
  <tag k="landuse" v="grass"/>
 </way>
 <way id="760461319" visible="true" version="3" changeset="157303764" timestamp="2024-09-30T15:38:10Z" user="Palgrave Peter" uid="11471297">
  <nd ref="6286332313"/>
  <nd ref="7104010435"/>
  <nd ref="7104010436"/>
  <nd ref="6286332305"/>
  <nd ref="7104026487"/>
  <nd ref="11002304778"/>
  <nd ref="7104006968"/>
  <nd ref="6286332301"/>
  <nd ref="6286332313"/>
  <tag k="natural" v="wood"/>
 </way>
 <way id="760461344" visible="true" version="1" changeset="79145767" timestamp="2020-01-03T08:05:48Z" user="Essex_Boy" uid="1247041">
  <nd ref="7103988842"/>
  <nd ref="7103988839"/>
  <tag k="barrier" v="hedge"/>
 </way>
 <way id="760461345" visible="true" version="1" changeset="79145767" timestamp="2020-01-03T08:05:48Z" user="Essex_Boy" uid="1247041">
  <nd ref="7103988840"/>
  <nd ref="7103988838"/>
  <tag k="barrier" v="hedge"/>
 </way>
 <way id="764445067" visible="true" version="10" changeset="174668119" timestamp="2025-11-14T22:34:51Z" user="Mr Walrus" uid="487368">
  <nd ref="1242644522"/>
  <nd ref="54625846"/>
  <nd ref="1242644493"/>
  <nd ref="1242644551"/>
  <nd ref="260065001"/>
  <nd ref="260064999"/>
  <nd ref="1242644463"/>
  <nd ref="4065991"/>
  <nd ref="259667282"/>
  <nd ref="1242644444"/>
  <nd ref="1242644458"/>
  <nd ref="4065996"/>
  <nd ref="1242644474"/>
  <nd ref="1242644448"/>
  <nd ref="4065995"/>
  <nd ref="1242644499"/>
  <nd ref="4657068802"/>
  <nd ref="4657068799"/>
  <nd ref="4657068798"/>
  <nd ref="1242644454"/>
  <nd ref="4065994"/>
  <nd ref="4657068795"/>
  <nd ref="259667280"/>
  <nd ref="1352772481"/>
  <nd ref="4657068794"/>
  <nd ref="4657068792"/>
  <nd ref="4065992"/>
  <nd ref="259667278"/>
  <nd ref="7267004075"/>
  <nd ref="4065993"/>
  <nd ref="1616808748"/>
  <nd ref="4657068791"/>
  <nd ref="1616808821"/>
  <nd ref="1616808863"/>
  <nd ref="1616808894"/>
  <tag k="alt_name" v="Watling Street"/>
  <tag k="carriageway_ref" v="B"/>
  <tag k="dual_carriageway" v="yes"/>
  <tag k="expressway" v="yes"/>
  <tag k="highway" v="trunk"/>
  <tag k="lanes" v="2"/>
  <tag k="lit" v="no"/>
  <tag k="maxspeed" v="70 mph"/>
  <tag k="maxspeed:type" v="GB:nsl_dual"/>
  <tag k="name" v="Dover Road"/>
  <tag k="national_highways:area" v="4"/>
  <tag k="oneway" v="yes"/>
  <tag k="operator" v="National Highways"/>
  <tag k="operator:wikidata" v="Q5760006"/>
  <tag k="ref" v="A2"/>
  <tag k="source:name" v="OS_OpenData_StreetView"/>
  <tag k="surface" v="asphalt"/>
 </way>
 <way id="764445068" visible="true" version="1" changeset="79739884" timestamp="2020-01-18T19:43:40Z" user="SiHollett" uid="231477">
  <nd ref="1242644440"/>
  <nd ref="7141570336"/>
  <nd ref="1242644522"/>
 </way>
 <way id="778471719" visible="true" version="1" changeset="81805773" timestamp="2020-03-05T06:04:30Z" user="Raihas" uid="10252538">
  <nd ref="6688324015"/>
  <nd ref="7265526366"/>
  <nd ref="7265526367"/>
  <tag k="highway" v="service"/>
 </way>
 <way id="797343740" visible="true" version="1" changeset="84255120" timestamp="2020-04-28T09:38:51Z" user="mthaddon" uid="11095445">
  <nd ref="2709749312"/>
  <nd ref="2426000185"/>
  <nd ref="2426000187"/>
  <nd ref="2709749333"/>
  <nd ref="2709749336"/>
  <nd ref="2426000194"/>
  <nd ref="2709749331"/>
  <nd ref="2426000190"/>
  <nd ref="2426000204"/>
  <tag k="highway" v="raceway"/>
  <tag k="oneway" v="yes"/>
  <tag k="source" v="Bing"/>
  <tag k="sport" v="motor"/>
 </way>
 <way id="797343741" visible="true" version="1" changeset="84255120" timestamp="2020-04-28T09:38:51Z" user="mthaddon" uid="11095445">
  <nd ref="2426000184"/>
  <nd ref="2426000180"/>
  <nd ref="2426000208"/>
  <nd ref="2426000170"/>
  <nd ref="2426000196"/>
  <nd ref="2426000195"/>
  <tag k="highway" v="raceway"/>
  <tag k="name" v="Canterbury Straight"/>
  <tag k="oneway" v="yes"/>
  <tag k="source" v="Bing"/>
  <tag k="sport" v="motor"/>
 </way>
 <way id="797343742" visible="true" version="1" changeset="84255120" timestamp="2020-04-28T09:38:51Z" user="mthaddon" uid="11095445">
  <nd ref="2426000195"/>
  <nd ref="2709749321"/>
  <nd ref="2426000209"/>
  <nd ref="2709749329"/>
  <nd ref="2426000201"/>
  <nd ref="2426000197"/>
  <nd ref="2426000193"/>
  <nd ref="2426000198"/>
  <nd ref="2426000181"/>
  <nd ref="2709749371"/>
  <nd ref="2709749385"/>
  <nd ref="2426000173"/>
  <tag k="highway" v="raceway"/>
  <tag k="name" v="Pilgrims"/>
  <tag k="oneway" v="yes"/>
  <tag k="source" v="Bing"/>
  <tag k="sport" v="motor"/>
 </way>
 <way id="797343743" visible="true" version="2" changeset="138981144" timestamp="2023-07-25T10:27:38Z" user="TomJeffs" uid="6397757">
  <nd ref="2426000173"/>
  <nd ref="2426000207"/>
  <nd ref="2709749484"/>
  <nd ref="2709749499"/>
  <nd ref="2426000206"/>
  <nd ref="2709749502"/>
  <nd ref="2426000160"/>
  <nd ref="11066723590"/>
  <nd ref="2426000167"/>
  <nd ref="2709749492"/>
  <nd ref="2426000176"/>
  <nd ref="2709749454"/>
  <tag k="highway" v="raceway"/>
  <tag k="name" v="Chessons Drift"/>
  <tag k="oneway" v="yes"/>
  <tag k="source" v="Bing"/>
  <tag k="sport" v="motor"/>
 </way>
 <way id="797343744" visible="true" version="2" changeset="138981144" timestamp="2023-07-25T10:27:38Z" user="TomJeffs" uid="6397757">
  <nd ref="2709749454"/>
  <nd ref="2426000177"/>
  <nd ref="2426000164"/>
  <nd ref="2709749358"/>
  <nd ref="11066723586"/>
  <nd ref="2426000165"/>
  <nd ref="2426000174"/>
  <nd ref="2709749286"/>
  <tag k="highway" v="raceway"/>
  <tag k="name" v="Dover Slope"/>
  <tag k="oneway" v="yes"/>
  <tag k="source" v="Bing"/>
  <tag k="sport" v="motor"/>
 </way>
 <way id="797343745" visible="true" version="1" changeset="84255120" timestamp="2020-04-28T09:38:51Z" user="mthaddon" uid="11095445">
  <nd ref="2709749286"/>
  <nd ref="2426000166"/>
  <nd ref="2709749276"/>
  <nd ref="2426000186"/>
  <nd ref="2709749274"/>
  <nd ref="2426000179"/>
  <nd ref="2426000162"/>
  <nd ref="2709749312"/>
  <tag k="highway" v="raceway"/>
  <tag k="name" v="Devils Elbow"/>
  <tag k="oneway" v="yes"/>
  <tag k="source" v="Bing"/>
  <tag k="sport" v="motor"/>
 </way>
 <way id="797343746" visible="true" version="1" changeset="84255120" timestamp="2020-04-28T09:38:51Z" user="mthaddon" uid="11095445">
  <nd ref="7457110561"/>
  <nd ref="7457110562"/>
  <nd ref="7457110563"/>
  <nd ref="7457110564"/>
  <nd ref="7457110561"/>
  <tag k="building" v="yes"/>
  <tag k="name" v="Race Control"/>
 </way>
 <way id="797469339" visible="true" version="1" changeset="84268524" timestamp="2020-04-28T12:58:06Z" user="mthaddon" uid="11095445">
  <nd ref="7458382490"/>
  <nd ref="7458382491"/>
  <nd ref="7458382492"/>
  <nd ref="7458382493"/>
  <nd ref="7458382490"/>
  <tag k="building" v="yes"/>
  <tag k="name" v="Scrutineering"/>
 </way>
 <way id="797469340" visible="true" version="1" changeset="84268524" timestamp="2020-04-28T12:58:06Z" user="mthaddon" uid="11095445">
  <nd ref="7458382494"/>
  <nd ref="7458382495"/>
  <nd ref="7458382496"/>
  <nd ref="7458382497"/>
  <nd ref="7458382494"/>
  <tag k="building" v="yes"/>
 </way>
 <way id="797469341" visible="true" version="1" changeset="84268524" timestamp="2020-04-28T12:58:06Z" user="mthaddon" uid="11095445">
  <nd ref="7458382498"/>
  <nd ref="7458382499"/>
  <nd ref="7458382500"/>
  <nd ref="2426000203"/>
  <tag k="highway" v="raceway"/>
  <tag k="name" v="Dummy Grid"/>
  <tag k="oneway" v="yes"/>
  <tag k="sport" v="motor"/>
  <tag k="surface" v="asphalt"/>
 </way>
 <way id="797469342" visible="true" version="2" changeset="84652054" timestamp="2020-05-04T23:43:17Z" user="Mike Baggaley" uid="873940">
  <nd ref="7458382501"/>
  <nd ref="7458382502"/>
  <nd ref="7458382503"/>
  <nd ref="7458382504"/>
  <nd ref="7458382501"/>
  <tag k="amenity" v="toilets"/>
  <tag k="building" v="yes"/>
 </way>
 <way id="865404974" visible="true" version="2" changeset="157329057" timestamp="2024-10-01T09:12:10Z" user="Palgrave Peter" uid="11471297">
  <nd ref="5875558589"/>
  <nd ref="8066310818"/>
  <nd ref="8066310819"/>
  <nd ref="8066310815"/>
  <nd ref="12213694297"/>
  <nd ref="12213694299"/>
  <nd ref="12213694296"/>
  <nd ref="12213694300"/>
  <nd ref="12213694298"/>
  <nd ref="5875558589"/>
  <tag k="addr:street" v="Wootton Lane"/>
  <tag k="amenity" v="place_of_worship"/>
  <tag k="building" v="church"/>
  <tag k="denomination" v="anglican"/>
  <tag k="name" v="St Martin's Church"/>
  <tag k="religion" v="christian"/>
  <tag k="wikidata" v="Q17557904"/>
 </way>
 <way id="865404975" visible="true" version="2" changeset="157329057" timestamp="2024-10-01T09:12:10Z" user="Palgrave Peter" uid="11471297">
  <nd ref="8066310812"/>
  <nd ref="8066310811"/>
  <nd ref="8066310816"/>
  <nd ref="8066310817"/>
  <nd ref="8066310813"/>
  <nd ref="8066310812"/>
  <tag k="amenity" v="grave_yard"/>
 </way>
 <way id="870763476" visible="true" version="1" changeset="93992900" timestamp="2020-11-12T11:47:53Z" user="afurquan" uid="10221594">
  <nd ref="6819636836"/>
  <nd ref="8111508635"/>
  <tag k="highway" v="service"/>
 </way>
 <way id="882306985" visible="true" version="1" changeset="95482075" timestamp="2020-12-08T11:14:05Z" user="yagyikh" uid="11733990">
  <nd ref="8205239600"/>
  <nd ref="8205239601"/>
  <nd ref="8205239602"/>
  <nd ref="8205239607"/>
  <nd ref="8205239603"/>
  <nd ref="8205239608"/>
  <nd ref="8205239604"/>
  <nd ref="8205239605"/>
  <nd ref="8205239606"/>
  <tag k="access" v="private"/>
  <tag k="highway" v="service"/>
 </way>
 <way id="884594969" visible="true" version="1" changeset="95783379" timestamp="2020-12-14T05:28:57Z" user="sourabik" uid="11734026">
  <nd ref="8226440650"/>
  <nd ref="8226440651"/>
  <nd ref="8226440652"/>
  <nd ref="8226440653"/>
  <nd ref="8226440654"/>
  <nd ref="8226440655"/>
  <nd ref="8226440656"/>
  <nd ref="8226440657"/>
  <nd ref="8226440658"/>
  <nd ref="8226440659"/>
  <nd ref="8226440660"/>
  <nd ref="8226440661"/>
  <nd ref="8226440662"/>
  <nd ref="8226440663"/>
  <nd ref="8226440664"/>
  <nd ref="8226440665"/>
  <nd ref="8226440648"/>
  <tag k="highway" v="service"/>
 </way>
 <way id="927102346" visible="true" version="2" changeset="157334628" timestamp="2024-10-01T11:29:26Z" user="Palgrave Peter" uid="11471297">
  <nd ref="8602064534"/>
  <nd ref="8602064535"/>
  <nd ref="8602064536"/>
  <nd ref="8602064537"/>
  <nd ref="8602064538"/>
  <nd ref="12213945651"/>
  <nd ref="12213945652"/>
  <nd ref="12213945653"/>
  <tag k="highway" v="service"/>
 </way>
 <way id="927413227" visible="true" version="2" changeset="150893420" timestamp="2024-05-04T18:39:52Z" user="mapboy63" uid="12340839">
  <nd ref="8604526138"/>
  <nd ref="8604526139"/>
  <tag k="access" v="private"/>
  <tag k="highway" v="service"/>
  <tag k="service" v="driveway"/>
 </way>
 <way id="961502811" visible="true" version="1" changeset="107419988" timestamp="2021-07-05T06:36:43Z" user="pravallg" uid="10457692">
  <nd ref="8894143112"/>
  <nd ref="8894143113"/>
  <nd ref="8894143114"/>
  <nd ref="8894143115"/>
  <nd ref="8226440651"/>
  <tag k="highway" v="service"/>
 </way>
 <way id="961662585" visible="true" version="1" changeset="107452533" timestamp="2021-07-05T17:07:14Z" user="jaabhil" uid="11558580">
  <nd ref="54625823"/>
  <nd ref="8895539256"/>
  <nd ref="8895539258"/>
  <nd ref="8895539257"/>
  <tag k="highway" v="service"/>
 </way>
 <way id="1134388059" visible="true" version="1" changeset="131585650" timestamp="2023-01-22T23:47:12Z" user="ntzm" uid="12363857">
  <nd ref="10575538395"/>
  <nd ref="10575538370"/>
  <tag k="highway" v="service"/>
 </way>
 <way id="1134388060" visible="true" version="1" changeset="131585650" timestamp="2023-01-22T23:47:12Z" user="ntzm" uid="12363857">
  <nd ref="10575538371"/>
  <nd ref="10575538372"/>
  <nd ref="1079017474"/>
  <tag k="highway" v="service"/>
 </way>
 <way id="1134388061" visible="true" version="1" changeset="131585650" timestamp="2023-01-22T23:47:12Z" user="ntzm" uid="12363857">
  <nd ref="10575538391"/>
  <nd ref="10575538374"/>
  <nd ref="10575538373"/>
  <nd ref="7458382499"/>
  <tag k="highway" v="service"/>
 </way>
 <way id="1134388062" visible="true" version="1" changeset="131585650" timestamp="2023-01-22T23:47:12Z" user="ntzm" uid="12363857">
  <nd ref="10575538383"/>
  <nd ref="10575538376"/>
  <tag k="highway" v="service"/>
 </way>
 <way id="1134388063" visible="true" version="1" changeset="131585650" timestamp="2023-01-22T23:47:12Z" user="ntzm" uid="12363857">
  <nd ref="2709749319"/>
  <nd ref="10575538379"/>
  <nd ref="10575538380"/>
  <nd ref="10575538376"/>
  <nd ref="10575538378"/>
  <nd ref="10575538377"/>
  <nd ref="10575538384"/>
  <nd ref="10575538375"/>
  <nd ref="1079017530"/>
  <nd ref="7458382498"/>
  <tag k="highway" v="service"/>
 </way>
 <way id="1134388064" visible="true" version="1" changeset="131585650" timestamp="2023-01-22T23:47:12Z" user="ntzm" uid="12363857">
  <nd ref="10575538381"/>
  <nd ref="10575538380"/>
  <tag k="highway" v="service"/>
 </way>
 <way id="1134388065" visible="true" version="1" changeset="131585650" timestamp="2023-01-22T23:47:12Z" user="ntzm" uid="12363857">
  <nd ref="10575538386"/>
  <nd ref="10575538385"/>
  <nd ref="2709749267"/>
  <nd ref="10575538384"/>
  <nd ref="10575538383"/>
  <nd ref="10575538382"/>
  <tag k="highway" v="service"/>
 </way>
 <way id="1134388066" visible="true" version="2" changeset="138981144" timestamp="2023-07-25T10:27:38Z" user="TomJeffs" uid="6397757">
  <nd ref="10575538382"/>
  <nd ref="10575538393"/>
  <nd ref="10575538386"/>
  <nd ref="10575538392"/>
  <nd ref="10575538391"/>
  <nd ref="10575538390"/>
  <nd ref="10575538389"/>
  <nd ref="10575538388"/>
  <nd ref="11066723598"/>
  <nd ref="10575538387"/>
  <nd ref="2709749417"/>
  <tag k="highway" v="service"/>
 </way>
 <way id="1134388067" visible="true" version="1" changeset="131585650" timestamp="2023-01-22T23:47:12Z" user="ntzm" uid="12363857">
  <nd ref="1079017474"/>
  <nd ref="10575538397"/>
  <nd ref="10575538396"/>
  <nd ref="10575538395"/>
  <nd ref="10575538394"/>
  <tag k="highway" v="service"/>
 </way>
 <way id="1184537111" visible="true" version="1" changeset="137703490" timestamp="2023-06-23T21:15:37Z" user="TomJeffs" uid="6397757">
  <nd ref="11002301822"/>
  <nd ref="11002301823"/>
  <nd ref="11002301824"/>
  <nd ref="11002301825"/>
  <nd ref="11002301826"/>
  <nd ref="11002301827"/>
  <nd ref="11002301822"/>
  <tag k="amenity" v="toilets"/>
  <tag k="building" v="yes"/>
 </way>
 <way id="1184537112" visible="true" version="1" changeset="137703490" timestamp="2023-06-23T21:15:37Z" user="TomJeffs" uid="6397757">
  <nd ref="11002301828"/>
  <nd ref="11002301829"/>
  <nd ref="11002301830"/>
  <nd ref="11002301831"/>
  <nd ref="11002301832"/>
  <nd ref="11002301833"/>
  <nd ref="11002301828"/>
  <tag k="amenity" v="toilets"/>
  <tag k="building" v="yes"/>
 </way>
 <way id="1184537113" visible="true" version="1" changeset="137703490" timestamp="2023-06-23T21:15:37Z" user="TomJeffs" uid="6397757">
  <nd ref="7104006975"/>
  <nd ref="11002301836"/>
  <nd ref="11002301834"/>
  <nd ref="7104006955"/>
  <tag k="access" v="customers"/>
  <tag k="barrier" v="gate"/>
 </way>
 <way id="1184537114" visible="true" version="1" changeset="137703490" timestamp="2023-06-23T21:15:37Z" user="TomJeffs" uid="6397757">
  <nd ref="11002301839"/>
  <nd ref="11002301840"/>
  <nd ref="11002301841"/>
  <nd ref="11002301842"/>
  <nd ref="11002301843"/>
  <nd ref="11002301844"/>
  <nd ref="11002301845"/>
  <nd ref="11002301846"/>
  <nd ref="11002301847"/>
  <nd ref="11002301848"/>
  <nd ref="11002301849"/>
  <nd ref="11002301850"/>
  <nd ref="11002301851"/>
  <nd ref="11002301852"/>
  <nd ref="11002301853"/>
  <nd ref="11002301854"/>
  <nd ref="11002301855"/>
  <nd ref="11002301856"/>
  <nd ref="11002301857"/>
  <nd ref="11002301858"/>
  <nd ref="11002301859"/>
  <nd ref="11002301860"/>
  <nd ref="11002301861"/>
  <nd ref="11002301862"/>
  <nd ref="11002301863"/>
  <nd ref="11002301864"/>
  <nd ref="11002301865"/>
  <nd ref="11002301866"/>
  <nd ref="11002301867"/>
  <nd ref="11002301868"/>
  <nd ref="11002301869"/>
  <nd ref="11002301870"/>
  <nd ref="11002301871"/>
  <nd ref="11002301872"/>
  <nd ref="11002301873"/>
  <nd ref="11002301874"/>
  <nd ref="11002301875"/>
  <nd ref="11002301876"/>
  <nd ref="11002301877"/>
  <nd ref="11002301878"/>
  <nd ref="11002301879"/>
  <nd ref="11002301880"/>
  <nd ref="11002301881"/>
  <nd ref="11002301882"/>
  <nd ref="11002301883"/>
  <nd ref="11002301884"/>
  <nd ref="11002301885"/>
  <nd ref="11002301886"/>
  <nd ref="11002301887"/>
  <nd ref="11002301888"/>
  <nd ref="11002301889"/>
  <nd ref="11002301890"/>
  <nd ref="11002301839"/>
  <tag k="landuse" v="grass"/>
 </way>
 <way id="1184537115" visible="true" version="1" changeset="137703490" timestamp="2023-06-23T21:15:37Z" user="TomJeffs" uid="6397757">
  <nd ref="11002301892"/>
  <nd ref="11002301893"/>
  <nd ref="11002301894"/>
  <nd ref="11002301895"/>
  <nd ref="11002301896"/>
  <nd ref="11002301897"/>
  <nd ref="11002301898"/>
  <nd ref="11002301899"/>
  <nd ref="11002301900"/>
  <nd ref="11002301901"/>
  <nd ref="11002301902"/>
  <nd ref="11002301903"/>
  <nd ref="11002304739"/>
  <nd ref="11002301904"/>
  <nd ref="11002304705"/>
  <nd ref="11002304706"/>
  <nd ref="11002304707"/>
  <nd ref="11002304708"/>
  <nd ref="11002304709"/>
  <nd ref="11002304710"/>
  <nd ref="11002304711"/>
  <nd ref="11002304712"/>
  <nd ref="11002304713"/>
  <nd ref="11002304714"/>
  <nd ref="11002304715"/>
  <nd ref="11002304716"/>
  <nd ref="11002304717"/>
  <nd ref="11002304718"/>
  <nd ref="11002304719"/>
  <nd ref="11002304720"/>
  <nd ref="11002304721"/>
  <nd ref="11002304722"/>
  <nd ref="11002304723"/>
  <nd ref="11002304724"/>
  <nd ref="11002304725"/>
  <nd ref="11002304726"/>
  <nd ref="11002304727"/>
  <nd ref="11002304728"/>
  <nd ref="11002304729"/>
  <nd ref="11002304730"/>
  <nd ref="11002304731"/>
  <nd ref="11002304732"/>
  <nd ref="11002304733"/>
  <nd ref="11002304734"/>
  <nd ref="11002304735"/>
  <nd ref="11002304736"/>
  <nd ref="11002304737"/>
  <nd ref="11002304738"/>
  <nd ref="11002301892"/>
  <tag k="landuse" v="grass"/>
 </way>
 <way id="1184537116" visible="true" version="1" changeset="137703490" timestamp="2023-06-23T21:15:37Z" user="TomJeffs" uid="6397757">
  <nd ref="11002301892"/>
  <nd ref="11002301893"/>
  <nd ref="11002301894"/>
  <nd ref="11002301895"/>
  <nd ref="11002301896"/>
  <nd ref="11002301897"/>
  <nd ref="11002301898"/>
  <nd ref="11002301899"/>
  <nd ref="11002301900"/>
  <nd ref="11002301901"/>
  <nd ref="11002301902"/>
  <nd ref="11002304739"/>
  <nd ref="11002301904"/>
  <nd ref="11002304705"/>
  <nd ref="11002304706"/>
  <nd ref="11002304707"/>
  <nd ref="11002304708"/>
  <nd ref="11002304709"/>
  <nd ref="11002304710"/>
  <nd ref="11002304711"/>
  <nd ref="11002304712"/>
  <nd ref="11002304713"/>
  <nd ref="11002304714"/>
  <nd ref="11002304715"/>
  <nd ref="11002304716"/>
  <nd ref="11002304717"/>
  <tag k="barrier" v="fence"/>
 </way>
 <way id="1184537117" visible="true" version="1" changeset="137703490" timestamp="2023-06-23T21:15:37Z" user="TomJeffs" uid="6397757">
  <nd ref="11002301863"/>
  <nd ref="11002301864"/>
  <nd ref="11002301865"/>
  <nd ref="11002301866"/>
  <nd ref="11002301867"/>
  <nd ref="11002301868"/>
  <nd ref="11002301869"/>
  <nd ref="11002301870"/>
  <nd ref="11002301871"/>
  <nd ref="11002301872"/>
  <nd ref="11002301873"/>
  <nd ref="11002301874"/>
  <nd ref="11002301875"/>
  <nd ref="11002301876"/>
  <nd ref="11002301877"/>
  <nd ref="11002301878"/>
  <nd ref="11002301879"/>
  <nd ref="11002304740"/>
  <nd ref="11002304741"/>
  <nd ref="11002304742"/>
  <nd ref="11002304743"/>
  <nd ref="11002304744"/>
  <nd ref="11002304745"/>
  <nd ref="11002304746"/>
  <nd ref="11002304747"/>
  <nd ref="11002304748"/>
  <tag k="barrier" v="fence"/>
 </way>
 <way id="1184537118" visible="true" version="1" changeset="137703490" timestamp="2023-06-23T21:15:37Z" user="TomJeffs" uid="6397757">
  <nd ref="11002304746"/>
  <nd ref="11002304749"/>
  <tag k="barrier" v="fence"/>
 </way>
 <way id="1184537119" visible="true" version="2" changeset="181356056" timestamp="2026-04-15T08:55:09Z" user="Simcoaxial" uid="547585">
  <nd ref="11002304750"/>
  <nd ref="11002304751"/>
  <nd ref="1079017943"/>
  <nd ref="11002304752"/>
  <nd ref="11002304753"/>
  <nd ref="11002304754"/>
  <nd ref="11002304755"/>
  <nd ref="11002304756"/>
  <nd ref="11002304757"/>
  <nd ref="11002304758"/>
  <nd ref="11002304759"/>
  <nd ref="6286332302"/>
  <nd ref="6286332321"/>
  <nd ref="11002304760"/>
  <nd ref="7104026491"/>
  <nd ref="7104026490"/>
  <nd ref="11002304750"/>
  <tag k="landuse" v="grass"/>
 </way>
 <way id="1184537120" visible="true" version="1" changeset="137703490" timestamp="2023-06-23T21:15:37Z" user="TomJeffs" uid="6397757">
  <nd ref="11002304760"/>
  <nd ref="11002304757"/>
  <tag k="barrier" v="fence"/>
 </way>
 <way id="1184537121" visible="true" version="1" changeset="137703490" timestamp="2023-06-23T21:15:37Z" user="TomJeffs" uid="6397757">
  <nd ref="11002304756"/>
  <nd ref="11002304757"/>
  <tag k="barrier" v="hedge"/>
 </way>
 <way id="1184537122" visible="true" version="1" changeset="137703490" timestamp="2023-06-23T21:15:37Z" user="TomJeffs" uid="6397757">
  <nd ref="11002304756"/>
  <nd ref="11002304761"/>
  <nd ref="11002304762"/>
  <nd ref="11002304763"/>
  <nd ref="11002304764"/>
  <nd ref="11002304765"/>
  <nd ref="11002304766"/>
  <nd ref="11002304767"/>
  <nd ref="11002304768"/>
  <nd ref="11002304769"/>
  <nd ref="11002304770"/>
  <nd ref="11002304771"/>
  <nd ref="11002304772"/>
  <nd ref="11002304773"/>
  <nd ref="11002304756"/>
  <tag k="landuse" v="grass"/>
 </way>
 <way id="1184537123" visible="true" version="1" changeset="137703490" timestamp="2023-06-23T21:15:37Z" user="TomJeffs" uid="6397757">
  <nd ref="11002304756"/>
  <nd ref="11002304773"/>
  <nd ref="11002304772"/>
  <nd ref="11002304771"/>
  <nd ref="11002304759"/>
  <nd ref="11002304758"/>
  <nd ref="11002304757"/>
  <nd ref="11002304756"/>
  <tag k="natural" v="wood"/>
 </way>
 <way id="1184537124" visible="true" version="3" changeset="157303764" timestamp="2024-09-30T15:38:10Z" user="Palgrave Peter" uid="11471297">
  <nd ref="11002304771"/>
  <nd ref="11002304770"/>
  <nd ref="11002304774"/>
  <nd ref="254866090"/>
  <nd ref="11002304776"/>
  <nd ref="254866096"/>
  <nd ref="11002304778"/>
  <nd ref="7104006968"/>
  <nd ref="6286332301"/>
  <nd ref="6286332313"/>
  <nd ref="6286332302"/>
  <nd ref="11002304759"/>
  <nd ref="11002304771"/>
  <tag k="landuse" v="farmland"/>
 </way>
 <way id="1184537125" visible="true" version="2" changeset="157303764" timestamp="2024-09-30T15:38:10Z" user="Palgrave Peter" uid="11471297">
  <nd ref="11002304778"/>
  <nd ref="254866096"/>
  <nd ref="254866094"/>
  <nd ref="11002304784"/>
  <nd ref="11002304779"/>
  <nd ref="11002304780"/>
  <nd ref="11002304781"/>
  <nd ref="11002304782"/>
  <nd ref="12211974367"/>
  <nd ref="7104026487"/>
  <nd ref="11002304778"/>
  <tag k="landuse" v="meadow"/>
 </way>
 <way id="1184537126" visible="true" version="1" changeset="137703490" timestamp="2023-06-23T21:15:37Z" user="TomJeffs" uid="6397757">
  <nd ref="11002304784"/>
  <nd ref="11002304785"/>
  <nd ref="11002304786"/>
  <nd ref="11002304787"/>
  <nd ref="11002304788"/>
  <nd ref="11002304789"/>
  <nd ref="11002304790"/>
  <nd ref="11002304791"/>
  <nd ref="11002304792"/>
  <nd ref="11002304793"/>
  <nd ref="11002304794"/>
  <nd ref="11002304795"/>
  <nd ref="11002304796"/>
  <nd ref="11002304797"/>
  <nd ref="254866094"/>
  <nd ref="11002304784"/>
  <tag k="landuse" v="meadow"/>
 </way>
 <way id="1184537127" visible="true" version="2" changeset="157303764" timestamp="2024-09-30T15:38:10Z" user="Palgrave Peter" uid="11471297">
  <nd ref="12211974353"/>
  <nd ref="12211974352"/>
  <nd ref="12211974351"/>
  <nd ref="11002304798"/>
  <nd ref="11002304799"/>
  <nd ref="11002304800"/>
  <nd ref="11002304801"/>
  <tag k="highway" v="track"/>
 </way>
 <way id="1184537128" visible="true" version="2" changeset="150893420" timestamp="2024-05-04T18:39:52Z" user="mapboy63" uid="12340839">
  <nd ref="10575538377"/>
  <nd ref="11002304803"/>
  <nd ref="11002304804"/>
  <nd ref="11002304805"/>
  <nd ref="11002304806"/>
  <nd ref="11002304807"/>
  <nd ref="11002304809"/>
  <nd ref="11002304808"/>
  <tag k="highway" v="service"/>
 </way>
 <way id="1184537129" visible="true" version="3" changeset="150893420" timestamp="2024-05-04T18:39:52Z" user="mapboy63" uid="12340839">
  <nd ref="11002304809"/>
  <nd ref="11002304810"/>
  <nd ref="11002304811"/>
  <nd ref="11002304812"/>
  <nd ref="11002304813"/>
  <nd ref="11002304814"/>
  <nd ref="11002304815"/>
  <nd ref="11066708154"/>
  <nd ref="11002304816"/>
  <tag k="highway" v="service"/>
 </way>
 <way id="1184537130" visible="true" version="2" changeset="157303764" timestamp="2024-09-30T15:38:10Z" user="Palgrave Peter" uid="11471297">
  <nd ref="11002304826"/>
  <nd ref="11002304828"/>
  <nd ref="11002304829"/>
  <nd ref="11002304830"/>
  <nd ref="11002304831"/>
  <nd ref="11002304832"/>
  <nd ref="11002304833"/>
  <nd ref="11002304838"/>
  <nd ref="11002304839"/>
  <nd ref="11002304840"/>
  <nd ref="11002304841"/>
  <nd ref="11002304826"/>
  <tag k="landuse" v="farmyard"/>
 </way>
 <way id="1184538365" visible="true" version="2" changeset="150893420" timestamp="2024-05-04T18:39:52Z" user="mapboy63" uid="12340839">
  <nd ref="11002311178"/>
  <nd ref="11879530352"/>
  <nd ref="11879530351"/>
  <nd ref="11002311179"/>
  <nd ref="11879530348"/>
  <nd ref="11879530347"/>
  <nd ref="11002311180"/>
  <nd ref="11002311181"/>
  <nd ref="11879530344"/>
  <nd ref="11002311182"/>
  <nd ref="2709749345"/>
  <nd ref="11879530343"/>
  <nd ref="11879530277"/>
  <nd ref="11879530278"/>
  <nd ref="11879530319"/>
  <nd ref="11879530320"/>
  <nd ref="11002311185"/>
  <nd ref="11002311186"/>
  <nd ref="11002311187"/>
  <nd ref="11002311188"/>
  <nd ref="11002311189"/>
  <nd ref="11002311178"/>
  <tag k="landuse" v="meadow"/>
 </way>
 <way id="1184538366" visible="true" version="3" changeset="157329057" timestamp="2024-10-01T09:12:10Z" user="Palgrave Peter" uid="11471297">
  <nd ref="30935537"/>
  <nd ref="11002311194"/>
  <nd ref="11002311195"/>
  <nd ref="11002311196"/>
  <nd ref="11002311197"/>
  <nd ref="11002311198"/>
  <nd ref="11002311199"/>
  <nd ref="11002311200"/>
  <nd ref="11002311201"/>
  <nd ref="11002311202"/>
  <nd ref="11002311203"/>
  <nd ref="254866082"/>
  <nd ref="11002311204"/>
  <nd ref="254866085"/>
  <nd ref="254866084"/>
  <nd ref="11002317705"/>
  <nd ref="11002317706"/>
  <nd ref="11002317707"/>
  <nd ref="11002317708"/>
  <nd ref="11002317709"/>
  <nd ref="11002317710"/>
  <nd ref="11002317711"/>
  <nd ref="11002317712"/>
  <nd ref="11002317713"/>
  <nd ref="11002317714"/>
  <nd ref="11002317717"/>
  <nd ref="11002317718"/>
  <nd ref="11002317719"/>
  <nd ref="11002317720"/>
  <nd ref="11002317721"/>
  <nd ref="30935496"/>
  <nd ref="371523863"/>
  <nd ref="371523651"/>
  <nd ref="371523654"/>
  <nd ref="11002317727"/>
  <nd ref="30935503"/>
  <nd ref="11002317729"/>
  <nd ref="11002317730"/>
  <nd ref="12212182430"/>
  <nd ref="11002317731"/>
  <nd ref="371523661"/>
  <nd ref="371523659"/>
  <nd ref="11002317732"/>
  <nd ref="11002317733"/>
  <nd ref="11002317734"/>
  <nd ref="11002317735"/>
  <nd ref="11002317736"/>
  <nd ref="30935541"/>
  <nd ref="30935542"/>
  <nd ref="11002317738"/>
  <nd ref="11002317739"/>
  <nd ref="11002317740"/>
  <nd ref="11002317741"/>
  <nd ref="11002317742"/>
  <nd ref="11002317743"/>
  <nd ref="11002317744"/>
  <nd ref="11002317745"/>
  <nd ref="11002317746"/>
  <nd ref="11002317747"/>
  <nd ref="11002317748"/>
  <nd ref="371523868"/>
  <nd ref="372520282"/>
  <nd ref="30935536"/>
  <nd ref="11002311192"/>
  <nd ref="11002311193"/>
  <nd ref="30935537"/>
  <tag k="landuse" v="farmland"/>
 </way>
 <way id="1184538367" visible="true" version="1" changeset="137703659" timestamp="2023-06-23T21:24:59Z" user="TomJeffs" uid="6397757">
  <nd ref="11002317749"/>
  <nd ref="11002317750"/>
  <nd ref="11002317751"/>
  <nd ref="11002317752"/>
  <nd ref="11002317753"/>
  <nd ref="11002317754"/>
  <tag k="highway" v="track"/>
 </way>
 <way id="1184538368" visible="true" version="1" changeset="137703659" timestamp="2023-06-23T21:24:59Z" user="TomJeffs" uid="6397757">
  <nd ref="11002317752"/>
  <nd ref="11002317755"/>
  <nd ref="11002317756"/>
  <tag k="highway" v="footway"/>
 </way>
 <way id="1184538369" visible="true" version="1" changeset="137703659" timestamp="2023-06-23T21:24:59Z" user="TomJeffs" uid="6397757">
  <nd ref="371523632"/>
  <nd ref="11002317757"/>
  <nd ref="11002317758"/>
  <nd ref="376728563"/>
  <tag k="highway" v="footway"/>
 </way>
 <way id="1184538935" visible="true" version="2" changeset="147782550" timestamp="2024-02-22T17:24:47Z" user="g_isaac" uid="11571310">
  <nd ref="11002317686"/>
  <nd ref="11002317687"/>
  <nd ref="11002317688"/>
  <nd ref="11002317689"/>
  <nd ref="11002317690"/>
  <nd ref="11002317691"/>
  <nd ref="11002317692"/>
  <nd ref="11002317693"/>
  <nd ref="11002317694"/>
  <nd ref="11002317695"/>
  <nd ref="11002317696"/>
  <nd ref="11002317697"/>
  <nd ref="11002317698"/>
  <nd ref="11002317699"/>
  <nd ref="11002317700"/>
  <nd ref="11002317701"/>
  <nd ref="11002317702"/>
  <nd ref="11002317703"/>
  <nd ref="11002317704"/>
  <nd ref="11002321605"/>
  <nd ref="11002321606"/>
  <nd ref="11002321607"/>
  <nd ref="11653365558"/>
  <nd ref="11002321608"/>
  <nd ref="11002321609"/>
  <nd ref="11653365559"/>
  <nd ref="11002317686"/>
  <tag k="landuse" v="grass"/>
 </way>
 <way id="1184538936" visible="true" version="1" changeset="137703749" timestamp="2023-06-23T21:29:53Z" user="TomJeffs" uid="6397757">
  <nd ref="11002321610"/>
  <nd ref="11002321611"/>
  <nd ref="11002321612"/>
  <nd ref="11002321613"/>
  <nd ref="11002321614"/>
  <nd ref="11002321615"/>
  <nd ref="11002321616"/>
  <nd ref="11002321617"/>
  <nd ref="11002321618"/>
  <nd ref="11002321619"/>
  <nd ref="11002321620"/>
  <nd ref="11002321621"/>
  <nd ref="11002321622"/>
  <nd ref="11002321623"/>
  <nd ref="11002321624"/>
  <nd ref="11002321625"/>
  <nd ref="11002321626"/>
  <nd ref="11002321610"/>
  <tag k="landuse" v="grass"/>
 </way>
 <way id="1184538937" visible="true" version="1" changeset="137703749" timestamp="2023-06-23T21:29:53Z" user="TomJeffs" uid="6397757">
  <nd ref="11002321627"/>
  <nd ref="11002321628"/>
  <nd ref="11002321629"/>
  <nd ref="11002321630"/>
  <nd ref="11002321631"/>
  <nd ref="11002321632"/>
  <nd ref="11002321633"/>
  <nd ref="11002321634"/>
  <nd ref="11002321635"/>
  <nd ref="11002321636"/>
  <nd ref="11002321637"/>
  <nd ref="11002321627"/>
  <tag k="landuse" v="grass"/>
 </way>
 <way id="1184538938" visible="true" version="1" changeset="137703749" timestamp="2023-06-23T21:29:53Z" user="TomJeffs" uid="6397757">
  <nd ref="11002321627"/>
  <nd ref="11002321638"/>
  <nd ref="11002321639"/>
  <nd ref="11002321640"/>
  <nd ref="11002321641"/>
  <nd ref="11002321642"/>
  <nd ref="11002321643"/>
  <nd ref="11002321620"/>
  <nd ref="11002321621"/>
  <nd ref="11002321644"/>
  <nd ref="11002321645"/>
  <nd ref="11002321646"/>
  <nd ref="11002321647"/>
  <nd ref="11002321648"/>
  <nd ref="11002321649"/>
  <nd ref="11002321650"/>
  <nd ref="11002321651"/>
  <nd ref="11002321637"/>
  <nd ref="11002321627"/>
  <tag k="natural" v="shingle"/>
 </way>
 <way id="1184538939" visible="true" version="1" changeset="137703749" timestamp="2023-06-23T21:29:53Z" user="TomJeffs" uid="6397757">
  <nd ref="11002321659"/>
  <nd ref="11002321658"/>
  <nd ref="11002321657"/>
  <nd ref="11002321656"/>
  <nd ref="11002321633"/>
  <nd ref="11002321634"/>
  <nd ref="11002321635"/>
  <nd ref="11002321636"/>
  <nd ref="11002321637"/>
  <nd ref="11002321651"/>
  <nd ref="11002321650"/>
  <nd ref="11002321649"/>
  <nd ref="11002321648"/>
  <nd ref="11002321647"/>
  <nd ref="11002321646"/>
  <nd ref="11002321645"/>
  <nd ref="11002321644"/>
  <nd ref="11002321621"/>
  <nd ref="11002321622"/>
  <nd ref="11002321623"/>
  <nd ref="11002321624"/>
  <nd ref="11002321625"/>
  <nd ref="11002321626"/>
  <nd ref="11002321652"/>
  <nd ref="11002321653"/>
  <nd ref="11002321654"/>
  <nd ref="11002321655"/>
  <tag k="barrier" v="wall"/>
 </way>
 <way id="1184539456" visible="true" version="1" changeset="137703783" timestamp="2023-06-23T21:32:02Z" user="TomJeffs" uid="6397757">
  <nd ref="11002286660"/>
  <nd ref="11002286661"/>
  <nd ref="11002286662"/>
  <nd ref="11002286663"/>
  <nd ref="11002286664"/>
  <nd ref="11002286665"/>
  <nd ref="11002286666"/>
  <nd ref="11002286667"/>
  <nd ref="11002286668"/>
  <nd ref="11002286669"/>
  <nd ref="11002286670"/>
  <nd ref="11002286671"/>
  <nd ref="11002286672"/>
  <nd ref="11002286673"/>
  <nd ref="11002286674"/>
  <nd ref="11002286675"/>
  <nd ref="11002286676"/>
  <nd ref="11002286677"/>
  <nd ref="11002286678"/>
  <nd ref="11002286679"/>
  <nd ref="11002286686"/>
  <nd ref="11002286680"/>
  <nd ref="11002286681"/>
  <nd ref="11002286682"/>
  <nd ref="11002286660"/>
  <tag k="landuse" v="grass"/>
 </way>
 <way id="1184539457" visible="true" version="1" changeset="137703783" timestamp="2023-06-23T21:32:02Z" user="TomJeffs" uid="6397757">
  <nd ref="11002286683"/>
  <nd ref="11002286684"/>
  <nd ref="11002286685"/>
  <nd ref="11002286680"/>
  <nd ref="11002286686"/>
  <nd ref="11002286687"/>
  <nd ref="11002286688"/>
  <nd ref="11002286689"/>
  <nd ref="11002286690"/>
  <nd ref="11002286691"/>
  <tag k="barrier" v="fence"/>
 </way>
 <way id="1184539458" visible="true" version="3" changeset="157303764" timestamp="2024-09-30T15:38:10Z" user="Palgrave Peter" uid="11471297">
  <nd ref="11002286693"/>
  <nd ref="11002286694"/>
  <nd ref="11002286695"/>
  <nd ref="11002286696"/>
  <nd ref="11002286697"/>
  <nd ref="11002286698"/>
  <nd ref="11002286699"/>
  <nd ref="1079017575"/>
  <nd ref="11002286701"/>
  <nd ref="11002286702"/>
  <nd ref="11002286703"/>
  <nd ref="11002286704"/>
  <nd ref="11002330905"/>
  <nd ref="11002330906"/>
  <nd ref="11002286693"/>
  <tag k="landuse" v="farmland"/>
 </way>
 <way id="1184539459" visible="true" version="2" changeset="157303764" timestamp="2024-09-30T15:38:10Z" user="Palgrave Peter" uid="11471297">
  <nd ref="11002286693"/>
  <nd ref="30935563"/>
  <nd ref="11002330909"/>
  <nd ref="11002330910"/>
  <nd ref="11002330911"/>
  <nd ref="11002330912"/>
  <nd ref="11002330913"/>
  <nd ref="11002330914"/>
  <nd ref="11002330915"/>
  <nd ref="11002330916"/>
  <nd ref="11002286694"/>
  <nd ref="11002286693"/>
  <tag k="landuse" v="meadow"/>
 </way>
 <way id="1192047553" visible="true" version="1" changeset="138981144" timestamp="2023-07-25T10:27:38Z" user="TomJeffs" uid="6397757">
  <nd ref="11066723555"/>
  <nd ref="11066723556"/>
  <nd ref="11066723557"/>
  <nd ref="11066723558"/>
  <nd ref="11066723559"/>
  <nd ref="11066723560"/>
  <nd ref="11066723561"/>
  <nd ref="11066723562"/>
  <nd ref="11066723563"/>
  <nd ref="11066723564"/>
  <nd ref="11066723565"/>
  <nd ref="11066723566"/>
  <nd ref="11066723567"/>
  <nd ref="11066723568"/>
  <nd ref="11066723569"/>
  <nd ref="11066723570"/>
  <nd ref="11066723571"/>
  <nd ref="11066723572"/>
  <nd ref="11066723573"/>
  <nd ref="11066723574"/>
  <nd ref="11066723575"/>
  <nd ref="11066723576"/>
  <nd ref="11066723577"/>
  <nd ref="11066723578"/>
  <nd ref="11066723579"/>
  <nd ref="11066723580"/>
  <nd ref="11066723581"/>
  <nd ref="11066723555"/>
  <tag k="landuse" v="grass"/>
 </way>
 <way id="1192047554" visible="true" version="2" changeset="147782550" timestamp="2024-02-22T17:24:47Z" user="g_isaac" uid="11571310">
  <nd ref="11066723587"/>
  <nd ref="11066723584"/>
  <tag k="embankment" v="yes"/>
  <tag k="highway" v="raceway"/>
  <tag k="name" v="Jump"/>
  <tag k="note" v="Rough route of new layout (not yet visible on aerial pics)"/>
  <tag k="oneway" v="yes"/>
  <tag k="sport" v="motor"/>
  <tag k="surface" v="dirt"/>
 </way>
 <way id="1192047555" visible="true" version="2" changeset="147782550" timestamp="2024-02-22T17:24:47Z" user="g_isaac" uid="11571310">
  <nd ref="11066723584"/>
  <nd ref="11066723585"/>
  <nd ref="11066723588"/>
  <nd ref="2426000172"/>
  <tag k="highway" v="raceway"/>
  <tag k="oneway" v="yes"/>
  <tag k="sport" v="motor"/>
  <tag k="surface" v="dirt"/>
 </way>
 <way id="1192047557" visible="true" version="1" changeset="138981144" timestamp="2023-07-25T10:27:38Z" user="TomJeffs" uid="6397757">
  <nd ref="11066723595"/>
  <nd ref="11066723596"/>
  <tag k="access" v="private"/>
  <tag k="handrail" v="no"/>
  <tag k="highway" v="steps"/>
  <tag k="incline" v="up"/>
 </way>
 <way id="1192047558" visible="true" version="1" changeset="138981144" timestamp="2023-07-25T10:27:38Z" user="TomJeffs" uid="6397757">
  <nd ref="11066723597"/>
  <nd ref="11066723598"/>
  <tag k="highway" v="steps"/>
  <tag k="incline" v="down"/>
 </way>
 <way id="1192048959" visible="true" version="1" changeset="138981302" timestamp="2023-07-25T10:31:16Z" user="TomJeffs" uid="6397757">
  <nd ref="11066708154"/>
  <nd ref="11066708155"/>
  <nd ref="11066708156"/>
  <nd ref="11066708157"/>
  <nd ref="11066708158"/>
  <nd ref="11066708159"/>
  <nd ref="11066708160"/>
  <nd ref="11066708161"/>
  <nd ref="11066708162"/>
  <nd ref="11066708163"/>
  <tag k="highway" v="path"/>
 </way>
 <way id="1192048960" visible="true" version="2" changeset="150893420" timestamp="2024-05-04T18:39:52Z" user="mapboy63" uid="12340839">
  <nd ref="11002304813"/>
  <nd ref="11066708164"/>
  <nd ref="11066708165"/>
  <nd ref="11066708166"/>
  <nd ref="11066708167"/>
  <nd ref="11066708168"/>
  <nd ref="11066708169"/>
  <nd ref="11066708170"/>
  <nd ref="11066708171"/>
  <nd ref="11066708172"/>
  <nd ref="11066708173"/>
  <nd ref="11066708174"/>
  <nd ref="11066708175"/>
  <nd ref="11066708176"/>
  <tag k="highway" v="service"/>
 </way>
 <way id="1279716772" visible="true" version="3" changeset="181356056" timestamp="2026-04-15T08:55:09Z" user="Simcoaxial" uid="547585">
  <nd ref="11879530341"/>
  <nd ref="11879530342"/>
  <nd ref="11879530340"/>
  <nd ref="11879530339"/>
  <nd ref="11879530317"/>
  <nd ref="11879530338"/>
  <nd ref="11002286699"/>
  <nd ref="1079017575"/>
  <nd ref="11002286701"/>
  <nd ref="11002286702"/>
  <nd ref="11002286703"/>
  <nd ref="11002286704"/>
  <nd ref="11002330905"/>
  <nd ref="11002330906"/>
  <nd ref="11879530315"/>
  <nd ref="11879530314"/>
  <nd ref="11879530313"/>
  <nd ref="11879530312"/>
  <nd ref="254866092"/>
  <nd ref="254866090"/>
  <nd ref="11002304774"/>
  <nd ref="11002304770"/>
  <nd ref="11002304771"/>
  <nd ref="11002304759"/>
  <nd ref="11002304758"/>
  <nd ref="11002304757"/>
  <nd ref="11002304756"/>
  <nd ref="11002304755"/>
  <nd ref="11002304754"/>
  <nd ref="11002304753"/>
  <nd ref="11002304752"/>
  <nd ref="1079017943"/>
  <nd ref="11002304751"/>
  <nd ref="11002304750"/>
  <nd ref="11879530310"/>
  <nd ref="11879530309"/>
  <nd ref="11879530308"/>
  <nd ref="11879530307"/>
  <nd ref="11879530306"/>
  <nd ref="11879530305"/>
  <nd ref="11879530304"/>
  <nd ref="11879530303"/>
  <nd ref="11879530302"/>
  <nd ref="11879530301"/>
  <nd ref="11879530300"/>
  <nd ref="11879530299"/>
  <nd ref="11879530298"/>
  <nd ref="11879530297"/>
  <nd ref="11879530296"/>
  <nd ref="11879530295"/>
  <nd ref="11879530294"/>
  <nd ref="11879530293"/>
  <nd ref="11879530292"/>
  <nd ref="11879530291"/>
  <nd ref="11879530290"/>
  <nd ref="11879530289"/>
  <nd ref="11879530288"/>
  <nd ref="11879530287"/>
  <nd ref="11879530286"/>
  <nd ref="11879530285"/>
  <nd ref="11879530328"/>
  <nd ref="11879530284"/>
  <nd ref="11879530283"/>
  <nd ref="11879530282"/>
  <nd ref="11879530281"/>
  <nd ref="11879530280"/>
  <nd ref="11879530279"/>
  <nd ref="2709749351"/>
  <nd ref="11879530341"/>
  <tag k="area" v="yes"/>
  <tag k="leisure" v="sports_centre"/>
  <tag k="name" v="Lydden Hill Race Circuit"/>
  <tag k="source" v="Bing"/>
  <tag k="sport" v="motor"/>
  <tag k="wikidata" v="Q1878589"/>
  <tag k="wikipedia" v="en:Lydden Hill Race Circuit"/>
 </way>
 <way id="1303101136" visible="true" version="1" changeset="154267889" timestamp="2024-07-22T15:08:34Z" user="Palgrave Peter" uid="11471297">
  <nd ref="1079121251"/>
  <nd ref="12068320842"/>
  <nd ref="12068320844"/>
  <tag k="barrier" v="hedge"/>
 </way>
 <way id="1319648167" visible="true" version="2" changeset="157307184" timestamp="2024-09-30T17:02:12Z" user="Palgrave Peter" uid="11471297">
  <nd ref="30937092"/>
  <nd ref="12211974112"/>
  <nd ref="12211974257"/>
  <nd ref="30937194"/>
  <nd ref="12211974101"/>
  <nd ref="30937180"/>
  <nd ref="12211968699"/>
  <nd ref="1079017427"/>
  <nd ref="12211968700"/>
  <nd ref="1079017527"/>
  <nd ref="12211968686"/>
  <nd ref="12211968685"/>
  <nd ref="30937177"/>
  <nd ref="1079017477"/>
  <nd ref="30937178"/>
  <nd ref="1079017974"/>
  <nd ref="12211974302"/>
  <nd ref="12211974304"/>
  <nd ref="1079017945"/>
  <nd ref="12211974258"/>
  <nd ref="1079017865"/>
  <nd ref="1079017662"/>
  <nd ref="254866074"/>
  <nd ref="254866077"/>
  <nd ref="12211974259"/>
  <nd ref="12211974260"/>
  <nd ref="12211974261"/>
  <nd ref="11002317710"/>
  <nd ref="376728440"/>
  <nd ref="11002317712"/>
  <nd ref="11002317763"/>
  <nd ref="11002317779"/>
  <nd ref="11002317780"/>
  <nd ref="12211974248"/>
  <nd ref="12211974249"/>
  <nd ref="12211974247"/>
  <nd ref="12211974246"/>
  <nd ref="12211974245"/>
  <nd ref="12211974262"/>
  <nd ref="12211974263"/>
  <nd ref="12211974264"/>
  <nd ref="12211974265"/>
  <nd ref="12211974266"/>
  <nd ref="12211974267"/>
  <nd ref="30937105"/>
  <nd ref="30937092"/>
 </way>
 <way id="1319648175" visible="true" version="1" changeset="157303764" timestamp="2024-09-30T15:38:10Z" user="Palgrave Peter" uid="11471297">
  <nd ref="12211974306"/>
  <nd ref="12211974307"/>
  <nd ref="12211974308"/>
  <nd ref="12211974309"/>
  <nd ref="12211974334"/>
  <nd ref="12211974310"/>
  <nd ref="12211974311"/>
  <nd ref="12211974312"/>
  <nd ref="11002317705"/>
  <nd ref="11002317706"/>
  <nd ref="11002317707"/>
  <nd ref="11002317708"/>
  <nd ref="11002317709"/>
  <nd ref="11002317710"/>
  <nd ref="12211974261"/>
  <nd ref="12211974260"/>
  <nd ref="12211974259"/>
  <nd ref="254866071"/>
  <nd ref="254866072"/>
  <nd ref="254866073"/>
  <nd ref="1079017865"/>
  <nd ref="12211974258"/>
  <nd ref="1079017945"/>
  <nd ref="1079017905"/>
  <nd ref="12211974313"/>
  <nd ref="12211974314"/>
  <nd ref="12211974315"/>
  <nd ref="12211974316"/>
  <nd ref="12211974317"/>
  <nd ref="12211974318"/>
  <nd ref="12211974276"/>
  <nd ref="12211974319"/>
  <nd ref="12211974320"/>
  <nd ref="12211974321"/>
  <nd ref="376728891"/>
  <nd ref="12211974330"/>
  <nd ref="12211974322"/>
  <nd ref="12211974404"/>
  <nd ref="12211974323"/>
  <nd ref="12211974324"/>
  <nd ref="12211974325"/>
  <nd ref="12211974326"/>
  <nd ref="12211974327"/>
  <nd ref="12211974328"/>
  <nd ref="12211974306"/>
  <tag k="landuse" v="farmland"/>
 </way>
 <way id="1319648177" visible="true" version="1" changeset="157303764" timestamp="2024-09-30T15:38:10Z" user="Palgrave Peter" uid="11471297">
  <nd ref="12211974332"/>
  <nd ref="12211974333"/>
  <nd ref="11002311200"/>
  <nd ref="11002311201"/>
  <nd ref="11002311202"/>
  <nd ref="11002311203"/>
  <nd ref="254866082"/>
  <nd ref="3563190510"/>
  <nd ref="3563190512"/>
  <nd ref="3563190511"/>
  <nd ref="254866083"/>
  <nd ref="12211974312"/>
  <nd ref="12211974311"/>
  <nd ref="12211974310"/>
  <nd ref="12211974332"/>
  <tag k="landuse" v="meadow"/>
  <tag k="meadow" v="paddock"/>
 </way>
 <way id="1319648178" visible="true" version="1" changeset="157303764" timestamp="2024-09-30T15:38:10Z" user="Palgrave Peter" uid="11471297">
  <nd ref="11002304833"/>
  <nd ref="12211974363"/>
  <nd ref="12211974335"/>
  <nd ref="12211974336"/>
  <nd ref="12211974337"/>
  <nd ref="12211974338"/>
  <nd ref="12211974362"/>
  <nd ref="12211974332"/>
  <nd ref="12211974310"/>
  <nd ref="12211974334"/>
  <nd ref="12211974309"/>
  <nd ref="12211974308"/>
  <nd ref="12211974339"/>
  <nd ref="12211974349"/>
  <nd ref="12211974340"/>
  <nd ref="11002304840"/>
  <nd ref="11002304839"/>
  <nd ref="11002304838"/>
  <nd ref="11002304833"/>
  <tag k="landuse" v="residential"/>
 </way>
 <way id="1319648179" visible="true" version="1" changeset="157303764" timestamp="2024-09-30T15:38:10Z" user="Palgrave Peter" uid="11471297">
  <nd ref="12211974341"/>
  <nd ref="12211974342"/>
  <nd ref="12211974343"/>
  <nd ref="12211974344"/>
  <nd ref="12211974345"/>
  <nd ref="12211974346"/>
  <nd ref="12211974347"/>
  <nd ref="12211974348"/>
  <nd ref="12211974341"/>
  <tag k="natural" v="water"/>
  <tag k="water" v="pond"/>
 </way>
 <way id="1319648180" visible="true" version="1" changeset="157303764" timestamp="2024-09-30T15:38:10Z" user="Palgrave Peter" uid="11471297">
  <nd ref="12211974306"/>
  <nd ref="12211974350"/>
  <nd ref="12211974349"/>
  <nd ref="12211974308"/>
  <nd ref="12211974307"/>
  <nd ref="12211974306"/>
  <tag k="landuse" v="meadow"/>
 </way>
 <way id="1319648181" visible="true" version="1" changeset="157303764" timestamp="2024-09-30T15:38:10Z" user="Palgrave Peter" uid="11471297">
  <nd ref="12211974354"/>
  <nd ref="1079017969"/>
  <nd ref="1079017957"/>
  <nd ref="1079017760"/>
  <nd ref="1079017792"/>
  <nd ref="254866092"/>
  <nd ref="11879530312"/>
  <nd ref="11879530313"/>
  <nd ref="11879530314"/>
  <nd ref="30935562"/>
  <nd ref="30935563"/>
  <nd ref="11002330910"/>
  <nd ref="11002330911"/>
  <nd ref="12211974355"/>
  <nd ref="12211974356"/>
  <nd ref="12211974357"/>
  <nd ref="12211974358"/>
  <nd ref="12211974359"/>
  <nd ref="12211974360"/>
  <nd ref="12211974361"/>
  <nd ref="12211974362"/>
  <nd ref="12211974338"/>
  <nd ref="12211974337"/>
  <nd ref="12211974336"/>
  <nd ref="12211974335"/>
  <nd ref="12211974363"/>
  <nd ref="11002304832"/>
  <nd ref="11002304831"/>
  <nd ref="11002304830"/>
  <nd ref="11002304829"/>
  <nd ref="11002304828"/>
  <nd ref="11002304826"/>
  <nd ref="12211974364"/>
  <nd ref="12211974365"/>
  <nd ref="12211974354"/>
  <tag k="landuse" v="meadow"/>
 </way>
 <way id="1319648183" visible="true" version="1" changeset="157303764" timestamp="2024-09-30T15:38:10Z" user="Palgrave Peter" uid="11471297">
  <nd ref="12211974371"/>
  <nd ref="12211974389"/>
  <nd ref="12211974390"/>
  <nd ref="12211974391"/>
  <nd ref="12211974392"/>
  <nd ref="12211974393"/>
  <nd ref="12211974394"/>
  <nd ref="12211974395"/>
  <nd ref="12211974396"/>
  <nd ref="12211974377"/>
  <nd ref="12211974376"/>
  <nd ref="12211974375"/>
  <nd ref="12211974374"/>
  <nd ref="12211974373"/>
  <nd ref="12211974372"/>
  <nd ref="12211974371"/>
  <tag k="landuse" v="residential"/>
 </way>
 <way id="1319648185" visible="true" version="1" changeset="157303764" timestamp="2024-09-30T15:38:10Z" user="Palgrave Peter" uid="11471297">
  <nd ref="12211974379"/>
  <nd ref="12211974378"/>
  <nd ref="12211974377"/>
  <nd ref="12211974396"/>
  <nd ref="12211974395"/>
  <nd ref="12211974394"/>
  <nd ref="12211974393"/>
  <nd ref="12211974400"/>
  <nd ref="12211974401"/>
  <nd ref="12211974402"/>
  <nd ref="12211974403"/>
  <nd ref="12211974397"/>
  <nd ref="12211974379"/>
  <tag k="landuse" v="meadow"/>
 </way>
 <way id="1319648186" visible="true" version="1" changeset="157303764" timestamp="2024-09-30T15:38:10Z" user="Palgrave Peter" uid="11471297">
  <nd ref="12211974399"/>
  <nd ref="12211974398"/>
  <nd ref="12211974403"/>
  <nd ref="12211974402"/>
  <nd ref="12211974401"/>
  <nd ref="12211974405"/>
  <nd ref="12211974325"/>
  <nd ref="12211974324"/>
  <nd ref="12211974323"/>
  <nd ref="12211974404"/>
  <nd ref="12211974399"/>
  <tag k="natural" v="wood"/>
 </way>
 <way id="1319671367" visible="true" version="1" changeset="157307184" timestamp="2024-09-30T17:02:12Z" user="Palgrave Peter" uid="11471297">
  <nd ref="30935524"/>
  <nd ref="30935525"/>
  <nd ref="12212182426"/>
  <nd ref="12212182292"/>
  <nd ref="12212182427"/>
  <nd ref="12212182428"/>
  <nd ref="12212182429"/>
  <nd ref="11002317767"/>
  <nd ref="30935513"/>
  <nd ref="30935512"/>
  <nd ref="371523656"/>
  <nd ref="30935503"/>
  <nd ref="11002317729"/>
  <nd ref="11002317730"/>
  <nd ref="12212182430"/>
  <nd ref="371523664"/>
  <nd ref="371523666"/>
  <nd ref="1079017655"/>
  <nd ref="1079017859"/>
  <nd ref="1079017568"/>
  <nd ref="416873614"/>
  <nd ref="416873613"/>
  <nd ref="12212182431"/>
  <nd ref="12212182432"/>
  <nd ref="12212182433"/>
  <nd ref="12212182434"/>
  <nd ref="12212182435"/>
  <nd ref="12212182436"/>
  <nd ref="12212182511"/>
  <nd ref="30935523"/>
  <nd ref="30935524"/>
  <tag k="landuse" v="farmland"/>
 </way>
 <way id="1319827789" visible="true" version="1" changeset="157329057" timestamp="2024-10-01T09:12:10Z" user="Palgrave Peter" uid="11471297">
  <nd ref="12213694201"/>
  <nd ref="12213694202"/>
  <nd ref="12212182432"/>
  <nd ref="12212182431"/>
  <nd ref="12213694208"/>
  <nd ref="12213694203"/>
  <nd ref="12213694204"/>
  <nd ref="12213694201"/>
  <tag k="landuse" v="farmyard"/>
 </way>
 <way id="1319827790" visible="true" version="1" changeset="157329057" timestamp="2024-10-01T09:12:10Z" user="Palgrave Peter" uid="11471297">
  <nd ref="416873614"/>
  <nd ref="12213694205"/>
  <nd ref="12213694206"/>
  <nd ref="12213694207"/>
  <nd ref="12213694208"/>
  <nd ref="12212182431"/>
  <nd ref="416873613"/>
  <nd ref="416873614"/>
  <tag k="landuse" v="meadow"/>
  <tag k="meadow" v="paddock"/>
 </way>
 <way id="1319827791" visible="true" version="1" changeset="157329057" timestamp="2024-10-01T09:12:10Z" user="Palgrave Peter" uid="11471297">
  <nd ref="12213694205"/>
  <nd ref="12213694209"/>
  <nd ref="12213694204"/>
  <nd ref="12213694203"/>
  <nd ref="12213694208"/>
  <nd ref="12213694207"/>
  <nd ref="12213694206"/>
  <nd ref="12213694205"/>
 </way>
 <way id="1319827792" visible="true" version="1" changeset="157329057" timestamp="2024-10-01T09:12:10Z" user="Palgrave Peter" uid="11471297">
  <nd ref="12213694210"/>
  <nd ref="12213694211"/>
  <nd ref="372520164"/>
  <nd ref="12213694212"/>
  <nd ref="371523385"/>
  <nd ref="12213694213"/>
  <nd ref="12213694210"/>
  <tag k="landuse" v="meadow"/>
 </way>
 <way id="1319827797" visible="true" version="1" changeset="157329057" timestamp="2024-10-01T09:12:10Z" user="Palgrave Peter" uid="11471297">
  <nd ref="1079017509"/>
  <nd ref="1079017532"/>
  <nd ref="416873621"/>
  <nd ref="12213694244"/>
  <nd ref="12213694245"/>
  <nd ref="12213694308"/>
  <nd ref="12213694220"/>
  <nd ref="12213694243"/>
  <nd ref="12213694242"/>
  <nd ref="12213694246"/>
  <nd ref="12212182508"/>
  <nd ref="12212182507"/>
  <nd ref="12212182506"/>
  <nd ref="12212182505"/>
  <nd ref="12212182504"/>
  <nd ref="12213694247"/>
  <nd ref="12213694212"/>
  <nd ref="372520164"/>
  <nd ref="12213694211"/>
  <nd ref="12213694210"/>
  <nd ref="12213694248"/>
  <nd ref="30935545"/>
  <nd ref="1079017556"/>
  <nd ref="1079017509"/>
  <tag k="landuse" v="farmland"/>
 </way>
 <way id="1319827798" visible="true" version="1" changeset="157329057" timestamp="2024-10-01T09:12:10Z" user="Palgrave Peter" uid="11471297">
  <nd ref="11002317734"/>
  <nd ref="11002317735"/>
  <nd ref="11002317736"/>
  <nd ref="30935541"/>
  <nd ref="371523516"/>
  <nd ref="371523520"/>
  <nd ref="12213694251"/>
  <nd ref="12213694202"/>
  <nd ref="12213694201"/>
  <nd ref="12213694252"/>
  <nd ref="12213694253"/>
  <nd ref="12213694254"/>
  <nd ref="1079018021"/>
  <nd ref="11002317732"/>
  <nd ref="11002317733"/>
  <nd ref="11002317734"/>
  <tag k="landuse" v="farmland"/>
 </way>
 <way id="1319827799" visible="true" version="1" changeset="157329057" timestamp="2024-10-01T09:12:10Z" user="Palgrave Peter" uid="11471297">
  <nd ref="1079017710"/>
  <nd ref="1079017897"/>
  <nd ref="1079017556"/>
  <nd ref="30935545"/>
  <nd ref="30935544"/>
  <nd ref="1079017789"/>
  <nd ref="1079017701"/>
  <nd ref="1079017710"/>
  <tag k="landuse" v="meadow"/>
 </way>
 <way id="1319827800" visible="true" version="1" changeset="157329057" timestamp="2024-10-01T09:12:10Z" user="Palgrave Peter" uid="11471297">
  <nd ref="11002311190"/>
  <nd ref="12213694255"/>
  <nd ref="12213694256"/>
  <nd ref="30935540"/>
  <nd ref="12213694257"/>
  <nd ref="30935539"/>
  <nd ref="11002311190"/>
  <tag k="landuse" v="farmland"/>
 </way>
 <way id="1319827801" visible="true" version="1" changeset="157329057" timestamp="2024-10-01T09:12:10Z" user="Palgrave Peter" uid="11471297">
  <nd ref="12213694258"/>
  <nd ref="12213694259"/>
  <nd ref="12213694260"/>
  <nd ref="12213694261"/>
  <nd ref="11002317738"/>
  <nd ref="11002317739"/>
  <nd ref="12213694258"/>
  <tag k="landuse" v="farmland"/>
 </way>
 <way id="1319827802" visible="true" version="1" changeset="157329057" timestamp="2024-10-01T09:12:10Z" user="Palgrave Peter" uid="11471297">
  <nd ref="12213694262"/>
  <nd ref="12213694263"/>
  <nd ref="12213694264"/>
  <nd ref="12213694265"/>
  <nd ref="12213694266"/>
  <nd ref="12213694267"/>
  <nd ref="12213694268"/>
  <nd ref="12213694262"/>
 </way>
 <way id="1319827803" visible="true" version="1" changeset="157329057" timestamp="2024-10-01T09:12:10Z" user="Palgrave Peter" uid="11471297">
  <nd ref="12213694269"/>
  <nd ref="12213694270"/>
  <nd ref="12213694271"/>
  <nd ref="12213694272"/>
  <nd ref="12213694269"/>
  <tag k="building" v="detached"/>
 </way>
 <way id="1319827804" visible="true" version="1" changeset="157329057" timestamp="2024-10-01T09:12:10Z" user="Palgrave Peter" uid="11471297">
  <nd ref="12213694273"/>
  <nd ref="12213694274"/>
  <nd ref="12213694275"/>
  <nd ref="12213694276"/>
  <nd ref="12213694273"/>
  <tag k="building" v="yes"/>
 </way>
 <way id="1319827805" visible="true" version="1" changeset="157329057" timestamp="2024-10-01T09:12:10Z" user="Palgrave Peter" uid="11471297">
  <nd ref="12213694267"/>
  <nd ref="12213694266"/>
  <nd ref="1079017444"/>
  <nd ref="1079017926"/>
  <nd ref="30935543"/>
  <nd ref="1079018011"/>
  <nd ref="1079017934"/>
  <nd ref="1079017466"/>
  <nd ref="30935542"/>
  <nd ref="11002317738"/>
  <nd ref="12213694261"/>
  <nd ref="12213694267"/>
  <tag k="landuse" v="meadow"/>
 </way>
 <way id="1319827806" visible="true" version="1" changeset="157329057" timestamp="2024-10-01T09:12:10Z" user="Palgrave Peter" uid="11471297">
  <nd ref="12213694263"/>
  <nd ref="12213694277"/>
  <nd ref="12213694278"/>
  <nd ref="12213694279"/>
  <nd ref="1079017742"/>
  <nd ref="12213694250"/>
  <nd ref="12213694249"/>
  <nd ref="1079017693"/>
  <nd ref="1079017444"/>
  <nd ref="12213694266"/>
  <nd ref="12213694264"/>
  <nd ref="12213694263"/>
  <tag k="landuse" v="farmland"/>
 </way>
 <way id="1319827807" visible="true" version="1" changeset="157329057" timestamp="2024-10-01T09:12:10Z" user="Palgrave Peter" uid="11471297">
  <nd ref="12213694291"/>
  <nd ref="8066310813"/>
  <nd ref="8066310817"/>
  <nd ref="8066310816"/>
  <nd ref="12213694294"/>
  <nd ref="12213694292"/>
  <nd ref="12213694293"/>
  <nd ref="12213694291"/>
  <tag k="natural" v="wood"/>
 </way>
 <way id="1319827808" visible="true" version="1" changeset="157329057" timestamp="2024-10-01T09:12:10Z" user="Palgrave Peter" uid="11471297">
  <nd ref="12213694295"/>
  <nd ref="12213694296"/>
  <tag k="highway" v="footway"/>
 </way>
 <way id="1319827809" visible="true" version="1" changeset="157329057" timestamp="2024-10-01T09:12:10Z" user="Palgrave Peter" uid="11471297">
  <nd ref="8066310812"/>
  <nd ref="12213694287"/>
  <nd ref="12213694286"/>
  <nd ref="12213694288"/>
  <nd ref="12213694301"/>
  <nd ref="8066310811"/>
  <nd ref="8066310812"/>
  <tag k="natural" v="wood"/>
 </way>
 <way id="1319827810" visible="true" version="1" changeset="157329057" timestamp="2024-10-01T09:12:10Z" user="Palgrave Peter" uid="11471297">
  <nd ref="1079017840"/>
  <nd ref="12213694302"/>
  <nd ref="12213694303"/>
  <nd ref="1079017824"/>
  <nd ref="1079017840"/>
  <tag k="garden:type" v="vegetable_garden"/>
  <tag k="leisure" v="garden"/>
 </way>
 <way id="1319827811" visible="true" version="1" changeset="157329057" timestamp="2024-10-01T09:12:10Z" user="Palgrave Peter" uid="11471297">
  <nd ref="12213694281"/>
  <nd ref="12213694304"/>
  <nd ref="12213694302"/>
  <nd ref="1079017840"/>
  <nd ref="12213694280"/>
  <nd ref="12213694281"/>
  <tag k="landuse" v="farmland"/>
 </way>
 <way id="1319827812" visible="true" version="1" changeset="157329057" timestamp="2024-10-01T09:12:10Z" user="Palgrave Peter" uid="11471297">
  <nd ref="1079017994"/>
  <nd ref="1079017824"/>
  <nd ref="12213694303"/>
  <nd ref="12213694305"/>
  <nd ref="1063834410"/>
  <nd ref="1063834546"/>
  <nd ref="1063834186"/>
  <nd ref="12213694311"/>
  <nd ref="12213694312"/>
  <nd ref="12213694306"/>
  <nd ref="12213694307"/>
  <nd ref="12213694308"/>
  <nd ref="12213694245"/>
  <nd ref="12213694244"/>
  <nd ref="416873621"/>
  <nd ref="1079017532"/>
  <nd ref="1079017994"/>
  <tag k="landuse" v="meadow"/>
 </way>
 <way id="1319827841" visible="true" version="1" changeset="157329057" timestamp="2024-10-01T09:12:10Z" user="Palgrave Peter" uid="11471297">
  <nd ref="12213694283"/>
  <nd ref="12213694421"/>
  <nd ref="1063834214"/>
  <nd ref="1063834360"/>
  <nd ref="1063834456"/>
  <nd ref="12213694283"/>
  <tag k="landuse" v="meadow"/>
 </way>
 <way id="1319827842" visible="true" version="1" changeset="157329057" timestamp="2024-10-01T09:12:10Z" user="Palgrave Peter" uid="11471297">
  <nd ref="1079017604"/>
  <nd ref="12213694443"/>
  <nd ref="12213694444"/>
  <nd ref="12213694445"/>
  <nd ref="12213694446"/>
  <nd ref="5794352784"/>
  <nd ref="1079017604"/>
 </way>
 <way id="1319827843" visible="true" version="1" changeset="157329057" timestamp="2024-10-01T09:12:10Z" user="Palgrave Peter" uid="11471297">
  <nd ref="12213694447"/>
  <nd ref="12213694448"/>
  <nd ref="12213694449"/>
  <nd ref="12213694450"/>
  <nd ref="12213694451"/>
  <nd ref="12213694452"/>
  <nd ref="12213694447"/>
  <tag k="building" v="detached"/>
 </way>
 <way id="1319827844" visible="true" version="1" changeset="157329057" timestamp="2024-10-01T09:12:10Z" user="Palgrave Peter" uid="11471297">
  <nd ref="5794352351"/>
  <nd ref="30935473"/>
  <nd ref="12213694442"/>
  <nd ref="30935472"/>
  <nd ref="30935471"/>
  <nd ref="5794352781"/>
  <nd ref="5794352759"/>
  <nd ref="5794352753"/>
  <nd ref="12213694453"/>
  <nd ref="12213694415"/>
  <nd ref="12213694421"/>
  <nd ref="12213694283"/>
  <nd ref="12213694282"/>
  <nd ref="1063834199"/>
  <nd ref="1063834283"/>
  <nd ref="12213694284"/>
  <nd ref="30935478"/>
  <nd ref="30935479"/>
  <nd ref="30935482"/>
  <nd ref="30935475"/>
  <nd ref="5794352351"/>
  <tag k="landuse" v="meadow"/>
 </way>
 <way id="1319827845" visible="true" version="1" changeset="157329057" timestamp="2024-10-01T09:12:10Z" user="Palgrave Peter" uid="11471297">
  <nd ref="12213694304"/>
  <nd ref="12213694454"/>
  <nd ref="12213694285"/>
  <nd ref="12213694289"/>
  <nd ref="12213694290"/>
  <nd ref="1063834280"/>
  <nd ref="12213694305"/>
  <nd ref="12213694303"/>
  <nd ref="12213694302"/>
  <nd ref="12213694304"/>
  <tag k="landuse" v="meadow"/>
 </way>
 <way id="1319827846" visible="true" version="1" changeset="157329057" timestamp="2024-10-01T09:12:10Z" user="Palgrave Peter" uid="11471297">
  <nd ref="5794352769"/>
  <nd ref="12213694455"/>
  <nd ref="12213694456"/>
  <nd ref="12213694457"/>
  <nd ref="5794352769"/>
  <tag k="natural" v="wood"/>
 </way>
 <way id="1319827847" visible="true" version="1" changeset="157329057" timestamp="2024-10-01T09:12:10Z" user="Palgrave Peter" uid="11471297">
  <nd ref="11002311185"/>
  <nd ref="12213694459"/>
  <nd ref="12213694460"/>
  <nd ref="12213694461"/>
  <nd ref="12213694462"/>
  <nd ref="12213694463"/>
  <nd ref="12213694464"/>
  <nd ref="11002311189"/>
  <nd ref="11002311188"/>
  <nd ref="11002311187"/>
  <nd ref="11002311186"/>
  <nd ref="11002311185"/>
  <tag k="landuse" v="farmland"/>
 </way>
 <way id="1319827848" visible="true" version="1" changeset="157329057" timestamp="2024-10-01T09:12:10Z" user="Palgrave Peter" uid="11471297">
  <nd ref="12213694465"/>
  <nd ref="12213694466"/>
  <nd ref="12213694467"/>
  <nd ref="5794352774"/>
  <nd ref="12213694465"/>
  <tag k="amenity" v="animal_boarding"/>
  <tag k="animal_boarding" v="cats"/>
 </way>
 <way id="1319827849" visible="true" version="1" changeset="157329057" timestamp="2024-10-01T09:12:10Z" user="Palgrave Peter" uid="11471297">
  <nd ref="12213694468"/>
  <nd ref="12213694480"/>
  <nd ref="12213694469"/>
  <nd ref="12213694470"/>
  <nd ref="12213694471"/>
  <nd ref="12213694472"/>
  <nd ref="12213694483"/>
  <nd ref="12213694473"/>
  <nd ref="12213694468"/>
 </way>
 <way id="1319827850" visible="true" version="1" changeset="157329057" timestamp="2024-10-01T09:12:10Z" user="Palgrave Peter" uid="11471297">
  <nd ref="12213694474"/>
  <nd ref="12213694475"/>
  <nd ref="12213694476"/>
  <nd ref="12213694477"/>
  <nd ref="12213694474"/>
  <tag k="building" v="detached"/>
 </way>
 <way id="1319827851" visible="true" version="1" changeset="157329057" timestamp="2024-10-01T09:12:10Z" user="Palgrave Peter" uid="11471297">
  <nd ref="12213694478"/>
  <nd ref="12213694479"/>
  <nd ref="12213694480"/>
  <nd ref="12213694468"/>
  <nd ref="12213694478"/>
  <tag k="building" v="riding_hall"/>
 </way>
 <way id="1319827852" visible="true" version="1" changeset="157329057" timestamp="2024-10-01T09:12:10Z" user="Palgrave Peter" uid="11471297">
  <nd ref="12213694469"/>
  <nd ref="12213694481"/>
  <nd ref="12213694482"/>
  <nd ref="5794352779"/>
  <nd ref="12213694467"/>
  <nd ref="12213694466"/>
  <nd ref="12213694483"/>
  <nd ref="12213694472"/>
  <nd ref="12213694471"/>
  <nd ref="12213694470"/>
  <nd ref="12213694469"/>
  <tag k="landuse" v="farmyard"/>
 </way>
 <way id="1319827853" visible="true" version="1" changeset="157329057" timestamp="2024-10-01T09:12:10Z" user="Palgrave Peter" uid="11471297">
  <nd ref="30935485"/>
  <nd ref="12213694485"/>
  <nd ref="12213694486"/>
  <nd ref="30935483"/>
  <nd ref="372520855"/>
  <nd ref="1079017863"/>
  <nd ref="5794352765"/>
  <nd ref="5794352773"/>
  <nd ref="12213694482"/>
  <nd ref="12213694481"/>
  <nd ref="12213694469"/>
  <nd ref="12213694480"/>
  <nd ref="12213694479"/>
  <nd ref="12213694478"/>
  <nd ref="30935485"/>
  <tag k="landuse" v="meadow"/>
  <tag k="meadow" v="paddock"/>
 </way>
 <way id="1319827854" visible="true" version="1" changeset="157329057" timestamp="2024-10-01T09:12:10Z" user="Palgrave Peter" uid="11471297">
  <nd ref="12213694487"/>
  <nd ref="12213694488"/>
  <nd ref="12213694489"/>
  <nd ref="12213694490"/>
  <nd ref="12213694487"/>
  <tag k="building" v="detached"/>
 </way>
 <way id="1319852456" visible="true" version="1" changeset="157334628" timestamp="2024-10-01T11:29:26Z" user="Palgrave Peter" uid="11471297">
  <nd ref="12213945439"/>
  <nd ref="1063834548"/>
  <nd ref="1063834382"/>
  <nd ref="1063834300"/>
  <nd ref="12213945440"/>
  <nd ref="5794352778"/>
  <nd ref="12213945441"/>
  <nd ref="12213945442"/>
  <nd ref="12213945443"/>
  <nd ref="12213945448"/>
  <nd ref="12213945439"/>
  <tag k="landuse" v="industrial"/>
 </way>
 <way id="1319852457" visible="true" version="1" changeset="157334628" timestamp="2024-10-01T11:29:26Z" user="Palgrave Peter" uid="11471297">
  <nd ref="12213945444"/>
  <nd ref="12213945445"/>
  <nd ref="12213945446"/>
  <nd ref="12213945447"/>
  <nd ref="12213945448"/>
  <nd ref="12213945443"/>
  <nd ref="12213945449"/>
  <nd ref="12213945450"/>
  <nd ref="5794352780"/>
  <nd ref="5794352775"/>
  <nd ref="12213945444"/>
  <tag k="landuse" v="farmyard"/>
 </way>
 <way id="1319852458" visible="true" version="1" changeset="157334628" timestamp="2024-10-01T11:29:26Z" user="Palgrave Peter" uid="11471297">
  <nd ref="12213945443"/>
  <nd ref="12213945442"/>
  <nd ref="12213945441"/>
  <nd ref="5794352762"/>
  <nd ref="5794352348"/>
  <nd ref="12213945450"/>
  <nd ref="12213945449"/>
  <nd ref="12213945443"/>
  <tag k="landuse" v="meadow"/>
 </way>
 <way id="1319852464" visible="true" version="1" changeset="157334628" timestamp="2024-10-01T11:29:26Z" user="Palgrave Peter" uid="11471297">
  <nd ref="12213945482"/>
  <nd ref="12213945483"/>
  <nd ref="12213945484"/>
  <nd ref="12213945485"/>
  <nd ref="12213945486"/>
  <nd ref="12213945517"/>
  <nd ref="12213945482"/>
 </way>
 <way id="1319852465" visible="true" version="1" changeset="157334628" timestamp="2024-10-01T11:29:26Z" user="Palgrave Peter" uid="11471297">
  <nd ref="12213945487"/>
  <nd ref="12213945488"/>
  <nd ref="12213945489"/>
  <nd ref="12213945490"/>
  <nd ref="12213945487"/>
  <tag k="building" v="detached"/>
 </way>
 <way id="1319852466" visible="true" version="1" changeset="157334628" timestamp="2024-10-01T11:29:26Z" user="Palgrave Peter" uid="11471297">
  <nd ref="8226440659"/>
  <nd ref="12213945491"/>
  <nd ref="12213945492"/>
  <tag k="highway" v="track"/>
 </way>
 <way id="1319852467" visible="true" version="1" changeset="157334628" timestamp="2024-10-01T11:29:26Z" user="Palgrave Peter" uid="11471297">
  <nd ref="12213945496"/>
  <nd ref="12213945497"/>
  <nd ref="12213945498"/>
  <nd ref="12213945494"/>
  <nd ref="12213945493"/>
  <nd ref="12213945496"/>
  <tag k="landuse" v="residential"/>
 </way>
 <way id="1319852468" visible="true" version="1" changeset="157334628" timestamp="2024-10-01T11:29:26Z" user="Palgrave Peter" uid="11471297">
  <nd ref="12213945499"/>
  <nd ref="12213945500"/>
  <nd ref="12213945501"/>
  <nd ref="12213945502"/>
  <nd ref="12213945499"/>
  <tag k="landuse" v="industrial"/>
 </way>
 <way id="1319852469" visible="true" version="1" changeset="157334628" timestamp="2024-10-01T11:29:26Z" user="Palgrave Peter" uid="11471297">
  <nd ref="12213945499"/>
  <nd ref="12213945503"/>
  <nd ref="12213945504"/>
  <nd ref="12213945515"/>
  <nd ref="12213945505"/>
  <nd ref="12213945497"/>
  <nd ref="12213945496"/>
  <nd ref="12213945493"/>
  <nd ref="12213945508"/>
  <nd ref="12213945495"/>
  <nd ref="12213945506"/>
  <nd ref="12213945523"/>
  <nd ref="12213945502"/>
  <nd ref="12213945501"/>
  <nd ref="12213945500"/>
  <nd ref="12213945499"/>
  <tag k="leisure" v="horse_riding"/>
 </way>
 <way id="1319852470" visible="true" version="1" changeset="157334628" timestamp="2024-10-01T11:29:26Z" user="Palgrave Peter" uid="11471297">
  <nd ref="12213945507"/>
  <nd ref="12213945508"/>
  <nd ref="12213945493"/>
  <nd ref="12213945494"/>
  <nd ref="12213945509"/>
  <nd ref="12213945507"/>
  <tag k="natural" v="wetland"/>
  <tag k="wetland" v="marsh"/>
 </way>
 <way id="1319852471" visible="true" version="1" changeset="157334628" timestamp="2024-10-01T11:29:26Z" user="Palgrave Peter" uid="11471297">
  <nd ref="12213945510"/>
  <nd ref="12213945511"/>
  <nd ref="12213945512"/>
  <nd ref="12213945513"/>
  <nd ref="12213945514"/>
  <nd ref="12213945510"/>
  <tag k="natural" v="water"/>
  <tag k="water" v="pond"/>
 </way>
 <way id="1319852472" visible="true" version="1" changeset="157334628" timestamp="2024-10-01T11:29:26Z" user="Palgrave Peter" uid="11471297">
  <nd ref="12213945515"/>
  <nd ref="12213945556"/>
  <nd ref="12213945516"/>
  <nd ref="12213945479"/>
  <nd ref="12213945478"/>
  <nd ref="12213945481"/>
  <nd ref="12213945484"/>
  <nd ref="12213945483"/>
  <nd ref="12213945482"/>
  <nd ref="12213945517"/>
  <nd ref="12213945518"/>
  <nd ref="12213945519"/>
  <nd ref="12213945509"/>
  <nd ref="12213945494"/>
  <nd ref="12213945498"/>
  <nd ref="12213945497"/>
  <nd ref="12213945505"/>
  <nd ref="12213945515"/>
  <tag k="landuse" v="meadow"/>
  <tag k="meadow" v="paddock"/>
 </way>
 <way id="1319852473" visible="true" version="1" changeset="157334628" timestamp="2024-10-01T11:29:26Z" user="Palgrave Peter" uid="11471297">
  <nd ref="12213945520"/>
  <nd ref="12213945521"/>
  <nd ref="12213945522"/>
  <nd ref="12213945536"/>
  <nd ref="12213945504"/>
  <nd ref="12213945503"/>
  <nd ref="12213945499"/>
  <nd ref="12213945502"/>
  <nd ref="12213945523"/>
  <nd ref="12213945524"/>
  <nd ref="12213945525"/>
  <nd ref="12213945526"/>
  <nd ref="12213945527"/>
  <nd ref="12213945528"/>
  <nd ref="12213945583"/>
  <nd ref="12213945529"/>
  <nd ref="12213945530"/>
  <nd ref="12213945531"/>
  <nd ref="12213945532"/>
  <nd ref="12213945520"/>
  <tag k="landuse" v="meadow"/>
  <tag k="meadow" v="paddock"/>
 </way>
 <way id="1319852474" visible="true" version="1" changeset="157334628" timestamp="2024-10-01T11:29:26Z" user="Palgrave Peter" uid="11471297">
  <nd ref="12213945521"/>
  <nd ref="12213945520"/>
  <nd ref="12213945533"/>
  <nd ref="12213945534"/>
  <nd ref="12213945535"/>
  <nd ref="12213945536"/>
  <nd ref="12213945522"/>
  <nd ref="12213945521"/>
  <tag k="natural" v="scrub"/>
 </way>
 <way id="1319852475" visible="true" version="1" changeset="157334628" timestamp="2024-10-01T11:29:26Z" user="Palgrave Peter" uid="11471297">
  <nd ref="12213945537"/>
  <nd ref="12213945538"/>
  <nd ref="12213945539"/>
  <nd ref="12213945540"/>
  <nd ref="12213945541"/>
  <nd ref="12213945542"/>
  <nd ref="12213945543"/>
  <nd ref="12213945544"/>
  <nd ref="12213945533"/>
  <nd ref="12213945520"/>
  <nd ref="12213945532"/>
  <nd ref="12213945531"/>
  <nd ref="12213945530"/>
  <nd ref="12213945529"/>
  <nd ref="12213945545"/>
  <nd ref="12213945546"/>
  <nd ref="12213945547"/>
  <nd ref="12213945548"/>
  <nd ref="12213945549"/>
  <nd ref="12213945550"/>
  <nd ref="12213945537"/>
  <tag k="landuse" v="meadow"/>
 </way>
 <way id="1319852476" visible="true" version="1" changeset="157334628" timestamp="2024-10-01T11:29:26Z" user="Palgrave Peter" uid="11471297">
  <nd ref="12213945535"/>
  <nd ref="12213945534"/>
  <nd ref="12213945533"/>
  <nd ref="12213945544"/>
  <nd ref="12213945543"/>
  <nd ref="12213945542"/>
  <nd ref="12213945551"/>
  <nd ref="12213945552"/>
  <nd ref="12213945553"/>
  <nd ref="12213945554"/>
  <nd ref="12213945471"/>
  <nd ref="12213945470"/>
  <nd ref="12213945469"/>
  <nd ref="12213945555"/>
  <nd ref="12213945459"/>
  <nd ref="12213945556"/>
  <nd ref="12213945515"/>
  <nd ref="12213945504"/>
  <nd ref="12213945536"/>
  <nd ref="12213945535"/>
  <tag k="landuse" v="farmland"/>
 </way>
 <way id="1319852479" visible="true" version="1" changeset="157334628" timestamp="2024-10-01T11:29:26Z" user="Palgrave Peter" uid="11471297">
  <nd ref="12213945427"/>
  <nd ref="12213945568"/>
  <nd ref="12213945569"/>
  <nd ref="12213945570"/>
  <nd ref="12213945571"/>
  <nd ref="12213945572"/>
  <nd ref="12213945573"/>
  <nd ref="12213945427"/>
  <tag k="landuse" v="farmyard"/>
 </way>
 <way id="1319852480" visible="true" version="1" changeset="157334628" timestamp="2024-10-01T11:29:26Z" user="Palgrave Peter" uid="11471297">
  <nd ref="12213945576"/>
  <nd ref="12213945577"/>
  <nd ref="12213945578"/>
  <nd ref="12213945576"/>
  <tag k="natural" v="wood"/>
 </way>
 <way id="1319852481" visible="true" version="1" changeset="157334628" timestamp="2024-10-01T11:29:26Z" user="Palgrave Peter" uid="11471297">
  <nd ref="12213945578"/>
  <nd ref="12213945577"/>
  <nd ref="12213945579"/>
  <nd ref="12213945580"/>
  <nd ref="12213945581"/>
  <nd ref="12213945582"/>
  <nd ref="12213945578"/>
  <tag k="landuse" v="meadow"/>
  <tag k="meadow" v="paddock"/>
 </way>
 <way id="1319852482" visible="true" version="1" changeset="157334628" timestamp="2024-10-01T11:29:26Z" user="Palgrave Peter" uid="11471297">
  <nd ref="12213945581"/>
  <nd ref="12213945580"/>
  <nd ref="12213945579"/>
  <nd ref="12213945583"/>
  <nd ref="12213945528"/>
  <nd ref="12213945527"/>
  <nd ref="12213945584"/>
  <nd ref="12213945587"/>
  <nd ref="12213945581"/>
  <tag k="landuse" v="residential"/>
 </way>
 <way id="1319852483" visible="true" version="1" changeset="157334628" timestamp="2024-10-01T11:29:26Z" user="Palgrave Peter" uid="11471297">
  <nd ref="12213945584"/>
  <nd ref="12213945527"/>
  <nd ref="12213945526"/>
  <nd ref="12213945585"/>
  <nd ref="12213945588"/>
  <nd ref="12213945586"/>
  <nd ref="12213945584"/>
  <tag k="landuse" v="industrial"/>
 </way>
 <way id="1319852484" visible="true" version="1" changeset="157334628" timestamp="2024-10-01T11:29:26Z" user="Palgrave Peter" uid="11471297">
  <nd ref="12213945587"/>
  <nd ref="12213945584"/>
  <nd ref="12213945586"/>
  <nd ref="12213945588"/>
  <nd ref="12213945589"/>
  <nd ref="12213945590"/>
  <nd ref="12213945591"/>
  <nd ref="12213945587"/>
  <tag k="landuse" v="meadow"/>
 </way>
 <way id="1319852485" visible="true" version="1" changeset="157334628" timestamp="2024-10-01T11:29:26Z" user="Palgrave Peter" uid="11471297">
  <nd ref="12213945571"/>
  <nd ref="12213945570"/>
  <nd ref="12213945592"/>
  <nd ref="12213945593"/>
  <nd ref="12213945594"/>
  <nd ref="12213945444"/>
  <nd ref="5794352775"/>
  <nd ref="12213945573"/>
  <nd ref="12213945572"/>
  <nd ref="12213945571"/>
  <tag k="landuse" v="meadow"/>
  <tag k="meadow" v="paddock"/>
 </way>
 <way id="1319852486" visible="true" version="1" changeset="157334628" timestamp="2024-10-01T11:29:26Z" user="Palgrave Peter" uid="11471297">
  <nd ref="12213945595"/>
  <nd ref="12213945596"/>
  <nd ref="12213945597"/>
  <nd ref="12213945598"/>
  <nd ref="12213945614"/>
  <nd ref="12213945599"/>
  <nd ref="12213945600"/>
  <nd ref="12213945601"/>
  <nd ref="12213945602"/>
  <nd ref="12213945603"/>
  <nd ref="12213945604"/>
  <nd ref="12213945605"/>
  <nd ref="12213945606"/>
  <nd ref="12213945595"/>
  <tag k="landuse" v="meadow"/>
  <tag k="meadow" v="paddock"/>
 </way>
 <way id="1319852487" visible="true" version="1" changeset="157334628" timestamp="2024-10-01T11:29:26Z" user="Palgrave Peter" uid="11471297">
  <nd ref="12213945611"/>
  <nd ref="12213945612"/>
  <nd ref="12213945613"/>
  <nd ref="12213945618"/>
  <nd ref="12213945599"/>
  <nd ref="12213945614"/>
  <nd ref="12213945611"/>
  <tag k="landuse" v="meadow"/>
  <tag k="meadow" v="paddock"/>
 </way>
 <way id="1319852488" visible="true" version="1" changeset="157334628" timestamp="2024-10-01T11:29:26Z" user="Palgrave Peter" uid="11471297">
  <nd ref="12213945613"/>
  <nd ref="12213945615"/>
  <nd ref="12213945616"/>
  <nd ref="12213945617"/>
  <nd ref="12213945618"/>
  <nd ref="12213945613"/>
  <tag k="landuse" v="farmyard"/>
 </way>
 <way id="1319852490" visible="true" version="1" changeset="157334628" timestamp="2024-10-01T11:29:26Z" user="Palgrave Peter" uid="11471297">
  <nd ref="12213945619"/>
  <nd ref="12213945611"/>
  <nd ref="12213945614"/>
  <nd ref="12213945598"/>
  <nd ref="12213945626"/>
  <nd ref="12213945627"/>
  <nd ref="12213945677"/>
  <nd ref="12213945619"/>
  <tag k="landuse" v="farmland"/>
 </way>
 <way id="1319852491" visible="true" version="1" changeset="157334628" timestamp="2024-10-01T11:29:26Z" user="Palgrave Peter" uid="11471297">
  <nd ref="12213945596"/>
  <nd ref="12213945629"/>
  <nd ref="12213945630"/>
  <nd ref="12213945631"/>
  <nd ref="12213945597"/>
  <nd ref="12213945596"/>
  <tag k="landuse" v="farmland"/>
 </way>
 <way id="1319852492" visible="true" version="1" changeset="157334628" timestamp="2024-10-01T11:29:26Z" user="Palgrave Peter" uid="11471297">
  <nd ref="12213945632"/>
  <nd ref="12213945633"/>
  <nd ref="1079121184"/>
  <nd ref="1079121218"/>
  <nd ref="12213945411"/>
  <nd ref="12213945410"/>
  <nd ref="12213945632"/>
  <tag k="landuse" v="meadow"/>
  <tag k="meadow" v="paddock"/>
 </way>
 <way id="1319852493" visible="true" version="1" changeset="157334628" timestamp="2024-10-01T11:29:26Z" user="Palgrave Peter" uid="11471297">
  <nd ref="12213945634"/>
  <nd ref="12213945635"/>
  <nd ref="12213945636"/>
  <nd ref="12213945637"/>
  <nd ref="12213945638"/>
  <nd ref="12213945634"/>
  <tag k="landuse" v="farmyard"/>
 </way>
 <way id="1319852494" visible="true" version="2" changeset="183339633" timestamp="2026-05-29T07:45:21Z" user="Gregory Williams" uid="7037">
  <nd ref="12213945636"/>
  <nd ref="12213945635"/>
  <nd ref="12213945634"/>
  <nd ref="12213945639"/>
  <nd ref="12213945640"/>
  <nd ref="12213945636"/>
  <tag k="leaf_type" v="broadleaved"/>
  <tag k="natural" v="wood"/>
 </way>
 <way id="1319852495" visible="true" version="1" changeset="157334628" timestamp="2024-10-01T11:29:26Z" user="Palgrave Peter" uid="11471297">
  <nd ref="12213945636"/>
  <nd ref="12213945640"/>
  <nd ref="12213945641"/>
  <nd ref="12213945642"/>
  <nd ref="12213945648"/>
  <nd ref="12213945643"/>
  <nd ref="12213945644"/>
  <nd ref="12213945637"/>
  <nd ref="12213945636"/>
  <tag k="landuse" v="farmland"/>
 </way>
 <way id="1319852496" visible="true" version="2" changeset="183361554" timestamp="2026-05-29T15:24:23Z" user="Gregory Williams" uid="7037">
  <nd ref="12213945642"/>
  <nd ref="12213945645"/>
  <nd ref="12213945656"/>
  <nd ref="12213945646"/>
  <nd ref="12213945647"/>
  <tag k="leaf_type" v="broadleaved"/>
  <tag k="natural" v="tree_row"/>
 </way>
 <way id="1319852497" visible="true" version="1" changeset="157334628" timestamp="2024-10-01T11:29:26Z" user="Palgrave Peter" uid="11471297">
  <nd ref="12213945643"/>
  <nd ref="12213945648"/>
  <nd ref="12213945649"/>
  <nd ref="12213945658"/>
  <nd ref="12213945657"/>
  <nd ref="1242644465"/>
  <nd ref="12213945646"/>
  <nd ref="12213945661"/>
  <nd ref="12213945650"/>
  <nd ref="12213945643"/>
  <tag k="landuse" v="farmyard"/>
 </way>
 <way id="1319852498" visible="true" version="1" changeset="157334628" timestamp="2024-10-01T11:29:26Z" user="Palgrave Peter" uid="11471297">
  <nd ref="12213945654"/>
  <nd ref="8602064538"/>
  <tag k="highway" v="track"/>
 </way>
 <way id="1319852499" visible="true" version="1" changeset="157334628" timestamp="2024-10-01T11:29:26Z" user="Palgrave Peter" uid="11471297">
  <nd ref="12213945642"/>
  <nd ref="12213945645"/>
  <nd ref="12213945656"/>
  <nd ref="12213945657"/>
  <nd ref="12213945658"/>
  <nd ref="12213945649"/>
  <nd ref="12213945648"/>
  <nd ref="12213945642"/>
  <tag k="landuse" v="meadow"/>
  <tag k="meadow" v="paddock"/>
 </way>
 <way id="1319852500" visible="true" version="1" changeset="157334628" timestamp="2024-10-01T11:29:26Z" user="Palgrave Peter" uid="11471297">
  <nd ref="12213945659"/>
  <nd ref="12213945660"/>
  <nd ref="12213945661"/>
  <nd ref="12213945646"/>
  <nd ref="12213945647"/>
  <nd ref="12213945659"/>
  <tag k="landuse" v="meadow"/>
  <tag k="meadow" v="paddock"/>
 </way>
 <way id="1319852503" visible="true" version="2" changeset="157339997" timestamp="2024-10-01T13:31:40Z" user="Palgrave Peter" uid="11471297">
  <nd ref="12213945670"/>
  <nd ref="12213945671"/>
  <nd ref="12213945414"/>
  <nd ref="12213945413"/>
  <nd ref="12213945412"/>
  <nd ref="12213945411"/>
  <nd ref="1079121218"/>
  <nd ref="12213945672"/>
  <nd ref="1079121266"/>
  <nd ref="12213945660"/>
  <nd ref="12213945659"/>
  <nd ref="12213945673"/>
  <nd ref="12214118259"/>
  <nd ref="12213945670"/>
  <tag k="landuse" v="meadow"/>
 </way>
 <way id="1319862830" visible="true" version="2" changeset="159130459" timestamp="2024-11-14T13:30:32Z" user="Palgrave Peter" uid="11471297">
  <nd ref="1913080534"/>
  <nd ref="1913080546"/>
  <nd ref="1913080557"/>
  <nd ref="1913080566"/>
  <nd ref="12213985477"/>
  <nd ref="12213985476"/>
  <nd ref="12213985475"/>
  <nd ref="12213985474"/>
  <nd ref="1913080650"/>
  <nd ref="1913080662"/>
  <nd ref="1913080710"/>
  <nd ref="1913080723"/>
  <nd ref="1913080734"/>
  <nd ref="1913080746"/>
  <nd ref="1913080757"/>
  <nd ref="1913080768"/>
  <nd ref="1913080814"/>
  <nd ref="1913080820"/>
  <nd ref="1913080829"/>
  <nd ref="1913080836"/>
  <nd ref="1913080844"/>
  <nd ref="1913080850"/>
  <nd ref="1913080857"/>
  <nd ref="1913080865"/>
  <nd ref="1913077047"/>
  <nd ref="1913077055"/>
  <nd ref="1913077061"/>
  <nd ref="1913077068"/>
  <nd ref="1913077076"/>
  <nd ref="1913077083"/>
  <nd ref="1913077091"/>
  <nd ref="1913077097"/>
  <nd ref="1913077104"/>
  <nd ref="1913077145"/>
  <nd ref="1913077155"/>
  <nd ref="1913077166"/>
  <nd ref="1913077173"/>
  <nd ref="1913077189"/>
  <nd ref="1913077197"/>
  <nd ref="1913077201"/>
  <nd ref="1913077208"/>
  <nd ref="1913077215"/>
  <nd ref="1913077333"/>
  <nd ref="1913077340"/>
  <nd ref="1913077350"/>
  <nd ref="1913077356"/>
  <nd ref="1913077366"/>
  <nd ref="1913077373"/>
  <nd ref="1913077382"/>
  <nd ref="1913077389"/>
  <nd ref="1913077395"/>
  <nd ref="1913077405"/>
  <nd ref="1913077412"/>
  <nd ref="1913077477"/>
  <nd ref="1913077481"/>
  <nd ref="1913077485"/>
  <nd ref="1913077490"/>
  <nd ref="1913077495"/>
  <nd ref="1913077513"/>
  <nd ref="1913077517"/>
  <nd ref="1913077525"/>
  <nd ref="1913077531"/>
  <nd ref="1913077551"/>
  <nd ref="1913077555"/>
  <nd ref="1913077560"/>
  <nd ref="1913077572"/>
  <nd ref="1913077580"/>
  <nd ref="1913077595"/>
  <nd ref="1913077600"/>
  <nd ref="1913077610"/>
  <nd ref="1913077630"/>
  <nd ref="1913077635"/>
  <nd ref="1913077640"/>
  <nd ref="1913077644"/>
  <nd ref="1913077648"/>
  <nd ref="1913077655"/>
  <nd ref="1913077669"/>
  <nd ref="1913077674"/>
  <nd ref="1913077679"/>
  <nd ref="1913077247"/>
  <nd ref="1913077249"/>
  <nd ref="1913077251"/>
  <nd ref="1913077254"/>
  <nd ref="1913077256"/>
  <nd ref="1913077259"/>
  <nd ref="1913077261"/>
  <nd ref="1913077264"/>
  <nd ref="1913077266"/>
  <nd ref="1913077268"/>
  <nd ref="1913077271"/>
  <nd ref="1913077273"/>
  <nd ref="1913077276"/>
  <nd ref="1913077278"/>
  <nd ref="1913077280"/>
  <nd ref="1913077283"/>
  <nd ref="1913077285"/>
  <nd ref="1913077330"/>
  <nd ref="1913077336"/>
  <nd ref="1913077341"/>
  <nd ref="1913077347"/>
  <nd ref="1913077352"/>
  <nd ref="1913077358"/>
  <nd ref="1913077363"/>
  <nd ref="1913077369"/>
  <nd ref="1913077375"/>
  <nd ref="1913077379"/>
  <nd ref="1913077385"/>
  <nd ref="1913077391"/>
  <nd ref="1913077397"/>
  <nd ref="1913077402"/>
  <nd ref="1913077407"/>
  <nd ref="1913077414"/>
  <nd ref="1913077419"/>
  <nd ref="1913077421"/>
  <nd ref="1913077424"/>
  <nd ref="1913077427"/>
  <nd ref="1913077429"/>
  <nd ref="1913077431"/>
  <nd ref="1913077434"/>
  <nd ref="1913077436"/>
  <nd ref="1913077437"/>
  <nd ref="1913077438"/>
  <nd ref="1913077439"/>
  <nd ref="1913077440"/>
  <nd ref="1913077441"/>
  <nd ref="1913077442"/>
  <nd ref="1913077443"/>
  <nd ref="1913077444"/>
  <nd ref="1913077445"/>
  <nd ref="1913077446"/>
  <nd ref="1913077447"/>
  <nd ref="1913077448"/>
  <nd ref="1913077449"/>
  <nd ref="1913077450"/>
  <nd ref="1913077682"/>
  <nd ref="1913077686"/>
  <nd ref="1913077688"/>
  <nd ref="1913077694"/>
  <nd ref="1913077698"/>
  <nd ref="1913077707"/>
  <nd ref="1913077710"/>
  <nd ref="1913077712"/>
  <nd ref="1913077715"/>
  <nd ref="1913077717"/>
  <nd ref="1913077723"/>
  <nd ref="1913077729"/>
  <nd ref="1913077731"/>
  <nd ref="1913077732"/>
  <nd ref="1913077737"/>
  <nd ref="1913077738"/>
  <nd ref="1913077740"/>
  <nd ref="1913077742"/>
  <nd ref="1913077744"/>
  <nd ref="1913077747"/>
  <nd ref="1913077750"/>
  <nd ref="1913077752"/>
  <nd ref="1913077753"/>
  <nd ref="1913077020"/>
  <nd ref="1913077021"/>
  <nd ref="1913077022"/>
  <nd ref="1913077023"/>
  <nd ref="1913077024"/>
  <nd ref="1913077025"/>
  <nd ref="1913077026"/>
  <nd ref="1913077027"/>
  <nd ref="5809799157"/>
  <nd ref="1913077028"/>
  <nd ref="1913077029"/>
  <nd ref="1913077030"/>
  <nd ref="1913077031"/>
  <nd ref="1913077032"/>
  <nd ref="1913077033"/>
  <nd ref="1913077034"/>
  <nd ref="1913077035"/>
  <nd ref="1913077036"/>
  <nd ref="1913077037"/>
  <nd ref="1913077038"/>
  <nd ref="1913077039"/>
  <nd ref="1913077040"/>
  <nd ref="1913077042"/>
  <nd ref="1913077043"/>
  <nd ref="1913077044"/>
  <nd ref="1913077136"/>
  <nd ref="1913077137"/>
  <nd ref="1913077138"/>
  <nd ref="1913077435"/>
  <nd ref="1913081295"/>
  <nd ref="1913081448"/>
  <nd ref="671057321"/>
  <tag k="admin_level" v="8"/>
  <tag k="boundary" v="administrative"/>
  <tag k="source" v="OS_OpenData_Boundary-Line"/>
 </way>
 <way id="1412813898" visible="true" version="1" changeset="168574628" timestamp="2025-07-06T18:49:29Z" user="Yorvik Prestigitator" uid="493595">
  <nd ref="12983414561"/>
  <nd ref="12983414562"/>
  <nd ref="12983414563"/>
  <nd ref="12983414564"/>
  <nd ref="12983414561"/>
  <tag k="leisure" v="pitch"/>
  <tag k="sport" v="tennis"/>
 </way>
 <way id="1430206356" visible="true" version="2" changeset="172007603" timestamp="2025-09-16T10:48:17Z" user="papaj" uid="568934">
  <nd ref="13146924130"/>
  <nd ref="13146920925"/>
  <nd ref="13146920924"/>
  <nd ref="13146920923"/>
  <nd ref="13146920922"/>
  <nd ref="13146920921"/>
  <nd ref="13146920920"/>
  <nd ref="13146920919"/>
  <nd ref="13146920918"/>
  <nd ref="13146920917"/>
  <nd ref="13146920916"/>
  <nd ref="13146920915"/>
  <nd ref="13146931120"/>
  <nd ref="13146931121"/>
  <nd ref="13146931122"/>
  <nd ref="13146931123"/>
  <nd ref="13146931124"/>
  <nd ref="13146931125"/>
  <nd ref="13146931126"/>
  <nd ref="13146931127"/>
  <nd ref="13146931128"/>
  <nd ref="13146931129"/>
  <nd ref="13146931130"/>
  <nd ref="13146931131"/>
  <tag k="operator" v="UK Power Networks"/>
  <tag k="operator:wikidata" v="Q7864927"/>
  <tag k="power" v="minor_line"/>
  <tag k="voltage" v="11000"/>
 </way>
 <way id="1430206995" visible="true" version="1" changeset="172007603" timestamp="2025-09-16T10:48:17Z" user="papaj" uid="568934">
  <nd ref="13146931114"/>
  <nd ref="13146931113"/>
  <nd ref="13146931112"/>
  <nd ref="13146931111"/>
  <nd ref="13146931118"/>
  <tag k="operator" v="UK Power Networks"/>
  <tag k="operator:wikidata" v="Q7864927"/>
  <tag k="power" v="minor_line"/>
  <tag k="voltage" v="11000"/>
 </way>
 <way id="1430206996" visible="true" version="1" changeset="172007603" timestamp="2025-09-16T10:48:17Z" user="papaj" uid="568934">
  <nd ref="13146931119"/>
  <nd ref="13146931118"/>
  <nd ref="13146931117"/>
  <nd ref="13146931116"/>
  <nd ref="13146931115"/>
  <nd ref="13146931123"/>
  <tag k="operator" v="UK Power Networks"/>
  <tag k="operator:wikidata" v="Q7864927"/>
  <tag k="power" v="minor_line"/>
  <tag k="voltage" v="11000"/>
 </way>
 <way id="1461341781" visible="true" version="1" changeset="176375307" timestamp="2025-12-24T20:26:29Z" user="abakerg" uid="12847590">
  <nd ref="5122035439"/>
  <nd ref="13401972774"/>
  <nd ref="13401972775"/>
  <nd ref="13401972776"/>
  <nd ref="13401972777"/>
  <nd ref="13401972778"/>
  <tag k="highway" v="footway"/>
  <tag k="surface" v="dirt"/>
 </way>
 <way id="1461511945" visible="true" version="1" changeset="176395533" timestamp="2025-12-25T13:47:49Z" user="papaj" uid="568934">
  <nd ref="13404317016"/>
  <nd ref="13404317010"/>
  <nd ref="13404317009"/>
  <nd ref="13404317008"/>
  <tag k="operator" v="UK Power Networks"/>
  <tag k="operator:wikidata" v="Q7864927"/>
  <tag k="power" v="minor_line"/>
  <tag k="voltage" v="11000"/>
 </way>
 <way id="1462629752" visible="true" version="1" changeset="176589880" timestamp="2025-12-29T17:47:08Z" user="papaj" uid="568934">
  <nd ref="13416244153"/>
  <nd ref="13416244152"/>
  <nd ref="13416244151"/>
  <nd ref="13416244167"/>
  <tag k="operator" v="UK Power Networks"/>
  <tag k="operator:wikidata" v="Q7864927"/>
  <tag k="power" v="minor_line"/>
  <tag k="voltage" v="11000"/>
 </way>
 <way id="1462629753" visible="true" version="1" changeset="176589880" timestamp="2025-12-29T17:47:08Z" user="papaj" uid="568934">
  <nd ref="13416244155"/>
  <nd ref="13416244159"/>
  <nd ref="13416244154"/>
  <tag k="operator" v="UK Power Networks"/>
  <tag k="operator:wikidata" v="Q7864927"/>
  <tag k="power" v="minor_line"/>
  <tag k="voltage" v="11000"/>
 </way>
 <way id="1462629754" visible="true" version="1" changeset="176589880" timestamp="2025-12-29T17:47:08Z" user="papaj" uid="568934">
  <nd ref="13416244169"/>
  <nd ref="13416244167"/>
  <nd ref="13416244166"/>
  <nd ref="13416244165"/>
  <nd ref="13416244164"/>
  <nd ref="13416244163"/>
  <nd ref="13416244162"/>
  <nd ref="13416244161"/>
  <nd ref="13416244160"/>
  <nd ref="13416244159"/>
  <nd ref="13416244158"/>
  <nd ref="13416244157"/>
  <nd ref="13416244156"/>
  <tag k="operator" v="UK Power Networks"/>
  <tag k="operator:wikidata" v="Q7864927"/>
  <tag k="power" v="minor_line"/>
  <tag k="voltage" v="11000"/>
 </way>
 <way id="1462629755" visible="true" version="1" changeset="176589880" timestamp="2025-12-29T17:47:08Z" user="papaj" uid="568934">
  <nd ref="13416244182"/>
  <nd ref="13416244181"/>
  <nd ref="13416244180"/>
  <nd ref="13416244179"/>
  <nd ref="13416244178"/>
  <nd ref="13416244177"/>
  <nd ref="13416244176"/>
  <nd ref="13416244175"/>
  <nd ref="13416244183"/>
  <nd ref="13416244174"/>
  <nd ref="13416244173"/>
  <nd ref="13416244172"/>
  <nd ref="13416244171"/>
  <nd ref="13416244170"/>
  <nd ref="13416244169"/>
  <nd ref="13416244168"/>
  <tag k="operator" v="UK Power Networks"/>
  <tag k="operator:wikidata" v="Q7864927"/>
  <tag k="power" v="minor_line"/>
  <tag k="voltage" v="11000"/>
 </way>
 <way id="1499547166" visible="true" version="3" changeset="183361427" timestamp="2026-05-29T15:23:59Z" user="Gregory Williams" uid="7037">
  <nd ref="1079017844"/>
  <nd ref="1242644473"/>
  <tag k="hgv" v="discouraged"/>
  <tag k="highway" v="unclassified"/>
  <tag k="lane_markings" v="no"/>
  <tag k="maxspeed" v="60 mph"/>
  <tag k="maxspeed:type" v="GB:nsl_single"/>
  <tag k="surface" v="asphalt"/>
 </way>
 <way id="1499547167" visible="true" version="2" changeset="181356099" timestamp="2026-04-15T08:56:22Z" user="Simcoaxial" uid="547585">
  <nd ref="2709749574"/>
  <nd ref="1079017844"/>
  <tag k="highway" v="service"/>
  <tag k="motor_vehicle" v="private"/>
  <tag k="source" v="Bing"/>
 </way>
 <way id="1499547168" visible="true" version="1" changeset="181356056" timestamp="2026-04-15T08:55:09Z" user="Simcoaxial" uid="547585">
  <nd ref="2709749541"/>
  <nd ref="13731849348"/>
  <nd ref="13731849349"/>
  <nd ref="2709749495"/>
  <tag k="highway" v="service"/>
 </way>
 <relation id="8199" visible="true" version="10" changeset="138955727" timestamp="2023-07-24T19:20:26Z" user="TomJeffs" uid="6397757">
  <member type="way" ref="23417371" role=""/>
  <member type="way" ref="184109654" role=""/>
  <member type="way" ref="1191909028" role=""/>
  <member type="way" ref="471546004" role=""/>
  <member type="way" ref="244302175" role=""/>
  <member type="way" ref="66339766" role=""/>
  <member type="way" ref="871730659" role=""/>
  <member type="way" ref="871730660" role=""/>
  <member type="way" ref="244302181" role=""/>
  <member type="way" ref="1191909031" role=""/>
  <member type="way" ref="1191909030" role=""/>
  <member type="way" ref="184109653" role=""/>
  <member type="way" ref="764445067" role=""/>
  <member type="way" ref="1178597959" role=""/>
  <member type="way" ref="530029354" role=""/>
  <tag k="type" v="dual_carriageway"/>
 </relation>
 <relation id="172385" visible="true" version="243" changeset="189284444" timestamp="2026-09-20T08:10:27Z" user="Colin Smale" uid="30525">
  <member type="node" ref="26630886" role="admin_centre"/>
  <member type="way" ref="617877739" role="outer"/>
  <member type="way" ref="617877741" role="outer"/>
  <member type="way" ref="617877743" role="outer"/>
  <member type="way" ref="206885956" role="outer"/>
  <member type="way" ref="617877746" role="outer"/>
  <member type="way" ref="166062773" role="outer"/>
  <member type="way" ref="617877751" role="outer"/>
  <member type="way" ref="617877738" role="outer"/>
  <member type="way" ref="172344868" role="outer"/>
  <member type="way" ref="207791613" role="outer"/>
  <member type="way" ref="207791614" role="outer"/>
  <member type="way" ref="207791612" role="outer"/>
  <member type="way" ref="194708184" role="outer"/>
  <member type="way" ref="194708190" role="outer"/>
  <member type="way" ref="194708189" role="outer"/>
  <member type="way" ref="189477019" role="outer"/>
  <member type="way" ref="899863117" role="outer"/>
  <member type="way" ref="899863118" role="outer"/>
  <member type="way" ref="899863119" role="outer"/>
  <member type="way" ref="899863120" role="outer"/>
  <member type="way" ref="1305052451" role="outer"/>
  <member type="way" ref="1305052450" role="outer"/>
  <member type="way" ref="189245147" role="outer"/>
  <member type="way" ref="194708188" role="outer"/>
  <member type="way" ref="764408781" role="outer"/>
  <member type="way" ref="172343831" role="outer"/>
  <member type="way" ref="194708187" role="outer"/>
  <member type="way" ref="533156068" role="outer"/>
  <member type="way" ref="189463102" role="outer"/>
  <member type="way" ref="533156070" role="outer"/>
  <member type="way" ref="764385795" role="outer"/>
  <member type="way" ref="675508342" role="outer"/>
  <member type="way" ref="675508343" role="outer"/>
  <member type="way" ref="675508344" role="outer"/>
  <member type="way" ref="675785424" role="outer"/>
  <member type="way" ref="675785425" role="outer"/>
  <member type="way" ref="675508345" role="outer"/>
  <member type="way" ref="689723397" role="outer"/>
  <member type="way" ref="675508346" role="outer"/>
  <member type="way" ref="675785427" role="outer"/>
  <member type="way" ref="675508347" role="outer"/>
  <member type="way" ref="675785428" role="outer"/>
  <member type="way" ref="675508348" role="outer"/>
  <member type="way" ref="675508349" role="outer"/>
  <member type="way" ref="934871862" role="outer"/>
  <member type="way" ref="675508350" role="outer"/>
  <member type="way" ref="675718340" role="outer"/>
  <member type="way" ref="675508380" role="outer"/>
  <member type="way" ref="675718342" role="outer"/>
  <member type="way" ref="675718344" role="outer"/>
  <member type="way" ref="675718346" role="outer"/>
  <member type="way" ref="675718348" role="outer"/>
  <member type="way" ref="552598163" role="outer"/>
  <member type="way" ref="515955835" role="outer"/>
  <member type="way" ref="516089253" role="outer"/>
  <member type="way" ref="1212886721" role="outer"/>
  <member type="way" ref="166157228" role="outer"/>
  <member type="way" ref="166157233" role="outer"/>
  <member type="way" ref="335062145" role="outer"/>
  <member type="way" ref="335115078" role="outer"/>
  <member type="way" ref="335124152" role="outer"/>
  <member type="way" ref="166157234" role="outer"/>
  <member type="way" ref="166157235" role="outer"/>
  <member type="way" ref="166157229" role="outer"/>
  <member type="way" ref="184963314" role="outer"/>
  <member type="way" ref="174996686" role="outer"/>
  <member type="way" ref="174997768" role="outer"/>
  <member type="way" ref="166157237" role="outer"/>
  <member type="way" ref="166157238" role="outer"/>
  <member type="way" ref="170265365" role="outer"/>
  <member type="way" ref="174966718" role="outer"/>
  <member type="way" ref="166157226" role="outer"/>
  <member type="way" ref="166163008" role="outer"/>
  <member type="way" ref="174966719" role="outer"/>
  <member type="way" ref="166163012" role="outer"/>
  <member type="way" ref="166163013" role="outer"/>
  <member type="way" ref="174592400" role="outer"/>
  <member type="way" ref="166171231" role="outer"/>
  <member type="way" ref="176696179" role="outer"/>
  <member type="way" ref="177213319" role="outer"/>
  <member type="way" ref="181511625" role="outer"/>
  <member type="way" ref="166514673" role="outer"/>
  <member type="way" ref="166513265" role="outer"/>
  <member type="way" ref="174975359" role="outer"/>
  <member type="way" ref="174975323" role="outer"/>
  <member type="way" ref="181511626" role="outer"/>
  <member type="way" ref="181867947" role="outer"/>
  <member type="way" ref="180798305" role="outer"/>
  <member type="way" ref="181884660" role="outer"/>
  <member type="way" ref="181884581" role="outer"/>
  <member type="way" ref="181893373" role="outer"/>
  <member type="way" ref="181900167" role="outer"/>
  <member type="way" ref="180851971" role="outer"/>
  <member type="way" ref="180859893" role="outer"/>
  <member type="way" ref="190110725" role="outer"/>
  <member type="way" ref="180859885" role="outer"/>
  <member type="way" ref="899354701" role="outer"/>
  <member type="way" ref="899354700" role="outer"/>
  <member type="way" ref="377376600" role="outer"/>
  <member type="way" ref="190294781" role="outer"/>
  <member type="way" ref="180859947" role="outer"/>
  <member type="way" ref="190284223" role="outer"/>
  <member type="way" ref="180953193" role="outer"/>
  <member type="way" ref="192508844" role="outer"/>
  <member type="way" ref="192730727" role="outer"/>
  <member type="way" ref="193007437" role="outer"/>
  <member type="way" ref="193014970" role="outer"/>
  <member type="way" ref="193209872" role="outer"/>
  <member type="way" ref="180953195" role="outer"/>
  <member type="way" ref="181501628" role="outer"/>
  <member type="way" ref="193407439" role="outer"/>
  <member type="way" ref="193407442" role="outer"/>
  <member type="way" ref="180942251" role="outer"/>
  <member type="way" ref="458990786" role="outer"/>
  <member type="way" ref="458990780" role="outer"/>
  <member type="way" ref="191259718" role="outer"/>
  <member type="way" ref="191253731" role="outer"/>
  <member type="way" ref="191133046" role="outer"/>
  <member type="way" ref="190980365" role="outer"/>
  <member type="way" ref="190980364" role="outer"/>
  <member type="way" ref="614066318" role="outer"/>
  <member type="way" ref="614066315" role="outer"/>
  <member type="way" ref="191002449" role="outer"/>
  <member type="way" ref="614066316" role="outer"/>
  <member type="way" ref="211039749" role="outer"/>
  <member type="way" ref="191000495" role="outer"/>
  <member type="way" ref="211198055" role="outer"/>
  <member type="way" ref="211200252" role="outer"/>
  <member type="way" ref="191000493" role="outer"/>
  <member type="way" ref="168042741" role="outer"/>
  <member type="way" ref="760928272" role="outer"/>
  <member type="way" ref="760928269" role="outer"/>
  <member type="way" ref="855155610" role="outer"/>
  <member type="way" ref="186749546" role="outer"/>
  <member type="way" ref="211200251" role="outer"/>
  <member type="way" ref="211346726" role="outer"/>
  <member type="way" ref="617884677" role="outer"/>
  <member type="way" ref="617884679" role="outer"/>
  <member type="way" ref="186186978" role="outer"/>
  <member type="way" ref="617884680" role="outer"/>
  <member type="way" ref="186184780" role="outer"/>
  <member type="way" ref="617884676" role="outer"/>
  <member type="way" ref="213575593" role="outer"/>
  <member type="way" ref="1008972148" role="outer"/>
  <member type="way" ref="166390063" role="outer"/>
  <member type="way" ref="213575594" role="outer"/>
  <member type="way" ref="213904805" role="outer"/>
  <member type="way" ref="552598512" role="outer"/>
  <member type="way" ref="529936224" role="outer"/>
  <member type="way" ref="213904794" role="outer"/>
  <member type="way" ref="180233626" role="outer"/>
  <member type="way" ref="529936223" role="outer"/>
  <member type="way" ref="529936222" role="outer"/>
  <member type="way" ref="1188989258" role="outer"/>
  <member type="way" ref="213920979" role="outer"/>
  <member type="way" ref="1087340277" role="outer"/>
  <member type="way" ref="889374600" role="outer"/>
  <member type="way" ref="529936232" role="outer"/>
  <member type="way" ref="1473653753" role="outer"/>
  <member type="way" ref="1473653754" role="outer"/>
  <member type="way" ref="529936219" role="outer"/>
  <member type="way" ref="865173996" role="outer"/>
  <member type="way" ref="865173995" role="outer"/>
  <member type="way" ref="211511412" role="outer"/>
  <member type="way" ref="552598364" role="outer"/>
  <member type="way" ref="529936230" role="outer"/>
  <member type="way" ref="614041456" role="outer"/>
  <member type="way" ref="180228195" role="outer"/>
  <member type="way" ref="614041460" role="outer"/>
  <member type="way" ref="1487726002" role="outer"/>
  <member type="way" ref="1487726001" role="outer"/>
  <member type="way" ref="614041458" role="outer"/>
  <member type="way" ref="180228190" role="outer"/>
  <member type="way" ref="166385859" role="outer"/>
  <member type="way" ref="210614452" role="outer"/>
  <member type="way" ref="553544349" role="outer"/>
  <member type="way" ref="1556756048" role="outer"/>
  <member type="way" ref="553544328" role="outer"/>
  <member type="way" ref="180167375" role="outer"/>
  <member type="way" ref="1557351053" role="outer"/>
  <member type="way" ref="1557351050" role="outer"/>
  <member type="way" ref="1557351054" role="outer"/>
  <member type="way" ref="1557351051" role="outer"/>
  <member type="way" ref="180167374" role="outer"/>
  <member type="way" ref="553550742" role="outer"/>
  <member type="way" ref="553550758" role="outer"/>
  <member type="way" ref="553550760" role="outer"/>
  <member type="way" ref="553550749" role="outer"/>
  <member type="way" ref="651078319" role="outer"/>
  <member type="way" ref="651078320" role="outer"/>
  <member type="way" ref="166064974" role="outer"/>
  <member type="way" ref="210607617" role="outer"/>
  <member type="way" ref="209892835" role="outer"/>
  <member type="way" ref="1118680962" role="outer"/>
  <member type="way" ref="1118680961" role="outer"/>
  <member type="way" ref="209892844" role="outer"/>
  <member type="way" ref="675508374" role="outer"/>
  <member type="way" ref="675508373" role="outer"/>
  <member type="way" ref="1211324671" role="outer"/>
  <member type="way" ref="1211324669" role="outer"/>
  <member type="way" ref="675508352" role="outer"/>
  <member type="way" ref="687671646" role="outer"/>
  <member type="way" ref="1008972149" role="outer"/>
  <member type="relation" ref="448590" role="subarea"/>
  <member type="relation" ref="1481934" role="subarea"/>
  <member type="relation" ref="1475656" role="subarea"/>
  <member type="relation" ref="1605596" role="subarea"/>
  <member type="relation" ref="2210488" role="subarea"/>
  <member type="relation" ref="2068848" role="subarea"/>
  <member type="relation" ref="2209932" role="subarea"/>
  <member type="relation" ref="2068847" role="subarea"/>
  <member type="relation" ref="2208689" role="subarea"/>
  <member type="relation" ref="2208739" role="subarea"/>
  <member type="relation" ref="2212730" role="subarea"/>
  <member type="relation" ref="2204490" role="subarea"/>
  <member type="way" ref="1286097378" role="outer"/>
  <member type="way" ref="1305047603" role="outer"/>
  <member type="way" ref="1560529584" role="outer"/>
  <member type="way" ref="1560529593" role="outer"/>
  <tag k="admin_level" v="6"/>
  <tag k="boundary" v="administrative"/>
  <tag k="designation" v="non_metropolitan_county"/>
  <tag k="end_date" v="2028-03-31"/>
  <tag k="ISO3166-2" v="GB-KEN"/>
  <tag k="name" v="Kent"/>
  <tag k="name:af" v="Kent"/>
  <tag k="name:ar" v="كنت"/>
  <tag k="name:ast" v="Kent"/>
  <tag k="name:az" v="Kent"/>
  <tag k="name:be" v="Кент"/>
  <tag k="name:be-tarask" v="Кент"/>
  <tag k="name:bg" v="Кент"/>
  <tag k="name:br" v="Kontelezh Kent"/>
  <tag k="name:bs" v="Kent"/>
  <tag k="name:ca" v="Kent"/>
  <tag k="name:ceb" v="Kent"/>
  <tag k="name:ckb" v="کێنت"/>
  <tag k="name:cs" v="Kent"/>
  <tag k="name:cv" v="Кент"/>
  <tag k="name:cy" v="Caint"/>
  <tag k="name:da" v="Kent"/>
  <tag k="name:de" v="Kent"/>
  <tag k="name:el" v="Κεντ"/>
  <tag k="name:en" v="Kent"/>
  <tag k="name:es" v="Kent"/>
  <tag k="name:et" v="Kent"/>
  <tag k="name:eu" v="Kent"/>
  <tag k="name:fa" v="کنت"/>
  <tag k="name:fi" v="Kent"/>
  <tag k="name:fr" v="Kent"/>
  <tag k="name:frr" v="Kent"/>
  <tag k="name:fy" v="Kent"/>
  <tag k="name:ga" v="Kent"/>
  <tag k="name:gl" v="Kent"/>
  <tag k="name:got" v="𐌲𐌰𐍅𐌹 𐌺𐌰𐌹𐌽𐍄𐌹𐍃"/>
  <tag k="name:gv" v="Kent"/>
  <tag k="name:hak" v="Kent"/>
  <tag k="name:he" v="קנט"/>
  <tag k="name:hi" v="केंट"/>
  <tag k="name:hr" v="Kent"/>
  <tag k="name:hu" v="Kent"/>
  <tag k="name:hy" v="Կենտ"/>
  <tag k="name:ia" v="Kent"/>
  <tag k="name:id" v="Kent"/>
  <tag k="name:io" v="Kent"/>
  <tag k="name:is" v="Kent"/>
  <tag k="name:it" v="Kent"/>
  <tag k="name:ja" v="ケント"/>
  <tag k="name:ka" v="კენტის საგრაფო"/>
  <tag k="name:ko" v="켄트주"/>
  <tag k="name:ku" v="Kent"/>
  <tag k="name:kw" v="Kint"/>
  <tag k="name:lb" v="Kent"/>
  <tag k="name:lt" v="Kentas"/>
  <tag k="name:lv" v="Kenta"/>
  <tag k="name:mr" v="केंट"/>
  <tag k="name:nan" v="Kent"/>
  <tag k="name:nl" v="Kent"/>
  <tag k="name:nn" v="Kent"/>
  <tag k="name:no" v="Kent"/>
  <tag k="name:nrm" v="Caint"/>
  <tag k="name:oc" v="Kent"/>
  <tag k="name:os" v="Кент"/>
  <tag k="name:pl" v="Kent"/>
  <tag k="name:pnb" v="کینٹ"/>
  <tag k="name:pt" v="Kent"/>
  <tag k="name:qu" v="Kent"/>
  <tag k="name:ro" v="Kent"/>
  <tag k="name:ru" v="Кент"/>
  <tag k="name:scn" v="Kent"/>
  <tag k="name:sco" v="Kent"/>
  <tag k="name:sh" v="Kent"/>
  <tag k="name:sk" v="Kent"/>
  <tag k="name:sl" v="Kent"/>
  <tag k="name:sr" v="Кент"/>
  <tag k="name:sv" v="Kent"/>
  <tag k="name:tg" v="Кент"/>
  <tag k="name:th" v="เคนต์"/>
  <tag k="name:tr" v="Kent"/>
  <tag k="name:ug" v="Ként"/>
  <tag k="name:uk" v="Кент"/>
  <tag k="name:ur" v="کینٹ"/>
  <tag k="name:uz" v="Kent"/>
  <tag k="name:war" v="Kent"/>
  <tag k="name:wuu" v="肯特郡"/>
  <tag k="name:yi" v="קענט"/>
  <tag k="name:yue" v="根德郡"/>
  <tag k="name:zh" v="肯特郡"/>
  <tag k="ref:gss" v="E10000016"/>
  <tag k="ref:nuts:3" v="UKJ42"/>
  <tag k="source:name:oc" v="ieo-bdtopoc"/>
  <tag k="source:ref:gss" v="ONS_OpenData"/>
  <tag k="source:ref:nuts:3" v="ONS_OpenData"/>
  <tag k="type" v="boundary"/>
  <tag k="website" v="https://www.kent.gov.uk/"/>
  <tag k="wikidata" v="Q21694674"/>
 </relation>
 <relation id="448590" visible="true" version="109" changeset="187700298" timestamp="2026-08-19T16:33:07Z" user="SiHollett" uid="231477">
  <member type="node" ref="17916174" role="admin_centre"/>
  <member type="way" ref="189092046" role="outer"/>
  <member type="way" ref="186171019" role="outer"/>
  <member type="way" ref="186553578" role="outer"/>
  <member type="way" ref="189099993" role="outer"/>
  <member type="way" ref="186555015" role="outer"/>
  <member type="way" ref="153312479" role="outer"/>
  <member type="way" ref="126704928" role="outer"/>
  <member type="way" ref="181606372" role="outer"/>
  <member type="way" ref="189103572" role="outer"/>
  <member type="way" ref="165738676" role="outer"/>
  <member type="way" ref="191615372" role="outer"/>
  <member type="way" ref="189945956" role="outer"/>
  <member type="way" ref="1319862830" role="outer"/>
  <member type="way" ref="192992808" role="outer"/>
  <member type="way" ref="192713147" role="outer"/>
  <member type="way" ref="192625088" role="outer"/>
  <member type="way" ref="189605567" role="outer"/>
  <member type="way" ref="192615615" role="outer"/>
  <member type="way" ref="192560946" role="outer"/>
  <member type="way" ref="189602607" role="outer"/>
  <member type="way" ref="189601720" role="outer"/>
  <member type="way" ref="202992161" role="outer"/>
  <member type="way" ref="192511332" role="outer"/>
  <member type="way" ref="189598257" role="outer"/>
  <member type="way" ref="180852001" role="outer"/>
  <member type="way" ref="190110726" role="outer"/>
  <member type="way" ref="189598265" role="outer"/>
  <member type="way" ref="180851993" role="outer"/>
  <member type="way" ref="180851971" role="outer"/>
  <member type="way" ref="180798312" role="outer"/>
  <member type="way" ref="182736491" role="outer"/>
  <member type="way" ref="182736489" role="outer"/>
  <member type="way" ref="180798311" role="outer"/>
  <member type="way" ref="182744142" role="outer"/>
  <member type="way" ref="189114909" role="outer"/>
  <member type="way" ref="189107356" role="outer"/>
  <member type="way" ref="189092047" role="outer"/>
  <member type="relation" ref="2553404" role="subarea"/>
  <member type="relation" ref="2553474" role="subarea"/>
  <member type="relation" ref="2553513" role="subarea"/>
  <member type="relation" ref="2553580" role="subarea"/>
  <member type="relation" ref="2553817" role="subarea"/>
  <member type="relation" ref="2554038" role="subarea"/>
  <member type="relation" ref="2554070" role="subarea"/>
  <member type="relation" ref="2557187" role="subarea"/>
  <member type="relation" ref="2557219" role="subarea"/>
  <member type="relation" ref="2557259" role="subarea"/>
  <member type="relation" ref="2557345" role="subarea"/>
  <member type="relation" ref="2559517" role="subarea"/>
  <member type="relation" ref="2559557" role="subarea"/>
  <member type="relation" ref="2560971" role="subarea"/>
  <member type="relation" ref="2561075" role="subarea"/>
  <member type="relation" ref="2561126" role="subarea"/>
  <member type="relation" ref="2561182" role="subarea"/>
  <member type="relation" ref="2561191" role="subarea"/>
  <member type="relation" ref="2561216" role="subarea"/>
  <member type="relation" ref="2561248" role="subarea"/>
  <member type="relation" ref="2561267" role="subarea"/>
  <member type="relation" ref="2565399" role="subarea"/>
  <member type="relation" ref="2565410" role="subarea"/>
  <member type="relation" ref="2565419" role="subarea"/>
  <member type="relation" ref="2565508" role="subarea"/>
  <member type="relation" ref="2565513" role="subarea"/>
  <member type="relation" ref="2568324" role="subarea"/>
  <member type="relation" ref="9542498" role="subarea"/>
  <tag k="admin_level" v="8"/>
  <tag k="alt_name:br" v="Kergent"/>
  <tag k="boundary" v="administrative"/>
  <tag k="council_name" v="Canterbury City Council"/>
  <tag k="council_style" v="city"/>
  <tag k="designation" v="non_metropolitan_district"/>
  <tag k="end_date" v="2028-03-31"/>
  <tag k="name" v="Canterbury"/>
  <tag k="name:ar" v="كانتربيري"/>
  <tag k="name:br" v="Kergent"/>
  <tag k="name:cy" v="Caergaint"/>
  <tag k="name:pt" v="Cantuária"/>
  <tag k="name:ru" v="Кентербери"/>
  <tag k="name:ur" v="کینٹربری"/>
  <tag k="old_name:de" v="Kanterberg;Kanterburg;Kantelberg"/>
  <tag k="old_name:nl" v="Kantelberg"/>
  <tag k="ref:gss" v="E07000106"/>
  <tag k="type" v="boundary"/>
  <tag k="website" v="https://www.canterbury.gov.uk/"/>
  <tag k="wikidata" v="Q1094104"/>
  <tag k="wikipedia" v="en:City of Canterbury"/>
 </relation>
 <relation id="1481934" visible="true" version="99" changeset="187700298" timestamp="2026-08-19T16:33:07Z" user="SiHollett" uid="231477">
  <member type="node" ref="21421224" role="admin_centre"/>
  <member type="way" ref="192053676" role="outer"/>
  <member type="way" ref="191474385" role="outer"/>
  <member type="way" ref="180942324" role="outer"/>
  <member type="way" ref="191477307" role="outer"/>
  <member type="way" ref="180942315" role="outer"/>
  <member type="way" ref="192992809" role="outer"/>
  <member type="way" ref="191500152" role="outer"/>
  <member type="way" ref="191500358" role="outer"/>
  <member type="way" ref="180942242" role="outer"/>
  <member type="way" ref="1319862830" role="outer"/>
  <member type="way" ref="192992808" role="outer"/>
  <member type="way" ref="192713147" role="outer"/>
  <member type="way" ref="192625088" role="outer"/>
  <member type="way" ref="189605567" role="outer"/>
  <member type="way" ref="192615615" role="outer"/>
  <member type="way" ref="192560946" role="outer"/>
  <member type="way" ref="189602607" role="outer"/>
  <member type="way" ref="189601720" role="outer"/>
  <member type="way" ref="202992161" role="outer"/>
  <member type="way" ref="192511332" role="outer"/>
  <member type="way" ref="189598257" role="outer"/>
  <member type="way" ref="180852001" role="outer"/>
  <member type="way" ref="190115458" role="outer"/>
  <member type="way" ref="192511330" role="outer"/>
  <member type="way" ref="190115459" role="outer"/>
  <member type="way" ref="192502167" role="outer"/>
  <member type="way" ref="190279288" role="outer"/>
  <member type="way" ref="192502126" role="outer"/>
  <member type="way" ref="190284222" role="outer"/>
  <member type="way" ref="180859926" role="outer"/>
  <member type="way" ref="180953193" role="outer"/>
  <member type="way" ref="192508844" role="outer"/>
  <member type="way" ref="192730727" role="outer"/>
  <member type="way" ref="193007437" role="outer"/>
  <member type="way" ref="193014970" role="outer"/>
  <member type="way" ref="193209872" role="outer"/>
  <member type="way" ref="180953195" role="outer"/>
  <member type="way" ref="181501628" role="outer"/>
  <member type="way" ref="193407439" role="outer"/>
  <member type="way" ref="193407442" role="outer"/>
  <member type="relation" ref="2593946" role="subarea"/>
  <member type="relation" ref="2594093" role="subarea"/>
  <member type="relation" ref="2594112" role="subarea"/>
  <member type="relation" ref="2595002" role="subarea"/>
  <member type="relation" ref="2595014" role="subarea"/>
  <member type="relation" ref="2595025" role="subarea"/>
  <member type="relation" ref="2595032" role="subarea"/>
  <member type="relation" ref="2595941" role="subarea"/>
  <member type="relation" ref="2595964" role="subarea"/>
  <member type="relation" ref="2596017" role="subarea"/>
  <member type="relation" ref="2596822" role="subarea"/>
  <member type="relation" ref="2596858" role="subarea"/>
  <member type="relation" ref="2596933" role="subarea"/>
  <member type="relation" ref="2596994" role="subarea"/>
  <member type="relation" ref="2598923" role="subarea"/>
  <member type="relation" ref="2599027" role="subarea"/>
  <member type="relation" ref="2599056" role="subarea"/>
  <member type="relation" ref="2599083" role="subarea"/>
  <member type="relation" ref="2599160" role="subarea"/>
  <member type="relation" ref="2599220" role="subarea"/>
  <member type="relation" ref="2599250" role="subarea"/>
  <member type="relation" ref="2599274" role="subarea"/>
  <member type="relation" ref="2599292" role="subarea"/>
  <member type="relation" ref="2602515" role="subarea"/>
  <member type="relation" ref="2602526" role="subarea"/>
  <member type="relation" ref="2602539" role="subarea"/>
  <member type="relation" ref="2602569" role="subarea"/>
  <member type="relation" ref="2602606" role="subarea"/>
  <member type="relation" ref="2604590" role="subarea"/>
  <member type="relation" ref="2604636" role="subarea"/>
  <member type="relation" ref="2604659" role="subarea"/>
  <member type="relation" ref="2604711" role="subarea"/>
  <member type="relation" ref="2604751" role="subarea"/>
  <member type="relation" ref="2604777" role="subarea"/>
  <member type="relation" ref="2604781" role="subarea"/>
  <tag k="admin_level" v="8"/>
  <tag k="boundary" v="administrative"/>
  <tag k="council_name" v="Dover District Council"/>
  <tag k="designation" v="non_metropolitan_district"/>
  <tag k="end_date" v="2028-03-31"/>
  <tag k="is_in:country" v="United Kingdom"/>
  <tag k="is_in:country_code" v="GB"/>
  <tag k="is_in:county" v="Kent"/>
  <tag k="name" v="Dover"/>
  <tag k="name:ar" v="دوفر"/>
  <tag k="name:br" v="Dover"/>
  <tag k="name:fa" v="دوور"/>
  <tag k="name:lt" v="Doveris"/>
  <tag k="name:ur" v="ڈوور"/>
  <tag k="ref:gss" v="E07000108"/>
  <tag k="type" v="boundary"/>
  <tag k="website" v="https://www.dover.gov.uk/"/>
  <tag k="wikidata" v="Q1971967"/>
  <tag k="wikipedia" v="en:Dover District"/>
 </relation>
 <relation id="2565419" visible="true" version="7" changeset="157337150" timestamp="2024-10-01T12:26:11Z" user="Colin Smale" uid="30525">
  <member type="way" ref="189939136" role="outer"/>
  <member type="way" ref="189942999" role="outer"/>
  <member type="way" ref="189939135" role="outer"/>
  <member type="way" ref="1319862830" role="outer"/>
  <member type="way" ref="189943001" role="outer"/>
  <member type="node" ref="26237116" role="admin_centre"/>
  <member type="way" ref="191615372" role="outer"/>
  <member type="way" ref="189945956" role="outer"/>
  <tag k="admin_level" v="10"/>
  <tag k="boundary" v="administrative"/>
  <tag k="designation" v="civil_parish"/>
  <tag k="name" v="Barham"/>
  <tag k="ref:gss" v="E04004867"/>
  <tag k="type" v="boundary"/>
  <tag k="wikidata" v="Q1836548"/>
 </relation>
 <relation id="2565508" visible="true" version="6" changeset="70206534" timestamp="2019-05-13T19:27:41Z" user="Edward" uid="364">
  <member type="way" ref="192713147" role="outer"/>
  <member type="way" ref="192992808" role="outer"/>
  <member type="way" ref="192625088" role="outer"/>
  <member type="way" ref="189605567" role="outer"/>
  <member type="way" ref="189605568" role="outer"/>
  <member type="way" ref="189943001" role="outer"/>
  <member type="node" ref="29202184" role="admin_centre"/>
  <tag k="admin_level" v="10"/>
  <tag k="boundary" v="administrative"/>
  <tag k="designation" v="civil_parish"/>
  <tag k="name" v="Womenswold"/>
  <tag k="ref:gss" v="E04004890"/>
  <tag k="type" v="boundary"/>
  <tag k="wikidata" v="Q3067216"/>
 </relation>
 <relation id="2598923" visible="true" version="6" changeset="157337150" timestamp="2024-10-01T12:26:11Z" user="Colin Smale" uid="30525">
  <member type="way" ref="192992808" role="outer"/>
  <member type="way" ref="1319862830" role="outer"/>
  <member type="way" ref="180942242" role="outer"/>
  <member type="way" ref="191500358" role="outer"/>
  <member type="way" ref="191500152" role="outer"/>
  <member type="way" ref="193000351" role="outer"/>
  <member type="way" ref="192992812" role="outer"/>
  <member type="node" ref="30935425" role="admin_centre"/>
  <tag k="admin_level" v="10"/>
  <tag k="boundary" v="administrative"/>
  <tag k="designation" v="civil_parish"/>
  <tag k="name" v="Denton with Wootton"/>
  <tag k="ref:gss" v="E04004904"/>
  <tag k="type" v="boundary"/>
  <tag k="wikidata" v="Q19794183"/>
 </relation>
 <relation id="2599056" visible="true" version="8" changeset="59287920" timestamp="2018-05-26T06:43:47Z" user="Edward" uid="364">
  <member type="way" ref="192992812" role="outer"/>
  <member type="way" ref="192713147" role="outer"/>
  <member type="way" ref="192713145" role="outer"/>
  <member type="way" ref="193000346" role="outer"/>
  <member type="way" ref="193001542" role="outer"/>
  <member type="way" ref="193001551" role="outer"/>
  <member type="way" ref="193216522" role="outer"/>
  <member type="way" ref="193401511" role="outer"/>
  <member type="node" ref="27222817" role="admin_centre"/>
  <tag k="admin_level" v="10"/>
  <tag k="boundary" v="administrative"/>
  <tag k="designation" v="civil_parish"/>
  <tag k="name" v="Shepherdswell with Coldred"/>
  <tag k="ref:gss" v="E04004920"/>
  <tag k="type" v="boundary"/>
  <tag k="wikidata" v="Q19794200"/>
 </relation>
 <relation id="2604590" visible="true" version="5" changeset="107751700" timestamp="2021-07-10T15:31:42Z" user="smb1001" uid="281267">
  <member type="way" ref="193401511" role="outer"/>
  <member type="way" ref="193000351" role="outer"/>
  <member type="way" ref="192992809" role="outer"/>
  <member type="way" ref="193403311" role="outer"/>
  <member type="way" ref="193401496" role="outer"/>
  <member type="node" ref="29430579" role="admin_centre"/>
  <tag k="admin_level" v="10"/>
  <tag k="boundary" v="administrative"/>
  <tag k="designation" v="civil_parish"/>
  <tag k="name" v="Lydden"/>
  <tag k="ref:gss" v="E04004911"/>
  <tag k="type" v="boundary"/>
  <tag k="wikidata" v="Q2624651"/>
 </relation>
 <relation id="7063236" visible="true" version="583" changeset="187644229" timestamp="2026-08-18T14:56:50Z" user="MacLondon" uid="322039">
  <member type="node" ref="11599533311" role=""/>
  <member type="node" ref="11599533312" role=""/>
  <member type="way" ref="80290500" role=""/>
  <member type="way" ref="118837105" role=""/>
  <member type="way" ref="28440451" role=""/>
  <member type="way" ref="28580068" role=""/>
  <member type="way" ref="479856201" role=""/>
  <member type="way" ref="204393980" role=""/>
  <member type="way" ref="204393986" role=""/>
  <member type="way" ref="479856203" role=""/>
  <member type="way" ref="28509043" role=""/>
  <member type="way" ref="479856208" role=""/>
  <member type="way" ref="329948882" role=""/>
  <member type="way" ref="23416269" role=""/>
  <member type="way" ref="8108131" role=""/>
  <member type="way" ref="1266089072" role=""/>
  <member type="way" ref="8108115" role=""/>
  <member type="way" ref="34241782" role=""/>
  <member type="way" ref="1172614797" role=""/>
  <member type="way" ref="8108130" role=""/>
  <member type="way" ref="914422650" role=""/>
  <member type="way" ref="479857512" role=""/>
  <member type="way" ref="479857514" role=""/>
  <member type="way" ref="598201564" role=""/>
  <member type="way" ref="49489575" role=""/>
  <member type="way" ref="225006477" role=""/>
  <member type="way" ref="225006478" role=""/>
  <member type="way" ref="48809133" role=""/>
  <member type="way" ref="3979290" role=""/>
  <member type="way" ref="48809151" role=""/>
  <member type="way" ref="48809142" role=""/>
  <member type="way" ref="225021763" role=""/>
  <member type="way" ref="118838174" role=""/>
  <member type="way" ref="118838176" role=""/>
  <member type="way" ref="4442202" role=""/>
  <member type="way" ref="39474089" role=""/>
  <member type="way" ref="36866277" role=""/>
  <member type="way" ref="60762848" role=""/>
  <member type="way" ref="158392587" role=""/>
  <member type="way" ref="1445772515" role=""/>
  <member type="way" ref="1445772514" role=""/>
  <member type="way" ref="201332703" role=""/>
  <member type="way" ref="4443086" role=""/>
  <member type="way" ref="4443079" role=""/>
  <member type="way" ref="1328464495" role=""/>
  <member type="way" ref="1328464496" role=""/>
  <member type="way" ref="1328464497" role=""/>
  <member type="way" ref="846733019" role=""/>
  <member type="way" ref="49492460" role=""/>
  <member type="way" ref="37144861" role=""/>
  <member type="way" ref="4443053" role=""/>
  <member type="way" ref="1081228511" role=""/>
  <member type="way" ref="49492462" role=""/>
  <member type="way" ref="1182675675" role=""/>
  <member type="way" ref="28672501" role=""/>
  <member type="way" ref="1237394821" role=""/>
  <member type="way" ref="28197618" role=""/>
  <member type="way" ref="479860151" role=""/>
  <member type="way" ref="144893388" role=""/>
  <member type="way" ref="28131237" role=""/>
  <member type="way" ref="30963590" role=""/>
  <member type="way" ref="42366310" role=""/>
  <member type="way" ref="27393748" role=""/>
  <member type="way" ref="327037633" role=""/>
  <member type="way" ref="567513882" role=""/>
  <member type="way" ref="1197652509" role=""/>
  <member type="way" ref="567513886" role=""/>
  <member type="way" ref="567513885" role=""/>
  <member type="way" ref="1084141864" role=""/>
  <member type="way" ref="13255051" role=""/>
  <member type="way" ref="1084141867" role=""/>
  <member type="way" ref="479862140" role=""/>
  <member type="way" ref="479862142" role=""/>
  <member type="way" ref="479862139" role=""/>
  <member type="way" ref="1336908076" role=""/>
  <member type="way" ref="479862138" role=""/>
  <member type="way" ref="479862137" role=""/>
  <member type="way" ref="479869327" role=""/>
  <member type="way" ref="479869328" role=""/>
  <member type="way" ref="479869335" role=""/>
  <member type="way" ref="479869326" role=""/>
  <member type="way" ref="992475941" role=""/>
  <member type="way" ref="327037625" role=""/>
  <member type="way" ref="40521641" role=""/>
  <member type="way" ref="479869341" role=""/>
  <member type="way" ref="992488506" role=""/>
  <member type="way" ref="331503114" role=""/>
  <member type="way" ref="1186221112" role=""/>
  <member type="way" ref="1186221111" role=""/>
  <member type="way" ref="1186221110" role=""/>
  <member type="way" ref="1186221109" role=""/>
  <member type="way" ref="119916496" role=""/>
  <member type="way" ref="119916478" role=""/>
  <member type="way" ref="1186223171" role=""/>
  <member type="way" ref="479869357" role=""/>
  <member type="way" ref="479869991" role=""/>
  <member type="way" ref="479869360" role=""/>
  <member type="way" ref="338841139" role=""/>
  <member type="way" ref="162611530" role=""/>
  <member type="way" ref="918697862" role=""/>
  <member type="way" ref="918697861" role=""/>
  <member type="way" ref="918697859" role=""/>
  <member type="way" ref="918697857" role=""/>
  <member type="way" ref="918697860" role=""/>
  <member type="way" ref="260380946" role=""/>
  <member type="way" ref="27883913" role=""/>
  <member type="way" ref="480049883" role=""/>
  <member type="way" ref="479869994" role=""/>
  <member type="way" ref="257947475" role=""/>
  <member type="way" ref="1349548593" role=""/>
  <member type="way" ref="479871761" role=""/>
  <member type="way" ref="154172994" role=""/>
  <member type="way" ref="479871764" role=""/>
  <member type="way" ref="103169394" role=""/>
  <member type="way" ref="479871763" role=""/>
  <member type="way" ref="479871767" role=""/>
  <member type="way" ref="479875805" role=""/>
  <member type="way" ref="259188844" role=""/>
  <member type="way" ref="30352864" role=""/>
  <member type="way" ref="479875806" role=""/>
  <member type="way" ref="479875811" role=""/>
  <member type="way" ref="479875812" role=""/>
  <member type="way" ref="479875813" role=""/>
  <member type="way" ref="479875814" role=""/>
  <member type="way" ref="479932775" role=""/>
  <member type="way" ref="244309926" role=""/>
  <member type="way" ref="244309959" role=""/>
  <member type="way" ref="244309973" role=""/>
  <member type="way" ref="244309982" role=""/>
  <member type="way" ref="1423286336" role=""/>
  <member type="way" ref="39525058" role=""/>
  <member type="way" ref="327160876" role=""/>
  <member type="way" ref="872789596" role=""/>
  <member type="way" ref="327160869" role=""/>
  <member type="way" ref="1169002228" role=""/>
  <member type="way" ref="40924404" role=""/>
  <member type="way" ref="40726190" role=""/>
  <member type="way" ref="1278192559" role=""/>
  <member type="way" ref="1278192558" role=""/>
  <member type="way" ref="116990952" role=""/>
  <member type="way" ref="244309938" role=""/>
  <member type="way" ref="1121071278" role=""/>
  <member type="way" ref="1121071276" role=""/>
  <member type="way" ref="1121071275" role=""/>
  <member type="way" ref="332852300" role=""/>
  <member type="way" ref="1121071277" role=""/>
  <member type="way" ref="1156406854" role=""/>
  <member type="way" ref="1121071274" role=""/>
  <member type="way" ref="332852296" role=""/>
  <member type="way" ref="1306930307" role=""/>
  <member type="way" ref="1306930310" role=""/>
  <member type="way" ref="1306930309" role=""/>
  <member type="way" ref="1306930308" role=""/>
  <member type="way" ref="332852293" role=""/>
  <member type="way" ref="332852299" role=""/>
  <member type="way" ref="303931811" role=""/>
  <member type="way" ref="1444289633" role=""/>
  <member type="way" ref="1444289634" role=""/>
  <member type="way" ref="244309974" role=""/>
  <member type="way" ref="479883966" role=""/>
  <member type="way" ref="1444289646" role=""/>
  <member type="way" ref="479883967" role=""/>
  <member type="way" ref="151399011" role=""/>
  <member type="way" ref="151399007" role=""/>
  <member type="way" ref="479883975" role=""/>
  <member type="way" ref="116887438" role=""/>
  <member type="way" ref="1444289649" role=""/>
  <member type="way" ref="46882289" role=""/>
  <member type="way" ref="38151314" role=""/>
  <member type="way" ref="8196206" role=""/>
  <member type="way" ref="1444229576" role=""/>
  <member type="way" ref="1444229575" role=""/>
  <member type="way" ref="398742127" role=""/>
  <member type="way" ref="398742126" role=""/>
  <member type="way" ref="149926813" role=""/>
  <member type="way" ref="1306933322" role=""/>
  <member type="way" ref="149966791" role=""/>
  <member type="way" ref="386047285" role=""/>
  <member type="way" ref="399011116" role=""/>
  <member type="way" ref="8001209" role=""/>
  <member type="way" ref="853280992" role=""/>
  <member type="way" ref="8001208" role=""/>
  <member type="way" ref="584745883" role=""/>
  <member type="way" ref="584745882" role=""/>
  <member type="way" ref="853201556" role=""/>
  <member type="way" ref="78199385" role=""/>
  <member type="way" ref="78199333" role=""/>
  <member type="way" ref="1306934142" role=""/>
  <member type="way" ref="1306934141" role=""/>
  <member type="way" ref="1306934140" role=""/>
  <member type="way" ref="651731200" role=""/>
  <member type="way" ref="1306934139" role=""/>
  <member type="way" ref="651731198" role=""/>
  <member type="way" ref="78199348" role=""/>
  <member type="way" ref="1306935148" role=""/>
  <member type="way" ref="1306935149" role=""/>
  <member type="way" ref="78199356" role=""/>
  <member type="way" ref="1306935147" role=""/>
  <member type="way" ref="149949797" role=""/>
  <member type="way" ref="1306935151" role=""/>
  <member type="way" ref="1306935152" role=""/>
  <member type="way" ref="792807726" role=""/>
  <member type="way" ref="244635423" role=""/>
  <member type="way" ref="399011118" role=""/>
  <member type="way" ref="584851144" role=""/>
  <member type="way" ref="584851143" role=""/>
  <member type="way" ref="584851142" role=""/>
  <member type="way" ref="1306935894" role=""/>
  <member type="way" ref="1306935895" role=""/>
  <member type="way" ref="1306936108" role=""/>
  <member type="way" ref="1306936109" role=""/>
  <member type="way" ref="1306936110" role=""/>
  <member type="way" ref="1306936131" role=""/>
  <member type="way" ref="1306936132" role=""/>
  <member type="way" ref="1306936133" role=""/>
  <member type="way" ref="1306936134" role=""/>
  <member type="way" ref="77342419" role=""/>
  <member type="way" ref="1306936414" role=""/>
  <member type="way" ref="1306936415" role=""/>
  <member type="way" ref="1306936416" role=""/>
  <member type="way" ref="1306936418" role=""/>
  <member type="way" ref="830651509" role=""/>
  <member type="way" ref="1306936995" role=""/>
  <member type="way" ref="830651508" role=""/>
  <member type="way" ref="1079206181" role=""/>
  <member type="way" ref="1079206180" role=""/>
  <member type="way" ref="830651506" role=""/>
  <member type="way" ref="1306936996" role=""/>
  <member type="way" ref="830651507" role=""/>
  <member type="way" ref="1306936997" role=""/>
  <member type="way" ref="858356700" role=""/>
  <member type="way" ref="1306937824" role=""/>
  <member type="way" ref="1306937825" role=""/>
  <member type="way" ref="77342263" role=""/>
  <member type="way" ref="62199655" role=""/>
  <member type="way" ref="1306937857" role=""/>
  <member type="way" ref="1306937858" role=""/>
  <member type="way" ref="1306937859" role=""/>
  <member type="way" ref="398336833" role=""/>
  <member type="way" ref="1306938028" role=""/>
  <member type="way" ref="632612820" role=""/>
  <member type="way" ref="1306938029" role=""/>
  <member type="way" ref="398336832" role=""/>
  <member type="way" ref="1306938323" role=""/>
  <member type="way" ref="1306938321" role=""/>
  <member type="way" ref="1306938322" role=""/>
  <member type="way" ref="399011117" role=""/>
  <member type="way" ref="151543764" role=""/>
  <member type="way" ref="49256402" role=""/>
  <member type="way" ref="62199657" role=""/>
  <member type="way" ref="37098765" role=""/>
  <member type="way" ref="1270854478" role=""/>
  <member type="way" ref="1270854467" role=""/>
  <member type="way" ref="1270854479" role=""/>
  <member type="way" ref="1270854477" role=""/>
  <member type="way" ref="78185183" role=""/>
  <member type="way" ref="693083407" role=""/>
  <member type="way" ref="1270854471" role=""/>
  <member type="way" ref="1270854474" role=""/>
  <member type="way" ref="1270854472" role=""/>
  <member type="way" ref="1270854473" role=""/>
  <member type="way" ref="37098766" role=""/>
  <member type="way" ref="123585356" role=""/>
  <member type="way" ref="479887133" role=""/>
  <member type="way" ref="1306939889" role=""/>
  <member type="way" ref="1306939890" role=""/>
  <member type="way" ref="42364577" role=""/>
  <member type="way" ref="41599129" role=""/>
  <member type="way" ref="41599130" role=""/>
  <member type="way" ref="1270695215" role=""/>
  <member type="way" ref="1270692873" role=""/>
  <member type="way" ref="12328438" role=""/>
  <member type="way" ref="1168312450" role=""/>
  <member type="way" ref="23999248" role=""/>
  <member type="way" ref="1270692875" role=""/>
  <member type="way" ref="1270692874" role=""/>
  <member type="way" ref="82812591" role=""/>
  <member type="way" ref="478264390" role=""/>
  <member type="way" ref="41701242" role=""/>
  <member type="way" ref="478264461" role=""/>
  <member type="way" ref="640678057" role=""/>
  <member type="way" ref="478264456" role=""/>
  <member type="way" ref="24005271" role=""/>
  <member type="way" ref="440604318" role=""/>
  <member type="way" ref="1270687998" role=""/>
  <member type="way" ref="24005272" role=""/>
  <member type="way" ref="1270712343" role=""/>
  <member type="way" ref="4447812" role=""/>
  <member type="way" ref="40792933" role=""/>
  <member type="way" ref="479887135" role=""/>
  <member type="way" ref="40711172" role=""/>
  <member type="way" ref="32724417" role=""/>
  <member type="way" ref="1306941284" role=""/>
  <member type="way" ref="1306941285" role=""/>
  <member type="way" ref="236589342" role=""/>
  <member type="way" ref="236589341" role=""/>
  <member type="way" ref="237470667" role=""/>
  <member type="way" ref="236589340" role=""/>
  <member type="way" ref="479887136" role=""/>
  <member type="way" ref="479887137" role=""/>
  <member type="way" ref="986970444" role=""/>
  <member type="way" ref="1167895748" role=""/>
  <member type="way" ref="11139859" role=""/>
  <member type="way" ref="244309966" role=""/>
  <member type="way" ref="244309955" role=""/>
  <member type="way" ref="244309987" role=""/>
  <member type="way" ref="244309968" role=""/>
  <member type="way" ref="1101015406" role=""/>
  <member type="way" ref="1351594211" role=""/>
  <member type="way" ref="244309971" role=""/>
  <member type="way" ref="1307083680" role=""/>
  <member type="way" ref="8003235" role=""/>
  <member type="way" ref="512433490" role=""/>
  <member type="way" ref="109441811" role=""/>
  <member type="way" ref="131340037" role=""/>
  <member type="way" ref="165220623" role=""/>
  <member type="way" ref="115625932" role=""/>
  <member type="way" ref="165220627" role=""/>
  <member type="way" ref="1503219875" role=""/>
  <member type="way" ref="165220630" role=""/>
  <member type="way" ref="512433492" role=""/>
  <member type="way" ref="8586436" role=""/>
  <member type="way" ref="1351580648" role=""/>
  <member type="way" ref="8058815" role=""/>
  <member type="way" ref="8058531" role=""/>
  <member type="way" ref="112064536" role=""/>
  <member type="way" ref="211034207" role=""/>
  <member type="way" ref="125678997" role=""/>
  <member type="way" ref="121759525" role=""/>
  <member type="way" ref="4494265" role=""/>
  <member type="way" ref="11246908" role=""/>
  <member type="way" ref="129518111" role=""/>
  <member type="way" ref="113077189" role=""/>
  <member type="way" ref="129518109" role=""/>
  <member type="way" ref="112015218" role=""/>
  <member type="way" ref="4494269" role=""/>
  <member type="way" ref="479889221" role=""/>
  <member type="way" ref="142559489" role=""/>
  <member type="way" ref="11243996" role=""/>
  <member type="way" ref="1307086706" role=""/>
  <member type="way" ref="479889224" role=""/>
  <member type="way" ref="45328532" role=""/>
  <member type="way" ref="45328533" role=""/>
  <member type="way" ref="4045394" role=""/>
  <member type="way" ref="4045396" role=""/>
  <member type="way" ref="1307092151" role=""/>
  <member type="way" ref="1307092150" role=""/>
  <member type="way" ref="1078013017" role=""/>
  <member type="way" ref="1078013016" role=""/>
  <member type="way" ref="1307093210" role=""/>
  <member type="way" ref="1307107911" role=""/>
  <member type="way" ref="1474157959" role=""/>
  <member type="way" ref="1474158017" role=""/>
  <member type="way" ref="1307107912" role=""/>
  <member type="way" ref="1307107913" role=""/>
  <member type="way" ref="1307107914" role=""/>
  <member type="way" ref="4045781" role=""/>
  <member type="way" ref="1307107915" role=""/>
  <member type="way" ref="1307107916" role=""/>
  <member type="way" ref="1307107917" role=""/>
  <member type="way" ref="1307107918" role=""/>
  <member type="way" ref="169630194" role=""/>
  <member type="way" ref="1307107919" role=""/>
  <member type="way" ref="1307109141" role=""/>
  <member type="way" ref="1307109142" role=""/>
  <member type="way" ref="4045784" role=""/>
  <member type="way" ref="45328535" role=""/>
  <member type="way" ref="133677108" role=""/>
  <member type="way" ref="4045786" role=""/>
  <member type="way" ref="4045791" role=""/>
  <member type="way" ref="479889227" role=""/>
  <member type="way" ref="479889226" role=""/>
  <member type="way" ref="315633344" role=""/>
  <member type="way" ref="1350381260" role=""/>
  <member type="way" ref="150762406" role=""/>
  <member type="way" ref="479607976" role=""/>
  <member type="way" ref="479607975" role=""/>
  <member type="way" ref="4045797" role=""/>
  <member type="way" ref="315642060" role=""/>
  <member type="way" ref="56253812" role=""/>
  <member type="way" ref="305860061" role=""/>
  <member type="way" ref="61860243" role=""/>
  <member type="way" ref="315645375" role=""/>
  <member type="way" ref="117741878" role=""/>
  <member type="way" ref="152440181" role=""/>
  <member type="way" ref="415712941" role=""/>
  <member type="way" ref="306407192" role=""/>
  <member type="way" ref="1365499998" role=""/>
  <member type="way" ref="4045794" role=""/>
  <member type="way" ref="1307112142" role=""/>
  <member type="way" ref="1307112143" role=""/>
  <member type="way" ref="4048213" role=""/>
  <member type="way" ref="1307112923" role=""/>
  <member type="way" ref="1307112924" role=""/>
  <member type="way" ref="1307112925" role=""/>
  <member type="way" ref="1307112926" role=""/>
  <member type="way" ref="117741871" role=""/>
  <member type="way" ref="1350368812" role=""/>
  <member type="way" ref="4048240" role=""/>
  <member type="way" ref="444588229" role=""/>
  <member type="way" ref="444588233" role=""/>
  <member type="way" ref="1101455345" role=""/>
  <member type="way" ref="25004918" role=""/>
  <member type="way" ref="25004924" role=""/>
  <member type="way" ref="361031613" role=""/>
  <member type="way" ref="1083671775" role=""/>
  <member type="way" ref="1116650815" role=""/>
  <member type="way" ref="257908102" role=""/>
  <member type="way" ref="1307117212" role=""/>
  <member type="way" ref="1307117435" role=""/>
  <member type="way" ref="1307117436" role=""/>
  <member type="way" ref="1307117437" role=""/>
  <member type="way" ref="1307117434" role=""/>
  <member type="way" ref="1236633133" role=""/>
  <member type="way" ref="236018352" role=""/>
  <member type="way" ref="1236633134" role=""/>
  <member type="way" ref="299751658" role=""/>
  <member type="way" ref="1236633136" role=""/>
  <member type="way" ref="299751653" role=""/>
  <member type="way" ref="1236633135" role=""/>
  <member type="way" ref="1307117913" role=""/>
  <member type="way" ref="1307117914" role=""/>
  <member type="way" ref="1307117918" role=""/>
  <member type="way" ref="1307117917" role=""/>
  <member type="way" ref="1307117916" role=""/>
  <member type="way" ref="1307117915" role=""/>
  <member type="way" ref="1307125478" role=""/>
  <member type="way" ref="205227771" role=""/>
  <member type="way" ref="734840918" role=""/>
  <member type="way" ref="1307129860" role=""/>
  <member type="way" ref="607786298" role=""/>
  <member type="way" ref="607786297" role=""/>
  <member type="way" ref="42884451" role=""/>
  <member type="way" ref="814097480" role=""/>
  <member type="way" ref="814097479" role=""/>
  <member type="way" ref="607786302" role=""/>
  <member type="way" ref="607786304" role=""/>
  <member type="way" ref="607786307" role=""/>
  <member type="way" ref="607786306" role=""/>
  <member type="way" ref="25004894" role=""/>
  <member type="way" ref="607786305" role=""/>
  <member type="way" ref="797879881" role=""/>
  <member type="way" ref="25004895" role=""/>
  <member type="way" ref="607786308" role=""/>
  <member type="way" ref="734842341" role=""/>
  <member type="way" ref="3288900" role=""/>
  <member type="way" ref="78209400" role=""/>
  <member type="way" ref="1125252510" role=""/>
  <member type="way" ref="1102789185" role=""/>
  <member type="way" ref="1338732183" role=""/>
  <member type="way" ref="479890500" role=""/>
  <member type="way" ref="1307137430" role=""/>
  <member type="way" ref="1102789188" role=""/>
  <member type="way" ref="1102789187" role=""/>
  <member type="way" ref="45083883" role=""/>
  <member type="way" ref="955767122" role=""/>
  <member type="way" ref="955767121" role=""/>
  <member type="way" ref="1082077638" role=""/>
  <member type="way" ref="607786317" role=""/>
  <member type="way" ref="607786318" role=""/>
  <member type="way" ref="1102783674" role=""/>
  <member type="way" ref="1102783670" role=""/>
  <member type="way" ref="1102783673" role=""/>
  <member type="way" ref="1102783675" role=""/>
  <member type="way" ref="24052195" role=""/>
  <member type="way" ref="1350024344" role=""/>
  <member type="way" ref="131565293" role=""/>
  <member type="way" ref="1350024343" role=""/>
  <member type="way" ref="3753734" role=""/>
  <member type="way" ref="131565292" role=""/>
  <member type="way" ref="1307139216" role=""/>
  <member type="way" ref="607786324" role=""/>
  <member type="way" ref="607786325" role=""/>
  <member type="way" ref="1307139219" role=""/>
  <member type="way" ref="131565295" role=""/>
  <member type="way" ref="24052194" role=""/>
  <member type="way" ref="24052192" role=""/>
  <member type="way" ref="1350024342" role=""/>
  <member type="way" ref="1427095610" role=""/>
  <member type="way" ref="115569925" role=""/>
  <member type="way" ref="479899912" role=""/>
  <member type="way" ref="504759976" role=""/>
  <member type="way" ref="479899913" role=""/>
  <member type="way" ref="17623053" role=""/>
  <member type="way" ref="1131788776" role=""/>
  <member type="way" ref="94817011" role=""/>
  <member type="way" ref="470144844" role=""/>
  <member type="way" ref="149873190" role=""/>
  <member type="way" ref="1349584367" role=""/>
  <member type="way" ref="134927783" role=""/>
  <member type="way" ref="1349584366" role=""/>
  <member type="way" ref="470144845" role=""/>
  <member type="way" ref="134927779" role=""/>
  <member type="way" ref="237980368" role=""/>
  <member type="way" ref="31890353" role=""/>
  <member type="way" ref="248052585" role=""/>
  <member type="way" ref="841772087" role=""/>
  <member type="way" ref="514025202" role=""/>
  <member type="way" ref="841772141" role=""/>
  <member type="way" ref="503553243" role=""/>
  <member type="way" ref="503553241" role=""/>
  <member type="way" ref="503484187" role=""/>
  <member type="way" ref="237980358" role=""/>
  <member type="way" ref="1432369331" role=""/>
  <member type="way" ref="1036338070" role=""/>
  <member type="way" ref="511050650" role=""/>
  <member type="way" ref="511050653" role=""/>
  <member type="way" ref="1036338073" role=""/>
  <member type="way" ref="472410543" role=""/>
  <member type="way" ref="237980353" role=""/>
  <member type="way" ref="248052586" role=""/>
  <member type="way" ref="367391550" role=""/>
  <member type="way" ref="3987955" role=""/>
  <member type="way" ref="193260790" role=""/>
  <member type="way" ref="1349575055" role=""/>
  <member type="way" ref="1349575054" role=""/>
  <member type="way" ref="3987954" role=""/>
  <member type="way" ref="237980840" role=""/>
  <member type="way" ref="4233252" role=""/>
  <member type="way" ref="193260791" role=""/>
  <member type="way" ref="4584128" role=""/>
  <member type="way" ref="237981494" role=""/>
  <member type="way" ref="479901773" role=""/>
  <member type="way" ref="4577701" role=""/>
  <member type="way" ref="4577702" role=""/>
  <member type="way" ref="606494509" role=""/>
  <member type="way" ref="2474445" role=""/>
  <member type="way" ref="606494508" role=""/>
  <member type="way" ref="606494506" role=""/>
  <member type="way" ref="1544835783" role=""/>
  <member type="way" ref="962179119" role=""/>
  <member type="way" ref="30663790" role=""/>
  <member type="way" ref="190950883" role=""/>
  <member type="way" ref="238404817" role=""/>
  <member type="way" ref="1012024701" role=""/>
  <member type="way" ref="190950886" role=""/>
  <member type="way" ref="615465030" role=""/>
  <member type="way" ref="615465028" role=""/>
  <member type="way" ref="615465031" role=""/>
  <member type="way" ref="776002171" role=""/>
  <member type="way" ref="776002170" role=""/>
  <member type="way" ref="780273932" role=""/>
  <member type="way" ref="780273931" role=""/>
  <member type="way" ref="34428971" role=""/>
  <member type="way" ref="479912616" role=""/>
  <member type="way" ref="428730299" role=""/>
  <member type="way" ref="1227603561" role=""/>
  <member type="way" ref="738143056" role=""/>
  <member type="way" ref="1114992246" role=""/>
  <member type="way" ref="4239315" role=""/>
  <member type="way" ref="602012392" role=""/>
  <member type="way" ref="602012389" role=""/>
  <member type="way" ref="1115980539" role=""/>
  <member type="way" ref="995859520" role=""/>
  <member type="way" ref="1115980538" role=""/>
  <member type="way" ref="220401693" role=""/>
  <member type="way" ref="479912615" role=""/>
  <member type="way" ref="479912613" role=""/>
  <member type="way" ref="38315847" role=""/>
  <member type="way" ref="779695397" role=""/>
  <member type="way" ref="779695398" role=""/>
  <member type="way" ref="155488008" role=""/>
  <member type="way" ref="4239311" role=""/>
  <member type="way" ref="4239306" role=""/>
  <member type="way" ref="38315840" role=""/>
  <member type="way" ref="4239303" role=""/>
  <member type="way" ref="1134104912" role=""/>
  <member type="way" ref="4239307" role=""/>
  <member type="way" ref="1079054095" role=""/>
  <member type="way" ref="38315839" role=""/>
  <member type="way" ref="4239301" role=""/>
  <member type="way" ref="103004455" role=""/>
  <member type="way" ref="38315841" role=""/>
  <member type="way" ref="4239299" role=""/>
  <member type="way" ref="479912597" role=""/>
  <member type="way" ref="204796895" role=""/>
  <member type="way" ref="8708918" role=""/>
  <member type="way" ref="154605515" role=""/>
  <member type="way" ref="154807156" role=""/>
  <member type="way" ref="1450648581" role=""/>
  <member type="way" ref="1450648582" role=""/>
  <member type="way" ref="8708917" role=""/>
  <member type="way" ref="205229330" role=""/>
  <member type="way" ref="1450648571" role=""/>
  <member type="way" ref="1450648570" role=""/>
  <member type="way" ref="154807154" role=""/>
  <member type="way" ref="607897901" role=""/>
  <member type="way" ref="607897894" role=""/>
  <member type="way" ref="1027689900" role=""/>
  <member type="way" ref="1188537450" role=""/>
  <member type="way" ref="1218983333" role=""/>
  <member type="way" ref="1225795265" role=""/>
  <member type="way" ref="607914331" role=""/>
  <member type="way" ref="34427640" role=""/>
  <member type="way" ref="1168981971" role=""/>
  <member type="way" ref="1168981972" role=""/>
  <member type="way" ref="779845687" role=""/>
  <member type="way" ref="33898483" role=""/>
  <member type="way" ref="33712780" role=""/>
  <member type="way" ref="479912619" role=""/>
  <member type="way" ref="479912620" role=""/>
  <member type="way" ref="775994513" role=""/>
  <member type="way" ref="775994514" role=""/>
  <member type="way" ref="1059326610" role=""/>
  <member type="way" ref="1059326611" role=""/>
  <member type="way" ref="4946134" role=""/>
  <member type="way" ref="768812139" role=""/>
  <member type="way" ref="768812138" role=""/>
  <member type="way" ref="779845689" role=""/>
  <member type="way" ref="779845688" role=""/>
  <member type="way" ref="204280760" role=""/>
  <member type="way" ref="768502433" role=""/>
  <member type="way" ref="155155846" role=""/>
  <member type="way" ref="34697008" role=""/>
  <member type="way" ref="34697009" role=""/>
  <member type="way" ref="1059326609" role=""/>
  <member type="way" ref="1059326608" role=""/>
  <member type="way" ref="34667777" role=""/>
  <member type="way" ref="34667776" role=""/>
  <member type="way" ref="545445176" role=""/>
  <member type="way" ref="545445177" role=""/>
  <member type="way" ref="155487096" role=""/>
  <member type="way" ref="42998046" role=""/>
  <member type="way" ref="2815962" role=""/>
  <member type="way" ref="44062345" role=""/>
  <member type="way" ref="44452323" role=""/>
  <member type="way" ref="479912623" role=""/>
  <member type="way" ref="767384776" role=""/>
  <member type="way" ref="1057674173" role=""/>
  <member type="way" ref="767384777" role=""/>
  <member type="way" ref="800511555" role=""/>
  <member type="way" ref="44062325" role=""/>
  <member type="way" ref="4571630" role=""/>
  <member type="way" ref="4571631" role=""/>
  <member type="way" ref="10441603" role=""/>
  <member type="way" ref="10441605" role=""/>
  <member type="way" ref="10441606" role=""/>
  <member type="way" ref="1536980325" role=""/>
  <member type="way" ref="105770910" role=""/>
  <member type="way" ref="1065194186" role=""/>
  <member type="way" ref="1425563084" role=""/>
  <member type="way" ref="204469748" role=""/>
  <member type="way" ref="1036364366" role=""/>
  <member type="way" ref="356107168" role=""/>
  <member type="way" ref="1330681564" role=""/>
  <member type="way" ref="204816965" role=""/>
  <member type="way" ref="479912627" role=""/>
  <member type="way" ref="39760847" role=""/>
  <member type="way" ref="115369860" role=""/>
  <member type="way" ref="41894711" role=""/>
  <member type="way" ref="10425492" role=""/>
  <member type="way" ref="106803970" role=""/>
  <member type="way" ref="44808174" role=""/>
  <member type="way" ref="204818032" role=""/>
  <member type="way" ref="479912628" role=""/>
  <member type="way" ref="59112586" role=""/>
  <member type="way" ref="205999085" role=""/>
  <member type="way" ref="1016286809" role=""/>
  <member type="way" ref="1016286810" role=""/>
  <member type="way" ref="205674295" role=""/>
  <member type="way" ref="1016286805" role=""/>
  <member type="way" ref="1016286806" role=""/>
  <member type="way" ref="1016286807" role=""/>
  <member type="way" ref="1016286808" role=""/>
  <member type="way" ref="205674292" role=""/>
  <member type="way" ref="1453742873" role=""/>
  <member type="way" ref="762641866" role=""/>
  <member type="way" ref="205674293" role=""/>
  <member type="way" ref="238615996" role=""/>
  <member type="way" ref="1456062879" role=""/>
  <member type="way" ref="729893925" role=""/>
  <member type="way" ref="729893924" role=""/>
  <member type="way" ref="1164750998" role=""/>
  <member type="way" ref="1164750999" role=""/>
  <member type="way" ref="1164751000" role=""/>
  <member type="way" ref="1102688967" role=""/>
  <member type="way" ref="1164751001" role=""/>
  <member type="way" ref="1102688966" role=""/>
  <member type="way" ref="1164751002" role=""/>
  <member type="way" ref="1116533487" role=""/>
  <member type="way" ref="1456062881" role=""/>
  <member type="way" ref="2374459" role=""/>
  <member type="way" ref="762642139" role=""/>
  <member type="way" ref="235370004" role=""/>
  <member type="way" ref="1107366054" role=""/>
  <member type="way" ref="1107366053" role=""/>
  <member type="way" ref="238083027" role=""/>
  <member type="way" ref="501431374" role=""/>
  <member type="way" ref="1346225747" role=""/>
  <member type="way" ref="501431375" role=""/>
  <member type="way" ref="1161358928" role=""/>
  <member type="way" ref="218039067" role=""/>
  <member type="way" ref="218039068" role=""/>
  <member type="way" ref="238082890" role=""/>
  <member type="way" ref="1012190806" role=""/>
  <member type="way" ref="1282491800" role=""/>
  <member type="way" ref="1012190807" role=""/>
  <member type="way" ref="25341810" role=""/>
  <member type="way" ref="742460847" role=""/>
  <member type="way" ref="190349115" role=""/>
  <member type="way" ref="1453739771" role=""/>
  <member type="way" ref="90033545" role=""/>
  <member type="way" ref="742466052" role=""/>
  <member type="way" ref="26575536" role=""/>
  <member type="way" ref="742478357" role=""/>
  <member type="way" ref="1263687873" role=""/>
  <member type="way" ref="1263671784" role=""/>
  <member type="way" ref="193665680" role=""/>
  <member type="way" ref="1453739770" role=""/>
  <member type="way" ref="238082068" role=""/>
  <member type="way" ref="1082124726" role=""/>
  <member type="way" ref="1137106058" role=""/>
  <member type="way" ref="728033374" role=""/>
  <member type="way" ref="728033375" role=""/>
  <member type="way" ref="742479825" role=""/>
  <member type="way" ref="1011248056" role=""/>
  <member type="way" ref="742479824" role=""/>
  <member type="way" ref="25341811" role=""/>
  <member type="way" ref="742485660" role=""/>
  <member type="way" ref="238082063" role=""/>
  <member type="way" ref="742486462" role=""/>
  <member type="way" ref="742486463" role=""/>
  <member type="way" ref="742486464" role=""/>
  <member type="way" ref="130915139" role=""/>
  <member type="way" ref="238082065" role=""/>
  <member type="way" ref="219106712" role=""/>
  <member type="way" ref="1137106056" role=""/>
  <member type="way" ref="196249991" role=""/>
  <member type="way" ref="1422009903" role=""/>
  <member type="way" ref="196249899" role=""/>
  <member type="way" ref="244312285" role=""/>
  <member type="way" ref="1082124727" role=""/>
  <member type="way" ref="1418756949" role=""/>
  <member type="way" ref="238082064" role=""/>
  <member type="way" ref="751741334" role=""/>
  <member type="way" ref="688618699" role=""/>
  <member type="way" ref="1422181861" role=""/>
  <member type="way" ref="1422181862" role=""/>
  <member type="way" ref="479912631" role=""/>
  <member type="way" ref="479912632" role=""/>
  <member type="way" ref="1351157821" role=""/>
  <member type="way" ref="1351158297" role=""/>
  <member type="way" ref="244312286" role=""/>
  <member type="way" ref="1144352914" role=""/>
  <member type="way" ref="25791260" role=""/>
  <member type="way" ref="1308379036" role=""/>
  <member type="way" ref="2374479" role=""/>
  <member type="way" ref="1261995218" role=""/>
  <member type="way" ref="238082067" role=""/>
  <member type="way" ref="479912633" role=""/>
  <member type="way" ref="1055457045" role=""/>
  <member type="way" ref="479912634" role=""/>
  <member type="way" ref="24486096" role=""/>
  <member type="way" ref="1282052285" role=""/>
  <member type="way" ref="601541165" role=""/>
  <member type="way" ref="3186454" role=""/>
  <member type="way" ref="2956425" role=""/>
  <member type="way" ref="1055457025" role=""/>
  <member type="way" ref="22957578" role=""/>
  <member type="way" ref="233274351" role=""/>
  <member type="way" ref="233274350" role=""/>
  <member type="way" ref="233274355" role=""/>
  <member type="way" ref="741127430" role=""/>
  <member type="way" ref="741127429" role=""/>
  <member type="way" ref="22957579" role=""/>
  <member type="way" ref="479912635" role=""/>
  <member type="way" ref="1381772614" role=""/>
  <member type="way" ref="22790140" role=""/>
  <member type="way" ref="1381772615" role=""/>
  <member type="way" ref="1381772616" role=""/>
  <member type="way" ref="1381772617" role=""/>
  <member type="way" ref="1381772618" role=""/>
  <member type="way" ref="1381772619" role=""/>
  <member type="way" ref="149477143" role=""/>
  <member type="way" ref="209818463" role=""/>
  <member type="way" ref="1381772620" role=""/>
  <member type="way" ref="1381772621" role=""/>
  <member type="way" ref="209818465" role=""/>
  <member type="way" ref="1381772622" role=""/>
  <member type="way" ref="137272254" role=""/>
  <member type="way" ref="233274348" role=""/>
  <member type="way" ref="1346360074" role=""/>
  <member type="way" ref="1456229761" role=""/>
  <member type="way" ref="1346360073" role=""/>
  <member type="way" ref="1058494932" role=""/>
  <member type="way" ref="1381772623" role=""/>
  <member type="way" ref="1381772624" role=""/>
  <member type="way" ref="233274354" role=""/>
  <member type="way" ref="1381772626" role=""/>
  <member type="way" ref="1381772625" role=""/>
  <member type="way" ref="479917214" role=""/>
  <member type="way" ref="531488374" role=""/>
  <member type="way" ref="531488373" role=""/>
  <member type="way" ref="531488375" role=""/>
  <member type="way" ref="152180609" role=""/>
  <member type="way" ref="1089702373" role=""/>
  <member type="way" ref="221902994" role=""/>
  <member type="way" ref="479917217" role=""/>
  <member type="way" ref="479917218" role=""/>
  <member type="way" ref="239718626" role=""/>
  <member type="way" ref="1384318018" role=""/>
  <member type="way" ref="75280940" role=""/>
  <member type="way" ref="948478957" role=""/>
  <member type="way" ref="62318895" role=""/>
  <member type="way" ref="1011248057" role=""/>
  <member type="way" ref="479917216" role=""/>
  <member type="way" ref="219846984" role=""/>
  <member type="way" ref="479919886" role=""/>
  <member type="way" ref="19900030" role=""/>
  <member type="way" ref="821216798" role=""/>
  <member type="way" ref="821216797" role=""/>
  <member type="way" ref="62318877" role=""/>
  <member type="way" ref="19745212" role=""/>
  <member type="way" ref="1246885484" role=""/>
  <member type="way" ref="1510403764" role=""/>
  <member type="way" ref="1510403766" role=""/>
  <member type="way" ref="1510403765" role=""/>
  <member type="way" ref="244301272" role=""/>
  <member type="way" ref="178266126" role=""/>
  <member type="way" ref="8127452" role=""/>
  <member type="way" ref="1017470500" role=""/>
  <member type="way" ref="177690955" role=""/>
  <member type="way" ref="1246999201" role=""/>
  <member type="way" ref="1246999202" role=""/>
  <member type="way" ref="1017470501" role=""/>
  <member type="way" ref="1091646318" role=""/>
  <member type="way" ref="525432791" role=""/>
  <member type="way" ref="177690953" role=""/>
  <member type="way" ref="104209753" role=""/>
  <member type="way" ref="525432796" role=""/>
  <member type="way" ref="104209751" role=""/>
  <member type="way" ref="1511775016" role=""/>
  <member type="way" ref="44864554" role=""/>
  <member type="way" ref="44864562" role=""/>
  <member type="way" ref="197234772" role=""/>
  <member type="way" ref="700163775" role=""/>
  <member type="way" ref="700163774" role=""/>
  <member type="way" ref="730010903" role=""/>
  <member type="way" ref="730010902" role=""/>
  <member type="way" ref="183061160" role=""/>
  <member type="way" ref="1057576170" role=""/>
  <member type="way" ref="225922136" role=""/>
  <member type="way" ref="1165380106" role=""/>
  <member type="way" ref="3263225" role=""/>
  <member type="way" ref="107029832" role=""/>
  <member type="way" ref="1040865914" role=""/>
  <member type="way" ref="1024680436" role=""/>
  <member type="way" ref="1024680436" role=""/>
  <member type="way" ref="1040865914" role=""/>
  <member type="way" ref="107029832" role=""/>
  <member type="way" ref="305850151" role=""/>
  <member type="way" ref="244299518" role=""/>
  <member type="way" ref="222311805" role=""/>
  <member type="way" ref="1467046760" role=""/>
  <member type="way" ref="244299517" role=""/>
  <member type="way" ref="15680422" role=""/>
  <member type="way" ref="1416534346" role=""/>
  <member type="way" ref="1464988879" role=""/>
  <member type="way" ref="1416534305" role=""/>
  <member type="way" ref="155441567" role=""/>
  <member type="way" ref="26553809" role=""/>
  <member type="way" ref="1071989576" role=""/>
  <member type="way" ref="655833272" role=""/>
  <member type="way" ref="26553812" role=""/>
  <member type="way" ref="1071989575" role=""/>
  <member type="way" ref="655833269" role=""/>
  <member type="way" ref="1063792176" role=""/>
  <member type="way" ref="1063792177" role=""/>
  <member type="way" ref="1071989574" role=""/>
  <member type="way" ref="1071989573" role=""/>
  <member type="way" ref="50219181" role=""/>
  <member type="way" ref="730905554" role=""/>
  <member type="way" ref="35920773" role=""/>
  <member type="way" ref="1071989572" role=""/>
  <member type="way" ref="601791920" role=""/>
  <member type="way" ref="601791921" role=""/>
  <member type="way" ref="1072010400" role=""/>
  <member type="way" ref="1072010399" role=""/>
  <member type="way" ref="94670390" role=""/>
  <member type="way" ref="1072010398" role=""/>
  <member type="way" ref="1072010397" role=""/>
  <member type="way" ref="1307315868" role=""/>
  <member type="way" ref="1307315867" role=""/>
  <member type="way" ref="1307315869" role=""/>
  <member type="way" ref="217019065" role=""/>
  <member type="way" ref="217019064" role=""/>
  <member type="way" ref="1072010396" role=""/>
  <member type="way" ref="1072010395" role=""/>
  <member type="way" ref="1072010394" role=""/>
  <member type="way" ref="1072010393" role=""/>
  <member type="way" ref="50219179" role=""/>
  <member type="way" ref="235007691" role=""/>
  <member type="way" ref="235007689" role=""/>
  <member type="way" ref="786425675" role=""/>
  <member type="way" ref="252948275" role=""/>
  <member type="way" ref="783524730" role=""/>
  <member type="way" ref="783524731" role=""/>
  <member type="way" ref="2903911" role=""/>
  <member type="way" ref="1307314727" role=""/>
  <member type="way" ref="1307314728" role=""/>
  <member type="way" ref="1072010392" role=""/>
  <member type="way" ref="52048545" role=""/>
  <member type="way" ref="1072010391" role=""/>
  <member type="way" ref="52048546" role=""/>
  <member type="way" ref="8125183" role=""/>
  <member type="way" ref="94670391" role=""/>
  <member type="way" ref="8125186" role=""/>
  <member type="way" ref="8125185" role=""/>
  <member type="way" ref="8125184" role=""/>
  <member type="way" ref="8125188" role=""/>
  <member type="way" ref="130007417" role=""/>
  <member type="way" ref="8125189" role=""/>
  <member type="way" ref="52048197" role=""/>
  <member type="way" ref="4040265" role=""/>
  <member type="way" ref="1067614434" role=""/>
  <member type="way" ref="350204278" role=""/>
  <member type="way" ref="1307301651" role=""/>
  <member type="way" ref="4040268" role=""/>
  <member type="way" ref="1307301397" role=""/>
  <member type="way" ref="4040269" role=""/>
  <member type="way" ref="1067614427" role=""/>
  <member type="way" ref="75785478" role=""/>
  <member type="way" ref="1307301393" role=""/>
  <member type="way" ref="1416206783" role=""/>
  <member type="way" ref="1416206782" role=""/>
  <member type="way" ref="1307301394" role=""/>
  <member type="way" ref="1307301395" role=""/>
  <member type="way" ref="1416206779" role=""/>
  <member type="way" ref="1416206780" role=""/>
  <member type="way" ref="1416206781" role=""/>
  <member type="way" ref="8132638" role=""/>
  <member type="way" ref="1307300779" role=""/>
  <member type="way" ref="1307300778" role=""/>
  <member type="way" ref="1416206777" role=""/>
  <member type="way" ref="1416206778" role=""/>
  <member type="way" ref="1416206166" role=""/>
  <member type="way" ref="511613436" role=""/>
  <member type="way" ref="511613434" role=""/>
  <member type="way" ref="51932818" role=""/>
  <member type="way" ref="22633180" role=""/>
  <member type="way" ref="22633385" role=""/>
  <member type="way" ref="22633422" role=""/>
  <member type="way" ref="1550568949" role=""/>
  <member type="way" ref="51932815" role=""/>
  <member type="way" ref="1321612778" role=""/>
  <member type="way" ref="52044506" role=""/>
  <member type="way" ref="1321612777" role=""/>
  <member type="way" ref="669871552" role=""/>
  <member type="way" ref="38303901" role=""/>
  <member type="way" ref="44016435" role=""/>
  <member type="way" ref="52131252" role=""/>
  <member type="way" ref="3530412" role=""/>
  <member type="way" ref="1071989599" role=""/>
  <member type="way" ref="1307318666" role=""/>
  <member type="way" ref="1307318667" role=""/>
  <member type="way" ref="1071989600" role=""/>
  <member type="way" ref="898416568" role=""/>
  <member type="way" ref="362549594" role=""/>
  <member type="way" ref="1071989602" role=""/>
  <member type="way" ref="652996692" role=""/>
  <member type="way" ref="652998956" role=""/>
  <member type="way" ref="1253181229" role=""/>
  <member type="way" ref="1253181230" role=""/>
  <member type="way" ref="1005094220" role=""/>
  <member type="way" ref="1005098224" role=""/>
  <member type="way" ref="1005098223" role=""/>
  <member type="way" ref="1005098226" role=""/>
  <member type="way" ref="50218075" role=""/>
  <member type="way" ref="1005098225" role=""/>
  <member type="way" ref="1071989603" role=""/>
  <member type="way" ref="362047728" role=""/>
  <member type="way" ref="1071989604" role=""/>
  <member type="way" ref="1072612915" role=""/>
  <member type="way" ref="3531082" role=""/>
  <member type="way" ref="1072633091" role=""/>
  <member type="way" ref="1071976810" role=""/>
  <member type="way" ref="1071976811" role=""/>
  <member type="way" ref="98729910" role=""/>
  <member type="way" ref="1071976812" role=""/>
  <member type="way" ref="1071976813" role=""/>
  <member type="way" ref="1071976814" role=""/>
  <member type="way" ref="1071976815" role=""/>
  <member type="way" ref="1072633090" role=""/>
  <member type="way" ref="1071976816" role=""/>
  <member type="way" ref="1072633089" role=""/>
  <member type="way" ref="1071976817" role=""/>
  <member type="way" ref="1072633088" role=""/>
  <member type="way" ref="1071976818" role=""/>
  <member type="way" ref="1071976819" role=""/>
  <member type="way" ref="1072633087" role=""/>
  <member type="way" ref="1072633086" role=""/>
  <member type="way" ref="3531081" role=""/>
  <member type="way" ref="1071976820" role=""/>
  <member type="way" ref="1456725672" role=""/>
  <member type="way" ref="1071976821" role=""/>
  <member type="way" ref="1071976823" role=""/>
  <member type="way" ref="172055425" role=""/>
  <member type="way" ref="1071976822" role=""/>
  <member type="way" ref="172055427" role=""/>
  <member type="way" ref="58740829" role=""/>
  <member type="way" ref="1071976824" role=""/>
  <member type="way" ref="1071976825" role=""/>
  <member type="way" ref="1071976826" role=""/>
  <member type="way" ref="1071976827" role=""/>
  <member type="way" ref="1550596557" role=""/>
  <member type="way" ref="1071976828" role=""/>
  <member type="way" ref="1071976829" role=""/>
  <member type="way" ref="61977973" role=""/>
  <member type="way" ref="42226285" role=""/>
  <member type="way" ref="1067139353" role=""/>
  <member type="way" ref="52047800" role=""/>
  <member type="way" ref="1067139355" role=""/>
  <member type="way" ref="1067139354" role=""/>
  <member type="way" ref="245650577" role=""/>
  <member type="way" ref="1067139356" role=""/>
  <member type="way" ref="245650572" role=""/>
  <member type="way" ref="1280827791" role=""/>
  <member type="way" ref="245650578" role=""/>
  <member type="way" ref="1280827790" role=""/>
  <member type="way" ref="245650571" role=""/>
  <member type="way" ref="245650574" role=""/>
  <member type="way" ref="907188568" role=""/>
  <member type="way" ref="232728113" role=""/>
  <member type="way" ref="1067139358" role=""/>
  <member type="way" ref="1067139357" role=""/>
  <member type="way" ref="149031880" role=""/>
  <member type="way" ref="563890941" role=""/>
  <member type="way" ref="695940538" role=""/>
  <member type="way" ref="1073925652" role=""/>
  <member type="way" ref="1073925651" role=""/>
  <member type="way" ref="1307341032" role=""/>
  <member type="way" ref="1307341033" role=""/>
  <member type="way" ref="1307341034" role=""/>
  <member type="way" ref="652988440" role=""/>
  <member type="way" ref="1073925650" role=""/>
  <member type="way" ref="1067139359" role=""/>
  <member type="way" ref="73030908" role=""/>
  <member type="way" ref="43407337" role=""/>
  <member type="way" ref="1264418314" role=""/>
  <member type="way" ref="1317550330" role=""/>
  <member type="way" ref="1005101253" role=""/>
  <member type="way" ref="48378146" role=""/>
  <member type="way" ref="1264418317" role=""/>
  <member type="way" ref="1433740156" role=""/>
  <member type="way" ref="1067139366" role=""/>
  <member type="way" ref="48378147" role=""/>
  <member type="way" ref="1433740155" role=""/>
  <member type="way" ref="344325278" role=""/>
  <member type="way" ref="1067139367" role=""/>
  <member type="way" ref="360956357" role=""/>
  <member type="way" ref="360956353" role=""/>
  <member type="way" ref="361048288" role=""/>
  <member type="way" ref="360956356" role=""/>
  <member type="way" ref="360956355" role=""/>
  <member type="way" ref="360959480" role=""/>
  <member type="way" ref="360956350" role=""/>
  <member type="way" ref="353258407" role=""/>
  <member type="way" ref="360956351" role=""/>
  <member type="way" ref="587344651" role=""/>
  <member type="way" ref="1067121855" role=""/>
  <member type="way" ref="1354725264" role=""/>
  <member type="way" ref="856605701" role=""/>
  <member type="way" ref="1354725265" role=""/>
  <member type="way" ref="360956352" role=""/>
  <member type="way" ref="587344648" role=""/>
  <member type="way" ref="856605700" role=""/>
  <member type="way" ref="360959478" role=""/>
  <member type="way" ref="21069587" role=""/>
  <member type="way" ref="361887075" role=""/>
  <member type="way" ref="201299308" role=""/>
  <member type="way" ref="201299306" role=""/>
  <member type="way" ref="361887077" role=""/>
  <member type="way" ref="850507856" role=""/>
  <member type="way" ref="1101595330" role=""/>
  <member type="way" ref="850507858" role=""/>
  <member type="way" ref="41924872" role=""/>
  <member type="way" ref="111571874" role=""/>
  <member type="way" ref="1258978125" role=""/>
  <member type="way" ref="228286732" role=""/>
  <member type="way" ref="1258959664" role=""/>
  <member type="way" ref="361887080" role=""/>
  <member type="way" ref="1258945337" role=""/>
  <member type="way" ref="500807358" role=""/>
  <member type="way" ref="1258945339" role=""/>
  <member type="way" ref="679307340" role=""/>
  <member type="way" ref="361887079" role=""/>
  <member type="way" ref="1258950671" role=""/>
  <member type="way" ref="477215249" role=""/>
  <member type="way" ref="500808682" role=""/>
  <member type="way" ref="670564743" role=""/>
  <member type="way" ref="850507857" role=""/>
  <member type="way" ref="850507864" role=""/>
  <member type="way" ref="477215245" role=""/>
  <member type="way" ref="477215248" role=""/>
  <member type="way" ref="361887076" role=""/>
  <member type="way" ref="1285207236" role=""/>
  <member type="way" ref="226746587" role=""/>
  <member type="way" ref="1421538038" role=""/>
  <member type="way" ref="201273093" role=""/>
  <member type="way" ref="1264418312" role=""/>
  <member type="way" ref="1317550320" role=""/>
  <member type="way" ref="1264418315" role=""/>
  <member type="way" ref="1264440610" role=""/>
  <member type="way" ref="1264418316" role=""/>
  <member type="way" ref="160621962" role=""/>
  <member type="way" ref="3727760" role=""/>
  <member type="way" ref="4211333" role=""/>
  <member type="way" ref="230189342" role=""/>
  <member type="way" ref="1442689398" role=""/>
  <member type="way" ref="479932197" role=""/>
  <member type="way" ref="480030312" role=""/>
  <member type="way" ref="480030323" role=""/>
  <member type="way" ref="480051428" role=""/>
  <member type="way" ref="480051427" role=""/>
  <member type="way" ref="1291175814" role=""/>
  <member type="way" ref="1291175812" role=""/>
  <member type="way" ref="1291175813" role=""/>
  <member type="way" ref="33089210" role=""/>
  <member type="way" ref="308171700" role=""/>
  <member type="way" ref="10482089" role=""/>
  <member type="way" ref="1156223060" role=""/>
  <member type="way" ref="308171699" role=""/>
  <member type="way" ref="995542654" role="forward"/>
  <member type="way" ref="995542662" role="forward"/>
  <member type="way" ref="995542663" role="backward"/>
  <member type="way" ref="995542656" role="backward"/>
  <member type="way" ref="995542655" role="forward"/>
  <member type="way" ref="38211470" role=""/>
  <member type="way" ref="888309620" role=""/>
  <member type="way" ref="1004434292" role=""/>
  <member type="way" ref="40392981" role=""/>
  <member type="way" ref="992264948" role=""/>
  <member type="way" ref="845222909" role=""/>
  <member type="way" ref="845222911" role=""/>
  <member type="way" ref="845222913" role=""/>
  <member type="way" ref="996069963" role=""/>
  <member type="way" ref="1004434293" role=""/>
  <member type="way" ref="1004434294" role=""/>
  <member type="way" ref="845222912" role=""/>
  <member type="way" ref="845222918" role=""/>
  <member type="way" ref="845222910" role=""/>
  <member type="way" ref="245502980" role=""/>
  <member type="way" ref="1004434296" role=""/>
  <member type="way" ref="1004434295" role=""/>
  <member type="way" ref="551183093" role=""/>
  <member type="way" ref="845227139" role=""/>
  <member type="way" ref="1262429730" role=""/>
  <member type="way" ref="1262429729" role=""/>
  <member type="way" ref="845227140" role=""/>
  <member type="way" ref="845227136" role=""/>
  <member type="way" ref="845227143" role=""/>
  <member type="way" ref="845227146" role=""/>
  <member type="way" ref="845227145" role=""/>
  <member type="way" ref="38368092" role=""/>
  <member type="way" ref="1159709795" role=""/>
  <member type="way" ref="24301453" role=""/>
  <member type="way" ref="1072335022" role=""/>
  <member type="way" ref="39978514" role=""/>
  <member type="way" ref="1242788363" role="forward"/>
  <member type="way" ref="1242788362" role="forward"/>
  <member type="way" ref="1136451922" role=""/>
  <member type="way" ref="31240426" role=""/>
  <member type="way" ref="40151263" role=""/>
  <member type="way" ref="667354410" role=""/>
  <member type="way" ref="1339967603" role=""/>
  <member type="way" ref="667354411" role=""/>
  <member type="way" ref="1339967605" role=""/>
  <member type="way" ref="1339967604" role=""/>
  <member type="way" ref="39909279" role=""/>
  <member type="way" ref="1072335023" role=""/>
  <member type="way" ref="39909282" role=""/>
  <member type="way" ref="1072335024" role=""/>
  <member type="way" ref="638934331" role=""/>
  <member type="way" ref="1075865267" role=""/>
  <member type="way" ref="638934332" role=""/>
  <member type="way" ref="1075865271" role=""/>
  <member type="way" ref="1075865270" role=""/>
  <member type="way" ref="1075865275" role=""/>
  <member type="way" ref="1075865274" role=""/>
  <member type="way" ref="1075865279" role=""/>
  <member type="way" ref="1075865280" role=""/>
  <member type="way" ref="4352350" role=""/>
  <member type="way" ref="1075865281" role=""/>
  <member type="way" ref="992304341" role=""/>
  <member type="way" ref="1313036682" role=""/>
  <member type="way" ref="1071626002" role=""/>
  <member type="way" ref="1313036683" role=""/>
  <member type="way" ref="1071626001" role=""/>
  <member type="way" ref="5172638" role=""/>
  <member type="way" ref="1075865282" role=""/>
  <member type="way" ref="1075847476" role=""/>
  <member type="way" ref="5172639" role=""/>
  <member type="way" ref="146465841" role=""/>
  <member type="way" ref="1071626003" role=""/>
  <member type="way" ref="1071626004" role=""/>
  <member type="way" ref="224429432" role=""/>
  <member type="way" ref="4930487" role=""/>
  <member type="way" ref="38160650" role=""/>
  <member type="way" ref="224429435" role=""/>
  <member type="way" ref="1071626005" role=""/>
  <member type="way" ref="1071626006" role=""/>
  <member type="way" ref="33420405" role=""/>
  <member type="way" ref="589556821" role=""/>
  <member type="way" ref="589556817" role=""/>
  <member type="way" ref="943070347" role=""/>
  <member type="way" ref="833768135" role=""/>
  <member type="way" ref="1072335030" role=""/>
  <member type="way" ref="1071626009" role=""/>
  <member type="way" ref="4930710" role=""/>
  <member type="way" ref="706400546" role=""/>
  <member type="way" ref="38348185" role=""/>
  <member type="way" ref="963318962" role=""/>
  <member type="way" ref="33824833" role=""/>
  <member type="way" ref="383840450" role=""/>
  <member type="way" ref="383840471" role=""/>
  <member type="way" ref="384035752" role=""/>
  <member type="way" ref="384035757" role=""/>
  <member type="way" ref="601449952" role=""/>
  <member type="way" ref="480066716" role=""/>
  <member type="way" ref="186394756" role=""/>
  <member type="way" ref="631555570" role=""/>
  <member type="way" ref="1068453328" role=""/>
  <member type="way" ref="609255334" role=""/>
  <member type="way" ref="226291729" role=""/>
  <member type="way" ref="609255316" role=""/>
  <member type="way" ref="1012299464" role=""/>
  <member type="way" ref="631555573" role=""/>
  <member type="way" ref="1012299467" role=""/>
  <member type="way" ref="609255326" role=""/>
  <member type="way" ref="92736113" role=""/>
  <member type="way" ref="940371009" role=""/>
  <member type="way" ref="940371002" role=""/>
  <member type="way" ref="40584853" role=""/>
  <member type="way" ref="28658986" role=""/>
  <member type="way" ref="755102572" role=""/>
  <member type="way" ref="37290812" role=""/>
  <member type="way" ref="37290811" role=""/>
  <member type="way" ref="606200833" role=""/>
  <member type="way" ref="606200842" role=""/>
  <member type="way" ref="606200840" role=""/>
  <member type="way" ref="92512581" role=""/>
  <member type="way" ref="4930518" role=""/>
  <member type="way" ref="37429378" role=""/>
  <member type="way" ref="700635510" role=""/>
  <member type="way" ref="37429377" role=""/>
  <member type="way" ref="700635509" role=""/>
  <member type="way" ref="38118855" role=""/>
  <member type="way" ref="38118856" role=""/>
  <member type="way" ref="4930525" role=""/>
  <member type="way" ref="50212403" role=""/>
  <member type="way" ref="5153851" role=""/>
  <member type="way" ref="38116948" role=""/>
  <member type="way" ref="155736153" role=""/>
  <member type="way" ref="276022954" role=""/>
  <member type="way" ref="677981970" role=""/>
  <member type="way" ref="1456307598" role=""/>
  <member type="way" ref="677981980" role=""/>
  <member type="way" ref="38115274" role=""/>
  <member type="way" ref="480067769" role=""/>
  <member type="way" ref="38332304" role=""/>
  <member type="way" ref="5112297" role=""/>
  <member type="way" ref="1415446669" role=""/>
  <member type="way" ref="275261689" role=""/>
  <member type="way" ref="742200280" role=""/>
  <member type="way" ref="23527279" role=""/>
  <member type="way" ref="23527564" role=""/>
  <member type="way" ref="23527558" role=""/>
  <member type="way" ref="5106099" role=""/>
  <member type="way" ref="1238998135" role=""/>
  <member type="way" ref="747954750" role=""/>
  <member type="way" ref="1238998128" role=""/>
  <member type="way" ref="4930574" role=""/>
  <member type="way" ref="1238998133" role=""/>
  <member type="way" ref="153976462" role=""/>
  <member type="way" ref="161918686" role=""/>
  <member type="way" ref="5114693" role=""/>
  <member type="way" ref="153976467" role=""/>
  <member type="way" ref="153976481" role=""/>
  <member type="way" ref="223540453" role=""/>
  <member type="way" ref="165238458" role=""/>
  <member type="way" ref="1239280047" role=""/>
  <member type="way" ref="1238998134" role=""/>
  <member type="way" ref="588254356" role=""/>
  <member type="way" ref="1357646102" role=""/>
  <member type="way" ref="122289514" role=""/>
  <member type="way" ref="122289540" role=""/>
  <member type="way" ref="183765516" role=""/>
  <member type="way" ref="480070371" role=""/>
  <member type="way" ref="1417616277" role=""/>
  <member type="way" ref="42330360" role=""/>
  <member type="way" ref="42330372" role=""/>
  <member type="way" ref="4974207" role=""/>
  <member type="way" ref="262218772" role=""/>
  <member type="way" ref="4974196" role=""/>
  <member type="way" ref="480070372" role=""/>
  <member type="way" ref="480070373" role=""/>
  <member type="way" ref="974610522" role=""/>
  <member type="way" ref="1423520060" role=""/>
  <member type="way" ref="48368269" role=""/>
  <member type="way" ref="516501512" role=""/>
  <member type="way" ref="143733464" role=""/>
  <member type="way" ref="117922900" role=""/>
  <member type="way" ref="117922492" role=""/>
  <member type="way" ref="94927622" role=""/>
  <member type="way" ref="23158221" role=""/>
  <member type="way" ref="23158220" role=""/>
  <member type="way" ref="1251416152" role=""/>
  <member type="way" ref="1445856594" role=""/>
  <member type="way" ref="1445856593" role=""/>
  <member type="way" ref="1547229430" role=""/>
  <member type="way" ref="1547229431" role=""/>
  <member type="way" ref="1547229432" role=""/>
  <member type="way" ref="94462906" role=""/>
  <member type="way" ref="1547229434" role=""/>
  <member type="way" ref="1547229435" role=""/>
  <member type="way" ref="1547229433" role=""/>
  <member type="way" ref="372974293" role=""/>
  <member type="way" ref="1340312563" role=""/>
  <member type="way" ref="4869830" role=""/>
  <member type="way" ref="4869760" role=""/>
  <member type="way" ref="94253477" role=""/>
  <member type="way" ref="161892932" role=""/>
  <member type="way" ref="217596134" role=""/>
  <member type="way" ref="117632817" role=""/>
  <member type="way" ref="23279531" role=""/>
  <member type="way" ref="372973612" role=""/>
  <member type="way" ref="1340180745" role=""/>
  <member type="way" ref="1260588372" role=""/>
  <member type="way" ref="1340180746" role=""/>
  <member type="way" ref="372973614" role=""/>
  <member type="way" ref="85070406" role=""/>
  <member type="way" ref="30415344" role=""/>
  <member type="way" ref="113516908" role=""/>
  <member type="way" ref="667975864" role=""/>
  <member type="way" ref="107403223" role=""/>
  <member type="way" ref="83611351" role=""/>
  <member type="way" ref="372971287" role=""/>
  <member type="way" ref="31057944" role=""/>
  <member type="way" ref="96256872" role=""/>
  <member type="way" ref="209001417" role=""/>
  <member type="way" ref="672887218" role=""/>
  <member type="way" ref="672887218" role=""/>
  <member type="way" ref="209001417" role=""/>
  <member type="way" ref="209001413" role=""/>
  <member type="way" ref="209040201" role=""/>
  <member type="way" ref="1371618911" role=""/>
  <member type="way" ref="1373345646" role=""/>
  <member type="way" ref="991279046" role=""/>
  <member type="way" ref="1107371921" role=""/>
  <member type="way" ref="214474397" role=""/>
  <member type="way" ref="198290222" role=""/>
  <member type="way" ref="1380165046" role=""/>
  <member type="way" ref="214474382" role=""/>
  <member type="way" ref="1349987776" role=""/>
  <member type="way" ref="873296492" role=""/>
  <member type="way" ref="31919450" role=""/>
  <member type="way" ref="873296494" role=""/>
  <member type="way" ref="203803268" role=""/>
  <member type="way" ref="18677435" role=""/>
  <member type="way" ref="230532837" role=""/>
  <member type="way" ref="206826818" role=""/>
  <member type="way" ref="206826817" role=""/>
  <member type="way" ref="85273735" role=""/>
  <member type="way" ref="111202876" role=""/>
  <member type="way" ref="1363414952" role=""/>
  <member type="way" ref="1363414953" role=""/>
  <member type="way" ref="1363414954" role=""/>
  <member type="way" ref="111202846" role=""/>
  <member type="way" ref="1363414959" role=""/>
  <member type="way" ref="4373760" role=""/>
  <member type="way" ref="4373758" role=""/>
  <member type="way" ref="1380165050" role=""/>
  <member type="way" ref="214474417" role=""/>
  <member type="way" ref="44510279" role=""/>
  <member type="way" ref="229729576" role=""/>
  <member type="way" ref="214474423" role=""/>
  <member type="way" ref="372966536" role=""/>
  <member type="way" ref="1384074409" role=""/>
  <member type="way" ref="229729577" role=""/>
  <member type="way" ref="1013716453" role=""/>
  <member type="way" ref="1304857041" role=""/>
  <member type="way" ref="138639143" role=""/>
  <member type="way" ref="138638808" role=""/>
  <member type="way" ref="217210049" role=""/>
  <member type="way" ref="90115469" role=""/>
  <member type="way" ref="4489042" role=""/>
  <member type="way" ref="90115466" role=""/>
  <member type="way" ref="96682925" role=""/>
  <member type="way" ref="1304854666" role=""/>
  <member type="way" ref="1304854667" role=""/>
  <member type="way" ref="96682921" role=""/>
  <member type="way" ref="96682904" role=""/>
  <member type="way" ref="1304853866" role=""/>
  <member type="way" ref="1304853865" role=""/>
  <member type="way" ref="96682919" role=""/>
  <member type="way" ref="71250588" role=""/>
  <member type="way" ref="96682910" role=""/>
  <member type="way" ref="239883374" role=""/>
  <member type="way" ref="71250360" role=""/>
  <member type="way" ref="67263580" role=""/>
  <member type="way" ref="718318827" role=""/>
  <member type="way" ref="67263582" role=""/>
  <member type="way" ref="1304852735" role=""/>
  <member type="way" ref="97985486" role=""/>
  <member type="way" ref="1304852234" role=""/>
  <member type="way" ref="1304852233" role=""/>
  <member type="way" ref="1304852165" role=""/>
  <member type="way" ref="1304852164" role=""/>
  <member type="way" ref="1304852163" role=""/>
  <member type="way" ref="58169845" role=""/>
  <member type="way" ref="48262441" role=""/>
  <member type="way" ref="195820808" role=""/>
  <member type="way" ref="4770927" role=""/>
  <member type="way" ref="82367170" role=""/>
  <member type="way" ref="43719510" role=""/>
  <member type="way" ref="43719508" role=""/>
  <member type="way" ref="43719503" role=""/>
  <member type="way" ref="182890314" role=""/>
  <member type="way" ref="666531569" role=""/>
  <member type="way" ref="738884265" role=""/>
  <member type="way" ref="666531568" role=""/>
  <member type="way" ref="43135237" role=""/>
  <member type="way" ref="43135236" role=""/>
  <member type="way" ref="43135233" role=""/>
  <member type="way" ref="1222788823" role=""/>
  <member type="way" ref="1222788822" role=""/>
  <member type="way" ref="1262442894" role=""/>
  <member type="way" ref="1262442895" role=""/>
  <member type="way" ref="1262442896" role=""/>
  <member type="way" ref="1262442897" role=""/>
  <member type="way" ref="79604776" role=""/>
  <member type="way" ref="1222788824" role=""/>
  <member type="way" ref="79604770" role=""/>
  <member type="way" ref="79604772" role=""/>
  <member type="way" ref="43135234" role=""/>
  <member type="way" ref="79604773" role=""/>
  <member type="way" ref="79604775" role=""/>
  <member type="way" ref="49899165" role=""/>
  <member type="way" ref="6074879" role=""/>
  <member type="way" ref="1304841286" role=""/>
  <member type="way" ref="1304841287" role=""/>
  <member type="way" ref="1302371762" role=""/>
  <member type="way" ref="76819903" role=""/>
  <member type="way" ref="1107329483" role=""/>
  <member type="way" ref="76819907" role=""/>
  <member type="way" ref="1123584683" role=""/>
  <member type="way" ref="1054293588" role=""/>
  <member type="way" ref="30895719" role=""/>
  <member type="way" ref="1077486387" role=""/>
  <member type="way" ref="1390219451" role=""/>
  <member type="way" ref="31357434" role=""/>
  <member type="way" ref="760393292" role=""/>
  <member type="way" ref="760393291" role=""/>
  <member type="way" ref="31357428" role=""/>
  <member type="way" ref="30897186" role=""/>
  <member type="way" ref="760393294" role=""/>
  <member type="way" ref="760393295" role=""/>
  <member type="way" ref="1054293572" role=""/>
  <member type="way" ref="1054293573" role=""/>
  <member type="way" ref="122633603" role=""/>
  <member type="way" ref="1054293571" role=""/>
  <member type="way" ref="1054293570" role=""/>
  <member type="way" ref="907378008" role=""/>
  <member type="way" ref="1054293569" role=""/>
  <member type="way" ref="1258256229" role=""/>
  <member type="way" ref="1258256230" role=""/>
  <member type="way" ref="4382142" role=""/>
  <member type="way" ref="25594162" role=""/>
  <member type="way" ref="1258256231" role=""/>
  <member type="way" ref="1258256232" role=""/>
  <member type="way" ref="62232862" role=""/>
  <member type="way" ref="1258256233" role=""/>
  <member type="way" ref="1258256234" role=""/>
  <member type="way" ref="62232860" role=""/>
  <member type="way" ref="480080446" role=""/>
  <member type="way" ref="121378303" role=""/>
  <member type="way" ref="31682284" role=""/>
  <member type="way" ref="4772364" role=""/>
  <member type="way" ref="80499100" role=""/>
  <member type="way" ref="4770710" role=""/>
  <member type="way" ref="4671257" role=""/>
  <member type="way" ref="31682287" role=""/>
  <member type="way" ref="80499097" role=""/>
  <member type="way" ref="5119614" role=""/>
  <member type="way" ref="5119646" role=""/>
  <member type="way" ref="77608470" role=""/>
  <member type="way" ref="180873976" role=""/>
  <member type="way" ref="4772367" role=""/>
  <member type="way" ref="158230670" role=""/>
  <member type="way" ref="158230672" role=""/>
  <member type="way" ref="480084684" role=""/>
  <member type="way" ref="42701219" role=""/>
  <member type="way" ref="23416386" role=""/>
  <member type="way" ref="4476017" role=""/>
  <member type="way" ref="141113077" role=""/>
  <member type="way" ref="4476016" role=""/>
  <member type="way" ref="4476015" role=""/>
  <member type="way" ref="631626597" role=""/>
  <member type="way" ref="130453480" role=""/>
  <member type="way" ref="631626598" role=""/>
  <member type="way" ref="16819402" role=""/>
  <member type="way" ref="4621741" role=""/>
  <member type="way" ref="146908222" role=""/>
  <member type="way" ref="1388850707" role=""/>
  <member type="way" ref="1388850712" role=""/>
  <member type="way" ref="4554347" role=""/>
  <member type="way" ref="1081201764" role=""/>
  <member type="way" ref="23599265" role=""/>
  <member type="way" ref="23436548" role=""/>
  <member type="way" ref="4433647" role=""/>
  <member type="way" ref="23581516" role=""/>
  <member type="way" ref="23582215" role=""/>
  <member type="way" ref="1095864956" role=""/>
  <member type="way" ref="1095864955" role=""/>
  <member type="way" ref="4865417" role=""/>
  <member type="way" ref="23582246" role=""/>
  <member type="way" ref="23483388" role=""/>
  <member type="way" ref="23581791" role=""/>
  <member type="way" ref="1195176081" role=""/>
  <member type="way" ref="184459660" role=""/>
  <member type="way" ref="161585985" role=""/>
  <member type="way" ref="108282575" role=""/>
  <member type="way" ref="530029352" role=""/>
  <member type="way" ref="530029355" role=""/>
  <member type="way" ref="480084685" role=""/>
  <member type="way" ref="28801165" role=""/>
  <member type="way" ref="43631617" role=""/>
  <member type="way" ref="69227355" role=""/>
  <member type="way" ref="28801207" role=""/>
  <member type="way" ref="372822285" role=""/>
  <member type="way" ref="1457535239" role=""/>
  <member type="way" ref="1457535240" role=""/>
  <member type="way" ref="69227229" role=""/>
  <member type="way" ref="95244300" role=""/>
  <member type="way" ref="178355473" role=""/>
  <member type="way" ref="178355475" role=""/>
  <member type="way" ref="32605937" role=""/>
  <member type="way" ref="32605939" role=""/>
  <member type="way" ref="910121014" role=""/>
  <member type="way" ref="114618427" role=""/>
  <member type="way" ref="372817306" role=""/>
  <member type="way" ref="1215132155" role=""/>
  <member type="way" ref="443210120" role=""/>
  <member type="way" ref="37732345" role=""/>
  <member type="way" ref="1216867201" role=""/>
  <member type="way" ref="871730652" role=""/>
  <member type="way" ref="38718623" role=""/>
  <member type="way" ref="38789183" role=""/>
  <member type="way" ref="30354753" role=""/>
  <member type="way" ref="932832252" role=""/>
  <member type="way" ref="39194152" role=""/>
  <member type="way" ref="932832251" role=""/>
  <member type="way" ref="528953371" role=""/>
  <member type="way" ref="5061087" role=""/>
  <member type="way" ref="528953372" role=""/>
  <member type="way" ref="528953370" role=""/>
  <member type="way" ref="1386145650" role=""/>
  <member type="way" ref="495715950" role=""/>
  <member type="way" ref="30356176" role=""/>
  <member type="way" ref="532681557" role=""/>
  <member type="way" ref="1353243636" role=""/>
  <member type="way" ref="1186534957" role=""/>
  <member type="way" ref="1186534956" role=""/>
  <member type="way" ref="252195518" role=""/>
  <member type="way" ref="252195520" role=""/>
  <member type="way" ref="1186564668" role=""/>
  <member type="way" ref="987346524" role=""/>
  <member type="way" ref="826374427" role=""/>
  <member type="way" ref="826374424" role=""/>
  <member type="way" ref="826374426" role=""/>
  <member type="way" ref="1186564342" role=""/>
  <member type="way" ref="152357335" role=""/>
  <member type="way" ref="1186568026" role=""/>
  <member type="way" ref="152357334" role=""/>
  <member type="way" ref="238644618" role=""/>
  <member type="way" ref="1186570227" role=""/>
  <member type="way" ref="157176654" role=""/>
  <member type="way" ref="157176657" role=""/>
  <member type="way" ref="955375649" role=""/>
  <member type="way" ref="955375650" role=""/>
  <member type="way" ref="693742576" role=""/>
  <member type="way" ref="441741861" role=""/>
  <member type="way" ref="498608789" role=""/>
  <member type="way" ref="498608796" role=""/>
  <member type="way" ref="40353825" role=""/>
  <member type="way" ref="498608788" role=""/>
  <member type="way" ref="498608797" role=""/>
  <member type="way" ref="907037373" role=""/>
  <member type="way" ref="286063219" role=""/>
  <member type="way" ref="286063218" role=""/>
  <member type="way" ref="615872812" role=""/>
  <member type="way" ref="55953799" role=""/>
  <member type="way" ref="56010190" role=""/>
  <member type="way" ref="142478422" role=""/>
  <member type="way" ref="27497712" role=""/>
  <member type="way" ref="142467353" role=""/>
  <member type="way" ref="219157989" role=""/>
  <member type="way" ref="198365910" role=""/>
  <member type="way" ref="198365913" role=""/>
  <member type="way" ref="199103161" role=""/>
  <member type="way" ref="677621266" role=""/>
  <member type="way" ref="498608778" role=""/>
  <member type="way" ref="142493401" role=""/>
  <member type="way" ref="27112913" role=""/>
  <member type="way" ref="1059500508" role=""/>
  <member type="way" ref="1059500509" role=""/>
  <member type="way" ref="777857360" role=""/>
  <member type="way" ref="498608791" role=""/>
  <member type="way" ref="864587410" role=""/>
  <member type="way" ref="1191888104" role=""/>
  <member type="way" ref="123064909" role=""/>
  <member type="way" ref="498608787" role=""/>
  <member type="way" ref="498608783" role=""/>
  <member type="way" ref="498608782" role=""/>
  <member type="way" ref="498608784" role=""/>
  <member type="way" ref="836153037" role=""/>
  <member type="way" ref="285401002" role=""/>
  <member type="way" ref="836153036" role=""/>
  <member type="way" ref="836153035" role=""/>
  <member type="way" ref="108474402" role=""/>
  <member type="way" ref="498608786" role=""/>
  <member type="way" ref="498608781" role=""/>
  <member type="way" ref="498608780" role=""/>
  <member type="way" ref="550333723" role=""/>
  <member type="way" ref="550333724" role=""/>
  <member type="way" ref="550333725" role=""/>
  <member type="way" ref="550333726" role=""/>
  <member type="way" ref="550333727" role=""/>
  <member type="way" ref="550333729" role=""/>
  <member type="way" ref="550333730" role=""/>
  <member type="way" ref="550333731" role=""/>
  <member type="way" ref="598200774" role=""/>
  <member type="way" ref="598200772" role=""/>
  <member type="way" ref="598200776" role=""/>
  <member type="way" ref="598200777" role=""/>
  <member type="way" ref="598200779" role=""/>
  <member type="way" ref="598201562" role=""/>
  <member type="way" ref="722992889" role=""/>
  <member type="way" ref="607786338" role=""/>
  <member type="way" ref="479899877" role=""/>
  <member type="way" ref="234116879" role=""/>
  <member type="way" ref="66666744" role=""/>
  <member type="way" ref="66666745" role=""/>
  <member type="way" ref="734844339" role=""/>
  <member type="way" ref="108508522" role=""/>
  <member type="way" ref="108508524" role=""/>
  <member type="way" ref="131565198" role=""/>
  <member type="way" ref="1349665956" role=""/>
  <member type="way" ref="1025457882" role=""/>
  <member type="way" ref="1349665958" role=""/>
  <member type="way" ref="258788206" role=""/>
  <member type="way" ref="1349665954" role=""/>
  <member type="way" ref="1349665955" role=""/>
  <member type="way" ref="1349665960" role=""/>
  <member type="way" ref="1349665961" role=""/>
  <member type="way" ref="166899959" role=""/>
  <member type="way" ref="166899961" role=""/>
  <member type="way" ref="129198059" role=""/>
  <member type="way" ref="557782767" role=""/>
  <member type="way" ref="1307140746" role=""/>
  <member type="way" ref="1307140747" role=""/>
  <member type="way" ref="1307140748" role=""/>
  <member type="way" ref="1307140755" role=""/>
  <member type="way" ref="1307140756" role=""/>
  <member type="way" ref="1307140757" role=""/>
  <member type="way" ref="1307140745" role=""/>
  <member type="way" ref="129198056" role=""/>
  <member type="way" ref="1136757099" role=""/>
  <member type="way" ref="129198766" role=""/>
  <member type="way" ref="10269605" role=""/>
  <member type="way" ref="479899892" role=""/>
  <member type="way" ref="479899904" role=""/>
  <member type="way" ref="115569926" role=""/>
  <member type="way" ref="1340638835" role=""/>
  <member type="way" ref="1186564343" role=""/>
  <member type="way" ref="826374425" role=""/>
  <member type="way" ref="987346522" role=""/>
  <member type="way" ref="1084141862" role=""/>
  <member type="way" ref="288239805" role=""/>
  <member type="way" ref="1084141866" role=""/>
  <member type="way" ref="1238998126" role=""/>
  <member type="way" ref="1390662008" role=""/>
  <member type="way" ref="747954751" role=""/>
  <member type="way" ref="747954749" role=""/>
  <member type="way" ref="4930576" role=""/>
  <member type="way" ref="747954748" role=""/>
  <member type="way" ref="747954747" role=""/>
  <member type="way" ref="1313036681" role=""/>
  <tag k="conjectural" v="yes"/>
  <tag k="historic" v="roman_road"/>
  <tag k="historic:civilization" v="ancient_roman"/>
  <tag k="name" v="Watling Street"/>
  <tag k="route" v="historic"/>
  <tag k="type" v="route"/>
  <tag k="wikidata" v="Q1434239"/>
  <tag k="wikipedia" v="en:Watling Street"/>
 </relation>
 <relation id="10601794" visible="true" version="129" changeset="189332725" timestamp="2026-09-21T07:46:43Z" user="Bob Pioneer" uid="76703">
  <member type="way" ref="764433720" role="outer"/>
  <member type="way" ref="533642292" role="outer"/>
  <member type="way" ref="764445058" role="outer"/>
  <member type="way" ref="306401773" role="outer"/>
  <member type="way" ref="764445059" role="outer"/>
  <member type="way" ref="431610313" role="outer"/>
  <member type="way" ref="764445060" role="outer"/>
  <member type="way" ref="431610311" role="outer"/>
  <member type="way" ref="431610307" role="outer"/>
  <member type="way" ref="431610306" role="outer"/>
  <member type="way" ref="431610305" role="outer"/>
  <member type="way" ref="764445061" role="outer"/>
  <member type="way" ref="764445062" role="outer"/>
  <member type="way" ref="764445063" role="outer"/>
  <member type="way" ref="1216867206" role="outer"/>
  <member type="way" ref="167294467" role="outer"/>
  <member type="way" ref="764445064" role="outer"/>
  <member type="way" ref="764445065" role="outer"/>
  <member type="way" ref="32512227" role="outer"/>
  <member type="way" ref="32512226" role="outer"/>
  <member type="way" ref="32605733" role="outer"/>
  <member type="way" ref="1249076918" role="outer"/>
  <member type="way" ref="28801207" role="outer"/>
  <member type="way" ref="69227355" role="outer"/>
  <member type="way" ref="43631617" role="outer"/>
  <member type="way" ref="28801165" role="outer"/>
  <member type="way" ref="181258442" role="outer"/>
  <member type="way" ref="244302183" role="outer"/>
  <member type="way" ref="5241813" role="outer"/>
  <member type="way" ref="5241815" role="outer"/>
  <member type="way" ref="244302182" role="outer"/>
  <member type="way" ref="244302178" role="outer"/>
  <member type="way" ref="244302177" role="outer"/>
  <member type="way" ref="108282408" role="outer"/>
  <member type="way" ref="244302176" role="outer"/>
  <member type="way" ref="244302181" role="outer"/>
  <member type="way" ref="1191909031" role="outer"/>
  <member type="way" ref="1191909030" role="outer"/>
  <member type="way" ref="184109653" role="outer"/>
  <member type="way" ref="764445068" role="outer"/>
  <member type="way" ref="108282415" role="outer"/>
  <member type="way" ref="66339755" role="outer"/>
  <member type="way" ref="25951624" role="outer"/>
  <member type="way" ref="77463415" role="outer"/>
  <member type="way" ref="101985321" role="outer"/>
  <member type="way" ref="101985323" role="outer"/>
  <member type="way" ref="23330445" role="outer"/>
  <member type="way" ref="23330444" role="outer"/>
  <member type="way" ref="177479762" role="outer"/>
  <member type="way" ref="4865188" role="outer"/>
  <member type="way" ref="4865187" role="outer"/>
  <member type="way" ref="764445069" role="outer"/>
  <member type="way" ref="764445070" role="outer"/>
  <member type="way" ref="53766977" role="outer"/>
  <member type="way" ref="764445071" role="outer"/>
  <member type="way" ref="22958562" role="outer"/>
  <member type="way" ref="147042575" role="outer"/>
  <member type="way" ref="66339767" role="outer"/>
  <member type="way" ref="62216975" role="outer"/>
  <member type="way" ref="631620141" role="outer"/>
  <member type="way" ref="4433596" role="outer"/>
  <member type="way" ref="44018839" role="outer"/>
  <member type="way" ref="4433585" role="outer"/>
  <member type="way" ref="4554349" role="outer"/>
  <member type="way" ref="708953437" role="outer"/>
  <member type="way" ref="23483387" role="outer"/>
  <member type="way" ref="1268360980" role="outer"/>
  <member type="way" ref="4554361" role="outer"/>
  <member type="way" ref="23436549" role="outer"/>
  <member type="way" ref="61048869" role="outer"/>
  <member type="way" ref="4433651" role="outer"/>
  <member type="way" ref="23436716" role="outer"/>
  <member type="way" ref="161580485" role="outer"/>
  <member type="way" ref="161580484" role="outer"/>
  <member type="way" ref="146908215" role="outer"/>
  <member type="way" ref="30748644" role="outer"/>
  <member type="way" ref="631620184" role="outer"/>
  <member type="way" ref="631620183" role="outer"/>
  <member type="way" ref="4640379" role="outer"/>
  <member type="way" ref="148084796" role="outer"/>
  <member type="way" ref="190587473" role="outer"/>
  <member type="way" ref="1040787534" role="outer"/>
  <member type="way" ref="116461253" role="outer"/>
  <member type="way" ref="4617584" role="outer"/>
  <member type="way" ref="8598160" role="outer"/>
  <member type="way" ref="26921611" role="outer"/>
  <member type="way" ref="26921613" role="outer"/>
  <member type="way" ref="48216765" role="outer"/>
  <member type="way" ref="44018845" role="outer"/>
  <member type="way" ref="44018846" role="outer"/>
  <member type="way" ref="764445075" role="outer"/>
  <member type="way" ref="194605237" role="outer"/>
  <member type="way" ref="69997988" role="outer"/>
  <member type="way" ref="764445078" role="outer"/>
  <member type="way" ref="70981044" role="outer"/>
  <member type="way" ref="25546546" role="outer"/>
  <member type="way" ref="153526215" role="outer"/>
  <member type="way" ref="153526216" role="outer"/>
  <member type="way" ref="153526223" role="outer"/>
  <member type="way" ref="764445079" role="outer"/>
  <member type="way" ref="1194977741" role="outer"/>
  <member type="way" ref="247368355" role="outer"/>
  <member type="way" ref="764445080" role="outer"/>
  <member type="way" ref="375341339" role="outer"/>
  <member type="way" ref="1194977744" role="outer"/>
  <member type="way" ref="764445081" role="outer"/>
  <member type="way" ref="217604775" role="outer"/>
  <member type="way" ref="217604774" role="outer"/>
  <member type="way" ref="783574943" role="outer"/>
  <member type="way" ref="783574942" role="outer"/>
  <member type="way" ref="217386685" role="outer"/>
  <member type="way" ref="760393298" role="outer"/>
  <member type="way" ref="764445084" role="outer"/>
  <member type="way" ref="764445085" role="outer"/>
  <member type="way" ref="28423403" role="outer"/>
  <member type="way" ref="65239094" role="outer"/>
  <member type="way" ref="764445087" role="outer"/>
  <member type="way" ref="43523475" role="outer"/>
  <member type="way" ref="764445088" role="outer"/>
  <member type="way" ref="696016854" role="outer"/>
  <member type="way" ref="764445089" role="outer"/>
  <member type="way" ref="764445090" role="outer"/>
  <member type="way" ref="28952508" role="outer"/>
  <member type="way" ref="764445094" role="outer"/>
  <member type="way" ref="4766990" role="outer"/>
  <member type="way" ref="43523479" role="outer"/>
  <member type="way" ref="43523480" role="outer"/>
  <member type="way" ref="25594378" role="outer"/>
  <member type="way" ref="25594379" role="outer"/>
  <member type="way" ref="78391157" role="outer"/>
  <member type="way" ref="3992818" role="outer"/>
  <member type="way" ref="49899140" role="outer"/>
  <member type="way" ref="49899138" role="outer"/>
  <member type="way" ref="5185200" role="outer"/>
  <member type="way" ref="3992816" role="outer"/>
  <member type="way" ref="65367664" role="outer"/>
  <member type="way" ref="4868869" role="outer"/>
  <member type="way" ref="1551590803" role="outer"/>
  <member type="way" ref="1551590802" role="outer"/>
  <member type="way" ref="1551590801" role="outer"/>
  <member type="way" ref="67350506" role="outer"/>
  <member type="way" ref="3992814" role="outer"/>
  <member type="way" ref="35269578" role="outer"/>
  <member type="way" ref="35269579" role="outer"/>
  <member type="way" ref="1033093965" role="outer"/>
  <member type="way" ref="485628687" role="outer"/>
  <member type="way" ref="485628685" role="outer"/>
  <member type="way" ref="178231242" role="outer"/>
  <member type="way" ref="4296590" role="outer"/>
  <member type="way" ref="764445092" role="outer"/>
  <member type="way" ref="28859251" role="outer"/>
  <member type="way" ref="108779868" role="outer"/>
  <member type="way" ref="108782916" role="outer"/>
  <member type="way" ref="108782920" role="outer"/>
  <member type="way" ref="1493513544" role="outer"/>
  <member type="way" ref="1493513543" role="outer"/>
  <member type="way" ref="4389872" role="outer"/>
  <member type="way" ref="764433622" role="outer"/>
  <member type="way" ref="3992806" role="outer"/>
  <member type="way" ref="85335986" role="outer"/>
  <member type="way" ref="764433621" role="outer"/>
  <member type="way" ref="764433620" role="outer"/>
  <member type="way" ref="764408723" role="outer"/>
  <member type="way" ref="764433624" role="outer"/>
  <member type="way" ref="23558641" role="outer"/>
  <member type="way" ref="1427708319" role="outer"/>
  <member type="way" ref="61831458" role="outer"/>
  <member type="way" ref="61831469" role="outer"/>
  <member type="way" ref="17355902" role="outer"/>
  <member type="way" ref="128851831" role="outer"/>
  <member type="way" ref="4381409" role="outer"/>
  <member type="way" ref="4381410" role="outer"/>
  <member type="way" ref="4381414" role="outer"/>
  <member type="way" ref="24180850" role="outer"/>
  <member type="way" ref="782352543" role="outer"/>
  <member type="way" ref="689441492" role="outer"/>
  <member type="way" ref="4381413" role="outer"/>
  <member type="way" ref="109417837" role="outer"/>
  <member type="way" ref="514828075" role="outer"/>
  <member type="way" ref="225072387" role="outer"/>
  <member type="way" ref="764433626" role="outer"/>
  <member type="way" ref="55189347" role="outer"/>
  <member type="way" ref="614797850" role="outer"/>
  <member type="way" ref="764433628" role="outer"/>
  <member type="way" ref="130361847" role="outer"/>
  <member type="way" ref="1262481019" role="outer"/>
  <member type="way" ref="764433630" role="outer"/>
  <member type="way" ref="764433631" role="outer"/>
  <member type="way" ref="177690959" role="outer"/>
  <member type="way" ref="4988342" role="outer"/>
  <member type="way" ref="764433632" role="outer"/>
  <member type="way" ref="1243902855" role="outer"/>
  <member type="way" ref="182258664" role="outer"/>
  <member type="way" ref="182258655" role="outer"/>
  <member type="way" ref="1243902854" role="outer"/>
  <member type="way" ref="18774928" role="outer"/>
  <member type="way" ref="1102808279" role="outer"/>
  <member type="way" ref="712973193" role="outer"/>
  <member type="way" ref="764433634" role="outer"/>
  <member type="way" ref="764433633" role="outer"/>
  <member type="way" ref="764433635" role="outer"/>
  <member type="way" ref="182258671" role="outer"/>
  <member type="way" ref="28338740" role="outer"/>
  <member type="way" ref="28338741" role="outer"/>
  <member type="way" ref="28338723" role="outer"/>
  <member type="way" ref="983731419" role="outer"/>
  <member type="way" ref="983731420" role="outer"/>
  <member type="way" ref="53126109" role="outer"/>
  <member type="way" ref="764433636" role="outer"/>
  <member type="way" ref="161291638" role="outer"/>
  <member type="way" ref="1248891626" role="outer"/>
  <member type="way" ref="1248891625" role="outer"/>
  <member type="way" ref="161291625" role="outer"/>
  <member type="way" ref="161291634" role="outer"/>
  <member type="way" ref="980709254" role="outer"/>
  <member type="way" ref="161291629" role="outer"/>
  <member type="way" ref="161291619" role="outer"/>
  <member type="way" ref="161291624" role="outer"/>
  <member type="way" ref="764433637" role="outer"/>
  <member type="way" ref="211170163" role="outer"/>
  <member type="way" ref="764433638" role="outer"/>
  <member type="way" ref="105876056" role="outer"/>
  <member type="way" ref="764433639" role="outer"/>
  <member type="way" ref="4623878" role="outer"/>
  <member type="way" ref="1433799770" role="outer"/>
  <member type="way" ref="28962545" role="outer"/>
  <member type="way" ref="30147133" role="outer"/>
  <member type="way" ref="28962541" role="outer"/>
  <member type="way" ref="352277941" role="outer"/>
  <member type="way" ref="850610843" role="outer"/>
  <member type="way" ref="107013511" role="outer"/>
  <member type="way" ref="188135275" role="outer"/>
  <member type="way" ref="24328520" role="outer"/>
  <member type="way" ref="49213461" role="outer"/>
  <member type="way" ref="43036707" role="outer"/>
  <member type="way" ref="764433641" role="outer"/>
  <member type="way" ref="43036705" role="outer"/>
  <member type="way" ref="1222037451" role="outer"/>
  <member type="way" ref="980823478" role="outer"/>
  <member type="way" ref="105703757" role="outer"/>
  <member type="way" ref="101968287" role="outer"/>
  <member type="way" ref="24329649" role="outer"/>
  <member type="way" ref="764433642" role="outer"/>
  <member type="way" ref="764433646" role="outer"/>
  <member type="way" ref="764433645" role="outer"/>
  <member type="way" ref="764433647" role="outer"/>
  <member type="way" ref="348587109" role="outer"/>
  <member type="way" ref="764433649" role="outer"/>
  <member type="way" ref="764433648" role="outer"/>
  <member type="way" ref="161152448" role="outer"/>
  <member type="way" ref="161152435" role="outer"/>
  <member type="way" ref="161152425" role="outer"/>
  <member type="way" ref="161152462" role="outer"/>
  <member type="way" ref="980709257" role="outer"/>
  <member type="way" ref="764433651" role="outer"/>
  <member type="way" ref="4474526" role="outer"/>
  <member type="way" ref="4474531" role="outer"/>
  <member type="way" ref="72712567" role="outer"/>
  <member type="way" ref="4474525" role="outer"/>
  <member type="way" ref="764433652" role="outer"/>
  <member type="way" ref="78245656" role="outer"/>
  <member type="way" ref="101968279" role="outer"/>
  <member type="way" ref="101968290" role="outer"/>
  <member type="way" ref="78245667" role="outer"/>
  <member type="way" ref="187652095" role="outer"/>
  <member type="way" ref="764433653" role="outer"/>
  <member type="way" ref="98490814" role="outer"/>
  <member type="way" ref="4478120" role="outer"/>
  <member type="way" ref="694652100" role="outer"/>
  <member type="way" ref="102102118" role="outer"/>
  <member type="way" ref="98490822" role="outer"/>
  <member type="way" ref="4478137" role="outer"/>
  <member type="way" ref="4478134" role="outer"/>
  <member type="way" ref="764433654" role="outer"/>
  <member type="way" ref="42017543" role="outer"/>
  <member type="way" ref="1349576735" role="outer"/>
  <member type="way" ref="1349576736" role="outer"/>
  <member type="way" ref="4379213" role="outer"/>
  <member type="way" ref="764433656" role="outer"/>
  <member type="way" ref="764433655" role="outer"/>
  <member type="way" ref="85716069" role="outer"/>
  <member type="way" ref="85716068" role="outer"/>
  <member type="way" ref="194683883" role="outer"/>
  <member type="way" ref="764433658" role="outer"/>
  <member type="way" ref="764433657" role="outer"/>
  <member type="way" ref="552598700" role="outer"/>
  <member type="way" ref="552598695" role="outer"/>
  <member type="way" ref="764433659" role="outer"/>
  <member type="way" ref="764433660" role="outer"/>
  <member type="way" ref="60980212" role="outer"/>
  <member type="way" ref="60980193" role="outer"/>
  <member type="way" ref="764433661" role="outer"/>
  <member type="way" ref="1560981377" role="outer"/>
  <member type="way" ref="1560981378" role="outer"/>
  <member type="way" ref="764433662" role="outer"/>
  <member type="way" ref="764433663" role="outer"/>
  <member type="way" ref="42018053" role="outer"/>
  <member type="way" ref="764433665" role="outer"/>
  <member type="way" ref="1348502501" role="outer"/>
  <member type="way" ref="1348502500" role="outer"/>
  <member type="way" ref="672861888" role="outer"/>
  <member type="way" ref="1348456502" role="outer"/>
  <member type="way" ref="1348456503" role="outer"/>
  <member type="way" ref="764433666" role="outer"/>
  <member type="way" ref="764433667" role="outer"/>
  <member type="way" ref="764433668" role="outer"/>
  <member type="way" ref="863709004" role="outer"/>
  <member type="way" ref="764433670" role="outer"/>
  <member type="way" ref="27755009" role="outer"/>
  <member type="way" ref="1160197725" role="outer"/>
  <member type="way" ref="764433671" role="outer"/>
  <member type="way" ref="764433672" role="outer"/>
  <member type="way" ref="104236573" role="outer"/>
  <member type="way" ref="764433673" role="outer"/>
  <member type="way" ref="764433674" role="outer"/>
  <member type="way" ref="1346605843" role="outer"/>
  <member type="way" ref="1346605842" role="outer"/>
  <member type="way" ref="5009841" role="outer"/>
  <member type="way" ref="4999140" role="outer"/>
  <member type="way" ref="764433676" role="outer"/>
  <member type="way" ref="1324079159" role="outer"/>
  <member type="way" ref="1324079158" role="outer"/>
  <member type="way" ref="764433677" role="outer"/>
  <member type="way" ref="23784897" role="outer"/>
  <member type="way" ref="764433679" role="outer"/>
  <member type="way" ref="23784898" role="outer"/>
  <member type="way" ref="764433681" role="outer"/>
  <member type="way" ref="764433683" role="outer"/>
  <member type="way" ref="4384426" role="outer"/>
  <member type="way" ref="1270455247" role="outer"/>
  <member type="way" ref="5007106" role="outer"/>
  <member type="way" ref="1270455248" role="outer"/>
  <member type="way" ref="1408795593" role="outer"/>
  <member type="way" ref="183320888" role="outer"/>
  <member type="way" ref="1408799261" role="outer"/>
  <member type="way" ref="1409333579" role="outer"/>
  <member type="way" ref="1409333578" role="outer"/>
  <member type="way" ref="1409206483" role="outer"/>
  <member type="way" ref="1409206467" role="outer"/>
  <member type="way" ref="1548196983" role="outer"/>
  <member type="way" ref="1409206059" role="outer"/>
  <member type="way" ref="1409206065" role="outer"/>
  <member type="way" ref="1548196984" role="outer"/>
  <member type="way" ref="1409205773" role="outer"/>
  <member type="way" ref="4975599" role="outer"/>
  <member type="way" ref="1082552683" role="outer"/>
  <member type="way" ref="694602476" role="outer"/>
  <member type="way" ref="183320869" role="outer"/>
  <member type="way" ref="4499943" role="outer"/>
  <member type="way" ref="831449700" role="outer"/>
  <member type="way" ref="1295489861" role="outer"/>
  <member type="way" ref="1295489862" role="outer"/>
  <member type="way" ref="103697164" role="outer"/>
  <member type="way" ref="1310864649" role="outer"/>
  <member type="way" ref="136772799" role="outer"/>
  <member type="way" ref="136772801" role="outer"/>
  <member type="way" ref="764433686" role="outer"/>
  <member type="way" ref="764433685" role="outer"/>
  <member type="way" ref="33880135" role="outer"/>
  <member type="way" ref="764433687" role="outer"/>
  <member type="way" ref="31825185" role="outer"/>
  <member type="way" ref="764433688" role="outer"/>
  <member type="way" ref="738169169" role="outer"/>
  <member type="way" ref="764433689" role="outer"/>
  <member type="way" ref="764433690" role="outer"/>
  <member type="way" ref="95733332" role="outer"/>
  <member type="way" ref="165738618" role="outer"/>
  <member type="way" ref="63030903" role="outer"/>
  <member type="way" ref="4809954" role="outer"/>
  <member type="way" ref="764433691" role="outer"/>
  <member type="way" ref="165738590" role="outer"/>
  <member type="way" ref="4807395" role="outer"/>
  <member type="way" ref="4962048" role="outer"/>
  <member type="way" ref="877637601" role="outer"/>
  <member type="way" ref="877637600" role="outer"/>
  <member type="way" ref="877637599" role="outer"/>
  <member type="way" ref="131584488" role="outer"/>
  <member type="way" ref="60967429" role="outer"/>
  <member type="way" ref="5203517" role="outer"/>
  <member type="way" ref="764433693" role="outer"/>
  <member type="way" ref="191264257" role="outer"/>
  <member type="way" ref="764433694" role="outer"/>
  <member type="way" ref="764433696" role="outer"/>
  <member type="way" ref="764433695" role="outer"/>
  <member type="way" ref="764433697" role="outer"/>
  <member type="way" ref="764433698" role="outer"/>
  <member type="way" ref="104359921" role="outer"/>
  <member type="way" ref="104359930" role="outer"/>
  <member type="way" ref="764433700" role="outer"/>
  <member type="way" ref="764433699" role="outer"/>
  <member type="way" ref="764433702" role="outer"/>
  <member type="way" ref="764433703" role="outer"/>
  <member type="way" ref="107157910" role="outer"/>
  <member type="way" ref="107157911" role="outer"/>
  <member type="way" ref="764433705" role="outer"/>
  <member type="way" ref="764433704" role="outer"/>
  <member type="way" ref="5173201" role="outer"/>
  <member type="way" ref="764433707" role="outer"/>
  <member type="way" ref="764433706" role="outer"/>
  <member type="way" ref="764433710" role="outer"/>
  <member type="way" ref="764433709" role="outer"/>
  <member type="way" ref="191289958" role="outer"/>
  <member type="way" ref="764433712" role="outer"/>
  <member type="way" ref="23599190" role="outer"/>
  <member type="way" ref="764433713" role="outer"/>
  <member type="way" ref="764433714" role="outer"/>
  <member type="way" ref="764433716" role="outer"/>
  <member type="way" ref="1158696814" role="outer"/>
  <member type="way" ref="1158696815" role="outer"/>
  <member type="way" ref="24582318" role="outer"/>
  <member type="way" ref="856490341" role="outer"/>
  <member type="way" ref="856490347" role="outer"/>
  <member type="way" ref="24030613" role="outer"/>
  <member type="way" ref="24030614" role="outer"/>
  <member type="way" ref="1011828267" role="outer"/>
  <member type="way" ref="764433717" role="outer"/>
  <member type="way" ref="764433719" role="outer"/>
  <member type="way" ref="533156068" role="outer"/>
  <member type="way" ref="194708187" role="outer"/>
  <member type="way" ref="172343831" role="outer"/>
  <member type="way" ref="764408778" role="outer"/>
  <member type="way" ref="764408779" role="outer"/>
  <member type="way" ref="218779693" role="outer"/>
  <member type="way" ref="104290949" role="outer"/>
  <member type="way" ref="141054476" role="outer"/>
  <member type="way" ref="1499441771" role="outer"/>
  <member type="way" ref="495912162" role="outer"/>
  <member type="way" ref="265182067" role="outer"/>
  <member type="way" ref="265182068" role="outer"/>
  <member type="way" ref="265138235" role="outer"/>
  <member type="way" ref="265138232" role="outer"/>
  <member type="way" ref="279974425" role="outer"/>
  <member type="way" ref="764408776" role="outer"/>
  <member type="way" ref="764408774" role="outer"/>
  <member type="way" ref="15696915" role="outer"/>
  <member type="way" ref="764408773" role="outer"/>
  <member type="way" ref="143784527" role="outer"/>
  <member type="way" ref="144348230" role="outer"/>
  <member type="way" ref="144348414" role="outer"/>
  <member type="way" ref="144349430" role="outer"/>
  <member type="way" ref="764408770" role="outer"/>
  <member type="way" ref="764408769" role="outer"/>
  <member type="way" ref="104998658" role="outer"/>
  <member type="way" ref="764408768" role="outer"/>
  <member type="way" ref="355555884" role="outer"/>
  <member type="way" ref="764408766" role="outer"/>
  <member type="way" ref="696536389" role="outer"/>
  <member type="way" ref="764408765" role="outer"/>
  <member type="way" ref="764408762" role="outer"/>
  <member type="way" ref="764408763" role="outer"/>
  <member type="way" ref="15716806" role="outer"/>
  <member type="way" ref="1503329574" role="outer"/>
  <member type="way" ref="15716802" role="outer"/>
  <member type="way" ref="15716835" role="outer"/>
  <member type="way" ref="764408759" role="outer"/>
  <member type="way" ref="721608804" role="outer"/>
  <member type="way" ref="764408758" role="outer"/>
  <member type="way" ref="19786648" role="outer"/>
  <member type="way" ref="19786650" role="outer"/>
  <member type="way" ref="764408757" role="outer"/>
  <member type="way" ref="708248246" role="outer"/>
  <member type="way" ref="708248245" role="outer"/>
  <member type="way" ref="26693758" role="outer"/>
  <member type="way" ref="1552790021" role="outer"/>
  <member type="way" ref="1552790022" role="outer"/>
  <member type="way" ref="15488700" role="outer"/>
  <member type="way" ref="1552790042" role="outer"/>
  <member type="way" ref="1552790041" role="outer"/>
  <member type="way" ref="764408756" role="outer"/>
  <member type="way" ref="708248250" role="outer"/>
  <member type="way" ref="708248249" role="outer"/>
  <member type="way" ref="15788170" role="outer"/>
  <member type="way" ref="15788167" role="outer"/>
  <member type="way" ref="275702444" role="outer"/>
  <member type="way" ref="764408755" role="outer"/>
  <member type="way" ref="764408754" role="outer"/>
  <member type="way" ref="23120449" role="outer"/>
  <member type="way" ref="1509828657" role="outer"/>
  <member type="way" ref="1546750749" role="outer"/>
  <member type="way" ref="1509828656" role="outer"/>
  <member type="way" ref="1509641634" role="outer"/>
  <member type="way" ref="1509641635" role="outer"/>
  <member type="way" ref="174687110" role="outer"/>
  <member type="way" ref="1547186777" role="outer"/>
  <member type="way" ref="1547186778" role="outer"/>
  <member type="way" ref="23120527" role="outer"/>
  <member type="way" ref="552598249" role="outer"/>
  <member type="way" ref="1249274527" role="outer"/>
  <member type="way" ref="1547656611" role="outer"/>
  <member type="way" ref="1547656612" role="outer"/>
  <member type="way" ref="445324579" role="outer"/>
  <member type="way" ref="445324580" role="outer"/>
  <member type="way" ref="553571601" role="outer"/>
  <member type="way" ref="764408752" role="outer"/>
  <member type="way" ref="764408753" role="outer"/>
  <member type="way" ref="764408751" role="outer"/>
  <member type="way" ref="764408750" role="outer"/>
  <member type="way" ref="23641772" role="outer"/>
  <member type="way" ref="764408749" role="outer"/>
  <member type="way" ref="23162772" role="outer"/>
  <member type="way" ref="764408747" role="outer"/>
  <member type="way" ref="764408746" role="outer"/>
  <member type="way" ref="764408745" role="outer"/>
  <member type="way" ref="764408744" role="outer"/>
  <member type="way" ref="764408741" role="outer"/>
  <member type="way" ref="764408740" role="outer"/>
  <member type="way" ref="131550488" role="outer"/>
  <member type="way" ref="764408739" role="outer"/>
  <member type="way" ref="174851773" role="outer"/>
  <member type="way" ref="16556755" role="outer"/>
  <member type="way" ref="692356142" role="outer"/>
  <member type="way" ref="764408737" role="outer"/>
  <member type="way" ref="4374171" role="outer"/>
  <member type="way" ref="764408735" role="outer"/>
  <member type="way" ref="764408734" role="outer"/>
  <member type="way" ref="174372563" role="outer"/>
  <member type="way" ref="687641343" role="outer"/>
  <member type="way" ref="764408733" role="outer"/>
  <member type="way" ref="152607869" role="outer"/>
  <member type="way" ref="764408731" role="outer"/>
  <member type="way" ref="105805603" role="outer"/>
  <member type="way" ref="764408730" role="outer"/>
  <member type="way" ref="764408729" role="outer"/>
  <member type="way" ref="764408728" role="outer"/>
  <member type="way" ref="106298242" role="outer"/>
  <member type="way" ref="106298241" role="outer"/>
  <member type="way" ref="77626359" role="outer"/>
  <member type="way" ref="106298240" role="outer"/>
  <member type="way" ref="54863708" role="outer"/>
  <member type="way" ref="764408727" role="outer"/>
  <member type="way" ref="1392593192" role="outer"/>
  <member type="way" ref="514828074" role="outer"/>
  <member type="way" ref="54871205" role="outer"/>
  <member type="way" ref="77626361" role="outer"/>
  <member type="way" ref="764408726" role="outer"/>
  <member type="way" ref="764408724" role="outer"/>
  <member type="way" ref="764408722" role="outer"/>
  <member type="way" ref="175093830" role="outer"/>
  <member type="way" ref="764408721" role="outer"/>
  <member type="way" ref="764408720" role="outer"/>
  <member type="way" ref="1356620889" role="outer"/>
  <member type="way" ref="1356620887" role="outer"/>
  <member type="way" ref="764385861" role="outer"/>
  <member type="way" ref="174968929" role="outer"/>
  <member type="way" ref="166157237" role="outer"/>
  <member type="way" ref="170273062" role="outer"/>
  <member type="way" ref="764385860" role="outer"/>
  <member type="way" ref="764385859" role="outer"/>
  <member type="way" ref="48314450" role="outer"/>
  <member type="way" ref="332458507" role="outer"/>
  <member type="way" ref="764385858" role="outer"/>
  <member type="way" ref="714394305" role="outer"/>
  <member type="way" ref="764385857" role="outer"/>
  <member type="way" ref="764385856" role="outer"/>
  <member type="way" ref="764385854" role="outer"/>
  <member type="way" ref="246330874" role="outer"/>
  <member type="way" ref="246330876" role="outer"/>
  <member type="way" ref="691417194" role="outer"/>
  <member type="way" ref="120587108" role="outer"/>
  <member type="way" ref="764385850" role="outer"/>
  <member type="way" ref="764385849" role="outer"/>
  <member type="way" ref="1459547018" role="outer"/>
  <member type="way" ref="24004292" role="outer"/>
  <member type="way" ref="85085054" role="outer"/>
  <member type="way" ref="1341079393" role="outer"/>
  <member type="way" ref="764385847" role="outer"/>
  <member type="way" ref="94455861" role="outer"/>
  <member type="way" ref="1459569940" role="outer"/>
  <member type="way" ref="216236172" role="outer"/>
  <member type="way" ref="1459569943" role="outer"/>
  <member type="way" ref="1447673337" role="outer"/>
  <member type="way" ref="5023294" role="outer"/>
  <member type="way" ref="1471641166" role="outer"/>
  <member type="way" ref="144765201" role="outer"/>
  <member type="way" ref="47454634" role="outer"/>
  <member type="way" ref="1471641167" role="outer"/>
  <member type="way" ref="47454636" role="outer"/>
  <member type="way" ref="5023293" role="outer"/>
  <member type="way" ref="144765182" role="outer"/>
  <member type="way" ref="5033252" role="outer"/>
  <member type="way" ref="15259811" role="outer"/>
  <member type="way" ref="764385844" role="outer"/>
  <member type="way" ref="764385843" role="outer"/>
  <member type="way" ref="764385842" role="outer"/>
  <member type="way" ref="764385841" role="outer"/>
  <member type="way" ref="1457462765" role="outer"/>
  <member type="way" ref="318100215" role="outer"/>
  <member type="way" ref="15259139" role="outer"/>
  <member type="way" ref="1457462767" role="outer"/>
  <member type="way" ref="1457462769" role="outer"/>
  <member type="way" ref="764385839" role="outer"/>
  <member type="way" ref="15259230" role="outer"/>
  <member type="way" ref="917741773" role="outer"/>
  <member type="way" ref="764385837" role="outer"/>
  <member type="way" ref="764385836" role="outer"/>
  <member type="way" ref="170259116" role="outer"/>
  <member type="way" ref="764385835" role="outer"/>
  <member type="way" ref="917199919" role="outer"/>
  <member type="way" ref="236046424" role="outer"/>
  <member type="way" ref="764385833" role="outer"/>
  <member type="way" ref="764385831" role="outer"/>
  <member type="way" ref="737794652" role="outer"/>
  <member type="way" ref="764385832" role="outer"/>
  <member type="way" ref="16634805" role="outer"/>
  <member type="way" ref="764385830" role="outer"/>
  <member type="way" ref="34112542" role="outer"/>
  <member type="way" ref="764385829" role="outer"/>
  <member type="way" ref="222430697" role="outer"/>
  <member type="way" ref="222430696" role="outer"/>
  <member type="way" ref="222430698" role="outer"/>
  <member type="way" ref="4374373" role="outer"/>
  <member type="way" ref="764385827" role="outer"/>
  <member type="way" ref="764385825" role="outer"/>
  <member type="way" ref="764385824" role="outer"/>
  <member type="way" ref="764385823" role="outer"/>
  <member type="way" ref="107248711" role="outer"/>
  <member type="way" ref="915450259" role="outer"/>
  <member type="way" ref="222430694" role="outer"/>
  <member type="way" ref="222430695" role="outer"/>
  <member type="way" ref="155553315" role="outer"/>
  <member type="way" ref="549258829" role="outer"/>
  <member type="way" ref="107248710" role="outer"/>
  <member type="way" ref="915450258" role="outer"/>
  <member type="way" ref="155553318" role="outer"/>
  <member type="way" ref="549258827" role="outer"/>
  <member type="way" ref="104289584" role="outer"/>
  <member type="way" ref="42876603" role="outer"/>
  <member type="way" ref="189547645" role="outer"/>
  <member type="way" ref="23686669" role="outer"/>
  <member type="way" ref="316237648" role="outer"/>
  <member type="way" ref="29037694" role="outer"/>
  <member type="way" ref="29037687" role="outer"/>
  <member type="way" ref="316237647" role="outer"/>
  <member type="way" ref="4374515" role="outer"/>
  <member type="way" ref="764385822" role="outer"/>
  <member type="way" ref="23686679" role="outer"/>
  <member type="way" ref="1087313844" role="outer"/>
  <member type="way" ref="199164251" role="outer"/>
  <member type="way" ref="4374596" role="outer"/>
  <member type="way" ref="764385821" role="outer"/>
  <member type="way" ref="23693906" role="outer"/>
  <member type="way" ref="23693908" role="outer"/>
  <member type="way" ref="764385820" role="outer"/>
  <member type="way" ref="764385819" role="outer"/>
  <member type="way" ref="132643364" role="outer"/>
  <member type="way" ref="132643363" role="outer"/>
  <member type="way" ref="764385818" role="outer"/>
  <member type="way" ref="764385817" role="outer"/>
  <member type="way" ref="385230787" role="outer"/>
  <member type="way" ref="147851575" role="outer"/>
  <member type="way" ref="19043548" role="outer"/>
  <member type="way" ref="764385815" role="outer"/>
  <member type="way" ref="37889332" role="outer"/>
  <member type="way" ref="37889331" role="outer"/>
  <member type="way" ref="1215788024" role="outer"/>
  <member type="way" ref="22890370" role="outer"/>
  <member type="way" ref="30853098" role="outer"/>
  <member type="way" ref="30853133" role="outer"/>
  <member type="way" ref="307879860" role="outer"/>
  <member type="way" ref="5046491" role="outer"/>
  <member type="way" ref="764385810" role="outer"/>
  <member type="way" ref="4132258" role="outer"/>
  <member type="way" ref="1102879935" role="outer"/>
  <member type="way" ref="227358667" role="outer"/>
  <member type="way" ref="1267440519" role="outer"/>
  <member type="way" ref="764385809" role="outer"/>
  <member type="way" ref="528612989" role="outer"/>
  <member type="way" ref="744152348" role="outer"/>
  <member type="way" ref="104289983" role="outer"/>
  <member type="way" ref="188388703" role="outer"/>
  <member type="way" ref="27832394" role="outer"/>
  <member type="way" ref="28852473" role="outer"/>
  <member type="way" ref="1395812765" role="outer"/>
  <member type="way" ref="764385806" role="outer"/>
  <member type="way" ref="9927313" role="outer"/>
  <member type="way" ref="16552471" role="outer"/>
  <member type="way" ref="528615169" role="outer"/>
  <member type="way" ref="206649980" role="outer"/>
  <member type="way" ref="225776853" role="outer"/>
  <member type="way" ref="225776854" role="outer"/>
  <member type="way" ref="16552596" role="outer"/>
  <member type="way" ref="764385804" role="outer"/>
  <member type="way" ref="764385800" role="outer"/>
  <member type="way" ref="764385801" role="outer"/>
  <member type="way" ref="1430320942" role="outer"/>
  <member type="way" ref="372742569" role="outer"/>
  <member type="way" ref="158943364" role="outer"/>
  <member type="way" ref="164860128" role="outer"/>
  <member type="way" ref="164859209" role="outer"/>
  <member type="way" ref="19191553" role="outer"/>
  <member type="way" ref="675508333" role="outer"/>
  <member type="way" ref="764385796" role="outer"/>
  <member type="way" ref="764385795" role="outer"/>
  <member type="way" ref="533156070" role="outer"/>
  <member type="way" ref="189463102" role="outer"/>
  <member type="way" ref="9497887" role="inner"/>
  <member type="way" ref="764445048" role="inner"/>
  <member type="way" ref="32041728" role="inner"/>
  <member type="way" ref="996244614" role="inner"/>
  <member type="way" ref="996244613" role="inner"/>
  <member type="way" ref="764445057" role="inner"/>
  <member type="way" ref="32041724" role="inner"/>
  <member type="way" ref="5069675" role="inner"/>
  <member type="way" ref="180213261" role="inner"/>
  <member type="way" ref="764445054" role="inner"/>
  <member type="way" ref="764445053" role="inner"/>
  <member type="way" ref="32041720" role="inner"/>
  <member type="way" ref="764445052" role="inner"/>
  <member type="way" ref="764445050" role="inner"/>
  <member type="way" ref="764445049" role="inner"/>
  <member type="way" ref="9497372" role="inner"/>
  <member type="way" ref="180213269" role="inner"/>
  <member type="way" ref="169447999" role="inner"/>
  <member type="way" ref="180213272" role="inner"/>
  <member type="way" ref="458939389" role="outer"/>
  <member type="way" ref="764453720" role="outer"/>
  <member type="way" ref="193223562" role="outer"/>
  <member type="way" ref="764453719" role="outer"/>
  <member type="way" ref="102444920" role="outer"/>
  <member type="way" ref="764453716" role="outer"/>
  <member type="way" ref="169007918" role="outer"/>
  <member type="way" ref="169007919" role="outer"/>
  <member type="way" ref="169007916" role="outer"/>
  <member type="way" ref="169007921" role="outer"/>
  <member type="way" ref="169007917" role="outer"/>
  <member type="way" ref="169007914" role="outer"/>
  <member type="way" ref="1274661054" role="outer"/>
  <member type="way" ref="169007913" role="outer"/>
  <member type="way" ref="1303164588" role="outer"/>
  <member type="way" ref="169006650" role="outer"/>
  <member type="way" ref="169006649" role="outer"/>
  <member type="way" ref="30671833" role="outer"/>
  <member type="way" ref="180202889" role="outer"/>
  <member type="way" ref="171620360" role="outer"/>
  <member type="way" ref="764453715" role="outer"/>
  <member type="way" ref="4471960" role="outer"/>
  <member type="way" ref="1234624392" role="outer"/>
  <member type="way" ref="1234624393" role="outer"/>
  <member type="way" ref="5019438" role="outer"/>
  <member type="way" ref="1278571458" role="outer"/>
  <member type="way" ref="1278571457" role="outer"/>
  <member type="way" ref="112866064" role="outer"/>
  <member type="way" ref="180216283" role="outer"/>
  <member type="way" ref="52464813" role="outer"/>
  <member type="way" ref="52464814" role="outer"/>
  <member type="way" ref="764453713" role="outer"/>
  <member type="way" ref="764453712" role="outer"/>
  <member type="way" ref="764453711" role="outer"/>
  <member type="way" ref="61732437" role="outer"/>
  <member type="way" ref="4471916" role="outer"/>
  <member type="way" ref="764453709" role="outer"/>
  <member type="way" ref="667979546" role="outer"/>
  <member type="way" ref="764450889" role="outer"/>
  <member type="way" ref="764450890" role="outer"/>
  <member type="way" ref="137197684" role="outer"/>
  <member type="way" ref="764450896" role="outer"/>
  <member type="way" ref="764450893" role="outer"/>
  <member type="way" ref="764450895" role="outer"/>
  <member type="way" ref="1221800837" role="outer"/>
  <member type="way" ref="49430656" role="outer"/>
  <member type="way" ref="61733046" role="outer"/>
  <member type="way" ref="103969634" role="outer"/>
  <member type="way" ref="764450899" role="outer"/>
  <member type="way" ref="764450900" role="outer"/>
  <member type="way" ref="764450901" role="outer"/>
  <member type="way" ref="19803002" role="outer"/>
  <member type="way" ref="764450903" role="outer"/>
  <member type="way" ref="49063207" role="outer"/>
  <member type="way" ref="764450905" role="outer"/>
  <member type="way" ref="764453706" role="outer"/>
  <member type="way" ref="764453707" role="outer"/>
  <member type="way" ref="102371982" role="outer"/>
  <member type="way" ref="514262166" role="outer"/>
  <member type="way" ref="764450888" role="outer"/>
  <member type="way" ref="19060731" role="inner"/>
  <member type="way" ref="19060442" role="inner"/>
  <member type="way" ref="19060390" role="inner"/>
  <member type="way" ref="765132905" role="inner"/>
  <member type="way" ref="19060141" role="inner"/>
  <member type="way" ref="498620797" role="inner"/>
  <member type="way" ref="765132903" role="inner"/>
  <member type="way" ref="19059924" role="inner"/>
  <member type="way" ref="765132902" role="inner"/>
  <member type="way" ref="224855232" role="inner"/>
  <member type="way" ref="106940460" role="inner"/>
  <member type="way" ref="35104389" role="inner"/>
  <member type="way" ref="165469768" role="inner"/>
  <member type="way" ref="19042205" role="inner"/>
  <member type="way" ref="28852794" role="inner"/>
  <member type="way" ref="4955515" role="inner"/>
  <member type="way" ref="28852763" role="inner"/>
  <member type="way" ref="765132907" role="inner"/>
  <member type="way" ref="765132908" role="inner"/>
  <member type="way" ref="765132909" role="inner"/>
  <member type="way" ref="28735657" role="inner"/>
  <member type="way" ref="669657741" role="inner"/>
  <member type="way" ref="765132910" role="inner"/>
  <member type="way" ref="765132911" role="inner"/>
  <member type="way" ref="765132914" role="inner"/>
  <member type="way" ref="763718955" role="inner"/>
  <member type="way" ref="765132915" role="inner"/>
  <member type="way" ref="4950462" role="inner"/>
  <member type="way" ref="4950463" role="inner"/>
  <member type="way" ref="765132918" role="inner"/>
  <member type="way" ref="155766785" role="inner"/>
  <member type="way" ref="765132917" role="inner"/>
  <member type="way" ref="528163575" role="inner"/>
  <member type="way" ref="28728894" role="inner"/>
  <member type="way" ref="765132919" role="inner"/>
  <member type="way" ref="765132920" role="inner"/>
  <member type="way" ref="765132922" role="inner"/>
  <member type="way" ref="765132923" role="inner"/>
  <member type="way" ref="765132925" role="inner"/>
  <member type="way" ref="765132927" role="inner"/>
  <member type="way" ref="765132928" role="inner"/>
  <member type="way" ref="765132930" role="inner"/>
  <member type="way" ref="29260900" role="inner"/>
  <member type="way" ref="35209488" role="inner"/>
  <member type="way" ref="35209487" role="inner"/>
  <member type="way" ref="11691939" role="inner"/>
  <member type="way" ref="35104817" role="inner"/>
  <member type="way" ref="34963105" role="inner"/>
  <member type="way" ref="34963106" role="inner"/>
  <member type="way" ref="39092447" role="inner"/>
  <member type="way" ref="35040370" role="inner"/>
  <member type="way" ref="765132933" role="inner"/>
  <member type="way" ref="35028193" role="inner"/>
  <member type="way" ref="35213618" role="inner"/>
  <member type="way" ref="35213616" role="inner"/>
  <member type="way" ref="260637471" role="inner"/>
  <member type="way" ref="765132934" role="inner"/>
  <member type="way" ref="35212924" role="inner"/>
  <member type="way" ref="35212926" role="inner"/>
  <member type="way" ref="765132935" role="inner"/>
  <member type="way" ref="35212923" role="inner"/>
  <member type="way" ref="4951042" role="inner"/>
  <member type="way" ref="35065520" role="inner"/>
  <member type="way" ref="35039588" role="inner"/>
  <member type="way" ref="4950979" role="inner"/>
  <member type="way" ref="765132938" role="inner"/>
  <member type="way" ref="765132939" role="inner"/>
  <member type="way" ref="765132942" role="inner"/>
  <member type="way" ref="765132943" role="inner"/>
  <member type="way" ref="16554840" role="inner"/>
  <member type="way" ref="16554834" role="inner"/>
  <member type="way" ref="35016219" role="inner"/>
  <member type="way" ref="16554664" role="inner"/>
  <member type="way" ref="765132944" role="inner"/>
  <member type="way" ref="149922785" role="inner"/>
  <member type="way" ref="277609813" role="inner"/>
  <member type="way" ref="18793882" role="inner"/>
  <member type="way" ref="149605422" role="inner"/>
  <member type="way" ref="105774435" role="inner"/>
  <member type="way" ref="149605424" role="inner"/>
  <member type="way" ref="102211109" role="inner"/>
  <member type="way" ref="486576983" role="inner"/>
  <member type="way" ref="163146503" role="inner"/>
  <member type="way" ref="98105465" role="inner"/>
  <member type="way" ref="98105454" role="inner"/>
  <member type="way" ref="765132946" role="inner"/>
  <member type="way" ref="1429373386" role="inner"/>
  <member type="way" ref="1429373387" role="inner"/>
  <member type="way" ref="150667546" role="inner"/>
  <member type="way" ref="765132947" role="inner"/>
  <member type="way" ref="4193787" role="inner"/>
  <member type="way" ref="41496930" role="inner"/>
  <member type="way" ref="307879862" role="inner"/>
  <member type="way" ref="372942067" role="inner"/>
  <member type="way" ref="765132906" role="inner"/>
  <tag k="boundary" v="protected_area"/>
  <tag k="designation" v="area_of_outstanding_natural_beauty"/>
  <tag k="name" v="Kent Downs National Landscape"/>
  <tag k="protect_class" v="5"/>
  <tag k="source" v="magic.defra.gov.uk"/>
  <tag k="type" v="boundary"/>
  <tag k="wikidata" v="Q911860"/>
  <tag k="wikipedia" v="en:Kent Downs"/>
 </relation>
 <relation id="10748613" visible="true" version="150" changeset="187857241" timestamp="2026-08-22T19:07:37Z" user="RedAuburn" uid="13666626">
  <member type="node" ref="1143021655" role="stop"/>
  <member type="node" ref="502564452" role="platform"/>
  <member type="node" ref="1497353157" role="stop"/>
  <member type="node" ref="502538709" role="platform"/>
  <member type="node" ref="502585760" role="platform"/>
  <member type="node" ref="3542036798" role="stop"/>
  <member type="node" ref="5371099278" role="platform"/>
  <member type="way" ref="98817858" role=""/>
  <member type="way" ref="98822059" role=""/>
  <member type="way" ref="125402086" role=""/>
  <member type="way" ref="125402073" role=""/>
  <member type="way" ref="27258005" role=""/>
  <member type="way" ref="103969628" role=""/>
  <member type="way" ref="98813005" role=""/>
  <member type="way" ref="183108561" role=""/>
  <member type="way" ref="1276527780" role=""/>
  <member type="way" ref="98813022" role=""/>
  <member type="way" ref="776064185" role=""/>
  <member type="way" ref="914030946" role=""/>
  <member type="way" ref="125402093" role=""/>
  <member type="way" ref="914030947" role=""/>
  <member type="way" ref="148440599" role=""/>
  <member type="way" ref="1219283021" role=""/>
  <member type="way" ref="148440598" role=""/>
  <member type="way" ref="182275925" role=""/>
  <member type="way" ref="1082202292" role=""/>
  <member type="way" ref="940782340" role=""/>
  <member type="way" ref="940782341" role=""/>
  <member type="way" ref="1251506705" role=""/>
  <member type="way" ref="178687293" role=""/>
  <member type="way" ref="1234047608" role=""/>
  <member type="way" ref="165811879" role=""/>
  <member type="way" ref="23469287" role=""/>
  <member type="way" ref="26588623" role=""/>
  <member type="way" ref="940782342" role=""/>
  <member type="way" ref="165811878" role=""/>
  <member type="way" ref="165811877" role=""/>
  <member type="way" ref="4434843" role=""/>
  <member type="way" ref="147124919" role=""/>
  <member type="way" ref="1353432530" role=""/>
  <member type="way" ref="165811874" role=""/>
  <member type="way" ref="165811875" role=""/>
  <member type="way" ref="169007915" role=""/>
  <member type="way" ref="169007920" role=""/>
  <member type="way" ref="169007918" role=""/>
  <member type="way" ref="169007919" role=""/>
  <member type="way" ref="169007916" role=""/>
  <member type="way" ref="169007921" role=""/>
  <member type="way" ref="169007917" role=""/>
  <member type="way" ref="169007914" role=""/>
  <member type="way" ref="1274661054" role=""/>
  <member type="way" ref="169007913" role=""/>
  <member type="way" ref="1303164588" role=""/>
  <member type="way" ref="169006650" role=""/>
  <member type="way" ref="169006649" role=""/>
  <member type="way" ref="30671833" role=""/>
  <member type="way" ref="180202889" role=""/>
  <member type="way" ref="171620360" role=""/>
  <member type="way" ref="171620361" role=""/>
  <member type="way" ref="1274808680" role=""/>
  <member type="way" ref="73018546" role=""/>
  <member type="way" ref="73018525" role=""/>
  <member type="way" ref="25016926" role=""/>
  <member type="way" ref="148449318" role=""/>
  <member type="way" ref="148449316" role=""/>
  <member type="way" ref="37736481" role=""/>
  <member type="way" ref="37736753" role=""/>
  <member type="way" ref="1233548610" role=""/>
  <member type="way" ref="1215562837" role=""/>
  <member type="way" ref="933774" role=""/>
  <member type="way" ref="1185397425" role=""/>
  <member type="way" ref="1185397426" role=""/>
  <member type="way" ref="180220282" role=""/>
  <member type="way" ref="30815177" role=""/>
  <member type="way" ref="67394533" role=""/>
  <member type="way" ref="67394557" role=""/>
  <member type="way" ref="471546014" role=""/>
  <member type="way" ref="471546013" role=""/>
  <member type="way" ref="471546012" role=""/>
  <member type="way" ref="23469514" role=""/>
  <member type="way" ref="148451461" role=""/>
  <member type="way" ref="23417410" role=""/>
  <member type="way" ref="471546008" role=""/>
  <member type="way" ref="471546005" role=""/>
  <member type="way" ref="66339766" role=""/>
  <member type="way" ref="871730659" role=""/>
  <member type="way" ref="871730660" role=""/>
  <member type="way" ref="244302181" role=""/>
  <member type="way" ref="1191909031" role=""/>
  <member type="way" ref="1191909030" role=""/>
  <member type="way" ref="184109653" role=""/>
  <member type="way" ref="764445067" role=""/>
  <member type="way" ref="1178597959" role=""/>
  <member type="way" ref="530029354" role=""/>
  <member type="way" ref="23330212" role=""/>
  <member type="way" ref="23330213" role=""/>
  <member type="way" ref="4433602" role=""/>
  <member type="way" ref="934408" role=""/>
  <member type="way" ref="23417092" role=""/>
  <member type="way" ref="23436407" role=""/>
  <member type="way" ref="23436408" role=""/>
  <member type="way" ref="4476024" role=""/>
  <member type="way" ref="51564562" role=""/>
  <member type="way" ref="51564564" role=""/>
  <member type="way" ref="184108275" role=""/>
  <member type="way" ref="23443896" role=""/>
  <member type="way" ref="23443895" role=""/>
  <member type="way" ref="1178714931" role=""/>
  <member type="way" ref="4554347" role=""/>
  <member type="way" ref="184458046" role=""/>
  <member type="way" ref="61048871" role=""/>
  <member type="way" ref="146904760" role=""/>
  <member type="way" ref="317479602" role=""/>
  <member type="way" ref="317479601" role=""/>
  <member type="way" ref="146862199" role=""/>
  <member type="way" ref="1208977554" role=""/>
  <member type="way" ref="146862197" role=""/>
  <member type="way" ref="146862196" role=""/>
  <member type="way" ref="317479600" role=""/>
  <member type="way" ref="1178064231" role=""/>
  <member type="way" ref="26588280" role=""/>
  <member type="way" ref="631626599" role=""/>
  <member type="way" ref="130453478" role=""/>
  <member type="way" ref="631626600" role=""/>
  <member type="way" ref="130453477" role=""/>
  <member type="way" ref="1263633741" role=""/>
  <member type="way" ref="4476026" role=""/>
  <member type="way" ref="9644097" role=""/>
  <member type="way" ref="1099488542" role=""/>
  <member type="way" ref="1101029051" role=""/>
  <member type="way" ref="4476020" role=""/>
  <member type="way" ref="1208977553" role=""/>
  <member type="way" ref="1099488546" role=""/>
  <member type="way" ref="1099488547" role=""/>
  <member type="way" ref="4354122" role=""/>
  <member type="way" ref="1099488549" role=""/>
  <member type="way" ref="4476018" role=""/>
  <member type="way" ref="141113077" role=""/>
  <member type="way" ref="4476019" role=""/>
  <member type="way" ref="141113075" role=""/>
  <member type="way" ref="1111791847" role=""/>
  <member type="way" ref="1099488538" role=""/>
  <member type="way" ref="1111801883" role=""/>
  <member type="way" ref="141113076" role=""/>
  <member type="way" ref="31725977" role=""/>
  <member type="way" ref="1099488540" role=""/>
  <member type="way" ref="1099488539" role=""/>
  <member type="way" ref="1175996326" role=""/>
  <member type="way" ref="1099488541" role=""/>
  <member type="way" ref="1099488542" role=""/>
  <member type="way" ref="1101029051" role=""/>
  <member type="way" ref="4476020" role=""/>
  <member type="way" ref="1208977553" role=""/>
  <member type="way" ref="1099488546" role=""/>
  <member type="way" ref="1099488547" role=""/>
  <member type="way" ref="4354119" role=""/>
  <member type="way" ref="28015748" role=""/>
  <member type="way" ref="4684635" role=""/>
  <member type="way" ref="635745276" role=""/>
  <member type="way" ref="1162412286" role=""/>
  <member type="way" ref="42701217" role=""/>
  <member type="way" ref="979437190" role=""/>
  <member type="way" ref="31726949" role=""/>
  <member type="way" ref="9636284" role=""/>
  <member type="way" ref="1486835689" role=""/>
  <member type="way" ref="1486835688" role=""/>
  <member type="way" ref="133309032" role=""/>
  <member type="way" ref="890488086" role=""/>
  <member type="way" ref="1101022295" role=""/>
  <member type="way" ref="1101022294" role=""/>
  <member type="way" ref="1124013866" role=""/>
  <member type="way" ref="890488091" role=""/>
  <member type="way" ref="1079615711" role=""/>
  <member type="way" ref="1079615712" role=""/>
  <member type="way" ref="107246640" role=""/>
  <member type="way" ref="1101021709" role=""/>
  <member type="way" ref="1101021708" role=""/>
  <member type="way" ref="776064181" role=""/>
  <member type="way" ref="23416766" role=""/>
  <member type="way" ref="23416767" role=""/>
  <member type="way" ref="23416789" role=""/>
  <member type="way" ref="23416790" role=""/>
  <member type="way" ref="4421468" role=""/>
  <member type="way" ref="4428312" role=""/>
  <member type="way" ref="4428313" role=""/>
  <member type="way" ref="4296559" role=""/>
  <member type="way" ref="184107827" role=""/>
  <member type="way" ref="146504684" role=""/>
  <member type="way" ref="122633591" role=""/>
  <member type="way" ref="146504686" role=""/>
  <member type="way" ref="122633610" role=""/>
  <member type="way" ref="1078564180" role=""/>
  <member type="way" ref="70674580" role=""/>
  <member type="way" ref="1235012991" role=""/>
  <member type="way" ref="1235012990" role=""/>
  <member type="way" ref="122633617" role=""/>
  <member type="way" ref="1078564179" role=""/>
  <member type="way" ref="122633600" role=""/>
  <member type="way" ref="26922617" role=""/>
  <member type="way" ref="26922618" role=""/>
  <member type="way" ref="108296797" role=""/>
  <member type="way" ref="108296796" role=""/>
  <member type="way" ref="318249212" role=""/>
  <member type="way" ref="318249210" role=""/>
  <member type="way" ref="146504693" role=""/>
  <member type="way" ref="146504703" role=""/>
  <member type="way" ref="122633594" role=""/>
  <member type="way" ref="698690733" role=""/>
  <member type="way" ref="698690734" role=""/>
  <member type="way" ref="3992820" role=""/>
  <member type="way" ref="178225583" role=""/>
  <member type="way" ref="776064180" role=""/>
  <member type="way" ref="509639391" role=""/>
  <member type="way" ref="509639392" role=""/>
  <member type="way" ref="108724259" role=""/>
  <member type="way" ref="25594278" role=""/>
  <member type="way" ref="178227711" role=""/>
  <member type="way" ref="362661113" role=""/>
  <member type="way" ref="4671260" role=""/>
  <member type="way" ref="362661107" role=""/>
  <member type="way" ref="362661119" role=""/>
  <member type="way" ref="4766990" role=""/>
  <member type="way" ref="43523479" role=""/>
  <member type="way" ref="43523480" role=""/>
  <member type="way" ref="25594378" role=""/>
  <member type="way" ref="25594379" role=""/>
  <member type="way" ref="78391157" role=""/>
  <member type="way" ref="3992818" role=""/>
  <member type="way" ref="49899140" role=""/>
  <member type="way" ref="49899138" role=""/>
  <member type="way" ref="5185200" role=""/>
  <member type="way" ref="3992816" role=""/>
  <member type="way" ref="65367664" role=""/>
  <member type="way" ref="4868869" role=""/>
  <member type="way" ref="1551590803" role=""/>
  <member type="way" ref="1551590802" role=""/>
  <member type="way" ref="1551590801" role=""/>
  <member type="way" ref="67350506" role=""/>
  <member type="way" ref="3992814" role=""/>
  <member type="way" ref="35269578" role=""/>
  <member type="way" ref="35269579" role=""/>
  <member type="way" ref="1033093965" role=""/>
  <member type="way" ref="485628687" role=""/>
  <member type="way" ref="485628685" role=""/>
  <member type="way" ref="178231242" role=""/>
  <member type="way" ref="4296590" role=""/>
  <member type="way" ref="764445092" role=""/>
  <member type="way" ref="764445091" role=""/>
  <member type="way" ref="28859170" role=""/>
  <member type="way" ref="776064179" role=""/>
  <member type="way" ref="4373744" role=""/>
  <member type="way" ref="776064190" role=""/>
  <member type="way" ref="108779859" role=""/>
  <member type="way" ref="108779874" role=""/>
  <member type="way" ref="1162405879" role=""/>
  <member type="way" ref="4902980" role=""/>
  <member type="way" ref="138637870" role=""/>
  <member type="way" ref="1489413404" role=""/>
  <member type="way" ref="1489413402" role=""/>
  <member type="way" ref="217297048" role=""/>
  <member type="way" ref="30144580" role=""/>
  <member type="way" ref="30137563" role=""/>
  <member type="way" ref="217297047" role=""/>
  <member type="way" ref="30137573" role=""/>
  <member type="way" ref="1162405875" role=""/>
  <member type="way" ref="776064191" role=""/>
  <member type="way" ref="51876551" role=""/>
  <member type="way" ref="1489413402" role=""/>
  <member type="way" ref="1489413403" role=""/>
  <member type="way" ref="138637870" role=""/>
  <member type="way" ref="4902979" role=""/>
  <member type="way" ref="4373746" role=""/>
  <member type="way" ref="1162405877" role=""/>
  <member type="way" ref="1162670552" role=""/>
  <member type="way" ref="1162670553" role=""/>
  <member type="way" ref="4373745" role=""/>
  <member type="way" ref="108779871" role=""/>
  <member type="way" ref="776064192" role=""/>
  <member type="way" ref="108779858" role=""/>
  <member type="way" ref="776064178" role=""/>
  <member type="way" ref="28859178" role=""/>
  <member type="way" ref="4902967" role=""/>
  <member type="way" ref="764445092" role=""/>
  <member type="way" ref="28859251" role=""/>
  <member type="way" ref="108779868" role=""/>
  <member type="way" ref="108782916" role=""/>
  <member type="way" ref="108782920" role=""/>
  <member type="way" ref="1493513544" role=""/>
  <member type="way" ref="1493513543" role=""/>
  <member type="way" ref="178232032" role=""/>
  <member type="way" ref="178232033" role=""/>
  <member type="way" ref="178234608" role=""/>
  <member type="way" ref="178234603" role=""/>
  <member type="way" ref="171768401" role=""/>
  <member type="way" ref="85335990" role=""/>
  <member type="way" ref="4868847" role=""/>
  <member type="way" ref="131644099" role=""/>
  <member type="way" ref="160828934" role=""/>
  <member type="way" ref="171768403" role=""/>
  <member type="way" ref="171768402" role=""/>
  <member type="way" ref="4868831" role=""/>
  <member type="way" ref="131644093" role=""/>
  <member type="way" ref="78450481" role=""/>
  <member type="way" ref="78450480" role=""/>
  <member type="way" ref="131644137" role=""/>
  <member type="way" ref="974610362" role=""/>
  <member type="way" ref="676866844" role=""/>
  <member type="way" ref="676866842" role=""/>
  <member type="way" ref="676866837" role=""/>
  <member type="way" ref="131644138" role=""/>
  <member type="way" ref="23990541" role=""/>
  <member type="way" ref="23990540" role=""/>
  <member type="way" ref="4906660" role=""/>
  <member type="way" ref="1340183114" role=""/>
  <member type="way" ref="1340183113" role=""/>
  <member type="way" ref="228683963" role=""/>
  <member type="way" ref="23990641" role=""/>
  <member type="way" ref="103528711" role=""/>
  <member type="way" ref="103528720" role=""/>
  <member type="way" ref="345325757" role=""/>
  <member type="way" ref="111766527" role=""/>
  <member type="way" ref="1337343715" role=""/>
  <member type="way" ref="1337343714" role=""/>
  <member type="way" ref="131643731" role=""/>
  <member type="way" ref="1340183126" role=""/>
  <member type="way" ref="1340183125" role=""/>
  <member type="way" ref="3992822" role=""/>
  <member type="way" ref="131643733" role=""/>
  <member type="way" ref="1115833417" role=""/>
  <member type="way" ref="23440855" role=""/>
  <member type="way" ref="44608810" role=""/>
  <member type="way" ref="1881132" role=""/>
  <member type="way" ref="204196999" role=""/>
  <member type="way" ref="1126465973" role=""/>
  <member type="way" ref="1126465972" role=""/>
  <member type="way" ref="1126465963" role=""/>
  <member type="way" ref="1126465962" role=""/>
  <member type="way" ref="1126465959" role=""/>
  <member type="way" ref="1126465958" role=""/>
  <member type="way" ref="1126465955" role=""/>
  <member type="way" ref="1126465954" role=""/>
  <member type="way" ref="1238188221" role=""/>
  <member type="way" ref="43332529" role=""/>
  <member type="way" ref="43332496" role=""/>
  <member type="way" ref="29062390" role=""/>
  <member type="way" ref="29062392" role=""/>
  <member type="way" ref="23440888" role=""/>
  <member type="way" ref="5103874" role=""/>
  <member type="way" ref="330361127" role=""/>
  <member type="way" ref="111705733" role=""/>
  <member type="way" ref="40351624" role=""/>
  <member type="way" ref="40351621" role=""/>
  <member type="way" ref="110682232" role=""/>
  <member type="way" ref="110682208" role=""/>
  <member type="way" ref="132789381" role=""/>
  <member type="way" ref="132789380" role=""/>
  <member type="way" ref="132789413" role=""/>
  <member type="way" ref="132789508" role=""/>
  <member type="way" ref="4352346" role=""/>
  <member type="way" ref="4352345" role=""/>
  <member type="way" ref="132789540" role=""/>
  <member type="way" ref="40158588" role=""/>
  <member type="way" ref="22970525" role=""/>
  <member type="way" ref="4316128" role=""/>
  <member type="way" ref="1114726927" role=""/>
  <member type="way" ref="4004573" role=""/>
  <member type="way" ref="1112097958" role=""/>
  <member type="way" ref="1112097959" role=""/>
  <member type="way" ref="45983103" role=""/>
  <member type="way" ref="238222128" role=""/>
  <member type="way" ref="238222125" role=""/>
  <member type="way" ref="289857736" role=""/>
  <member type="way" ref="228965643" role=""/>
  <member type="way" ref="230560857" role=""/>
  <member type="way" ref="4004572" role=""/>
  <member type="way" ref="230560861" role=""/>
  <member type="way" ref="230560859" role=""/>
  <member type="way" ref="230560858" role=""/>
  <member type="way" ref="4288516" role=""/>
  <member type="way" ref="589726837" role=""/>
  <member type="way" ref="7996741" role=""/>
  <member type="way" ref="1069912780" role=""/>
  <member type="way" ref="589726851" role=""/>
  <member type="way" ref="656578400" role=""/>
  <member type="way" ref="38156890" role=""/>
  <member type="way" ref="1069912779" role=""/>
  <member type="way" ref="1286571181" role=""/>
  <member type="way" ref="1112337294" role=""/>
  <member type="way" ref="1112337295" role=""/>
  <member type="way" ref="7996740" role=""/>
  <member type="way" ref="1286571199" role=""/>
  <member type="way" ref="1286571184" role=""/>
  <member type="way" ref="1112337296" role=""/>
  <member type="way" ref="551182419" role=""/>
  <member type="way" ref="551182421" role=""/>
  <member type="way" ref="1072693168" role=""/>
  <member type="way" ref="1112351444" role=""/>
  <member type="way" ref="1112351443" role=""/>
  <member type="way" ref="4288512" role=""/>
  <member type="way" ref="1205574126" role=""/>
  <member type="way" ref="1214372612" role=""/>
  <member type="way" ref="1205574129" role=""/>
  <member type="way" ref="1014966348" role=""/>
  <member type="way" ref="38159757" role=""/>
  <member type="way" ref="38159756" role=""/>
  <member type="way" ref="760847723" role=""/>
  <member type="way" ref="1072693167" role=""/>
  <member type="way" ref="1072693166" role=""/>
  <member type="way" ref="760847728" role=""/>
  <member type="way" ref="760847724" role=""/>
  <member type="way" ref="760847729" role=""/>
  <member type="way" ref="585818893" role=""/>
  <member type="way" ref="245894512" role=""/>
  <member type="way" ref="245894513" role=""/>
  <member type="way" ref="628881202" role=""/>
  <member type="way" ref="41540136" role=""/>
  <member type="way" ref="628867536" role=""/>
  <member type="way" ref="628867535" role=""/>
  <member type="way" ref="837135294" role=""/>
  <member type="way" ref="1069315455" role=""/>
  <member type="way" ref="1244692979" role=""/>
  <member type="way" ref="133061997" role=""/>
  <member type="way" ref="1244692980" role=""/>
  <member type="way" ref="24638128" role=""/>
  <member type="way" ref="40379814" role=""/>
  <member type="way" ref="1069315454" role=""/>
  <member type="way" ref="207811279" role=""/>
  <member type="way" ref="665184637" role=""/>
  <member type="way" ref="665106048" role=""/>
  <member type="way" ref="665132474" role=""/>
  <member type="way" ref="439463817" role=""/>
  <member type="way" ref="1311099353" role=""/>
  <member type="way" ref="1311099354" role=""/>
  <member type="way" ref="665132473" role=""/>
  <member type="way" ref="612039397" role=""/>
  <member type="way" ref="439463815" role=""/>
  <member type="way" ref="505830493" role=""/>
  <member type="way" ref="503215171" role=""/>
  <member type="way" ref="465919365" role=""/>
  <member type="way" ref="1136834245" role=""/>
  <member type="way" ref="1136834248" role=""/>
  <member type="way" ref="439463816" role=""/>
  <member type="way" ref="40926085" role=""/>
  <member type="way" ref="612029058" role=""/>
  <member type="way" ref="1064882731" role=""/>
  <member type="way" ref="133062211" role=""/>
  <member type="way" ref="630017170" role=""/>
  <member type="way" ref="1064857043" role=""/>
  <member type="way" ref="611883787" role=""/>
  <member type="way" ref="630018317" role=""/>
  <member type="way" ref="1051029922" role=""/>
  <member type="way" ref="1051029921" role=""/>
  <member type="way" ref="54277924" role=""/>
  <member type="way" ref="524822955" role=""/>
  <member type="way" ref="1067042679" role=""/>
  <member type="way" ref="772735496" role=""/>
  <member type="way" ref="1067042678" role=""/>
  <member type="way" ref="1067042677" role=""/>
  <member type="way" ref="1067042675" role=""/>
  <member type="way" ref="1067042680" role=""/>
  <member type="way" ref="1067042681" role=""/>
  <member type="way" ref="54268784" role=""/>
  <member type="way" ref="24634915" role=""/>
  <member type="way" ref="1069315451" role=""/>
  <member type="way" ref="1067042682" role=""/>
  <member type="way" ref="1067042683" role=""/>
  <member type="way" ref="1067042684" role=""/>
  <member type="way" ref="1067042685" role=""/>
  <member type="way" ref="1067042686" role=""/>
  <member type="way" ref="1067042687" role=""/>
  <member type="way" ref="1067042688" role=""/>
  <member type="way" ref="651852808" role=""/>
  <member type="way" ref="1067042690" role=""/>
  <member type="way" ref="1067042689" role=""/>
  <member type="way" ref="609788055" role=""/>
  <member type="way" ref="651852807" role=""/>
  <member type="way" ref="991879712" role=""/>
  <member type="way" ref="37308932" role=""/>
  <member type="way" ref="991879711" role=""/>
  <member type="way" ref="1069542824" role=""/>
  <member type="way" ref="683844337" role=""/>
  <member type="way" ref="1069542825" role=""/>
  <member type="way" ref="609788054" role=""/>
  <member type="way" ref="646012182" role=""/>
  <member type="way" ref="183240189" role=""/>
  <member type="way" ref="688015127" role=""/>
  <member type="way" ref="695506744" role=""/>
  <member type="way" ref="900997944" role=""/>
  <member type="way" ref="695506743" role=""/>
  <member type="way" ref="40698847" role=""/>
  <member type="way" ref="257481037" role=""/>
  <member type="way" ref="10277357" role=""/>
  <member type="way" ref="695506739" role=""/>
  <member type="way" ref="1069331426" role=""/>
  <member type="way" ref="616643098" role=""/>
  <member type="way" ref="616643099" role=""/>
  <member type="way" ref="38697229" role=""/>
  <member type="way" ref="385751422" role=""/>
  <member type="way" ref="627380449" role=""/>
  <member type="way" ref="107897761" role=""/>
  <member type="way" ref="380369498" role=""/>
  <member type="way" ref="217183033" role=""/>
  <member type="way" ref="291888930" role=""/>
  <member type="way" ref="589736582" role=""/>
  <member type="way" ref="335104177" role=""/>
  <member type="way" ref="1233692171" role=""/>
  <member type="way" ref="217793511" role=""/>
  <member type="way" ref="612506877" role=""/>
  <member type="way" ref="608434931" role=""/>
  <member type="way" ref="608434930" role=""/>
  <member type="way" ref="217183036" role=""/>
  <member type="way" ref="39094033" role=""/>
  <member type="way" ref="343391000" role=""/>
  <member type="way" ref="1065388506" role=""/>
  <member type="way" ref="1243927523" role=""/>
  <member type="way" ref="1069542822" role=""/>
  <member type="way" ref="608424193" role=""/>
  <member type="way" ref="608424200" role=""/>
  <member type="way" ref="1069331420" role=""/>
  <member type="way" ref="1069331419" role=""/>
  <member type="way" ref="4357157" role=""/>
  <member type="way" ref="940235764" role=""/>
  <member type="way" ref="940235765" role=""/>
  <member type="way" ref="940235767" role=""/>
  <member type="way" ref="940235768" role=""/>
  <member type="way" ref="1068255195" role=""/>
  <member type="way" ref="38697231" role=""/>
  <member type="way" ref="746823460" role=""/>
  <member type="way" ref="746823462" role=""/>
  <member type="way" ref="746823464" role=""/>
  <member type="way" ref="715900693" role=""/>
  <member type="way" ref="28884256" role=""/>
  <member type="way" ref="288244783" role=""/>
  <member type="way" ref="288244785" role=""/>
  <member type="way" ref="298071600" role=""/>
  <member type="way" ref="950238932" role=""/>
  <member type="way" ref="950238933" role=""/>
  <member type="way" ref="1068255193" role=""/>
  <member type="way" ref="298071605" role=""/>
  <member type="way" ref="28884258" role=""/>
  <member type="way" ref="1152266274" role=""/>
  <member type="way" ref="1152266273" role=""/>
  <member type="way" ref="78686301" role=""/>
  <member type="way" ref="1152266272" role=""/>
  <member type="way" ref="1152266271" role=""/>
  <member type="way" ref="51979124" role=""/>
  <member type="way" ref="1217395755" role=""/>
  <member type="way" ref="1152266270" role=""/>
  <member type="way" ref="109277060" role=""/>
  <member type="way" ref="1152266269" role=""/>
  <member type="way" ref="1152266268" role=""/>
  <member type="way" ref="298071603" role=""/>
  <member type="way" ref="1152266267" role=""/>
  <member type="way" ref="304228799" role=""/>
  <member type="way" ref="909833966" role=""/>
  <member type="way" ref="909833965" role=""/>
  <member type="way" ref="39258883" role=""/>
  <member type="way" ref="545367925" role=""/>
  <member type="way" ref="19798322" role=""/>
  <member type="way" ref="4357147" role=""/>
  <member type="way" ref="291888931" role=""/>
  <member type="way" ref="51979549" role=""/>
  <member type="way" ref="1065494617" role=""/>
  <member type="way" ref="1068255187" role=""/>
  <member type="way" ref="144970759" role=""/>
  <member type="way" ref="26784306" role=""/>
  <member type="way" ref="26784307" role=""/>
  <member type="way" ref="1065494619" role=""/>
  <member type="way" ref="84752305" role=""/>
  <member type="way" ref="4357144" role=""/>
  <member type="way" ref="1068255186" role=""/>
  <member type="way" ref="1065494620" role=""/>
  <member type="way" ref="257479128" role=""/>
  <member type="way" ref="307918847" role=""/>
  <member type="way" ref="10495002" role=""/>
  <member type="way" ref="1068255185" role=""/>
  <member type="way" ref="1070695516" role=""/>
  <member type="way" ref="655493607" role=""/>
  <member type="way" ref="176034191" role=""/>
  <member type="way" ref="1065494621" role=""/>
  <member type="way" ref="86678050" role=""/>
  <member type="way" ref="1000666994" role=""/>
  <member type="way" ref="8072743" role=""/>
  <member type="way" ref="1000666993" role=""/>
  <member type="way" ref="1000666992" role=""/>
  <member type="way" ref="1000666991" role=""/>
  <member type="way" ref="1262055137" role=""/>
  <member type="way" ref="32513104" role=""/>
  <member type="way" ref="1065494629" role=""/>
  <member type="way" ref="173129948" role=""/>
  <member type="way" ref="1065494630" role=""/>
  <member type="way" ref="1068255184" role=""/>
  <member type="way" ref="257479127" role=""/>
  <member type="way" ref="1065494631" role=""/>
  <member type="way" ref="1068255183" role=""/>
  <member type="way" ref="49794613" role=""/>
  <member type="way" ref="1065494632" role=""/>
  <member type="way" ref="1065494633" role=""/>
  <member type="way" ref="1117614727" role=""/>
  <member type="way" ref="1117614728" role=""/>
  <member type="way" ref="1117613588" role=""/>
  <member type="way" ref="1117613587" role=""/>
  <member type="way" ref="395912709" role=""/>
  <member type="way" ref="1117613589" role=""/>
  <member type="way" ref="173129947" role=""/>
  <member type="way" ref="905944769" role=""/>
  <member type="way" ref="905990653" role=""/>
  <member type="way" ref="4351594" role=""/>
  <member type="way" ref="905990652" role=""/>
  <member type="way" ref="905990659" role=""/>
  <member type="way" ref="1209505007" role=""/>
  <member type="way" ref="1209505008" role=""/>
  <member type="way" ref="905990654" role=""/>
  <member type="way" ref="905990663" role=""/>
  <member type="way" ref="905990664" role=""/>
  <member type="way" ref="905944770" role=""/>
  <member type="way" ref="905944771" role=""/>
  <member type="way" ref="905944772" role=""/>
  <member type="way" ref="1208348680" role=""/>
  <member type="way" ref="557191660" role=""/>
  <member type="way" ref="905942401" role=""/>
  <member type="way" ref="905942403" role=""/>
  <member type="way" ref="974018054" role=""/>
  <member type="way" ref="905942400" role=""/>
  <member type="way" ref="905942132" role=""/>
  <member type="way" ref="905942131" role=""/>
  <member type="way" ref="905942130" role=""/>
  <member type="way" ref="905942129" role=""/>
  <member type="way" ref="682488194" role=""/>
  <member type="way" ref="1117228784" role=""/>
  <member type="way" ref="34528712" role=""/>
  <member type="way" ref="4357021" role=""/>
  <member type="way" ref="968550258" role=""/>
  <member type="way" ref="968550259" role=""/>
  <member type="way" ref="1065476894" role=""/>
  <member type="way" ref="970591110" role=""/>
  <member type="way" ref="377654348" role=""/>
  <member type="way" ref="1021328794" role=""/>
  <member type="way" ref="4258976" role=""/>
  <member type="way" ref="377654349" role=""/>
  <member type="way" ref="377654350" role=""/>
  <member type="way" ref="608418223" role=""/>
  <member type="way" ref="608418226" role=""/>
  <member type="way" ref="10430408" role=""/>
  <member type="way" ref="11910018" role=""/>
  <member type="way" ref="1387643690" role=""/>
  <member type="way" ref="59439984" role=""/>
  <member type="way" ref="232676128" role=""/>
  <member type="way" ref="333960119" role=""/>
  <member type="way" ref="156334674" role=""/>
  <member type="way" ref="41924221" role=""/>
  <member type="way" ref="1065476896" role=""/>
  <member type="way" ref="749341425" role=""/>
  <member type="way" ref="1310437602" role=""/>
  <member type="way" ref="749341426" role=""/>
  <member type="way" ref="1310437601" role=""/>
  <member type="way" ref="5002644" role=""/>
  <member type="way" ref="173705536" role=""/>
  <member type="way" ref="5002643" role=""/>
  <member type="way" ref="34401607" role=""/>
  <member type="way" ref="237740248" role=""/>
  <member type="way" ref="34401606" role=""/>
  <member type="way" ref="195540380" role=""/>
  <member type="way" ref="1414646000" role=""/>
  <member type="way" ref="183746173" role=""/>
  <member type="way" ref="45850310" role=""/>
  <member type="way" ref="184132827" role=""/>
  <member type="way" ref="11980488" role=""/>
  <member type="way" ref="34401609" role=""/>
  <member type="way" ref="1069976334" role=""/>
  <member type="way" ref="168255403" role=""/>
  <member type="way" ref="749336131" role=""/>
  <member type="way" ref="749336136" role=""/>
  <member type="way" ref="742204208" role=""/>
  <member type="way" ref="363355343" role=""/>
  <member type="way" ref="363355907" role=""/>
  <member type="way" ref="35918534" role=""/>
  <member type="way" ref="1084008060" role=""/>
  <member type="way" ref="195540381" role=""/>
  <member type="way" ref="1262508933" role=""/>
  <member type="way" ref="1262508932" role=""/>
  <member type="way" ref="64442707" role=""/>
  <member type="way" ref="64443667" role=""/>
  <member type="way" ref="35918711" role=""/>
  <member type="way" ref="1435214851" role=""/>
  <member type="way" ref="1069976336" role=""/>
  <member type="way" ref="1435214852" role=""/>
  <member type="way" ref="318183388" role=""/>
  <member type="way" ref="1247531173" role=""/>
  <member type="way" ref="71510545" role=""/>
  <member type="way" ref="1247531184" role=""/>
  <member type="way" ref="1247531183" role=""/>
  <member type="way" ref="1247531178" role=""/>
  <member type="way" ref="707526509" role=""/>
  <member type="way" ref="1247531170" role=""/>
  <member type="way" ref="707526507" role=""/>
  <member type="way" ref="307619437" role=""/>
  <member type="way" ref="1070252754" role=""/>
  <member type="way" ref="1070252755" role=""/>
  <member type="way" ref="1311178502" role=""/>
  <member type="way" ref="1070252751" role=""/>
  <member type="way" ref="1167763195" role=""/>
  <member type="way" ref="1070252752" role=""/>
  <member type="way" ref="450090623" role=""/>
  <member type="way" ref="22870533" role=""/>
  <member type="way" ref="22870536" role=""/>
  <member type="way" ref="205143130" role=""/>
  <member type="way" ref="1284533230" role=""/>
  <member type="way" ref="4190001" role=""/>
  <member type="way" ref="185492040" role=""/>
  <member type="way" ref="205143136" role=""/>
  <member type="way" ref="205143133" role=""/>
  <member type="way" ref="4365475" role=""/>
  <member type="way" ref="57010895" role=""/>
  <member type="way" ref="240191151" role=""/>
  <member type="way" ref="1421920849" role=""/>
  <member type="way" ref="22870494" role=""/>
  <member type="way" ref="240063226" role=""/>
  <member type="way" ref="4365356" role=""/>
  <member type="way" ref="1421997116" role=""/>
  <member type="way" ref="1421725170" role=""/>
  <member type="way" ref="159391530" role=""/>
  <member type="way" ref="82293286" role=""/>
  <member type="way" ref="640914777" role=""/>
  <tag k="from" v="Dover, Ferry"/>
  <tag k="name" v="Flixbus EL450 (part UK): Dover, Ferry =&gt; London, Victoria Coach Station"/>
  <tag k="name:en" v="Flixbus EL450 (part UK): Dover, Ferry =&gt; London, Victoria Coach Station"/>
  <tag k="network" v="Flixbus"/>
  <tag k="network:wikidata" v="Q15712258"/>
  <tag k="network:wikipedia" v="en:Flixbus"/>
  <tag k="operator" v="Eurolines/Isilinies"/>
  <tag k="public_transport:version" v="2"/>
  <tag k="ref" v="EL450"/>
  <tag k="route" v="bus"/>
  <tag k="segment" v="yes"/>
  <tag k="to" v="London, Victoria Coach Station"/>
  <tag k="type" v="route"/>
 </relation>
 <relation id="10748615" visible="true" version="143" changeset="189627108" timestamp="2026-09-27T12:14:43Z" user="rskedgell" uid="3951648">
  <member type="node" ref="6037626282" role="stop"/>
  <member type="node" ref="5371099277" role="platform"/>
  <member type="node" ref="502585760" role="platform"/>
  <member type="node" ref="1497353157" role="stop"/>
  <member type="node" ref="502538709" role="platform"/>
  <member type="node" ref="1143064826" role="stop"/>
  <member type="way" ref="640988687" role=""/>
  <member type="way" ref="745970271" role=""/>
  <member type="way" ref="129464529" role=""/>
  <member type="way" ref="238843541" role=""/>
  <member type="way" ref="1421722386" role=""/>
  <member type="way" ref="8399157" role=""/>
  <member type="way" ref="450287388" role=""/>
  <member type="way" ref="111496550" role=""/>
  <member type="way" ref="1562743730" role=""/>
  <member type="way" ref="1421572764" role=""/>
  <member type="way" ref="1421572763" role=""/>
  <member type="way" ref="1421572761" role=""/>
  <member type="way" ref="85257725" role=""/>
  <member type="way" ref="1421756712" role=""/>
  <member type="way" ref="42719331" role=""/>
  <member type="way" ref="1421756713" role=""/>
  <member type="way" ref="651722048" role=""/>
  <member type="way" ref="85257746" role=""/>
  <member type="way" ref="4003074" role=""/>
  <member type="way" ref="1069339261" role=""/>
  <member type="way" ref="1421997109" role=""/>
  <member type="way" ref="4237857" role=""/>
  <member type="way" ref="222523895" role=""/>
  <member type="way" ref="1069339262" role=""/>
  <member type="way" ref="1209554549" role=""/>
  <member type="way" ref="1069339263" role=""/>
  <member type="way" ref="615086300" role=""/>
  <member type="way" ref="79546370" role=""/>
  <member type="way" ref="491997324" role=""/>
  <member type="way" ref="206702994" role=""/>
  <member type="way" ref="245607865" role=""/>
  <member type="way" ref="209681425" role=""/>
  <member type="way" ref="2481226" role=""/>
  <member type="way" ref="211341742" role=""/>
  <member type="way" ref="39547934" role=""/>
  <member type="way" ref="201621351" role=""/>
  <member type="way" ref="34433562" role=""/>
  <member type="way" ref="3997148" role=""/>
  <member type="way" ref="460626743" role=""/>
  <member type="way" ref="22870538" role=""/>
  <member type="way" ref="1377439903" role=""/>
  <member type="way" ref="22870533" role=""/>
  <member type="way" ref="450090623" role=""/>
  <member type="way" ref="1070252752" role=""/>
  <member type="way" ref="1167763195" role=""/>
  <member type="way" ref="1070252751" role=""/>
  <member type="way" ref="1311178502" role=""/>
  <member type="way" ref="1070252755" role=""/>
  <member type="way" ref="1070252754" role=""/>
  <member type="way" ref="307619437" role=""/>
  <member type="way" ref="500713471" role=""/>
  <member type="way" ref="1247531170" role=""/>
  <member type="way" ref="707526509" role=""/>
  <member type="way" ref="1247531178" role=""/>
  <member type="way" ref="1247531183" role=""/>
  <member type="way" ref="1247531184" role=""/>
  <member type="way" ref="71510545" role=""/>
  <member type="way" ref="1247531173" role=""/>
  <member type="way" ref="35918619" role=""/>
  <member type="way" ref="509724526" role=""/>
  <member type="way" ref="688059220" role=""/>
  <member type="way" ref="3997149" role=""/>
  <member type="way" ref="1058729456" role=""/>
  <member type="way" ref="1058729457" role=""/>
  <member type="way" ref="19545046" role=""/>
  <member type="way" ref="333964750" role=""/>
  <member type="way" ref="1084008067" role=""/>
  <member type="way" ref="201618987" role=""/>
  <member type="way" ref="35918295" role=""/>
  <member type="way" ref="742204208" role=""/>
  <member type="way" ref="749336136" role=""/>
  <member type="way" ref="749336131" role=""/>
  <member type="way" ref="168255403" role=""/>
  <member type="way" ref="1069976334" role=""/>
  <member type="way" ref="3997151" role=""/>
  <member type="way" ref="34401604" role=""/>
  <member type="way" ref="237740107" role=""/>
  <member type="way" ref="333960118" role=""/>
  <member type="way" ref="34401603" role=""/>
  <member type="way" ref="333964751" role=""/>
  <member type="way" ref="204125039" role=""/>
  <member type="way" ref="173705540" role=""/>
  <member type="way" ref="11910054" role=""/>
  <member type="way" ref="333960120" role=""/>
  <member type="way" ref="1138154783" role=""/>
  <member type="way" ref="207653952" role=""/>
  <member type="way" ref="296236770" role=""/>
  <member type="way" ref="1387643678" role=""/>
  <member type="way" ref="296236766" role=""/>
  <member type="way" ref="1068255167" role=""/>
  <member type="way" ref="1130938986" role=""/>
  <member type="way" ref="12160723" role=""/>
  <member type="way" ref="1387643690" role=""/>
  <member type="way" ref="11910018" role=""/>
  <member type="way" ref="10430408" role=""/>
  <member type="way" ref="608418226" role=""/>
  <member type="way" ref="608418223" role=""/>
  <member type="way" ref="377654350" role=""/>
  <member type="way" ref="377654349" role=""/>
  <member type="way" ref="4258976" role=""/>
  <member type="way" ref="1021328794" role=""/>
  <member type="way" ref="377654348" role=""/>
  <member type="way" ref="970591110" role=""/>
  <member type="way" ref="1065476894" role=""/>
  <member type="way" ref="968550259" role=""/>
  <member type="way" ref="968550258" role=""/>
  <member type="way" ref="4357021" role=""/>
  <member type="way" ref="34528712" role=""/>
  <member type="way" ref="1117228784" role=""/>
  <member type="way" ref="682488194" role=""/>
  <member type="way" ref="905942129" role=""/>
  <member type="way" ref="905942130" role=""/>
  <member type="way" ref="905942131" role=""/>
  <member type="way" ref="905942132" role=""/>
  <member type="way" ref="905942400" role=""/>
  <member type="way" ref="974018054" role=""/>
  <member type="way" ref="905942403" role=""/>
  <member type="way" ref="905942401" role=""/>
  <member type="way" ref="557191660" role=""/>
  <member type="way" ref="1208348680" role=""/>
  <member type="way" ref="905944772" role=""/>
  <member type="way" ref="905944771" role=""/>
  <member type="way" ref="905944770" role=""/>
  <member type="way" ref="905990664" role=""/>
  <member type="way" ref="905990663" role=""/>
  <member type="way" ref="905990662" role=""/>
  <member type="way" ref="905990661" role=""/>
  <member type="way" ref="905990650" role=""/>
  <member type="way" ref="905990665" role=""/>
  <member type="way" ref="905990658" role=""/>
  <member type="way" ref="1065494636" role=""/>
  <member type="way" ref="1258979586" role=""/>
  <member type="way" ref="557191665" role=""/>
  <member type="way" ref="905990653" role=""/>
  <member type="way" ref="905944769" role=""/>
  <member type="way" ref="173129947" role=""/>
  <member type="way" ref="1117613589" role=""/>
  <member type="way" ref="395912709" role=""/>
  <member type="way" ref="1117613587" role=""/>
  <member type="way" ref="1117613588" role=""/>
  <member type="way" ref="1117614728" role=""/>
  <member type="way" ref="1117614727" role=""/>
  <member type="way" ref="1065494633" role=""/>
  <member type="way" ref="1065494632" role=""/>
  <member type="way" ref="49794613" role=""/>
  <member type="way" ref="1068255183" role=""/>
  <member type="way" ref="1065494631" role=""/>
  <member type="way" ref="257479127" role=""/>
  <member type="way" ref="1068255184" role=""/>
  <member type="way" ref="1065494630" role=""/>
  <member type="way" ref="173129948" role=""/>
  <member type="way" ref="1065494629" role=""/>
  <member type="way" ref="1000666988" role=""/>
  <member type="way" ref="8073000" role=""/>
  <member type="way" ref="1000666986" role=""/>
  <member type="way" ref="1262055135" role=""/>
  <member type="way" ref="8073001" role=""/>
  <member type="way" ref="1000666994" role=""/>
  <member type="way" ref="86678050" role=""/>
  <member type="way" ref="1065494621" role=""/>
  <member type="way" ref="176034191" role=""/>
  <member type="way" ref="655493607" role=""/>
  <member type="way" ref="1070695516" role=""/>
  <member type="way" ref="1068255185" role=""/>
  <member type="way" ref="10495002" role=""/>
  <member type="way" ref="307918847" role=""/>
  <member type="way" ref="257479128" role=""/>
  <member type="way" ref="1065494620" role=""/>
  <member type="way" ref="1068255186" role=""/>
  <member type="way" ref="4357144" role=""/>
  <member type="way" ref="84752305" role=""/>
  <member type="way" ref="1065494619" role=""/>
  <member type="way" ref="26784307" role=""/>
  <member type="way" ref="26784306" role=""/>
  <member type="way" ref="144970759" role=""/>
  <member type="way" ref="1068255187" role=""/>
  <member type="way" ref="1065494617" role=""/>
  <member type="way" ref="51979549" role=""/>
  <member type="way" ref="291888931" role=""/>
  <member type="way" ref="4357147" role=""/>
  <member type="way" ref="19798322" role=""/>
  <member type="way" ref="545367925" role=""/>
  <member type="way" ref="39258883" role=""/>
  <member type="way" ref="909833965" role=""/>
  <member type="way" ref="909833966" role=""/>
  <member type="way" ref="304228799" role=""/>
  <member type="way" ref="1152266267" role=""/>
  <member type="way" ref="51979126" role=""/>
  <member type="way" ref="241822649" role=""/>
  <member type="way" ref="260621252" role=""/>
  <member type="way" ref="183292124" role=""/>
  <member type="way" ref="51979119" role=""/>
  <member type="way" ref="52726153" role=""/>
  <member type="way" ref="51979130" role=""/>
  <member type="way" ref="1068255190" role=""/>
  <member type="way" ref="1068255191" role=""/>
  <member type="way" ref="298071606" role=""/>
  <member type="way" ref="1068255192" role=""/>
  <member type="way" ref="1068255194" role=""/>
  <member type="way" ref="681920922" role=""/>
  <member type="way" ref="288244782" role=""/>
  <member type="way" ref="288244784" role=""/>
  <member type="way" ref="715900692" role=""/>
  <member type="way" ref="51979127" role=""/>
  <member type="way" ref="746823462" role=""/>
  <member type="way" ref="746823460" role=""/>
  <member type="way" ref="38697231" role=""/>
  <member type="way" ref="1068255195" role=""/>
  <member type="way" ref="940235768" role=""/>
  <member type="way" ref="370881801" role=""/>
  <member type="way" ref="940235766" role=""/>
  <member type="way" ref="713727041" role=""/>
  <member type="way" ref="940235764" role=""/>
  <member type="way" ref="4357157" role=""/>
  <member type="way" ref="1069331419" role=""/>
  <member type="way" ref="1069331420" role=""/>
  <member type="way" ref="608424200" role=""/>
  <member type="way" ref="16637627" role=""/>
  <member type="way" ref="687803197" role=""/>
  <member type="way" ref="1069542822" role=""/>
  <member type="way" ref="1243927523" role=""/>
  <member type="way" ref="1065388506" role=""/>
  <member type="way" ref="343391000" role=""/>
  <member type="way" ref="39094033" role=""/>
  <member type="way" ref="1065388507" role=""/>
  <member type="way" ref="149118491" role=""/>
  <member type="way" ref="238979558" role=""/>
  <member type="way" ref="608434927" role=""/>
  <member type="way" ref="1217407175" role=""/>
  <member type="way" ref="608434931" role=""/>
  <member type="way" ref="612506877" role=""/>
  <member type="way" ref="217793511" role=""/>
  <member type="way" ref="1233692171" role=""/>
  <member type="way" ref="335104177" role=""/>
  <member type="way" ref="589736582" role=""/>
  <member type="way" ref="291888930" role=""/>
  <member type="way" ref="183279091" role=""/>
  <member type="way" ref="107890479" role=""/>
  <member type="way" ref="1233692170" role=""/>
  <member type="way" ref="627380449" role=""/>
  <member type="way" ref="385751422" role=""/>
  <member type="way" ref="38697229" role=""/>
  <member type="way" ref="616643099" role=""/>
  <member type="way" ref="616643098" role=""/>
  <member type="way" ref="1069331426" role=""/>
  <member type="way" ref="180863622" role=""/>
  <member type="way" ref="909173656" role=""/>
  <member type="way" ref="40704166" role=""/>
  <member type="way" ref="1069331427" role=""/>
  <member type="way" ref="729345117" role=""/>
  <member type="way" ref="1153260492" role=""/>
  <member type="way" ref="590195264" role=""/>
  <member type="way" ref="5026517" role=""/>
  <member type="way" ref="217183032" role=""/>
  <member type="way" ref="1069331429" role=""/>
  <member type="way" ref="1153262024" role=""/>
  <member type="way" ref="5026495" role=""/>
  <member type="way" ref="1069331430" role=""/>
  <member type="way" ref="609782500" role=""/>
  <member type="way" ref="609788053" role=""/>
  <member type="way" ref="609788054" role=""/>
  <member type="way" ref="1069542825" role=""/>
  <member type="way" ref="683844337" role=""/>
  <member type="way" ref="1069542824" role=""/>
  <member type="way" ref="991879711" role=""/>
  <member type="way" ref="37308932" role=""/>
  <member type="way" ref="991879712" role=""/>
  <member type="way" ref="651852807" role=""/>
  <member type="way" ref="609788055" role=""/>
  <member type="way" ref="1067042689" role=""/>
  <member type="way" ref="1067042690" role=""/>
  <member type="way" ref="651852808" role=""/>
  <member type="way" ref="1067042688" role=""/>
  <member type="way" ref="1067042687" role=""/>
  <member type="way" ref="1067042686" role=""/>
  <member type="way" ref="1067042685" role=""/>
  <member type="way" ref="1067042684" role=""/>
  <member type="way" ref="1067042683" role=""/>
  <member type="way" ref="1067042682" role=""/>
  <member type="way" ref="1069315451" role=""/>
  <member type="way" ref="24634915" role=""/>
  <member type="way" ref="54268784" role=""/>
  <member type="way" ref="1067042681" role=""/>
  <member type="way" ref="1067042680" role=""/>
  <member type="way" ref="1067042675" role=""/>
  <member type="way" ref="1067042677" role=""/>
  <member type="way" ref="1067042678" role=""/>
  <member type="way" ref="772735496" role=""/>
  <member type="way" ref="1067042679" role=""/>
  <member type="way" ref="524822955" role=""/>
  <member type="way" ref="54277924" role=""/>
  <member type="way" ref="1051029921" role=""/>
  <member type="way" ref="1051029922" role=""/>
  <member type="way" ref="630017159" role=""/>
  <member type="way" ref="1064857037" role=""/>
  <member type="way" ref="1064857043" role=""/>
  <member type="way" ref="630017170" role=""/>
  <member type="way" ref="133062211" role=""/>
  <member type="way" ref="1064882731" role=""/>
  <member type="way" ref="612029058" role=""/>
  <member type="way" ref="40926085" role=""/>
  <member type="way" ref="276815337" role=""/>
  <member type="way" ref="496376344" role=""/>
  <member type="way" ref="1136838983" role=""/>
  <member type="way" ref="449074845" role=""/>
  <member type="way" ref="1136834245" role=""/>
  <member type="way" ref="465919365" role=""/>
  <member type="way" ref="503215171" role=""/>
  <member type="way" ref="505830493" role=""/>
  <member type="way" ref="612035853" role=""/>
  <member type="way" ref="612035852" role=""/>
  <member type="way" ref="612035849" role=""/>
  <member type="way" ref="665132469" role=""/>
  <member type="way" ref="695506747" role=""/>
  <member type="way" ref="132091784" role=""/>
  <member type="way" ref="665132474" role=""/>
  <member type="way" ref="132091786" role=""/>
  <member type="way" ref="770373520" role=""/>
  <member type="way" ref="665184637" role=""/>
  <member type="way" ref="207811279" role=""/>
  <member type="way" ref="1069315454" role=""/>
  <member type="way" ref="40379814" role=""/>
  <member type="way" ref="24638128" role=""/>
  <member type="way" ref="1244692980" role=""/>
  <member type="way" ref="133061997" role=""/>
  <member type="way" ref="1244692979" role=""/>
  <member type="way" ref="1069315455" role=""/>
  <member type="way" ref="837135294" role=""/>
  <member type="way" ref="628867535" role=""/>
  <member type="way" ref="628867536" role=""/>
  <member type="way" ref="41540136" role=""/>
  <member type="way" ref="628881202" role=""/>
  <member type="way" ref="245894513" role=""/>
  <member type="way" ref="245894512" role=""/>
  <member type="way" ref="585818893" role=""/>
  <member type="way" ref="760847729" role=""/>
  <member type="way" ref="760847724" role=""/>
  <member type="way" ref="760847728" role=""/>
  <member type="way" ref="1072693166" role=""/>
  <member type="way" ref="1072693167" role=""/>
  <member type="way" ref="760847723" role=""/>
  <member type="way" ref="38159756" role=""/>
  <member type="way" ref="38159757" role=""/>
  <member type="way" ref="1014966348" role=""/>
  <member type="way" ref="760847726" role=""/>
  <member type="way" ref="1214372611" role=""/>
  <member type="way" ref="1014966345" role=""/>
  <member type="way" ref="4288512" role=""/>
  <member type="way" ref="1112351443" role=""/>
  <member type="way" ref="1112351444" role=""/>
  <member type="way" ref="1072693168" role=""/>
  <member type="way" ref="551182421" role=""/>
  <member type="way" ref="551182419" role=""/>
  <member type="way" ref="1112337296" role=""/>
  <member type="way" ref="1286571183" role=""/>
  <member type="way" ref="1286571194" role=""/>
  <member type="way" ref="1286573597" role=""/>
  <member type="way" ref="1286571182" role=""/>
  <member type="way" ref="1069912779" role=""/>
  <member type="way" ref="38156890" role=""/>
  <member type="way" ref="656578400" role=""/>
  <member type="way" ref="589726851" role=""/>
  <member type="way" ref="1069912780" role=""/>
  <member type="way" ref="7996741" role=""/>
  <member type="way" ref="4288515" role=""/>
  <member type="way" ref="228965649" role=""/>
  <member type="way" ref="156296323" role=""/>
  <member type="way" ref="1112097955" role=""/>
  <member type="way" ref="1112097956" role=""/>
  <member type="way" ref="1112097957" role=""/>
  <member type="way" ref="238645693" role=""/>
  <member type="way" ref="550973520" role=""/>
  <member type="way" ref="550973522" role=""/>
  <member type="way" ref="238645610" role=""/>
  <member type="way" ref="4004574" role=""/>
  <member type="way" ref="238221221" role=""/>
  <member type="way" ref="4316126" role=""/>
  <member type="way" ref="22970524" role=""/>
  <member type="way" ref="4352343" role=""/>
  <member type="way" ref="888398815" role=""/>
  <member type="way" ref="40158583" role=""/>
  <member type="way" ref="132789541" role=""/>
  <member type="way" ref="4352344" role=""/>
  <member type="way" ref="1881134" role=""/>
  <member type="way" ref="1114742845" role=""/>
  <member type="way" ref="132789509" role=""/>
  <member type="way" ref="1114742844" role=""/>
  <member type="way" ref="1114742843" role=""/>
  <member type="way" ref="132789414" role=""/>
  <member type="way" ref="132789382" role=""/>
  <member type="way" ref="132789383" role=""/>
  <member type="way" ref="110682226" role=""/>
  <member type="way" ref="110682223" role=""/>
  <member type="way" ref="40351605" role=""/>
  <member type="way" ref="40351614" role=""/>
  <member type="way" ref="111705738" role=""/>
  <member type="way" ref="5103867" role=""/>
  <member type="way" ref="43332483" role=""/>
  <member type="way" ref="23440889" role=""/>
  <member type="way" ref="29062385" role=""/>
  <member type="way" ref="29062384" role=""/>
  <member type="way" ref="824380488" role=""/>
  <member type="way" ref="43332503" role=""/>
  <member type="way" ref="1126465952" role=""/>
  <member type="way" ref="1126465953" role=""/>
  <member type="way" ref="1126465956" role=""/>
  <member type="way" ref="1126465957" role=""/>
  <member type="way" ref="1126465960" role=""/>
  <member type="way" ref="1126465961" role=""/>
  <member type="way" ref="1126465970" role=""/>
  <member type="way" ref="1126465971" role=""/>
  <member type="way" ref="3992821" role=""/>
  <member type="way" ref="204196998" role=""/>
  <member type="way" ref="44608808" role=""/>
  <member type="way" ref="23440866" role=""/>
  <member type="way" ref="131643823" role=""/>
  <member type="way" ref="23440541" role=""/>
  <member type="way" ref="1340183127" role=""/>
  <member type="way" ref="1340183128" role=""/>
  <member type="way" ref="1334307279" role=""/>
  <member type="way" ref="1337343712" role=""/>
  <member type="way" ref="1337343713" role=""/>
  <member type="way" ref="3992839" role=""/>
  <member type="way" ref="1340183120" role=""/>
  <member type="way" ref="1340183119" role=""/>
  <member type="way" ref="111705729" role=""/>
  <member type="way" ref="228684656" role=""/>
  <member type="way" ref="103528709" role=""/>
  <member type="way" ref="103528705" role=""/>
  <member type="way" ref="1340183112" role=""/>
  <member type="way" ref="1340183111" role=""/>
  <member type="way" ref="3992843" role=""/>
  <member type="way" ref="23994804" role=""/>
  <member type="way" ref="23994802" role=""/>
  <member type="way" ref="23467010" role=""/>
  <member type="way" ref="1534277698" role=""/>
  <member type="way" ref="1534277699" role=""/>
  <member type="way" ref="480070373" role=""/>
  <member type="way" ref="974610522" role=""/>
  <member type="way" ref="1423520060" role=""/>
  <member type="way" ref="28047271" role=""/>
  <member type="way" ref="78449607" role=""/>
  <member type="way" ref="23040015" role=""/>
  <member type="way" ref="23040003" role=""/>
  <member type="way" ref="131644097" role=""/>
  <member type="way" ref="4868833" role=""/>
  <member type="way" ref="5186215" role=""/>
  <member type="way" ref="160828930" role=""/>
  <member type="way" ref="4868846" role=""/>
  <member type="way" ref="178234604" role=""/>
  <member type="way" ref="85335984" role=""/>
  <member type="way" ref="85335986" role=""/>
  <member type="way" ref="3992806" role=""/>
  <member type="way" ref="178232036" role=""/>
  <member type="way" ref="108782917" role=""/>
  <member type="way" ref="108782918" role=""/>
  <member type="way" ref="108782919" role=""/>
  <member type="way" ref="108782922" role=""/>
  <member type="way" ref="171762580" role=""/>
  <member type="way" ref="1493513176" role=""/>
  <member type="way" ref="23689376" role=""/>
  <member type="way" ref="108779867" role=""/>
  <member type="way" ref="776064190" role=""/>
  <member type="way" ref="108779859" role=""/>
  <member type="way" ref="108779874" role=""/>
  <member type="way" ref="1162405879" role=""/>
  <member type="way" ref="4902980" role=""/>
  <member type="way" ref="138637870" role=""/>
  <member type="way" ref="1489413404" role=""/>
  <member type="way" ref="1489413402" role=""/>
  <member type="way" ref="217297048" role=""/>
  <member type="way" ref="30144580" role=""/>
  <member type="way" ref="30137563" role=""/>
  <member type="way" ref="217297047" role=""/>
  <member type="way" ref="30137573" role=""/>
  <member type="way" ref="1162405875" role=""/>
  <member type="way" ref="776064191" role=""/>
  <member type="way" ref="51876551" role=""/>
  <member type="way" ref="1489413402" role=""/>
  <member type="way" ref="1489413403" role=""/>
  <member type="way" ref="138637870" role=""/>
  <member type="way" ref="4902979" role=""/>
  <member type="way" ref="4373746" role=""/>
  <member type="way" ref="1162405877" role=""/>
  <member type="way" ref="1162670552" role=""/>
  <member type="way" ref="1162670553" role=""/>
  <member type="way" ref="4373745" role=""/>
  <member type="way" ref="108779871" role=""/>
  <member type="way" ref="776064192" role=""/>
  <member type="way" ref="108779863" role=""/>
  <member type="way" ref="1235313031" role=""/>
  <member type="way" ref="776064193" role=""/>
  <member type="way" ref="1493513177" role=""/>
  <member type="way" ref="485628689" role=""/>
  <member type="way" ref="485628688" role=""/>
  <member type="way" ref="1033093964" role=""/>
  <member type="way" ref="178231248" role=""/>
  <member type="way" ref="35269580" role=""/>
  <member type="way" ref="35269581" role=""/>
  <member type="way" ref="1493513077" role=""/>
  <member type="way" ref="1493513076" role=""/>
  <member type="way" ref="4868870" role=""/>
  <member type="way" ref="3992815" role=""/>
  <member type="way" ref="65367767" role=""/>
  <member type="way" ref="65367634" role=""/>
  <member type="way" ref="5185198" role=""/>
  <member type="way" ref="5185197" role=""/>
  <member type="way" ref="49899136" role=""/>
  <member type="way" ref="3992817" role=""/>
  <member type="way" ref="78391156" role=""/>
  <member type="way" ref="78391161" role=""/>
  <member type="way" ref="25594380" role=""/>
  <member type="way" ref="25594381" role=""/>
  <member type="way" ref="43523481" role=""/>
  <member type="way" ref="25594351" role=""/>
  <member type="way" ref="362661110" role=""/>
  <member type="way" ref="362661112" role=""/>
  <member type="way" ref="362661109" role=""/>
  <member type="way" ref="362661118" role=""/>
  <member type="way" ref="178227717" role=""/>
  <member type="way" ref="25594281" role=""/>
  <member type="way" ref="25594280" role=""/>
  <member type="way" ref="509639394" role=""/>
  <member type="way" ref="509639393" role=""/>
  <member type="way" ref="3992819" role=""/>
  <member type="way" ref="178225584" role=""/>
  <member type="way" ref="972629290" role=""/>
  <member type="way" ref="698690741" role=""/>
  <member type="way" ref="698690740" role=""/>
  <member type="way" ref="178134402" role=""/>
  <member type="way" ref="698690738" role=""/>
  <member type="way" ref="23490114" role=""/>
  <member type="way" ref="698690736" role=""/>
  <member type="way" ref="4296560" role=""/>
  <member type="way" ref="698690735" role=""/>
  <member type="way" ref="122633583" role=""/>
  <member type="way" ref="146504695" role=""/>
  <member type="way" ref="318249211" role=""/>
  <member type="way" ref="318249213" role=""/>
  <member type="way" ref="108296795" role=""/>
  <member type="way" ref="108296799" role=""/>
  <member type="way" ref="26922614" role=""/>
  <member type="way" ref="26922616" role=""/>
  <member type="way" ref="911326058" role=""/>
  <member type="way" ref="911326057" role=""/>
  <member type="way" ref="911326059" role=""/>
  <member type="way" ref="122633586" role=""/>
  <member type="way" ref="911326060" role=""/>
  <member type="way" ref="23417116" role=""/>
  <member type="way" ref="70674579" role=""/>
  <member type="way" ref="122633613" role=""/>
  <member type="way" ref="1078564947" role=""/>
  <member type="way" ref="4296562" role=""/>
  <member type="way" ref="141104694" role=""/>
  <member type="way" ref="141113065" role=""/>
  <member type="way" ref="222438138" role=""/>
  <member type="way" ref="184211780" role=""/>
  <member type="way" ref="184211777" role=""/>
  <member type="way" ref="141104696" role=""/>
  <member type="way" ref="1235012992" role=""/>
  <member type="way" ref="4483736" role=""/>
  <member type="way" ref="95424718" role=""/>
  <member type="way" ref="202553697" role=""/>
  <member type="way" ref="222438067" role=""/>
  <member type="way" ref="202553699" role=""/>
  <member type="way" ref="1162412292" role=""/>
  <member type="way" ref="1162412298" role=""/>
  <member type="way" ref="1162412297" role=""/>
  <member type="way" ref="4575855" role=""/>
  <member type="way" ref="23241622" role=""/>
  <member type="way" ref="23241623" role=""/>
  <member type="way" ref="23241914" role=""/>
  <member type="way" ref="23241915" role=""/>
  <member type="way" ref="95927564" role=""/>
  <member type="way" ref="95927568" role=""/>
  <member type="way" ref="27941894" role=""/>
  <member type="way" ref="1162412291" role=""/>
  <member type="way" ref="1162412290" role=""/>
  <member type="way" ref="222616094" role=""/>
  <member type="way" ref="141039426" role=""/>
  <member type="way" ref="27941893" role=""/>
  <member type="way" ref="4418341" role=""/>
  <member type="way" ref="4354120" role=""/>
  <member type="way" ref="26322686" role=""/>
  <member type="way" ref="27941891" role=""/>
  <member type="way" ref="4354121" role=""/>
  <member type="way" ref="4354118" role=""/>
  <member type="way" ref="4684636" role=""/>
  <member type="way" ref="28015815" role=""/>
  <member type="way" ref="635745277" role=""/>
  <member type="way" ref="1099488549" role=""/>
  <member type="way" ref="4476018" role=""/>
  <member type="way" ref="141113077" role=""/>
  <member type="way" ref="4476019" role=""/>
  <member type="way" ref="141113075" role=""/>
  <member type="way" ref="1111791847" role=""/>
  <member type="way" ref="1099488538" role=""/>
  <member type="way" ref="1111801883" role=""/>
  <member type="way" ref="141113076" role=""/>
  <member type="way" ref="31725977" role=""/>
  <member type="way" ref="1099488540" role=""/>
  <member type="way" ref="1099488539" role=""/>
  <member type="way" ref="1175996326" role=""/>
  <member type="way" ref="4476027" role=""/>
  <member type="way" ref="1177970940" role=""/>
  <member type="way" ref="9644095" role=""/>
  <member type="way" ref="1263633741" role=""/>
  <member type="way" ref="130453477" role=""/>
  <member type="way" ref="631626600" role=""/>
  <member type="way" ref="130453478" role=""/>
  <member type="way" ref="631626599" role=""/>
  <member type="way" ref="26588280" role=""/>
  <member type="way" ref="1178064231" role=""/>
  <member type="way" ref="317479600" role=""/>
  <member type="way" ref="146862196" role=""/>
  <member type="way" ref="146862198" role=""/>
  <member type="way" ref="317479604" role=""/>
  <member type="way" ref="28798080" role=""/>
  <member type="way" ref="184458046" role=""/>
  <member type="way" ref="4554347" role=""/>
  <member type="way" ref="1178714931" role=""/>
  <member type="way" ref="4554348" role=""/>
  <member type="way" ref="61048874" role=""/>
  <member type="way" ref="61048873" role=""/>
  <member type="way" ref="148556250" role=""/>
  <member type="way" ref="23436409" role=""/>
  <member type="way" ref="23436410" role=""/>
  <member type="way" ref="23417091" role=""/>
  <member type="way" ref="4433600" role=""/>
  <member type="way" ref="23417260" role=""/>
  <member type="way" ref="23330215" role=""/>
  <member type="way" ref="23330214" role=""/>
  <member type="way" ref="23417371" role=""/>
  <member type="way" ref="184109654" role=""/>
  <member type="way" ref="1191909028" role=""/>
  <member type="way" ref="471546004" role=""/>
  <member type="way" ref="244302175" role=""/>
  <member type="way" ref="66339759" role=""/>
  <member type="way" ref="148451461" role=""/>
  <member type="way" ref="471546011" role=""/>
  <member type="way" ref="471546010" role=""/>
  <member type="way" ref="471546009" role=""/>
  <member type="way" ref="148451459" role=""/>
  <member type="way" ref="67394557" role=""/>
  <member type="way" ref="67394533" role=""/>
  <member type="way" ref="30815177" role=""/>
  <member type="way" ref="933776" role=""/>
  <member type="way" ref="1281774138" role=""/>
  <member type="way" ref="375890724" role=""/>
  <member type="way" ref="1233548612" role=""/>
  <member type="way" ref="1215562838" role=""/>
  <member type="way" ref="1233548611" role=""/>
  <member type="way" ref="25016925" role=""/>
  <member type="way" ref="37736751" role=""/>
  <member type="way" ref="37736506" role=""/>
  <member type="way" ref="148449320" role=""/>
  <member type="way" ref="148449321" role=""/>
  <member type="way" ref="73018525" role=""/>
  <member type="way" ref="73018548" role=""/>
  <member type="way" ref="1274808679" role=""/>
  <member type="way" ref="1274661035" role=""/>
  <member type="way" ref="1274808678" role=""/>
  <member type="way" ref="4471964" role=""/>
  <member type="way" ref="695828478" role=""/>
  <member type="way" ref="171620365" role=""/>
  <member type="way" ref="171620359" role=""/>
  <member type="way" ref="891444521" role=""/>
  <member type="way" ref="891444520" role=""/>
  <member type="way" ref="695828476" role=""/>
  <member type="way" ref="891444518" role=""/>
  <member type="way" ref="891444519" role=""/>
  <member type="way" ref="435696122" role=""/>
  <member type="way" ref="695828475" role=""/>
  <member type="way" ref="694557113" role=""/>
  <member type="way" ref="933771" role=""/>
  <member type="way" ref="148440640" role=""/>
  <member type="way" ref="1082202296" role=""/>
  <member type="way" ref="1082202295" role=""/>
  <member type="way" ref="911282871" role=""/>
  <member type="way" ref="922529558" role=""/>
  <member type="way" ref="105251336" role=""/>
  <member type="way" ref="922529610" role=""/>
  <member type="way" ref="923072823" role=""/>
  <member type="way" ref="129550340" role=""/>
  <member type="way" ref="922529541" role=""/>
  <member type="way" ref="922529609" role=""/>
  <member type="way" ref="167802605" role=""/>
  <member type="way" ref="167802601" role=""/>
  <member type="way" ref="145697749" role=""/>
  <member type="way" ref="776217952" role=""/>
  <member type="way" ref="183108559" role=""/>
  <member type="way" ref="914030972" role=""/>
  <member type="way" ref="125402085" role=""/>
  <member type="way" ref="776217949" role=""/>
  <member type="way" ref="98819737" role=""/>
  <member type="way" ref="33140314" role=""/>
  <member type="way" ref="98743002" role=""/>
  <member type="way" ref="98743007" role=""/>
  <member type="way" ref="98742997" role=""/>
  <member type="way" ref="99863819" role=""/>
  <member type="way" ref="183108560" role=""/>
  <member type="way" ref="167802597" role=""/>
  <member type="way" ref="231443401" role=""/>
  <member type="way" ref="145704720" role=""/>
  <member type="way" ref="776064196" role=""/>
  <member type="way" ref="168192322" role=""/>
  <member type="way" ref="125402089" role=""/>
  <member type="way" ref="63974676" role=""/>
  <member type="way" ref="776064198" role=""/>
  <member type="way" ref="98821388" role=""/>
  <tag k="from" v="London, Victoria Coach Station"/>
  <tag k="name" v="Flixbus EL450 (part UK): London, Victoria Coach Station =&gt; Dover, Ferry"/>
  <tag k="name:en" v="Flixbus EL450 (part UK): London, Victoria Coach Station =&gt; Dover, Ferry"/>
  <tag k="network" v="Flixbus"/>
  <tag k="network:wikidata" v="Q15712258"/>
  <tag k="network:wikipedia" v="en:Flixbus"/>
  <tag k="operator" v="Eurolines/Isilinies"/>
  <tag k="public_transport:version" v="2"/>
  <tag k="ref" v="EL450"/>
  <tag k="route" v="bus"/>
  <tag k="segment" v="yes"/>
  <tag k="to" v="Dover, Ferry"/>
  <tag k="type" v="route"/>
 </relation>
 <relation id="10748617" visible="true" version="1" changeset="81422056" timestamp="2020-02-24T20:16:14Z" user="marcoSt" uid="1281932">
  <member type="relation" ref="10748614" role=""/>
  <member type="relation" ref="1774174" role=""/>
  <member type="relation" ref="10748613" role=""/>
  <tag k="from" v="Paris, Gallieni"/>
  <tag k="name" v="Flixbus EL450: Paris, Gallieni =&gt; London, Victoria Coach Station"/>
  <tag k="name:en" v="Flixbus EL450: Paris, Gallieni =&gt; London, Victoria Coach Station"/>
  <tag k="network" v="Flixbus"/>
  <tag k="operator" v="Eurolines/Isilinies"/>
  <tag k="public_transport:version" v="2"/>
  <tag k="ref" v="EL450"/>
  <tag k="superroute" v="bus"/>
  <tag k="to" v="London, Victoria Coach Station"/>
  <tag k="type" v="superroute"/>
 </relation>
 <relation id="10748619" visible="true" version="1" changeset="81422056" timestamp="2020-02-24T20:16:14Z" user="marcoSt" uid="1281932">
  <member type="relation" ref="10748615" role=""/>
  <member type="relation" ref="1774174" role=""/>
  <member type="relation" ref="10748616" role=""/>
  <tag k="from" v="London, Victoria Coach Station"/>
  <tag k="name" v="Flixbus EL450: London, Victoria Coach Station =&gt; Paris, Gallieni"/>
  <tag k="name:en" v="Flixbus EL450: London, Victoria Coach Station =&gt; Paris, Gallieni"/>
  <tag k="network" v="Flixbus"/>
  <tag k="operator" v="Eurolines/Isilinies"/>
  <tag k="public_transport:version" v="2"/>
  <tag k="ref" v="EL450"/>
  <tag k="superroute" v="bus"/>
  <tag k="to" v="Paris, Gallieni"/>
  <tag k="type" v="superroute"/>
 </relation>
 <relation id="10748620" visible="true" version="2" changeset="109978696" timestamp="2021-08-20T10:17:10Z" user="ChaCha20Poly1305" uid="244319">
  <member type="relation" ref="10748609" role=""/>
  <member type="relation" ref="10748610" role=""/>
  <member type="relation" ref="10748611" role=""/>
  <member type="relation" ref="10748612" role=""/>
  <member type="relation" ref="10748613" role=""/>
  <member type="relation" ref="10748614" role=""/>
  <member type="relation" ref="10748615" role=""/>
  <member type="relation" ref="10748616" role=""/>
  <tag k="name" v="Flixbus EL450: London &lt;=&gt; Paris"/>
  <tag k="network" v="Flixbus"/>
  <tag k="network:wikidata" v="Q15712258"/>
  <tag k="network:wikipedia" v="en:Flixbus"/>
  <tag k="operator" v="Eurolines/Isilinies"/>
  <tag k="public_transport:version" v="2"/>
  <tag k="ref" v="EL450"/>
  <tag k="route_master" v="bus"/>
  <tag k="type" v="route_master"/>
 </relation>
 <relation id="13047412" visible="true" version="204" changeset="186926872" timestamp="2026-08-04T14:00:16Z" user="Adam Edwards" uid="953779">
  <member type="way" ref="1082202295" role=""/>
  <member type="way" ref="1082202296" role=""/>
  <member type="way" ref="148440640" role=""/>
  <member type="way" ref="1082202297" role=""/>
  <member type="way" ref="4481049" role=""/>
  <member type="way" ref="933771" role=""/>
  <member type="way" ref="694557113" role=""/>
  <member type="way" ref="695828475" role=""/>
  <member type="way" ref="435696123" role=""/>
  <member type="way" ref="171620358" role=""/>
  <member type="way" ref="695828476" role=""/>
  <member type="way" ref="891444518" role=""/>
  <member type="way" ref="891444519" role=""/>
  <member type="way" ref="435696122" role=""/>
  <member type="way" ref="891444520" role=""/>
  <member type="way" ref="891444521" role=""/>
  <member type="way" ref="171620359" role=""/>
  <member type="way" ref="171620365" role=""/>
  <member type="way" ref="695828478" role=""/>
  <member type="way" ref="695828477" role=""/>
  <member type="way" ref="4471964" role=""/>
  <member type="way" ref="1274808680" role=""/>
  <member type="way" ref="148449314" role=""/>
  <member type="way" ref="1274808679" role=""/>
  <member type="way" ref="1274661035" role=""/>
  <member type="way" ref="1274808678" role=""/>
  <member type="way" ref="1274661034" role=""/>
  <member type="way" ref="1274808677" role=""/>
  <member type="way" ref="1274661036" role=""/>
  <member type="way" ref="73018546" role=""/>
  <member type="way" ref="73018548" role=""/>
  <member type="way" ref="73018525" role=""/>
  <member type="way" ref="148449318" role=""/>
  <member type="way" ref="25016926" role=""/>
  <member type="way" ref="148449321" role=""/>
  <member type="way" ref="148449320" role=""/>
  <member type="way" ref="37736506" role=""/>
  <member type="way" ref="37736751" role=""/>
  <member type="way" ref="25016925" role=""/>
  <member type="way" ref="1215562837" role=""/>
  <member type="way" ref="933774" role=""/>
  <member type="way" ref="1233548609" role=""/>
  <member type="way" ref="1233548612" role=""/>
  <member type="way" ref="1233548610" role=""/>
  <member type="way" ref="1215513393" role=""/>
  <member type="way" ref="37736753" role=""/>
  <member type="way" ref="37736481" role=""/>
  <member type="way" ref="148449316" role=""/>
  <member type="way" ref="1215562838" role=""/>
  <member type="way" ref="1233548611" role=""/>
  <member type="way" ref="375890724" role=""/>
  <member type="way" ref="1281774138" role=""/>
  <member type="way" ref="933776" role=""/>
  <member type="way" ref="180220282" role=""/>
  <member type="way" ref="1185397426" role=""/>
  <member type="way" ref="1185397425" role=""/>
  <member type="way" ref="30815177" role=""/>
  <member type="way" ref="67394533" role=""/>
  <member type="way" ref="67394557" role=""/>
  <member type="way" ref="471546014" role=""/>
  <member type="way" ref="148451459" role=""/>
  <member type="way" ref="471546013" role=""/>
  <member type="way" ref="471546009" role=""/>
  <member type="way" ref="471546012" role=""/>
  <member type="way" ref="471546010" role=""/>
  <member type="way" ref="23469514" role=""/>
  <member type="way" ref="471546011" role=""/>
  <member type="way" ref="148451461" role=""/>
  <member type="way" ref="871730660" role=""/>
  <member type="way" ref="244302181" role=""/>
  <member type="way" ref="1191909031" role=""/>
  <member type="way" ref="1191909030" role=""/>
  <member type="way" ref="471546004" role=""/>
  <member type="way" ref="244302175" role=""/>
  <member type="way" ref="23417371" role=""/>
  <member type="way" ref="184109654" role=""/>
  <member type="way" ref="1191909028" role=""/>
  <member type="way" ref="764445067" role=""/>
  <member type="way" ref="184109653" role=""/>
  <member type="way" ref="66339759" role=""/>
  <member type="way" ref="23417410" role=""/>
  <member type="way" ref="471546008" role=""/>
  <member type="way" ref="471546005" role=""/>
  <member type="way" ref="66339766" role=""/>
  <member type="way" ref="23330214" role=""/>
  <member type="way" ref="1178597959" role=""/>
  <member type="way" ref="530029354" role=""/>
  <member type="way" ref="23330212" role=""/>
  <member type="way" ref="23330215" role=""/>
  <member type="way" ref="23417260" role=""/>
  <member type="way" ref="23330213" role=""/>
  <member type="way" ref="4433600" role=""/>
  <member type="way" ref="4433602" role=""/>
  <member type="way" ref="23417091" role=""/>
  <member type="way" ref="934408" role=""/>
  <member type="way" ref="23417092" role=""/>
  <member type="way" ref="23436410" role=""/>
  <member type="way" ref="148556250" role=""/>
  <member type="way" ref="23436408" role=""/>
  <member type="way" ref="61048870" role=""/>
  <member type="way" ref="61048874" role=""/>
  <member type="way" ref="61048873" role=""/>
  <member type="way" ref="148556253" role=""/>
  <member type="way" ref="61048868" role=""/>
  <member type="way" ref="1268360983" role=""/>
  <member type="way" ref="4606988" role=""/>
  <member type="way" ref="4606987" role=""/>
  <member type="way" ref="28797771" role=""/>
  <member type="way" ref="776064181" role=""/>
  <member type="way" ref="23416766" role=""/>
  <member type="way" ref="146504685" role=""/>
  <member type="way" ref="4606989" role=""/>
  <member type="way" ref="1079617539" role=""/>
  <member type="way" ref="1079617541" role=""/>
  <member type="way" ref="23416769" role=""/>
  <member type="way" ref="23416768" role=""/>
  <member type="way" ref="23416792" role=""/>
  <member type="way" ref="28797770" role=""/>
  <member type="way" ref="146504683" role=""/>
  <member type="way" ref="1079617540" role=""/>
  <member type="way" ref="23416767" role=""/>
  <member type="way" ref="934409" role=""/>
  <member type="way" ref="1268360984" role=""/>
  <member type="way" ref="4606990" role=""/>
  <member type="way" ref="28797769" role=""/>
  <member type="way" ref="184107828" role=""/>
  <member type="way" ref="28797768" role=""/>
  <member type="way" ref="23416791" role=""/>
  <member type="way" ref="23416789" role=""/>
  <member type="way" ref="23416790" role=""/>
  <member type="way" ref="4421469" role=""/>
  <member type="way" ref="4421470" role=""/>
  <member type="way" ref="4428312" role=""/>
  <member type="way" ref="4428313" role=""/>
  <member type="way" ref="4296559" role=""/>
  <member type="way" ref="184107827" role=""/>
  <member type="way" ref="122633591" role=""/>
  <member type="way" ref="122633610" role=""/>
  <member type="way" ref="122633599" role=""/>
  <member type="way" ref="1078564947" role=""/>
  <member type="way" ref="122633613" role=""/>
  <member type="way" ref="70674579" role=""/>
  <member type="way" ref="23417116" role=""/>
  <member type="way" ref="911326060" role=""/>
  <member type="way" ref="122633586" role=""/>
  <member type="way" ref="911326059" role=""/>
  <member type="way" ref="911326057" role=""/>
  <member type="way" ref="122633617" role=""/>
  <member type="way" ref="1078564179" role=""/>
  <member type="way" ref="146504684" role=""/>
  <member type="way" ref="146504686" role=""/>
  <member type="way" ref="1078564180" role=""/>
  <member type="way" ref="70674580" role=""/>
  <member type="way" ref="1235012991" role=""/>
  <member type="way" ref="1235012990" role=""/>
  <member type="way" ref="911326058" role=""/>
  <member type="way" ref="26922616" role=""/>
  <member type="way" ref="122633600" role=""/>
  <member type="way" ref="4421468" role=""/>
  <member type="way" ref="4428309" role=""/>
  <member type="way" ref="4428310" role=""/>
  <member type="way" ref="184107829" role=""/>
  <member type="way" ref="146504682" role=""/>
  <member type="way" ref="26922614" role=""/>
  <member type="way" ref="26922617" role=""/>
  <member type="way" ref="108296799" role=""/>
  <member type="way" ref="26922618" role=""/>
  <member type="way" ref="108296795" role=""/>
  <member type="way" ref="108296797" role=""/>
  <member type="way" ref="318249213" role=""/>
  <member type="way" ref="108296796" role=""/>
  <member type="way" ref="146504695" role=""/>
  <member type="way" ref="698690735" role=""/>
  <member type="way" ref="4296560" role=""/>
  <member type="way" ref="698690736" role=""/>
  <member type="way" ref="23490114" role=""/>
  <member type="way" ref="698690738" role=""/>
  <member type="way" ref="178134402" role=""/>
  <member type="way" ref="698690740" role=""/>
  <member type="way" ref="698690741" role=""/>
  <member type="way" ref="972629290" role=""/>
  <member type="way" ref="776064194" role=""/>
  <member type="way" ref="178134401" role=""/>
  <member type="way" ref="698690731" role=""/>
  <member type="way" ref="698690734" role=""/>
  <member type="way" ref="698690733" role=""/>
  <member type="way" ref="122633594" role=""/>
  <member type="way" ref="146504703" role=""/>
  <member type="way" ref="122633583" role=""/>
  <member type="way" ref="318249210" role=""/>
  <member type="way" ref="146504693" role=""/>
  <member type="way" ref="318249211" role=""/>
  <member type="way" ref="318249212" role=""/>
  <member type="way" ref="122633616" role=""/>
  <member type="way" ref="4488993" role=""/>
  <member type="way" ref="1258256236" role=""/>
  <member type="way" ref="1258256235" role=""/>
  <member type="way" ref="4488992" role=""/>
  <member type="way" ref="62232860" role=""/>
  <member type="way" ref="1258256234" role=""/>
  <member type="way" ref="1258256233" role=""/>
  <member type="way" ref="62232862" role=""/>
  <member type="way" ref="1258256232" role=""/>
  <member type="way" ref="1258256231" role=""/>
  <member type="way" ref="25594162" role=""/>
  <member type="way" ref="4382142" role=""/>
  <member type="way" ref="1258256230" role=""/>
  <member type="way" ref="1258256229" role=""/>
  <member type="way" ref="1054293569" role=""/>
  <member type="way" ref="907378008" role=""/>
  <member type="way" ref="1054293570" role=""/>
  <member type="way" ref="1054293571" role=""/>
  <member type="way" ref="122633603" role=""/>
  <member type="way" ref="1054293573" role=""/>
  <member type="way" ref="1054293572" role=""/>
  <member type="way" ref="760393295" role=""/>
  <member type="way" ref="760393294" role=""/>
  <member type="way" ref="30897186" role=""/>
  <member type="way" ref="30897189" role=""/>
  <member type="way" ref="1154230058" role=""/>
  <member type="way" ref="1123584683" role=""/>
  <member type="way" ref="1054293588" role=""/>
  <member type="way" ref="30895719" role=""/>
  <member type="way" ref="1077486387" role=""/>
  <member type="way" ref="1390219451" role=""/>
  <member type="way" ref="31357434" role=""/>
  <member type="way" ref="760393292" role=""/>
  <member type="way" ref="760393291" role=""/>
  <member type="way" ref="31357428" role=""/>
  <member type="way" ref="1090992275" role=""/>
  <member type="way" ref="112207374" role=""/>
  <member type="way" ref="112207365" role=""/>
  <member type="way" ref="6074880" role=""/>
  <member type="way" ref="1090992273" role=""/>
  <member type="way" ref="1090992274" role=""/>
  <member type="way" ref="76819907" role=""/>
  <member type="way" ref="1107329483" role=""/>
  <member type="way" ref="76819903" role=""/>
  <member type="way" ref="1302371762" role=""/>
  <member type="way" ref="1304841287" role=""/>
  <member type="way" ref="1304841286" role=""/>
  <member type="way" ref="6074879" role=""/>
  <member type="way" ref="49899165" role=""/>
  <member type="way" ref="79604775" role=""/>
  <member type="way" ref="43135234" role=""/>
  <member type="way" ref="79604773" role=""/>
  <member type="way" ref="79604772" role=""/>
  <member type="way" ref="1262442897" role=""/>
  <member type="way" ref="79604776" role=""/>
  <member type="way" ref="1222788824" role=""/>
  <member type="way" ref="1222788822" role=""/>
  <member type="way" ref="1262442894" role=""/>
  <member type="way" ref="1262442895" role=""/>
  <member type="way" ref="1262442896" role=""/>
  <member type="way" ref="79604770" role=""/>
  <member type="way" ref="1222788823" role=""/>
  <member type="way" ref="43135233" role=""/>
  <member type="way" ref="43135236" role=""/>
  <member type="way" ref="43135237" role=""/>
  <member type="way" ref="666531568" role=""/>
  <member type="way" ref="738884265" role=""/>
  <member type="way" ref="666531569" role=""/>
  <member type="way" ref="182890314" role=""/>
  <member type="way" ref="43719503" role=""/>
  <member type="way" ref="43719505" role=""/>
  <member type="way" ref="80040094" role=""/>
  <member type="way" ref="43719507" role=""/>
  <member type="way" ref="4772333" role=""/>
  <member type="way" ref="43719504" role=""/>
  <member type="way" ref="80040095" role=""/>
  <member type="way" ref="964632226" role=""/>
  <member type="way" ref="964632227" role=""/>
  <member type="way" ref="964632225" role=""/>
  <member type="way" ref="964632228" role=""/>
  <member type="way" ref="80040092" role=""/>
  <member type="way" ref="964632222" role=""/>
  <member type="way" ref="964632229" role=""/>
  <member type="way" ref="650654174" role=""/>
  <member type="way" ref="964632219" role=""/>
  <member type="way" ref="650654177" role=""/>
  <member type="way" ref="650654180" role=""/>
  <member type="way" ref="650654179" role=""/>
  <member type="way" ref="650654178" role=""/>
  <member type="way" ref="964632218" role=""/>
  <member type="way" ref="650654182" role=""/>
  <member type="way" ref="650654176" role=""/>
  <member type="way" ref="650654181" role=""/>
  <member type="way" ref="650654185" role=""/>
  <member type="way" ref="696243856" role=""/>
  <member type="way" ref="650654184" role=""/>
  <member type="way" ref="650654186" role=""/>
  <member type="way" ref="81133720" role=""/>
  <member type="way" ref="47233371" role=""/>
  <member type="way" ref="650654175" role=""/>
  <member type="way" ref="1249061166" role=""/>
  <member type="way" ref="26130156" role=""/>
  <member type="way" ref="94875585" role=""/>
  <member type="way" ref="48262441" role=""/>
  <member type="way" ref="47233643" role=""/>
  <member type="way" ref="58169845" role=""/>
  <member type="way" ref="1304852163" role=""/>
  <member type="way" ref="1304852164" role=""/>
  <member type="way" ref="1304852165" role=""/>
  <member type="way" ref="1304852233" role=""/>
  <member type="way" ref="1304852234" role=""/>
  <member type="way" ref="97985486" role=""/>
  <member type="way" ref="1304852735" role=""/>
  <member type="way" ref="67263582" role=""/>
  <member type="way" ref="23151957" role=""/>
  <member type="way" ref="1458165305" role=""/>
  <member type="way" ref="23153045" role=""/>
  <member type="way" ref="1487244631" role=""/>
  <member type="way" ref="67301036" role=""/>
  <member type="way" ref="23153046" role=""/>
  <member type="way" ref="965217074" role=""/>
  <member type="way" ref="23151958" role=""/>
  <member type="way" ref="23153044" role=""/>
  <member type="way" ref="965217089" role=""/>
  <member type="way" ref="67263580" role=""/>
  <member type="way" ref="718318827" role=""/>
  <member type="way" ref="718318826" role=""/>
  <member type="way" ref="964632206" role=""/>
  <member type="way" ref="23151956" role=""/>
  <member type="way" ref="67263581" role=""/>
  <member type="way" ref="71250360" role=""/>
  <member type="way" ref="239883374" role=""/>
  <member type="way" ref="96682910" role=""/>
  <member type="way" ref="71250588" role=""/>
  <member type="way" ref="96682919" role=""/>
  <member type="way" ref="1304853865" role=""/>
  <member type="way" ref="1304853866" role=""/>
  <member type="way" ref="96682904" role=""/>
  <member type="way" ref="96682921" role=""/>
  <member type="way" ref="1304854667" role=""/>
  <member type="way" ref="1304854666" role=""/>
  <member type="way" ref="96682925" role=""/>
  <member type="way" ref="90115466" role=""/>
  <member type="way" ref="4489042" role=""/>
  <member type="way" ref="90115469" role=""/>
  <member type="way" ref="217210049" role=""/>
  <member type="way" ref="138638808" role=""/>
  <member type="way" ref="138639143" role=""/>
  <member type="way" ref="1304857041" role=""/>
  <member type="way" ref="1013716453" role=""/>
  <member type="way" ref="229729577" role=""/>
  <member type="way" ref="229729575" role=""/>
  <member type="way" ref="1384074409" role=""/>
  <member type="way" ref="372966536" role=""/>
  <member type="way" ref="214474423" role=""/>
  <member type="way" ref="229729576" role=""/>
  <member type="way" ref="44510279" role=""/>
  <member type="way" ref="214474417" role=""/>
  <member type="way" ref="1380165050" role=""/>
  <member type="way" ref="4373758" role=""/>
  <member type="way" ref="695798619" role=""/>
  <member type="way" ref="873296490" role=""/>
  <member type="way" ref="1162670551" role=""/>
  <member type="way" ref="4373755" role=""/>
  <member type="way" ref="1162670549" role=""/>
  <member type="way" ref="4373760" role=""/>
  <member type="way" ref="1373345648" role=""/>
  <member type="way" ref="4373759" role=""/>
  <member type="way" ref="1371618909" role=""/>
  <member type="way" ref="1349987775" role=""/>
  <member type="way" ref="4373761" role=""/>
  <member type="way" ref="1371618911" role=""/>
  <member type="way" ref="1373345646" role=""/>
  <member type="way" ref="991279046" role=""/>
  <member type="way" ref="1107371921" role=""/>
  <member type="way" ref="214474397" role=""/>
  <member type="way" ref="198290222" role=""/>
  <member type="way" ref="1380165046" role=""/>
  <member type="way" ref="1380165047" role=""/>
  <member type="way" ref="214474386" role=""/>
  <member type="way" ref="1373345647" role=""/>
  <member type="way" ref="49793766" role=""/>
  <member type="way" ref="1107371920" role=""/>
  <member type="way" ref="991279047" role=""/>
  <member type="way" ref="214474382" role=""/>
  <member type="way" ref="1349987776" role=""/>
  <member type="way" ref="873296493" role=""/>
  <member type="way" ref="873296492" role=""/>
  <member type="way" ref="31919450" role=""/>
  <member type="way" ref="96300389" role=""/>
  <member type="way" ref="873296494" role=""/>
  <member type="way" ref="203803268" role=""/>
  <member type="way" ref="230532837" role=""/>
  <member type="way" ref="18677435" role=""/>
  <member type="way" ref="206826818" role=""/>
  <member type="way" ref="206826817" role=""/>
  <member type="way" ref="85273735" role=""/>
  <member type="way" ref="111202876" role=""/>
  <member type="way" ref="1363414952" role=""/>
  <member type="way" ref="1363414953" role=""/>
  <member type="way" ref="1363414954" role=""/>
  <member type="way" ref="111202846" role=""/>
  <member type="way" ref="1363414959" role=""/>
  <member type="way" ref="209040201" role=""/>
  <member type="way" ref="111202841" role=""/>
  <member type="way" ref="209001413" role=""/>
  <member type="way" ref="672887218" role=""/>
  <member type="way" ref="18677434" role=""/>
  <member type="way" ref="1363414960" role=""/>
  <member type="way" ref="18634107" role=""/>
  <member type="way" ref="152161027" role=""/>
  <member type="way" ref="1383527583" role=""/>
  <member type="way" ref="152161047" role=""/>
  <member type="way" ref="1383527584" role=""/>
  <member type="way" ref="18644972" role=""/>
  <member type="way" ref="1383527587" role=""/>
  <member type="way" ref="235746136" role=""/>
  <member type="way" ref="18644968" role=""/>
  <member type="way" ref="1383523970" role=""/>
  <member type="way" ref="1162670548" role=""/>
  <member type="way" ref="672465057" role=""/>
  <member type="way" ref="1107337352" role=""/>
  <member type="way" ref="31141971" role=""/>
  <member type="way" ref="4869732" role=""/>
  <member type="way" ref="1383523969" role=""/>
  <member type="way" ref="672887217" role=""/>
  <member type="way" ref="188887249" role=""/>
  <member type="way" ref="188887246" role=""/>
  <member type="way" ref="252694027" role=""/>
  <member type="way" ref="19195403" role=""/>
  <member type="way" ref="127032994" role=""/>
  <member type="way" ref="1304895802" role=""/>
  <member type="way" ref="4381391" role=""/>
  <member type="way" ref="23294275" role=""/>
  <member type="way" ref="117635094" role=""/>
  <member type="way" ref="1304897985" role=""/>
  <member type="way" ref="1304898079" role=""/>
  <member type="way" ref="1304897986" role=""/>
  <member type="way" ref="96256880" role=""/>
  <member type="way" ref="1375859495" role=""/>
  <member type="way" ref="232868974" role=""/>
  <member type="way" ref="1375859493" role=""/>
  <member type="way" ref="1375859488" role=""/>
  <member type="way" ref="1375859491" role=""/>
  <member type="way" ref="4301578" role=""/>
  <member type="way" ref="1353792714" role=""/>
  <member type="way" ref="1375859479" role=""/>
  <member type="way" ref="1375859482" role=""/>
  <member type="way" ref="1353958698" role=""/>
  <member type="way" ref="83612575" role=""/>
  <member type="way" ref="1375859492" role=""/>
  <member type="way" ref="1509634032" role=""/>
  <member type="way" ref="1375815359" role=""/>
  <member type="way" ref="1375859481" role=""/>
  <member type="way" ref="1375815358" role=""/>
  <member type="way" ref="1375815351" role=""/>
  <member type="way" ref="5115504" role=""/>
  <member type="way" ref="1375822376" role=""/>
  <member type="way" ref="1375822378" role=""/>
  <member type="way" ref="1375822368" role=""/>
  <member type="way" ref="1375822377" role=""/>
  <member type="way" ref="1375822369" role=""/>
  <member type="way" ref="762128186" role=""/>
  <member type="way" ref="762128623" role=""/>
  <member type="way" ref="80438545" role=""/>
  <member type="way" ref="4868824" role=""/>
  <member type="way" ref="4868827" role=""/>
  <member type="way" ref="23279910" role=""/>
  <member type="way" ref="80438543" role=""/>
  <member type="way" ref="1062064112" role=""/>
  <member type="way" ref="4869759" role=""/>
  <member type="way" ref="1340180747" role=""/>
  <member type="way" ref="880368544" role=""/>
  <member type="way" ref="1340180748" role=""/>
  <member type="way" ref="1260588374" role=""/>
  <member type="way" ref="23121279" role=""/>
  <member type="way" ref="372973612" role=""/>
  <member type="way" ref="1340180745" role=""/>
  <member type="way" ref="1260588372" role=""/>
  <member type="way" ref="1340180746" role=""/>
  <member type="way" ref="217596134" role=""/>
  <member type="way" ref="23279421" role=""/>
  <member type="way" ref="1375815346" role=""/>
  <member type="way" ref="1375822374" role=""/>
  <member type="way" ref="1375822372" role=""/>
  <member type="way" ref="1375815347" role=""/>
  <member type="way" ref="1375822373" role=""/>
  <member type="way" ref="1137092986" role=""/>
  <member type="way" ref="23294736" role=""/>
  <member type="way" ref="1107270949" role=""/>
  <member type="way" ref="30415344" role=""/>
  <member type="way" ref="372973716" role=""/>
  <member type="way" ref="23279531" role=""/>
  <member type="way" ref="117632817" role=""/>
  <member type="way" ref="23140414" role=""/>
  <member type="way" ref="161892932" role=""/>
  <member type="way" ref="372973614" role=""/>
  <member type="way" ref="143720115" role=""/>
  <member type="way" ref="161892954" role=""/>
  <member type="way" ref="4301571" role=""/>
  <member type="way" ref="85070406" role=""/>
  <member type="way" ref="31236493" role=""/>
  <member type="way" ref="1375859500" role=""/>
  <member type="way" ref="1375859480" role=""/>
  <member type="way" ref="1322139882" role=""/>
  <member type="way" ref="1353792714" role=""/>
  <member type="way" ref="1375859479" role=""/>
  <member type="way" ref="82855738" role=""/>
  <member type="way" ref="161892942" role=""/>
  <member type="way" ref="94253477" role=""/>
  <member type="way" ref="4869760" role=""/>
  <member type="way" ref="4869830" role=""/>
  <member type="way" ref="1340312563" role=""/>
  <member type="way" ref="372974293" role=""/>
  <member type="way" ref="127322126" role=""/>
  <member type="way" ref="1547229430" role=""/>
  <member type="way" ref="1547229431" role=""/>
  <member type="way" ref="1547229432" role=""/>
  <member type="way" ref="94462906" role=""/>
  <member type="way" ref="1547229434" role=""/>
  <member type="way" ref="1547229435" role=""/>
  <member type="way" ref="1547229433" role=""/>
  <member type="way" ref="23158216" role=""/>
  <member type="way" ref="1445856596" role=""/>
  <member type="way" ref="94462909" role=""/>
  <member type="way" ref="1445856595" role=""/>
  <member type="way" ref="106179151" role=""/>
  <member type="way" ref="1445856593" role=""/>
  <member type="way" ref="1445856594" role=""/>
  <member type="way" ref="1251416152" role=""/>
  <member type="way" ref="23158220" role=""/>
  <member type="way" ref="23158221" role=""/>
  <member type="way" ref="94927622" role=""/>
  <member type="way" ref="117922903" role=""/>
  <member type="way" ref="117922492" role=""/>
  <member type="way" ref="94927619" role=""/>
  <member type="way" ref="117922900" role=""/>
  <member type="way" ref="143733464" role=""/>
  <member type="way" ref="161892940" role=""/>
  <member type="way" ref="1106216896" role=""/>
  <member type="way" ref="1101458359" role=""/>
  <member type="way" ref="1235587741" role=""/>
  <member type="way" ref="15807651" role=""/>
  <member type="way" ref="1235587740" role=""/>
  <member type="way" ref="23040135" role=""/>
  <member type="way" ref="23040299" role=""/>
  <member type="way" ref="23040282" role=""/>
  <member type="way" ref="23040051" role=""/>
  <member type="way" ref="23166425" role=""/>
  <member type="way" ref="1423520060" role=""/>
  <member type="way" ref="974610522" role=""/>
  <member type="way" ref="480070373" role=""/>
  <member type="way" ref="1534277699" role=""/>
  <member type="way" ref="1534277698" role=""/>
  <member type="way" ref="23467010" role=""/>
  <member type="way" ref="15935887" role=""/>
  <member type="way" ref="1417748872" role=""/>
  <member type="way" ref="1417748869" role=""/>
  <member type="way" ref="178234606" role=""/>
  <member type="way" ref="178234607" role=""/>
  <member type="way" ref="974610362" role=""/>
  <member type="way" ref="676866844" role=""/>
  <member type="way" ref="676866842" role=""/>
  <member type="way" ref="676866837" role=""/>
  <member type="way" ref="131644138" role=""/>
  <member type="way" ref="15935888" role=""/>
  <member type="way" ref="15807652" role=""/>
  <member type="way" ref="23990541" role=""/>
  <member type="way" ref="23994802" role=""/>
  <member type="way" ref="23994804" role=""/>
  <member type="way" ref="23990540" role=""/>
  <member type="way" ref="4906660" role=""/>
  <member type="way" ref="1340183114" role=""/>
  <member type="way" ref="1340183113" role=""/>
  <member type="way" ref="3992843" role=""/>
  <member type="way" ref="1340183111" role=""/>
  <member type="way" ref="1340183112" role=""/>
  <member type="way" ref="103528705" role=""/>
  <member type="way" ref="23990641" role=""/>
  <member type="way" ref="228683963" role=""/>
  <member type="way" ref="103528709" role=""/>
  <member type="way" ref="103528711" role=""/>
  <member type="way" ref="228684656" role=""/>
  <member type="way" ref="103528720" role=""/>
  <member type="way" ref="111705729" role=""/>
  <member type="way" ref="345325757" role=""/>
  <member type="way" ref="3992839" role=""/>
  <member type="way" ref="1340183120" role=""/>
  <member type="way" ref="1340183119" role=""/>
  <member type="way" ref="1337343713" role=""/>
  <member type="way" ref="1337343712" role=""/>
  <member type="way" ref="1334307279" role=""/>
  <member type="way" ref="111766527" role=""/>
  <member type="way" ref="1337343715" role=""/>
  <member type="way" ref="1337343714" role=""/>
  <member type="way" ref="131643731" role=""/>
  <member type="way" ref="23440541" role=""/>
  <member type="way" ref="1340183127" role=""/>
  <member type="way" ref="1340183128" role=""/>
  <member type="way" ref="1340183126" role=""/>
  <member type="way" ref="1340183125" role=""/>
  <member type="way" ref="3992822" role=""/>
  <member type="way" ref="131643733" role=""/>
  <member type="way" ref="1115833417" role=""/>
  <member type="way" ref="131643823" role=""/>
  <member type="way" ref="23440866" role=""/>
  <member type="way" ref="23440855" role=""/>
  <member type="way" ref="44608808" role=""/>
  <member type="way" ref="204196998" role=""/>
  <member type="way" ref="3992821" role=""/>
  <member type="way" ref="1126465971" role=""/>
  <member type="way" ref="1126465970" role=""/>
  <member type="way" ref="1126465961" role=""/>
  <member type="way" ref="1126465960" role=""/>
  <member type="way" ref="1126465957" role=""/>
  <member type="way" ref="1126465956" role=""/>
  <member type="way" ref="1126465953" role=""/>
  <member type="way" ref="1126465952" role=""/>
  <member type="way" ref="43332503" role=""/>
  <member type="way" ref="824380488" role=""/>
  <member type="way" ref="29062384" role=""/>
  <member type="way" ref="29062385" role=""/>
  <member type="way" ref="23440889" role=""/>
  <member type="way" ref="43332483" role=""/>
  <member type="way" ref="23440888" role=""/>
  <member type="way" ref="29062392" role=""/>
  <member type="way" ref="29062390" role=""/>
  <member type="way" ref="43332496" role=""/>
  <member type="way" ref="43332529" role=""/>
  <member type="way" ref="1238188221" role=""/>
  <member type="way" ref="1126465954" role=""/>
  <member type="way" ref="1126465955" role=""/>
  <member type="way" ref="1126465958" role=""/>
  <member type="way" ref="1126465959" role=""/>
  <member type="way" ref="1126465962" role=""/>
  <member type="way" ref="1126465963" role=""/>
  <member type="way" ref="1126465972" role=""/>
  <member type="way" ref="1126465973" role=""/>
  <member type="way" ref="204196999" role=""/>
  <member type="way" ref="1881132" role=""/>
  <member type="way" ref="44608810" role=""/>
  <member type="way" ref="5103867" role=""/>
  <member type="way" ref="5103874" role=""/>
  <member type="way" ref="111705738" role=""/>
  <member type="way" ref="330361127" role=""/>
  <member type="way" ref="40351614" role=""/>
  <member type="way" ref="111705733" role=""/>
  <member type="way" ref="40351605" role=""/>
  <member type="way" ref="40351624" role=""/>
  <member type="way" ref="110682223" role=""/>
  <member type="way" ref="40351621" role=""/>
  <member type="way" ref="110682226" role=""/>
  <member type="way" ref="110682232" role=""/>
  <member type="way" ref="132789383" role=""/>
  <member type="way" ref="110682208" role=""/>
  <member type="way" ref="132789381" role=""/>
  <member type="way" ref="132789382" role=""/>
  <member type="way" ref="132789414" role=""/>
  <member type="way" ref="1114742843" role=""/>
  <member type="way" ref="1114742844" role=""/>
  <member type="way" ref="132789380" role=""/>
  <member type="way" ref="132789509" role=""/>
  <member type="way" ref="132789413" role=""/>
  <member type="way" ref="132789508" role=""/>
  <member type="way" ref="1114742845" role=""/>
  <member type="way" ref="1881134" role=""/>
  <member type="way" ref="4352344" role=""/>
  <member type="way" ref="4352346" role=""/>
  <member type="way" ref="132789541" role=""/>
  <member type="way" ref="4352345" role=""/>
  <member type="way" ref="132789540" role=""/>
  <member type="way" ref="40158583" role=""/>
  <member type="way" ref="888398815" role=""/>
  <member type="way" ref="40158588" role=""/>
  <member type="way" ref="4352343" role=""/>
  <member type="way" ref="22970524" role=""/>
  <member type="way" ref="22970525" role=""/>
  <member type="way" ref="4316126" role=""/>
  <member type="way" ref="4316128" role=""/>
  <member type="way" ref="1114726927" role=""/>
  <member type="way" ref="776064177" role=""/>
  <member type="way" ref="776064189" role=""/>
  <member type="way" ref="4352586" role=""/>
  <member type="way" ref="4352590" role=""/>
  <member type="way" ref="109410835" role=""/>
  <member type="way" ref="4352588" role=""/>
  <member type="way" ref="109410852" role=""/>
  <member type="way" ref="109410850" role=""/>
  <member type="way" ref="220413291" role=""/>
  <member type="way" ref="2960270" role=""/>
  <member type="way" ref="4352584" role=""/>
  <member type="way" ref="220413290" role=""/>
  <member type="way" ref="156208388" role=""/>
  <member type="way" ref="156208387" role=""/>
  <member type="way" ref="1114722980" role=""/>
  <member type="way" ref="238220045" role=""/>
  <member type="way" ref="109411771" role=""/>
  <member type="way" ref="4485089" role=""/>
  <member type="way" ref="226115374" role=""/>
  <member type="way" ref="226115365" role=""/>
  <member type="way" ref="226115369" role=""/>
  <member type="way" ref="226115373" role=""/>
  <member type="way" ref="226115368" role=""/>
  <member type="way" ref="992463473" role=""/>
  <member type="way" ref="1160273879" role=""/>
  <member type="way" ref="1160273880" role=""/>
  <member type="way" ref="45898439" role=""/>
  <member type="way" ref="226115372" role=""/>
  <member type="way" ref="996820406" role=""/>
  <member type="way" ref="993047746" role=""/>
  <member type="way" ref="231153447" role=""/>
  <member type="way" ref="231153449" role=""/>
  <member type="way" ref="1286449296" role=""/>
  <member type="way" ref="38246683" role=""/>
  <member type="way" ref="1286449295" role=""/>
  <member type="way" ref="109411770" role=""/>
  <member type="way" ref="1114722978" role=""/>
  <member type="way" ref="1243854921" role=""/>
  <member type="way" ref="1114722977" role=""/>
  <member type="way" ref="1243854922" role=""/>
  <member type="way" ref="2960271" role=""/>
  <member type="way" ref="1243853844" role=""/>
  <member type="way" ref="156208383" role=""/>
  <member type="way" ref="238645173" role=""/>
  <member type="way" ref="1243854667" role=""/>
  <member type="way" ref="1114722976" role=""/>
  <member type="way" ref="1243854669" role=""/>
  <member type="way" ref="238645172" role=""/>
  <member type="way" ref="156208384" role=""/>
  <member type="way" ref="1243853845" role=""/>
  <member type="way" ref="1243853842" role=""/>
  <member type="way" ref="1114722981" role=""/>
  <member type="way" ref="758250521" role=""/>
  <member type="way" ref="4485090" role=""/>
  <member type="way" ref="1114716098" role=""/>
  <member type="way" ref="38349615" role=""/>
  <member type="way" ref="1114716099" role=""/>
  <member type="way" ref="109411769" role=""/>
  <member type="way" ref="1286449297" role=""/>
  <member type="way" ref="231153444" role=""/>
  <member type="way" ref="1214921911" role=""/>
  <member type="way" ref="238970000" role=""/>
  <member type="way" ref="483553909" role=""/>
  <member type="way" ref="1286442824" role=""/>
  <member type="way" ref="1156071336" role=""/>
  <member type="way" ref="483553910" role=""/>
  <member type="way" ref="483553912" role=""/>
  <member type="way" ref="483553913" role=""/>
  <member type="way" ref="483553911" role=""/>
  <member type="way" ref="1286442825" role=""/>
  <member type="way" ref="1286440568" role=""/>
  <member type="way" ref="483553082" role=""/>
  <member type="way" ref="1100682967" role=""/>
  <member type="way" ref="483553081" role=""/>
  <member type="way" ref="1019266132" role=""/>
  <member type="way" ref="1286440567" role=""/>
  <member type="way" ref="1091021525" role=""/>
  <member type="way" ref="483553079" role=""/>
  <member type="way" ref="329195464" role=""/>
  <member type="way" ref="329397010" role=""/>
  <member type="way" ref="329397002" role=""/>
  <member type="way" ref="329195463" role=""/>
  <member type="way" ref="329397012" role=""/>
  <member type="way" ref="329195466" role=""/>
  <member type="way" ref="1156071338" role=""/>
  <member type="way" ref="329397000" role=""/>
  <member type="way" ref="329397004" role=""/>
  <member type="way" ref="329397001" role=""/>
  <member type="way" ref="672477230" role=""/>
  <member type="way" ref="1010297902" role=""/>
  <member type="way" ref="1010297903" role=""/>
  <member type="way" ref="1156023968" role=""/>
  <member type="way" ref="588244966" role=""/>
  <member type="way" ref="238648134" role=""/>
  <member type="way" ref="1286439165" role=""/>
  <member type="way" ref="1134237846" role=""/>
  <member type="way" ref="1134237845" role=""/>
  <member type="way" ref="1156023969" role=""/>
  <member type="way" ref="485020512" role=""/>
  <member type="way" ref="1232234324" role=""/>
  <member type="way" ref="1232224504" role=""/>
  <member type="way" ref="1232224503" role=""/>
  <member type="way" ref="588244976" role=""/>
  <member type="way" ref="1286416863" role=""/>
  <member type="way" ref="485719917" role=""/>
  <member type="way" ref="485719918" role=""/>
  <member type="way" ref="1232814708" role=""/>
  <member type="way" ref="1232814709" role=""/>
  <member type="way" ref="972350565" role=""/>
  <member type="way" ref="485020513" role=""/>
  <member type="way" ref="1232814705" role=""/>
  <member type="way" ref="238649318" role=""/>
  <member type="way" ref="22769149" role=""/>
  <member type="way" ref="238650068" role=""/>
  <member type="way" ref="1160296120" role=""/>
  <member type="way" ref="1160296121" role=""/>
  <member type="way" ref="4357189" role=""/>
  <member type="way" ref="1160296122" role=""/>
  <member type="way" ref="238267557" role=""/>
  <member type="way" ref="238267558" role=""/>
  <member type="way" ref="639119579" role=""/>
  <member type="way" ref="1427735420" role=""/>
  <member type="way" ref="32472471" role=""/>
  <member type="way" ref="639119577" role=""/>
  <member type="way" ref="639119580" role=""/>
  <member type="way" ref="37880235" role=""/>
  <member type="way" ref="308250743" role=""/>
  <member type="way" ref="308250745" role=""/>
  <member type="way" ref="37880234" role=""/>
  <member type="way" ref="37880233" role=""/>
  <member type="way" ref="217183032" role=""/>
  <member type="way" ref="1069331428" role=""/>
  <member type="way" ref="5026516" role=""/>
  <member type="way" ref="1153262023" role=""/>
  <member type="way" ref="695506739" role=""/>
  <member type="way" ref="180863622" role=""/>
  <member type="way" ref="909173656" role=""/>
  <member type="way" ref="40704166" role=""/>
  <member type="way" ref="1069331427" role=""/>
  <member type="way" ref="729345117" role=""/>
  <member type="way" ref="1153260492" role=""/>
  <member type="way" ref="590195264" role=""/>
  <member type="way" ref="1069542827" role=""/>
  <member type="way" ref="4357177" role=""/>
  <member type="way" ref="1069542826" role=""/>
  <member type="way" ref="10055472" role=""/>
  <member type="way" ref="1153260493" role=""/>
  <member type="way" ref="1153260494" role=""/>
  <member type="way" ref="10055471" role=""/>
  <member type="way" ref="1153260495" role=""/>
  <member type="way" ref="1153260496" role=""/>
  <member type="way" ref="308250744" role=""/>
  <member type="way" ref="37880302" role=""/>
  <member type="way" ref="1069315433" role=""/>
  <member type="way" ref="308250746" role=""/>
  <member type="way" ref="385745969" role=""/>
  <member type="way" ref="630398706" role=""/>
  <member type="way" ref="30839344" role=""/>
  <member type="way" ref="1069315446" role=""/>
  <member type="way" ref="51817398" role=""/>
  <member type="way" ref="1189878317" role=""/>
  <member type="way" ref="1123035259" role=""/>
  <member type="way" ref="37933624" role=""/>
  <member type="way" ref="1123035260" role=""/>
  <member type="way" ref="1069315447" role=""/>
  <member type="way" ref="1123035261" role=""/>
  <member type="way" ref="183263152" role=""/>
  <member type="way" ref="1153261217" role=""/>
  <member type="way" ref="56251254" role=""/>
  <member type="way" ref="628915096" role=""/>
  <member type="way" ref="1153261216" role=""/>
  <member type="way" ref="238976540" role=""/>
  <member type="way" ref="1252220196" role=""/>
  <member type="way" ref="1252222901" role=""/>
  <member type="way" ref="308463492" role=""/>
  <member type="way" ref="56251255" role=""/>
  <member type="way" ref="667068903" role=""/>
  <member type="way" ref="639119586" role=""/>
  <member type="way" ref="639119578" role=""/>
  <member type="way" ref="238976535" role=""/>
  <member type="way" ref="1232809308" role=""/>
  <member type="way" ref="527537447" role=""/>
  <member type="way" ref="1433695313" role=""/>
  <member type="way" ref="1123035265" role=""/>
  <member type="way" ref="1123035262" role=""/>
  <member type="way" ref="56251253" role=""/>
  <member type="way" ref="1123035266" role=""/>
  <member type="way" ref="1123035267" role=""/>
  <member type="way" ref="37933448" role=""/>
  <member type="way" ref="1069315448" role=""/>
  <member type="way" ref="1230989144" role=""/>
  <member type="way" ref="1189878898" role=""/>
  <member type="way" ref="183279091" role=""/>
  <member type="way" ref="380369498" role=""/>
  <member type="way" ref="217183033" role=""/>
  <member type="way" ref="1069331426" role=""/>
  <member type="way" ref="616643098" role=""/>
  <member type="way" ref="616643099" role=""/>
  <member type="way" ref="38697229" role=""/>
  <member type="way" ref="385751422" role=""/>
  <member type="way" ref="627380449" role=""/>
  <member type="way" ref="1233692170" role=""/>
  <member type="way" ref="107890479" role=""/>
  <member type="way" ref="40698847" role=""/>
  <member type="way" ref="10277357" role=""/>
  <member type="way" ref="257481037" role=""/>
  <member type="way" ref="107897761" role=""/>
  <member type="way" ref="291888930" role=""/>
  <member type="way" ref="589736582" role=""/>
  <member type="way" ref="335104177" role=""/>
  <member type="way" ref="1233692171" role=""/>
  <member type="way" ref="217793511" role=""/>
  <member type="way" ref="612506877" role=""/>
  <member type="way" ref="608434931" role=""/>
  <member type="way" ref="1217407175" role=""/>
  <member type="way" ref="608434927" role=""/>
  <member type="way" ref="1069331425" role=""/>
  <member type="way" ref="1079897400" role=""/>
  <member type="way" ref="1069331423" role="forward"/>
  <member type="way" ref="1485410194" role="forward"/>
  <member type="way" ref="4652232" role=""/>
  <member type="way" ref="1069542823" role=""/>
  <member type="way" ref="7997381" role=""/>
  <member type="way" ref="1526210842" role=""/>
  <member type="way" ref="1526210843" role=""/>
  <member type="way" ref="1526210841" role=""/>
  <member type="way" ref="2954579" role=""/>
  <member type="way" ref="1443205335" role=""/>
  <member type="way" ref="1443205332" role="forward"/>
  <member type="way" ref="370724114" role="forward"/>
  <member type="way" ref="370724113" role="forward"/>
  <member type="way" ref="1443205330" role="forward"/>
  <member type="way" ref="1443205333" role="forward"/>
  <member type="way" ref="1443365700" role="forward"/>
  <member type="way" ref="1443218573" role="forward"/>
  <member type="way" ref="1443218571" role="forward"/>
  <member type="way" ref="1443205334" role="forward"/>
  <member type="way" ref="1443218574" role="forward"/>
  <member type="way" ref="1443218577" role="forward"/>
  <member type="way" ref="1443218575" role="forward"/>
  <member type="way" ref="972350564" role="forward"/>
  <member type="way" ref="1443218576" role="forward"/>
  <member type="way" ref="1443205328" role="forward"/>
  <member type="way" ref="1068281433" role="forward"/>
  <member type="way" ref="1443218572" role=""/>
  <member type="way" ref="1068281432" role=""/>
  <member type="way" ref="1068281431" role=""/>
  <member type="way" ref="148596453" role=""/>
  <member type="way" ref="1368489452" role=""/>
  <member type="way" ref="1068281430" role=""/>
  <member type="way" ref="1368489451" role=""/>
  <member type="way" ref="1368489450" role=""/>
  <member type="way" ref="1068281429" role=""/>
  <member type="way" ref="1068281428" role=""/>
  <member type="way" ref="1368490701" role=""/>
  <member type="way" ref="1368490702" role=""/>
  <member type="way" ref="1368490703" role=""/>
  <member type="way" ref="38697230" role=""/>
  <member type="way" ref="1368490704" role=""/>
  <member type="way" ref="1068281427" role=""/>
  <member type="way" ref="681900080" role=""/>
  <member type="way" ref="109277059" role=""/>
  <member type="way" ref="238980457" role=""/>
  <member type="way" ref="78686306" role=""/>
  <member type="way" ref="1068281419" role=""/>
  <member type="way" ref="1069542821" role=""/>
  <member type="way" ref="1068281418" role=""/>
  <member type="way" ref="1068281420" role=""/>
  <member type="way" ref="52726159" role=""/>
  <member type="way" ref="1068281417" role=""/>
  <member type="way" ref="1068281416" role=""/>
  <member type="way" ref="78686304" role=""/>
  <member type="way" ref="1068281415" role=""/>
  <member type="way" ref="1368084099" role=""/>
  <member type="way" ref="1068281414" role=""/>
  <member type="way" ref="429076566" role=""/>
  <member type="way" ref="28884261" role=""/>
  <member type="way" ref="1368084100" role=""/>
  <member type="way" ref="109283622" role=""/>
  <member type="way" ref="454598111" role=""/>
  <member type="way" ref="185437985" role=""/>
  <member type="way" ref="1068281411" role=""/>
  <member type="way" ref="395921204" role=""/>
  <member type="way" ref="185437420" role=""/>
  <member type="way" ref="1191447574" role=""/>
  <member type="way" ref="216760496" role=""/>
  <member type="way" ref="217183035" role=""/>
  <member type="way" ref="109283626" role=""/>
  <member type="way" ref="504612878" role=""/>
  <member type="way" ref="55274990" role=""/>
  <member type="way" ref="216759978" role=""/>
  <member type="way" ref="64168489" role=""/>
  <member type="way" ref="840586313" role=""/>
  <member type="way" ref="1191447573" role=""/>
  <member type="way" ref="747181871" role=""/>
  <member type="way" ref="60768848" role=""/>
  <member type="way" ref="285295090" role=""/>
  <member type="way" ref="39093680" role=""/>
  <member type="way" ref="747181865" role=""/>
  <member type="way" ref="747181872" role=""/>
  <member type="way" ref="60768866" role=""/>
  <member type="way" ref="747181870" role=""/>
  <member type="way" ref="2954577" role=""/>
  <member type="way" ref="747181868" role=""/>
  <member type="way" ref="1068281401" role=""/>
  <member type="way" ref="60768871" role=""/>
  <member type="way" ref="238981132" role=""/>
  <member type="way" ref="60768820" role=""/>
  <member type="way" ref="747181862" role=""/>
  <member type="way" ref="1068281402" role=""/>
  <member type="way" ref="39093681" role=""/>
  <member type="way" ref="747181869" role=""/>
  <member type="way" ref="285295094" role=""/>
  <member type="way" ref="60768831" role=""/>
  <member type="way" ref="747181861" role=""/>
  <member type="way" ref="238981128" role=""/>
  <member type="way" ref="747181863" role=""/>
  <member type="way" ref="747181864" role=""/>
  <member type="way" ref="747181866" role=""/>
  <member type="way" ref="747181867" role=""/>
  <member type="way" ref="205017791" role=""/>
  <member type="way" ref="205017792" role=""/>
  <member type="way" ref="732281434" role=""/>
  <member type="way" ref="204875879" role=""/>
  <member type="way" ref="1068281424" role=""/>
  <member type="way" ref="25617899" role=""/>
  <member type="way" ref="1068281425" role=""/>
  <member type="way" ref="1068281423" role=""/>
  <member type="way" ref="1068281422" role=""/>
  <member type="way" ref="1068281421" role=""/>
  <member type="way" ref="238980458" role=""/>
  <member type="way" ref="238264442" role=""/>
  <member type="way" ref="1243153030" role=""/>
  <member type="way" ref="1243153055" role=""/>
  <member type="way" ref="55274988" role=""/>
  <member type="way" ref="55274660" role=""/>
  <member type="way" ref="204875876" role=""/>
  <member type="way" ref="205016861" role=""/>
  <member type="way" ref="288081442" role=""/>
  <member type="way" ref="1068281426" role=""/>
  <member type="way" ref="25617900" role=""/>
  <member type="way" ref="1068281406" role=""/>
  <member type="way" ref="1243136531" role=""/>
  <member type="way" ref="1243136547" role=""/>
  <member type="way" ref="507856486" role=""/>
  <member type="way" ref="24505766" role=""/>
  <member type="way" ref="24505771" role=""/>
  <member type="way" ref="1068281407" role=""/>
  <member type="way" ref="539534592" role=""/>
  <member type="way" ref="1134995868" role=""/>
  <member type="way" ref="539534607" role=""/>
  <member type="way" ref="211780349" role=""/>
  <member type="way" ref="211781358" role=""/>
  <member type="way" ref="539540881" role=""/>
  <member type="way" ref="211782554" role=""/>
  <member type="way" ref="539540878" role=""/>
  <member type="way" ref="1134995870" role=""/>
  <member type="way" ref="539534590" role=""/>
  <member type="way" ref="1335086285" role=""/>
  <member type="way" ref="1067864780" role=""/>
  <member type="way" ref="51434496" role=""/>
  <member type="way" ref="1067864781" role=""/>
  <member type="way" ref="51434495" role=""/>
  <member type="way" ref="376615221" role=""/>
  <member type="way" ref="7997631" role=""/>
  <member type="way" ref="238981135" role=""/>
  <member type="way" ref="7997620" role=""/>
  <member type="way" ref="1097417983" role=""/>
  <member type="way" ref="1273533662" role=""/>
  <member type="way" ref="1273533674" role=""/>
  <member type="way" ref="1273533671" role=""/>
  <member type="way" ref="1273533676" role=""/>
  <member type="way" ref="1273533675" role=""/>
  <member type="way" ref="1273533673" role=""/>
  <member type="way" ref="1534276846" role=""/>
  <member type="way" ref="1273792374" role=""/>
  <member type="way" ref="1273792375" role=""/>
  <member type="way" ref="1273792376" role=""/>
  <member type="way" ref="1273792377" role=""/>
  <member type="way" ref="1273533661" role=""/>
  <tag k="alt_name" v="Dover Road"/>
  <tag k="name" v="A2 Road (Great Britain)"/>
  <tag k="ref" v="A2"/>
  <tag k="route" v="road"/>
  <tag k="type" v="route"/>
  <tag k="wikidata" v="Q888603"/>
  <tag k="wikipedia" v="en:A2 road (England)"/>
 </relation>
 <relation id="16549132" visible="true" version="6" changeset="177857986" timestamp="2026-01-29T17:13:04Z" user="Adam Edwards" uid="953779">
  <member type="node" ref="502563274" role=""/>
  <member type="node" ref="502539042" role=""/>
  <member type="node" ref="502554314" role=""/>
  <member type="node" ref="482016783" role=""/>
  <member type="node" ref="502554321" role=""/>
  <member type="node" ref="502553648" role=""/>
  <member type="node" ref="502553655" role=""/>
  <member type="node" ref="502553670" role=""/>
  <member type="node" ref="502553665" role=""/>
  <member type="node" ref="502553677" role=""/>
  <member type="node" ref="502553684" role=""/>
  <member type="node" ref="502553691" role=""/>
  <member type="node" ref="502553694" role=""/>
  <member type="node" ref="502553697" role=""/>
  <member type="node" ref="502539053" role=""/>
  <member type="node" ref="502553703" role=""/>
  <member type="node" ref="502553706" role=""/>
  <member type="node" ref="502553711" role=""/>
  <member type="node" ref="502539063" role=""/>
  <member type="node" ref="502539067" role=""/>
  <member type="node" ref="502539072" role=""/>
  <member type="node" ref="502539080" role=""/>
  <member type="node" ref="502559661" role=""/>
  <member type="node" ref="502539094" role=""/>
  <member type="node" ref="502538716" role=""/>
  <member type="node" ref="502539044" role=""/>
  <member type="node" ref="502562091" role=""/>
  <member type="node" ref="502562082" role=""/>
  <member type="node" ref="502558180" role=""/>
  <member type="node" ref="502538207" role=""/>
  <member type="node" ref="502558137" role=""/>
  <member type="way" ref="1285025476" role=""/>
  <member type="way" ref="55433739" role=""/>
  <member type="way" ref="102076390" role=""/>
  <member type="way" ref="5010114" role=""/>
  <member type="way" ref="37732376" role=""/>
  <member type="way" ref="443210122" role=""/>
  <member type="way" ref="144219516" role=""/>
  <member type="way" ref="144219514" role=""/>
  <member type="way" ref="144219519" role=""/>
  <member type="way" ref="4434670" role=""/>
  <member type="way" ref="5010089" role=""/>
  <member type="way" ref="37732370" role=""/>
  <member type="way" ref="443210120" role=""/>
  <member type="way" ref="37732345" role=""/>
  <member type="way" ref="1216867201" role=""/>
  <member type="way" ref="871730652" role=""/>
  <member type="way" ref="67962962" role=""/>
  <member type="way" ref="871730654" role=""/>
  <member type="way" ref="1215132155" role=""/>
  <member type="way" ref="372817306" role=""/>
  <member type="way" ref="372817314" role=""/>
  <member type="way" ref="114618427" role=""/>
  <member type="way" ref="910121014" role=""/>
  <member type="way" ref="32605939" role=""/>
  <member type="way" ref="32605937" role=""/>
  <member type="way" ref="178355475" role=""/>
  <member type="way" ref="178355473" role=""/>
  <member type="way" ref="23638307" role=""/>
  <member type="way" ref="95244300" role=""/>
  <member type="way" ref="69227229" role=""/>
  <member type="way" ref="1457535240" role=""/>
  <member type="way" ref="1457535239" role=""/>
  <member type="way" ref="372822285" role=""/>
  <member type="way" ref="28801207" role=""/>
  <member type="way" ref="69227355" role=""/>
  <member type="way" ref="43631617" role=""/>
  <member type="way" ref="28801165" role=""/>
  <member type="way" ref="181258442" role=""/>
  <member type="way" ref="244302183" role=""/>
  <member type="way" ref="5241813" role=""/>
  <member type="way" ref="5241815" role=""/>
  <member type="way" ref="244302182" role=""/>
  <member type="way" ref="244302178" role=""/>
  <member type="way" ref="244302179" role=""/>
  <member type="way" ref="871730660" role=""/>
  <member type="way" ref="244302181" role=""/>
  <member type="way" ref="1191909031" role=""/>
  <member type="way" ref="1191909030" role=""/>
  <member type="way" ref="184109653" role=""/>
  <member type="way" ref="764445067" role=""/>
  <member type="way" ref="1178597959" role=""/>
  <member type="way" ref="530029354" role=""/>
  <member type="way" ref="23330212" role=""/>
  <member type="way" ref="23330213" role=""/>
  <member type="way" ref="4433602" role=""/>
  <member type="way" ref="934408" role=""/>
  <member type="way" ref="23417092" role=""/>
  <member type="way" ref="23436407" role=""/>
  <member type="way" ref="23436408" role=""/>
  <member type="way" ref="4476024" role=""/>
  <member type="way" ref="51564562" role=""/>
  <member type="way" ref="51564564" role=""/>
  <member type="way" ref="184108275" role=""/>
  <member type="way" ref="23443896" role=""/>
  <member type="way" ref="23443895" role=""/>
  <member type="way" ref="1178714931" role=""/>
  <member type="way" ref="4554347" role=""/>
  <member type="way" ref="184458046" role=""/>
  <member type="way" ref="61048871" role=""/>
  <member type="way" ref="146904760" role=""/>
  <member type="way" ref="317479602" role=""/>
  <member type="way" ref="317479601" role=""/>
  <member type="way" ref="146862199" role=""/>
  <member type="way" ref="1208977554" role=""/>
  <member type="way" ref="146862197" role=""/>
  <member type="way" ref="146862196" role=""/>
  <member type="way" ref="317479600" role=""/>
  <member type="way" ref="1178064231" role=""/>
  <member type="way" ref="26588280" role=""/>
  <member type="way" ref="631626599" role=""/>
  <member type="way" ref="130453478" role=""/>
  <member type="way" ref="631626600" role=""/>
  <member type="way" ref="130453477" role=""/>
  <member type="way" ref="1263633741" role=""/>
  <member type="way" ref="4476026" role=""/>
  <member type="way" ref="9644097" role=""/>
  <member type="way" ref="1099488542" role=""/>
  <member type="way" ref="1101029051" role=""/>
  <member type="way" ref="4476020" role=""/>
  <member type="way" ref="1208977553" role=""/>
  <member type="way" ref="1099488546" role=""/>
  <member type="way" ref="1099488547" role=""/>
  <member type="way" ref="4354122" role=""/>
  <member type="way" ref="1099488549" role=""/>
  <member type="way" ref="4476018" role=""/>
  <member type="way" ref="141113077" role=""/>
  <member type="way" ref="4476019" role=""/>
  <member type="way" ref="1175996327" role=""/>
  <tag k="interval" v="20"/>
  <tag k="interval:conditional" v="1:00 @ (Su,PH)"/>
  <tag k="name" v="15 Dover =&gt; Canterbury"/>
  <tag k="opening_hours" v="Mo-Sa 06:00-23:30; Su,PH 08:00-18:00"/>
  <tag k="operator" v="Stagecoach South-East"/>
  <tag k="ref" v="15"/>
  <tag k="route" v="bus"/>
  <tag k="type" v="route"/>
 </relation>
 <relation id="16549133" visible="true" version="8" changeset="186804738" timestamp="2026-08-02T11:25:16Z" user="MacLondon" uid="322039">
  <member type="way" ref="1177970939" role=""/>
  <member type="way" ref="136510823" role=""/>
  <member type="way" ref="1546708033" role=""/>
  <member type="way" ref="141113076" role=""/>
  <member type="way" ref="31725977" role=""/>
  <member type="way" ref="1099488540" role=""/>
  <member type="way" ref="1099488539" role=""/>
  <member type="way" ref="1175996326" role=""/>
  <member type="way" ref="4476027" role=""/>
  <member type="way" ref="1177970940" role=""/>
  <member type="way" ref="9644095" role=""/>
  <member type="way" ref="1263633741" role=""/>
  <member type="way" ref="130453477" role=""/>
  <member type="way" ref="631626600" role=""/>
  <member type="way" ref="130453478" role=""/>
  <member type="way" ref="631626599" role=""/>
  <member type="way" ref="26588280" role=""/>
  <member type="way" ref="1178064231" role=""/>
  <member type="way" ref="317479600" role=""/>
  <member type="way" ref="146862196" role=""/>
  <member type="way" ref="146862198" role=""/>
  <member type="way" ref="317479604" role=""/>
  <member type="way" ref="28798080" role=""/>
  <member type="way" ref="184458046" role=""/>
  <member type="way" ref="4554347" role=""/>
  <member type="way" ref="1178714931" role=""/>
  <member type="way" ref="4554348" role=""/>
  <member type="way" ref="61048874" role=""/>
  <member type="way" ref="61048873" role=""/>
  <member type="way" ref="148556250" role=""/>
  <member type="way" ref="23436409" role=""/>
  <member type="way" ref="23436410" role=""/>
  <member type="way" ref="23417091" role=""/>
  <member type="way" ref="4433600" role=""/>
  <member type="way" ref="23417260" role=""/>
  <member type="way" ref="23330215" role=""/>
  <member type="way" ref="23330214" role=""/>
  <member type="way" ref="23417371" role=""/>
  <member type="way" ref="184109654" role=""/>
  <member type="way" ref="1191909028" role=""/>
  <member type="way" ref="471546004" role=""/>
  <member type="way" ref="234314463" role=""/>
  <member type="way" ref="871730657" role=""/>
  <member type="way" ref="871730661" role=""/>
  <member type="way" ref="871730663" role=""/>
  <member type="way" ref="244302180" role=""/>
  <member type="way" ref="5241813" role=""/>
  <member type="way" ref="244302183" role=""/>
  <member type="way" ref="181258442" role=""/>
  <member type="way" ref="28801165" role=""/>
  <member type="way" ref="43631617" role=""/>
  <member type="way" ref="69227355" role=""/>
  <member type="way" ref="28801207" role=""/>
  <member type="way" ref="372822285" role=""/>
  <member type="way" ref="1457535239" role=""/>
  <member type="way" ref="1457535240" role=""/>
  <member type="way" ref="69227229" role=""/>
  <member type="way" ref="95244300" role=""/>
  <member type="way" ref="23638307" role=""/>
  <member type="way" ref="178355473" role=""/>
  <member type="way" ref="178355475" role=""/>
  <member type="way" ref="32605937" role=""/>
  <member type="way" ref="32605939" role=""/>
  <member type="way" ref="910121014" role=""/>
  <member type="way" ref="114618427" role=""/>
  <member type="way" ref="372817314" role=""/>
  <member type="way" ref="372817306" role=""/>
  <member type="way" ref="1215132155" role=""/>
  <member type="way" ref="5010088" role=""/>
  <member type="way" ref="871730653" role=""/>
  <member type="way" ref="1226002361" role=""/>
  <member type="way" ref="37732221" role=""/>
  <member type="way" ref="37732248" role=""/>
  <member type="way" ref="114618444" role=""/>
  <member type="way" ref="37733047" role=""/>
  <member type="way" ref="37733039" role=""/>
  <member type="way" ref="102076410" role=""/>
  <member type="way" ref="1284491358" role=""/>
  <member type="way" ref="5010115" role=""/>
  <member type="node" ref="502540489" role=""/>
  <member type="node" ref="502562075" role=""/>
  <member type="node" ref="467856746" role=""/>
  <member type="node" ref="468500945" role=""/>
  <member type="node" ref="28866169" role=""/>
  <member type="node" ref="502539046" role=""/>
  <member type="node" ref="502538714" role=""/>
  <member type="node" ref="468504218" role=""/>
  <member type="node" ref="502539086" role=""/>
  <member type="node" ref="502559665" role=""/>
  <member type="node" ref="502539076" role=""/>
  <member type="node" ref="502539059" role=""/>
  <member type="node" ref="502539057" role=""/>
  <member type="node" ref="502554000" role=""/>
  <member type="node" ref="502539055" role=""/>
  <member type="node" ref="502554008" role=""/>
  <member type="node" ref="502554013" role=""/>
  <member type="node" ref="502554021" role=""/>
  <member type="node" ref="502554028" role=""/>
  <member type="node" ref="502554036" role=""/>
  <member type="node" ref="502554041" role=""/>
  <member type="node" ref="502554047" role=""/>
  <member type="node" ref="482016786" role=""/>
  <member type="node" ref="502554206" role=""/>
  <member type="node" ref="502554207" role=""/>
  <member type="node" ref="502537735" role=""/>
  <tag k="name" v="15 Canterbury =&gt; Dover"/>
  <tag k="operator" v="Stagecoach South-East"/>
  <tag k="ref" v="15"/>
  <tag k="route" v="bus"/>
  <tag k="type" v="route"/>
 </relation>
 <relation id="16605401" visible="true" version="1" changeset="143230794" timestamp="2023-10-27T21:21:33Z" user="aknight22" uid="19880472">
  <member type="relation" ref="16549133" role=""/>
  <member type="relation" ref="16549132" role=""/>
  <tag k="name" v="Bus 15 Dover &lt;=&gt; Canterbury"/>
  <tag k="route_master" v="bus"/>
  <tag k="type" v="route_master"/>
 </relation>
 <relation id="17553047" visible="true" version="2" changeset="168801487" timestamp="2025-07-11T15:03:07Z" user="Adam Edwards" uid="953779">
  <member type="way" ref="22997599" role=""/>
  <member type="way" ref="22997609" role=""/>
  <member type="way" ref="22961077" role=""/>
  <member type="way" ref="22997601" role=""/>
  <member type="way" ref="22997602" role=""/>
  <member type="way" ref="22997600" role=""/>
  <member type="way" ref="22998600" role=""/>
  <member type="way" ref="98102542" role=""/>
  <member type="way" ref="49978534" role=""/>
  <member type="way" ref="49978543" role=""/>
  <member type="way" ref="1278571460" role=""/>
  <member type="way" ref="23086366" role=""/>
  <member type="way" ref="1278571469" role=""/>
  <member type="way" ref="1278571468" role=""/>
  <member type="way" ref="112866067" role=""/>
  <member type="way" ref="351913688" role=""/>
  <member type="way" ref="112866072" role=""/>
  <member type="way" ref="764453714" role=""/>
  <member type="way" ref="112866064" role=""/>
  <member type="way" ref="1278571457" role=""/>
  <member type="way" ref="1278571458" role=""/>
  <member type="way" ref="5019438" role=""/>
  <member type="way" ref="1234624393" role=""/>
  <member type="way" ref="1234624392" role=""/>
  <member type="way" ref="4471960" role=""/>
  <member type="way" ref="4471962" role=""/>
  <member type="way" ref="1274808678" role=""/>
  <member type="way" ref="1274661034" role=""/>
  <member type="way" ref="1274808677" role=""/>
  <member type="way" ref="1274661036" role=""/>
  <member type="way" ref="1274808680" role=""/>
  <member type="way" ref="73018546" role=""/>
  <member type="way" ref="73018525" role=""/>
  <member type="way" ref="25016926" role=""/>
  <member type="way" ref="27178374" role=""/>
  <member type="way" ref="1279354723" role=""/>
  <member type="way" ref="27178378" role=""/>
  <member type="way" ref="1279354725" role=""/>
  <member type="way" ref="148449335" role=""/>
  <member type="way" ref="148449334" role=""/>
  <member type="way" ref="148449330" role=""/>
  <member type="way" ref="148449328" role=""/>
  <member type="way" ref="148449333" role=""/>
  <member type="way" ref="27178645" role=""/>
  <member type="way" ref="1414097127" role=""/>
  <member type="way" ref="1279354731" role=""/>
  <member type="way" ref="1215513395" role=""/>
  <member type="way" ref="1215513396" role=""/>
  <member type="way" ref="37728406" role=""/>
  <member type="way" ref="37727928" role=""/>
  <member type="way" ref="22700401" role=""/>
  <member type="way" ref="1279354731" role=""/>
  <member type="way" ref="27178383" role=""/>
  <member type="way" ref="37707359" role=""/>
  <member type="way" ref="180208566" role=""/>
  <member type="way" ref="784142780" role=""/>
  <member type="way" ref="65157074" role=""/>
  <member type="way" ref="65157073" role=""/>
  <member type="way" ref="37707338" role=""/>
  <member type="way" ref="27178379" role=""/>
  <member type="way" ref="27178483" role=""/>
  <member type="way" ref="180207684" role=""/>
  <member type="way" ref="933774" role=""/>
  <member type="way" ref="1185397425" role=""/>
  <member type="way" ref="1185397426" role=""/>
  <member type="way" ref="180220282" role=""/>
  <member type="way" ref="30815177" role=""/>
  <member type="way" ref="67394533" role=""/>
  <member type="way" ref="67394557" role=""/>
  <member type="way" ref="471546014" role=""/>
  <member type="way" ref="471546013" role=""/>
  <member type="way" ref="471546012" role=""/>
  <member type="way" ref="23469514" role=""/>
  <member type="way" ref="148451461" role=""/>
  <member type="way" ref="23417410" role=""/>
  <member type="way" ref="471546008" role=""/>
  <member type="way" ref="471546005" role=""/>
  <member type="way" ref="66339766" role=""/>
  <member type="way" ref="871730659" role=""/>
  <member type="way" ref="871730660" role=""/>
  <member type="way" ref="244302181" role=""/>
  <member type="way" ref="1191909031" role=""/>
  <member type="way" ref="1191909030" role=""/>
  <member type="way" ref="184109653" role=""/>
  <member type="way" ref="764445067" role=""/>
  <member type="way" ref="1178597959" role=""/>
  <member type="way" ref="530029354" role=""/>
  <member type="way" ref="23330212" role=""/>
  <member type="way" ref="23330213" role=""/>
  <member type="way" ref="4433602" role=""/>
  <member type="way" ref="934408" role=""/>
  <member type="way" ref="23417092" role=""/>
  <member type="way" ref="23436407" role=""/>
  <member type="way" ref="23436408" role=""/>
  <member type="way" ref="4476024" role=""/>
  <member type="way" ref="51564562" role=""/>
  <member type="way" ref="51564564" role=""/>
  <member type="way" ref="184108275" role=""/>
  <member type="way" ref="23443896" role=""/>
  <member type="way" ref="23443895" role=""/>
  <member type="way" ref="1178714931" role=""/>
  <member type="way" ref="4554347" role=""/>
  <member type="way" ref="184458046" role=""/>
  <member type="way" ref="61048871" role=""/>
  <member type="way" ref="146904760" role=""/>
  <member type="way" ref="317479602" role=""/>
  <member type="way" ref="317479601" role=""/>
  <member type="way" ref="146862199" role=""/>
  <member type="way" ref="1208977554" role=""/>
  <member type="way" ref="146862197" role=""/>
  <member type="way" ref="146862196" role=""/>
  <member type="way" ref="317479600" role=""/>
  <member type="way" ref="1178064231" role=""/>
  <member type="way" ref="26588280" role=""/>
  <member type="way" ref="631626599" role=""/>
  <member type="way" ref="130453478" role=""/>
  <member type="way" ref="631626600" role=""/>
  <member type="way" ref="130453477" role=""/>
  <member type="way" ref="1263633741" role=""/>
  <member type="way" ref="4476026" role=""/>
  <member type="way" ref="9644097" role=""/>
  <member type="way" ref="1099488542" role=""/>
  <member type="way" ref="1101029051" role=""/>
  <member type="way" ref="4476020" role=""/>
  <member type="way" ref="1208977553" role=""/>
  <member type="way" ref="1099488546" role=""/>
  <member type="way" ref="1099488547" role=""/>
  <member type="way" ref="4354122" role=""/>
  <member type="way" ref="1099488549" role=""/>
  <member type="way" ref="4476018" role=""/>
  <member type="way" ref="141113077" role=""/>
  <member type="way" ref="4476019" role=""/>
  <member type="way" ref="1175996327" role=""/>
  <member type="node" ref="502554928" role="platform"/>
  <member type="node" ref="502554720" role="platform"/>
  <member type="node" ref="502554726" role="platform"/>
  <member type="node" ref="502554730" role="platform"/>
  <member type="node" ref="502554734" role="platform"/>
  <member type="node" ref="502554739" role="platform"/>
  <member type="node" ref="502554746" role="platform"/>
  <member type="node" ref="502539021" role="platform"/>
  <member type="node" ref="502539023" role="platform"/>
  <member type="node" ref="502539025" role="platform"/>
  <member type="node" ref="502554373" role="platform"/>
  <member type="node" ref="502554372" role="platform"/>
  <member type="node" ref="502554368" role="platform"/>
  <member type="node" ref="1615500312" role="platform"/>
  <member type="node" ref="11281336066" role="platform"/>
  <member type="node" ref="442537569" role="platform"/>
  <member type="node" ref="11262524652" role="platform"/>
  <member type="node" ref="502539939" role="platform"/>
  <member type="node" ref="502539072" role="platform"/>
  <member type="node" ref="502539080" role="platform"/>
  <member type="node" ref="502559661" role="platform"/>
  <member type="node" ref="502539094" role="platform"/>
  <member type="node" ref="502538716" role="platform"/>
  <member type="node" ref="502539044" role="platform"/>
  <member type="node" ref="502562091" role="platform"/>
  <member type="node" ref="502562082" role="platform"/>
  <member type="node" ref="502558180" role="platform"/>
  <member type="node" ref="502538207" role="platform"/>
  <member type="node" ref="502558137" role="platform"/>
  <tag k="duration" v="46"/>
  <tag k="from" v="Deal"/>
  <tag k="interval" v="30"/>
  <tag k="opening_hours" v="Mo-Fr 06:00-18:22; Sa 06:00-18:07"/>
  <tag k="operator" v="Stagecoach"/>
  <tag k="ref" v="12"/>
  <tag k="route" v="bus"/>
  <tag k="to" v="Canterbury"/>
  <tag k="type" v="route"/>
 </relation>
 <relation id="17553048" visible="true" version="5" changeset="186804738" timestamp="2026-08-02T11:25:16Z" user="MacLondon" uid="322039">
  <member type="node" ref="502540489" role="platform"/>
  <member type="way" ref="136510823" role=""/>
  <member type="way" ref="1546708033" role=""/>
  <member type="way" ref="141113076" role=""/>
  <member type="way" ref="31725977" role=""/>
  <member type="way" ref="1099488540" role=""/>
  <member type="way" ref="1099488539" role=""/>
  <member type="way" ref="1175996326" role=""/>
  <member type="way" ref="4476027" role=""/>
  <member type="way" ref="1177970940" role=""/>
  <member type="way" ref="9644095" role=""/>
  <member type="way" ref="1263633741" role=""/>
  <member type="way" ref="130453477" role=""/>
  <member type="way" ref="631626600" role=""/>
  <member type="way" ref="130453478" role=""/>
  <member type="way" ref="631626599" role=""/>
  <member type="way" ref="26588280" role=""/>
  <member type="way" ref="1178064231" role=""/>
  <member type="way" ref="317479600" role=""/>
  <member type="way" ref="146862196" role=""/>
  <member type="way" ref="146862198" role=""/>
  <member type="way" ref="317479604" role=""/>
  <member type="way" ref="28798080" role=""/>
  <member type="way" ref="184458046" role=""/>
  <member type="way" ref="4554347" role=""/>
  <member type="way" ref="1178714931" role=""/>
  <member type="way" ref="4554348" role=""/>
  <member type="way" ref="61048874" role=""/>
  <member type="way" ref="61048873" role=""/>
  <member type="way" ref="148556250" role=""/>
  <member type="way" ref="23436409" role=""/>
  <member type="way" ref="23436410" role=""/>
  <member type="way" ref="23417091" role=""/>
  <member type="way" ref="4433600" role=""/>
  <member type="way" ref="23417260" role=""/>
  <member type="way" ref="23330215" role=""/>
  <member type="way" ref="23330214" role=""/>
  <member type="way" ref="23417371" role=""/>
  <member type="way" ref="184109654" role=""/>
  <member type="way" ref="1191909028" role=""/>
  <member type="way" ref="471546004" role=""/>
  <member type="way" ref="244302175" role=""/>
  <member type="way" ref="66339759" role=""/>
  <member type="way" ref="148451461" role=""/>
  <member type="way" ref="471546011" role=""/>
  <member type="way" ref="471546010" role=""/>
  <member type="way" ref="471546009" role=""/>
  <member type="way" ref="148451459" role=""/>
  <member type="way" ref="67394557" role=""/>
  <member type="way" ref="67394533" role=""/>
  <member type="way" ref="30815177" role=""/>
  <member type="way" ref="933776" role=""/>
  <member type="way" ref="1281774138" role=""/>
  <member type="way" ref="375890724" role=""/>
  <member type="way" ref="1233548612" role=""/>
  <member type="way" ref="1215562838" role=""/>
  <member type="way" ref="1233548611" role=""/>
  <member type="way" ref="1215513393" role=""/>
  <member type="way" ref="1233548610" role=""/>
  <member type="way" ref="27178380" role=""/>
  <member type="way" ref="180207683" role=""/>
  <member type="way" ref="1215513394" role=""/>
  <member type="way" ref="180207682" role=""/>
  <member type="way" ref="65157073" role=""/>
  <member type="way" ref="65157074" role=""/>
  <member type="way" ref="784142780" role=""/>
  <member type="way" ref="180208566" role=""/>
  <member type="way" ref="37707359" role=""/>
  <member type="way" ref="37707266" role=""/>
  <member type="way" ref="1215513396" role=""/>
  <member type="way" ref="37728406" role=""/>
  <member type="way" ref="37727928" role=""/>
  <member type="way" ref="22700401" role=""/>
  <member type="way" ref="1414097127" role=""/>
  <member type="way" ref="27178645" role=""/>
  <member type="way" ref="148449332" role=""/>
  <member type="way" ref="1279354728" role=""/>
  <member type="way" ref="148449331" role=""/>
  <member type="way" ref="148449334" role=""/>
  <member type="way" ref="180209940" role=""/>
  <member type="way" ref="1279354727" role=""/>
  <member type="way" ref="148449326" role=""/>
  <member type="way" ref="25016929" role=""/>
  <member type="way" ref="25016930" role=""/>
  <member type="way" ref="148449344" role=""/>
  <member type="way" ref="148449358" role=""/>
  <member type="way" ref="1279354732" role=""/>
  <member type="way" ref="25016924" role=""/>
  <member type="way" ref="148449321" role=""/>
  <member type="way" ref="73018525" role=""/>
  <member type="way" ref="73018548" role=""/>
  <member type="way" ref="1274808679" role=""/>
  <member type="way" ref="4471961" role=""/>
  <member type="way" ref="4471960" role=""/>
  <member type="way" ref="1234624392" role=""/>
  <member type="way" ref="1234624393" role=""/>
  <member type="way" ref="5019438" role=""/>
  <member type="way" ref="1278571458" role=""/>
  <member type="way" ref="1278571457" role=""/>
  <member type="way" ref="112866064" role=""/>
  <member type="way" ref="764453714" role=""/>
  <member type="way" ref="112866072" role=""/>
  <member type="way" ref="351913688" role=""/>
  <member type="way" ref="112866067" role=""/>
  <member type="way" ref="1278571468" role=""/>
  <member type="way" ref="23086309" role=""/>
  <member type="way" ref="1278571470" role=""/>
  <member type="way" ref="23086366" role=""/>
  <member type="way" ref="1278571460" role=""/>
  <member type="way" ref="49978543" role=""/>
  <member type="way" ref="49978534" role=""/>
  <member type="way" ref="98102542" role=""/>
  <member type="way" ref="22998600" role=""/>
  <member type="way" ref="974421802" role=""/>
  <member type="way" ref="22997605" role=""/>
  <member type="way" ref="22997606" role=""/>
  <member type="way" ref="22961077" role=""/>
  <member type="way" ref="1274661041" role=""/>
  <member type="way" ref="22997598" role=""/>
  <member type="way" ref="1284491359" role=""/>
  <member type="node" ref="502562075" role="platform"/>
  <member type="node" ref="467856746" role="platform"/>
  <member type="node" ref="468500945" role="platform"/>
  <member type="node" ref="28866169" role="platform"/>
  <member type="node" ref="502539046" role="platform"/>
  <member type="node" ref="502538714" role="platform"/>
  <member type="node" ref="468504218" role="platform"/>
  <member type="node" ref="502539086" role="platform"/>
  <member type="node" ref="502559665" role="platform"/>
  <member type="node" ref="502539076" role="platform"/>
  <member type="node" ref="502539945" role="platform"/>
  <member type="node" ref="502553870" role="platform"/>
  <member type="node" ref="442537569" role="platform"/>
  <member type="node" ref="11281336067" role="platform"/>
  <member type="node" ref="1615500307" role="platform"/>
  <member type="node" ref="502554366" role="platform"/>
  <member type="node" ref="502554370" role="platform"/>
  <member type="node" ref="502554375" role="platform"/>
  <member type="node" ref="502539027" role="platform"/>
  <member type="node" ref="502554381" role="platform"/>
  <member type="node" ref="502554382" role="platform"/>
  <member type="node" ref="502538994" role="platform"/>
  <member type="node" ref="502554663" role="platform"/>
  <member type="node" ref="502554671" role="platform"/>
  <member type="node" ref="502554678" role="platform"/>
  <member type="node" ref="502554685" role="platform"/>
  <member type="node" ref="502538991" role="platform"/>
  <member type="node" ref="502554928" role="platform"/>
  <tag k="duration" v="46"/>
  <tag k="from" v="Canterbury"/>
  <tag k="interval" v="30"/>
  <tag k="opening_hours" v="Mo-Fr 09:00-19:31; Sa 08:30-19:16"/>
  <tag k="operator" v="Stagecoach"/>
  <tag k="ref" v="12"/>
  <tag k="route" v="bus"/>
  <tag k="to" v="Deal"/>
  <tag k="type" v="route"/>
 </relation>
 <relation id="17553049" visible="true" version="1" changeset="150839677" timestamp="2024-05-03T14:06:03Z" user="aknight22" uid="19880472">
  <member type="relation" ref="17553047" role=""/>
  <member type="relation" ref="17553048" role=""/>
  <tag k="operator" v="Stagecoach"/>
  <tag k="ref" v="12"/>
  <tag k="route_master" v="bus"/>
  <tag k="type" v="route_master"/>
 </relation>
 <relation id="18107561" visible="true" version="1" changeset="157303764" timestamp="2024-09-30T15:38:10Z" user="Palgrave Peter" uid="11471297">
  <member type="way" ref="1319648167" role="outer"/>
  <member type="way" ref="23536357" role="inner"/>
  <tag k="landuse" v="farmland"/>
  <tag k="type" v="multipolygon"/>
 </relation>
 <relation id="18109802" visible="true" version="1" changeset="157329057" timestamp="2024-10-01T09:12:10Z" user="Palgrave Peter" uid="11471297">
  <member type="way" ref="1319827802" role="outer"/>
  <member type="way" ref="1319827804" role="inner"/>
  <member type="way" ref="1319827803" role="inner"/>
  <tag k="garden:type" v="residential"/>
  <tag k="leisure" v="garden"/>
  <tag k="type" v="multipolygon"/>
 </relation>
 <relation id="18109805" visible="true" version="1" changeset="157329057" timestamp="2024-10-01T09:12:10Z" user="Palgrave Peter" uid="11471297">
  <member type="way" ref="1319827842" role="outer"/>
  <member type="way" ref="1319827843" role="inner"/>
  <tag k="garden:type" v="residential"/>
  <tag k="leisure" v="garden"/>
  <tag k="type" v="multipolygon"/>
 </relation>
 <relation id="18109806" visible="true" version="1" changeset="157329057" timestamp="2024-10-01T09:12:10Z" user="Palgrave Peter" uid="11471297">
  <member type="way" ref="1319827849" role="outer"/>
  <member type="way" ref="1319827850" role="inner"/>
  <tag k="garden:type" v="residential"/>
  <tag k="leisure" v="garden"/>
  <tag k="type" v="multipolygon"/>
 </relation>
 <relation id="18109807" visible="true" version="1" changeset="157329057" timestamp="2024-10-01T09:12:10Z" user="Palgrave Peter" uid="11471297">
  <member type="way" ref="1319827791" role="outer"/>
  <member type="way" ref="1319827854" role="inner"/>
  <tag k="garden:type" v="residential"/>
  <tag k="leisure" v="garden"/>
  <tag k="type" v="multipolygon"/>
 </relation>
 <relation id="18110155" visible="true" version="1" changeset="157334628" timestamp="2024-10-01T11:29:26Z" user="Palgrave Peter" uid="11471297">
  <member type="way" ref="1319852464" role="outer"/>
  <member type="way" ref="1319852465" role="inner"/>
  <tag k="garden:type" v="residential"/>
  <tag k="leisure" v="garden"/>
  <tag k="type" v="multipolygon"/>
 </relation>
 <relation id="20450448" visible="true" version="1" changeset="181356056" timestamp="2026-04-15T08:55:09Z" user="Simcoaxial" uid="547585">
  <member type="way" ref="7286485" role="from"/>
  <member type="node" ref="1079017844" role="via"/>
  <member type="way" ref="1499547167" role="to"/>
  <tag k="restriction" v="no_right_turn"/>
  <tag k="type" v="restriction"/>
 </relation>
 <relation id="20450449" visible="true" version="1" changeset="181356056" timestamp="2026-04-15T08:55:09Z" user="Simcoaxial" uid="547585">
  <member type="way" ref="1499547166" role="from"/>
  <member type="node" ref="1079017844" role="via"/>
  <member type="way" ref="1499547167" role="to"/>
  <tag k="restriction" v="no_left_turn"/>
  <tag k="type" v="restriction"/>
 </relation>
 <relation id="20450450" visible="true" version="1" changeset="181356056" timestamp="2026-04-15T08:55:09Z" user="Simcoaxial" uid="547585">
  <member type="way" ref="1499547167" role="from"/>
  <member type="node" ref="1079017844" role="via"/>
  <member type="way" ref="1499547166" role="to"/>
  <tag k="restriction" v="no_right_turn"/>
  <tag k="type" v="restriction"/>
 </relation>
 <relation id="20450451" visible="true" version="1" changeset="181356056" timestamp="2026-04-15T08:55:09Z" user="Simcoaxial" uid="547585">
  <member type="way" ref="1499547167" role="from"/>
  <member type="node" ref="1079017844" role="via"/>
  <member type="way" ref="7286485" role="to"/>
  <tag k="restriction" v="no_left_turn"/>
  <tag k="type" v="restriction"/>
 </relation>
 <relation id="21251713" visible="true" version="1" changeset="187679721" timestamp="2026-08-19T09:46:24Z" user="BCNorwich" uid="322785">
  <member type="way" ref="797343741" role=""/>
  <member type="way" ref="797343742" role=""/>
  <member type="way" ref="797343743" role=""/>
  <member type="way" ref="797343744" role=""/>
  <member type="way" ref="797343745" role=""/>
  <member type="way" ref="797343740" role=""/>
  <member type="way" ref="234347788" role=""/>
  <member type="way" ref="234347787" role=""/>
  <tag k="highway" v="raceway"/>
  <tag k="name" v="Lydden Hill Race Circuit"/>
  <tag k="sport" v="motor"/>
  <tag k="type" v="circuit"/>
 </relation>
</osm>
