<?xml version="1.0" encoding="UTF-8"?>
<osm version="0.6" generator="openstreetmap-cgimap 2.1.0 (3498752 spike-06.openstreetmap.org)" copyright="OpenStreetMap and contributors" attribution="http://www.openstreetmap.org/copyright" license="http://opendatacommons.org/licenses/odbl/1-0/">
 <bounds minlat="36.1400000" minlon="-81.0770000" maxlat="36.1460000" maxlon="-81.0690000"/>
 <node id="195828217" visible="true" version="3" changeset="99901575" timestamp="2021-02-24T11:45:17Z" user="daggarw" uid="10127762" lat="36.1431567" lon="-81.0950699"/>
 <node id="195828270" visible="true" version="3" changeset="52011785" timestamp="2017-09-13T16:04:57Z" user="sandhill" uid="1694880" lat="36.1429421" lon="-81.0985867"/>
 <node id="195828272" visible="true" version="3" changeset="52011914" timestamp="2017-09-13T16:09:48Z" user="sandhill" uid="1694880" lat="36.1429590" lon="-81.0983293"/>
 <node id="195829121" visible="true" version="3" changeset="16218829" timestamp="2013-05-21T03:49:30Z" user="Thad C" uid="349027" lat="36.1428549" lon="-81.0710535"/>
 <node id="195829123" visible="true" version="4" changeset="77228966" timestamp="2019-11-18T13:22:16Z" user="Yoshinion" uid="3151684" lat="36.1424891" lon="-81.0710411"/>
 <node id="195829124" visible="true" version="3" changeset="16218829" timestamp="2013-05-21T03:49:30Z" user="Thad C" uid="349027" lat="36.1413545" lon="-81.0706001"/>
 <node id="195829125" visible="true" version="3" changeset="16218829" timestamp="2013-05-21T03:49:30Z" user="Thad C" uid="349027" lat="36.1411921" lon="-81.0709049"/>
 <node id="195829126" visible="true" version="3" changeset="16218829" timestamp="2013-05-21T03:49:30Z" user="Thad C" uid="349027" lat="36.1409914" lon="-81.0714996"/>
 <node id="195829128" visible="true" version="3" changeset="16218829" timestamp="2013-05-21T03:49:30Z" user="Thad C" uid="349027" lat="36.1408197" lon="-81.0721253"/>
 <node id="195829131" visible="true" version="3" changeset="16218829" timestamp="2013-05-21T03:49:30Z" user="Thad C" uid="349027" lat="36.1407491" lon="-81.0724236"/>
 <node id="195829133" visible="true" version="3" changeset="16218829" timestamp="2013-05-21T03:49:30Z" user="Thad C" uid="349027" lat="36.1407605" lon="-81.0726222"/>
 <node id="195829135" visible="true" version="3" changeset="16218829" timestamp="2013-05-21T03:49:30Z" user="Thad C" uid="349027" lat="36.1407776" lon="-81.0727163"/>
 <node id="195829137" visible="true" version="3" changeset="16218829" timestamp="2013-05-21T03:49:30Z" user="Thad C" uid="349027" lat="36.1412265" lon="-81.0734156"/>
 <node id="195829138" visible="true" version="3" changeset="16218829" timestamp="2013-05-21T03:49:30Z" user="Thad C" uid="349027" lat="36.1414557" lon="-81.0736945"/>
 <node id="195829139" visible="true" version="3" changeset="16218829" timestamp="2013-05-21T03:49:30Z" user="Thad C" uid="349027" lat="36.1420505" lon="-81.0747619"/>
 <node id="195829141" visible="true" version="2" changeset="3037985" timestamp="2009-11-05T04:35:40Z" user="woodpeck_fixbot" uid="147510" lat="36.1423740" lon="-81.0751190"/>
 <node id="195829143" visible="true" version="3" changeset="16218829" timestamp="2013-05-21T03:49:30Z" user="Thad C" uid="349027" lat="36.1428322" lon="-81.0751334"/>
 <node id="195829145" visible="true" version="3" changeset="16218829" timestamp="2013-05-21T03:49:31Z" user="Thad C" uid="349027" lat="36.1435586" lon="-81.0751382"/>
 <node id="195829161" visible="true" version="4" changeset="139229894" timestamp="2023-07-31T00:11:02Z" user="mapman44" uid="2888253" lat="36.1414304" lon="-81.0702311"/>
 <node id="195829855" visible="true" version="3" changeset="51507383" timestamp="2017-08-28T12:14:59Z" user="sandhill" uid="1694880" lat="36.1317626" lon="-81.0657556"/>
 <node id="195841155" visible="true" version="3" changeset="47599359" timestamp="2017-04-09T17:34:27Z" user="bdiscoe" uid="402624" lat="36.1612430" lon="-81.0934359"/>
 <node id="195841320" visible="true" version="3" changeset="51990619" timestamp="2017-09-13T02:26:46Z" user="sandhill" uid="1694880" lat="36.1619421" lon="-81.0859982"/>
 <node id="195841652" visible="true" version="3" changeset="47599359" timestamp="2017-04-09T17:34:27Z" user="bdiscoe" uid="402624" lat="36.1614027" lon="-81.0919177"/>
 <node id="195844758" visible="true" version="2" changeset="3037985" timestamp="2009-11-05T04:39:40Z" user="woodpeck_fixbot" uid="147510" lat="36.1432770" lon="-81.0926270"/>
 <node id="195845638" visible="true" version="4" changeset="99602920" timestamp="2021-02-19T15:07:36Z" user="kollipay" uid="10480282" lat="36.1481594" lon="-81.0670240"/>
 <node id="195846335" visible="true" version="4" changeset="99603185" timestamp="2021-02-19T15:11:55Z" user="kollipay" uid="10480282" lat="36.1408116" lon="-81.0738122"/>
 <node id="195846337" visible="true" version="3" changeset="16218829" timestamp="2013-05-21T03:49:29Z" user="Thad C" uid="349027" lat="36.1408367" lon="-81.0735744"/>
 <node id="195846339" visible="true" version="3" changeset="16218829" timestamp="2013-05-21T03:49:29Z" user="Thad C" uid="349027" lat="36.1408285" lon="-81.0734153"/>
 <node id="195846341" visible="true" version="3" changeset="16218829" timestamp="2013-05-21T03:49:29Z" user="Thad C" uid="349027" lat="36.1408260" lon="-81.0733011"/>
 <node id="195846343" visible="true" version="3" changeset="16218829" timestamp="2013-05-21T03:49:29Z" user="Thad C" uid="349027" lat="36.1408210" lon="-81.0732064"/>
 <node id="195846345" visible="true" version="3" changeset="16218829" timestamp="2013-05-21T03:49:29Z" user="Thad C" uid="349027" lat="36.1408105" lon="-81.0731328"/>
 <node id="195852981" visible="true" version="2" changeset="3037985" timestamp="2009-11-05T04:42:24Z" user="woodpeck_fixbot" uid="147510" lat="36.1435870" lon="-81.0745550"/>
 <node id="195852982" visible="true" version="3" changeset="29936056" timestamp="2015-04-02T19:27:20Z" user="dr ingrid" uid="1901542" lat="36.1437272" lon="-81.0742285"/>
 <node id="195852983" visible="true" version="3" changeset="29936056" timestamp="2015-04-02T19:27:20Z" user="dr ingrid" uid="1901542" lat="36.1441550" lon="-81.0743725"/>
 <node id="195852984" visible="true" version="4" changeset="107625415" timestamp="2021-07-08T10:21:29Z" user="bnilima" uid="10192122" lat="36.1449034" lon="-81.0746088"/>
 <node id="195852986" visible="true" version="3" changeset="29936056" timestamp="2015-04-02T19:27:20Z" user="dr ingrid" uid="1901542" lat="36.1457690" lon="-81.0748110"/>
 <node id="195852989" visible="true" version="3" changeset="16218829" timestamp="2013-05-21T03:49:30Z" user="Thad C" uid="349027" lat="36.1473985" lon="-81.0737033"/>
 <node id="195853029" visible="true" version="3" changeset="16218829" timestamp="2013-05-21T03:49:30Z" user="Thad C" uid="349027" lat="36.1429146" lon="-81.0700490"/>
 <node id="195853041" visible="true" version="3" changeset="16218829" timestamp="2013-05-21T03:49:30Z" user="Thad C" uid="349027" lat="36.1428289" lon="-81.0715470"/>
 <node id="195854206" visible="true" version="3" changeset="16218829" timestamp="2013-05-21T03:49:31Z" user="Thad C" uid="349027" lat="36.1443681" lon="-81.0835710"/>
 <node id="195860826" visible="true" version="3" changeset="75773525" timestamp="2019-10-16T11:30:09Z" user="manitec" uid="10145715" lat="36.1355384" lon="-81.0659476"/>
 <node id="195860951" visible="true" version="4" changeset="100479610" timestamp="2021-03-05T09:40:24Z" user="bvvams" uid="11812101" lat="36.1311766" lon="-81.0659056"/>
 <node id="195864454" visible="true" version="4" changeset="51988919" timestamp="2017-09-12T22:53:18Z" user="sandhill" uid="1694880" lat="36.1599302" lon="-81.0711712"/>
 <node id="195864468" visible="true" version="4" changeset="51988919" timestamp="2017-09-12T22:53:18Z" user="sandhill" uid="1694880" lat="36.1596323" lon="-81.0739419"/>
 <node id="195866101" visible="true" version="3" changeset="47599359" timestamp="2017-04-09T17:34:27Z" user="bdiscoe" uid="402624" lat="36.1611540" lon="-81.0948952"/>
 <node id="195866471" visible="true" version="3" changeset="52015021" timestamp="2017-09-13T17:59:54Z" user="sandhill" uid="1694880" lat="36.1480261" lon="-81.0692269"/>
 <node id="195866837" visible="true" version="3" changeset="29936056" timestamp="2015-04-02T19:27:19Z" user="dr ingrid" uid="1901542" lat="36.1584580" lon="-81.0704213"/>
 <node id="195868626" visible="true" version="3" changeset="99893507" timestamp="2021-02-24T09:59:41Z" user="stoyrahu" uid="11810915" lat="36.1216717" lon="-81.0678289"/>
 <node id="195868647" visible="true" version="3" changeset="16218829" timestamp="2013-05-21T03:49:29Z" user="Thad C" uid="349027" lat="36.1478805" lon="-81.0719416"/>
 <node id="195868800" visible="true" version="3" changeset="49679508" timestamp="2017-06-19T22:55:05Z" user="sandhill" uid="1694880" lat="36.1483621" lon="-81.0632177"/>
 <node id="195868838" visible="true" version="4" changeset="177084838" timestamp="2026-01-11T06:01:52Z" user="TorCguy" uid="338843" lat="36.1484633" lon="-81.0614829"/>
 <node id="195869218" visible="true" version="4" changeset="52012756" timestamp="2017-09-13T16:43:47Z" user="sandhill" uid="1694880" lat="36.1475805" lon="-81.0733680"/>
 <node id="195869372" visible="true" version="3" changeset="16218829" timestamp="2013-05-21T03:49:30Z" user="Thad C" uid="349027" lat="36.1478987" lon="-81.0716672"/>
 <node id="195869374" visible="true" version="3" changeset="16218829" timestamp="2013-05-21T03:49:30Z" user="Thad C" uid="349027" lat="36.1465422" lon="-81.0707814"/>
 <node id="195869375" visible="true" version="3" changeset="16218829" timestamp="2013-05-21T03:49:30Z" user="Thad C" uid="349027" lat="36.1464932" lon="-81.0708763"/>
 <node id="195869377" visible="true" version="3" changeset="16218829" timestamp="2013-05-21T03:49:30Z" user="Thad C" uid="349027" lat="36.1464190" lon="-81.0709710"/>
 <node id="195869381" visible="true" version="3" changeset="16218829" timestamp="2013-05-21T03:49:30Z" user="Thad C" uid="349027" lat="36.1463062" lon="-81.0710103"/>
 <node id="195869383" visible="true" version="3" changeset="16218829" timestamp="2013-05-21T03:49:30Z" user="Thad C" uid="349027" lat="36.1456864" lon="-81.0705509"/>
 <node id="195870027" visible="true" version="2" changeset="2767262" timestamp="2009-10-07T04:39:35Z" user="woodpeck_fixbot" uid="147510" lat="36.1391610" lon="-81.0686490"/>
 <node id="195870081" visible="true" version="2" changeset="2767262" timestamp="2009-10-07T04:39:37Z" user="woodpeck_fixbot" uid="147510" lat="36.1386070" lon="-81.0679820"/>
 <node id="195870114" visible="true" version="3" changeset="75773525" timestamp="2019-10-16T11:30:09Z" user="manitec" uid="10145715" lat="36.1359976" lon="-81.0660771"/>
 <node id="195871935" visible="true" version="2" changeset="3037985" timestamp="2009-11-05T04:45:08Z" user="woodpeck_fixbot" uid="147510" lat="36.1421100" lon="-81.0715140"/>
 <node id="195871937" visible="true" version="3" changeset="16218829" timestamp="2013-05-21T03:49:29Z" user="Thad C" uid="349027" lat="36.1431458" lon="-81.0715536"/>
 <node id="195871939" visible="true" version="3" changeset="16218829" timestamp="2013-05-21T03:49:29Z" user="Thad C" uid="349027" lat="36.1437442" lon="-81.0717206"/>
 <node id="195871941" visible="true" version="3" changeset="16218829" timestamp="2013-05-21T03:49:29Z" user="Thad C" uid="349027" lat="36.1440202" lon="-81.0719565"/>
 <node id="195871943" visible="true" version="3" changeset="16218829" timestamp="2013-05-21T03:49:29Z" user="Thad C" uid="349027" lat="36.1441441" lon="-81.0722124"/>
 <node id="195871945" visible="true" version="3" changeset="16218829" timestamp="2013-05-21T03:49:29Z" user="Thad C" uid="349027" lat="36.1441884" lon="-81.0724360"/>
 <node id="195871947" visible="true" version="3" changeset="16218829" timestamp="2013-05-21T03:49:29Z" user="Thad C" uid="349027" lat="36.1441056" lon="-81.0728951"/>
 <node id="195871949" visible="true" version="3" changeset="16218829" timestamp="2013-05-21T03:49:29Z" user="Thad C" uid="349027" lat="36.1438555" lon="-81.0732657"/>
 <node id="195871951" visible="true" version="3" changeset="16218829" timestamp="2013-05-21T03:49:29Z" user="Thad C" uid="349027" lat="36.1435438" lon="-81.0733951"/>
 <node id="195871953" visible="true" version="3" changeset="16218829" timestamp="2013-05-21T03:49:29Z" user="Thad C" uid="349027" lat="36.1426547" lon="-81.0733670"/>
 <node id="195871955" visible="true" version="3" changeset="16218829" timestamp="2013-05-21T03:49:29Z" user="Thad C" uid="349027" lat="36.1415502" lon="-81.0731640"/>
 <node id="195871957" visible="true" version="3" changeset="16218829" timestamp="2013-05-21T03:49:29Z" user="Thad C" uid="349027" lat="36.1413153" lon="-81.0729231"/>
 <node id="195871959" visible="true" version="3" changeset="16218829" timestamp="2013-05-21T03:49:29Z" user="Thad C" uid="349027" lat="36.1411986" lon="-81.0725307"/>
 <node id="195871960" visible="true" version="3" changeset="16218829" timestamp="2013-05-21T03:49:29Z" user="Thad C" uid="349027" lat="36.1412379" lon="-81.0720857"/>
 <node id="195871961" visible="true" version="3" changeset="16218829" timestamp="2013-05-21T03:49:29Z" user="Thad C" uid="349027" lat="36.1414439" lon="-81.0717254"/>
 <node id="195871962" visible="true" version="2" changeset="3037985" timestamp="2009-11-05T04:45:09Z" user="woodpeck_fixbot" uid="147510" lat="36.1417160" lon="-81.0715820"/>
 <node id="195876029" visible="true" version="2" changeset="3037985" timestamp="2009-11-05T04:46:20Z" user="woodpeck_fixbot" uid="147510" lat="36.1471770" lon="-81.0638730"/>
 <node id="195883108" visible="true" version="3" changeset="28634057" timestamp="2015-02-05T16:43:34Z" user="ediyes" uid="1240849" lat="36.1509883" lon="-81.0664136"/>
 <node id="195883169" visible="true" version="3" changeset="22782803" timestamp="2014-06-06T20:38:19Z" user="MikeN" uid="135163" lat="36.1119596" lon="-81.0739755"/>
 <node id="195883170" visible="true" version="4" changeset="78979520" timestamp="2019-12-29T14:01:25Z" user="jumbanho" uid="38487" lat="36.1129600" lon="-81.0738096"/>
 <node id="195883171" visible="true" version="4" changeset="78979520" timestamp="2019-12-29T14:01:25Z" user="jumbanho" uid="38487" lat="36.1132049" lon="-81.0736862"/>
 <node id="195883173" visible="true" version="4" changeset="78979520" timestamp="2019-12-29T14:01:25Z" user="jumbanho" uid="38487" lat="36.1142254" lon="-81.0729781"/>
 <node id="195883175" visible="true" version="3" changeset="51510283" timestamp="2017-08-28T13:52:32Z" user="sandhill" uid="1694880" lat="36.1160846" lon="-81.0719854"/>
 <node id="195883177" visible="true" version="4" changeset="78979520" timestamp="2019-12-29T14:01:25Z" user="jumbanho" uid="38487" lat="36.1167909" lon="-81.0715592"/>
 <node id="195883179" visible="true" version="4" changeset="78979520" timestamp="2019-12-29T14:01:25Z" user="jumbanho" uid="38487" lat="36.1169707" lon="-81.0713902"/>
 <node id="195883180" visible="true" version="3" changeset="51510283" timestamp="2017-08-28T13:52:31Z" user="sandhill" uid="1694880" lat="36.1172937" lon="-81.0709224"/>
 <node id="195883181" visible="true" version="3" changeset="51507625" timestamp="2017-08-28T12:23:39Z" user="sandhill" uid="1694880" lat="36.1177591" lon="-81.0699473"/>
 <node id="195883182" visible="true" version="3" changeset="51507625" timestamp="2017-08-28T12:23:39Z" user="sandhill" uid="1694880" lat="36.1180159" lon="-81.0694952"/>
 <node id="195883183" visible="true" version="4" changeset="78979520" timestamp="2019-12-29T14:01:25Z" user="jumbanho" uid="38487" lat="36.1183986" lon="-81.0688072"/>
 <node id="195883184" visible="true" version="4" changeset="78979520" timestamp="2019-12-29T14:01:25Z" user="jumbanho" uid="38487" lat="36.1186781" lon="-81.0684049"/>
 <node id="195883185" visible="true" version="3" changeset="51507625" timestamp="2017-08-28T12:23:38Z" user="sandhill" uid="1694880" lat="36.1191254" lon="-81.0679889"/>
 <node id="195883187" visible="true" version="4" changeset="78979520" timestamp="2019-12-29T14:01:25Z" user="jumbanho" uid="38487" lat="36.1192523" lon="-81.0679114"/>
 <node id="195883193" visible="true" version="3" changeset="51507625" timestamp="2017-08-28T12:23:38Z" user="sandhill" uid="1694880" lat="36.1202893" lon="-81.0679163"/>
 <node id="195883195" visible="true" version="3" changeset="51507625" timestamp="2017-08-28T12:23:38Z" user="sandhill" uid="1694880" lat="36.1209501" lon="-81.0679143"/>
 <node id="195883197" visible="true" version="3" changeset="51507625" timestamp="2017-08-28T12:23:38Z" user="sandhill" uid="1694880" lat="36.1237498" lon="-81.0668087"/>
 <node id="195883200" visible="true" version="3" changeset="51507625" timestamp="2017-08-28T12:23:38Z" user="sandhill" uid="1694880" lat="36.1244752" lon="-81.0666170"/>
 <node id="195883202" visible="true" version="3" changeset="51507625" timestamp="2017-08-28T12:23:38Z" user="sandhill" uid="1694880" lat="36.1252034" lon="-81.0667020"/>
 <node id="195883204" visible="true" version="3" changeset="51507383" timestamp="2017-08-28T12:14:59Z" user="sandhill" uid="1694880" lat="36.1259095" lon="-81.0667106"/>
 <node id="195883206" visible="true" version="3" changeset="51507383" timestamp="2017-08-28T12:14:59Z" user="sandhill" uid="1694880" lat="36.1267463" lon="-81.0667386"/>
 <node id="195883207" visible="true" version="3" changeset="51507383" timestamp="2017-08-28T12:14:59Z" user="sandhill" uid="1694880" lat="36.1271054" lon="-81.0667093"/>
 <node id="195883208" visible="true" version="3" changeset="51507383" timestamp="2017-08-28T12:14:59Z" user="sandhill" uid="1694880" lat="36.1303277" lon="-81.0662980"/>
 <node id="195883209" visible="true" version="3" changeset="51496452" timestamp="2017-08-28T03:36:41Z" user="sandhill" uid="1694880" lat="36.1329063" lon="-81.0657385"/>
 <node id="195883210" visible="true" version="3" changeset="51496452" timestamp="2017-08-28T03:36:41Z" user="sandhill" uid="1694880" lat="36.1344976" lon="-81.0657642"/>
 <node id="195883212" visible="true" version="3" changeset="75773525" timestamp="2019-10-16T11:30:09Z" user="manitec" uid="10145715" lat="36.1356776" lon="-81.0659944"/>
 <node id="195883214" visible="true" version="2" changeset="2767262" timestamp="2009-10-07T04:45:10Z" user="woodpeck_fixbot" uid="147510" lat="36.1371070" lon="-81.0666490"/>
 <node id="195883216" visible="true" version="3" changeset="16218829" timestamp="2013-05-21T03:49:29Z" user="Thad C" uid="349027" lat="36.1380303" lon="-81.0673319"/>
 <node id="195883218" visible="true" version="3" changeset="16218829" timestamp="2013-05-21T03:49:29Z" user="Thad C" uid="349027" lat="36.1381930" lon="-81.0675243"/>
 <node id="195883220" visible="true" version="3" changeset="76033428" timestamp="2019-10-22T07:52:10Z" user="sainiyam" uid="10127769" lat="36.1389866" lon="-81.0684325"/>
 <node id="195883222" visible="true" version="3" changeset="139229894" timestamp="2023-07-31T00:11:02Z" user="mapman44" uid="2888253" lat="36.1400623" lon="-81.0695790"/>
 <node id="195883226" visible="true" version="4" changeset="139229894" timestamp="2023-07-31T00:11:02Z" user="mapman44" uid="2888253" lat="36.1411613" lon="-81.0701590"/>
 <node id="195883228" visible="true" version="3" changeset="100464614" timestamp="2021-03-05T06:16:09Z" user="pppadal" uid="10209001" lat="36.1423022" lon="-81.0702544"/>
 <node id="195883229" visible="true" version="3" changeset="16218829" timestamp="2013-05-21T03:49:29Z" user="Thad C" uid="349027" lat="36.1430664" lon="-81.0699652"/>
 <node id="195883230" visible="true" version="4" changeset="100464614" timestamp="2021-03-05T06:16:09Z" user="pppadal" uid="10209001" lat="36.1434167" lon="-81.0697079"/>
 <node id="195883231" visible="true" version="4" changeset="47599359" timestamp="2017-04-09T17:34:27Z" user="bdiscoe" uid="402624" lat="36.1435606" lon="-81.0695758"/>
 <node id="195883240" visible="true" version="3" changeset="47599359" timestamp="2017-04-09T17:34:27Z" user="bdiscoe" uid="402624" lat="36.1439277" lon="-81.0691413"/>
 <node id="195883242" visible="true" version="3" changeset="47599359" timestamp="2017-04-09T17:34:27Z" user="bdiscoe" uid="402624" lat="36.1440631" lon="-81.0689294"/>
 <node id="195883243" visible="true" version="3" changeset="47599359" timestamp="2017-04-09T17:34:27Z" user="bdiscoe" uid="402624" lat="36.1442440" lon="-81.0685713"/>
 <node id="195883245" visible="true" version="3" changeset="47599359" timestamp="2017-04-09T17:34:27Z" user="bdiscoe" uid="402624" lat="36.1443902" lon="-81.0681596"/>
 <node id="195883247" visible="true" version="3" changeset="51984117" timestamp="2017-09-12T19:30:16Z" user="sandhill" uid="1694880" lat="36.1445232" lon="-81.0675824"/>
 <node id="195883249" visible="true" version="3" changeset="51984117" timestamp="2017-09-12T19:30:16Z" user="sandhill" uid="1694880" lat="36.1447396" lon="-81.0656609"/>
 <node id="195883251" visible="true" version="3" changeset="51984117" timestamp="2017-09-12T19:30:16Z" user="sandhill" uid="1694880" lat="36.1449037" lon="-81.0650010"/>
 <node id="195883253" visible="true" version="3" changeset="51984117" timestamp="2017-09-12T19:30:16Z" user="sandhill" uid="1694880" lat="36.1453805" lon="-81.0643301"/>
 <node id="195883255" visible="true" version="3" changeset="51984117" timestamp="2017-09-12T19:30:16Z" user="sandhill" uid="1694880" lat="36.1456441" lon="-81.0641137"/>
 <node id="195883256" visible="true" version="3" changeset="51984117" timestamp="2017-09-12T19:30:16Z" user="sandhill" uid="1694880" lat="36.1457944" lon="-81.0640629"/>
 <node id="195883257" visible="true" version="3" changeset="51984117" timestamp="2017-09-12T19:30:16Z" user="sandhill" uid="1694880" lat="36.1466587" lon="-81.0639231"/>
 <node id="195883258" visible="true" version="3" changeset="28634057" timestamp="2015-02-05T16:43:35Z" user="ediyes" uid="1240849" lat="36.1480998" lon="-81.0638213"/>
 <node id="195883259" visible="true" version="3" changeset="28634057" timestamp="2015-02-05T16:43:35Z" user="ediyes" uid="1240849" lat="36.1483327" lon="-81.0638120"/>
 <node id="195883260" visible="true" version="3" changeset="28634057" timestamp="2015-02-05T16:43:35Z" user="ediyes" uid="1240849" lat="36.1492153" lon="-81.0643863"/>
 <node id="195883262" visible="true" version="3" changeset="28634057" timestamp="2015-02-05T16:43:35Z" user="ediyes" uid="1240849" lat="36.1496272" lon="-81.0648096"/>
 <node id="195883263" visible="true" version="3" changeset="28634057" timestamp="2015-02-05T16:43:35Z" user="ediyes" uid="1240849" lat="36.1496675" lon="-81.0648454"/>
 <node id="195883264" visible="true" version="3" changeset="28634057" timestamp="2015-02-05T16:43:35Z" user="ediyes" uid="1240849" lat="36.1498861" lon="-81.0651258"/>
 <node id="195883265" visible="true" version="3" changeset="29936056" timestamp="2015-04-02T19:27:20Z" user="dr ingrid" uid="1901542" lat="36.1504776" lon="-81.0659227"/>
 <node id="195883268" visible="true" version="4" changeset="99602920" timestamp="2021-02-19T15:07:36Z" user="kollipay" uid="10480282" lat="36.1508599" lon="-81.0662973"/>
 <node id="195883270" visible="true" version="3" changeset="28634057" timestamp="2015-02-05T16:43:35Z" user="ediyes" uid="1240849" lat="36.1515588" lon="-81.0669271"/>
 <node id="195883272" visible="true" version="3" changeset="28634057" timestamp="2015-02-05T16:43:35Z" user="ediyes" uid="1240849" lat="36.1517747" lon="-81.0670732"/>
 <node id="195883274" visible="true" version="3" changeset="29936056" timestamp="2015-04-02T19:27:20Z" user="dr ingrid" uid="1901542" lat="36.1543344" lon="-81.0692404"/>
 <node id="195883275" visible="true" version="3" changeset="29936056" timestamp="2015-04-02T19:27:20Z" user="dr ingrid" uid="1901542" lat="36.1549538" lon="-81.0695416"/>
 <node id="195883283" visible="true" version="2" changeset="2767262" timestamp="2009-10-07T04:45:12Z" user="woodpeck_fixbot" uid="147510" lat="36.1564350" lon="-81.0698980"/>
 <node id="195883285" visible="true" version="4" changeset="177084874" timestamp="2026-01-11T06:04:37Z" user="TorCguy" uid="338843" lat="36.1590713" lon="-81.0705761"/>
 <node id="195883287" visible="true" version="3" changeset="29936056" timestamp="2015-04-02T19:27:20Z" user="dr ingrid" uid="1901542" lat="36.1594843" lon="-81.0707260"/>
 <node id="195883289" visible="true" version="3" changeset="29936056" timestamp="2015-04-02T19:27:20Z" user="dr ingrid" uid="1901542" lat="36.1597162" lon="-81.0709090"/>
 <node id="195883291" visible="true" version="4" changeset="51988919" timestamp="2017-09-12T22:53:18Z" user="sandhill" uid="1694880" lat="36.1601611" lon="-81.0720421"/>
 <node id="195883293" visible="true" version="3" changeset="29936056" timestamp="2015-04-02T19:27:20Z" user="dr ingrid" uid="1901542" lat="36.1593013" lon="-81.0749312"/>
 <node id="195883295" visible="true" version="3" changeset="29936056" timestamp="2015-04-02T19:27:20Z" user="dr ingrid" uid="1901542" lat="36.1590016" lon="-81.0757037"/>
 <node id="195883296" visible="true" version="4" changeset="51988919" timestamp="2017-09-12T22:53:18Z" user="sandhill" uid="1694880" lat="36.1586491" lon="-81.0764572"/>
 <node id="195883298" visible="true" version="4" changeset="99986087" timestamp="2021-02-25T15:16:26Z" user="srirohan" uid="10240920" lat="36.1586341" lon="-81.0764879"/>
 <node id="195883299" visible="true" version="2" changeset="2767262" timestamp="2009-10-07T04:45:12Z" user="woodpeck_fixbot" uid="147510" lat="36.1581190" lon="-81.0775400"/>
 <node id="195883301" visible="true" version="2" changeset="2767262" timestamp="2009-10-07T04:45:12Z" user="woodpeck_fixbot" uid="147510" lat="36.1577850" lon="-81.0783140"/>
 <node id="195883303" visible="true" version="3" changeset="51990619" timestamp="2017-09-13T02:26:46Z" user="sandhill" uid="1694880" lat="36.1575431" lon="-81.0798770"/>
 <node id="195883305" visible="true" version="3" changeset="51990619" timestamp="2017-09-13T02:26:46Z" user="sandhill" uid="1694880" lat="36.1575364" lon="-81.0801863"/>
 <node id="195883307" visible="true" version="3" changeset="51990619" timestamp="2017-09-13T02:26:46Z" user="sandhill" uid="1694880" lat="36.1576451" lon="-81.0805758"/>
 <node id="195883309" visible="true" version="4" changeset="51990619" timestamp="2017-09-13T02:26:46Z" user="sandhill" uid="1694880" lat="36.1579769" lon="-81.0812013"/>
 <node id="195883311" visible="true" version="3" changeset="29936056" timestamp="2015-04-02T19:27:20Z" user="dr ingrid" uid="1901542" lat="36.1581691" lon="-81.0815144"/>
 <node id="195883313" visible="true" version="4" changeset="51990619" timestamp="2017-09-13T02:26:46Z" user="sandhill" uid="1694880" lat="36.1587868" lon="-81.0824885"/>
 <node id="195883315" visible="true" version="3" changeset="51990619" timestamp="2017-09-13T02:26:46Z" user="sandhill" uid="1694880" lat="36.1592035" lon="-81.0831439"/>
 <node id="195883316" visible="true" version="3" changeset="51990619" timestamp="2017-09-13T02:26:46Z" user="sandhill" uid="1694880" lat="36.1599585" lon="-81.0837515"/>
 <node id="195883317" visible="true" version="3" changeset="47599359" timestamp="2017-04-09T17:34:27Z" user="bdiscoe" uid="402624" lat="36.1610411" lon="-81.0845296"/>
 <node id="195883319" visible="true" version="3" changeset="47599359" timestamp="2017-04-09T17:34:27Z" user="bdiscoe" uid="402624" lat="36.1613898" lon="-81.0848545"/>
 <node id="195883321" visible="true" version="3" changeset="47599359" timestamp="2017-04-09T17:34:27Z" user="bdiscoe" uid="402624" lat="36.1615218" lon="-81.0850231"/>
 <node id="195883323" visible="true" version="2" changeset="2767262" timestamp="2009-10-07T04:45:13Z" user="woodpeck_fixbot" uid="147510" lat="36.1618370" lon="-81.0856570"/>
 <node id="195883325" visible="true" version="3" changeset="51990619" timestamp="2017-09-13T02:26:46Z" user="sandhill" uid="1694880" lat="36.1619846" lon="-81.0863192"/>
 <node id="195883327" visible="true" version="3" changeset="47599359" timestamp="2017-04-09T17:34:27Z" user="bdiscoe" uid="402624" lat="36.1617108" lon="-81.0892168"/>
 <node id="195883329" visible="true" version="3" changeset="47599359" timestamp="2017-04-09T17:34:27Z" user="bdiscoe" uid="402624" lat="36.1614942" lon="-81.0910849"/>
 <node id="195883331" visible="true" version="3" changeset="47599359" timestamp="2017-04-09T17:34:27Z" user="bdiscoe" uid="402624" lat="36.1611506" lon="-81.0952118"/>
 <node id="195883333" visible="true" version="3" changeset="51990619" timestamp="2017-09-13T02:26:46Z" user="sandhill" uid="1694880" lat="36.1611823" lon="-81.0956616"/>
 <node id="195883335" visible="true" version="5" changeset="51990619" timestamp="2017-09-13T02:26:46Z" user="sandhill" uid="1694880" lat="36.1618450" lon="-81.0975933"/>
 <node id="195885895" visible="true" version="3" changeset="16218829" timestamp="2013-05-21T03:49:30Z" user="Thad C" uid="349027" lat="36.1466656" lon="-81.0749300"/>
 <node id="195886822" visible="true" version="2" changeset="2767262" timestamp="2009-10-07T04:46:37Z" user="woodpeck_fixbot" uid="147510" lat="36.1436560" lon="-81.0752890"/>
 <node id="195886824" visible="true" version="3" changeset="16218829" timestamp="2013-05-21T03:49:31Z" user="Thad C" uid="349027" lat="36.1451064" lon="-81.0779639"/>
 <node id="195886828" visible="true" version="3" changeset="16218829" timestamp="2013-05-21T03:49:31Z" user="Thad C" uid="349027" lat="36.1453459" lon="-81.0780498"/>
 <node id="195886830" visible="true" version="3" changeset="16218829" timestamp="2013-05-21T03:49:31Z" user="Thad C" uid="349027" lat="36.1457070" lon="-81.0780656"/>
 <node id="195888309" visible="true" version="3" changeset="49679508" timestamp="2017-06-19T22:55:05Z" user="sandhill" uid="1694880" lat="36.1484820" lon="-81.0611188"/>
 <node id="195890264" visible="true" version="3" changeset="68361299" timestamp="2019-03-21T05:26:41Z" user="robinhood2018" uid="2072472" lat="36.1431164" lon="-81.1034174"/>
 <node id="195890266" visible="true" version="2" changeset="2767262" timestamp="2009-10-07T04:48:16Z" user="woodpeck_fixbot" uid="147510" lat="36.1430350" lon="-81.1031990"/>
 <node id="195890268" visible="true" version="3" changeset="68361299" timestamp="2019-03-21T05:26:41Z" user="robinhood2018" uid="2072472" lat="36.1428740" lon="-81.1026245"/>
 <node id="195890271" visible="true" version="3" changeset="52011914" timestamp="2017-09-13T16:09:48Z" user="sandhill" uid="1694880" lat="36.1428023" lon="-81.1011277"/>
 <node id="195890273" visible="true" version="3" changeset="52011914" timestamp="2017-09-13T16:09:48Z" user="sandhill" uid="1694880" lat="36.1428762" lon="-81.0998100"/>
 <node id="195890275" visible="true" version="3" changeset="52011914" timestamp="2017-09-13T16:09:48Z" user="sandhill" uid="1694880" lat="36.1430636" lon="-81.0967342"/>
 <node id="195890278" visible="true" version="2" changeset="2767262" timestamp="2009-10-07T04:48:16Z" user="woodpeck_fixbot" uid="147510" lat="36.1434410" lon="-81.0899660"/>
 <node id="195890280" visible="true" version="2" changeset="2767262" timestamp="2009-10-07T04:48:17Z" user="woodpeck_fixbot" uid="147510" lat="36.1435070" lon="-81.0889010"/>
 <node id="195890282" visible="true" version="3" changeset="52012307" timestamp="2017-09-13T16:25:33Z" user="sandhill" uid="1694880" lat="36.1436258" lon="-81.0869200"/>
 <node id="195890285" visible="true" version="3" changeset="16218829" timestamp="2013-05-21T03:49:30Z" user="Thad C" uid="349027" lat="36.1436457" lon="-81.0864550"/>
 <node id="195890287" visible="true" version="3" changeset="16218829" timestamp="2013-05-21T03:49:30Z" user="Thad C" uid="349027" lat="36.1437292" lon="-81.0849982"/>
 <node id="195890289" visible="true" version="3" changeset="16218829" timestamp="2013-05-21T03:49:30Z" user="Thad C" uid="349027" lat="36.1438316" lon="-81.0845174"/>
 <node id="195890291" visible="true" version="3" changeset="16218829" timestamp="2013-05-21T03:49:30Z" user="Thad C" uid="349027" lat="36.1452291" lon="-81.0822118"/>
 <node id="195890293" visible="true" version="2" changeset="2767262" timestamp="2009-10-07T04:48:17Z" user="woodpeck_fixbot" uid="147510" lat="36.1458540" lon="-81.0810500"/>
 <node id="195890294" visible="true" version="3" changeset="52012307" timestamp="2017-09-13T16:25:33Z" user="sandhill" uid="1694880" lat="36.1459309" lon="-81.0807358"/>
 <node id="195890296" visible="true" version="2" changeset="2767262" timestamp="2009-10-07T04:48:17Z" user="woodpeck_fixbot" uid="147510" lat="36.1459000" lon="-81.0797800"/>
 <node id="195890298" visible="true" version="3" changeset="16218829" timestamp="2013-05-21T03:49:30Z" user="Thad C" uid="349027" lat="36.1458454" lon="-81.0791567"/>
 <node id="195890300" visible="true" version="3" changeset="16218829" timestamp="2013-05-21T03:49:30Z" user="Thad C" uid="349027" lat="36.1458014" lon="-81.0765711"/>
 <node id="195890302" visible="true" version="3" changeset="16218829" timestamp="2013-05-21T03:49:30Z" user="Thad C" uid="349027" lat="36.1462429" lon="-81.0756201"/>
 <node id="195890304" visible="true" version="3" changeset="16218829" timestamp="2013-05-21T03:49:30Z" user="Thad C" uid="349027" lat="36.1468921" lon="-81.0745428"/>
 <node id="195890306" visible="true" version="3" changeset="16218829" timestamp="2013-05-21T03:49:30Z" user="Thad C" uid="349027" lat="36.1472031" lon="-81.0740354"/>
 <node id="195890315" visible="true" version="3" changeset="16218829" timestamp="2013-05-21T03:49:30Z" user="Thad C" uid="349027" lat="36.1474453" lon="-81.0736216"/>
 <node id="195890317" visible="true" version="3" changeset="16218829" timestamp="2013-05-21T03:49:30Z" user="Thad C" uid="349027" lat="36.1475023" lon="-81.0735241"/>
 <node id="195890319" visible="true" version="3" changeset="16218829" timestamp="2013-05-21T03:49:30Z" user="Thad C" uid="349027" lat="36.1475386" lon="-81.0734573"/>
 <node id="195890321" visible="true" version="3" changeset="16218829" timestamp="2013-05-21T03:49:30Z" user="Thad C" uid="349027" lat="36.1479255" lon="-81.0711556"/>
 <node id="195890322" visible="true" version="3" changeset="16218829" timestamp="2013-05-21T03:49:30Z" user="Thad C" uid="349027" lat="36.1479318" lon="-81.0709632"/>
 <node id="195914594" visible="true" version="3" changeset="16218829" timestamp="2013-05-21T03:49:30Z" user="Thad C" uid="349027" lat="36.1438998" lon="-81.0695984"/>
 <node id="195914596" visible="true" version="2" changeset="3037985" timestamp="2009-11-05T04:49:04Z" user="woodpeck_fixbot" uid="147510" lat="36.1452600" lon="-81.0698400"/>
 <node id="195914598" visible="true" version="2" changeset="3037985" timestamp="2009-11-05T04:49:04Z" user="woodpeck_fixbot" uid="147510" lat="36.1459240" lon="-81.0700100"/>
 <node id="195914601" visible="true" version="2" changeset="3037985" timestamp="2009-11-05T04:49:04Z" user="woodpeck_fixbot" uid="147510" lat="36.1459920" lon="-81.0700940"/>
 <node id="408253716" visible="true" version="2" changeset="38999284" timestamp="2016-04-30T13:30:52Z" user="sandhill" uid="1694880" lat="36.1504046" lon="-81.0188474"/>
 <node id="408253717" visible="true" version="2" changeset="38999284" timestamp="2016-04-30T13:30:52Z" user="sandhill" uid="1694880" lat="36.1502673" lon="-81.0210297"/>
 <node id="408253720" visible="true" version="1" changeset="1264164" timestamp="2009-05-20T13:58:20Z" user="moyogo" uid="246" lat="36.1498677" lon="-81.0253876"/>
 <node id="408253722" visible="true" version="2" changeset="52015972" timestamp="2017-09-13T18:32:29Z" user="sandhill" uid="1694880" lat="36.1494165" lon="-81.0287116"/>
 <node id="408253724" visible="true" version="2" changeset="52015972" timestamp="2017-09-13T18:32:29Z" user="sandhill" uid="1694880" lat="36.1488495" lon="-81.0323268"/>
 <node id="408253726" visible="true" version="2" changeset="52015972" timestamp="2017-09-13T18:32:29Z" user="sandhill" uid="1694880" lat="36.1484373" lon="-81.0348642"/>
 <node id="408253728" visible="true" version="1" changeset="1264164" timestamp="2009-05-20T13:58:20Z" user="moyogo" uid="246" lat="36.1473969" lon="-81.0414799"/>
 <node id="408253730" visible="true" version="2" changeset="139229403" timestamp="2023-07-30T23:35:05Z" user="mapman44" uid="2888253" lat="36.1467143" lon="-81.0458055"/>
 <node id="408253731" visible="true" version="2" changeset="139229403" timestamp="2023-07-30T23:35:05Z" user="mapman44" uid="2888253" lat="36.1451674" lon="-81.0556049"/>
 <node id="408253733" visible="true" version="2" changeset="139229403" timestamp="2023-07-30T23:35:05Z" user="mapman44" uid="2888253" lat="36.1450105" lon="-81.0564732"/>
 <node id="408253735" visible="true" version="2" changeset="139229403" timestamp="2023-07-30T23:35:05Z" user="mapman44" uid="2888253" lat="36.1445835" lon="-81.0584521"/>
 <node id="408253736" visible="true" version="2" changeset="139229403" timestamp="2023-07-30T23:35:05Z" user="mapman44" uid="2888253" lat="36.1439917" lon="-81.0606915"/>
 <node id="408253738" visible="true" version="2" changeset="139229403" timestamp="2023-07-30T23:35:05Z" user="mapman44" uid="2888253" lat="36.1418119" lon="-81.0674454"/>
 <node id="408253739" visible="true" version="2" changeset="139229403" timestamp="2023-07-30T23:35:05Z" user="mapman44" uid="2888253" lat="36.1410532" lon="-81.0699308"/>
 <node id="408253741" visible="true" version="2" changeset="139229403" timestamp="2023-07-30T23:35:05Z" user="mapman44" uid="2888253" lat="36.1408553" lon="-81.0706665"/>
 <node id="408253742" visible="true" version="2" changeset="51983286" timestamp="2017-09-12T19:05:29Z" user="sandhill" uid="1694880" lat="36.1401040" lon="-81.0741101"/>
 <node id="408253744" visible="true" version="3" changeset="139229403" timestamp="2023-07-30T23:35:05Z" user="mapman44" uid="2888253" lat="36.1395555" lon="-81.0781168"/>
 <node id="408253746" visible="true" version="2" changeset="139229403" timestamp="2023-07-30T23:35:05Z" user="mapman44" uid="2888253" lat="36.1392900" lon="-81.0806105"/>
 <node id="408253747" visible="true" version="2" changeset="139229403" timestamp="2023-07-30T23:35:05Z" user="mapman44" uid="2888253" lat="36.1385403" lon="-81.0876036"/>
 <node id="408253749" visible="true" version="1" changeset="1264164" timestamp="2009-05-20T13:58:21Z" user="moyogo" uid="246" lat="36.1372061" lon="-81.1001149"/>
 <node id="408253750" visible="true" version="3" changeset="138122963" timestamp="2023-07-04T21:04:23Z" user="rivermont" uid="4085780" lat="36.1368232" lon="-81.1032717"/>
 <node id="408253752" visible="true" version="2" changeset="139230274" timestamp="2023-07-31T00:38:01Z" user="mapman44" uid="2888253" lat="36.1362862" lon="-81.1062440"/>
 <node id="408253756" visible="true" version="2" changeset="139230274" timestamp="2023-07-31T00:38:01Z" user="mapman44" uid="2888253" lat="36.1345667" lon="-81.1152119"/>
 <node id="408253757" visible="true" version="2" changeset="139230274" timestamp="2023-07-31T00:38:01Z" user="mapman44" uid="2888253" lat="36.1343206" lon="-81.1167531"/>
 <node id="408253759" visible="true" version="4" changeset="139230274" timestamp="2023-07-31T00:38:01Z" user="mapman44" uid="2888253" lat="36.1334140" lon="-81.1241631"/>
 <node id="408253761" visible="true" version="4" changeset="139230274" timestamp="2023-07-31T00:38:01Z" user="mapman44" uid="2888253" lat="36.1330113" lon="-81.1274010"/>
 <node id="408253762" visible="true" version="3" changeset="139230274" timestamp="2023-07-31T00:38:01Z" user="mapman44" uid="2888253" lat="36.1328142" lon="-81.1290574"/>
 <node id="408253764" visible="true" version="2" changeset="34090088" timestamp="2015-09-17T18:57:41Z" user="ELadner" uid="22925" lat="36.1325984" lon="-81.1312243"/>
 <node id="408253765" visible="true" version="2" changeset="34090088" timestamp="2015-09-17T18:57:41Z" user="ELadner" uid="22925" lat="36.1325701" lon="-81.1322212"/>
 <node id="408253767" visible="true" version="2" changeset="34090088" timestamp="2015-09-17T18:57:41Z" user="ELadner" uid="22925" lat="36.1327649" lon="-81.1354529"/>
 <node id="408253768" visible="true" version="1" changeset="1264164" timestamp="2009-05-20T13:58:22Z" user="moyogo" uid="246" lat="36.1328643" lon="-81.1361593"/>
 <node id="408253770" visible="true" version="2" changeset="73902490" timestamp="2019-08-30T01:53:34Z" user="raycock" uid="164519" lat="36.1331645" lon="-81.1381266"/>
 <node id="408253846" visible="true" version="3" changeset="73902490" timestamp="2019-08-30T01:53:34Z" user="raycock" uid="164519" lat="36.1330239" lon="-81.1381320"/>
 <node id="408253850" visible="true" version="2" changeset="34090088" timestamp="2015-09-17T18:57:42Z" user="ELadner" uid="22925" lat="36.1326416" lon="-81.1356804"/>
 <node id="408253855" visible="true" version="2" changeset="34090088" timestamp="2015-09-17T18:57:42Z" user="ELadner" uid="22925" lat="36.1323925" lon="-81.1322029"/>
 <node id="408253858" visible="true" version="2" changeset="34090088" timestamp="2015-09-17T18:57:42Z" user="ELadner" uid="22925" lat="36.1324234" lon="-81.1312106"/>
 <node id="408253863" visible="true" version="2" changeset="34090088" timestamp="2015-09-17T18:57:42Z" user="ELadner" uid="22925" lat="36.1326478" lon="-81.1289757"/>
 <node id="408253867" visible="true" version="3" changeset="34090088" timestamp="2015-09-17T18:57:42Z" user="ELadner" uid="22925" lat="36.1328413" lon="-81.1273483"/>
 <node id="408253869" visible="true" version="2" changeset="34090088" timestamp="2015-09-17T18:57:42Z" user="ELadner" uid="22925" lat="36.1331943" lon="-81.1244699"/>
 <node id="408253872" visible="true" version="2" changeset="139230274" timestamp="2023-07-31T00:38:01Z" user="mapman44" uid="2888253" lat="36.1341110" lon="-81.1169634"/>
 <node id="408253876" visible="true" version="2" changeset="139230274" timestamp="2023-07-31T00:38:01Z" user="mapman44" uid="2888253" lat="36.1344173" lon="-81.1150307"/>
 <node id="408253879" visible="true" version="1" changeset="1264164" timestamp="2009-05-20T13:58:25Z" user="moyogo" uid="246" lat="36.1361254" lon="-81.1061739"/>
 <node id="408253883" visible="true" version="2" changeset="138122963" timestamp="2023-07-04T21:04:23Z" user="rivermont" uid="4085780" lat="36.1368797" lon="-81.1013297"/>
 <node id="408253886" visible="true" version="2" changeset="138122963" timestamp="2023-07-04T21:04:23Z" user="rivermont" uid="4085780" lat="36.1370325" lon="-81.0998979"/>
 <node id="408253889" visible="true" version="2" changeset="139229403" timestamp="2023-07-30T23:35:05Z" user="mapman44" uid="2888253" lat="36.1384310" lon="-81.0869691"/>
 <node id="408253893" visible="true" version="2" changeset="139229403" timestamp="2023-07-30T23:35:05Z" user="mapman44" uid="2888253" lat="36.1391374" lon="-81.0803698"/>
 <node id="408253896" visible="true" version="2" changeset="139229403" timestamp="2023-07-30T23:35:05Z" user="mapman44" uid="2888253" lat="36.1393695" lon="-81.0781915"/>
 <node id="408253899" visible="true" version="2" changeset="139229403" timestamp="2023-07-30T23:35:05Z" user="mapman44" uid="2888253" lat="36.1399096" lon="-81.0741990"/>
 <node id="408253902" visible="true" version="3" changeset="139229403" timestamp="2023-07-30T23:35:05Z" user="mapman44" uid="2888253" lat="36.1406901" lon="-81.0705918"/>
 <node id="408253905" visible="true" version="3" changeset="139229403" timestamp="2023-07-30T23:35:05Z" user="mapman44" uid="2888253" lat="36.1409269" lon="-81.0697087"/>
 <node id="408253908" visible="true" version="2" changeset="139229403" timestamp="2023-07-30T23:35:05Z" user="mapman44" uid="2888253" lat="36.1416255" lon="-81.0674246"/>
 <node id="408253911" visible="true" version="2" changeset="139229403" timestamp="2023-07-30T23:35:05Z" user="mapman44" uid="2888253" lat="36.1437821" lon="-81.0607654"/>
 <node id="408253917" visible="true" version="2" changeset="139229403" timestamp="2023-07-30T23:35:05Z" user="mapman44" uid="2888253" lat="36.1443290" lon="-81.0587519"/>
 <node id="408253920" visible="true" version="2" changeset="139229403" timestamp="2023-07-30T23:35:05Z" user="mapman44" uid="2888253" lat="36.1448541" lon="-81.0563193"/>
 <node id="408253924" visible="true" version="2" changeset="139229403" timestamp="2023-07-30T23:35:05Z" user="mapman44" uid="2888253" lat="36.1449966" lon="-81.0555412"/>
 <node id="408253928" visible="true" version="2" changeset="139229403" timestamp="2023-07-30T23:35:05Z" user="mapman44" uid="2888253" lat="36.1464647" lon="-81.0462481"/>
 <node id="408253931" visible="true" version="2" changeset="52015972" timestamp="2017-09-13T18:32:29Z" user="sandhill" uid="1694880" lat="36.1472829" lon="-81.0410292"/>
 <node id="408253935" visible="true" version="1" changeset="1264164" timestamp="2009-05-20T13:58:27Z" user="moyogo" uid="246" lat="36.1483171" lon="-81.0344871"/>
 <node id="408253939" visible="true" version="1" changeset="1264164" timestamp="2009-05-20T13:58:27Z" user="moyogo" uid="246" lat="36.1486790" lon="-81.0322607"/>
 <node id="408253942" visible="true" version="1" changeset="1264164" timestamp="2009-05-20T13:58:27Z" user="moyogo" uid="246" lat="36.1492046" lon="-81.0288753"/>
 <node id="408253945" visible="true" version="2" changeset="52015972" timestamp="2017-09-13T18:32:29Z" user="sandhill" uid="1694880" lat="36.1496864" lon="-81.0253348"/>
 <node id="408253950" visible="true" version="3" changeset="139229403" timestamp="2023-07-30T23:35:05Z" user="mapman44" uid="2888253" lat="36.1499495" lon="-81.0229019"/>
 <node id="408253954" visible="true" version="1" changeset="1264164" timestamp="2009-05-20T13:58:27Z" user="moyogo" uid="246" lat="36.1501161" lon="-81.0209573"/>
 <node id="408253957" visible="true" version="3" changeset="139229403" timestamp="2023-07-30T23:35:05Z" user="mapman44" uid="2888253" lat="36.1502394" lon="-81.0190182"/>
 <node id="408264998" visible="true" version="5" changeset="138122963" timestamp="2023-07-04T21:04:23Z" user="rivermont" uid="4085780" lat="36.1356941" lon="-81.1083761">
  <tag k="highway" v="motorway_junction"/>
  <tag k="ref" v="282"/>
 </node>
 <node id="408265059" visible="true" version="2" changeset="138122963" timestamp="2023-07-04T21:04:23Z" user="rivermont" uid="4085780" lat="36.1366615" lon="-81.1030699"/>
 <node id="408265401" visible="true" version="4" changeset="139229403" timestamp="2023-07-30T23:35:05Z" user="mapman44" uid="2888253" lat="36.1500213" lon="-81.0221222">
  <tag k="highway" v="motorway_junction"/>
  <tag k="ref" v="277"/>
 </node>
 <node id="408265556" visible="true" version="2" changeset="38999284" timestamp="2016-04-30T13:30:52Z" user="sandhill" uid="1694880" lat="36.1501797" lon="-81.0225003"/>
 <node id="498970667" visible="true" version="1" changeset="2511948" timestamp="2009-09-17T13:49:53Z" user="jumbanho" uid="38487" lat="36.1396160" lon="-81.0683030"/>
 <node id="498970673" visible="true" version="1" changeset="2511948" timestamp="2009-09-17T13:49:53Z" user="jumbanho" uid="38487" lat="36.1396600" lon="-81.0683300"/>
 <node id="498970676" visible="true" version="1" changeset="2511948" timestamp="2009-09-17T13:49:53Z" user="jumbanho" uid="38487" lat="36.1398360" lon="-81.0683840"/>
 <node id="498970679" visible="true" version="1" changeset="2511948" timestamp="2009-09-17T13:49:53Z" user="jumbanho" uid="38487" lat="36.1399020" lon="-81.0684250"/>
 <node id="498970682" visible="true" version="1" changeset="2511948" timestamp="2009-09-17T13:49:53Z" user="jumbanho" uid="38487" lat="36.1402320" lon="-81.0687500"/>
 <node id="498970685" visible="true" version="1" changeset="2511948" timestamp="2009-09-17T13:49:54Z" user="jumbanho" uid="38487" lat="36.1405830" lon="-81.0690070"/>
 <node id="498970690" visible="true" version="1" changeset="2511948" timestamp="2009-09-17T13:49:54Z" user="jumbanho" uid="38487" lat="36.1407480" lon="-81.0690810"/>
 <node id="498970694" visible="true" version="1" changeset="2511948" timestamp="2009-09-17T13:49:54Z" user="jumbanho" uid="38487" lat="36.1412090" lon="-81.0690470"/>
 <node id="498970700" visible="true" version="1" changeset="2511948" timestamp="2009-09-17T13:49:54Z" user="jumbanho" uid="38487" lat="36.1413410" lon="-81.0690190"/>
 <node id="498970704" visible="true" version="1" changeset="2511948" timestamp="2009-09-17T13:49:54Z" user="jumbanho" uid="38487" lat="36.1414500" lon="-81.0689780"/>
 <node id="498970709" visible="true" version="1" changeset="2511948" timestamp="2009-09-17T13:49:54Z" user="jumbanho" uid="38487" lat="36.1416700" lon="-81.0689380"/>
 <node id="498970713" visible="true" version="1" changeset="2511948" timestamp="2009-09-17T13:49:54Z" user="jumbanho" uid="38487" lat="36.1419330" lon="-81.0689170"/>
 <node id="498970715" visible="true" version="1" changeset="2511948" timestamp="2009-09-17T13:49:54Z" user="jumbanho" uid="38487" lat="36.1421310" lon="-81.0689240"/>
 <node id="498970721" visible="true" version="1" changeset="2511948" timestamp="2009-09-17T13:49:54Z" user="jumbanho" uid="38487" lat="36.1427240" lon="-81.0687600"/>
 <node id="498970724" visible="true" version="1" changeset="2511948" timestamp="2009-09-17T13:49:54Z" user="jumbanho" uid="38487" lat="36.1428880" lon="-81.0687330"/>
 <node id="498970735" visible="true" version="1" changeset="2511948" timestamp="2009-09-17T13:49:54Z" user="jumbanho" uid="38487" lat="36.1430420" lon="-81.0687460"/>
 <node id="498970741" visible="true" version="1" changeset="2511948" timestamp="2009-09-17T13:49:54Z" user="jumbanho" uid="38487" lat="36.1432170" lon="-81.0686850"/>
 <node id="498970747" visible="true" version="1" changeset="2511948" timestamp="2009-09-17T13:49:55Z" user="jumbanho" uid="38487" lat="36.1433930" lon="-81.0686780"/>
 <node id="498970752" visible="true" version="1" changeset="2511948" timestamp="2009-09-17T13:49:55Z" user="jumbanho" uid="38487" lat="36.1436560" lon="-81.0685970"/>
 <node id="498970756" visible="true" version="1" changeset="2511948" timestamp="2009-09-17T13:49:55Z" user="jumbanho" uid="38487" lat="36.1437220" lon="-81.0685630"/>
 <node id="498970759" visible="true" version="2" changeset="47599359" timestamp="2017-04-09T17:34:32Z" user="bdiscoe" uid="402624" lat="36.1442034" lon="-81.0684372"/>
 <node id="498970763" visible="true" version="2" changeset="47599359" timestamp="2017-04-09T17:34:32Z" user="bdiscoe" uid="402624" lat="36.1443940" lon="-81.0684855"/>
 <node id="498970768" visible="true" version="2" changeset="47599359" timestamp="2017-04-09T17:34:32Z" user="bdiscoe" uid="402624" lat="36.1445261" lon="-81.0684613"/>
 <node id="498970773" visible="true" version="2" changeset="47599359" timestamp="2017-04-09T17:34:32Z" user="bdiscoe" uid="402624" lat="36.1448423" lon="-81.0684506"/>
 <node id="498970778" visible="true" version="2" changeset="47599359" timestamp="2017-04-09T17:34:32Z" user="bdiscoe" uid="402624" lat="36.1451174" lon="-81.0684908"/>
 <node id="498970783" visible="true" version="2" changeset="47599359" timestamp="2017-04-09T17:34:32Z" user="bdiscoe" uid="402624" lat="36.1452823" lon="-81.0684681"/>
 <node id="498970788" visible="true" version="2" changeset="47599359" timestamp="2017-04-09T17:34:32Z" user="bdiscoe" uid="402624" lat="36.1454715" lon="-81.0687698"/>
 <node id="498970796" visible="true" version="2" changeset="47599359" timestamp="2017-04-09T17:34:32Z" user="bdiscoe" uid="402624" lat="36.1455928" lon="-81.0689307"/>
 <node id="498970800" visible="true" version="2" changeset="47599359" timestamp="2017-04-09T17:34:32Z" user="bdiscoe" uid="402624" lat="36.1457011" lon="-81.0691024"/>
 <node id="498970805" visible="true" version="1" changeset="2511948" timestamp="2009-09-17T13:49:55Z" user="jumbanho" uid="38487" lat="36.1457720" lon="-81.0693110"/>
 <node id="498970816" visible="true" version="1" changeset="2511948" timestamp="2009-09-17T13:49:56Z" user="jumbanho" uid="38487" lat="36.1460620" lon="-81.0696370"/>
 <node id="498970821" visible="true" version="1" changeset="2511948" timestamp="2009-09-17T13:49:56Z" user="jumbanho" uid="38487" lat="36.1463470" lon="-81.0698130"/>
 <node id="498970828" visible="true" version="1" changeset="2511948" timestamp="2009-09-17T13:49:56Z" user="jumbanho" uid="38487" lat="36.1463690" lon="-81.0698130"/>
 <node id="498970834" visible="true" version="1" changeset="2511948" timestamp="2009-09-17T13:49:56Z" user="jumbanho" uid="38487" lat="36.1464880" lon="-81.0698800"/>
 <node id="1271926818" visible="true" version="5" changeset="138122963" timestamp="2023-07-04T21:04:23Z" user="rivermont" uid="4085780" lat="36.1373004" lon="-81.0991243">
  <tag k="highway" v="motorway_junction"/>
  <tag k="ref" v="282"/>
 </node>
 <node id="2313815767" visible="true" version="2" changeset="100464614" timestamp="2021-03-05T06:16:09Z" user="pppadal" uid="10209001" lat="36.1418003" lon="-81.0702791"/>
 <node id="2313815768" visible="true" version="1" changeset="16218829" timestamp="2013-05-21T03:49:27Z" user="Thad C" uid="349027" lat="36.1459145" lon="-81.0707866"/>
 <node id="2313815770" visible="true" version="1" changeset="16218829" timestamp="2013-05-21T03:49:27Z" user="Thad C" uid="349027" lat="36.1449134" lon="-81.0777770"/>
 <node id="2313815771" visible="true" version="1" changeset="16218829" timestamp="2013-05-21T03:49:27Z" user="Thad C" uid="349027" lat="36.1441181" lon="-81.0839691"/>
 <node id="2313815772" visible="true" version="1" changeset="16218829" timestamp="2013-05-21T03:49:27Z" user="Thad C" uid="349027" lat="36.1457520" lon="-81.0768115"/>
 <node id="2313815773" visible="true" version="1" changeset="16218829" timestamp="2013-05-21T03:49:27Z" user="Thad C" uid="349027" lat="36.1412003" lon="-81.0723121"/>
 <node id="2313815776" visible="true" version="1" changeset="16218829" timestamp="2013-05-21T03:49:27Z" user="Thad C" uid="349027" lat="36.1414317" lon="-81.0730625"/>
 <node id="2313815779" visible="true" version="2" changeset="100464614" timestamp="2021-03-05T06:16:09Z" user="pppadal" uid="10209001" lat="36.1426801" lon="-81.0701438"/>
 <node id="2313815782" visible="true" version="1" changeset="16218829" timestamp="2013-05-21T03:49:27Z" user="Thad C" uid="349027" lat="36.1457077" lon="-81.0771145"/>
 <node id="2313815783" visible="true" version="1" changeset="16218829" timestamp="2013-05-21T03:49:27Z" user="Thad C" uid="349027" lat="36.1456886" lon="-81.0774087"/>
 <node id="2313815785" visible="true" version="1" changeset="16218829" timestamp="2013-05-21T03:49:27Z" user="Thad C" uid="349027" lat="36.1460195" lon="-81.0760271"/>
 <node id="2313815786" visible="true" version="1" changeset="16218829" timestamp="2013-05-21T03:49:27Z" user="Thad C" uid="349027" lat="36.1439795" lon="-81.0841951"/>
 <node id="2313815789" visible="true" version="1" changeset="16218829" timestamp="2013-05-21T03:49:27Z" user="Thad C" uid="349027" lat="36.1418299" lon="-81.0740762"/>
 <node id="2313815791" visible="true" version="1" changeset="16218829" timestamp="2013-05-21T03:49:27Z" user="Thad C" uid="349027" lat="36.1432709" lon="-81.0734069"/>
 <node id="2313815792" visible="true" version="1" changeset="16218829" timestamp="2013-05-21T03:49:27Z" user="Thad C" uid="349027" lat="36.1414992" lon="-81.0710902"/>
 <node id="2313815795" visible="true" version="1" changeset="16218829" timestamp="2013-05-21T03:49:27Z" user="Thad C" uid="349027" lat="36.1475195" lon="-81.0705340"/>
 <node id="2313815796" visible="true" version="1" changeset="16218829" timestamp="2013-05-21T03:49:27Z" user="Thad C" uid="349027" lat="36.1419146" lon="-81.0715368"/>
 <node id="2313815798" visible="true" version="1" changeset="16218829" timestamp="2013-05-21T03:49:27Z" user="Thad C" uid="349027" lat="36.1416420" lon="-81.0710488"/>
 <node id="2313815800" visible="true" version="1" changeset="16218829" timestamp="2013-05-21T03:49:27Z" user="Thad C" uid="349027" lat="36.1474183" lon="-81.0704374"/>
 <node id="2313815801" visible="true" version="1" changeset="16218829" timestamp="2013-05-21T03:49:27Z" user="Thad C" uid="349027" lat="36.1473046" lon="-81.0703989"/>
 <node id="2313815802" visible="true" version="1" changeset="16218829" timestamp="2013-05-21T03:49:27Z" user="Thad C" uid="349027" lat="36.1445022" lon="-81.0696828"/>
 <node id="2313815803" visible="true" version="1" changeset="16218829" timestamp="2013-05-21T03:49:27Z" user="Thad C" uid="349027" lat="36.1440025" lon="-81.0730868"/>
 <node id="2313815804" visible="true" version="1" changeset="16218829" timestamp="2013-05-21T03:49:27Z" user="Thad C" uid="349027" lat="36.1435039" lon="-81.0716276"/>
 <node id="2313815808" visible="true" version="1" changeset="16218829" timestamp="2013-05-21T03:49:27Z" user="Thad C" uid="349027" lat="36.1418951" lon="-81.0742235"/>
 <node id="2313815811" visible="true" version="1" changeset="16218829" timestamp="2013-05-21T03:49:27Z" user="Thad C" uid="349027" lat="36.1437709" lon="-81.0847411"/>
 <node id="2313815812" visible="true" version="1" changeset="16218829" timestamp="2013-05-21T03:49:27Z" user="Thad C" uid="349027" lat="36.1475824" lon="-81.0706669"/>
 <node id="2313815813" visible="true" version="1" changeset="16218829" timestamp="2013-05-21T03:49:27Z" user="Thad C" uid="349027" lat="36.1412287" lon="-81.0727417"/>
 <node id="2313815814" visible="true" version="1" changeset="16218829" timestamp="2013-05-21T03:49:27Z" user="Thad C" uid="349027" lat="36.1416611" lon="-81.0738333"/>
 <node id="2313815815" visible="true" version="1" changeset="16218829" timestamp="2013-05-21T03:49:28Z" user="Thad C" uid="349027" lat="36.1457464" lon="-81.0813449"/>
 <node id="2313815817" visible="true" version="2" changeset="77228966" timestamp="2019-11-18T13:22:16Z" user="Yoshinion" uid="3151684" lat="36.1421526" lon="-81.0710310"/>
 <node id="2313815819" visible="true" version="1" changeset="16218829" timestamp="2013-05-21T03:49:28Z" user="Thad C" uid="349027" lat="36.1477245" lon="-81.0713735"/>
 <node id="2313815820" visible="true" version="2" changeset="139229894" timestamp="2023-07-31T00:11:02Z" user="mapman44" uid="2888253" lat="36.1406475" lon="-81.0699466"/>
 <node id="2313815822" visible="true" version="2" changeset="139229894" timestamp="2023-07-31T00:11:02Z" user="mapman44" uid="2888253" lat="36.1408971" lon="-81.0700621"/>
 <node id="2313815823" visible="true" version="1" changeset="16218829" timestamp="2013-05-21T03:49:28Z" user="Thad C" uid="349027" lat="36.1438917" lon="-81.0718252"/>
 <node id="2313815824" visible="true" version="1" changeset="16218829" timestamp="2013-05-21T03:49:28Z" user="Thad C" uid="349027" lat="36.1442685" lon="-81.0695832"/>
 <node id="2313815825" visible="true" version="1" changeset="16218829" timestamp="2013-05-21T03:49:28Z" user="Thad C" uid="349027" lat="36.1419436" lon="-81.0744183"/>
 <node id="2313815826" visible="true" version="1" changeset="16218829" timestamp="2013-05-21T03:49:28Z" user="Thad C" uid="349027" lat="36.1437113" lon="-81.0733422"/>
 <node id="2313815828" visible="true" version="1" changeset="16218829" timestamp="2013-05-21T03:49:28Z" user="Thad C" uid="349027" lat="36.1413618" lon="-81.0707414"/>
 <node id="2313815830" visible="true" version="1" changeset="16218829" timestamp="2013-05-21T03:49:28Z" user="Thad C" uid="349027" lat="36.1459827" lon="-81.0708336"/>
 <node id="2313815831" visible="true" version="1" changeset="16218829" timestamp="2013-05-21T03:49:28Z" user="Thad C" uid="349027" lat="36.1413410" lon="-81.0711741"/>
 <node id="2313815834" visible="true" version="2" changeset="139229894" timestamp="2023-07-31T00:11:02Z" user="mapman44" uid="2888253" lat="36.1420704" lon="-81.0702786"/>
 <node id="2313815835" visible="true" version="1" changeset="16218829" timestamp="2013-05-21T03:49:28Z" user="Thad C" uid="349027" lat="36.1441728" lon="-81.0726628"/>
 <node id="2313815837" visible="true" version="1" changeset="16218829" timestamp="2013-05-21T03:49:28Z" user="Thad C" uid="349027" lat="36.1421556" lon="-81.0733360"/>
 <node id="2313815839" visible="true" version="1" changeset="16218829" timestamp="2013-05-21T03:49:28Z" user="Thad C" uid="349027" lat="36.1458941" lon="-81.0763034"/>
 <node id="2313815840" visible="true" version="1" changeset="16218829" timestamp="2013-05-21T03:49:28Z" user="Thad C" uid="349027" lat="36.1476407" lon="-81.0709877"/>
 <node id="2313815841" visible="true" version="1" changeset="16218829" timestamp="2013-05-21T03:49:28Z" user="Thad C" uid="349027" lat="36.1447093" lon="-81.0774519"/>
 <node id="2313815842" visible="true" version="1" changeset="16218829" timestamp="2013-05-21T03:49:28Z" user="Thad C" uid="349027" lat="36.1461840" lon="-81.0709915"/>
 <node id="2313815845" visible="true" version="1" changeset="16218829" timestamp="2013-05-21T03:49:28Z" user="Thad C" uid="349027" lat="36.1429342" lon="-81.0702474"/>
 <node id="2313815847" visible="true" version="1" changeset="16218829" timestamp="2013-05-21T03:49:28Z" user="Thad C" uid="349027" lat="36.1413282" lon="-81.0718938"/>
 <node id="2313815850" visible="true" version="1" changeset="16218829" timestamp="2013-05-21T03:49:28Z" user="Thad C" uid="349027" lat="36.1443496" lon="-81.0695897"/>
 <node id="2313815852" visible="true" version="1" changeset="16218829" timestamp="2013-05-21T03:49:28Z" user="Thad C" uid="349027" lat="36.1415905" lon="-81.0716291"/>
 <node id="2313815854" visible="true" version="1" changeset="16218829" timestamp="2013-05-21T03:49:28Z" user="Thad C" uid="349027" lat="36.1447335" lon="-81.0698831"/>
 <node id="2313815856" visible="true" version="2" changeset="139229894" timestamp="2023-07-31T00:11:02Z" user="mapman44" uid="2888253" lat="36.1410346" lon="-81.0701157"/>
 <node id="2313815861" visible="true" version="1" changeset="16218829" timestamp="2013-05-21T03:49:28Z" user="Thad C" uid="349027" lat="36.1438869" lon="-81.0843699"/>
 <node id="2313815863" visible="true" version="1" changeset="16218829" timestamp="2013-05-21T03:49:28Z" user="Thad C" uid="349027" lat="36.1478099" lon="-81.0715633"/>
 <node id="2313815865" visible="true" version="1" changeset="16218829" timestamp="2013-05-21T03:49:28Z" user="Thad C" uid="349027" lat="36.1422579" lon="-81.0751014"/>
 <node id="2313815867" visible="true" version="2" changeset="100385666" timestamp="2021-03-04T04:23:42Z" user="parijatg" uid="11705750" lat="36.1455821" lon="-81.0816735"/>
 <node id="2313815869" visible="true" version="1" changeset="16218829" timestamp="2013-05-21T03:49:28Z" user="Thad C" uid="349027" lat="36.1413150" lon="-81.0735752"/>
 <node id="2313815871" visible="true" version="1" changeset="16218829" timestamp="2013-05-21T03:49:28Z" user="Thad C" uid="349027" lat="36.1426302" lon="-81.0751115"/>
 <node id="2313815883" visible="true" version="1" changeset="16218829" timestamp="2013-05-21T03:49:28Z" user="Thad C" uid="349027" lat="36.1435373" lon="-81.0748821"/>
 <node id="2313815885" visible="true" version="1" changeset="16218829" timestamp="2013-05-21T03:49:28Z" user="Thad C" uid="349027" lat="36.1417787" lon="-81.0732602"/>
 <node id="2313815887" visible="true" version="1" changeset="16218829" timestamp="2013-05-21T03:49:28Z" user="Thad C" uid="349027" lat="36.1413269" lon="-81.0710540"/>
 <node id="2313815891" visible="true" version="1" changeset="16218829" timestamp="2013-05-21T03:49:28Z" user="Thad C" uid="349027" lat="36.1417422" lon="-81.0739430"/>
 <node id="2313815896" visible="true" version="1" changeset="16218829" timestamp="2013-05-21T03:49:28Z" user="Thad C" uid="349027" lat="36.1421779" lon="-81.0750421"/>
 <node id="3332198292" visible="true" version="1" changeset="28634057" timestamp="2015-02-05T16:43:33Z" user="ediyes" uid="1240849" lat="36.1485219" lon="-81.0638868"/>
 <node id="3332206993" visible="true" version="1" changeset="28634057" timestamp="2015-02-05T16:43:33Z" user="ediyes" uid="1240849" lat="36.1488842" lon="-81.0641158"/>
 <node id="3332206994" visible="true" version="1" changeset="28634057" timestamp="2015-02-05T16:43:33Z" user="ediyes" uid="1240849" lat="36.1494107" lon="-81.0645658"/>
 <node id="3432002015" visible="true" version="1" changeset="29936056" timestamp="2015-04-02T19:27:17Z" user="dr ingrid" uid="1901542" lat="36.1600425" lon="-81.0714419"/>
 <node id="3432002023" visible="true" version="2" changeset="51988919" timestamp="2017-09-12T22:53:18Z" user="sandhill" uid="1694880" lat="36.1601360" lon="-81.0717756"/>
 <node id="3748270365" visible="true" version="1" changeset="34090088" timestamp="2015-09-17T18:56:46Z" user="ELadner" uid="22925" lat="36.1324184" lon="-81.1333417"/>
 <node id="3748270366" visible="true" version="1" changeset="34090088" timestamp="2015-09-17T18:56:46Z" user="ELadner" uid="22925" lat="36.1325010" lon="-81.1345675"/>
 <node id="3748270367" visible="true" version="1" changeset="34090088" timestamp="2015-09-17T18:56:46Z" user="ELadner" uid="22925" lat="36.1325097" lon="-81.1301450"/>
 <node id="3748270368" visible="true" version="1" changeset="34090088" timestamp="2015-09-17T18:56:46Z" user="ELadner" uid="22925" lat="36.1325861" lon="-81.1333234"/>
 <node id="3748270370" visible="true" version="1" changeset="34090088" timestamp="2015-09-17T18:56:46Z" user="ELadner" uid="22925" lat="36.1326663" lon="-81.1345507"/>
 <node id="3748270372" visible="true" version="1" changeset="34090088" timestamp="2015-09-17T18:56:46Z" user="ELadner" uid="22925" lat="36.1326810" lon="-81.1301985"/>
 <node id="3805577332" visible="true" version="1" changeset="34909903" timestamp="2015-10-27T18:16:16Z" user="Yoshinion" uid="3151684" lat="36.1437559" lon="-81.0719220"/>
 <node id="3805577333" visible="true" version="2" changeset="128409741" timestamp="2022-11-02T20:37:45Z" user="Yoshinion" uid="3151684" lat="36.1439206" lon="-81.0720853"/>
 <node id="3805577334" visible="true" version="2" changeset="128409741" timestamp="2022-11-02T20:37:45Z" user="Yoshinion" uid="3151684" lat="36.1440160" lon="-81.0722935"/>
 <node id="3805577335" visible="true" version="2" changeset="128409741" timestamp="2022-11-02T20:37:45Z" user="Yoshinion" uid="3151684" lat="36.1440209" lon="-81.0726841"/>
 <node id="3805577336" visible="true" version="1" changeset="34909903" timestamp="2015-10-27T18:16:16Z" user="Yoshinion" uid="3151684" lat="36.1438891" lon="-81.0729859"/>
 <node id="3805577337" visible="true" version="2" changeset="128409741" timestamp="2022-11-02T20:37:45Z" user="Yoshinion" uid="3151684" lat="36.1437033" lon="-81.0731497"/>
 <node id="3805577338" visible="true" version="1" changeset="34909903" timestamp="2015-10-27T18:16:16Z" user="Yoshinion" uid="3151684" lat="36.1434829" lon="-81.0732168"/>
 <node id="3805577339" visible="true" version="1" changeset="34909903" timestamp="2015-10-27T18:16:16Z" user="Yoshinion" uid="3151684" lat="36.1418511" lon="-81.0731179"/>
 <node id="3805577340" visible="true" version="1" changeset="34909903" timestamp="2015-10-27T18:16:16Z" user="Yoshinion" uid="3151684" lat="36.1416646" lon="-81.0730436"/>
 <node id="3805577341" visible="true" version="1" changeset="34909903" timestamp="2015-10-27T18:16:16Z" user="Yoshinion" uid="3151684" lat="36.1414115" lon="-81.0728374"/>
 <node id="3805577342" visible="true" version="1" changeset="34909903" timestamp="2015-10-27T18:16:16Z" user="Yoshinion" uid="3151684" lat="36.1412716" lon="-81.0726065"/>
 <node id="4784803410" visible="true" version="1" changeset="47599359" timestamp="2017-04-09T17:34:22Z" user="bdiscoe" uid="402624" lat="36.1437122" lon="-81.0694216"/>
 <node id="4784803411" visible="true" version="1" changeset="47599359" timestamp="2017-04-09T17:34:22Z" user="bdiscoe" uid="402624" lat="36.1443252" lon="-81.0683675"/>
 <node id="4784805028" visible="true" version="1" changeset="47599359" timestamp="2017-04-09T17:34:22Z" user="bdiscoe" uid="402624" lat="36.1612371" lon="-81.0846999"/>
 <node id="4784805029" visible="true" version="1" changeset="47599359" timestamp="2017-04-09T17:34:22Z" user="bdiscoe" uid="402624" lat="36.1617384" lon="-81.0854107"/>
 <node id="4784805030" visible="true" version="1" changeset="47599359" timestamp="2017-04-09T17:34:22Z" user="bdiscoe" uid="402624" lat="36.1616182" lon="-81.0851800"/>
 <node id="4784805031" visible="true" version="1" changeset="47599359" timestamp="2017-04-09T17:34:22Z" user="bdiscoe" uid="402624" lat="36.1619879" lon="-81.0866003"/>
 <node id="4784805032" visible="true" version="1" changeset="47599359" timestamp="2017-04-09T17:34:22Z" user="bdiscoe" uid="402624" lat="36.1619782" lon="-81.0867813"/>
 <node id="4784805033" visible="true" version="1" changeset="47599359" timestamp="2017-04-09T17:34:22Z" user="bdiscoe" uid="402624" lat="36.1619349" lon="-81.0872480"/>
 <node id="4784805034" visible="true" version="1" changeset="47599359" timestamp="2017-04-09T17:34:22Z" user="bdiscoe" uid="402624" lat="36.1618331" lon="-81.0881425"/>
 <node id="4784805035" visible="true" version="1" changeset="47599359" timestamp="2017-04-09T17:34:22Z" user="bdiscoe" uid="402624" lat="36.1616101" lon="-81.0901126"/>
 <node id="5063258898" visible="true" version="1" changeset="51496452" timestamp="2017-08-28T03:36:41Z" user="sandhill" uid="1694880" lat="36.1351062" lon="-81.0658337"/>
 <node id="5064078821" visible="true" version="1" changeset="51507383" timestamp="2017-08-28T12:14:59Z" user="sandhill" uid="1694880" lat="36.1323569" lon="-81.0657164"/>
 <node id="5064078824" visible="true" version="1" changeset="51507383" timestamp="2017-08-28T12:14:59Z" user="sandhill" uid="1694880" lat="36.1300895" lon="-81.0663565"/>
 <node id="5064078825" visible="true" version="1" changeset="51507383" timestamp="2017-08-28T12:14:59Z" user="sandhill" uid="1694880" lat="36.1298045" lon="-81.0663531"/>
 <node id="5064078826" visible="true" version="1" changeset="51507383" timestamp="2017-08-28T12:14:59Z" user="sandhill" uid="1694880" lat="36.1290396" lon="-81.0660712"/>
 <node id="5064078827" visible="true" version="1" changeset="51507383" timestamp="2017-08-28T12:14:59Z" user="sandhill" uid="1694880" lat="36.1287288" lon="-81.0660330"/>
 <node id="5064078828" visible="true" version="1" changeset="51507383" timestamp="2017-08-28T12:14:59Z" user="sandhill" uid="1694880" lat="36.1284791" lon="-81.0660559"/>
 <node id="5064078829" visible="true" version="1" changeset="51507383" timestamp="2017-08-28T12:14:59Z" user="sandhill" uid="1694880" lat="36.1281582" lon="-81.0661701"/>
 <node id="5064078830" visible="true" version="1" changeset="51507383" timestamp="2017-08-28T12:14:59Z" user="sandhill" uid="1694880" lat="36.1273376" lon="-81.0665915"/>
 <node id="5064089120" visible="true" version="1" changeset="51507625" timestamp="2017-08-28T12:23:38Z" user="sandhill" uid="1694880" lat="36.1241340" lon="-81.0666540"/>
 <node id="5064090421" visible="true" version="1" changeset="51507625" timestamp="2017-08-28T12:23:38Z" user="sandhill" uid="1694880" lat="36.1222252" lon="-81.0676577"/>
 <node id="5064239939" visible="true" version="2" changeset="78979520" timestamp="2019-12-29T14:01:26Z" user="jumbanho" uid="38487" lat="36.1151658" lon="-81.0723907"/>
 <node id="5101655301" visible="true" version="2" changeset="139229403" timestamp="2023-07-30T23:35:05Z" user="mapman44" uid="2888253" lat="36.1397434" lon="-81.0764898"/>
 <node id="5101655302" visible="true" version="2" changeset="139229403" timestamp="2023-07-30T23:35:05Z" user="mapman44" uid="2888253" lat="36.1403007" lon="-81.0722454"/>
 <node id="5101655303" visible="true" version="2" changeset="139229403" timestamp="2023-07-30T23:35:05Z" user="mapman44" uid="2888253" lat="36.1404579" lon="-81.0723399"/>
 <node id="5101699232" visible="true" version="1" changeset="51984117" timestamp="2017-09-12T19:30:16Z" user="sandhill" uid="1694880" lat="36.1452084" lon="-81.0645013"/>
 <node id="5101699233" visible="true" version="1" changeset="51984117" timestamp="2017-09-12T19:30:16Z" user="sandhill" uid="1694880" lat="36.1450546" lon="-81.0647074"/>
 <node id="5101699234" visible="true" version="1" changeset="51984117" timestamp="2017-09-12T19:30:16Z" user="sandhill" uid="1694880" lat="36.1448143" lon="-81.0652853"/>
 <node id="5101699235" visible="true" version="1" changeset="51984117" timestamp="2017-09-12T19:30:16Z" user="sandhill" uid="1694880" lat="36.1446520" lon="-81.0664319"/>
 <node id="5101699236" visible="true" version="1" changeset="51984117" timestamp="2017-09-12T19:30:16Z" user="sandhill" uid="1694880" lat="36.1462206" lon="-81.0639784"/>
 <node id="5102128691" visible="true" version="1" changeset="51988919" timestamp="2017-09-12T22:53:18Z" user="sandhill" uid="1694880" lat="36.1601192" lon="-81.0724099"/>
 <node id="5102128692" visible="true" version="1" changeset="51988919" timestamp="2017-09-12T22:53:18Z" user="sandhill" uid="1694880" lat="36.1599639" lon="-81.0729691"/>
 <node id="5102276930" visible="true" version="1" changeset="51990619" timestamp="2017-09-13T02:26:45Z" user="sandhill" uid="1694880" lat="36.1576724" lon="-81.0790124"/>
 <node id="5102276932" visible="true" version="1" changeset="51990619" timestamp="2017-09-13T02:26:45Z" user="sandhill" uid="1694880" lat="36.1595324" lon="-81.0834560"/>
 <node id="5102276933" visible="true" version="1" changeset="51990619" timestamp="2017-09-13T02:26:45Z" user="sandhill" uid="1694880" lat="36.1608199" lon="-81.0843706"/>
 <node id="5102276958" visible="true" version="1" changeset="51990619" timestamp="2017-09-13T02:26:45Z" user="sandhill" uid="1694880" lat="36.1612902" lon="-81.0961482"/>
 <node id="5103629215" visible="true" version="1" changeset="52012307" timestamp="2017-09-13T16:25:33Z" user="sandhill" uid="1694880" lat="36.1459600" lon="-81.0803176"/>
 <node id="5103662500" visible="true" version="1" changeset="52012756" timestamp="2017-09-13T16:43:46Z" user="sandhill" uid="1694880" lat="36.1457721" lon="-81.0767135"/>
 <node id="5103662501" visible="true" version="1" changeset="52012756" timestamp="2017-09-13T16:43:46Z" user="sandhill" uid="1694880" lat="36.1460646" lon="-81.0766493"/>
 <node id="5103662502" visible="true" version="1" changeset="52012756" timestamp="2017-09-13T16:43:46Z" user="sandhill" uid="1694880" lat="36.1463266" lon="-81.0764945"/>
 <node id="5103662503" visible="true" version="1" changeset="52012756" timestamp="2017-09-13T16:43:46Z" user="sandhill" uid="1694880" lat="36.1465982" lon="-81.0762712"/>
 <node id="5103662504" visible="true" version="1" changeset="52012756" timestamp="2017-09-13T16:43:46Z" user="sandhill" uid="1694880" lat="36.1466968" lon="-81.0762058"/>
 <node id="5103662505" visible="true" version="1" changeset="52012756" timestamp="2017-09-13T16:43:46Z" user="sandhill" uid="1694880" lat="36.1467665" lon="-81.0761998"/>
 <node id="5103662506" visible="true" version="1" changeset="52012756" timestamp="2017-09-13T16:43:46Z" user="sandhill" uid="1694880" lat="36.1468554" lon="-81.0762534"/>
 <node id="5103662507" visible="true" version="1" changeset="52012756" timestamp="2017-09-13T16:43:46Z" user="sandhill" uid="1694880" lat="36.1470117" lon="-81.0763695"/>
 <node id="5103662508" visible="true" version="1" changeset="52012756" timestamp="2017-09-13T16:43:46Z" user="sandhill" uid="1694880" lat="36.1473001" lon="-81.0765362"/>
 <node id="5103662509" visible="true" version="1" changeset="52012756" timestamp="2017-09-13T16:43:46Z" user="sandhill" uid="1694880" lat="36.1475573" lon="-81.0766671"/>
 <node id="5103662510" visible="true" version="1" changeset="52012756" timestamp="2017-09-13T16:43:46Z" user="sandhill" uid="1694880" lat="36.1477640" lon="-81.0767445"/>
 <node id="5103662511" visible="true" version="1" changeset="52012756" timestamp="2017-09-13T16:43:46Z" user="sandhill" uid="1694880" lat="36.1479491" lon="-81.0767683"/>
 <node id="5103662512" visible="true" version="1" changeset="52012756" timestamp="2017-09-13T16:43:46Z" user="sandhill" uid="1694880" lat="36.1481029" lon="-81.0767445"/>
 <node id="5103662513" visible="true" version="1" changeset="52012756" timestamp="2017-09-13T16:43:47Z" user="sandhill" uid="1694880" lat="36.1484394" lon="-81.0766671"/>
 <node id="5103662514" visible="true" version="1" changeset="52012756" timestamp="2017-09-13T16:43:47Z" user="sandhill" uid="1694880" lat="36.1486220" lon="-81.0766165"/>
 <node id="5103662515" visible="true" version="1" changeset="52012756" timestamp="2017-09-13T16:43:47Z" user="sandhill" uid="1694880" lat="36.1487110" lon="-81.0765629"/>
 <node id="5103662516" visible="true" version="1" changeset="52012756" timestamp="2017-09-13T16:43:47Z" user="sandhill" uid="1694880" lat="36.1488095" lon="-81.0764469"/>
 <node id="5103662519" visible="true" version="1" changeset="52012756" timestamp="2017-09-13T16:43:47Z" user="sandhill" uid="1694880" lat="36.1477041" lon="-81.0730462"/>
 <node id="5103662520" visible="true" version="1" changeset="52012756" timestamp="2017-09-13T16:43:47Z" user="sandhill" uid="1694880" lat="36.1478043" lon="-81.0726695"/>
 <node id="5103662621" visible="true" version="1" changeset="52012756" timestamp="2017-09-13T16:43:47Z" user="sandhill" uid="1694880" lat="36.1478568" lon="-81.0722847"/>
 <node id="5816937179" visible="true" version="1" changeset="61452718" timestamp="2018-08-08T03:59:22Z" user="elhass06" uid="7963094" lat="36.1409192" lon="-81.0717628"/>
 <node id="5816937183" visible="true" version="1" changeset="61452718" timestamp="2018-08-08T03:59:22Z" user="elhass06" uid="7963094" lat="36.1411834" lon="-81.0733485"/>
 <node id="5816937222" visible="true" version="2" changeset="128409741" timestamp="2022-11-02T20:37:45Z" user="Yoshinion" uid="3151684" lat="36.1421255" lon="-81.0727675"/>
 <node id="5816937223" visible="true" version="2" changeset="128409741" timestamp="2022-11-02T20:37:45Z" user="Yoshinion" uid="3151684" lat="36.1422598" lon="-81.0719505"/>
 <node id="5816937224" visible="true" version="2" changeset="128409741" timestamp="2022-11-02T20:37:45Z" user="Yoshinion" uid="3151684" lat="36.1420847" lon="-81.0719064"/>
 <node id="5816937225" visible="true" version="2" changeset="128409741" timestamp="2022-11-02T20:37:45Z" user="Yoshinion" uid="3151684" lat="36.1419506" lon="-81.0727234"/>
 <node id="5816937226" visible="true" version="2" changeset="128409741" timestamp="2022-11-02T20:37:45Z" user="Yoshinion" uid="3151684" lat="36.1419637" lon="-81.0719122"/>
 <node id="5816937227" visible="true" version="2" changeset="128409741" timestamp="2022-11-02T20:37:45Z" user="Yoshinion" uid="3151684" lat="36.1419418" lon="-81.0717956"/>
 <node id="5816937228" visible="true" version="2" changeset="128409741" timestamp="2022-11-02T20:37:45Z" user="Yoshinion" uid="3151684" lat="36.1418547" lon="-81.0718207"/>
 <node id="5816937229" visible="true" version="2" changeset="128409741" timestamp="2022-11-02T20:37:45Z" user="Yoshinion" uid="3151684" lat="36.1418766" lon="-81.0719373"/>
 <node id="5816937230" visible="true" version="2" changeset="128409741" timestamp="2022-11-02T20:37:45Z" user="Yoshinion" uid="3151684" lat="36.1416981" lon="-81.0724403"/>
 <node id="5816937231" visible="true" version="2" changeset="128409741" timestamp="2022-11-02T20:37:45Z" user="Yoshinion" uid="3151684" lat="36.1417290" lon="-81.0722596"/>
 <node id="5816937232" visible="true" version="2" changeset="128409741" timestamp="2022-11-02T20:37:45Z" user="Yoshinion" uid="3151684" lat="36.1416424" lon="-81.0722370"/>
 <node id="5816937233" visible="true" version="2" changeset="128409741" timestamp="2022-11-02T20:37:45Z" user="Yoshinion" uid="3151684" lat="36.1416116" lon="-81.0724177"/>
 <node id="5816937234" visible="true" version="2" changeset="128409741" timestamp="2022-11-02T20:37:45Z" user="Yoshinion" uid="3151684" lat="36.1433519" lon="-81.0725104"/>
 <node id="5816937235" visible="true" version="2" changeset="128409741" timestamp="2022-11-02T20:37:45Z" user="Yoshinion" uid="3151684" lat="36.1433561" lon="-81.0724329"/>
 <node id="5816937236" visible="true" version="2" changeset="128409741" timestamp="2022-11-02T20:37:45Z" user="Yoshinion" uid="3151684" lat="36.1432998" lon="-81.0724282"/>
 <node id="5816937237" visible="true" version="2" changeset="128409741" timestamp="2022-11-02T20:37:45Z" user="Yoshinion" uid="3151684" lat="36.1432957" lon="-81.0725058"/>
 <node id="5816937239" visible="true" version="2" changeset="77229677" timestamp="2019-11-18T13:33:53Z" user="Yoshinion" uid="3151684" lat="36.1428223" lon="-81.0726653"/>
 <node id="5816937242" visible="true" version="2" changeset="128409741" timestamp="2022-11-02T20:37:45Z" user="Yoshinion" uid="3151684" lat="36.1422557" lon="-81.0728804"/>
 <node id="5816937243" visible="true" version="2" changeset="128409741" timestamp="2022-11-02T20:37:45Z" user="Yoshinion" uid="3151684" lat="36.1422539" lon="-81.0729362"/>
 <node id="5816937244" visible="true" version="2" changeset="128409741" timestamp="2022-11-02T20:37:45Z" user="Yoshinion" uid="3151684" lat="36.1423039" lon="-81.0729387"/>
 <node id="5816937245" visible="true" version="2" changeset="128409741" timestamp="2022-11-02T20:37:45Z" user="Yoshinion" uid="3151684" lat="36.1423057" lon="-81.0728829"/>
 <node id="5816937246" visible="true" version="1" changeset="61452718" timestamp="2018-08-08T03:59:23Z" user="elhass06" uid="7963094" lat="36.1426505" lon="-81.0722290">
  <tag k="man_made" v="tower"/>
 </node>
 <node id="6351561237" visible="true" version="1" changeset="68361299" timestamp="2019-03-21T05:26:33Z" user="robinhood2018" uid="2072472" lat="36.1427862" lon="-81.1018806"/>
 <node id="6351561238" visible="true" version="1" changeset="68361299" timestamp="2019-03-21T05:26:33Z" user="robinhood2018" uid="2072472" lat="36.1427870" lon="-81.1015109"/>
 <node id="6351561239" visible="true" version="1" changeset="68361299" timestamp="2019-03-21T05:26:33Z" user="robinhood2018" uid="2072472" lat="36.1428183" lon="-81.1022638"/>
 <node id="6351561240" visible="true" version="1" changeset="68361299" timestamp="2019-03-21T05:26:33Z" user="robinhood2018" uid="2072472" lat="36.1429490" lon="-81.1029140"/>
 <node id="6885506865" visible="true" version="1" changeset="75773525" timestamp="2019-10-16T11:30:09Z" user="manitec" uid="10145715" lat="36.1365738" lon="-81.0663255"/>
 <node id="6885629858" visible="true" version="1" changeset="75775802" timestamp="2019-10-16T12:03:37Z" user="vaidhev" uid="10145809" lat="36.1259376" lon="-81.0667115"/>
 <node id="6897022525" visible="true" version="2" changeset="145013677" timestamp="2023-12-11T20:26:29Z" user="FvGordon" uid="161619" lat="36.1504373" lon="-81.0181870"/>
 <node id="6897022526" visible="true" version="2" changeset="139229403" timestamp="2023-07-30T23:35:05Z" user="mapman44" uid="2888253" lat="36.1502779" lon="-81.0182156"/>
 <node id="6897022529" visible="true" version="1" changeset="75915662" timestamp="2019-10-18T22:44:43Z" user="kyjay" uid="8379033" lat="36.1485980" lon="-81.0338751"/>
 <node id="6987213801" visible="true" version="1" changeset="77228966" timestamp="2019-11-18T13:22:16Z" user="Yoshinion" uid="3151684" lat="36.1414640" lon="-81.0729347"/>
 <node id="6987213802" visible="true" version="1" changeset="77228966" timestamp="2019-11-18T13:22:16Z" user="Yoshinion" uid="3151684" lat="36.1415731" lon="-81.0730468"/>
 <node id="6987213803" visible="true" version="1" changeset="77228966" timestamp="2019-11-18T13:22:16Z" user="Yoshinion" uid="3151684" lat="36.1416739" lon="-81.0731157"/>
 <node id="6987213804" visible="true" version="1" changeset="77228966" timestamp="2019-11-18T13:22:16Z" user="Yoshinion" uid="3151684" lat="36.1417666" lon="-81.0731565"/>
 <node id="6987213805" visible="true" version="1" changeset="77228966" timestamp="2019-11-18T13:22:16Z" user="Yoshinion" uid="3151684" lat="36.1418736" lon="-81.0731845"/>
 <node id="6987213806" visible="true" version="1" changeset="77228966" timestamp="2019-11-18T13:22:16Z" user="Yoshinion" uid="3151684" lat="36.1420630" lon="-81.0732074"/>
 <node id="6987213807" visible="true" version="1" changeset="77228966" timestamp="2019-11-18T13:22:16Z" user="Yoshinion" uid="3151684" lat="36.1426312" lon="-81.0732482"/>
 <node id="6987213808" visible="true" version="1" changeset="77228966" timestamp="2019-11-18T13:22:16Z" user="Yoshinion" uid="3151684" lat="36.1433703" lon="-81.0732967"/>
 <node id="6987213809" visible="true" version="1" changeset="77228966" timestamp="2019-11-18T13:22:16Z" user="Yoshinion" uid="3151684" lat="36.1435061" lon="-81.0732890"/>
 <node id="6987213810" visible="true" version="1" changeset="77228966" timestamp="2019-11-18T13:22:16Z" user="Yoshinion" uid="3151684" lat="36.1436214" lon="-81.0732584"/>
 <node id="6987213811" visible="true" version="2" changeset="128409741" timestamp="2022-11-02T20:37:45Z" user="Yoshinion" uid="3151684" lat="36.1437380" lon="-81.0731973"/>
 <node id="6987213812" visible="true" version="1" changeset="77228966" timestamp="2019-11-18T13:22:16Z" user="Yoshinion" uid="3151684" lat="36.1438478" lon="-81.0731055"/>
 <node id="6987213813" visible="true" version="1" changeset="77228966" timestamp="2019-11-18T13:22:16Z" user="Yoshinion" uid="3151684" lat="36.1439631" lon="-81.0729806"/>
 <node id="6987213814" visible="true" version="1" changeset="77228966" timestamp="2019-11-18T13:22:16Z" user="Yoshinion" uid="3151684" lat="36.1440434" lon="-81.0728174"/>
 <node id="6987213815" visible="true" version="1" changeset="77228966" timestamp="2019-11-18T13:22:16Z" user="Yoshinion" uid="3151684" lat="36.1440887" lon="-81.0726696"/>
 <node id="6987213816" visible="true" version="1" changeset="77228966" timestamp="2019-11-18T13:22:16Z" user="Yoshinion" uid="3151684" lat="36.1441011" lon="-81.0724809"/>
 <node id="6987213817" visible="true" version="1" changeset="77228966" timestamp="2019-11-18T13:22:16Z" user="Yoshinion" uid="3151684" lat="36.1440784" lon="-81.0722974"/>
 <node id="6987213818" visible="true" version="1" changeset="77228966" timestamp="2019-11-18T13:22:16Z" user="Yoshinion" uid="3151684" lat="36.1440084" lon="-81.0721062"/>
 <node id="6987213819" visible="true" version="1" changeset="77228966" timestamp="2019-11-18T13:22:16Z" user="Yoshinion" uid="3151684" lat="36.1439199" lon="-81.0719736"/>
 <node id="6987213820" visible="true" version="1" changeset="77228966" timestamp="2019-11-18T13:22:16Z" user="Yoshinion" uid="3151684" lat="36.1438108" lon="-81.0718742"/>
 <node id="6987213821" visible="true" version="1" changeset="77228966" timestamp="2019-11-18T13:22:16Z" user="Yoshinion" uid="3151684" lat="36.1436770" lon="-81.0717952"/>
 <node id="6987213822" visible="true" version="1" changeset="77228966" timestamp="2019-11-18T13:22:16Z" user="Yoshinion" uid="3151684" lat="36.1435741" lon="-81.0717467"/>
 <node id="6987213823" visible="true" version="1" changeset="77228966" timestamp="2019-11-18T13:22:16Z" user="Yoshinion" uid="3151684" lat="36.1434238" lon="-81.0716983"/>
 <node id="6987213824" visible="true" version="1" changeset="77228966" timestamp="2019-11-18T13:22:16Z" user="Yoshinion" uid="3151684" lat="36.1416657" lon="-81.0733018"/>
 <node id="6987213825" visible="true" version="1" changeset="77228966" timestamp="2019-11-18T13:22:16Z" user="Yoshinion" uid="3151684" lat="36.1418530" lon="-81.0733630"/>
 <node id="6987213826" visible="true" version="1" changeset="77228966" timestamp="2019-11-18T13:22:16Z" user="Yoshinion" uid="3151684" lat="36.1420239" lon="-81.0734037"/>
 <node id="6987213827" visible="true" version="1" changeset="77228966" timestamp="2019-11-18T13:22:16Z" user="Yoshinion" uid="3151684" lat="36.1421680" lon="-81.0734292"/>
 <node id="6987213828" visible="true" version="1" changeset="77228966" timestamp="2019-11-18T13:22:16Z" user="Yoshinion" uid="3151684" lat="36.1423842" lon="-81.0734471"/>
 <node id="6987213829" visible="true" version="1" changeset="77228966" timestamp="2019-11-18T13:22:16Z" user="Yoshinion" uid="3151684" lat="36.1429935" lon="-81.0734802"/>
 <node id="6987213830" visible="true" version="1" changeset="77228966" timestamp="2019-11-18T13:22:16Z" user="Yoshinion" uid="3151684" lat="36.1433929" lon="-81.0734981"/>
 <node id="6987213831" visible="true" version="1" changeset="77228966" timestamp="2019-11-18T13:22:16Z" user="Yoshinion" uid="3151684" lat="36.1435226" lon="-81.0734930"/>
 <node id="6987213832" visible="true" version="1" changeset="77228966" timestamp="2019-11-18T13:22:16Z" user="Yoshinion" uid="3151684" lat="36.1436502" lon="-81.0734700"/>
 <node id="6987213833" visible="true" version="1" changeset="77228966" timestamp="2019-11-18T13:22:16Z" user="Yoshinion" uid="3151684" lat="36.1437820" lon="-81.0734037">
  <tag k="barrier" v="gate"/>
 </node>
 <node id="6987213834" visible="true" version="1" changeset="77228966" timestamp="2019-11-18T13:22:16Z" user="Yoshinion" uid="3151684" lat="36.1438849" lon="-81.0733349"/>
 <node id="6987213835" visible="true" version="1" changeset="77228966" timestamp="2019-11-18T13:22:16Z" user="Yoshinion" uid="3151684" lat="36.1440372" lon="-81.0731845"/>
 <node id="6987213836" visible="true" version="1" changeset="77228966" timestamp="2019-11-18T13:22:16Z" user="Yoshinion" uid="3151684" lat="36.1441422" lon="-81.0730265"/>
 <node id="6987213837" visible="true" version="1" changeset="77228966" timestamp="2019-11-18T13:22:16Z" user="Yoshinion" uid="3151684" lat="36.1441999" lon="-81.0728990"/>
 <node id="6987213838" visible="true" version="1" changeset="77228966" timestamp="2019-11-18T13:22:16Z" user="Yoshinion" uid="3151684" lat="36.1442452" lon="-81.0727409"/>
 <node id="6987213839" visible="true" version="1" changeset="77228966" timestamp="2019-11-18T13:22:16Z" user="Yoshinion" uid="3151684" lat="36.1442678" lon="-81.0725778"/>
 <node id="6987213840" visible="true" version="1" changeset="77228966" timestamp="2019-11-18T13:22:16Z" user="Yoshinion" uid="3151684" lat="36.1442657" lon="-81.0723993"/>
 <node id="6987213841" visible="true" version="1" changeset="77228966" timestamp="2019-11-18T13:22:16Z" user="Yoshinion" uid="3151684" lat="36.1442390" lon="-81.0722413"/>
 <node id="6987213842" visible="true" version="1" changeset="77228966" timestamp="2019-11-18T13:22:16Z" user="Yoshinion" uid="3151684" lat="36.1441875" lon="-81.0720680"/>
 <node id="6987213843" visible="true" version="1" changeset="77228966" timestamp="2019-11-18T13:22:16Z" user="Yoshinion" uid="3151684" lat="36.1441093" lon="-81.0719175"/>
 <node id="6987213844" visible="true" version="1" changeset="77228966" timestamp="2019-11-18T13:22:16Z" user="Yoshinion" uid="3151684" lat="36.1440167" lon="-81.0717977"/>
 <node id="6987213845" visible="true" version="1" changeset="77228966" timestamp="2019-11-18T13:22:16Z" user="Yoshinion" uid="3151684" lat="36.1438931" lon="-81.0716932"/>
 <node id="6987213846" visible="true" version="1" changeset="77228966" timestamp="2019-11-18T13:22:16Z" user="Yoshinion" uid="3151684" lat="36.1437614" lon="-81.0716167"/>
 <node id="6987213847" visible="true" version="1" changeset="77228966" timestamp="2019-11-18T13:22:16Z" user="Yoshinion" uid="3151684" lat="36.1435802" lon="-81.0715428"/>
 <node id="6987213848" visible="true" version="1" changeset="77228966" timestamp="2019-11-18T13:22:16Z" user="Yoshinion" uid="3151684" lat="36.1433517" lon="-81.0714893"/>
 <node id="6987213849" visible="true" version="1" changeset="77228966" timestamp="2019-11-18T13:22:16Z" user="Yoshinion" uid="3151684" lat="36.1431376" lon="-81.0714587"/>
 <node id="6987213850" visible="true" version="1" changeset="77228966" timestamp="2019-11-18T13:22:16Z" user="Yoshinion" uid="3151684" lat="36.1428844" lon="-81.0714383"/>
 <node id="6987213851" visible="true" version="1" changeset="77228966" timestamp="2019-11-18T13:22:16Z" user="Yoshinion" uid="3151684" lat="36.1426847" lon="-81.0714306"/>
 <node id="6987213852" visible="true" version="1" changeset="77228966" timestamp="2019-11-18T13:22:16Z" user="Yoshinion" uid="3151684" lat="36.1421145" lon="-81.0714103"/>
 <node id="6987213853" visible="true" version="1" changeset="77228966" timestamp="2019-11-18T13:22:16Z" user="Yoshinion" uid="3151684" lat="36.1419498" lon="-81.0714128"/>
 <node id="6987213854" visible="true" version="1" changeset="77228966" timestamp="2019-11-18T13:22:16Z" user="Yoshinion" uid="3151684" lat="36.1418078" lon="-81.0714357"/>
 <node id="6987213855" visible="true" version="1" changeset="77228966" timestamp="2019-11-18T13:22:16Z" user="Yoshinion" uid="3151684" lat="36.1416575" lon="-81.0714791"/>
 <node id="6987213856" visible="true" version="1" changeset="77228966" timestamp="2019-11-18T13:22:16Z" user="Yoshinion" uid="3151684" lat="36.1415381" lon="-81.0715403"/>
 <node id="6987213857" visible="true" version="1" changeset="77228966" timestamp="2019-11-18T13:22:16Z" user="Yoshinion" uid="3151684" lat="36.1414104" lon="-81.0716320"/>
 <node id="6987213858" visible="true" version="1" changeset="77228966" timestamp="2019-11-18T13:22:16Z" user="Yoshinion" uid="3151684" lat="36.1413343" lon="-81.0717213"/>
 <node id="6987213859" visible="true" version="1" changeset="77228966" timestamp="2019-11-18T13:22:16Z" user="Yoshinion" uid="3151684" lat="36.1412540" lon="-81.0718589"/>
 <node id="6987213860" visible="true" version="1" changeset="77228966" timestamp="2019-11-18T13:22:16Z" user="Yoshinion" uid="3151684" lat="36.1411984" lon="-81.0720297"/>
 <node id="6987213861" visible="true" version="1" changeset="77228966" timestamp="2019-11-18T13:22:16Z" user="Yoshinion" uid="3151684" lat="36.1411572" lon="-81.0722031"/>
 <node id="6987213862" visible="true" version="1" changeset="77228966" timestamp="2019-11-18T13:22:16Z" user="Yoshinion" uid="3151684" lat="36.1411408" lon="-81.0723739"/>
 <node id="6987213863" visible="true" version="1" changeset="77228966" timestamp="2019-11-18T13:22:16Z" user="Yoshinion" uid="3151684" lat="36.1411408" lon="-81.0725370"/>
 <node id="6987213864" visible="true" version="1" changeset="77228966" timestamp="2019-11-18T13:22:16Z" user="Yoshinion" uid="3151684" lat="36.1411655" lon="-81.0727205"/>
 <node id="6987213865" visible="true" version="1" changeset="77228966" timestamp="2019-11-18T13:22:16Z" user="Yoshinion" uid="3151684" lat="36.1412334" lon="-81.0728964"/>
 <node id="6987213866" visible="true" version="1" changeset="77228966" timestamp="2019-11-18T13:22:16Z" user="Yoshinion" uid="3151684" lat="36.1413322" lon="-81.0730519"/>
 <node id="6987213867" visible="true" version="1" changeset="77228966" timestamp="2019-11-18T13:22:16Z" user="Yoshinion" uid="3151684" lat="36.1414228" lon="-81.0731437"/>
 <node id="6987213868" visible="true" version="1" changeset="77228966" timestamp="2019-11-18T13:22:16Z" user="Yoshinion" uid="3151684" lat="36.1415237" lon="-81.0732278"/>
 <node id="6987213869" visible="true" version="1" changeset="77228966" timestamp="2019-11-18T13:22:16Z" user="Yoshinion" uid="3151684" lat="36.1428346" lon="-81.0714383">
  <tag k="barrier" v="gate"/>
 </node>
 <node id="6987213870" visible="true" version="1" changeset="77228966" timestamp="2019-11-18T13:22:16Z" user="Yoshinion" uid="3151684" lat="36.1435967" lon="-81.0719558"/>
 <node id="6987213871" visible="true" version="1" changeset="77228966" timestamp="2019-11-18T13:22:16Z" user="Yoshinion" uid="3151684" lat="36.1437593" lon="-81.0720552"/>
 <node id="6987213872" visible="true" version="2" changeset="128409741" timestamp="2022-11-02T20:37:45Z" user="Yoshinion" uid="3151684" lat="36.1438575" lon="-81.0721722"/>
 <node id="6987213873" visible="true" version="2" changeset="128409741" timestamp="2022-11-02T20:37:45Z" user="Yoshinion" uid="3151684" lat="36.1439280" lon="-81.0723256"/>
 <node id="6987213874" visible="true" version="2" changeset="128409741" timestamp="2022-11-02T20:37:45Z" user="Yoshinion" uid="3151684" lat="36.1439497" lon="-81.0724796"/>
 <node id="6987213875" visible="true" version="2" changeset="128409741" timestamp="2022-11-02T20:37:45Z" user="Yoshinion" uid="3151684" lat="36.1439311" lon="-81.0726587"/>
 <node id="6987213876" visible="true" version="2" changeset="128409741" timestamp="2022-11-02T20:37:45Z" user="Yoshinion" uid="3151684" lat="36.1438574" lon="-81.0728341"/>
 <node id="6987213877" visible="true" version="2" changeset="128409741" timestamp="2022-11-02T20:37:45Z" user="Yoshinion" uid="3151684" lat="36.1437410" lon="-81.0729706"/>
 <node id="6987213878" visible="true" version="2" changeset="128409741" timestamp="2022-11-02T20:37:45Z" user="Yoshinion" uid="3151684" lat="36.1436404" lon="-81.0730453"/>
 <node id="6987213879" visible="true" version="1" changeset="77228966" timestamp="2019-11-18T13:22:16Z" user="Yoshinion" uid="3151684" lat="36.1434958" lon="-81.0731004"/>
 <node id="6987213880" visible="true" version="1" changeset="77228966" timestamp="2019-11-18T13:22:16Z" user="Yoshinion" uid="3151684" lat="36.1433414" lon="-81.0731029"/>
 <node id="6987213881" visible="true" version="1" changeset="77228966" timestamp="2019-11-18T13:22:16Z" user="Yoshinion" uid="3151684" lat="36.1430615" lon="-81.0730825"/>
 <node id="6987213882" visible="true" version="1" changeset="77228966" timestamp="2019-11-18T13:22:16Z" user="Yoshinion" uid="3151684" lat="36.1423327" lon="-81.0730367"/>
 <node id="6987213883" visible="true" version="1" changeset="77228966" timestamp="2019-11-18T13:22:16Z" user="Yoshinion" uid="3151684" lat="36.1421824" lon="-81.0730265"/>
 <node id="6987213884" visible="true" version="1" changeset="77228966" timestamp="2019-11-18T13:22:16Z" user="Yoshinion" uid="3151684" lat="36.1420404" lon="-81.0730112"/>
 <node id="6987213885" visible="true" version="1" changeset="77228966" timestamp="2019-11-18T13:22:16Z" user="Yoshinion" uid="3151684" lat="36.1419601" lon="-81.0730010"/>
 <node id="6987213886" visible="true" version="1" changeset="77228966" timestamp="2019-11-18T13:22:16Z" user="Yoshinion" uid="3151684" lat="36.1418613" lon="-81.0729831"/>
 <node id="6987213887" visible="true" version="1" changeset="77228966" timestamp="2019-11-18T13:22:16Z" user="Yoshinion" uid="3151684" lat="36.1417645" lon="-81.0729474"/>
 <node id="6987213888" visible="true" version="1" changeset="77228966" timestamp="2019-11-18T13:22:16Z" user="Yoshinion" uid="3151684" lat="36.1416925" lon="-81.0729015"/>
 <node id="6987213889" visible="true" version="1" changeset="77228966" timestamp="2019-11-18T13:22:16Z" user="Yoshinion" uid="3151684" lat="36.1416081" lon="-81.0728200"/>
 <node id="6987213890" visible="true" version="1" changeset="77228966" timestamp="2019-11-18T13:22:16Z" user="Yoshinion" uid="3151684" lat="36.1414393" lon="-81.0726262"/>
 <node id="6987213891" visible="true" version="1" changeset="77228966" timestamp="2019-11-18T13:22:16Z" user="Yoshinion" uid="3151684" lat="36.1413569" lon="-81.0723305"/>
 <node id="6987213892" visible="true" version="1" changeset="77228966" timestamp="2019-11-18T13:22:16Z" user="Yoshinion" uid="3151684" lat="36.1413816" lon="-81.0722184"/>
 <node id="6987213893" visible="true" version="1" changeset="77228966" timestamp="2019-11-18T13:22:16Z" user="Yoshinion" uid="3151684" lat="36.1414351" lon="-81.0720476"/>
 <node id="6987213894" visible="true" version="1" changeset="77228966" timestamp="2019-11-18T13:22:16Z" user="Yoshinion" uid="3151684" lat="36.1414681" lon="-81.0719609"/>
 <node id="6987213895" visible="true" version="1" changeset="77228966" timestamp="2019-11-18T13:22:16Z" user="Yoshinion" uid="3151684" lat="36.1415031" lon="-81.0719609"/>
 <node id="6987213896" visible="true" version="1" changeset="77228966" timestamp="2019-11-18T13:22:16Z" user="Yoshinion" uid="3151684" lat="36.1415628" lon="-81.0718793"/>
 <node id="6987213897" visible="true" version="1" changeset="77228966" timestamp="2019-11-18T13:22:16Z" user="Yoshinion" uid="3151684" lat="36.1416492" lon="-81.0718028"/>
 <node id="6987213898" visible="true" version="1" changeset="77228966" timestamp="2019-11-18T13:22:16Z" user="Yoshinion" uid="3151684" lat="36.1417398" lon="-81.0717569"/>
 <node id="6987213899" visible="true" version="1" changeset="77228966" timestamp="2019-11-18T13:22:16Z" user="Yoshinion" uid="3151684" lat="36.1418654" lon="-81.0717264"/>
 <node id="6987213900" visible="true" version="1" changeset="77228966" timestamp="2019-11-18T13:22:16Z" user="Yoshinion" uid="3151684" lat="36.1420136" lon="-81.0717060"/>
 <node id="6987213901" visible="true" version="1" changeset="77228966" timestamp="2019-11-18T13:22:16Z" user="Yoshinion" uid="3151684" lat="36.1421907" lon="-81.0717085"/>
 <node id="6987213902" visible="true" version="1" changeset="77228966" timestamp="2019-11-18T13:22:16Z" user="Yoshinion" uid="3151684" lat="36.1427691" lon="-81.0717111"/>
 <node id="6987213903" visible="true" version="1" changeset="77228966" timestamp="2019-11-18T13:22:16Z" user="Yoshinion" uid="3151684" lat="36.1428288" lon="-81.0717442"/>
 <node id="6987213904" visible="true" version="1" changeset="77228966" timestamp="2019-11-18T13:22:16Z" user="Yoshinion" uid="3151684" lat="36.1432879" lon="-81.0717799"/>
 <node id="6987213905" visible="true" version="1" changeset="77228966" timestamp="2019-11-18T13:22:16Z" user="Yoshinion" uid="3151684" lat="36.1434752" lon="-81.0718105"/>
 <node id="6987213906" visible="true" version="1" changeset="77228966" timestamp="2019-11-18T13:22:16Z" user="Yoshinion" uid="3151684" lat="36.1436692" lon="-81.0729224"/>
 <node id="6987213907" visible="true" version="1" changeset="77228966" timestamp="2019-11-18T13:22:16Z" user="Yoshinion" uid="3151684" lat="36.1437566" lon="-81.0728345"/>
 <node id="6987213908" visible="true" version="1" changeset="77228966" timestamp="2019-11-18T13:22:16Z" user="Yoshinion" uid="3151684" lat="36.1438119" lon="-81.0727582"/>
 <node id="6987213909" visible="true" version="1" changeset="77228966" timestamp="2019-11-18T13:22:16Z" user="Yoshinion" uid="3151684" lat="36.1438494" lon="-81.0726722"/>
 <node id="6987213910" visible="true" version="1" changeset="77228966" timestamp="2019-11-18T13:22:16Z" user="Yoshinion" uid="3151684" lat="36.1438704" lon="-81.0725843"/>
 <node id="6987213911" visible="true" version="1" changeset="77228966" timestamp="2019-11-18T13:22:16Z" user="Yoshinion" uid="3151684" lat="36.1438736" lon="-81.0724935"/>
 <node id="6987213912" visible="true" version="1" changeset="77228966" timestamp="2019-11-18T13:22:16Z" user="Yoshinion" uid="3151684" lat="36.1438665" lon="-81.0724240"/>
 <node id="6987213913" visible="true" version="1" changeset="77228966" timestamp="2019-11-18T13:22:16Z" user="Yoshinion" uid="3151684" lat="36.1438478" lon="-81.0723264"/>
 <node id="6987213914" visible="true" version="1" changeset="77228966" timestamp="2019-11-18T13:22:16Z" user="Yoshinion" uid="3151684" lat="36.1438174" lon="-81.0722588"/>
 <node id="6987213915" visible="true" version="1" changeset="77228966" timestamp="2019-11-18T13:22:16Z" user="Yoshinion" uid="3151684" lat="36.1437675" lon="-81.0721834"/>
 <node id="6987213916" visible="true" version="1" changeset="77228966" timestamp="2019-11-18T13:22:16Z" user="Yoshinion" uid="3151684" lat="36.1437152" lon="-81.0721303"/>
 <node id="6987213917" visible="true" version="1" changeset="77228966" timestamp="2019-11-18T13:22:16Z" user="Yoshinion" uid="3151684" lat="36.1436364" lon="-81.0720733"/>
 <node id="6987213918" visible="true" version="1" changeset="77228966" timestamp="2019-11-18T13:22:16Z" user="Yoshinion" uid="3151684" lat="36.1435576" lon="-81.0720279"/>
 <node id="6987213919" visible="true" version="1" changeset="77228966" timestamp="2019-11-18T13:22:16Z" user="Yoshinion" uid="3151684" lat="36.1433681" lon="-81.0719400"/>
 <node id="6987213920" visible="true" version="1" changeset="77228966" timestamp="2019-11-18T13:22:16Z" user="Yoshinion" uid="3151684" lat="36.1433813" lon="-81.0718647"/>
 <node id="6987213921" visible="true" version="1" changeset="77228966" timestamp="2019-11-18T13:22:16Z" user="Yoshinion" uid="3151684" lat="36.1432035" lon="-81.0718424"/>
 <node id="6987213922" visible="true" version="1" changeset="77228966" timestamp="2019-11-18T13:22:16Z" user="Yoshinion" uid="3151684" lat="36.1430646" lon="-81.0718308"/>
 <node id="6987213923" visible="true" version="1" changeset="77228966" timestamp="2019-11-18T13:22:16Z" user="Yoshinion" uid="3151684" lat="36.1428220" lon="-81.0718125"/>
 <node id="6987213924" visible="true" version="1" changeset="77228966" timestamp="2019-11-18T13:22:16Z" user="Yoshinion" uid="3151684" lat="36.1427557" lon="-81.0718086"/>
 <node id="6987213925" visible="true" version="1" changeset="77228966" timestamp="2019-11-18T13:22:16Z" user="Yoshinion" uid="3151684" lat="36.1426411" lon="-81.0717990"/>
 <node id="6987213926" visible="true" version="1" changeset="77228966" timestamp="2019-11-18T13:22:16Z" user="Yoshinion" uid="3151684" lat="36.1424952" lon="-81.0724442"/>
 <node id="6987213927" visible="true" version="1" changeset="77228966" timestamp="2019-11-18T13:22:16Z" user="Yoshinion" uid="3151684" lat="36.1424858" lon="-81.0724877"/>
 <node id="6987213928" visible="true" version="1" changeset="77228966" timestamp="2019-11-18T13:22:16Z" user="Yoshinion" uid="3151684" lat="36.1423891" lon="-81.0729214"/>
 <node id="6987213929" visible="true" version="1" changeset="77228966" timestamp="2019-11-18T13:22:16Z" user="Yoshinion" uid="3151684" lat="36.1424328" lon="-81.0729388"/>
 <node id="6987213930" visible="true" version="1" changeset="77228966" timestamp="2019-11-18T13:22:16Z" user="Yoshinion" uid="3151684" lat="36.1424710" lon="-81.0729523"/>
 <node id="6987213931" visible="true" version="1" changeset="77228966" timestamp="2019-11-18T13:22:16Z" user="Yoshinion" uid="3151684" lat="36.1425225" lon="-81.0729639"/>
 <node id="6987213932" visible="true" version="1" changeset="77228966" timestamp="2019-11-18T13:22:16Z" user="Yoshinion" uid="3151684" lat="36.1425779" lon="-81.0729697"/>
 <node id="6987213933" visible="true" version="1" changeset="77228966" timestamp="2019-11-18T13:22:16Z" user="Yoshinion" uid="3151684" lat="36.1426395" lon="-81.0729746"/>
 <node id="6987213934" visible="true" version="1" changeset="77228966" timestamp="2019-11-18T13:22:16Z" user="Yoshinion" uid="3151684" lat="36.1428415" lon="-81.0729890"/>
 <node id="6987213935" visible="true" version="1" changeset="77228966" timestamp="2019-11-18T13:22:16Z" user="Yoshinion" uid="3151684" lat="36.1431434" lon="-81.0730093"/>
 <node id="6987213936" visible="true" version="1" changeset="77228966" timestamp="2019-11-18T13:22:16Z" user="Yoshinion" uid="3151684" lat="36.1432355" lon="-81.0730190"/>
 <node id="6987213937" visible="true" version="1" changeset="77228966" timestamp="2019-11-18T13:22:16Z" user="Yoshinion" uid="3151684" lat="36.1433494" lon="-81.0730238"/>
 <node id="6987213938" visible="true" version="1" changeset="77228966" timestamp="2019-11-18T13:22:16Z" user="Yoshinion" uid="3151684" lat="36.1434297" lon="-81.0730200"/>
 <node id="6987213939" visible="true" version="1" changeset="77228966" timestamp="2019-11-18T13:22:16Z" user="Yoshinion" uid="3151684" lat="36.1435023" lon="-81.0730103"/>
 <node id="6987213940" visible="true" version="1" changeset="77228966" timestamp="2019-11-18T13:22:16Z" user="Yoshinion" uid="3151684" lat="36.1435514" lon="-81.0729939"/>
 <node id="6987213941" visible="true" version="1" changeset="77228966" timestamp="2019-11-18T13:22:16Z" user="Yoshinion" uid="3151684" lat="36.1436068" lon="-81.0729649"/>
 <node id="6987213942" visible="true" version="2" changeset="77229677" timestamp="2019-11-18T13:33:53Z" user="Yoshinion" uid="3151684" lat="36.1426931" lon="-81.0726578"/>
 <node id="6987213943" visible="true" version="1" changeset="77228966" timestamp="2019-11-18T13:22:16Z" user="Yoshinion" uid="3151684" lat="36.1425515" lon="-81.0726609"/>
 <node id="6987213995" visible="true" version="1" changeset="77228966" timestamp="2019-11-18T13:22:16Z" user="Yoshinion" uid="3151684" lat="36.1428588" lon="-81.0710138"/>
 <node id="6987213996" visible="true" version="1" changeset="77228966" timestamp="2019-11-18T13:22:16Z" user="Yoshinion" uid="3151684" lat="36.1428407" lon="-81.0712775"/>
 <node id="6987213997" visible="true" version="1" changeset="77228966" timestamp="2019-11-18T13:22:16Z" user="Yoshinion" uid="3151684" lat="36.1426232" lon="-81.0710317"/>
 <node id="6987213998" visible="true" version="1" changeset="77228966" timestamp="2019-11-18T13:22:16Z" user="Yoshinion" uid="3151684" lat="36.1426297" lon="-81.0708606"/>
 <node id="6987213999" visible="true" version="1" changeset="77228966" timestamp="2019-11-18T13:22:16Z" user="Yoshinion" uid="3151684" lat="36.1422309" lon="-81.0708525"/>
 <node id="6987214000" visible="true" version="1" changeset="77228966" timestamp="2019-11-18T13:22:16Z" user="Yoshinion" uid="3151684" lat="36.1422266" lon="-81.0710187"/>
 <node id="6987214001" visible="true" version="1" changeset="77228966" timestamp="2019-11-18T13:22:16Z" user="Yoshinion" uid="3151684" lat="36.1424390" lon="-81.0710248"/>
 <node id="6987214002" visible="true" version="1" changeset="77228966" timestamp="2019-11-18T13:22:16Z" user="Yoshinion" uid="3151684" lat="36.1415784" lon="-81.0733118"/>
 <node id="6987214003" visible="true" version="1" changeset="77228966" timestamp="2019-11-18T13:22:16Z" user="Yoshinion" uid="3151684" lat="36.1415544" lon="-81.0733927"/>
 <node id="6987214004" visible="true" version="1" changeset="77228966" timestamp="2019-11-18T13:22:16Z" user="Yoshinion" uid="3151684" lat="36.1416220" lon="-81.0734602"/>
 <node id="6987214005" visible="true" version="1" changeset="77228966" timestamp="2019-11-18T13:22:16Z" user="Yoshinion" uid="3151684" lat="36.1416525" lon="-81.0734710"/>
 <node id="6987214006" visible="true" version="1" changeset="77228966" timestamp="2019-11-18T13:22:16Z" user="Yoshinion" uid="3151684" lat="36.1416492" lon="-81.0734858"/>
 <node id="6987214007" visible="true" version="1" changeset="77228966" timestamp="2019-11-18T13:22:16Z" user="Yoshinion" uid="3151684" lat="36.1417146" lon="-81.0735250"/>
 <node id="6987214008" visible="true" version="1" changeset="77228966" timestamp="2019-11-18T13:22:16Z" user="Yoshinion" uid="3151684" lat="36.1418138" lon="-81.0735560"/>
 <node id="6987214009" visible="true" version="1" changeset="77228966" timestamp="2019-11-18T13:22:16Z" user="Yoshinion" uid="3151684" lat="36.1418029" lon="-81.0736289"/>
 <node id="6987214010" visible="true" version="1" changeset="77228966" timestamp="2019-11-18T13:22:16Z" user="Yoshinion" uid="3151684" lat="36.1419326" lon="-81.0736707"/>
 <node id="6987214011" visible="true" version="1" changeset="77228966" timestamp="2019-11-18T13:22:16Z" user="Yoshinion" uid="3151684" lat="36.1419478" lon="-81.0735911"/>
 <node id="6987214012" visible="true" version="1" changeset="77228966" timestamp="2019-11-18T13:22:16Z" user="Yoshinion" uid="3151684" lat="36.1419576" lon="-81.0735938"/>
 <node id="6987214013" visible="true" version="1" changeset="77228966" timestamp="2019-11-18T13:22:16Z" user="Yoshinion" uid="3151684" lat="36.1419522" lon="-81.0736599"/>
 <node id="6987214014" visible="true" version="1" changeset="77228966" timestamp="2019-11-18T13:22:16Z" user="Yoshinion" uid="3151684" lat="36.1420786" lon="-81.0736950"/>
 <node id="6987214015" visible="true" version="1" changeset="77228966" timestamp="2019-11-18T13:22:16Z" user="Yoshinion" uid="3151684" lat="36.1420873" lon="-81.0736208"/>
 <node id="6987214016" visible="true" version="1" changeset="77228966" timestamp="2019-11-18T13:22:16Z" user="Yoshinion" uid="3151684" lat="36.1420960" lon="-81.0736235"/>
 <node id="6987214017" visible="true" version="1" changeset="77228966" timestamp="2019-11-18T13:22:16Z" user="Yoshinion" uid="3151684" lat="36.1420917" lon="-81.0736882"/>
 <node id="6987214018" visible="true" version="1" changeset="77228966" timestamp="2019-11-18T13:22:16Z" user="Yoshinion" uid="3151684" lat="36.1422191" lon="-81.0737071"/>
 <node id="6987214019" visible="true" version="1" changeset="77228966" timestamp="2019-11-18T13:22:16Z" user="Yoshinion" uid="3151684" lat="36.1422257" lon="-81.0736302"/>
 <node id="6987214020" visible="true" version="1" changeset="77228966" timestamp="2019-11-18T13:22:16Z" user="Yoshinion" uid="3151684" lat="36.1422344" lon="-81.0736316"/>
 <node id="6987214021" visible="true" version="1" changeset="77228966" timestamp="2019-11-18T13:22:16Z" user="Yoshinion" uid="3151684" lat="36.1422311" lon="-81.0736909"/>
 <node id="6987214022" visible="true" version="1" changeset="77228966" timestamp="2019-11-18T13:22:16Z" user="Yoshinion" uid="3151684" lat="36.1422802" lon="-81.0736990"/>
 <node id="6987214023" visible="true" version="1" changeset="77228966" timestamp="2019-11-18T13:22:16Z" user="Yoshinion" uid="3151684" lat="36.1422747" lon="-81.0737598"/>
 <node id="6987214024" visible="true" version="1" changeset="77228966" timestamp="2019-11-18T13:22:16Z" user="Yoshinion" uid="3151684" lat="36.1424131" lon="-81.0737813"/>
 <node id="6987214025" visible="true" version="1" changeset="77228966" timestamp="2019-11-18T13:22:16Z" user="Yoshinion" uid="3151684" lat="36.1424175" lon="-81.0737206"/>
 <node id="6987214026" visible="true" version="1" changeset="77228966" timestamp="2019-11-18T13:22:16Z" user="Yoshinion" uid="3151684" lat="36.1424305" lon="-81.0737206"/>
 <node id="6987214027" visible="true" version="1" changeset="77228966" timestamp="2019-11-18T13:22:16Z" user="Yoshinion" uid="3151684" lat="36.1424284" lon="-81.0737503"/>
 <node id="6987214028" visible="true" version="1" changeset="77228966" timestamp="2019-11-18T13:22:16Z" user="Yoshinion" uid="3151684" lat="36.1424502" lon="-81.0737530"/>
 <node id="6987214029" visible="true" version="1" changeset="77228966" timestamp="2019-11-18T13:22:16Z" user="Yoshinion" uid="3151684" lat="36.1424458" lon="-81.0738016"/>
 <node id="6987214030" visible="true" version="1" changeset="77228966" timestamp="2019-11-18T13:22:16Z" user="Yoshinion" uid="3151684" lat="36.1425635" lon="-81.0738110"/>
 <node id="6987214031" visible="true" version="1" changeset="77228966" timestamp="2019-11-18T13:22:16Z" user="Yoshinion" uid="3151684" lat="36.1425678" lon="-81.0737274"/>
 <node id="6987214032" visible="true" version="1" changeset="77228966" timestamp="2019-11-18T13:22:16Z" user="Yoshinion" uid="3151684" lat="36.1425962" lon="-81.0737301"/>
 <node id="6987214033" visible="true" version="1" changeset="77228966" timestamp="2019-11-18T13:22:16Z" user="Yoshinion" uid="3151684" lat="36.1425994" lon="-81.0736842"/>
 <node id="6987214034" visible="true" version="1" changeset="77228966" timestamp="2019-11-18T13:22:16Z" user="Yoshinion" uid="3151684" lat="36.1426539" lon="-81.0736882"/>
 <node id="6987214035" visible="true" version="1" changeset="77228966" timestamp="2019-11-18T13:22:16Z" user="Yoshinion" uid="3151684" lat="36.1426561" lon="-81.0736559"/>
 <node id="6987214036" visible="true" version="1" changeset="77228966" timestamp="2019-11-18T13:22:16Z" user="Yoshinion" uid="3151684" lat="36.1427564" lon="-81.0736667"/>
 <node id="6987214037" visible="true" version="1" changeset="77228966" timestamp="2019-11-18T13:22:16Z" user="Yoshinion" uid="3151684" lat="36.1429558" lon="-81.0736774"/>
 <node id="6987214038" visible="true" version="1" changeset="77228966" timestamp="2019-11-18T13:22:16Z" user="Yoshinion" uid="3151684" lat="36.1429525" lon="-81.0737490"/>
 <node id="6987214039" visible="true" version="1" changeset="77228966" timestamp="2019-11-18T13:22:16Z" user="Yoshinion" uid="3151684" lat="36.1430854" lon="-81.0737598"/>
 <node id="6987214040" visible="true" version="1" changeset="77228966" timestamp="2019-11-18T13:22:16Z" user="Yoshinion" uid="3151684" lat="36.1430887" lon="-81.0736909"/>
 <node id="6987214041" visible="true" version="1" changeset="77228966" timestamp="2019-11-18T13:22:16Z" user="Yoshinion" uid="3151684" lat="36.1431007" lon="-81.0736923"/>
 <node id="6987214042" visible="true" version="1" changeset="77228966" timestamp="2019-11-18T13:22:16Z" user="Yoshinion" uid="3151684" lat="36.1430996" lon="-81.0737503"/>
 <node id="6987214043" visible="true" version="1" changeset="77228966" timestamp="2019-11-18T13:22:16Z" user="Yoshinion" uid="3151684" lat="36.1432271" lon="-81.0737800"/>
 <node id="6987214044" visible="true" version="1" changeset="77228966" timestamp="2019-11-18T13:22:16Z" user="Yoshinion" uid="3151684" lat="36.1432293" lon="-81.0737031"/>
 <node id="6987214045" visible="true" version="1" changeset="77228966" timestamp="2019-11-18T13:22:16Z" user="Yoshinion" uid="3151684" lat="36.1434287" lon="-81.0737112"/>
 <node id="6987214046" visible="true" version="1" changeset="77228966" timestamp="2019-11-18T13:22:16Z" user="Yoshinion" uid="3151684" lat="36.1434276" lon="-81.0737382"/>
 <node id="6987214047" visible="true" version="1" changeset="77228966" timestamp="2019-11-18T13:22:16Z" user="Yoshinion" uid="3151684" lat="36.1436542" lon="-81.0737517"/>
 <node id="6987214048" visible="true" version="1" changeset="77228966" timestamp="2019-11-18T13:22:16Z" user="Yoshinion" uid="3151684" lat="36.1436553" lon="-81.0737044"/>
 <node id="6987214049" visible="true" version="1" changeset="77228966" timestamp="2019-11-18T13:22:16Z" user="Yoshinion" uid="3151684" lat="36.1436739" lon="-81.0737058"/>
 <node id="6987214050" visible="true" version="1" changeset="77228966" timestamp="2019-11-18T13:22:16Z" user="Yoshinion" uid="3151684" lat="36.1436749" lon="-81.0735978"/>
 <node id="6987214051" visible="true" version="1" changeset="77228966" timestamp="2019-11-18T13:22:16Z" user="Yoshinion" uid="3151684" lat="36.1436303" lon="-81.0735978"/>
 <node id="6987214052" visible="true" version="1" changeset="77228966" timestamp="2019-11-18T13:22:16Z" user="Yoshinion" uid="3151684" lat="36.1436303" lon="-81.0735870"/>
 <node id="6987214053" visible="true" version="1" changeset="77228966" timestamp="2019-11-18T13:22:16Z" user="Yoshinion" uid="3151684" lat="36.1436586" lon="-81.0735884"/>
 <node id="6987214054" visible="true" version="1" changeset="77228966" timestamp="2019-11-18T13:22:16Z" user="Yoshinion" uid="3151684" lat="36.1436586" lon="-81.0735654"/>
 <node id="6987214055" visible="true" version="1" changeset="77228966" timestamp="2019-11-18T13:22:16Z" user="Yoshinion" uid="3151684" lat="36.1432827" lon="-81.0735452"/>
 <node id="6987214056" visible="true" version="1" changeset="77228966" timestamp="2019-11-18T13:22:16Z" user="Yoshinion" uid="3151684" lat="36.1429765" lon="-81.0735263"/>
 <node id="6987214057" visible="true" version="1" changeset="77228966" timestamp="2019-11-18T13:22:16Z" user="Yoshinion" uid="3151684" lat="36.1426768" lon="-81.0735101"/>
 <node id="6987214058" visible="true" version="1" changeset="77228966" timestamp="2019-11-18T13:22:16Z" user="Yoshinion" uid="3151684" lat="36.1424360" lon="-81.0734953"/>
 <node id="6987214059" visible="true" version="1" changeset="77228966" timestamp="2019-11-18T13:22:16Z" user="Yoshinion" uid="3151684" lat="36.1422213" lon="-81.0734764"/>
 <node id="6987214060" visible="true" version="1" changeset="77228966" timestamp="2019-11-18T13:22:16Z" user="Yoshinion" uid="3151684" lat="36.1420186" lon="-81.0734400"/>
 <node id="6987214061" visible="true" version="1" changeset="77228966" timestamp="2019-11-18T13:22:16Z" user="Yoshinion" uid="3151684" lat="36.1419151" lon="-81.0734197"/>
 <node id="6987214062" visible="true" version="1" changeset="77228966" timestamp="2019-11-18T13:22:16Z" user="Yoshinion" uid="3151684" lat="36.1417408" lon="-81.0733684"/>
 <node id="6987214063" visible="true" version="1" changeset="77228966" timestamp="2019-11-18T13:22:16Z" user="Yoshinion" uid="3151684" lat="36.1438626" lon="-81.0737461"/>
 <node id="6987214064" visible="true" version="1" changeset="77228966" timestamp="2019-11-18T13:22:16Z" user="Yoshinion" uid="3151684" lat="36.1437498" lon="-81.0736363"/>
 <node id="6987214065" visible="true" version="1" changeset="77228966" timestamp="2019-11-18T13:22:16Z" user="Yoshinion" uid="3151684" lat="36.1438816" lon="-81.0734746"/>
 <node id="6987214066" visible="true" version="1" changeset="77228966" timestamp="2019-11-18T13:22:16Z" user="Yoshinion" uid="3151684" lat="36.1440324" lon="-81.0732408"/>
 <node id="6987214067" visible="true" version="1" changeset="77228966" timestamp="2019-11-18T13:22:16Z" user="Yoshinion" uid="3151684" lat="36.1440996" lon="-81.0732910"/>
 <node id="6987214068" visible="true" version="1" changeset="77228966" timestamp="2019-11-18T13:22:16Z" user="Yoshinion" uid="3151684" lat="36.1439513" lon="-81.0735437"/>
 <node id="6987214069" visible="true" version="1" changeset="77228966" timestamp="2019-11-18T13:22:16Z" user="Yoshinion" uid="3151684" lat="36.1432465" lon="-81.0716949"/>
 <node id="6987214070" visible="true" version="1" changeset="77228966" timestamp="2019-11-18T13:22:16Z" user="Yoshinion" uid="3151684" lat="36.1435237" lon="-81.0717827"/>
 <node id="6987225872" visible="true" version="1" changeset="77229961" timestamp="2019-11-18T13:38:31Z" user="Yoshinion" uid="3151684" lat="36.1430243" lon="-81.0710818"/>
 <node id="6987225873" visible="true" version="1" changeset="77229961" timestamp="2019-11-18T13:38:31Z" user="Yoshinion" uid="3151684" lat="36.1432553" lon="-81.0711019"/>
 <node id="6987225874" visible="true" version="1" changeset="77229961" timestamp="2019-11-18T13:38:31Z" user="Yoshinion" uid="3151684" lat="36.1435524" lon="-81.0711582"/>
 <node id="6987225875" visible="true" version="1" changeset="77229961" timestamp="2019-11-18T13:38:31Z" user="Yoshinion" uid="3151684" lat="36.1438040" lon="-81.0712610"/>
 <node id="6987225876" visible="true" version="1" changeset="77229961" timestamp="2019-11-18T13:38:31Z" user="Yoshinion" uid="3151684" lat="36.1440369" lon="-81.0713969"/>
 <node id="6987225877" visible="true" version="1" changeset="77229961" timestamp="2019-11-18T13:38:31Z" user="Yoshinion" uid="3151684" lat="36.1441949" lon="-81.0714996"/>
 <node id="6987225878" visible="true" version="1" changeset="77229961" timestamp="2019-11-18T13:38:31Z" user="Yoshinion" uid="3151684" lat="36.1442323" lon="-81.0715825"/>
 <node id="6987225879" visible="true" version="1" changeset="77229961" timestamp="2019-11-18T13:38:31Z" user="Yoshinion" uid="3151684" lat="36.1442537" lon="-81.0718908"/>
 <node id="6987225880" visible="true" version="1" changeset="77229961" timestamp="2019-11-18T13:38:31Z" user="Yoshinion" uid="3151684" lat="36.1443153" lon="-81.0721096"/>
 <node id="6987225881" visible="true" version="1" changeset="77229961" timestamp="2019-11-18T13:38:31Z" user="Yoshinion" uid="3151684" lat="36.1443528" lon="-81.0723615"/>
 <node id="6987225882" visible="true" version="1" changeset="77229961" timestamp="2019-11-18T13:38:31Z" user="Yoshinion" uid="3151684" lat="36.1443448" lon="-81.0725438"/>
 <node id="6987225883" visible="true" version="1" changeset="77229961" timestamp="2019-11-18T13:38:31Z" user="Yoshinion" uid="3151684" lat="36.1442885" lon="-81.0727825"/>
 <node id="6987225884" visible="true" version="1" changeset="77229961" timestamp="2019-11-18T13:38:31Z" user="Yoshinion" uid="3151684" lat="36.1404083" lon="-81.0730529"/>
 <node id="6987232426" visible="true" version="1" changeset="77229677" timestamp="2019-11-18T13:33:53Z" user="Yoshinion" uid="3151684" lat="36.1419607" lon="-81.0729045"/>
 <node id="6987232427" visible="true" version="1" changeset="77229677" timestamp="2019-11-18T13:33:53Z" user="Yoshinion" uid="3151684" lat="36.1418481" lon="-81.0728852"/>
 <node id="6987232428" visible="true" version="1" changeset="77229677" timestamp="2019-11-18T13:33:53Z" user="Yoshinion" uid="3151684" lat="36.1417702" lon="-81.0728209"/>
 <node id="6987232429" visible="true" version="1" changeset="77229677" timestamp="2019-11-18T13:33:53Z" user="Yoshinion" uid="3151684" lat="36.1415901" lon="-81.0726386"/>
 <node id="6987232430" visible="true" version="1" changeset="77229677" timestamp="2019-11-18T13:33:53Z" user="Yoshinion" uid="3151684" lat="36.1415173" lon="-81.0725207"/>
 <node id="6987232431" visible="true" version="1" changeset="77229677" timestamp="2019-11-18T13:33:53Z" user="Yoshinion" uid="3151684" lat="36.1414740" lon="-81.0724628"/>
 <node id="6987232432" visible="true" version="1" changeset="77229677" timestamp="2019-11-18T13:33:53Z" user="Yoshinion" uid="3151684" lat="36.1414316" lon="-81.0723981"/>
 <node id="6987232433" visible="true" version="1" changeset="77229677" timestamp="2019-11-18T13:33:53Z" user="Yoshinion" uid="3151684" lat="36.1413796" lon="-81.0723824"/>
 <node id="6987232434" visible="true" version="1" changeset="77229677" timestamp="2019-11-18T13:33:53Z" user="Yoshinion" uid="3151684" lat="36.1413420" lon="-81.0723560"/>
 <node id="6987232435" visible="true" version="1" changeset="77229677" timestamp="2019-11-18T13:33:53Z" user="Yoshinion" uid="3151684" lat="36.1413309" lon="-81.0723183"/>
 <node id="6987232436" visible="true" version="1" changeset="77229677" timestamp="2019-11-18T13:33:53Z" user="Yoshinion" uid="3151684" lat="36.1413400" lon="-81.0722162"/>
 <node id="6987232437" visible="true" version="1" changeset="77229677" timestamp="2019-11-18T13:33:53Z" user="Yoshinion" uid="3151684" lat="36.1413753" lon="-81.0720980"/>
 <node id="6987232438" visible="true" version="1" changeset="77229677" timestamp="2019-11-18T13:33:53Z" user="Yoshinion" uid="3151684" lat="36.1414421" lon="-81.0719343"/>
 <node id="6987232439" visible="true" version="1" changeset="77229677" timestamp="2019-11-18T13:33:53Z" user="Yoshinion" uid="3151684" lat="36.1415206" lon="-81.0718258"/>
 <node id="6987232440" visible="true" version="1" changeset="77229677" timestamp="2019-11-18T13:33:53Z" user="Yoshinion" uid="3151684" lat="36.1416122" lon="-81.0717496"/>
 <node id="6987232441" visible="true" version="1" changeset="77229677" timestamp="2019-11-18T13:33:53Z" user="Yoshinion" uid="3151684" lat="36.1416815" lon="-81.0717140"/>
 <node id="6987232442" visible="true" version="1" changeset="77229677" timestamp="2019-11-18T13:33:53Z" user="Yoshinion" uid="3151684" lat="36.1417966" lon="-81.0716735"/>
 <node id="6987232443" visible="true" version="1" changeset="77229677" timestamp="2019-11-18T13:33:53Z" user="Yoshinion" uid="3151684" lat="36.1418501" lon="-81.0716613"/>
 <node id="6987232444" visible="true" version="1" changeset="77229677" timestamp="2019-11-18T13:33:53Z" user="Yoshinion" uid="3151684" lat="36.1420191" lon="-81.0716421"/>
 <node id="6987232445" visible="true" version="1" changeset="77229677" timestamp="2019-11-18T13:33:53Z" user="Yoshinion" uid="3151684" lat="36.1424092" lon="-81.0716507"/>
 <node id="6987232446" visible="true" version="1" changeset="77229677" timestamp="2019-11-18T13:33:53Z" user="Yoshinion" uid="3151684" lat="36.1427749" lon="-81.0716744"/>
 <node id="6987232447" visible="true" version="1" changeset="77229677" timestamp="2019-11-18T13:33:53Z" user="Yoshinion" uid="3151684" lat="36.1427674" lon="-81.0717954"/>
 <node id="6987232448" visible="true" version="1" changeset="77229677" timestamp="2019-11-18T13:33:53Z" user="Yoshinion" uid="3151684" lat="36.1426116" lon="-81.0717781"/>
 <node id="6987232449" visible="true" version="1" changeset="77229677" timestamp="2019-11-18T13:33:53Z" user="Yoshinion" uid="3151684" lat="36.1425203" lon="-81.0717688"/>
 <node id="6987232450" visible="true" version="1" changeset="77229677" timestamp="2019-11-18T13:33:53Z" user="Yoshinion" uid="3151684" lat="36.1423635" lon="-81.0717542"/>
 <node id="6987232451" visible="true" version="1" changeset="77229677" timestamp="2019-11-18T13:33:53Z" user="Yoshinion" uid="3151684" lat="36.1421938" lon="-81.0717542"/>
 <node id="6987232452" visible="true" version="1" changeset="77229677" timestamp="2019-11-18T13:33:53Z" user="Yoshinion" uid="3151684" lat="36.1419896" lon="-81.0717449"/>
 <node id="6987232453" visible="true" version="1" changeset="77229677" timestamp="2019-11-18T13:33:53Z" user="Yoshinion" uid="3151684" lat="36.1418468" lon="-81.0717608"/>
 <node id="6987232454" visible="true" version="1" changeset="77229677" timestamp="2019-11-18T13:33:53Z" user="Yoshinion" uid="3151684" lat="36.1417243" lon="-81.0718034"/>
 <node id="6987232455" visible="true" version="1" changeset="77229677" timestamp="2019-11-18T13:33:53Z" user="Yoshinion" uid="3151684" lat="36.1416179" lon="-81.0718806"/>
 <node id="6987232456" visible="true" version="1" changeset="77229677" timestamp="2019-11-18T13:33:53Z" user="Yoshinion" uid="3151684" lat="36.1415546" lon="-81.0719630"/>
 <node id="6987232457" visible="true" version="1" changeset="77229677" timestamp="2019-11-18T13:33:53Z" user="Yoshinion" uid="3151684" lat="36.1414987" lon="-81.0720602"/>
 <node id="6987232458" visible="true" version="1" changeset="77229677" timestamp="2019-11-18T13:33:53Z" user="Yoshinion" uid="3151684" lat="36.1414600" lon="-81.0721626"/>
 <node id="6987232459" visible="true" version="1" changeset="77229677" timestamp="2019-11-18T13:33:53Z" user="Yoshinion" uid="3151684" lat="36.1414310" lon="-81.0722929"/>
 <node id="6987232460" visible="true" version="1" changeset="77229677" timestamp="2019-11-18T13:33:53Z" user="Yoshinion" uid="3151684" lat="36.1414257" lon="-81.0723488"/>
 <node id="6987232461" visible="true" version="1" changeset="77229677" timestamp="2019-11-18T13:33:53Z" user="Yoshinion" uid="3151684" lat="36.1422112" lon="-81.0716374"/>
 <node id="6987232462" visible="true" version="1" changeset="77229677" timestamp="2019-11-18T13:33:53Z" user="Yoshinion" uid="3151684" lat="36.1428359" lon="-81.0718669"/>
 <node id="6987232463" visible="true" version="1" changeset="77229677" timestamp="2019-11-18T13:33:53Z" user="Yoshinion" uid="3151684" lat="36.1428532" lon="-81.0719081"/>
 <node id="6987232464" visible="true" version="1" changeset="77229677" timestamp="2019-11-18T13:33:53Z" user="Yoshinion" uid="3151684" lat="36.1428806" lon="-81.0719403"/>
 <node id="6987232465" visible="true" version="1" changeset="77229677" timestamp="2019-11-18T13:33:53Z" user="Yoshinion" uid="3151684" lat="36.1429298" lon="-81.0719582"/>
 <node id="6987232466" visible="true" version="1" changeset="77229677" timestamp="2019-11-18T13:33:53Z" user="Yoshinion" uid="3151684" lat="36.1433113" lon="-81.0720351"/>
 <node id="6987232467" visible="true" version="1" changeset="77229677" timestamp="2019-11-18T13:33:53Z" user="Yoshinion" uid="3151684" lat="36.1433561" lon="-81.0720154"/>
 <node id="6987232468" visible="true" version="1" changeset="77229677" timestamp="2019-11-18T13:33:53Z" user="Yoshinion" uid="3151684" lat="36.1433885" lon="-81.0717963"/>
 <node id="6987232469" visible="true" version="1" changeset="77229677" timestamp="2019-11-18T13:33:53Z" user="Yoshinion" uid="3151684" lat="36.1428359" lon="-81.0720065"/>
 <node id="6987232470" visible="true" version="1" changeset="77229677" timestamp="2019-11-18T13:33:53Z" user="Yoshinion" uid="3151684" lat="36.1427983" lon="-81.0720405"/>
 <node id="6987232471" visible="true" version="1" changeset="77229677" timestamp="2019-11-18T13:33:53Z" user="Yoshinion" uid="3151684" lat="36.1427838" lon="-81.0720977"/>
 <node id="6987232472" visible="true" version="1" changeset="77229677" timestamp="2019-11-18T13:33:53Z" user="Yoshinion" uid="3151684" lat="36.1427361" lon="-81.0722767"/>
 <node id="6987232473" visible="true" version="1" changeset="77229677" timestamp="2019-11-18T13:33:53Z" user="Yoshinion" uid="3151684" lat="36.1426942" lon="-81.0723966"/>
 <node id="6987232474" visible="true" version="1" changeset="77229677" timestamp="2019-11-18T13:33:53Z" user="Yoshinion" uid="3151684" lat="36.1426885" lon="-81.0724503"/>
 <node id="6987232475" visible="true" version="1" changeset="77229677" timestamp="2019-11-18T13:33:53Z" user="Yoshinion" uid="3151684" lat="36.1426986" lon="-81.0724896"/>
 <node id="6987232476" visible="true" version="1" changeset="77229677" timestamp="2019-11-18T13:33:53Z" user="Yoshinion" uid="3151684" lat="36.1427202" lon="-81.0725129"/>
 <node id="6987232477" visible="true" version="1" changeset="77229677" timestamp="2019-11-18T13:33:53Z" user="Yoshinion" uid="3151684" lat="36.1427766" lon="-81.0725379"/>
 <node id="6987232478" visible="true" version="1" changeset="77229677" timestamp="2019-11-18T13:33:53Z" user="Yoshinion" uid="3151684" lat="36.1428937" lon="-81.0725684"/>
 <node id="6987232479" visible="true" version="1" changeset="77229677" timestamp="2019-11-18T13:33:53Z" user="Yoshinion" uid="3151684" lat="36.1430208" lon="-81.0725880"/>
 <node id="6987232480" visible="true" version="1" changeset="77229677" timestamp="2019-11-18T13:33:53Z" user="Yoshinion" uid="3151684" lat="36.1432347" lon="-81.0726006"/>
 <node id="6987232481" visible="true" version="1" changeset="77229677" timestamp="2019-11-18T13:33:53Z" user="Yoshinion" uid="3151684" lat="36.1433749" lon="-81.0726024"/>
 <node id="6987232482" visible="true" version="1" changeset="77229677" timestamp="2019-11-18T13:33:53Z" user="Yoshinion" uid="3151684" lat="36.1434341" lon="-81.0725916"/>
 <node id="6987232483" visible="true" version="1" changeset="77229677" timestamp="2019-11-18T13:33:53Z" user="Yoshinion" uid="3151684" lat="36.1434905" lon="-81.0725379"/>
 <node id="6987232484" visible="true" version="1" changeset="77229677" timestamp="2019-11-18T13:33:53Z" user="Yoshinion" uid="3151684" lat="36.1435121" lon="-81.0724896"/>
 <node id="6987238985" visible="true" version="1" changeset="77229677" timestamp="2019-11-18T13:33:53Z" user="Yoshinion" uid="3151684" lat="36.1435324" lon="-81.0724288"/>
 <node id="6987238986" visible="true" version="1" changeset="77229677" timestamp="2019-11-18T13:33:53Z" user="Yoshinion" uid="3151684" lat="36.1435222" lon="-81.0723536"/>
 <node id="6987238987" visible="true" version="1" changeset="77229677" timestamp="2019-11-18T13:33:53Z" user="Yoshinion" uid="3151684" lat="36.1435555" lon="-81.0723626"/>
 <node id="6987238988" visible="true" version="1" changeset="77229677" timestamp="2019-11-18T13:33:53Z" user="Yoshinion" uid="3151684" lat="36.1435728" lon="-81.0725218"/>
 <node id="6987238989" visible="true" version="1" changeset="77229677" timestamp="2019-11-18T13:33:53Z" user="Yoshinion" uid="3151684" lat="36.1436451" lon="-81.0725093"/>
 <node id="6987238990" visible="true" version="1" changeset="77229677" timestamp="2019-11-18T13:33:53Z" user="Yoshinion" uid="3151684" lat="36.1436292" lon="-81.0723858"/>
 <node id="6987238991" visible="true" version="1" changeset="77229677" timestamp="2019-11-18T13:33:53Z" user="Yoshinion" uid="3151684" lat="36.1436783" lon="-81.0723984"/>
 <node id="6987238992" visible="true" version="1" changeset="77229677" timestamp="2019-11-18T13:33:53Z" user="Yoshinion" uid="3151684" lat="36.1436913" lon="-81.0725022"/>
 <node id="6987238993" visible="true" version="1" changeset="77229677" timestamp="2019-11-18T13:33:53Z" user="Yoshinion" uid="3151684" lat="36.1438707" lon="-81.0724648"/>
 <node id="6987238994" visible="true" version="1" changeset="77229677" timestamp="2019-11-18T13:33:53Z" user="Yoshinion" uid="3151684" lat="36.1435369" lon="-81.0720183"/>
 <node id="6987238995" visible="true" version="1" changeset="77229677" timestamp="2019-11-18T13:33:53Z" user="Yoshinion" uid="3151684" lat="36.1435540" lon="-81.0720781"/>
 <node id="6987238996" visible="true" version="1" changeset="77229677" timestamp="2019-11-18T13:33:53Z" user="Yoshinion" uid="3151684" lat="36.1435858" lon="-81.0721389"/>
 <node id="6987238997" visible="true" version="1" changeset="77229677" timestamp="2019-11-18T13:33:53Z" user="Yoshinion" uid="3151684" lat="36.1436176" lon="-81.0721801"/>
 <node id="6987238998" visible="true" version="1" changeset="77229677" timestamp="2019-11-18T13:33:53Z" user="Yoshinion" uid="3151684" lat="36.1436422" lon="-81.0722212"/>
 <node id="6987238999" visible="true" version="1" changeset="77229677" timestamp="2019-11-18T13:33:53Z" user="Yoshinion" uid="3151684" lat="36.1436581" lon="-81.0722659"/>
 <node id="6987239000" visible="true" version="1" changeset="77229677" timestamp="2019-11-18T13:33:53Z" user="Yoshinion" uid="3151684" lat="36.1436220" lon="-81.0722570"/>
 <node id="6987239001" visible="true" version="1" changeset="77229677" timestamp="2019-11-18T13:33:53Z" user="Yoshinion" uid="3151684" lat="36.1436046" lon="-81.0722069"/>
 <node id="6987239002" visible="true" version="1" changeset="77229677" timestamp="2019-11-18T13:33:53Z" user="Yoshinion" uid="3151684" lat="36.1435772" lon="-81.0721818"/>
 <node id="6987239003" visible="true" version="1" changeset="77229677" timestamp="2019-11-18T13:33:53Z" user="Yoshinion" uid="3151684" lat="36.1435584" lon="-81.0721765"/>
 <node id="6987239004" visible="true" version="1" changeset="77229677" timestamp="2019-11-18T13:33:53Z" user="Yoshinion" uid="3151684" lat="36.1435410" lon="-81.0721854"/>
 <node id="6987239005" visible="true" version="1" changeset="77229677" timestamp="2019-11-18T13:33:53Z" user="Yoshinion" uid="3151684" lat="36.1435338" lon="-81.0722033"/>
 <node id="6987239006" visible="true" version="1" changeset="77229677" timestamp="2019-11-18T13:33:53Z" user="Yoshinion" uid="3151684" lat="36.1435353" lon="-81.0722266"/>
 <node id="6987239007" visible="true" version="1" changeset="77229677" timestamp="2019-11-18T13:33:53Z" user="Yoshinion" uid="3151684" lat="36.1435150" lon="-81.0722302"/>
 <node id="6987239008" visible="true" version="1" changeset="77229677" timestamp="2019-11-18T13:33:53Z" user="Yoshinion" uid="3151684" lat="36.1434905" lon="-81.0721801"/>
 <node id="6987239009" visible="true" version="1" changeset="77229677" timestamp="2019-11-18T13:33:53Z" user="Yoshinion" uid="3151684" lat="36.1434572" lon="-81.0721407"/>
 <node id="6987239010" visible="true" version="1" changeset="77229677" timestamp="2019-11-18T13:33:53Z" user="Yoshinion" uid="3151684" lat="36.1434110" lon="-81.0721103"/>
 <node id="6987239011" visible="true" version="1" changeset="77229677" timestamp="2019-11-18T13:33:53Z" user="Yoshinion" uid="3151684" lat="36.1432723" lon="-81.0720727"/>
 <node id="6987239012" visible="true" version="1" changeset="77229677" timestamp="2019-11-18T13:33:53Z" user="Yoshinion" uid="3151684" lat="36.1430093" lon="-81.0720154"/>
 <node id="6987239013" visible="true" version="1" changeset="77229677" timestamp="2019-11-18T13:33:53Z" user="Yoshinion" uid="3151684" lat="36.1429153" lon="-81.0720011"/>
 <node id="6987239014" visible="true" version="1" changeset="77229677" timestamp="2019-11-18T13:33:53Z" user="Yoshinion" uid="3151684" lat="36.1425972" lon="-81.0726599"/>
 <node id="6987239015" visible="true" version="1" changeset="77229677" timestamp="2019-11-18T13:33:53Z" user="Yoshinion" uid="3151684" lat="36.1426133" lon="-81.0726190"/>
 <node id="6987239016" visible="true" version="1" changeset="77229677" timestamp="2019-11-18T13:33:53Z" user="Yoshinion" uid="3151684" lat="36.1426392" lon="-81.0726068"/>
 <node id="6987239017" visible="true" version="1" changeset="77229677" timestamp="2019-11-18T13:33:53Z" user="Yoshinion" uid="3151684" lat="36.1427158" lon="-81.0726053"/>
 <node id="6987239018" visible="true" version="1" changeset="77229677" timestamp="2019-11-18T13:33:53Z" user="Yoshinion" uid="3151684" lat="36.1429382" lon="-81.0726236"/>
 <node id="6987239019" visible="true" version="1" changeset="77229677" timestamp="2019-11-18T13:33:53Z" user="Yoshinion" uid="3151684" lat="36.1430765" lon="-81.0726405"/>
 <node id="6987239020" visible="true" version="1" changeset="77229677" timestamp="2019-11-18T13:33:53Z" user="Yoshinion" uid="3151684" lat="36.1432433" lon="-81.0726466"/>
 <node id="6987239021" visible="true" version="1" changeset="77229677" timestamp="2019-11-18T13:33:53Z" user="Yoshinion" uid="3151684" lat="36.1435509" lon="-81.0726420"/>
 <node id="6987239022" visible="true" version="1" changeset="77229677" timestamp="2019-11-18T13:33:53Z" user="Yoshinion" uid="3151684" lat="36.1434348" lon="-81.0729770"/>
 <node id="6987239023" visible="true" version="1" changeset="77229677" timestamp="2019-11-18T13:33:53Z" user="Yoshinion" uid="3151684" lat="36.1434089" lon="-81.0729709"/>
 <node id="6987239024" visible="true" version="1" changeset="77229677" timestamp="2019-11-18T13:33:53Z" user="Yoshinion" uid="3151684" lat="36.1434064" lon="-81.0729495"/>
 <node id="6987239025" visible="true" version="1" changeset="77229677" timestamp="2019-11-18T13:33:53Z" user="Yoshinion" uid="3151684" lat="36.1434237" lon="-81.0729281"/>
 <node id="6987239026" visible="true" version="1" changeset="77229677" timestamp="2019-11-18T13:33:53Z" user="Yoshinion" uid="3151684" lat="36.1434200" lon="-81.0728822"/>
 <node id="6987239027" visible="true" version="1" changeset="77229677" timestamp="2019-11-18T13:33:53Z" user="Yoshinion" uid="3151684" lat="36.1433002" lon="-81.0728699"/>
 <node id="6987239028" visible="true" version="1" changeset="77229677" timestamp="2019-11-18T13:33:53Z" user="Yoshinion" uid="3151684" lat="36.1430506" lon="-81.0728562"/>
 <node id="6987239029" visible="true" version="1" changeset="77229677" timestamp="2019-11-18T13:33:53Z" user="Yoshinion" uid="3151684" lat="36.1430185" lon="-81.0728455"/>
 <node id="6987239030" visible="true" version="1" changeset="77229677" timestamp="2019-11-18T13:33:53Z" user="Yoshinion" uid="3151684" lat="36.1429950" lon="-81.0728179"/>
 <node id="6987239031" visible="true" version="1" changeset="77229677" timestamp="2019-11-18T13:33:53Z" user="Yoshinion" uid="3151684" lat="36.1429740" lon="-81.0727751"/>
 <node id="6987239032" visible="true" version="1" changeset="77229677" timestamp="2019-11-18T13:33:53Z" user="Yoshinion" uid="3151684" lat="36.1429493" lon="-81.0726619"/>
 <node id="6987239033" visible="true" version="1" changeset="77229677" timestamp="2019-11-18T13:33:53Z" user="Yoshinion" uid="3151684" lat="36.1429332" lon="-81.0726665"/>
 <node id="6987239034" visible="true" version="1" changeset="77229677" timestamp="2019-11-18T13:33:53Z" user="Yoshinion" uid="3151684" lat="36.1429159" lon="-81.0727231"/>
 <node id="6987239035" visible="true" version="1" changeset="77229677" timestamp="2019-11-18T13:33:53Z" user="Yoshinion" uid="3151684" lat="36.1428801" lon="-81.0727399"/>
 <node id="6987239036" visible="true" version="1" changeset="77229677" timestamp="2019-11-18T13:33:53Z" user="Yoshinion" uid="3151684" lat="36.1428702" lon="-81.0727782"/>
 <node id="6987239037" visible="true" version="1" changeset="77229677" timestamp="2019-11-18T13:33:53Z" user="Yoshinion" uid="3151684" lat="36.1428602" lon="-81.0729903"/>
 <node id="6987239038" visible="true" version="1" changeset="77229677" timestamp="2019-11-18T13:33:53Z" user="Yoshinion" uid="3151684" lat="36.1428496" lon="-81.0726709"/>
 <node id="6987239039" visible="true" version="1" changeset="77229677" timestamp="2019-11-18T13:33:53Z" user="Yoshinion" uid="3151684" lat="36.1426910" lon="-81.0737974"/>
 <node id="6987239040" visible="true" version="1" changeset="77229677" timestamp="2019-11-18T13:33:53Z" user="Yoshinion" uid="3151684" lat="36.1427025" lon="-81.0737360"/>
 <node id="6987239041" visible="true" version="1" changeset="77229677" timestamp="2019-11-18T13:33:53Z" user="Yoshinion" uid="3151684" lat="36.1427902" lon="-81.0737573"/>
 <node id="6987239042" visible="true" version="1" changeset="77229677" timestamp="2019-11-18T13:33:53Z" user="Yoshinion" uid="3151684" lat="36.1430514" lon="-81.0738611"/>
 <node id="6987239043" visible="true" version="1" changeset="77229677" timestamp="2019-11-18T13:33:53Z" user="Yoshinion" uid="3151684" lat="36.1430323" lon="-81.0739391"/>
 <node id="6987239044" visible="true" version="1" changeset="77229677" timestamp="2019-11-18T13:33:53Z" user="Yoshinion" uid="3151684" lat="36.1427692" lon="-81.0738210"/>
 <node id="6987239045" visible="true" version="1" changeset="77229677" timestamp="2019-11-18T13:33:53Z" user="Yoshinion" uid="3151684" lat="36.1438503" lon="-81.0737903"/>
 <node id="6987239046" visible="true" version="1" changeset="77229677" timestamp="2019-11-18T13:33:53Z" user="Yoshinion" uid="3151684" lat="36.1436635" lon="-81.0742271"/>
 <node id="6987239047" visible="true" version="1" changeset="77229677" timestamp="2019-11-18T13:33:53Z" user="Yoshinion" uid="3151684" lat="36.1435719" lon="-81.0741775"/>
 <node id="6987239048" visible="true" version="1" changeset="77229677" timestamp="2019-11-18T13:33:53Z" user="Yoshinion" uid="3151684" lat="36.1437645" lon="-81.0737336"/>
 <node id="6987239049" visible="true" version="1" changeset="77229677" timestamp="2019-11-18T13:33:53Z" user="Yoshinion" uid="3151684" lat="36.1436063" lon="-81.0742956"/>
 <node id="6987239050" visible="true" version="1" changeset="77229677" timestamp="2019-11-18T13:33:53Z" user="Yoshinion" uid="3151684" lat="36.1435605" lon="-81.0745081"/>
 <node id="6987239051" visible="true" version="1" changeset="77229677" timestamp="2019-11-18T13:33:53Z" user="Yoshinion" uid="3151684" lat="36.1434747" lon="-81.0744821"/>
 <node id="6987239052" visible="true" version="1" changeset="77229677" timestamp="2019-11-18T13:33:53Z" user="Yoshinion" uid="3151684" lat="36.1434899" lon="-81.0743971"/>
 <node id="6987239053" visible="true" version="1" changeset="77229677" timestamp="2019-11-18T13:33:53Z" user="Yoshinion" uid="3151684" lat="36.1433984" lon="-81.0743664"/>
 <node id="6987239054" visible="true" version="1" changeset="77229677" timestamp="2019-11-18T13:33:53Z" user="Yoshinion" uid="3151684" lat="36.1434289" lon="-81.0741964"/>
 <node id="6987239055" visible="true" version="1" changeset="77229677" timestamp="2019-11-18T13:33:53Z" user="Yoshinion" uid="3151684" lat="36.1435262" lon="-81.0742271"/>
 <node id="6987239056" visible="true" version="1" changeset="77229677" timestamp="2019-11-18T13:33:53Z" user="Yoshinion" uid="3151684" lat="36.1435185" lon="-81.0742649"/>
 <node id="6987239057" visible="true" version="1" changeset="77229677" timestamp="2019-11-18T13:33:53Z" user="Yoshinion" uid="3151684" lat="36.1439059" lon="-81.0738934"/>
 <node id="6987239058" visible="true" version="1" changeset="77229677" timestamp="2019-11-18T13:33:53Z" user="Yoshinion" uid="3151684" lat="36.1440717" lon="-81.0735033"/>
 <node id="6987239059" visible="true" version="1" changeset="77229677" timestamp="2019-11-18T13:33:53Z" user="Yoshinion" uid="3151684" lat="36.1442027" lon="-81.0735883"/>
 <node id="6987239060" visible="true" version="1" changeset="77229677" timestamp="2019-11-18T13:33:53Z" user="Yoshinion" uid="3151684" lat="36.1440286" lon="-81.0739853"/>
 <node id="6987239061" visible="true" version="1" changeset="77229677" timestamp="2019-11-18T13:33:53Z" user="Yoshinion" uid="3151684" lat="36.1421859" lon="-81.0709763"/>
 <node id="6987239062" visible="true" version="1" changeset="77229677" timestamp="2019-11-18T13:33:53Z" user="Yoshinion" uid="3151684" lat="36.1421883" lon="-81.0709073"/>
 <node id="6987239063" visible="true" version="1" changeset="77229677" timestamp="2019-11-18T13:33:53Z" user="Yoshinion" uid="3151684" lat="36.1420965" lon="-81.0709044"/>
 <node id="6987239064" visible="true" version="1" changeset="77229677" timestamp="2019-11-18T13:33:53Z" user="Yoshinion" uid="3151684" lat="36.1420907" lon="-81.0709691"/>
 <node id="6987239065" visible="true" version="1" changeset="77229677" timestamp="2019-11-18T13:33:53Z" user="Yoshinion" uid="3151684" lat="36.1420698" lon="-81.0709605"/>
 <node id="6987239066" visible="true" version="1" changeset="77229677" timestamp="2019-11-18T13:33:53Z" user="Yoshinion" uid="3151684" lat="36.1419258" lon="-81.0709518"/>
 <node id="6987239067" visible="true" version="1" changeset="77229677" timestamp="2019-11-18T13:33:53Z" user="Yoshinion" uid="3151684" lat="36.1419258" lon="-81.0708857"/>
 <node id="6987239068" visible="true" version="1" changeset="77229677" timestamp="2019-11-18T13:33:53Z" user="Yoshinion" uid="3151684" lat="36.1420710" lon="-81.0708857"/>
 <node id="6987239069" visible="true" version="1" changeset="77229677" timestamp="2019-11-18T13:33:53Z" user="Yoshinion" uid="3151684" lat="36.1436837" lon="-81.0734532"/>
 <node id="6987239070" visible="true" version="1" changeset="77229677" timestamp="2019-11-18T13:33:53Z" user="Yoshinion" uid="3151684" lat="36.1437105" lon="-81.0734978"/>
 <node id="6987239071" visible="true" version="1" changeset="77229677" timestamp="2019-11-18T13:33:53Z" user="Yoshinion" uid="3151684" lat="36.1437624" lon="-81.0735756"/>
 <node id="6987239072" visible="true" version="1" changeset="77229677" timestamp="2019-11-18T13:33:53Z" user="Yoshinion" uid="3151684" lat="36.1427963" lon="-81.0717433"/>
 <node id="6987239073" visible="true" version="1" changeset="77229677" timestamp="2019-11-18T13:33:53Z" user="Yoshinion" uid="3151684" lat="36.1427603" lon="-81.0719656"/>
 <node id="6987239074" visible="true" version="1" changeset="77229677" timestamp="2019-11-18T13:33:53Z" user="Yoshinion" uid="3151684" lat="36.1427115" lon="-81.0722110"/>
 <node id="6987239075" visible="true" version="1" changeset="77229677" timestamp="2019-11-18T13:33:53Z" user="Yoshinion" uid="3151684" lat="36.1426598" lon="-81.0723782"/>
 <node id="6987239076" visible="true" version="1" changeset="77229677" timestamp="2019-11-18T13:33:53Z" user="Yoshinion" uid="3151684" lat="36.1425736" lon="-81.0726201"/>
 <node id="6987239077" visible="true" version="1" changeset="77229677" timestamp="2019-11-18T13:33:53Z" user="Yoshinion" uid="3151684" lat="36.1426167" lon="-81.0724991"/>
 <node id="6987239078" visible="true" version="1" changeset="77229677" timestamp="2019-11-18T13:33:53Z" user="Yoshinion" uid="3151684" lat="36.1426569" lon="-81.0725205"/>
 <node id="6987239079" visible="true" version="1" changeset="77229677" timestamp="2019-11-18T13:33:53Z" user="Yoshinion" uid="3151684" lat="36.1427747" lon="-81.0725703"/>
 <node id="6987239080" visible="true" version="1" changeset="77229677" timestamp="2019-11-18T13:33:53Z" user="Yoshinion" uid="3151684" lat="36.1428738" lon="-81.0725952"/>
 <node id="6987239081" visible="true" version="1" changeset="77229677" timestamp="2019-11-18T13:33:53Z" user="Yoshinion" uid="3151684" lat="36.1430447" lon="-81.0726165"/>
 <node id="6987239082" visible="true" version="1" changeset="77229677" timestamp="2019-11-18T13:33:53Z" user="Yoshinion" uid="3151684" lat="36.1432644" lon="-81.0726236"/>
 <node id="6987239083" visible="true" version="1" changeset="77229677" timestamp="2019-11-18T13:33:53Z" user="Yoshinion" uid="3151684" lat="36.1434124" lon="-81.0726218"/>
 <node id="6987239084" visible="true" version="1" changeset="77229677" timestamp="2019-11-18T13:33:53Z" user="Yoshinion" uid="3151684" lat="36.1435545" lon="-81.0726076"/>
 <node id="6987239085" visible="true" version="1" changeset="77229677" timestamp="2019-11-18T13:33:53Z" user="Yoshinion" uid="3151684" lat="36.1428896" lon="-81.0719727"/>
 <node id="6987239086" visible="true" version="1" changeset="77229677" timestamp="2019-11-18T13:33:53Z" user="Yoshinion" uid="3151684" lat="36.1430361" lon="-81.0719994"/>
 <node id="6987239087" visible="true" version="1" changeset="77229677" timestamp="2019-11-18T13:33:53Z" user="Yoshinion" uid="3151684" lat="36.1433549" lon="-81.0720634"/>
 <node id="6987239088" visible="true" version="1" changeset="77229677" timestamp="2019-11-18T13:33:53Z" user="Yoshinion" uid="3151684" lat="36.1434612" lon="-81.0720936"/>
 <node id="6987248785" visible="true" version="1" changeset="77229961" timestamp="2019-11-18T13:38:31Z" user="Yoshinion" uid="3151684" lat="36.1410545" lon="-81.0703146"/>
 <node id="6987248786" visible="true" version="1" changeset="77229961" timestamp="2019-11-18T13:38:31Z" user="Yoshinion" uid="3151684" lat="36.1416935" lon="-81.0704835"/>
 <node id="6987248787" visible="true" version="1" changeset="77229961" timestamp="2019-11-18T13:38:31Z" user="Yoshinion" uid="3151684" lat="36.1421099" lon="-81.0705013"/>
 <node id="6987248788" visible="true" version="1" changeset="77229961" timestamp="2019-11-18T13:38:31Z" user="Yoshinion" uid="3151684" lat="36.1424617" lon="-81.0704390"/>
 <node id="6987248789" visible="true" version="1" changeset="77229961" timestamp="2019-11-18T13:38:31Z" user="Yoshinion" uid="3151684" lat="36.1431868" lon="-81.0701012"/>
 <node id="6987248790" visible="true" version="1" changeset="77229961" timestamp="2019-11-18T13:38:31Z" user="Yoshinion" uid="3151684" lat="36.1444504" lon="-81.0712659"/>
 <node id="6987248791" visible="true" version="1" changeset="77229961" timestamp="2019-11-18T13:38:31Z" user="Yoshinion" uid="3151684" lat="36.1445222" lon="-81.0720393"/>
 <node id="6987248792" visible="true" version="1" changeset="77229961" timestamp="2019-11-18T13:38:31Z" user="Yoshinion" uid="3151684" lat="36.1444145" lon="-81.0728839"/>
 <node id="6987248793" visible="true" version="1" changeset="77229961" timestamp="2019-11-18T13:38:31Z" user="Yoshinion" uid="3151684" lat="36.1442566" lon="-81.0739152"/>
 <node id="6987248794" visible="true" version="1" changeset="77229961" timestamp="2019-11-18T13:38:31Z" user="Yoshinion" uid="3151684" lat="36.1437325" lon="-81.0750799"/>
 <node id="6987248795" visible="true" version="1" changeset="77229961" timestamp="2019-11-18T13:38:31Z" user="Yoshinion" uid="3151684" lat="36.1431294" lon="-81.0754355"/>
 <node id="6987248796" visible="true" version="1" changeset="77229961" timestamp="2019-11-18T13:38:31Z" user="Yoshinion" uid="3151684" lat="36.1424473" lon="-81.0754622"/>
 <node id="6987248797" visible="true" version="1" changeset="77229961" timestamp="2019-11-18T13:38:31Z" user="Yoshinion" uid="3151684" lat="36.1420740" lon="-81.0751332"/>
 <node id="6987248798" visible="true" version="1" changeset="77229961" timestamp="2019-11-18T13:38:31Z" user="Yoshinion" uid="3151684" lat="36.1417294" lon="-81.0742175"/>
 <node id="6987248799" visible="true" version="1" changeset="77229961" timestamp="2019-11-18T13:38:31Z" user="Yoshinion" uid="3151684" lat="36.1413775" lon="-81.0737730"/>
 <node id="6987248800" visible="true" version="1" changeset="77229961" timestamp="2019-11-18T13:38:31Z" user="Yoshinion" uid="3151684" lat="36.1408965" lon="-81.0731507"/>
 <node id="7048717599" visible="true" version="1" changeset="78247406" timestamp="2019-12-11T08:16:38Z" user="kotaprad" uid="10145714" lat="36.1457203" lon="-81.0747992"/>
 <node id="7048717600" visible="true" version="1" changeset="78247406" timestamp="2019-12-11T08:16:38Z" user="kotaprad" uid="10145714" lat="36.1457398" lon="-81.0745247"/>
 <node id="7048717601" visible="true" version="1" changeset="78247406" timestamp="2019-12-11T08:16:38Z" user="kotaprad" uid="10145714" lat="36.1458066" lon="-81.0742511"/>
 <node id="7048717602" visible="true" version="1" changeset="78247406" timestamp="2019-12-11T08:16:38Z" user="kotaprad" uid="10145714" lat="36.1458901" lon="-81.0740187"/>
 <node id="7048717603" visible="true" version="1" changeset="78247406" timestamp="2019-12-11T08:16:38Z" user="kotaprad" uid="10145714" lat="36.1459791" lon="-81.0737903"/>
 <node id="7048717604" visible="true" version="1" changeset="78247406" timestamp="2019-12-11T08:16:38Z" user="kotaprad" uid="10145714" lat="36.1460973" lon="-81.0735794"/>
 <node id="7048717605" visible="true" version="1" changeset="78247406" timestamp="2019-12-11T08:16:38Z" user="kotaprad" uid="10145714" lat="36.1461570" lon="-81.0735350"/>
 <node id="7048717606" visible="true" version="1" changeset="78247406" timestamp="2019-12-11T08:16:38Z" user="kotaprad" uid="10145714" lat="36.1463208" lon="-81.0734826"/>
 <node id="7048717607" visible="true" version="1" changeset="78247406" timestamp="2019-12-11T08:16:38Z" user="kotaprad" uid="10145714" lat="36.1463989" lon="-81.0734826"/>
 <node id="7048717608" visible="true" version="1" changeset="78247406" timestamp="2019-12-11T08:16:38Z" user="kotaprad" uid="10145714" lat="36.1464813" lon="-81.0735014"/>
 <node id="7048717609" visible="true" version="1" changeset="78247406" timestamp="2019-12-11T08:16:38Z" user="kotaprad" uid="10145714" lat="36.1465432" lon="-81.0735082"/>
 <node id="7048717610" visible="true" version="1" changeset="78247406" timestamp="2019-12-11T08:16:38Z" user="kotaprad" uid="10145714" lat="36.1466169" lon="-81.0734826"/>
 <node id="7048717611" visible="true" version="1" changeset="78247406" timestamp="2019-12-11T08:16:38Z" user="kotaprad" uid="10145714" lat="36.1467775" lon="-81.0734491"/>
 <node id="7048717612" visible="true" version="1" changeset="78247406" timestamp="2019-12-11T08:16:38Z" user="kotaprad" uid="10145714" lat="36.1469988" lon="-81.0733510"/>
 <node id="7048717613" visible="true" version="1" changeset="78247406" timestamp="2019-12-11T08:16:38Z" user="kotaprad" uid="10145714" lat="36.1470242" lon="-81.0733303"/>
 <node id="7048717614" visible="true" version="1" changeset="78247406" timestamp="2019-12-11T08:16:38Z" user="kotaprad" uid="10145714" lat="36.1471160" lon="-81.0734128"/>
 <node id="7093215289" visible="true" version="1" changeset="78979520" timestamp="2019-12-29T14:01:25Z" user="jumbanho" uid="38487" lat="36.1195578" lon="-81.0678577"/>
 <node id="7093215290" visible="true" version="1" changeset="78979520" timestamp="2019-12-29T14:01:25Z" user="jumbanho" uid="38487" lat="36.1193844" lon="-81.0678792"/>
 <node id="7093215291" visible="true" version="1" changeset="78979520" timestamp="2019-12-29T14:01:25Z" user="jumbanho" uid="38487" lat="36.1189598" lon="-81.0681286"/>
 <node id="7093215292" visible="true" version="1" changeset="78979520" timestamp="2019-12-29T14:01:25Z" user="jumbanho" uid="38487" lat="36.1188103" lon="-81.0682762"/>
 <node id="7093215293" visible="true" version="1" changeset="78979520" timestamp="2019-12-29T14:01:25Z" user="jumbanho" uid="38487" lat="36.1185221" lon="-81.0686329"/>
 <node id="7093215294" visible="true" version="1" changeset="78979520" timestamp="2019-12-29T14:01:25Z" user="jumbanho" uid="38487" lat="36.1171246" lon="-81.0711944"/>
 <node id="7093215295" visible="true" version="1" changeset="78979520" timestamp="2019-12-29T14:01:25Z" user="jumbanho" uid="38487" lat="36.1165591" lon="-81.0717335"/>
 <node id="7093215296" visible="true" version="1" changeset="78979520" timestamp="2019-12-29T14:01:25Z" user="jumbanho" uid="38487" lat="36.1163727" lon="-81.0718569"/>
 <node id="7093215297" visible="true" version="1" changeset="78979520" timestamp="2019-12-29T14:01:25Z" user="jumbanho" uid="38487" lat="36.1155038" lon="-81.0722244"/>
 <node id="7093215298" visible="true" version="1" changeset="78979520" timestamp="2019-12-29T14:01:25Z" user="jumbanho" uid="38487" lat="36.1127217" lon="-81.0738632"/>
 <node id="7358934845" visible="true" version="1" changeset="82983893" timestamp="2020-04-02T13:35:46Z" user="kanleela" uid="10240922" lat="36.1616387" lon="-81.0898582"/>
 <node id="8332882176" visible="true" version="1" changeset="97666988" timestamp="2021-01-18T05:21:17Z" user="sakraa" uid="11676223" lat="36.1601497" lon="-81.0719215"/>
 <node id="8332882180" visible="true" version="1" changeset="97666988" timestamp="2021-01-18T05:21:17Z" user="sakraa" uid="11676223" lat="36.1600251" lon="-81.0727488"/>
 <node id="8332882189" visible="true" version="1" changeset="97666988" timestamp="2021-01-18T05:21:17Z" user="sakraa" uid="11676223" lat="36.1596950" lon="-81.0737581"/>
 <node id="8332882212" visible="true" version="1" changeset="97666988" timestamp="2021-01-18T05:21:17Z" user="sakraa" uid="11676223" lat="36.1597687" lon="-81.0735416"/>
 <node id="8332886418" visible="true" version="1" changeset="97666988" timestamp="2021-01-18T05:21:17Z" user="sakraa" uid="11676223" lat="36.1598303" lon="-81.0733609"/>
 <node id="8336349310" visible="true" version="1" changeset="97727376" timestamp="2021-01-19T01:20:23Z" user="svyshna" uid="11808111" lat="36.1606361" lon="-81.0842385"/>
 <node id="8337360981" visible="true" version="1" changeset="97752883" timestamp="2021-01-19T09:00:53Z" user="boddushr" uid="10297538" lat="36.1612185" lon="-81.0938368"/>
 <node id="8337360988" visible="true" version="1" changeset="97752883" timestamp="2021-01-19T09:00:53Z" user="boddushr" uid="10297538" lat="36.1612400" lon="-81.0934846"/>
 <node id="8337360995" visible="true" version="1" changeset="97752883" timestamp="2021-01-19T09:00:53Z" user="boddushr" uid="10297538" lat="36.1612738" lon="-81.0931426"/>
 <node id="8438349822" visible="true" version="1" changeset="99602569" timestamp="2021-02-19T15:01:07Z" user="kollipay" uid="10480282" lat="36.1479464" lon="-81.0706939"/>
 <node id="8438361790" visible="true" version="1" changeset="99602920" timestamp="2021-02-19T15:07:36Z" user="kollipay" uid="10480282" lat="36.1481495" lon="-81.0671767"/>
 <node id="8438442829" visible="true" version="1" changeset="99602920" timestamp="2021-02-19T15:07:36Z" user="kollipay" uid="10480282" lat="36.1482564" lon="-81.0652254"/>
 <node id="8438494156" visible="true" version="1" changeset="99603185" timestamp="2021-02-19T15:11:55Z" user="kollipay" uid="10480282" lat="36.1412692" lon="-81.0736820"/>
 <node id="8438494157" visible="true" version="1" changeset="99603185" timestamp="2021-02-19T15:11:55Z" user="kollipay" uid="10480282" lat="36.1411980" lon="-81.0738014"/>
 <node id="8438494158" visible="true" version="1" changeset="99603185" timestamp="2021-02-19T15:11:55Z" user="kollipay" uid="10480282" lat="36.1410931" lon="-81.0739865"/>
 <node id="8438494159" visible="true" version="1" changeset="99603185" timestamp="2021-02-19T15:11:55Z" user="kollipay" uid="10480282" lat="36.1410625" lon="-81.0740634"/>
 <node id="8438494160" visible="true" version="1" changeset="99603185" timestamp="2021-02-19T15:11:55Z" user="kollipay" uid="10480282" lat="36.1410344" lon="-81.0742046"/>
 <node id="8438494161" visible="true" version="1" changeset="99603185" timestamp="2021-02-19T15:11:55Z" user="kollipay" uid="10480282" lat="36.1410009" lon="-81.0743621"/>
 <node id="8438494162" visible="true" version="1" changeset="99603185" timestamp="2021-02-19T15:11:55Z" user="kollipay" uid="10480282" lat="36.1408570" lon="-81.0749868"/>
 <node id="8438494163" visible="true" version="1" changeset="99603185" timestamp="2021-02-19T15:11:55Z" user="kollipay" uid="10480282" lat="36.1407829" lon="-81.0752982"/>
 <node id="8438494164" visible="true" version="1" changeset="99603185" timestamp="2021-02-19T15:11:55Z" user="kollipay" uid="10480282" lat="36.1407340" lon="-81.0755544"/>
 <node id="8438494165" visible="true" version="1" changeset="99603185" timestamp="2021-02-19T15:11:55Z" user="kollipay" uid="10480282" lat="36.1406893" lon="-81.0757689"/>
 <node id="8438494166" visible="true" version="1" changeset="99603185" timestamp="2021-02-19T15:11:55Z" user="kollipay" uid="10480282" lat="36.1405970" lon="-81.0763106"/>
 <node id="8438494167" visible="true" version="1" changeset="99603185" timestamp="2021-02-19T15:11:55Z" user="kollipay" uid="10480282" lat="36.1405509" lon="-81.0765096"/>
 <node id="8438494168" visible="true" version="1" changeset="99603185" timestamp="2021-02-19T15:11:55Z" user="kollipay" uid="10480282" lat="36.1404950" lon="-81.0766549"/>
 <node id="8438494169" visible="true" version="1" changeset="99603185" timestamp="2021-02-19T15:11:55Z" user="kollipay" uid="10480282" lat="36.1403860" lon="-81.0768955"/>
 <node id="8438494170" visible="true" version="1" changeset="99603185" timestamp="2021-02-19T15:11:55Z" user="kollipay" uid="10480282" lat="36.1408203" lon="-81.0738585"/>
 <node id="8438494171" visible="true" version="1" changeset="99603185" timestamp="2021-02-19T15:11:55Z" user="kollipay" uid="10480282" lat="36.1408341" lon="-81.0738926"/>
 <node id="8438494172" visible="true" version="1" changeset="99603185" timestamp="2021-02-19T15:11:55Z" user="kollipay" uid="10480282" lat="36.1408743" lon="-81.0739556"/>
 <node id="8438494173" visible="true" version="1" changeset="99603185" timestamp="2021-02-19T15:11:55Z" user="kollipay" uid="10480282" lat="36.1409241" lon="-81.0740198"/>
 <node id="8438494174" visible="true" version="1" changeset="99603185" timestamp="2021-02-19T15:11:55Z" user="kollipay" uid="10480282" lat="36.1409728" lon="-81.0740671"/>
 <node id="8438494175" visible="true" version="1" changeset="99603185" timestamp="2021-02-19T15:11:55Z" user="kollipay" uid="10480282" lat="36.1410088" lon="-81.0741012"/>
 <node id="8438494176" visible="true" version="1" changeset="99603185" timestamp="2021-02-19T15:11:55Z" user="kollipay" uid="10480282" lat="36.1410471" lon="-81.0741218"/>
 <node id="8449280994" visible="true" version="1" changeset="99825718" timestamp="2021-02-23T12:21:46Z" user="praghath" uid="10358411" lat="36.1444325" lon="-81.0696403"/>
 <node id="8449280995" visible="true" version="1" changeset="99825718" timestamp="2021-02-23T12:21:46Z" user="praghath" uid="10358411" lat="36.1444271" lon="-81.0697265"/>
 <node id="8449280996" visible="true" version="1" changeset="99825718" timestamp="2021-02-23T12:21:46Z" user="praghath" uid="10358411" lat="36.1444199" lon="-81.0700143"/>
 <node id="8449280997" visible="true" version="1" changeset="99825718" timestamp="2021-02-23T12:21:46Z" user="praghath" uid="10358411" lat="36.1444228" lon="-81.0703004"/>
 <node id="8449280998" visible="true" version="1" changeset="99825718" timestamp="2021-02-23T12:21:46Z" user="praghath" uid="10358411" lat="36.1444615" lon="-81.0704709"/>
 <node id="8452951239" visible="true" version="1" changeset="99891774" timestamp="2021-02-24T09:38:10Z" user="pppadal" uid="10209001" lat="36.1320974" lon="-81.0657335"/>
 <node id="8453068063" visible="true" version="1" changeset="99893507" timestamp="2021-02-24T09:59:41Z" user="stoyrahu" uid="11810915" lat="36.1197628" lon="-81.0678741"/>
 <node id="8453068081" visible="true" version="1" changeset="99893507" timestamp="2021-02-24T09:59:41Z" user="stoyrahu" uid="11810915" lat="36.1215249" lon="-81.0678535"/>
 <node id="8453068097" visible="true" version="1" changeset="99893507" timestamp="2021-02-24T09:59:41Z" user="stoyrahu" uid="11810915" lat="36.1206370" lon="-81.0679152"/>
 <node id="8453922984" visible="true" version="2" changeset="177084874" timestamp="2026-01-11T06:04:37Z" user="TorCguy" uid="338843" lat="36.1588933" lon="-81.0705328"/>
 <node id="8453990633" visible="true" version="1" changeset="99901575" timestamp="2021-02-24T11:45:17Z" user="daggarw" uid="10127762" lat="36.1433577" lon="-81.0913775"/>
 <node id="8453990640" visible="true" version="1" changeset="99901575" timestamp="2021-02-24T11:45:17Z" user="daggarw" uid="10127762" lat="36.1433993" lon="-81.0906170"/>
 <node id="8453990643" visible="true" version="1" changeset="99901575" timestamp="2021-02-24T11:45:17Z" user="daggarw" uid="10127762" lat="36.1431970" lon="-81.0940204"/>
 <node id="8453990644" visible="true" version="1" changeset="99901575" timestamp="2021-02-24T11:45:17Z" user="daggarw" uid="10127762" lat="36.1432256" lon="-81.0934782"/>
 <node id="8456339485" visible="true" version="1" changeset="99948183" timestamp="2021-02-25T06:01:27Z" user="rppalagu" uid="10240916" lat="36.1481615" lon="-81.0669843"/>
 <node id="8456339490" visible="true" version="1" changeset="99948183" timestamp="2021-02-25T06:01:27Z" user="rppalagu" uid="10240916" lat="36.1481918" lon="-81.0664235"/>
 <node id="8456354024" visible="true" version="1" changeset="99948183" timestamp="2021-02-25T06:01:27Z" user="rppalagu" uid="10240916" lat="36.1482645" lon="-81.0650759"/>
 <node id="8456354025" visible="true" version="1" changeset="99948183" timestamp="2021-02-25T06:01:27Z" user="rppalagu" uid="10240916" lat="36.1476866" lon="-81.0638445"/>
 <node id="8456354042" visible="true" version="1" changeset="99948183" timestamp="2021-02-25T06:01:27Z" user="rppalagu" uid="10240916" lat="36.1469319" lon="-81.0638967"/>
 <node id="8456354043" visible="true" version="1" changeset="99948183" timestamp="2021-02-25T06:01:27Z" user="rppalagu" uid="10240916" lat="36.1468938" lon="-81.0639004"/>
 <node id="8456486124" visible="true" version="1" changeset="99952247" timestamp="2021-02-25T06:59:01Z" user="pppadal" uid="10209001" lat="36.1446074" lon="-81.0668302"/>
 <node id="8456878407" visible="true" version="1" changeset="99963027" timestamp="2021-02-25T09:23:54Z" user="pppadal" uid="10209001" lat="36.1479921" lon="-81.0698523"/>
 <node id="8456878415" visible="true" version="1" changeset="99963027" timestamp="2021-02-25T09:23:54Z" user="pppadal" uid="10209001" lat="36.1480250" lon="-81.0692465"/>
 <node id="8457277331" visible="true" version="1" changeset="99972546" timestamp="2021-02-25T11:25:53Z" user="pppadal" uid="10209001" lat="36.1431103" lon="-81.0958988"/>
 <node id="8458124556" visible="true" version="1" changeset="99986087" timestamp="2021-02-25T15:16:26Z" user="srirohan" uid="10240920" lat="36.1575972" lon="-81.0795154"/>
 <node id="8458124564" visible="true" version="1" changeset="99986087" timestamp="2021-02-25T15:16:26Z" user="srirohan" uid="10240920" lat="36.1584430" lon="-81.0768629"/>
 <node id="8458124565" visible="true" version="1" changeset="99986087" timestamp="2021-02-25T15:16:26Z" user="srirohan" uid="10240920" lat="36.1583853" lon="-81.0769834"/>
 <node id="8460526908" visible="true" version="1" changeset="100036195" timestamp="2021-02-26T09:19:20Z" user="pirigine" uid="11705752" lat="36.1592484" lon="-81.0750676"/>
 <node id="8460608683" visible="true" version="1" changeset="100038575" timestamp="2021-02-26T09:48:03Z" user="pppadal" uid="10209001" lat="36.1597716" lon="-81.0836219"/>
 <node id="8482223479" visible="true" version="1" changeset="100334672" timestamp="2021-03-03T09:10:05Z" user="nschg" uid="11558577" lat="36.1452789" lon="-81.0780258"/>
 <node id="8484553941" visible="true" version="1" changeset="100385666" timestamp="2021-03-04T04:23:42Z" user="parijatg" uid="11705750" lat="36.1458644" lon="-81.0810076"/>
 <node id="8487995289" visible="true" version="1" changeset="100464614" timestamp="2021-03-05T06:16:09Z" user="pppadal" uid="10209001" lat="36.1432415" lon="-81.0698494"/>
 <node id="8571775392" visible="true" version="1" changeset="101920797" timestamp="2021-03-29T13:31:13Z" user="pppadal" uid="10209001" lat="36.1379049" lon="-81.0672392"/>
 <node id="8571779038" visible="true" version="1" changeset="101920587" timestamp="2021-03-29T13:26:45Z" user="pppadal" uid="10209001" lat="36.1484244" lon="-81.0621458"/>
 <node id="8571779046" visible="true" version="1" changeset="101920587" timestamp="2021-03-29T13:26:45Z" user="pppadal" uid="10209001" lat="36.1488264" lon="-81.0640793"/>
 <node id="8904003046" visible="true" version="1" changeset="107625415" timestamp="2021-07-08T10:21:29Z" user="bnilima" uid="10192122" lat="36.1449081" lon="-81.0744251">
  <tag k="barrier" v="bollard"/>
 </node>
 <node id="8904003047" visible="true" version="1" changeset="107625415" timestamp="2021-07-08T10:21:29Z" user="bnilima" uid="10192122" lat="36.1448991" lon="-81.0742566"/>
 <node id="8904003048" visible="true" version="1" changeset="107625415" timestamp="2021-07-08T10:21:29Z" user="bnilima" uid="10192122" lat="36.1448964" lon="-81.0740880"/>
 <node id="8904003049" visible="true" version="1" changeset="107625415" timestamp="2021-07-08T10:21:29Z" user="bnilima" uid="10192122" lat="36.1449112" lon="-81.0739219"/>
 <node id="8904003050" visible="true" version="1" changeset="107625415" timestamp="2021-07-08T10:21:29Z" user="bnilima" uid="10192122" lat="36.1449344" lon="-81.0737256"/>
 <node id="8904003051" visible="true" version="1" changeset="107625415" timestamp="2021-07-08T10:21:29Z" user="bnilima" uid="10192122" lat="36.1449276" lon="-81.0736631"/>
 <node id="8904003052" visible="true" version="1" changeset="107625415" timestamp="2021-07-08T10:21:29Z" user="bnilima" uid="10192122" lat="36.1448894" lon="-81.0736191"/>
 <node id="8904003053" visible="true" version="1" changeset="107625415" timestamp="2021-07-08T10:21:29Z" user="bnilima" uid="10192122" lat="36.1447842" lon="-81.0735632"/>
 <node id="8904003054" visible="true" version="1" changeset="107625415" timestamp="2021-07-08T10:21:29Z" user="bnilima" uid="10192122" lat="36.1444754" lon="-81.0734093"/>
 <node id="8904003055" visible="true" version="1" changeset="107625415" timestamp="2021-07-08T10:21:29Z" user="bnilima" uid="10192122" lat="36.1443593" lon="-81.0733602"/>
 <node id="8904003056" visible="true" version="1" changeset="107625415" timestamp="2021-07-08T10:21:29Z" user="bnilima" uid="10192122" lat="36.1442008" lon="-81.0732959"/>
 <node id="8904003057" visible="true" version="1" changeset="107625415" timestamp="2021-07-08T10:21:29Z" user="bnilima" uid="10192122" lat="36.1441612" lon="-81.0732959"/>
 <node id="8904003058" visible="true" version="1" changeset="107625415" timestamp="2021-07-08T10:21:29Z" user="bnilima" uid="10192122" lat="36.1441284" lon="-81.0733247"/>
 <node id="8904003059" visible="true" version="1" changeset="107625415" timestamp="2021-07-08T10:21:29Z" user="bnilima" uid="10192122" lat="36.1440792" lon="-81.0734177">
  <tag k="barrier" v="gate"/>
 </node>
 <node id="8904003060" visible="true" version="1" changeset="107625415" timestamp="2021-07-08T10:21:29Z" user="bnilima" uid="10192122" lat="36.1439603" lon="-81.0736664"/>
 <node id="8904003061" visible="true" version="1" changeset="107625415" timestamp="2021-07-08T10:21:29Z" user="bnilima" uid="10192122" lat="36.1438142" lon="-81.0739913">
  <tag k="barrier" v="gate"/>
 </node>
 <node id="8918545129" visible="true" version="1" changeset="107952073" timestamp="2021-07-14T06:29:57Z" user="naniran" uid="11640842" lat="36.1445104" lon="-81.0676380"/>
 <node id="8984620094" visible="true" version="1" changeset="109230624" timestamp="2021-08-06T03:59:46Z" user="vamchenn" uid="13782174" lat="36.1611513" lon="-81.0951496"/>
 <node id="10152455940" visible="true" version="1" changeset="128409741" timestamp="2022-11-02T20:37:45Z" user="Yoshinion" uid="3151684" lat="36.1439422" lon="-81.0723932"/>
 <node id="10152455941" visible="true" version="1" changeset="128409741" timestamp="2022-11-02T20:37:45Z" user="Yoshinion" uid="3151684" lat="36.1439003" lon="-81.0722503"/>
 <node id="10152455942" visible="true" version="1" changeset="128409741" timestamp="2022-11-02T20:37:45Z" user="Yoshinion" uid="3151684" lat="36.1438117" lon="-81.0721110"/>
 <node id="10152455943" visible="true" version="1" changeset="128409741" timestamp="2022-11-02T20:37:45Z" user="Yoshinion" uid="3151684" lat="36.1436791" lon="-81.0720001"/>
 <node id="10152455944" visible="true" version="1" changeset="128409741" timestamp="2022-11-02T20:37:45Z" user="Yoshinion" uid="3151684" lat="36.1439459" lon="-81.0725486"/>
 <node id="10152455945" visible="true" version="1" changeset="128409741" timestamp="2022-11-02T20:37:45Z" user="Yoshinion" uid="3151684" lat="36.1439040" lon="-81.0727436"/>
 <node id="10152455946" visible="true" version="1" changeset="128409741" timestamp="2022-11-02T20:37:45Z" user="Yoshinion" uid="3151684" lat="36.1436789" lon="-81.0730191"/>
 <node id="10152455947" visible="true" version="1" changeset="128409741" timestamp="2022-11-02T20:37:45Z" user="Yoshinion" uid="3151684" lat="36.1423977" lon="-81.0730408"/>
 <node id="10152455948" visible="true" version="1" changeset="128409741" timestamp="2022-11-02T20:37:45Z" user="Yoshinion" uid="3151684" lat="36.1423607" lon="-81.0730385"/>
 <node id="10152455949" visible="true" version="1" changeset="128409741" timestamp="2022-11-02T20:37:45Z" user="Yoshinion" uid="3151684" lat="36.1435691" lon="-81.0730825"/>
 <node id="10152455950" visible="true" version="1" changeset="128409741" timestamp="2022-11-02T20:37:45Z" user="Yoshinion" uid="3151684" lat="36.1436063" lon="-81.0730654"/>
 <node id="10152455951" visible="true" version="1" changeset="128409741" timestamp="2022-11-02T20:37:45Z" user="Yoshinion" uid="3151684" lat="36.1438023" lon="-81.0729076"/>
 <node id="10152455952" visible="true" version="1" changeset="128409741" timestamp="2022-11-02T20:37:45Z" user="Yoshinion" uid="3151684" lat="36.1438826" lon="-81.0727889"/>
 <node id="10152455953" visible="true" version="1" changeset="128409741" timestamp="2022-11-02T20:37:45Z" user="Yoshinion" uid="3151684" lat="36.1439195" lon="-81.0727023"/>
 <node id="10152455954" visible="true" version="1" changeset="128409741" timestamp="2022-11-02T20:37:45Z" user="Yoshinion" uid="3151684" lat="36.1439388" lon="-81.0726150"/>
 <node id="10152455955" visible="true" version="1" changeset="128409741" timestamp="2022-11-02T20:37:45Z" user="Yoshinion" uid="3151684" lat="36.1439464" lon="-81.0724350"/>
 <node id="10152455956" visible="true" version="1" changeset="128409741" timestamp="2022-11-02T20:37:45Z" user="Yoshinion" uid="3151684" lat="36.1425161" lon="-81.0726570"/>
 <node id="10152455957" visible="true" version="1" changeset="128409741" timestamp="2022-11-02T20:37:45Z" user="Yoshinion" uid="3151684" lat="36.1424495" lon="-81.0726503"/>
 <node id="10152455958" visible="true" version="1" changeset="128409741" timestamp="2022-11-02T20:37:45Z" user="Yoshinion" uid="3151684" lat="36.1426885" lon="-81.0729196"/>
 <node id="10152455959" visible="true" version="1" changeset="128409741" timestamp="2022-11-02T20:37:45Z" user="Yoshinion" uid="3151684" lat="36.1428147" lon="-81.0729271"/>
 <node id="10152455960" visible="true" version="1" changeset="128409741" timestamp="2022-11-02T20:37:45Z" user="Yoshinion" uid="3151684" lat="36.1428248" lon="-81.0726676"/>
 <node id="10152455961" visible="true" version="1" changeset="128409741" timestamp="2022-11-02T20:37:45Z" user="Yoshinion" uid="3151684" lat="36.1426985" lon="-81.0726602"/>
 <node id="10152455962" visible="true" version="1" changeset="128409741" timestamp="2022-11-02T20:37:45Z" user="Yoshinion" uid="3151684" lat="36.1437962" lon="-81.0731514"/>
 <node id="10152455963" visible="true" version="1" changeset="128409741" timestamp="2022-11-02T20:37:45Z" user="Yoshinion" uid="3151684" lat="36.1438038" lon="-81.0730765"/>
 <node id="10152455964" visible="true" version="1" changeset="128409741" timestamp="2022-11-02T20:37:45Z" user="Yoshinion" uid="3151684" lat="36.1439707" lon="-81.0728434"/>
 <node id="10152455965" visible="true" version="1" changeset="128409741" timestamp="2022-11-02T20:37:45Z" user="Yoshinion" uid="3151684" lat="36.1440385" lon="-81.0725394"/>
 <node id="10152455966" visible="true" version="1" changeset="128409741" timestamp="2022-11-02T20:37:45Z" user="Yoshinion" uid="3151684" lat="36.1440386" lon="-81.0724423"/>
 <node id="10152455967" visible="true" version="1" changeset="128409741" timestamp="2022-11-02T20:37:45Z" user="Yoshinion" uid="3151684" lat="36.1439797" lon="-81.0721894"/>
 <node id="10152455968" visible="true" version="1" changeset="128409741" timestamp="2022-11-02T20:37:45Z" user="Yoshinion" uid="3151684" lat="36.1438475" lon="-81.0719969"/>
 <node id="11026536401" visible="true" version="1" changeset="138122963" timestamp="2023-07-04T21:04:23Z" user="rivermont" uid="4085780" lat="36.1363270" lon="-81.1051194"/>
 <node id="11026536402" visible="true" version="1" changeset="138122963" timestamp="2023-07-04T21:04:23Z" user="rivermont" uid="4085780" lat="36.1365426" lon="-81.1039039"/>
 <node id="11077774726" visible="true" version="1" changeset="139229403" timestamp="2023-07-30T23:35:05Z" user="mapman44" uid="2888253" lat="36.1498377" lon="-81.0240624"/>
 <node id="11077774803" visible="true" version="1" changeset="139229403" timestamp="2023-07-30T23:35:05Z" user="mapman44" uid="2888253" lat="36.1464269" lon="-81.0476397"/>
 <node id="11077774804" visible="true" version="1" changeset="139229403" timestamp="2023-07-30T23:35:05Z" user="mapman44" uid="2888253" lat="36.1465718" lon="-81.0467048"/>
 <node id="11077774805" visible="true" version="1" changeset="139229403" timestamp="2023-07-30T23:35:05Z" user="mapman44" uid="2888253" lat="36.1469385" lon="-81.0444051"/>
 <node id="11077774806" visible="true" version="1" changeset="139229403" timestamp="2023-07-30T23:35:05Z" user="mapman44" uid="2888253" lat="36.1471713" lon="-81.0429129"/>
 <node id="11077774807" visible="true" version="1" changeset="139229403" timestamp="2023-07-30T23:35:05Z" user="mapman44" uid="2888253" lat="36.1469174" lon="-81.0433589"/>
 <node id="11077774808" visible="true" version="1" changeset="139229403" timestamp="2023-07-30T23:35:05Z" user="mapman44" uid="2888253" lat="36.1466749" lon="-81.0449056"/>
 <node id="11077774809" visible="true" version="1" changeset="139229403" timestamp="2023-07-30T23:35:05Z" user="mapman44" uid="2888253" lat="36.1462368" lon="-81.0477018"/>
 <node id="11077774810" visible="true" version="1" changeset="139229403" timestamp="2023-07-30T23:35:05Z" user="mapman44" uid="2888253" lat="36.1461759" lon="-81.0492251"/>
 <node id="11077774811" visible="true" version="1" changeset="139229403" timestamp="2023-07-30T23:35:05Z" user="mapman44" uid="2888253" lat="36.1459571" lon="-81.0494782"/>
 <node id="11077774812" visible="true" version="1" changeset="139229403" timestamp="2023-07-30T23:35:05Z" user="mapman44" uid="2888253" lat="36.1457133" lon="-81.0510429"/>
 <node id="11077774813" visible="true" version="1" changeset="139229403" timestamp="2023-07-30T23:35:05Z" user="mapman44" uid="2888253" lat="36.1458065" lon="-81.0515803"/>
 <node id="11077774814" visible="true" version="1" changeset="139229403" timestamp="2023-07-30T23:35:05Z" user="mapman44" uid="2888253" lat="36.1455053" lon="-81.0523515"/>
 <node id="11077774815" visible="true" version="1" changeset="139229403" timestamp="2023-07-30T23:35:05Z" user="mapman44" uid="2888253" lat="36.1455949" lon="-81.0529244"/>
 <node id="11077774816" visible="true" version="1" changeset="139229403" timestamp="2023-07-30T23:35:05Z" user="mapman44" uid="2888253" lat="36.1453343" lon="-81.0534425"/>
 <node id="11077774817" visible="true" version="1" changeset="139229403" timestamp="2023-07-30T23:35:05Z" user="mapman44" uid="2888253" lat="36.1453590" lon="-81.0543942"/>
 <node id="11077774818" visible="true" version="1" changeset="139229403" timestamp="2023-07-30T23:35:05Z" user="mapman44" uid="2888253" lat="36.1451607" lon="-81.0545415"/>
 <node id="11077774819" visible="true" version="1" changeset="139229403" timestamp="2023-07-30T23:35:05Z" user="mapman44" uid="2888253" lat="36.1446451" lon="-81.0573836"/>
 <node id="11077774820" visible="true" version="1" changeset="139229403" timestamp="2023-07-30T23:35:05Z" user="mapman44" uid="2888253" lat="36.1444596" lon="-81.0582014"/>
 <node id="11077774821" visible="true" version="1" changeset="139229403" timestamp="2023-07-30T23:35:05Z" user="mapman44" uid="2888253" lat="36.1444284" lon="-81.0590961"/>
 <node id="11077774822" visible="true" version="1" changeset="139229403" timestamp="2023-07-30T23:35:05Z" user="mapman44" uid="2888253" lat="36.1448107" lon="-81.0574531"/>
 <node id="11077774823" visible="true" version="1" changeset="139229403" timestamp="2023-07-30T23:35:05Z" user="mapman44" uid="2888253" lat="36.1449149" lon="-81.0569504"/>
 <node id="11077774824" visible="true" version="1" changeset="139229403" timestamp="2023-07-30T23:35:05Z" user="mapman44" uid="2888253" lat="36.1447018" lon="-81.0579468"/>
 <node id="11077774825" visible="true" version="1" changeset="139229403" timestamp="2023-07-30T23:35:05Z" user="mapman44" uid="2888253" lat="36.1442061" lon="-81.0599386"/>
 <node id="11077774826" visible="true" version="1" changeset="139229403" timestamp="2023-07-30T23:35:05Z" user="mapman44" uid="2888253" lat="36.1441491" lon="-81.0594531"/>
 <node id="11077774827" visible="true" version="1" changeset="139229403" timestamp="2023-07-30T23:35:05Z" user="mapman44" uid="2888253" lat="36.1439637" lon="-81.0601373"/>
 <node id="11077774828" visible="true" version="1" changeset="139229403" timestamp="2023-07-30T23:35:05Z" user="mapman44" uid="2888253" lat="36.1437791" lon="-81.0613984"/>
 <node id="11077774829" visible="true" version="1" changeset="139229403" timestamp="2023-07-30T23:35:05Z" user="mapman44" uid="2888253" lat="36.1435678" lon="-81.0614616"/>
 <node id="11077774830" visible="true" version="1" changeset="139229403" timestamp="2023-07-30T23:35:05Z" user="mapman44" uid="2888253" lat="36.1435793" lon="-81.0620228"/>
 <node id="11077774831" visible="true" version="1" changeset="139229403" timestamp="2023-07-30T23:35:05Z" user="mapman44" uid="2888253" lat="36.1434164" lon="-81.0619339"/>
 <node id="11077774832" visible="true" version="1" changeset="139229403" timestamp="2023-07-30T23:35:05Z" user="mapman44" uid="2888253" lat="36.1430955" lon="-81.0629227"/>
 <node id="11077774833" visible="true" version="1" changeset="139229403" timestamp="2023-07-30T23:35:05Z" user="mapman44" uid="2888253" lat="36.1428946" lon="-81.0635429"/>
 <node id="11077774834" visible="true" version="1" changeset="139229403" timestamp="2023-07-30T23:35:05Z" user="mapman44" uid="2888253" lat="36.1432043" lon="-81.0631738"/>
 <node id="11077774835" visible="true" version="1" changeset="139229403" timestamp="2023-07-30T23:35:05Z" user="mapman44" uid="2888253" lat="36.1425339" lon="-81.0646508"/>
 <node id="11077774836" visible="true" version="1" changeset="139229403" timestamp="2023-07-30T23:35:05Z" user="mapman44" uid="2888253" lat="36.1427127" lon="-81.0646836"/>
 <node id="11077774837" visible="true" version="1" changeset="139229403" timestamp="2023-07-30T23:35:05Z" user="mapman44" uid="2888253" lat="36.1424269" lon="-81.0655632"/>
 <node id="11077774838" visible="true" version="1" changeset="139229403" timestamp="2023-07-30T23:35:05Z" user="mapman44" uid="2888253" lat="36.1421971" lon="-81.0656835"/>
 <node id="11077774839" visible="true" version="1" changeset="139229403" timestamp="2023-07-30T23:35:05Z" user="mapman44" uid="2888253" lat="36.1421356" lon="-81.0664551"/>
 <node id="11077774840" visible="true" version="1" changeset="139229403" timestamp="2023-07-30T23:35:05Z" user="mapman44" uid="2888253" lat="36.1418547" lon="-81.0667302"/>
 <node id="11077774841" visible="true" version="1" changeset="139229403" timestamp="2023-07-30T23:35:05Z" user="mapman44" uid="2888253" lat="36.1415204" lon="-81.0683612"/>
 <node id="11077774842" visible="true" version="1" changeset="139229403" timestamp="2023-07-30T23:35:05Z" user="mapman44" uid="2888253" lat="36.1412617" lon="-81.0685684"/>
 <node id="11077774843" visible="true" version="1" changeset="139229403" timestamp="2023-07-30T23:35:05Z" user="mapman44" uid="2888253" lat="36.1412117" lon="-81.0693693"/>
 <node id="11077774844" visible="true" version="1" changeset="139229403" timestamp="2023-07-30T23:35:05Z" user="mapman44" uid="2888253" lat="36.1410660" lon="-81.0692312"/>
 <node id="11077774845" visible="true" version="1" changeset="139229403" timestamp="2023-07-30T23:35:05Z" user="mapman44" uid="2888253" lat="36.1404569" lon="-81.0715507"/>
 <node id="11077774846" visible="true" version="1" changeset="139229403" timestamp="2023-07-30T23:35:05Z" user="mapman44" uid="2888253" lat="36.1406033" lon="-81.0716996"/>
 <node id="11077774847" visible="true" version="1" changeset="139229403" timestamp="2023-07-30T23:35:05Z" user="mapman44" uid="2888253" lat="36.1402846" lon="-81.0731693"/>
 <node id="11077774848" visible="true" version="1" changeset="139229403" timestamp="2023-07-30T23:35:05Z" user="mapman44" uid="2888253" lat="36.1400972" lon="-81.0732065"/>
 <node id="11077774849" visible="true" version="1" changeset="139229403" timestamp="2023-07-30T23:35:05Z" user="mapman44" uid="2888253" lat="36.1400013" lon="-81.0737068"/>
 <node id="11077774850" visible="true" version="1" changeset="139229403" timestamp="2023-07-30T23:35:05Z" user="mapman44" uid="2888253" lat="36.1397422" lon="-81.0752210"/>
 <node id="11077774851" visible="true" version="1" changeset="139229403" timestamp="2023-07-30T23:35:05Z" user="mapman44" uid="2888253" lat="36.1399339" lon="-81.0751283"/>
 <node id="11077774852" visible="true" version="1" changeset="139229403" timestamp="2023-07-30T23:35:05Z" user="mapman44" uid="2888253" lat="36.1398365" lon="-81.0757848"/>
 <node id="11077774853" visible="true" version="1" changeset="139229403" timestamp="2023-07-30T23:35:05Z" user="mapman44" uid="2888253" lat="36.1395689" lon="-81.0764281"/>
 <node id="11077774854" visible="true" version="1" changeset="139229403" timestamp="2023-07-30T23:35:05Z" user="mapman44" uid="2888253" lat="36.1394619" lon="-81.0773453"/>
 <node id="11077774855" visible="true" version="1" changeset="139229403" timestamp="2023-07-30T23:35:05Z" user="mapman44" uid="2888253" lat="36.1396404" lon="-81.0773388"/>
 <node id="11077774856" visible="true" version="1" changeset="139229403" timestamp="2023-07-30T23:35:05Z" user="mapman44" uid="2888253" lat="36.1394358" lon="-81.0792293"/>
 <node id="11077774857" visible="true" version="1" changeset="139229403" timestamp="2023-07-30T23:35:05Z" user="mapman44" uid="2888253" lat="36.1392472" lon="-81.0793642"/>
 <node id="11077774858" visible="true" version="1" changeset="139229403" timestamp="2023-07-30T23:35:05Z" user="mapman44" uid="2888253" lat="36.1389707" lon="-81.0819227"/>
 <node id="11077774859" visible="true" version="1" changeset="139229403" timestamp="2023-07-30T23:35:05Z" user="mapman44" uid="2888253" lat="36.1387820" lon="-81.0836805"/>
 <node id="11077774860" visible="true" version="1" changeset="139229403" timestamp="2023-07-30T23:35:05Z" user="mapman44" uid="2888253" lat="36.1389391" lon="-81.0838833"/>
 <node id="11077774861" visible="true" version="1" changeset="139229403" timestamp="2023-07-30T23:35:05Z" user="mapman44" uid="2888253" lat="36.1388568" lon="-81.0846439"/>
 <node id="11077774862" visible="true" version="1" changeset="139229403" timestamp="2023-07-30T23:35:05Z" user="mapman44" uid="2888253" lat="36.1386528" lon="-81.0848920"/>
 <node id="11077774863" visible="true" version="1" changeset="139229403" timestamp="2023-07-30T23:35:05Z" user="mapman44" uid="2888253" lat="36.1385365" lon="-81.0859715"/>
 <node id="11077774864" visible="true" version="1" changeset="139229403" timestamp="2023-07-30T23:35:05Z" user="mapman44" uid="2888253" lat="36.1386637" lon="-81.0864602"/>
 <node id="11077774865" visible="true" version="1" changeset="139229403" timestamp="2023-07-30T23:35:05Z" user="mapman44" uid="2888253" lat="36.1386195" lon="-81.0868728"/>
 <node id="11077774866" visible="true" version="1" changeset="139229403" timestamp="2023-07-30T23:35:05Z" user="mapman44" uid="2888253" lat="36.1381564" lon="-81.0895419"/>
 <node id="11077800733" visible="true" version="1" changeset="139229894" timestamp="2023-07-31T00:11:02Z" user="mapman44" uid="2888253" lat="36.1416117" lon="-81.0702614"/>
 <node id="11077800734" visible="true" version="1" changeset="139229894" timestamp="2023-07-31T00:11:02Z" user="mapman44" uid="2888253" lat="36.1419281" lon="-81.0702838"/>
 <node id="11077800735" visible="true" version="1" changeset="139229894" timestamp="2023-07-31T00:11:02Z" user="mapman44" uid="2888253" lat="36.1421587" lon="-81.0702710"/>
 <node id="11077800736" visible="true" version="1" changeset="139229894" timestamp="2023-07-31T00:11:02Z" user="mapman44" uid="2888253" lat="36.1424563" lon="-81.0702162"/>
 <node id="11077800737" visible="true" version="1" changeset="139229894" timestamp="2023-07-31T00:11:02Z" user="mapman44" uid="2888253" lat="36.1404246" lon="-81.0698250"/>
 <node id="11077800738" visible="true" version="1" changeset="139229894" timestamp="2023-07-31T00:11:02Z" user="mapman44" uid="2888253" lat="36.1405590" lon="-81.0699000"/>
 <node id="11077800739" visible="true" version="1" changeset="139229894" timestamp="2023-07-31T00:11:02Z" user="mapman44" uid="2888253" lat="36.1403047" lon="-81.0697500"/>
 <node id="11077800740" visible="true" version="1" changeset="139229894" timestamp="2023-07-31T00:11:02Z" user="mapman44" uid="2888253" lat="36.1401914" lon="-81.0696727"/>
 <node id="11077800741" visible="true" version="1" changeset="139229894" timestamp="2023-07-31T00:11:02Z" user="mapman44" uid="2888253" lat="36.1399528" lon="-81.0694902"/>
 <node id="11077800742" visible="true" version="1" changeset="139229894" timestamp="2023-07-31T00:11:02Z" user="mapman44" uid="2888253" lat="36.1398224" lon="-81.0693756"/>
 <node id="11077800743" visible="true" version="1" changeset="139229894" timestamp="2023-07-31T00:11:02Z" user="mapman44" uid="2888253" lat="36.1397070" lon="-81.0692643"/>
 <node id="11077800744" visible="true" version="1" changeset="139229894" timestamp="2023-07-31T00:11:02Z" user="mapman44" uid="2888253" lat="36.1395320" lon="-81.0690826"/>
 <node id="11077800745" visible="true" version="1" changeset="139229894" timestamp="2023-07-31T00:11:02Z" user="mapman44" uid="2888253" lat="36.1393562" lon="-81.0688816"/>
 <node id="11077808162" visible="true" version="1" changeset="139230274" timestamp="2023-07-31T00:38:01Z" user="mapman44" uid="2888253" lat="36.1361875" lon="-81.1067458"/>
 <node id="11077808163" visible="true" version="1" changeset="139230274" timestamp="2023-07-31T00:38:01Z" user="mapman44" uid="2888253" lat="36.1361236" lon="-81.1070713"/>
 <node id="11077808164" visible="true" version="1" changeset="139230274" timestamp="2023-07-31T00:38:01Z" user="mapman44" uid="2888253" lat="36.1354684" lon="-81.1104979"/>
 <node id="11077808165" visible="true" version="1" changeset="139230274" timestamp="2023-07-31T00:38:01Z" user="mapman44" uid="2888253" lat="36.1353718" lon="-81.1109941"/>
 <node id="11077808166" visible="true" version="1" changeset="139230274" timestamp="2023-07-31T00:38:01Z" user="mapman44" uid="2888253" lat="36.1350075" lon="-81.1128891"/>
 <node id="11077808167" visible="true" version="1" changeset="139230274" timestamp="2023-07-31T00:38:01Z" user="mapman44" uid="2888253" lat="36.1346086" lon="-81.1140073"/>
 <node id="11077808168" visible="true" version="1" changeset="139230274" timestamp="2023-07-31T00:38:01Z" user="mapman44" uid="2888253" lat="36.1342769" lon="-81.1158457"/>
 <node id="11077808169" visible="true" version="1" changeset="139230274" timestamp="2023-07-31T00:38:01Z" user="mapman44" uid="2888253" lat="36.1341812" lon="-81.1164761"/>
 <node id="11077808170" visible="true" version="1" changeset="139230274" timestamp="2023-07-31T00:38:01Z" user="mapman44" uid="2888253" lat="36.1344041" lon="-81.1161936"/>
 <node id="11077808174" visible="true" version="1" changeset="139230274" timestamp="2023-07-31T00:38:01Z" user="mapman44" uid="2888253" lat="36.1342657" lon="-81.1171624"/>
 <node id="11077808175" visible="true" version="1" changeset="139230274" timestamp="2023-07-31T00:38:01Z" user="mapman44" uid="2888253" lat="36.1341989" lon="-81.1176774"/>
 <node id="11077808176" visible="true" version="1" changeset="139230274" timestamp="2023-07-31T00:38:01Z" user="mapman44" uid="2888253" lat="36.1340298" lon="-81.1176037"/>
 <node id="11077808177" visible="true" version="1" changeset="139230274" timestamp="2023-07-31T00:38:01Z" user="mapman44" uid="2888253" lat="36.1339572" lon="-81.1181789"/>
 <node id="11077808178" visible="true" version="1" changeset="139230274" timestamp="2023-07-31T00:38:01Z" user="mapman44" uid="2888253" lat="36.1341191" lon="-81.1183146"/>
 <node id="11077808179" visible="true" version="1" changeset="139230274" timestamp="2023-07-31T00:38:01Z" user="mapman44" uid="2888253" lat="36.1340080" lon="-81.1192259"/>
 <node id="11077808180" visible="true" version="1" changeset="139230274" timestamp="2023-07-31T00:38:01Z" user="mapman44" uid="2888253" lat="36.1338164" lon="-81.1208238"/>
 <node id="11077808181" visible="true" version="1" changeset="139230274" timestamp="2023-07-31T00:38:01Z" user="mapman44" uid="2888253" lat="36.1336843" lon="-81.1219067"/>
 <node id="11077808182" visible="true" version="1" changeset="139230274" timestamp="2023-07-31T00:38:01Z" user="mapman44" uid="2888253" lat="36.1335979" lon="-81.1226131"/>
 <node id="11077808183" visible="true" version="1" changeset="139230274" timestamp="2023-07-31T00:38:01Z" user="mapman44" uid="2888253" lat="36.1334538" lon="-81.1238317"/>
 <node id="11077808184" visible="true" version="1" changeset="139230274" timestamp="2023-07-31T00:38:01Z" user="mapman44" uid="2888253" lat="36.1327405" lon="-81.1296505"/>
 <node id="11077808185" visible="true" version="1" changeset="139230274" timestamp="2023-07-31T00:38:01Z" user="mapman44" uid="2888253" lat="36.1326357" lon="-81.1306913"/>
 <node id="11077808186" visible="true" version="1" changeset="139230274" timestamp="2023-07-31T00:38:01Z" user="mapman44" uid="2888253" lat="36.1325782" lon="-81.1317578"/>
 <node id="13447442561" visible="true" version="1" changeset="177084874" timestamp="2026-01-11T06:04:37Z" user="TorCguy" uid="338843" lat="36.1580160" lon="-81.0703045"/>
 <node id="13845355282" visible="true" version="1" changeset="182836368" timestamp="2026-05-18T14:45:33Z" user="CavsFan45" uid="23985500" lat="36.1414600" lon="-81.0732654"/>
 <node id="13845355283" visible="true" version="1" changeset="182836368" timestamp="2026-05-18T14:45:33Z" user="CavsFan45" uid="23985500" lat="36.1413768" lon="-81.0734136"/>
 <node id="13845355284" visible="true" version="1" changeset="182836368" timestamp="2026-05-18T14:45:33Z" user="CavsFan45" uid="23985500" lat="36.1411929" lon="-81.0732328"/>
 <node id="13845355285" visible="true" version="1" changeset="182836368" timestamp="2026-05-18T14:45:33Z" user="CavsFan45" uid="23985500" lat="36.1410782" lon="-81.0730634"/>
 <node id="13845355286" visible="true" version="1" changeset="182836368" timestamp="2026-05-18T14:45:33Z" user="CavsFan45" uid="23985500" lat="36.1409564" lon="-81.0727735"/>
 <node id="13845355287" visible="true" version="1" changeset="182836368" timestamp="2026-05-18T14:45:33Z" user="CavsFan45" uid="23985500" lat="36.1408837" lon="-81.0727784"/>
 <node id="13845355288" visible="true" version="1" changeset="182836368" timestamp="2026-05-18T14:45:33Z" user="CavsFan45" uid="23985500" lat="36.1408407" lon="-81.0724890"/>
 <node id="13845355289" visible="true" version="1" changeset="182836368" timestamp="2026-05-18T14:45:33Z" user="CavsFan45" uid="23985500" lat="36.1408740" lon="-81.0720918"/>
 <node id="13845355290" visible="true" version="1" changeset="182836368" timestamp="2026-05-18T14:45:33Z" user="CavsFan45" uid="23985500" lat="36.1409053" lon="-81.0720132"/>
 <node id="13845355291" visible="true" version="1" changeset="182836368" timestamp="2026-05-18T14:45:33Z" user="CavsFan45" uid="23985500" lat="36.1409594" lon="-81.0718300"/>
 <node id="13845355292" visible="true" version="1" changeset="182836368" timestamp="2026-05-18T14:45:33Z" user="CavsFan45" uid="23985500" lat="36.1410296" lon="-81.0716418"/>
 <node id="13845355293" visible="true" version="1" changeset="182836368" timestamp="2026-05-18T14:45:33Z" user="CavsFan45" uid="23985500" lat="36.1411209" lon="-81.0714969"/>
 <node id="13845355294" visible="true" version="1" changeset="182836368" timestamp="2026-05-18T14:45:33Z" user="CavsFan45" uid="23985500" lat="36.1411611" lon="-81.0714561"/>
 <node id="13845355295" visible="true" version="1" changeset="182836368" timestamp="2026-05-18T14:45:33Z" user="CavsFan45" uid="23985500" lat="36.1413367" lon="-81.0712910"/>
 <node id="13845355296" visible="true" version="1" changeset="182836368" timestamp="2026-05-18T14:45:33Z" user="CavsFan45" uid="23985500" lat="36.1414537" lon="-81.0715280"/>
 <node id="13845355297" visible="true" version="1" changeset="182836368" timestamp="2026-05-18T14:45:33Z" user="CavsFan45" uid="23985500" lat="36.1413627" lon="-81.0716181"/>
 <node id="13845355298" visible="true" version="1" changeset="182836368" timestamp="2026-05-18T14:45:33Z" user="CavsFan45" uid="23985500" lat="36.1412819" lon="-81.0717133"/>
 <node id="13845355299" visible="true" version="1" changeset="182836368" timestamp="2026-05-18T14:45:33Z" user="CavsFan45" uid="23985500" lat="36.1412115" lon="-81.0718134"/>
 <node id="13845355300" visible="true" version="1" changeset="182836368" timestamp="2026-05-18T14:45:33Z" user="CavsFan45" uid="23985500" lat="36.1411609" lon="-81.0719245"/>
 <node id="13845366840" visible="true" version="1" changeset="182836988" timestamp="2026-05-18T14:57:24Z" user="CavsFan45" uid="23985500" lat="36.1397339" lon="-81.0720507"/>
 <node id="13845366841" visible="true" version="1" changeset="182836988" timestamp="2026-05-18T14:57:24Z" user="CavsFan45" uid="23985500" lat="36.1398011" lon="-81.0720726"/>
 <node id="13845366842" visible="true" version="1" changeset="182836988" timestamp="2026-05-18T14:57:24Z" user="CavsFan45" uid="23985500" lat="36.1396619" lon="-81.0720006"/>
 <node id="13845366843" visible="true" version="1" changeset="182836988" timestamp="2026-05-18T14:57:24Z" user="CavsFan45" uid="23985500" lat="36.1397269" lon="-81.0720458"/>
 <node id="13845366844" visible="true" version="1" changeset="182836988" timestamp="2026-05-18T14:57:24Z" user="CavsFan45" uid="23985500" lat="36.1398423" lon="-81.0720860"/>
 <node id="13845371801" visible="true" version="1" changeset="182836368" timestamp="2026-05-18T14:45:33Z" user="CavsFan45" uid="23985500" lat="36.1411055" lon="-81.0721137"/>
 <node id="13845371802" visible="true" version="1" changeset="182836368" timestamp="2026-05-18T14:45:33Z" user="CavsFan45" uid="23985500" lat="36.1410887" lon="-81.0722272"/>
 <node id="13845371803" visible="true" version="1" changeset="182836368" timestamp="2026-05-18T14:45:33Z" user="CavsFan45" uid="23985500" lat="36.1411088" lon="-81.0722657"/>
 <node id="13845371804" visible="true" version="1" changeset="182836368" timestamp="2026-05-18T14:45:33Z" user="CavsFan45" uid="23985500" lat="36.1411098" lon="-81.0723037"/>
 <node id="13845371805" visible="true" version="1" changeset="182836368" timestamp="2026-05-18T14:45:33Z" user="CavsFan45" uid="23985500" lat="36.1410974" lon="-81.0724122"/>
 <node id="13845371806" visible="true" version="1" changeset="182836368" timestamp="2026-05-18T14:45:33Z" user="CavsFan45" uid="23985500" lat="36.1410997" lon="-81.0725378"/>
 <node id="13845371807" visible="true" version="1" changeset="182836368" timestamp="2026-05-18T14:45:33Z" user="CavsFan45" uid="23985500" lat="36.1411159" lon="-81.0726641"/>
 <node id="13845371808" visible="true" version="1" changeset="182836368" timestamp="2026-05-18T14:45:33Z" user="CavsFan45" uid="23985500" lat="36.1411479" lon="-81.0727929"/>
 <node id="13845371809" visible="true" version="1" changeset="182836368" timestamp="2026-05-18T14:45:33Z" user="CavsFan45" uid="23985500" lat="36.1412078" lon="-81.0729342"/>
 <node id="13845371810" visible="true" version="1" changeset="182836368" timestamp="2026-05-18T14:45:33Z" user="CavsFan45" uid="23985500" lat="36.1413076" lon="-81.0731196"/>
 <node id="13845376243" visible="true" version="1" changeset="182836771" timestamp="2026-05-18T14:52:55Z" user="CavsFan45" uid="23985500" lat="36.1400307" lon="-81.0721712"/>
 <node id="13845376244" visible="true" version="1" changeset="182836771" timestamp="2026-05-18T14:52:55Z" user="CavsFan45" uid="23985500" lat="36.1399433" lon="-81.0720974"/>
 <node id="13845376245" visible="true" version="1" changeset="182836771" timestamp="2026-05-18T14:52:55Z" user="CavsFan45" uid="23985500" lat="36.1402214" lon="-81.0712453"/>
 <node id="13845376246" visible="true" version="2" changeset="182837054" timestamp="2026-05-18T14:58:31Z" user="CavsFan45" uid="23985500" lat="36.1403610" lon="-81.0700874"/>
 <node id="13845376247" visible="true" version="2" changeset="182837054" timestamp="2026-05-18T14:58:31Z" user="CavsFan45" uid="23985500" lat="36.1389177" lon="-81.0689512"/>
 <node id="13845376248" visible="true" version="1" changeset="182836771" timestamp="2026-05-18T14:52:55Z" user="CavsFan45" uid="23985500" lat="36.1384340" lon="-81.0707663"/>
 <node id="13845376258" visible="true" version="2" changeset="182836988" timestamp="2026-05-18T14:57:24Z" user="CavsFan45" uid="23985500" lat="36.1398920" lon="-81.0721022"/>
 <node id="13845376261" visible="true" version="1" changeset="182836771" timestamp="2026-05-18T14:52:55Z" user="CavsFan45" uid="23985500" lat="36.1383744" lon="-81.0707713"/>
 <node id="13845376262" visible="true" version="2" changeset="182836988" timestamp="2026-05-18T14:57:24Z" user="CavsFan45" uid="23985500" lat="36.1395264" lon="-81.0719064"/>
 <node id="13845376263" visible="true" version="1" changeset="182836771" timestamp="2026-05-18T14:52:55Z" user="CavsFan45" uid="23985500" lat="36.1399540" lon="-81.0721224"/>
 <node id="13845412777" visible="true" version="1" changeset="182837054" timestamp="2026-05-18T14:58:31Z" user="CavsFan45" uid="23985500" lat="36.1391555" lon="-81.0715409"/>
 <node id="13845412778" visible="true" version="1" changeset="182837054" timestamp="2026-05-18T14:58:31Z" user="CavsFan45" uid="23985500" lat="36.1396353" lon="-81.0694047"/>
 <node id="13845412779" visible="true" version="1" changeset="182837054" timestamp="2026-05-18T14:58:31Z" user="CavsFan45" uid="23985500" lat="36.1392987" lon="-81.0691185"/>
 <node id="13845422013" visible="true" version="1" changeset="182837117" timestamp="2026-05-18T14:59:48Z" user="CavsFan45" uid="23985500" lat="36.1404655" lon="-81.0723064"/>
 <way id="18923852" visible="true" version="5" changeset="77228966" timestamp="2019-11-18T13:22:16Z" user="Yoshinion" uid="3151684">
  <nd ref="195829121"/>
  <nd ref="195829123"/>
  <nd ref="2313815817"/>
  <nd ref="2313815798"/>
  <tag k="covered" v="yes"/>
  <tag k="highway" v="service"/>
  <tag k="tiger:cfcc" v="A41"/>
  <tag k="tiger:county" v="Wilkes, NC"/>
  <tag k="tiger:reviewed" v="no"/>
 </way>
 <way id="18923858" visible="true" version="2" changeset="47599359" timestamp="2017-04-09T17:34:36Z" user="bdiscoe" uid="402624">
  <nd ref="195829124"/>
  <nd ref="195829161"/>
  <tag k="highway" v="service"/>
  <tag k="tiger:cfcc" v="A41"/>
  <tag k="tiger:county" v="Wilkes, NC"/>
  <tag k="tiger:reviewed" v="no"/>
 </way>
 <way id="18925862" visible="true" version="2" changeset="99603185" timestamp="2021-02-19T15:11:55Z" user="kollipay" uid="10480282">
  <nd ref="8438494176"/>
  <nd ref="8438494175"/>
  <nd ref="8438494174"/>
  <nd ref="8438494173"/>
  <nd ref="8438494172"/>
  <nd ref="8438494171"/>
  <nd ref="8438494170"/>
  <nd ref="195846335"/>
  <nd ref="195846337"/>
  <nd ref="195846339"/>
  <nd ref="195846341"/>
  <nd ref="195846343"/>
  <nd ref="195846345"/>
  <nd ref="195829135"/>
  <tag k="access" v="private"/>
  <tag k="highway" v="service"/>
  <tag k="tiger:cfcc" v="A74"/>
  <tag k="tiger:county" v="Wilkes, NC"/>
  <tag k="tiger:reviewed" v="no"/>
 </way>
 <way id="18926521" visible="true" version="5" changeset="78247406" timestamp="2019-12-11T08:16:38Z" user="kotaprad" uid="10145714">
  <nd ref="195829145"/>
  <nd ref="2313815883"/>
  <nd ref="195852981"/>
  <nd ref="195852982"/>
  <nd ref="195852983"/>
  <nd ref="195852984"/>
  <nd ref="7048717599"/>
  <nd ref="195852986"/>
  <nd ref="195885895"/>
  <tag k="highway" v="service"/>
  <tag k="tiger:cfcc" v="A41"/>
  <tag k="tiger:county" v="Wilkes, NC"/>
  <tag k="tiger:reviewed" v="no"/>
 </way>
 <way id="18926526" visible="true" version="5" changeset="77228966" timestamp="2019-11-18T13:22:16Z" user="Yoshinion" uid="3151684">
  <nd ref="195853029"/>
  <nd ref="2313815845"/>
  <nd ref="6987213995"/>
  <tag k="highway" v="service"/>
  <tag k="tiger:cfcc" v="A41"/>
  <tag k="tiger:county" v="Wilkes, NC"/>
  <tag k="tiger:reviewed" v="no"/>
 </way>
 <way id="18928354" visible="true" version="3" changeset="47599359" timestamp="2017-04-09T17:34:43Z" user="bdiscoe" uid="402624">
  <nd ref="195869372"/>
  <nd ref="2313815863"/>
  <nd ref="2313815819"/>
  <nd ref="2313815840"/>
  <nd ref="2313815812"/>
  <nd ref="2313815795"/>
  <nd ref="2313815800"/>
  <nd ref="2313815801"/>
  <nd ref="195869374"/>
  <nd ref="195869375"/>
  <nd ref="195869377"/>
  <nd ref="195869381"/>
  <nd ref="2313815842"/>
  <nd ref="2313815830"/>
  <nd ref="2313815768"/>
  <nd ref="195869383"/>
  <tag k="highway" v="service"/>
  <tag k="tiger:cfcc" v="A41"/>
  <tag k="tiger:county" v="Wilkes, NC"/>
  <tag k="tiger:reviewed" v="no"/>
 </way>
 <way id="18928710" visible="true" version="6" changeset="123418251" timestamp="2022-07-10T03:09:15Z" user="wengland02" uid="14839028">
  <nd ref="195871935"/>
  <nd ref="195853041"/>
  <nd ref="195871937"/>
  <nd ref="2313815804"/>
  <nd ref="195871939"/>
  <nd ref="2313815823"/>
  <nd ref="195871941"/>
  <nd ref="195871943"/>
  <nd ref="195871945"/>
  <nd ref="2313815835"/>
  <nd ref="195871947"/>
  <nd ref="2313815803"/>
  <nd ref="195871949"/>
  <nd ref="2313815826"/>
  <nd ref="195871951"/>
  <nd ref="2313815791"/>
  <nd ref="195871953"/>
  <nd ref="2313815837"/>
  <nd ref="2313815885"/>
  <nd ref="195871955"/>
  <nd ref="2313815776"/>
  <nd ref="195871957"/>
  <nd ref="2313815813"/>
  <nd ref="195871959"/>
  <nd ref="2313815773"/>
  <nd ref="195871960"/>
  <nd ref="2313815847"/>
  <nd ref="195871961"/>
  <nd ref="2313815852"/>
  <nd ref="195871962"/>
  <nd ref="2313815796"/>
  <nd ref="195871935"/>
  <tag k="highway" v="raceway"/>
  <tag k="lit" v="no"/>
  <tag k="name" v="North Wilkesboro Speedway"/>
  <tag k="oneway" v="yes"/>
  <tag k="sport" v="motor"/>
  <tag k="surface" v="asphalt"/>
  <tag k="wikidata" v="Q2445287"/>
  <tag k="wikipedia" v="en:North Wilkesboro Speedway"/>
 </way>
 <way id="18929726" visible="true" version="23" changeset="179977903" timestamp="2026-03-17T02:29:47Z" user="rivermont" uid="4085780">
  <nd ref="195883231"/>
  <nd ref="4784803410"/>
  <nd ref="195883240"/>
  <nd ref="195883242"/>
  <nd ref="195883243"/>
  <nd ref="4784803411"/>
  <nd ref="195883245"/>
  <nd ref="8918545129"/>
  <nd ref="195883247"/>
  <nd ref="8456486124"/>
  <nd ref="5101699235"/>
  <nd ref="195883249"/>
  <nd ref="5101699234"/>
  <nd ref="195883251"/>
  <nd ref="5101699233"/>
  <nd ref="5101699232"/>
  <nd ref="195883253"/>
  <nd ref="195883255"/>
  <nd ref="195883256"/>
  <nd ref="5101699236"/>
  <nd ref="195883257"/>
  <nd ref="8456354043"/>
  <nd ref="8456354042"/>
  <nd ref="195876029"/>
  <nd ref="8456354025"/>
  <nd ref="195883258"/>
  <nd ref="195883259"/>
  <nd ref="3332198292"/>
  <nd ref="8571779046"/>
  <nd ref="3332206993"/>
  <nd ref="195883260"/>
  <nd ref="3332206994"/>
  <nd ref="195883262"/>
  <nd ref="195883263"/>
  <nd ref="195883264"/>
  <nd ref="195883265"/>
  <nd ref="195883268"/>
  <nd ref="195883108"/>
  <nd ref="195883270"/>
  <nd ref="195883272"/>
  <nd ref="195883274"/>
  <nd ref="195883275"/>
  <nd ref="195883283"/>
  <nd ref="13447442561"/>
  <nd ref="195866837"/>
  <nd ref="8453922984"/>
  <nd ref="195883285"/>
  <nd ref="195883287"/>
  <nd ref="195883289"/>
  <nd ref="195864454"/>
  <nd ref="3432002015"/>
  <nd ref="3432002023"/>
  <nd ref="8332882176"/>
  <nd ref="195883291"/>
  <nd ref="5102128691"/>
  <nd ref="8332882180"/>
  <nd ref="5102128692"/>
  <nd ref="8332886418"/>
  <nd ref="8332882212"/>
  <nd ref="8332882189"/>
  <nd ref="195864468"/>
  <nd ref="195883293"/>
  <nd ref="8460526908"/>
  <nd ref="195883295"/>
  <nd ref="195883296"/>
  <nd ref="195883298"/>
  <nd ref="8458124564"/>
  <nd ref="8458124565"/>
  <nd ref="195883299"/>
  <nd ref="195883301"/>
  <nd ref="5102276930"/>
  <nd ref="8458124556"/>
  <nd ref="195883303"/>
  <nd ref="195883305"/>
  <nd ref="195883307"/>
  <nd ref="195883309"/>
  <nd ref="195883311"/>
  <nd ref="195883313"/>
  <nd ref="195883315"/>
  <nd ref="5102276932"/>
  <nd ref="8460608683"/>
  <nd ref="195883316"/>
  <nd ref="8336349310"/>
  <nd ref="5102276933"/>
  <nd ref="195883317"/>
  <nd ref="4784805028"/>
  <nd ref="195883319"/>
  <nd ref="195883321"/>
  <nd ref="4784805030"/>
  <nd ref="4784805029"/>
  <nd ref="195883323"/>
  <nd ref="195841320"/>
  <nd ref="195883325"/>
  <nd ref="4784805031"/>
  <nd ref="4784805032"/>
  <nd ref="4784805033"/>
  <nd ref="4784805034"/>
  <nd ref="195883327"/>
  <nd ref="7358934845"/>
  <nd ref="4784805035"/>
  <nd ref="195883329"/>
  <nd ref="195841652"/>
  <nd ref="8337360995"/>
  <nd ref="195841155"/>
  <nd ref="8337360988"/>
  <nd ref="8337360981"/>
  <nd ref="195866101"/>
  <nd ref="8984620094"/>
  <nd ref="195883331"/>
  <nd ref="195883333"/>
  <nd ref="5102276958"/>
  <nd ref="195883335"/>
  <tag k="highway" v="unclassified"/>
  <tag k="lanes" v="2"/>
  <tag k="name" v="Fishing Creek Road"/>
  <tag k="surface" v="asphalt"/>
  <tag k="tiger:reviewed" v="no"/>
  <tag k="unsigned_ref" v="SR 2340"/>
 </way>
 <way id="18929985" visible="true" version="4" changeset="100334672" timestamp="2021-03-03T09:10:05Z" user="nschg" uid="11558577">
  <nd ref="195829145"/>
  <nd ref="195886822"/>
  <nd ref="2313815841"/>
  <nd ref="2313815770"/>
  <nd ref="195886824"/>
  <nd ref="8482223479"/>
  <nd ref="195886828"/>
  <nd ref="195886830"/>
  <tag k="highway" v="residential"/>
  <tag k="name" v="Speedway Lane"/>
  <tag k="tiger:cfcc" v="A41"/>
  <tag k="tiger:county" v="Wilkes, NC"/>
  <tag k="tiger:name_base" v="Speedway"/>
  <tag k="tiger:name_type" v="Ln"/>
  <tag k="tiger:reviewed" v="no"/>
  <tag k="tiger:zip_left" v="28659"/>
  <tag k="tiger:zip_left_1" v="28659"/>
  <tag k="tiger:zip_right" v="28659"/>
  <tag k="tiger:zip_right_1" v="28659"/>
 </way>
 <way id="18932404" visible="true" version="4" changeset="99825718" timestamp="2021-02-23T12:21:46Z" user="praghath" uid="10358411">
  <nd ref="195883231"/>
  <nd ref="195914594"/>
  <nd ref="2313815824"/>
  <nd ref="2313815850"/>
  <nd ref="8449280994"/>
  <nd ref="2313815802"/>
  <nd ref="2313815854"/>
  <nd ref="195914596"/>
  <nd ref="195914598"/>
  <nd ref="195914601"/>
  <tag k="highway" v="residential"/>
  <tag k="name" v="Cj Call Road"/>
  <tag k="tiger:cfcc" v="A41"/>
  <tag k="tiger:county" v="Wilkes, NC"/>
  <tag k="tiger:name_base" v="Cj Call"/>
  <tag k="tiger:name_type" v="Rd"/>
  <tag k="tiger:reviewed" v="no"/>
  <tag k="tiger:zip_left" v="28659"/>
  <tag k="tiger:zip_right" v="28659"/>
 </way>
 <way id="34835883" visible="true" version="15" changeset="139229894" timestamp="2023-07-31T00:11:02Z" user="mapman44" uid="2888253">
  <nd ref="195883169"/>
  <nd ref="7093215298"/>
  <nd ref="195883170"/>
  <nd ref="195883171"/>
  <nd ref="195883173"/>
  <nd ref="5064239939"/>
  <nd ref="7093215297"/>
  <nd ref="195883175"/>
  <nd ref="7093215296"/>
  <nd ref="7093215295"/>
  <nd ref="195883177"/>
  <nd ref="195883179"/>
  <nd ref="7093215294"/>
  <nd ref="195883180"/>
  <nd ref="195883181"/>
  <nd ref="195883182"/>
  <nd ref="195883183"/>
  <nd ref="7093215293"/>
  <nd ref="195883184"/>
  <nd ref="7093215292"/>
  <nd ref="7093215291"/>
  <nd ref="195883185"/>
  <nd ref="195883187"/>
  <nd ref="7093215290"/>
  <nd ref="7093215289"/>
  <nd ref="8453068063"/>
  <nd ref="195883193"/>
  <nd ref="8453068097"/>
  <nd ref="195883195"/>
  <nd ref="8453068081"/>
  <nd ref="195868626"/>
  <nd ref="5064090421"/>
  <nd ref="195883197"/>
  <nd ref="5064089120"/>
  <nd ref="195883200"/>
  <nd ref="195883202"/>
  <nd ref="195883204"/>
  <nd ref="6885629858"/>
  <nd ref="195883206"/>
  <nd ref="195883207"/>
  <nd ref="5064078830"/>
  <nd ref="5064078829"/>
  <nd ref="5064078828"/>
  <nd ref="5064078827"/>
  <nd ref="5064078826"/>
  <nd ref="5064078825"/>
  <nd ref="5064078824"/>
  <nd ref="195883208"/>
  <nd ref="195860951"/>
  <nd ref="195829855"/>
  <nd ref="8452951239"/>
  <nd ref="5064078821"/>
  <nd ref="195883209"/>
  <nd ref="195883210"/>
  <nd ref="5063258898"/>
  <nd ref="195860826"/>
  <nd ref="195883212"/>
  <nd ref="195870114"/>
  <nd ref="6885506865"/>
  <nd ref="195883214"/>
  <nd ref="8571775392"/>
  <nd ref="195883216"/>
  <nd ref="195883218"/>
  <nd ref="195870081"/>
  <nd ref="195883220"/>
  <nd ref="195870027"/>
  <nd ref="11077800745"/>
  <nd ref="11077800744"/>
  <nd ref="11077800743"/>
  <nd ref="11077800742"/>
  <nd ref="11077800741"/>
  <nd ref="195883222"/>
  <nd ref="11077800740"/>
  <nd ref="11077800739"/>
  <nd ref="11077800737"/>
  <nd ref="11077800738"/>
  <nd ref="2313815820"/>
  <tag k="highway" v="residential"/>
  <tag k="name" v="Fishing Creek Road"/>
  <tag k="name_1" v="State Road 2340"/>
  <tag k="tiger:cfcc" v="A41"/>
  <tag k="tiger:county" v="Wilkes, NC"/>
  <tag k="tiger:name_base" v="Fishing Creek"/>
  <tag k="tiger:name_base_1" v="State Road 2340"/>
  <tag k="tiger:name_type" v="Rd"/>
  <tag k="tiger:reviewed" v="no"/>
 </way>
 <way id="40960354" visible="true" version="3" changeset="47608733" timestamp="2017-04-10T03:43:26Z" user="bdiscoe" uid="402624">
  <nd ref="498970667"/>
  <nd ref="498970673"/>
  <nd ref="498970676"/>
  <nd ref="498970679"/>
  <nd ref="498970682"/>
  <nd ref="498970685"/>
  <nd ref="498970690"/>
  <nd ref="498970694"/>
  <nd ref="498970700"/>
  <nd ref="498970704"/>
  <nd ref="498970709"/>
  <nd ref="498970713"/>
  <nd ref="498970715"/>
  <nd ref="498970721"/>
  <nd ref="498970724"/>
  <nd ref="498970735"/>
  <nd ref="498970741"/>
  <nd ref="498970747"/>
  <nd ref="498970752"/>
  <nd ref="498970756"/>
  <nd ref="498970759"/>
  <tag k="intermittent" v="yes"/>
  <tag k="NHD:FCode" v="46003"/>
  <tag k="NHD:FType" v="StreamRiver"/>
  <tag k="NHD:ReachCode" v="3040101007888"/>
  <tag k="NHD:way_id" v="112758912"/>
  <tag k="source" v="NHD"/>
  <tag k="waterway" v="stream"/>
 </way>
 <way id="222412531" visible="true" version="4" changeset="139229894" timestamp="2023-07-31T00:11:02Z" user="mapman44" uid="2888253">
  <nd ref="195883226"/>
  <nd ref="195829161"/>
  <nd ref="11077800733"/>
  <nd ref="2313815767"/>
  <nd ref="11077800734"/>
  <nd ref="2313815834"/>
  <nd ref="11077800735"/>
  <nd ref="195883228"/>
  <nd ref="11077800736"/>
  <nd ref="2313815779"/>
  <nd ref="195853029"/>
  <nd ref="195883229"/>
  <nd ref="8487995289"/>
  <nd ref="195883230"/>
  <nd ref="195883231"/>
  <tag k="highway" v="residential"/>
  <tag k="name" v="Fishing Creek Road"/>
  <tag k="name_1" v="State Road 2340"/>
  <tag k="tiger:cfcc" v="A41"/>
  <tag k="tiger:county" v="Wilkes, NC"/>
  <tag k="tiger:name_base" v="Fishing Creek"/>
  <tag k="tiger:name_base_1" v="State Road 2340"/>
  <tag k="tiger:name_type" v="Rd"/>
  <tag k="tiger:reviewed" v="no"/>
 </way>
 <way id="222412532" visible="true" version="1" changeset="16218829" timestamp="2013-05-21T03:49:29Z" user="Thad C" uid="349027">
  <nd ref="2313815820"/>
  <nd ref="2313815822"/>
  <nd ref="2313815856"/>
  <nd ref="195883226"/>
  <tag k="bridge" v="yes"/>
  <tag k="highway" v="residential"/>
  <tag k="layer" v="1"/>
  <tag k="name" v="Fishing Creek Road"/>
  <tag k="name_1" v="State Road 2340"/>
  <tag k="tiger:cfcc" v="A41"/>
  <tag k="tiger:county" v="Wilkes, NC"/>
  <tag k="tiger:name_base" v="Fishing Creek"/>
  <tag k="tiger:name_base_1" v="State Road 2340"/>
  <tag k="tiger:name_type" v="Rd"/>
  <tag k="tiger:reviewed" v="no"/>
 </way>
 <way id="377180179" visible="true" version="3" changeset="128409741" timestamp="2022-11-02T20:37:45Z" user="Yoshinion" uid="3151684">
  <nd ref="195871937"/>
  <nd ref="6987214069"/>
  <nd ref="6987214070"/>
  <nd ref="3805577332"/>
  <nd ref="10152455968"/>
  <nd ref="3805577333"/>
  <nd ref="10152455967"/>
  <nd ref="3805577334"/>
  <nd ref="10152455966"/>
  <nd ref="10152455965"/>
  <nd ref="3805577335"/>
  <nd ref="10152455964"/>
  <nd ref="3805577336"/>
  <nd ref="10152455963"/>
  <nd ref="3805577337"/>
  <nd ref="3805577338"/>
  <nd ref="3805577339"/>
  <nd ref="3805577340"/>
  <nd ref="3805577341"/>
  <nd ref="3805577342"/>
  <nd ref="2313815773"/>
  <tag k="highway" v="raceway"/>
  <tag k="name" v="Pit Road"/>
  <tag k="oneway" v="yes"/>
  <tag k="sport" v="motor"/>
 </way>
 <way id="485706366" visible="true" version="2" changeset="47608733" timestamp="2017-04-10T03:44:19Z" user="bdiscoe" uid="402624">
  <nd ref="498970763"/>
  <nd ref="498970768"/>
  <nd ref="498970773"/>
  <nd ref="498970778"/>
  <nd ref="498970783"/>
  <nd ref="498970788"/>
  <nd ref="498970796"/>
  <nd ref="498970800"/>
  <nd ref="498970805"/>
  <nd ref="498970816"/>
  <nd ref="498970821"/>
  <nd ref="498970828"/>
  <nd ref="498970834"/>
  <tag k="intermittent" v="yes"/>
  <tag k="NHD:FCode" v="46003"/>
  <tag k="NHD:FType" v="StreamRiver"/>
  <tag k="NHD:ReachCode" v="3040101007888"/>
  <tag k="NHD:way_id" v="112758912"/>
  <tag k="source" v="NHD"/>
  <tag k="waterway" v="stream"/>
 </way>
 <way id="524448635" visible="true" version="2" changeset="116517744" timestamp="2022-01-23T22:53:35Z" user="LeifRasmussen" uid="4312767">
  <nd ref="5103662500"/>
  <nd ref="5103662501"/>
  <nd ref="5103662502"/>
  <nd ref="5103662503"/>
  <nd ref="5103662504"/>
  <nd ref="5103662505"/>
  <nd ref="5103662506"/>
  <nd ref="5103662507"/>
  <nd ref="5103662508"/>
  <nd ref="5103662509"/>
  <nd ref="5103662510"/>
  <nd ref="5103662511"/>
  <nd ref="5103662512"/>
  <nd ref="5103662513"/>
  <nd ref="5103662514"/>
  <nd ref="5103662515"/>
  <nd ref="5103662516"/>
  <tag k="highway" v="residential"/>
  <tag k="name" v="Monroe Road"/>
 </way>
 <way id="550702280" visible="true" version="2" changeset="77228966" timestamp="2019-11-18T13:22:16Z" user="Yoshinion" uid="3151684">
  <nd ref="195829121"/>
  <nd ref="6987213996"/>
  <tag k="access" v="private"/>
  <tag k="covered" v="yes"/>
  <tag k="highway" v="service"/>
  <tag k="surface" v="asphalt"/>
 </way>
 <way id="615069894" visible="true" version="1" changeset="61452718" timestamp="2018-08-08T03:59:23Z" user="elhass06" uid="7963094">
  <nd ref="5816937222"/>
  <nd ref="5816937223"/>
  <nd ref="5816937224"/>
  <nd ref="5816937225"/>
  <nd ref="5816937222"/>
  <tag k="building" v="garages"/>
 </way>
 <way id="615069895" visible="true" version="1" changeset="61452718" timestamp="2018-08-08T03:59:23Z" user="elhass06" uid="7963094">
  <nd ref="5816937226"/>
  <nd ref="5816937227"/>
  <nd ref="5816937228"/>
  <nd ref="5816937229"/>
  <nd ref="5816937226"/>
  <tag k="building" v="yes"/>
 </way>
 <way id="615069896" visible="true" version="1" changeset="61452718" timestamp="2018-08-08T03:59:24Z" user="elhass06" uid="7963094">
  <nd ref="5816937230"/>
  <nd ref="5816937231"/>
  <nd ref="5816937232"/>
  <nd ref="5816937233"/>
  <nd ref="5816937230"/>
  <tag k="building" v="yes"/>
 </way>
 <way id="615069897" visible="true" version="1" changeset="61452718" timestamp="2018-08-08T03:59:24Z" user="elhass06" uid="7963094">
  <nd ref="5816937234"/>
  <nd ref="5816937235"/>
  <nd ref="5816937236"/>
  <nd ref="5816937237"/>
  <nd ref="5816937234"/>
  <tag k="building" v="yes"/>
 </way>
 <way id="615069899" visible="true" version="1" changeset="61452718" timestamp="2018-08-08T03:59:24Z" user="elhass06" uid="7963094">
  <nd ref="5816937242"/>
  <nd ref="5816937243"/>
  <nd ref="5816937244"/>
  <nd ref="5816937245"/>
  <nd ref="5816937242"/>
  <tag k="building" v="yes"/>
 </way>
 <way id="678330583" visible="true" version="12" changeset="179977903" timestamp="2026-03-17T02:29:47Z" user="rivermont" uid="4085780">
  <nd ref="195890264"/>
  <nd ref="195890266"/>
  <nd ref="6351561240"/>
  <nd ref="195890268"/>
  <nd ref="6351561239"/>
  <nd ref="6351561237"/>
  <nd ref="6351561238"/>
  <nd ref="195890271"/>
  <nd ref="195890273"/>
  <nd ref="195828270"/>
  <nd ref="195828272"/>
  <nd ref="195890275"/>
  <nd ref="8457277331"/>
  <nd ref="195828217"/>
  <nd ref="8453990643"/>
  <nd ref="8453990644"/>
  <nd ref="195844758"/>
  <nd ref="8453990633"/>
  <nd ref="8453990640"/>
  <nd ref="195890278"/>
  <nd ref="195890280"/>
  <nd ref="195890282"/>
  <nd ref="195890285"/>
  <nd ref="195890287"/>
  <nd ref="2313815811"/>
  <nd ref="195890289"/>
  <nd ref="2313815861"/>
  <nd ref="2313815786"/>
  <nd ref="2313815771"/>
  <nd ref="195854206"/>
  <nd ref="195890291"/>
  <nd ref="2313815867"/>
  <nd ref="2313815815"/>
  <nd ref="195890293"/>
  <nd ref="8484553941"/>
  <nd ref="195890294"/>
  <nd ref="5103629215"/>
  <nd ref="195890296"/>
  <nd ref="195890298"/>
  <nd ref="195886830"/>
  <nd ref="2313815783"/>
  <nd ref="2313815782"/>
  <nd ref="2313815772"/>
  <nd ref="5103662500"/>
  <nd ref="195890300"/>
  <nd ref="2313815839"/>
  <nd ref="2313815785"/>
  <nd ref="195890302"/>
  <nd ref="195885895"/>
  <nd ref="195890304"/>
  <nd ref="195890306"/>
  <nd ref="195852989"/>
  <nd ref="195890315"/>
  <nd ref="195890317"/>
  <nd ref="195890319"/>
  <nd ref="195869218"/>
  <nd ref="5103662519"/>
  <nd ref="5103662520"/>
  <nd ref="5103662621"/>
  <nd ref="195868647"/>
  <nd ref="195869372"/>
  <nd ref="195890321"/>
  <nd ref="195890322"/>
  <nd ref="8438349822"/>
  <nd ref="8456878407"/>
  <nd ref="8456878415"/>
  <nd ref="195866471"/>
  <nd ref="8438361790"/>
  <nd ref="195845638"/>
  <nd ref="8456339485"/>
  <nd ref="8456339490"/>
  <nd ref="8438442829"/>
  <nd ref="8456354024"/>
  <nd ref="195883259"/>
  <nd ref="195868800"/>
  <nd ref="8571779038"/>
  <nd ref="195868838"/>
  <nd ref="195888309"/>
  <tag k="alt_name" v="Old US 421"/>
  <tag k="highway" v="tertiary"/>
  <tag k="lanes" v="2"/>
  <tag k="maxspeed" v="55 mph"/>
  <tag k="name" v="Speedway Road"/>
  <tag k="surface" v="asphalt"/>
  <tag k="tiger:reviewed" v="no"/>
  <tag k="unsigned_ref" v="SR 2355"/>
 </way>
 <way id="720078899" visible="true" version="6" changeset="139230274" timestamp="2023-07-31T00:38:01Z" user="mapman44" uid="2888253">
  <nd ref="408253846"/>
  <nd ref="408253850"/>
  <nd ref="3748270366"/>
  <nd ref="3748270365"/>
  <nd ref="408253855"/>
  <nd ref="408253858"/>
  <nd ref="3748270367"/>
  <nd ref="408253863"/>
  <nd ref="408253867"/>
  <nd ref="408253869"/>
  <nd ref="11077808177"/>
  <nd ref="11077808176"/>
  <nd ref="408253872"/>
  <nd ref="11077808169"/>
  <nd ref="11077808168"/>
  <nd ref="408253876"/>
  <nd ref="11077808167"/>
  <nd ref="408264998"/>
  <nd ref="408253879"/>
  <nd ref="11026536401"/>
  <nd ref="11026536402"/>
  <nd ref="408265059"/>
  <nd ref="408253883"/>
  <nd ref="408253886"/>
  <nd ref="11077774866"/>
  <nd ref="408253889"/>
  <nd ref="11077774863"/>
  <nd ref="11077774862"/>
  <nd ref="11077774859"/>
  <nd ref="11077774858"/>
  <nd ref="408253893"/>
  <nd ref="11077774857"/>
  <nd ref="408253896"/>
  <nd ref="11077774854"/>
  <nd ref="11077774853"/>
  <nd ref="11077774850"/>
  <nd ref="408253899"/>
  <nd ref="11077774849"/>
  <nd ref="11077774848"/>
  <nd ref="5101655302"/>
  <nd ref="11077774845"/>
  <nd ref="408253902"/>
  <nd ref="408253905"/>
  <nd ref="11077774844"/>
  <nd ref="11077774842"/>
  <nd ref="408253908"/>
  <nd ref="11077774840"/>
  <nd ref="11077774838"/>
  <nd ref="11077774835"/>
  <nd ref="11077774833"/>
  <nd ref="11077774832"/>
  <nd ref="11077774831"/>
  <nd ref="11077774829"/>
  <nd ref="408253911"/>
  <nd ref="11077774827"/>
  <nd ref="11077774826"/>
  <nd ref="408253917"/>
  <nd ref="11077774820"/>
  <nd ref="11077774819"/>
  <nd ref="408253920"/>
  <nd ref="408253924"/>
  <nd ref="11077774818"/>
  <nd ref="11077774816"/>
  <nd ref="11077774814"/>
  <nd ref="11077774812"/>
  <nd ref="11077774811"/>
  <nd ref="11077774809"/>
  <nd ref="408253928"/>
  <nd ref="11077774808"/>
  <nd ref="11077774807"/>
  <nd ref="408253931"/>
  <nd ref="408253935"/>
  <nd ref="408253939"/>
  <nd ref="408253942"/>
  <nd ref="408253945"/>
  <nd ref="11077774726"/>
  <nd ref="408253950"/>
  <nd ref="408265401"/>
  <nd ref="408253954"/>
  <nd ref="408253957"/>
  <nd ref="6897022526"/>
  <tag k="hgv" v="designated"/>
  <tag k="hgv:national_network" v="yes"/>
  <tag k="highway" v="motorway"/>
  <tag k="lanes" v="2"/>
  <tag k="maxspeed" v="65 mph"/>
  <tag k="NHS" v="yes"/>
  <tag k="official_name" v="Watson Brame Expressway"/>
  <tag k="oneway" v="yes"/>
  <tag k="ref" v="US 421"/>
  <tag k="source:hgv:national_network" v="Title 23: Highways Part 658 http://ecfr.gpoaccess.gov/cgi/t/text/text-idx?c=ecfr&amp;rgn=div5&amp;view=text&amp;node=23:1.0.1.7.33&amp;idno=23"/>
 </way>
 <way id="736657501" visible="true" version="5" changeset="182837117" timestamp="2026-05-18T14:59:48Z" user="CavsFan45" uid="23985500">
  <nd ref="6897022525"/>
  <nd ref="408253716"/>
  <nd ref="408253717"/>
  <nd ref="408265556"/>
  <nd ref="408253720"/>
  <nd ref="408253722"/>
  <nd ref="408253724"/>
  <nd ref="6897022529"/>
  <nd ref="408253726"/>
  <nd ref="408253728"/>
  <nd ref="11077774806"/>
  <nd ref="11077774805"/>
  <nd ref="408253730"/>
  <nd ref="11077774804"/>
  <nd ref="11077774803"/>
  <nd ref="11077774810"/>
  <nd ref="11077774813"/>
  <nd ref="11077774815"/>
  <nd ref="11077774817"/>
  <nd ref="408253731"/>
  <nd ref="408253733"/>
  <nd ref="11077774823"/>
  <nd ref="11077774822"/>
  <nd ref="11077774824"/>
  <nd ref="408253735"/>
  <nd ref="11077774821"/>
  <nd ref="11077774825"/>
  <nd ref="408253736"/>
  <nd ref="11077774828"/>
  <nd ref="11077774830"/>
  <nd ref="11077774834"/>
  <nd ref="11077774836"/>
  <nd ref="11077774837"/>
  <nd ref="11077774839"/>
  <nd ref="408253738"/>
  <nd ref="11077774841"/>
  <nd ref="11077774843"/>
  <nd ref="408253739"/>
  <nd ref="408253741"/>
  <nd ref="11077774846"/>
  <nd ref="13845422013"/>
  <nd ref="5101655303"/>
  <nd ref="11077774847"/>
  <nd ref="408253742"/>
  <nd ref="11077774851"/>
  <nd ref="11077774852"/>
  <nd ref="5101655301"/>
  <nd ref="11077774855"/>
  <nd ref="408253744"/>
  <nd ref="11077774856"/>
  <nd ref="408253746"/>
  <nd ref="11077774860"/>
  <nd ref="11077774861"/>
  <nd ref="11077774864"/>
  <nd ref="11077774865"/>
  <nd ref="408253747"/>
  <nd ref="1271926818"/>
  <nd ref="408253749"/>
  <nd ref="408253750"/>
  <nd ref="408253752"/>
  <nd ref="11077808162"/>
  <nd ref="11077808163"/>
  <nd ref="11077808164"/>
  <nd ref="11077808165"/>
  <nd ref="11077808166"/>
  <nd ref="408253756"/>
  <nd ref="11077808170"/>
  <nd ref="408253757"/>
  <nd ref="11077808174"/>
  <nd ref="11077808175"/>
  <nd ref="11077808178"/>
  <nd ref="11077808179"/>
  <nd ref="11077808180"/>
  <nd ref="11077808181"/>
  <nd ref="11077808182"/>
  <nd ref="11077808183"/>
  <nd ref="408253759"/>
  <nd ref="408253761"/>
  <nd ref="408253762"/>
  <nd ref="11077808184"/>
  <nd ref="3748270372"/>
  <nd ref="11077808185"/>
  <nd ref="408253764"/>
  <nd ref="11077808186"/>
  <nd ref="408253765"/>
  <nd ref="3748270368"/>
  <nd ref="3748270370"/>
  <nd ref="408253767"/>
  <nd ref="408253768"/>
  <nd ref="408253770"/>
  <tag k="hgv" v="designated"/>
  <tag k="hgv:national_network" v="yes"/>
  <tag k="highway" v="motorway"/>
  <tag k="lanes" v="2"/>
  <tag k="lit" v="no"/>
  <tag k="maxspeed" v="65 mph"/>
  <tag k="NHS" v="yes"/>
  <tag k="official_name" v="Watson Brame Expressway"/>
  <tag k="oneway" v="yes"/>
  <tag k="ref" v="US 421"/>
  <tag k="source:hgv:national_network" v="Title 23: Highways Part 658 http://ecfr.gpoaccess.gov/cgi/t/text/text-idx?c=ecfr&amp;rgn=div5&amp;view=text&amp;node=23:1.0.1.7.33&amp;idno=23"/>
 </way>
 <way id="746641981" visible="true" version="2" changeset="128409741" timestamp="2022-11-02T20:37:45Z" user="Yoshinion" uid="3151684">
  <nd ref="6987213801"/>
  <nd ref="6987213802"/>
  <nd ref="6987213803"/>
  <nd ref="6987213804"/>
  <nd ref="6987213805"/>
  <nd ref="6987213806"/>
  <nd ref="6987213807"/>
  <nd ref="6987213808"/>
  <nd ref="6987213809"/>
  <nd ref="6987213810"/>
  <nd ref="6987213811"/>
  <nd ref="10152455962"/>
  <nd ref="6987213812"/>
  <nd ref="6987213813"/>
  <nd ref="6987213814"/>
  <nd ref="6987213815"/>
  <nd ref="6987213816"/>
  <nd ref="6987213817"/>
  <nd ref="6987213818"/>
  <nd ref="6987213819"/>
  <nd ref="6987213820"/>
  <nd ref="6987213821"/>
  <nd ref="6987213822"/>
  <nd ref="6987213823"/>
  <tag k="barrier" v="wall"/>
 </way>
 <way id="746641982" visible="true" version="2" changeset="77229677" timestamp="2019-11-18T13:33:53Z" user="Yoshinion" uid="3151684">
  <nd ref="6987213824"/>
  <nd ref="6987213825"/>
  <nd ref="6987213826"/>
  <nd ref="6987213827"/>
  <nd ref="6987213828"/>
  <nd ref="6987213829"/>
  <nd ref="6987213830"/>
  <nd ref="6987213831"/>
  <nd ref="6987213832"/>
  <nd ref="6987239069"/>
  <nd ref="6987213833"/>
  <nd ref="6987213834"/>
  <nd ref="6987213835"/>
  <nd ref="6987213836"/>
  <nd ref="6987213837"/>
  <nd ref="6987213838"/>
  <nd ref="6987213839"/>
  <nd ref="6987213840"/>
  <nd ref="6987213841"/>
  <nd ref="6987213842"/>
  <nd ref="6987213843"/>
  <nd ref="6987213844"/>
  <nd ref="6987213845"/>
  <nd ref="6987213846"/>
  <nd ref="6987213847"/>
  <nd ref="6987213848"/>
  <nd ref="6987213849"/>
  <nd ref="6987213850"/>
  <nd ref="6987213869"/>
  <nd ref="6987213851"/>
  <nd ref="6987213852"/>
  <nd ref="6987213853"/>
  <nd ref="6987213854"/>
  <nd ref="6987213855"/>
  <nd ref="6987213856"/>
  <nd ref="6987213857"/>
  <nd ref="6987213858"/>
  <nd ref="6987213859"/>
  <nd ref="6987213860"/>
  <nd ref="6987213861"/>
  <nd ref="6987213862"/>
  <nd ref="6987213863"/>
  <nd ref="6987213864"/>
  <nd ref="6987213865"/>
  <nd ref="6987213866"/>
  <nd ref="6987213867"/>
  <nd ref="6987213868"/>
  <nd ref="6987213824"/>
  <tag k="barrier" v="retaining_wall"/>
 </way>
 <way id="746641983" visible="true" version="2" changeset="128409741" timestamp="2022-11-02T20:37:45Z" user="Yoshinion" uid="3151684">
  <nd ref="6987213878"/>
  <nd ref="10152455950"/>
  <nd ref="10152455949"/>
  <nd ref="6987213879"/>
  <nd ref="6987213880"/>
  <nd ref="6987213881"/>
  <nd ref="10152455947"/>
  <tag k="barrier" v="wall"/>
 </way>
 <way id="746641984" visible="true" version="1" changeset="77228966" timestamp="2019-11-18T13:22:16Z" user="Yoshinion" uid="3151684">
  <nd ref="6987213885"/>
  <nd ref="6987213886"/>
  <nd ref="6987213887"/>
  <nd ref="6987213888"/>
  <nd ref="6987213889"/>
  <nd ref="6987213890"/>
  <tag k="barrier" v="wall"/>
 </way>
 <way id="746641985" visible="true" version="1" changeset="77228966" timestamp="2019-11-18T13:22:16Z" user="Yoshinion" uid="3151684">
  <nd ref="6987213891"/>
  <nd ref="6987213892"/>
  <nd ref="6987213893"/>
  <nd ref="6987213894"/>
  <tag k="barrier" v="wall"/>
 </way>
 <way id="746641986" visible="true" version="1" changeset="77228966" timestamp="2019-11-18T13:22:16Z" user="Yoshinion" uid="3151684">
  <nd ref="6987213895"/>
  <nd ref="6987213896"/>
  <nd ref="6987213897"/>
  <nd ref="6987213898"/>
  <nd ref="6987213899"/>
  <nd ref="6987213900"/>
  <nd ref="6987213901"/>
  <nd ref="6987213902"/>
  <tag k="barrier" v="wall"/>
 </way>
 <way id="746641987" visible="true" version="2" changeset="77229677" timestamp="2019-11-18T13:33:53Z" user="Yoshinion" uid="3151684">
  <nd ref="6987213903"/>
  <nd ref="6987213904"/>
  <nd ref="6987232468"/>
  <nd ref="6987213905"/>
  <tag k="barrier" v="wall"/>
 </way>
 <way id="746641988" visible="true" version="2" changeset="77229677" timestamp="2019-11-18T13:33:53Z" user="Yoshinion" uid="3151684">
  <nd ref="6987213906"/>
  <nd ref="6987213907"/>
  <nd ref="6987213908"/>
  <nd ref="6987213909"/>
  <nd ref="6987213910"/>
  <nd ref="6987213911"/>
  <nd ref="6987238993"/>
  <nd ref="6987213912"/>
  <nd ref="6987213913"/>
  <nd ref="6987213914"/>
  <nd ref="6987213915"/>
  <nd ref="6987213916"/>
  <nd ref="6987213917"/>
  <nd ref="6987213918"/>
  <nd ref="6987238994"/>
  <nd ref="6987213919"/>
  <nd ref="6987213920"/>
  <nd ref="6987213921"/>
  <nd ref="6987213922"/>
  <nd ref="6987213923"/>
  <tag k="barrier" v="fence"/>
 </way>
 <way id="746641989" visible="true" version="2" changeset="128409741" timestamp="2022-11-02T20:37:45Z" user="Yoshinion" uid="3151684">
  <nd ref="6987213924"/>
  <nd ref="6987213925"/>
  <nd ref="6987213926"/>
  <nd ref="6987213927"/>
  <nd ref="10152455957"/>
  <nd ref="6987213928"/>
  <tag k="barrier" v="fence"/>
 </way>
 <way id="746641990" visible="true" version="1" changeset="77228966" timestamp="2019-11-18T13:22:16Z" user="Yoshinion" uid="3151684">
  <nd ref="6987213929"/>
  <nd ref="6987213930"/>
  <nd ref="6987213931"/>
  <nd ref="6987213932"/>
  <nd ref="6987213933"/>
  <tag k="barrier" v="fence"/>
 </way>
 <way id="746641991" visible="true" version="2" changeset="77229677" timestamp="2019-11-18T13:33:53Z" user="Yoshinion" uid="3151684">
  <nd ref="6987213934"/>
  <nd ref="6987239037"/>
  <nd ref="6987213935"/>
  <nd ref="6987213936"/>
  <nd ref="6987213937"/>
  <nd ref="6987213938"/>
  <nd ref="6987213939"/>
  <nd ref="6987213940"/>
  <nd ref="6987213941"/>
  <tag k="barrier" v="fence"/>
 </way>
 <way id="746641992" visible="true" version="2" changeset="77229677" timestamp="2019-11-18T13:33:53Z" user="Yoshinion" uid="3151684">
  <nd ref="6987213942"/>
  <nd ref="6987239014"/>
  <nd ref="6987213943"/>
  <tag k="barrier" v="fence"/>
 </way>
 <way id="746641994" visible="true" version="1" changeset="77228966" timestamp="2019-11-18T13:22:16Z" user="Yoshinion" uid="3151684">
  <nd ref="2313815798"/>
  <nd ref="2313815792"/>
  <nd ref="2313815831"/>
  <nd ref="2313815887"/>
  <nd ref="2313815828"/>
  <nd ref="195829124"/>
  <nd ref="195829125"/>
  <nd ref="195829126"/>
  <nd ref="5816937179"/>
  <nd ref="195829128"/>
  <nd ref="195829131"/>
  <nd ref="195829133"/>
  <nd ref="195829135"/>
  <nd ref="5816937183"/>
  <nd ref="195829137"/>
  <nd ref="2313815869"/>
  <nd ref="195829138"/>
  <nd ref="2313815814"/>
  <nd ref="2313815891"/>
  <nd ref="2313815789"/>
  <nd ref="2313815808"/>
  <nd ref="2313815825"/>
  <nd ref="195829139"/>
  <nd ref="2313815896"/>
  <nd ref="2313815865"/>
  <nd ref="195829141"/>
  <nd ref="2313815871"/>
  <nd ref="195829143"/>
  <nd ref="195829145"/>
  <tag k="highway" v="service"/>
  <tag k="tiger:cfcc" v="A41"/>
  <tag k="tiger:county" v="Wilkes, NC"/>
  <tag k="tiger:reviewed" v="no"/>
 </way>
 <way id="746641995" visible="true" version="1" changeset="77228966" timestamp="2019-11-18T13:22:16Z" user="Yoshinion" uid="3151684">
  <nd ref="6987213995"/>
  <nd ref="195829121"/>
  <tag k="covered" v="yes"/>
  <tag k="highway" v="service"/>
  <tag k="tiger:cfcc" v="A41"/>
  <tag k="tiger:county" v="Wilkes, NC"/>
  <tag k="tiger:reviewed" v="no"/>
 </way>
 <way id="746641996" visible="true" version="2" changeset="77229677" timestamp="2019-11-18T13:33:53Z" user="Yoshinion" uid="3151684">
  <nd ref="6987213996"/>
  <nd ref="6987213869"/>
  <nd ref="195853041"/>
  <nd ref="6987239072"/>
  <nd ref="6987239073"/>
  <tag k="access" v="private"/>
  <tag k="highway" v="service"/>
  <tag k="surface" v="asphalt"/>
 </way>
 <way id="746641997" visible="true" version="1" changeset="77228966" timestamp="2019-11-18T13:22:16Z" user="Yoshinion" uid="3151684">
  <nd ref="6987213997"/>
  <nd ref="6987213998"/>
  <nd ref="6987213999"/>
  <nd ref="6987214000"/>
  <nd ref="6987214001"/>
  <nd ref="6987213997"/>
  <tag k="building" v="yes"/>
 </way>
 <way id="746641998" visible="true" version="1" changeset="77228966" timestamp="2019-11-18T13:22:16Z" user="Yoshinion" uid="3151684">
  <nd ref="6987214002"/>
  <nd ref="6987214003"/>
  <nd ref="6987214004"/>
  <nd ref="6987214005"/>
  <nd ref="6987214006"/>
  <nd ref="6987214007"/>
  <nd ref="6987214008"/>
  <nd ref="6987214009"/>
  <nd ref="6987214010"/>
  <nd ref="6987214011"/>
  <nd ref="6987214012"/>
  <nd ref="6987214013"/>
  <nd ref="6987214014"/>
  <nd ref="6987214015"/>
  <nd ref="6987214016"/>
  <nd ref="6987214017"/>
  <nd ref="6987214018"/>
  <nd ref="6987214019"/>
  <nd ref="6987214020"/>
  <nd ref="6987214021"/>
  <nd ref="6987214022"/>
  <nd ref="6987214023"/>
  <nd ref="6987214024"/>
  <nd ref="6987214025"/>
  <nd ref="6987214026"/>
  <nd ref="6987214027"/>
  <nd ref="6987214028"/>
  <nd ref="6987214029"/>
  <nd ref="6987214030"/>
  <nd ref="6987214031"/>
  <nd ref="6987214032"/>
  <nd ref="6987214033"/>
  <nd ref="6987214034"/>
  <nd ref="6987214035"/>
  <nd ref="6987214036"/>
  <nd ref="6987214037"/>
  <nd ref="6987214038"/>
  <nd ref="6987214039"/>
  <nd ref="6987214040"/>
  <nd ref="6987214041"/>
  <nd ref="6987214042"/>
  <nd ref="6987214043"/>
  <nd ref="6987214044"/>
  <nd ref="6987214045"/>
  <nd ref="6987214046"/>
  <nd ref="6987214047"/>
  <nd ref="6987214048"/>
  <nd ref="6987214049"/>
  <nd ref="6987214050"/>
  <nd ref="6987214051"/>
  <nd ref="6987214052"/>
  <nd ref="6987214053"/>
  <nd ref="6987214054"/>
  <nd ref="6987214055"/>
  <nd ref="6987214056"/>
  <nd ref="6987214057"/>
  <nd ref="6987214058"/>
  <nd ref="6987214059"/>
  <nd ref="6987214060"/>
  <nd ref="6987214061"/>
  <nd ref="6987214062"/>
  <nd ref="6987214002"/>
  <tag k="building" v="grandstand"/>
 </way>
 <way id="746641999" visible="true" version="3" changeset="161608310" timestamp="2025-01-21T16:59:45Z" user="Mateusz Konieczny - bot account" uid="3199858">
  <nd ref="6987214063"/>
  <nd ref="6987214064"/>
  <nd ref="6987214065"/>
  <nd ref="6987214066"/>
  <nd ref="6987214067"/>
  <nd ref="6987214068"/>
  <nd ref="6987214063"/>
  <tag k="building" v="abandoned"/>
 </way>
 <way id="746645008" visible="true" version="1" changeset="77229677" timestamp="2019-11-18T13:33:53Z" user="Yoshinion" uid="3151684">
  <nd ref="6987232426"/>
  <nd ref="6987232427"/>
  <nd ref="6987232428"/>
  <nd ref="6987232429"/>
  <nd ref="6987232430"/>
  <tag k="barrier" v="fence"/>
 </way>
 <way id="746645009" visible="true" version="1" changeset="77229677" timestamp="2019-11-18T13:33:53Z" user="Yoshinion" uid="3151684">
  <nd ref="6987232431"/>
  <nd ref="6987232432"/>
  <tag k="barrier" v="fence"/>
 </way>
 <way id="746645010" visible="true" version="1" changeset="77229677" timestamp="2019-11-18T13:33:53Z" user="Yoshinion" uid="3151684">
  <nd ref="6987232432"/>
  <nd ref="6987232433"/>
  <nd ref="6987232434"/>
  <nd ref="6987232435"/>
  <nd ref="6987232436"/>
  <nd ref="6987232437"/>
  <nd ref="6987232438"/>
  <nd ref="6987232439"/>
  <nd ref="6987232440"/>
  <nd ref="6987232441"/>
  <nd ref="6987232442"/>
  <nd ref="6987232443"/>
  <nd ref="6987232444"/>
  <nd ref="6987232461"/>
  <nd ref="6987232445"/>
  <nd ref="6987232446"/>
  <nd ref="6987232447"/>
  <nd ref="6987213924"/>
  <nd ref="6987213925"/>
  <nd ref="6987232448"/>
  <nd ref="6987232449"/>
  <nd ref="6987232450"/>
  <nd ref="6987232451"/>
  <nd ref="6987232452"/>
  <nd ref="6987232453"/>
  <nd ref="6987232454"/>
  <nd ref="6987232455"/>
  <nd ref="6987232456"/>
  <nd ref="6987232457"/>
  <nd ref="6987232458"/>
  <nd ref="6987232459"/>
  <nd ref="6987232460"/>
  <nd ref="6987232432"/>
  <tag k="landuse" v="grass"/>
 </way>
 <way id="746645011" visible="true" version="1" changeset="77229677" timestamp="2019-11-18T13:33:53Z" user="Yoshinion" uid="3151684">
  <nd ref="6987213903"/>
  <nd ref="6987213923"/>
  <nd ref="6987232462"/>
  <nd ref="6987232463"/>
  <nd ref="6987232464"/>
  <nd ref="6987232465"/>
  <nd ref="6987232466"/>
  <nd ref="6987232467"/>
  <nd ref="6987213919"/>
  <nd ref="6987213920"/>
  <nd ref="6987232468"/>
  <nd ref="6987213904"/>
  <nd ref="6987213903"/>
  <tag k="landuse" v="grass"/>
 </way>
 <way id="746645012" visible="true" version="1" changeset="77229677" timestamp="2019-11-18T13:33:53Z" user="Yoshinion" uid="3151684">
  <nd ref="6987232469"/>
  <nd ref="6987232470"/>
  <nd ref="6987232471"/>
  <nd ref="6987232472"/>
  <nd ref="6987232473"/>
  <nd ref="6987232474"/>
  <nd ref="6987232475"/>
  <nd ref="6987232476"/>
  <nd ref="6987232477"/>
  <nd ref="6987232478"/>
  <nd ref="6987232479"/>
  <nd ref="6987232480"/>
  <nd ref="6987232481"/>
  <nd ref="6987232482"/>
  <nd ref="6987232483"/>
  <nd ref="6987232484"/>
  <nd ref="6987238985"/>
  <nd ref="6987238986"/>
  <nd ref="6987238987"/>
  <nd ref="6987238988"/>
  <nd ref="6987238989"/>
  <nd ref="6987238990"/>
  <nd ref="6987238991"/>
  <nd ref="6987238992"/>
  <nd ref="6987238993"/>
  <nd ref="6987213912"/>
  <nd ref="6987213913"/>
  <nd ref="6987213914"/>
  <nd ref="6987213915"/>
  <nd ref="6987213916"/>
  <nd ref="6987213917"/>
  <nd ref="6987213918"/>
  <nd ref="6987238994"/>
  <nd ref="6987238995"/>
  <nd ref="6987238996"/>
  <nd ref="6987238997"/>
  <nd ref="6987238998"/>
  <nd ref="6987238999"/>
  <nd ref="6987239000"/>
  <nd ref="6987239001"/>
  <nd ref="6987239002"/>
  <nd ref="6987239003"/>
  <nd ref="6987239004"/>
  <nd ref="6987239005"/>
  <nd ref="6987239006"/>
  <nd ref="6987239007"/>
  <nd ref="6987239008"/>
  <nd ref="6987239009"/>
  <nd ref="6987239010"/>
  <nd ref="6987239011"/>
  <nd ref="6987239012"/>
  <nd ref="6987239013"/>
  <nd ref="6987232469"/>
 </way>
 <way id="746645013" visible="true" version="1" changeset="77229677" timestamp="2019-11-18T13:33:53Z" user="Yoshinion" uid="3151684">
  <nd ref="6987239014"/>
  <nd ref="6987239015"/>
  <nd ref="6987239016"/>
  <nd ref="6987239017"/>
  <nd ref="6987239018"/>
  <nd ref="6987239019"/>
  <nd ref="6987239020"/>
  <nd ref="6987239021"/>
  <nd ref="6987213941"/>
  <nd ref="6987213940"/>
  <nd ref="6987213939"/>
  <nd ref="6987213938"/>
  <nd ref="6987239022"/>
  <nd ref="6987239023"/>
  <nd ref="6987239024"/>
  <nd ref="6987239025"/>
  <nd ref="6987239026"/>
  <nd ref="6987239027"/>
  <nd ref="6987239028"/>
  <nd ref="6987239029"/>
  <nd ref="6987239030"/>
  <nd ref="6987239031"/>
  <nd ref="6987239032"/>
  <nd ref="6987239033"/>
  <nd ref="6987239034"/>
  <nd ref="6987239035"/>
  <nd ref="6987239036"/>
  <nd ref="6987239037"/>
  <nd ref="6987213934"/>
  <nd ref="6987239038"/>
  <nd ref="5816937239"/>
  <nd ref="6987213942"/>
  <nd ref="6987239014"/>
  <tag k="landuse" v="grass"/>
 </way>
 <way id="746645014" visible="true" version="1" changeset="77229677" timestamp="2019-11-18T13:33:53Z" user="Yoshinion" uid="3151684">
  <nd ref="6987239039"/>
  <nd ref="6987239040"/>
  <nd ref="6987239041"/>
  <nd ref="6987239042"/>
  <nd ref="6987239043"/>
  <nd ref="6987239044"/>
  <nd ref="6987239039"/>
  <tag k="building" v="yes"/>
 </way>
 <way id="746645015" visible="true" version="1" changeset="77229677" timestamp="2019-11-18T13:33:53Z" user="Yoshinion" uid="3151684">
  <nd ref="6987239045"/>
  <nd ref="6987239046"/>
  <nd ref="6987239047"/>
  <nd ref="6987239048"/>
  <nd ref="6987239045"/>
  <tag k="building" v="yes"/>
 </way>
 <way id="746645016" visible="true" version="1" changeset="77229677" timestamp="2019-11-18T13:33:53Z" user="Yoshinion" uid="3151684">
  <nd ref="6987239049"/>
  <nd ref="6987239050"/>
  <nd ref="6987239051"/>
  <nd ref="6987239052"/>
  <nd ref="6987239053"/>
  <nd ref="6987239054"/>
  <nd ref="6987239055"/>
  <nd ref="6987239056"/>
  <nd ref="6987239049"/>
  <tag k="building" v="yes"/>
 </way>
 <way id="746645017" visible="true" version="1" changeset="77229677" timestamp="2019-11-18T13:33:53Z" user="Yoshinion" uid="3151684">
  <nd ref="6987239057"/>
  <nd ref="6987239058"/>
  <nd ref="6987239059"/>
  <nd ref="6987239060"/>
  <nd ref="6987239057"/>
  <tag k="building" v="abandoned"/>
 </way>
 <way id="746645018" visible="true" version="1" changeset="77229677" timestamp="2019-11-18T13:33:53Z" user="Yoshinion" uid="3151684">
  <nd ref="6987239061"/>
  <nd ref="6987239062"/>
  <nd ref="6987239063"/>
  <nd ref="6987239064"/>
  <nd ref="6987239061"/>
  <tag k="building" v="yes"/>
 </way>
 <way id="746645019" visible="true" version="1" changeset="77229677" timestamp="2019-11-18T13:33:53Z" user="Yoshinion" uid="3151684">
  <nd ref="6987239065"/>
  <nd ref="6987239066"/>
  <nd ref="6987239067"/>
  <nd ref="6987239068"/>
  <nd ref="6987239065"/>
  <tag k="building" v="yes"/>
 </way>
 <way id="746645020" visible="true" version="1" changeset="77229677" timestamp="2019-11-18T13:33:53Z" user="Yoshinion" uid="3151684">
  <nd ref="6987239069"/>
  <nd ref="6987239070"/>
  <nd ref="6987239071"/>
  <tag k="barrier" v="fence"/>
 </way>
 <way id="746645021" visible="true" version="1" changeset="77229677" timestamp="2019-11-18T13:33:53Z" user="Yoshinion" uid="3151684">
  <nd ref="6987239077"/>
  <nd ref="6987239076"/>
  <tag k="access" v="private"/>
  <tag k="highway" v="service"/>
  <tag k="surface" v="asphalt"/>
 </way>
 <way id="746645022" visible="true" version="1" changeset="77229677" timestamp="2019-11-18T13:33:53Z" user="Yoshinion" uid="3151684">
  <nd ref="6987239088"/>
  <nd ref="6987239087"/>
  <nd ref="6987239086"/>
  <nd ref="6987239085"/>
  <nd ref="6987239073"/>
  <nd ref="6987239074"/>
  <nd ref="6987239075"/>
  <nd ref="6987239077"/>
  <nd ref="6987239078"/>
  <nd ref="6987239079"/>
  <nd ref="6987239080"/>
  <nd ref="6987239081"/>
  <nd ref="6987239082"/>
  <nd ref="6987239083"/>
  <nd ref="6987239084"/>
  <tag k="access" v="private"/>
  <tag k="highway" v="service"/>
  <tag k="surface" v="asphalt"/>
 </way>
 <way id="746645922" visible="true" version="1" changeset="77229961" timestamp="2019-11-18T13:38:31Z" user="Yoshinion" uid="3151684">
  <nd ref="6987225872"/>
  <nd ref="6987225873"/>
  <nd ref="6987225874"/>
  <nd ref="6987225875"/>
  <nd ref="6987225876"/>
  <nd ref="6987225877"/>
  <nd ref="6987225878"/>
  <nd ref="6987225879"/>
  <nd ref="6987225880"/>
  <nd ref="6987225881"/>
  <nd ref="6987225882"/>
  <nd ref="6987225883"/>
  <nd ref="6987214067"/>
  <tag k="barrier" v="fence"/>
 </way>
 <way id="746645923" visible="true" version="4" changeset="162098301" timestamp="2025-02-03T18:43:49Z" user="user_22371837" uid="22371837">
  <nd ref="6987225884"/>
  <nd ref="6987248800"/>
  <nd ref="6987248799"/>
  <nd ref="6987248798"/>
  <nd ref="6987248797"/>
  <nd ref="6987248796"/>
  <nd ref="6987248795"/>
  <nd ref="6987248794"/>
  <nd ref="6987248793"/>
  <nd ref="6987248792"/>
  <nd ref="6987248791"/>
  <nd ref="6987248790"/>
  <nd ref="6987248789"/>
  <nd ref="6987248788"/>
  <nd ref="6987248787"/>
  <nd ref="6987248786"/>
  <nd ref="6987248785"/>
  <nd ref="6987225884"/>
  <tag k="leisure" v="sports_centre"/>
  <tag k="name" v="North Wilkesboro Speedway"/>
  <tag k="sport" v="motor"/>
  <tag k="website" v="https://www.northwilkesborospeedway.com/"/>
  <tag k="wikidata" v="Q2445287"/>
  <tag k="wikipedia" v="en:North Wilkesboro Speedway"/>
 </way>
 <way id="754509519" visible="true" version="1" changeset="78247406" timestamp="2019-12-11T08:16:38Z" user="kotaprad" uid="10145714">
  <nd ref="7048717599"/>
  <nd ref="7048717600"/>
  <nd ref="7048717601"/>
  <nd ref="7048717602"/>
  <nd ref="7048717603"/>
  <nd ref="7048717604"/>
  <nd ref="7048717605"/>
  <nd ref="7048717606"/>
  <nd ref="7048717607"/>
  <nd ref="7048717608"/>
  <nd ref="7048717609"/>
  <nd ref="7048717610"/>
  <nd ref="7048717611"/>
  <nd ref="7048717612"/>
  <nd ref="7048717613"/>
  <nd ref="7048717614"/>
  <nd ref="195852989"/>
  <tag k="highway" v="service"/>
 </way>
 <way id="908816033" visible="true" version="1" changeset="99603185" timestamp="2021-02-19T15:11:55Z" user="kollipay" uid="10480282">
  <nd ref="2313815869"/>
  <nd ref="8438494156"/>
  <nd ref="8438494157"/>
  <nd ref="8438494158"/>
  <nd ref="8438494159"/>
  <nd ref="8438494176"/>
  <nd ref="8438494160"/>
  <nd ref="8438494161"/>
  <nd ref="8438494162"/>
  <nd ref="8438494163"/>
  <nd ref="8438494164"/>
  <nd ref="8438494165"/>
  <nd ref="8438494166"/>
  <nd ref="8438494167"/>
  <nd ref="8438494168"/>
  <nd ref="8438494169"/>
  <tag k="highway" v="service"/>
 </way>
 <way id="909991835" visible="true" version="1" changeset="99825718" timestamp="2021-02-23T12:21:46Z" user="praghath" uid="10358411">
  <nd ref="8449280994"/>
  <nd ref="8449280995"/>
  <nd ref="8449280996"/>
  <nd ref="8449280997"/>
  <nd ref="8449280998"/>
  <tag k="highway" v="service"/>
 </way>
 <way id="962565773" visible="true" version="1" changeset="107625415" timestamp="2021-07-08T10:21:29Z" user="bnilima" uid="10192122">
  <nd ref="195852984"/>
  <nd ref="8904003046"/>
  <nd ref="8904003047"/>
  <nd ref="8904003048"/>
  <nd ref="8904003049"/>
  <nd ref="8904003050"/>
  <nd ref="8904003051"/>
  <nd ref="8904003052"/>
  <nd ref="8904003053"/>
  <nd ref="8904003054"/>
  <nd ref="8904003055"/>
  <nd ref="8904003056"/>
  <nd ref="8904003057"/>
  <nd ref="8904003058"/>
  <nd ref="8904003059"/>
  <nd ref="8904003060"/>
  <nd ref="8904003061"/>
  <nd ref="195852982"/>
  <tag k="access" v="private"/>
  <tag k="highway" v="service"/>
 </way>
 <way id="1109756039" visible="true" version="1" changeset="128409741" timestamp="2022-11-02T20:37:45Z" user="Yoshinion" uid="3151684">
  <nd ref="10152455948"/>
  <nd ref="6987213882"/>
  <nd ref="6987213883"/>
  <nd ref="6987213884"/>
  <tag k="barrier" v="wall"/>
 </way>
 <way id="1109756040" visible="true" version="1" changeset="128409741" timestamp="2022-11-02T20:37:45Z" user="Yoshinion" uid="3151684">
  <nd ref="6987213870"/>
  <nd ref="10152455943"/>
  <nd ref="6987213871"/>
  <nd ref="10152455942"/>
  <nd ref="6987213872"/>
  <nd ref="10152455941"/>
  <nd ref="6987213873"/>
  <nd ref="10152455940"/>
  <nd ref="10152455955"/>
  <nd ref="6987213874"/>
  <nd ref="10152455944"/>
  <nd ref="10152455954"/>
  <nd ref="6987213875"/>
  <nd ref="10152455953"/>
  <nd ref="10152455945"/>
  <nd ref="10152455952"/>
  <nd ref="6987213876"/>
  <nd ref="10152455951"/>
  <nd ref="6987213877"/>
  <nd ref="10152455946"/>
  <tag k="barrier" v="wall"/>
 </way>
 <way id="1109756041" visible="true" version="1" changeset="128409741" timestamp="2022-11-02T20:37:45Z" user="Yoshinion" uid="3151684">
  <nd ref="10152455956"/>
  <nd ref="10152455957"/>
  <tag k="barrier" v="fence"/>
 </way>
 <way id="1109756042" visible="true" version="1" changeset="128409741" timestamp="2022-11-02T20:37:45Z" user="Yoshinion" uid="3151684">
  <nd ref="10152455958"/>
  <nd ref="10152455959"/>
  <nd ref="10152455960"/>
  <nd ref="10152455961"/>
  <nd ref="10152455958"/>
  <tag k="building" v="yes"/>
 </way>
 <way id="1516354278" visible="true" version="1" changeset="182836368" timestamp="2026-05-18T14:45:33Z" user="CavsFan45" uid="23985500">
  <nd ref="13845355282"/>
  <nd ref="13845355283"/>
  <nd ref="13845355284"/>
  <nd ref="13845355285"/>
  <nd ref="13845355286"/>
  <nd ref="13845355287"/>
  <nd ref="13845355288"/>
  <nd ref="13845355289"/>
  <nd ref="13845355290"/>
  <nd ref="13845355291"/>
  <nd ref="13845355292"/>
  <nd ref="13845355293"/>
  <nd ref="13845355294"/>
  <nd ref="13845355295"/>
  <nd ref="13845355296"/>
  <nd ref="13845355297"/>
  <nd ref="13845355298"/>
  <nd ref="13845355299"/>
  <nd ref="13845355300"/>
  <nd ref="13845371801"/>
  <nd ref="13845371802"/>
  <nd ref="13845371803"/>
  <nd ref="13845371804"/>
  <nd ref="13845371805"/>
  <nd ref="13845371806"/>
  <nd ref="13845371807"/>
  <nd ref="13845371808"/>
  <nd ref="13845371809"/>
  <nd ref="13845371810"/>
  <nd ref="13845355282"/>
  <tag k="building" v="grandstand"/>
  <tag k="name" v="Benny Parsons Grandstand"/>
 </way>
 <way id="1516356429" visible="true" version="1" changeset="182836771" timestamp="2026-05-18T14:52:55Z" user="CavsFan45" uid="23985500">
  <nd ref="5101655302"/>
  <nd ref="13845376243"/>
  <tag k="highway" v="service"/>
  <tag k="motor_vehicle" v="no"/>
  <tag k="oneway" v="no"/>
  <tag k="surface" v="paved"/>
 </way>
 <way id="1516356430" visible="true" version="2" changeset="182837054" timestamp="2026-05-18T14:58:31Z" user="CavsFan45" uid="23985500">
  <nd ref="13845376244"/>
  <nd ref="13845376245"/>
  <nd ref="13845376246"/>
  <nd ref="13845412778"/>
  <nd ref="13845412779"/>
  <nd ref="13845376247"/>
  <nd ref="13845376248"/>
  <nd ref="13845412777"/>
  <nd ref="13845376262"/>
  <nd ref="13845376244"/>
  <tag k="amenity" v="parking"/>
  <tag k="fee" v="no"/>
  <tag k="parking" v="surface"/>
  <tag k="surface" v="grass"/>
 </way>
 <way id="1516356432" visible="true" version="3" changeset="182837054" timestamp="2026-05-18T14:58:31Z" user="CavsFan45" uid="23985500">
  <nd ref="13845376261"/>
  <nd ref="13845412777"/>
  <nd ref="13845376262"/>
  <nd ref="13845366842"/>
  <nd ref="13845366843"/>
  <nd ref="13845366840"/>
  <nd ref="13845366841"/>
  <nd ref="13845366844"/>
  <nd ref="13845376258"/>
  <nd ref="13845376263"/>
  <nd ref="13845376243"/>
  <tag k="highway" v="service"/>
  <tag k="oneway" v="no"/>
  <tag k="service" v="parking_aisle"/>
  <tag k="surface" v="grass"/>
 </way>
 <way id="1516365554" visible="true" version="1" changeset="182837117" timestamp="2026-05-18T14:59:48Z" user="CavsFan45" uid="23985500">
  <nd ref="5101655302"/>
  <nd ref="13845422013"/>
  <tag k="highway" v="service"/>
  <tag k="motor_vehicle" v="no"/>
  <tag k="oneway" v="no"/>
  <tag k="service" v="emergency_access"/>
 </way>
 <relation id="317891" visible="true" version="375" changeset="189325516" timestamp="2026-09-21T03:39:29Z" user="rivermont" uid="4085780">
  <member type="way" ref="294420628" role=""/>
  <member type="way" ref="785190373" role=""/>
  <member type="way" ref="294420631" role=""/>
  <member type="way" ref="704561797" role=""/>
  <member type="way" ref="1180873077" role=""/>
  <member type="way" ref="16686093" role=""/>
  <member type="way" ref="16685979" role=""/>
  <member type="way" ref="704561796" role=""/>
  <member type="way" ref="812683933" role=""/>
  <member type="way" ref="16693767" role=""/>
  <member type="way" ref="1180852122" role=""/>
  <member type="way" ref="704561795" role=""/>
  <member type="way" ref="116786627" role=""/>
  <member type="way" ref="139041660" role=""/>
  <member type="way" ref="294420754" role=""/>
  <member type="way" ref="48893597" role=""/>
  <member type="way" ref="1482776824" role=""/>
  <member type="way" ref="16688763" role="forward"/>
  <member type="way" ref="294420747" role="forward"/>
  <member type="way" ref="633128830" role="forward"/>
  <member type="way" ref="29051996" role="forward"/>
  <member type="way" ref="48893600" role="forward"/>
  <member type="way" ref="16689448" role="forward"/>
  <member type="way" ref="704565100" role="forward"/>
  <member type="way" ref="704570599" role="forward"/>
  <member type="way" ref="1452349856" role="forward"/>
  <member type="way" ref="1452349858" role="forward"/>
  <member type="way" ref="892653805" role="forward"/>
  <member type="way" ref="892653796" role="forward"/>
  <member type="way" ref="16689414" role="forward"/>
  <member type="way" ref="973570109" role="forward"/>
  <member type="way" ref="822427184" role="forward"/>
  <member type="way" ref="248542464" role="forward"/>
  <member type="way" ref="294420750" role="forward"/>
  <member type="way" ref="1088975749" role="forward"/>
  <member type="way" ref="704562892" role="forward"/>
  <member type="way" ref="16688759" role="forward"/>
  <member type="way" ref="48893601" role="forward"/>
  <member type="way" ref="29051993" role="forward"/>
  <member type="way" ref="704565101" role="forward"/>
  <member type="way" ref="704570323" role="forward"/>
  <member type="way" ref="48893615" role="forward"/>
  <member type="way" ref="16683603" role="forward"/>
  <member type="way" ref="892666542" role="forward"/>
  <member type="way" ref="1180528130" role="forward"/>
  <member type="way" ref="48893603" role="forward"/>
  <member type="way" ref="248542465" role="forward"/>
  <member type="way" ref="1172959647" role=""/>
  <member type="way" ref="1172959651" role="forward"/>
  <member type="way" ref="1172959652" role="forward"/>
  <member type="way" ref="1172959653" role="forward"/>
  <member type="way" ref="1172959654" role="forward"/>
  <member type="way" ref="1172959646" role="forward"/>
  <member type="way" ref="311443604" role="forward"/>
  <member type="way" ref="1172959649" role="forward"/>
  <member type="way" ref="1172959648" role="forward"/>
  <member type="way" ref="311443610" role=""/>
  <member type="way" ref="892555067" role=""/>
  <member type="way" ref="1077539164" role="forward"/>
  <member type="way" ref="655261226" role="forward"/>
  <member type="way" ref="1077539160" role="forward"/>
  <member type="way" ref="1077539161" role="forward"/>
  <member type="way" ref="892714379" role=""/>
  <member type="way" ref="739852519" role=""/>
  <member type="way" ref="1307942758" role=""/>
  <member type="way" ref="1554717123" role=""/>
  <member type="way" ref="1554717120" role=""/>
  <member type="way" ref="1554717122" role=""/>
  <member type="way" ref="1545516033" role=""/>
  <member type="way" ref="1545516034" role=""/>
  <member type="way" ref="1545516032" role=""/>
  <member type="way" ref="1458740687" role=""/>
  <member type="way" ref="693363935" role=""/>
  <member type="way" ref="311443681" role="forward"/>
  <member type="way" ref="16689438" role="backward"/>
  <member type="way" ref="693363936" role="backward"/>
  <member type="way" ref="16692585" role=""/>
  <member type="way" ref="1545516039" role=""/>
  <member type="way" ref="16698774" role="forward"/>
  <member type="way" ref="48894403" role="forward"/>
  <member type="way" ref="48894402" role="forward"/>
  <member type="way" ref="45663878" role="forward"/>
  <member type="way" ref="48894395" role="forward"/>
  <member type="way" ref="1159083262" role="forward"/>
  <member type="way" ref="1159083260" role="forward"/>
  <member type="way" ref="45666179" role="forward"/>
  <member type="way" ref="16423083" role="forward"/>
  <member type="way" ref="48894380" role="forward"/>
  <member type="way" ref="16690197" role="forward"/>
  <member type="way" ref="119994768" role="forward"/>
  <member type="way" ref="112117377" role="forward"/>
  <member type="way" ref="16687824" role="forward"/>
  <member type="way" ref="138147807" role="forward"/>
  <member type="way" ref="1159083261" role="forward"/>
  <member type="way" ref="1159083263" role="forward"/>
  <member type="way" ref="16692367" role="forward"/>
  <member type="way" ref="48894374" role="forward"/>
  <member type="way" ref="16413169" role="forward"/>
  <member type="way" ref="45664090" role="forward"/>
  <member type="way" ref="48894379" role="forward"/>
  <member type="way" ref="16423088" role="forward"/>
  <member type="way" ref="16690205" role="forward"/>
  <member type="way" ref="45666193" role=""/>
  <member type="way" ref="37552134" role=""/>
  <member type="way" ref="37552136" role=""/>
  <member type="way" ref="29051915" role=""/>
  <member type="way" ref="45666206" role=""/>
  <member type="way" ref="45666207" role=""/>
  <member type="way" ref="48890698" role="forward"/>
  <member type="way" ref="573331767" role="forward"/>
  <member type="way" ref="735220216" role="forward"/>
  <member type="way" ref="735220214" role="forward"/>
  <member type="way" ref="754121477" role="forward"/>
  <member type="way" ref="573331766" role="forward"/>
  <member type="way" ref="48890697" role="forward"/>
  <member type="way" ref="573331768" role=""/>
  <member type="way" ref="735220213" role=""/>
  <member type="way" ref="735220211" role=""/>
  <member type="way" ref="735220210" role=""/>
  <member type="way" ref="735220209" role=""/>
  <member type="way" ref="985991043" role="forward"/>
  <member type="way" ref="985991044" role="forward"/>
  <member type="way" ref="149750087" role="forward"/>
  <member type="way" ref="16715851" role="forward"/>
  <member type="way" ref="29051883" role="forward"/>
  <member type="way" ref="724333499" role="forward"/>
  <member type="way" ref="985991041" role="forward"/>
  <member type="way" ref="985991042" role="forward"/>
  <member type="way" ref="149750088" role="forward"/>
  <member type="way" ref="777896644" role="forward"/>
  <member type="way" ref="724333500" role="forward"/>
  <member type="way" ref="149750089" role="forward"/>
  <member type="way" ref="120116983" role=""/>
  <member type="way" ref="724333501" role=""/>
  <member type="way" ref="111686589" role=""/>
  <member type="way" ref="846438348" role=""/>
  <member type="way" ref="846438347" role=""/>
  <member type="way" ref="724333505" role=""/>
  <member type="way" ref="111686552" role=""/>
  <member type="way" ref="16759980" role=""/>
  <member type="way" ref="724333503" role=""/>
  <member type="way" ref="16762544" role=""/>
  <member type="way" ref="724333506" role=""/>
  <member type="way" ref="16529848" role=""/>
  <member type="way" ref="907572250" role=""/>
  <member type="way" ref="16762541" role=""/>
  <member type="way" ref="724333504" role=""/>
  <member type="way" ref="16757290" role=""/>
  <member type="way" ref="724333502" role=""/>
  <member type="way" ref="275252711" role=""/>
  <member type="way" ref="275252712" role=""/>
  <member type="way" ref="275252710" role=""/>
  <member type="way" ref="275252709" role=""/>
  <member type="way" ref="754066543" role=""/>
  <member type="way" ref="754066542" role=""/>
  <member type="way" ref="754066541" role=""/>
  <member type="way" ref="754066540" role="forward"/>
  <member type="way" ref="754066539" role="forward"/>
  <member type="way" ref="754066538" role="forward"/>
  <member type="way" ref="754066537" role="forward"/>
  <member type="way" ref="754066560" role="forward"/>
  <member type="way" ref="754066547" role="forward"/>
  <member type="way" ref="754066531" role="forward"/>
  <member type="way" ref="112165463" role="forward"/>
  <member type="way" ref="112165479" role="forward"/>
  <member type="way" ref="724336226" role="forward"/>
  <member type="way" ref="754066597" role="forward"/>
  <member type="way" ref="754066596" role="forward"/>
  <member type="way" ref="754066611" role="forward"/>
  <member type="way" ref="91198745" role="forward"/>
  <member type="way" ref="112165486" role="forward"/>
  <member type="way" ref="112165490" role="forward"/>
  <member type="way" ref="112165439" role="forward"/>
  <member type="way" ref="754066621" role="forward"/>
  <member type="way" ref="754066620" role="forward"/>
  <member type="way" ref="754066622" role="forward"/>
  <member type="way" ref="754066623" role="forward"/>
  <member type="way" ref="16759465" role="forward"/>
  <member type="way" ref="304682149" role="forward"/>
  <member type="way" ref="754066549" role="forward"/>
  <member type="way" ref="754066533" role="forward"/>
  <member type="way" ref="754066550" role="forward"/>
  <member type="way" ref="112165449" role="forward"/>
  <member type="way" ref="754066579" role="forward"/>
  <member type="way" ref="754066580" role="forward"/>
  <member type="way" ref="754066581" role="forward"/>
  <member type="way" ref="754066582" role="forward"/>
  <member type="way" ref="112165494" role="forward"/>
  <member type="way" ref="754066598" role="forward"/>
  <member type="way" ref="754066599" role="forward"/>
  <member type="way" ref="754066600" role="forward"/>
  <member type="way" ref="754066601" role="forward"/>
  <member type="way" ref="112165464" role="forward"/>
  <member type="way" ref="754066618" role="forward"/>
  <member type="way" ref="754066619" role="forward"/>
  <member type="way" ref="112165495" role="forward"/>
  <member type="way" ref="112165461" role="forward"/>
  <member type="way" ref="51255590" role="forward"/>
  <member type="way" ref="754066624" role="forward"/>
  <member type="way" ref="304682152" role="forward"/>
  <member type="way" ref="304682151" role="forward"/>
  <member type="way" ref="304682150" role=""/>
  <member type="way" ref="16759452" role=""/>
  <member type="way" ref="1253282503" role=""/>
  <member type="way" ref="120116982" role=""/>
  <member type="way" ref="846524130" role=""/>
  <member type="way" ref="422835527" role=""/>
  <member type="way" ref="422835528" role=""/>
  <member type="way" ref="422835530" role=""/>
  <member type="way" ref="422835531" role=""/>
  <member type="way" ref="422835529" role=""/>
  <member type="way" ref="846524131" role=""/>
  <member type="way" ref="422835526" role=""/>
  <member type="way" ref="16759472" role=""/>
  <member type="way" ref="16759464" role=""/>
  <member type="way" ref="1518045217" role=""/>
  <member type="way" ref="486504790" role=""/>
  <member type="way" ref="486504789" role=""/>
  <member type="way" ref="16757511" role=""/>
  <member type="way" ref="724315811" role=""/>
  <member type="way" ref="735172290" role=""/>
  <member type="way" ref="735172289" role=""/>
  <member type="way" ref="688761505" role=""/>
  <member type="way" ref="688761507" role=""/>
  <member type="way" ref="688761500" role=""/>
  <member type="way" ref="688761503" role=""/>
  <member type="way" ref="16761223" role=""/>
  <member type="way" ref="724315812" role=""/>
  <member type="way" ref="688757406" role=""/>
  <member type="way" ref="688757407" role=""/>
  <member type="way" ref="688757410" role=""/>
  <member type="way" ref="111981637" role=""/>
  <member type="way" ref="688757411" role=""/>
  <member type="way" ref="688763419" role=""/>
  <member type="way" ref="688763420" role=""/>
  <member type="way" ref="688763422" role=""/>
  <member type="way" ref="688763418" role=""/>
  <member type="way" ref="688763417" role=""/>
  <member type="way" ref="688763416" role=""/>
  <member type="way" ref="688763403" role=""/>
  <member type="way" ref="16761231" role=""/>
  <member type="way" ref="724315813" role=""/>
  <member type="way" ref="724315814" role=""/>
  <member type="way" ref="16761226" role=""/>
  <member type="way" ref="478965711" role=""/>
  <member type="way" ref="754043310" role=""/>
  <member type="way" ref="120116976" role=""/>
  <member type="way" ref="173746165" role=""/>
  <member type="way" ref="693645160" role="forward"/>
  <member type="way" ref="754043313" role="forward"/>
  <member type="way" ref="16586881" role="forward"/>
  <member type="way" ref="16588494" role="forward"/>
  <member type="way" ref="954732711" role="forward"/>
  <member type="way" ref="120116981" role="forward"/>
  <member type="way" ref="754043312" role="forward"/>
  <member type="way" ref="111782055" role="forward"/>
  <member type="way" ref="954732712" role="forward"/>
  <member type="way" ref="1309514696" role="forward"/>
  <member type="way" ref="954732708" role=""/>
  <member type="way" ref="954732710" role="forward"/>
  <member type="way" ref="954732707" role="forward"/>
  <member type="way" ref="138147810" role=""/>
  <member type="way" ref="16584634" role=""/>
  <member type="way" ref="16584649" role="forward"/>
  <member type="way" ref="423476413" role="forward"/>
  <member type="way" ref="16580025" role="forward"/>
  <member type="way" ref="429782383" role="forward"/>
  <member type="way" ref="429782382" role="forward"/>
  <member type="way" ref="16587623" role="forward"/>
  <member type="way" ref="705230452" role="forward"/>
  <member type="way" ref="16583737" role="forward"/>
  <member type="way" ref="1436393295" role="forward"/>
  <member type="way" ref="1436393296" role="forward"/>
  <member type="way" ref="1436393294" role="forward"/>
  <member type="way" ref="1436170017" role="forward"/>
  <member type="way" ref="1436170016" role="forward"/>
  <member type="way" ref="51255594" role="forward"/>
  <member type="way" ref="423476411" role="forward"/>
  <member type="way" ref="16580030" role="forward"/>
  <member type="way" ref="429782384" role="forward"/>
  <member type="way" ref="429782381" role="forward"/>
  <member type="way" ref="705230637" role="forward"/>
  <member type="way" ref="713095512" role="forward"/>
  <member type="way" ref="16587620" role="forward"/>
  <member type="way" ref="16583719" role="forward"/>
  <member type="way" ref="1436150695" role=""/>
  <member type="way" ref="1436150696" role=""/>
  <member type="way" ref="51255595" role=""/>
  <member type="way" ref="1436350989" role=""/>
  <member type="way" ref="29051611" role=""/>
  <member type="way" ref="1436146516" role=""/>
  <member type="way" ref="29051609" role=""/>
  <member type="way" ref="802750952" role=""/>
  <member type="way" ref="802750951" role=""/>
  <member type="way" ref="802750963" role=""/>
  <member type="way" ref="713095511" role="forward"/>
  <member type="way" ref="802750962" role="forward"/>
  <member type="way" ref="802750964" role=""/>
  <member type="way" ref="255114696" role="forward"/>
  <member type="way" ref="802754775" role="forward"/>
  <member type="way" ref="713095513" role="forward"/>
  <member type="way" ref="713095514" role="forward"/>
  <member type="way" ref="802754774" role="forward"/>
  <member type="way" ref="16582949" role="forward"/>
  <member type="way" ref="255159787" role=""/>
  <member type="way" ref="255068944" role="forward"/>
  <member type="way" ref="693645182" role="forward"/>
  <member type="way" ref="693645180" role="forward"/>
  <member type="way" ref="803020089" role="forward"/>
  <member type="way" ref="175893509" role="forward"/>
  <member type="way" ref="693645184" role="forward"/>
  <member type="way" ref="1430468310" role=""/>
  <member type="way" ref="254993671" role=""/>
  <member type="way" ref="1430465554" role=""/>
  <member type="way" ref="1430465555" role=""/>
  <member type="way" ref="1430465553" role=""/>
  <member type="way" ref="1430145823" role=""/>
  <member type="way" ref="1430145822" role=""/>
  <member type="way" ref="1430145816" role=""/>
  <member type="way" ref="1430184989" role="forward"/>
  <member type="way" ref="1430184990" role="forward"/>
  <member type="way" ref="51255521" role="forward"/>
  <member type="way" ref="287652959" role="forward"/>
  <member type="way" ref="803020093" role="forward"/>
  <member type="way" ref="51255522" role="forward"/>
  <member type="way" ref="1430205935" role="forward"/>
  <member type="way" ref="1430205934" role="forward"/>
  <member type="way" ref="803020092" role="forward"/>
  <member type="way" ref="16587518" role="forward"/>
  <member type="way" ref="287652960" role="forward"/>
  <member type="way" ref="16587508" role="forward"/>
  <member type="way" ref="803020094" role="forward"/>
  <member type="way" ref="16595740" role="forward"/>
  <member type="way" ref="803020090" role="forward"/>
  <member type="way" ref="803020091" role="forward"/>
  <member type="way" ref="1503871124" role="forward"/>
  <member type="way" ref="16594398" role=""/>
  <member type="way" ref="1202869330" role=""/>
  <member type="way" ref="713060915" role=""/>
  <member type="way" ref="803073222" role=""/>
  <member type="way" ref="803073221" role=""/>
  <member type="way" ref="120117009" role=""/>
  <member type="way" ref="16586904" role=""/>
  <member type="way" ref="759292298" role=""/>
  <member type="way" ref="759292297" role=""/>
  <member type="way" ref="759292301" role=""/>
  <member type="way" ref="759292302" role=""/>
  <member type="way" ref="114207241" role=""/>
  <member type="way" ref="1549588310" role=""/>
  <member type="way" ref="1549588311" role=""/>
  <member type="way" ref="1549588309" role=""/>
  <member type="way" ref="254995152" role="forward"/>
  <member type="way" ref="329275876" role="forward"/>
  <member type="way" ref="329275879" role="forward"/>
  <member type="way" ref="127983455" role="forward"/>
  <member type="way" ref="132676166" role="forward"/>
  <member type="way" ref="329275859" role="forward"/>
  <member type="way" ref="329275801" role="forward"/>
  <member type="way" ref="174791463" role="forward"/>
  <member type="way" ref="329275817" role="forward"/>
  <member type="way" ref="174791465" role="forward"/>
  <member type="way" ref="329275802" role="forward"/>
  <member type="way" ref="174791466" role="forward"/>
  <member type="way" ref="329275837" role="forward"/>
  <member type="way" ref="34711850" role="forward"/>
  <member type="way" ref="1545336708" role="forward"/>
  <member type="way" ref="1545336707" role="forward"/>
  <member type="way" ref="329275796" role="forward"/>
  <member type="way" ref="34710245" role="forward"/>
  <member type="way" ref="127985932" role="forward"/>
  <member type="way" ref="60219117" role="forward"/>
  <member type="way" ref="111460493" role="forward"/>
  <member type="way" ref="1343715259" role="forward"/>
  <member type="way" ref="132676908" role="forward"/>
  <member type="way" ref="1343715258" role="forward"/>
  <member type="way" ref="329275807" role="forward"/>
  <member type="way" ref="329275793" role="forward"/>
  <member type="way" ref="329275805" role="forward"/>
  <member type="way" ref="1526272370" role="forward"/>
  <member type="way" ref="329275858" role="forward"/>
  <member type="way" ref="174791301" role="forward"/>
  <member type="way" ref="41762149" role="forward"/>
  <member type="way" ref="612433075" role="forward"/>
  <member type="way" ref="16463433" role="forward"/>
  <member type="way" ref="44064388" role="forward"/>
  <member type="way" ref="44064377" role="forward"/>
  <member type="way" ref="325011584" role="forward"/>
  <member type="way" ref="325011586" role="forward"/>
  <member type="way" ref="16472880" role="forward"/>
  <member type="way" ref="133051344" role="forward"/>
  <member type="way" ref="133051348" role="forward"/>
  <member type="way" ref="133051341" role="forward"/>
  <member type="way" ref="133051346" role="forward"/>
  <member type="way" ref="1216604847" role="forward"/>
  <member type="way" ref="44034027" role="forward"/>
  <member type="way" ref="1348649840" role="forward"/>
  <member type="way" ref="44034025" role="forward"/>
  <member type="way" ref="16472887" role="forward"/>
  <member type="way" ref="44034033" role="forward"/>
  <member type="way" ref="44034034" role="forward"/>
  <member type="way" ref="1530754703" role="forward"/>
  <member type="way" ref="1546909853" role="forward"/>
  <member type="way" ref="1546909854" role="forward"/>
  <member type="way" ref="138147830" role="forward"/>
  <member type="way" ref="496380085" role="forward"/>
  <member type="way" ref="1529521143" role="forward"/>
  <member type="way" ref="44033832" role="forward"/>
  <member type="way" ref="44033833" role="forward"/>
  <member type="way" ref="44033836" role="forward"/>
  <member type="way" ref="1525399068" role="forward"/>
  <member type="way" ref="44033835" role="forward"/>
  <member type="way" ref="1525399067" role="forward"/>
  <member type="way" ref="1457007846" role="forward"/>
  <member type="way" ref="1535745744" role="forward"/>
  <member type="way" ref="44033841" role="forward"/>
  <member type="way" ref="1457007844" role="forward"/>
  <member type="way" ref="323674437" role="forward"/>
  <member type="way" ref="44033854" role="forward"/>
  <member type="way" ref="44033855" role="forward"/>
  <member type="way" ref="1509770232" role="forward"/>
  <member type="way" ref="1509770231" role="forward"/>
  <member type="way" ref="1523874835" role="forward"/>
  <member type="way" ref="44033851" role="forward"/>
  <member type="way" ref="1174227890" role="forward"/>
  <member type="way" ref="1174227891" role="forward"/>
  <member type="way" ref="48947045" role="forward"/>
  <member type="way" ref="432407003" role="forward"/>
  <member type="way" ref="432407006" role="forward"/>
  <member type="way" ref="1177782598" role="forward"/>
  <member type="way" ref="1177782597" role="forward"/>
  <member type="way" ref="1174254549" role="forward"/>
  <member type="way" ref="323674433" role="forward"/>
  <member type="way" ref="1174254550" role="forward"/>
  <member type="way" ref="323675936" role="forward"/>
  <member type="way" ref="1173985118" role="forward"/>
  <member type="way" ref="16574079" role="forward"/>
  <member type="way" ref="561952373" role="forward"/>
  <member type="way" ref="120108341" role="forward"/>
  <member type="way" ref="40988127" role="forward"/>
  <member type="way" ref="40988128" role="forward"/>
  <member type="way" ref="48946541" role="forward"/>
  <member type="way" ref="48946547" role="forward"/>
  <member type="way" ref="48946542" role="forward"/>
  <member type="way" ref="1548974471" role="forward"/>
  <member type="way" ref="48946551" role="forward"/>
  <member type="way" ref="40988122" role="forward"/>
  <member type="way" ref="1177836317" role="forward"/>
  <member type="way" ref="40988109" role="forward"/>
  <member type="way" ref="1549001070" role="forward"/>
  <member type="way" ref="1517881619" role="forward"/>
  <member type="way" ref="1551439395" role="forward"/>
  <member type="way" ref="617120973" role="forward"/>
  <member type="way" ref="1549253634" role="forward"/>
  <member type="way" ref="40988021" role="forward"/>
  <member type="way" ref="40988017" role="forward"/>
  <member type="way" ref="40987969" role="forward"/>
  <member type="way" ref="41077828" role="forward"/>
  <member type="way" ref="41077829" role="forward"/>
  <member type="way" ref="49897809" role="forward"/>
  <member type="way" ref="1553937543" role="forward"/>
  <member type="way" ref="755674222" role="forward"/>
  <member type="way" ref="755674223" role="forward"/>
  <member type="way" ref="755674224" role="forward"/>
  <member type="way" ref="49551406" role="forward"/>
  <member type="way" ref="49551405" role="forward"/>
  <member type="way" ref="49551399" role="forward"/>
  <member type="way" ref="756137843" role="forward"/>
  <member type="way" ref="756137842" role="forward"/>
  <member type="way" ref="49551400" role="forward"/>
  <member type="way" ref="756137841" role="forward"/>
  <member type="way" ref="756137840" role="forward"/>
  <member type="way" ref="66661179" role="forward"/>
  <member type="way" ref="66661176" role="forward"/>
  <member type="way" ref="1065437935" role="forward"/>
  <member type="way" ref="1065437934" role="forward"/>
  <member type="way" ref="28514946" role="forward"/>
  <member type="way" ref="28515118" role="forward"/>
  <member type="way" ref="1560928743" role="forward"/>
  <member type="way" ref="28515138" role="forward"/>
  <member type="way" ref="156569918" role="forward"/>
  <member type="way" ref="1065190082" role="forward"/>
  <member type="way" ref="1065190081" role="forward"/>
  <member type="way" ref="1497591468" role="forward"/>
  <member type="way" ref="35423130" role="forward"/>
  <member type="way" ref="43280682" role="forward"/>
  <member type="way" ref="1560937649" role="forward"/>
  <member type="way" ref="56114300" role="forward"/>
  <member type="way" ref="1173909670" role="forward"/>
  <member type="way" ref="120108283" role="forward"/>
  <member type="way" ref="1160604611" role="forward"/>
  <member type="way" ref="1160604610" role="forward"/>
  <member type="way" ref="43234106" role="forward"/>
  <member type="way" ref="43234097" role="forward"/>
  <member type="way" ref="43234081" role="forward"/>
  <member type="way" ref="691537237" role="forward"/>
  <member type="way" ref="43234082" role="forward"/>
  <member type="way" ref="691537238" role="forward"/>
  <member type="way" ref="691537240" role="forward"/>
  <member type="way" ref="120108286" role="forward"/>
  <member type="way" ref="758443221" role="forward"/>
  <member type="way" ref="16550781" role="forward"/>
  <member type="way" ref="857291897" role="forward"/>
  <member type="way" ref="174744421" role="forward"/>
  <member type="way" ref="497164496" role="forward"/>
  <member type="way" ref="758443205" role="forward"/>
  <member type="way" ref="613594810" role="forward"/>
  <member type="way" ref="1174263680" role="forward"/>
  <member type="way" ref="1174263679" role="forward"/>
  <member type="way" ref="768389808" role="forward"/>
  <member type="way" ref="768389809" role="forward"/>
  <member type="way" ref="613594800" role="forward"/>
  <member type="way" ref="759774407" role="forward"/>
  <member type="way" ref="613594801" role="forward"/>
  <member type="way" ref="613594803" role="forward"/>
  <member type="way" ref="613594802" role="forward"/>
  <member type="way" ref="613594786" role="forward"/>
  <member type="way" ref="613594785" role="forward"/>
  <member type="way" ref="613594809" role="forward"/>
  <member type="way" ref="768389894" role="forward"/>
  <member type="way" ref="768389895" role="forward"/>
  <member type="way" ref="768389893" role="forward"/>
  <member type="way" ref="768389892" role="forward"/>
  <member type="way" ref="768389935" role="forward"/>
  <member type="way" ref="168523187" role="forward"/>
  <member type="way" ref="168523186" role="forward"/>
  <member type="way" ref="168523189" role="forward"/>
  <member type="way" ref="168523188" role="forward"/>
  <member type="way" ref="168523183" role="forward"/>
  <member type="way" ref="168523185" role="forward"/>
  <member type="way" ref="51538428" role="forward"/>
  <member type="way" ref="766559578" role="forward"/>
  <member type="way" ref="766559613" role="forward"/>
  <member type="way" ref="159829958" role="forward"/>
  <member type="way" ref="159829959" role="forward"/>
  <member type="way" ref="384392241" role="forward"/>
  <member type="way" ref="766559614" role="forward"/>
  <member type="way" ref="384392242" role="forward"/>
  <member type="way" ref="766559623" role="forward"/>
  <member type="way" ref="468562976" role="forward"/>
  <member type="way" ref="766559664" role="forward"/>
  <member type="way" ref="766559665" role="forward"/>
  <member type="way" ref="766559681" role="forward"/>
  <member type="way" ref="49967223" role="forward"/>
  <member type="way" ref="766559680" role="forward"/>
  <member type="way" ref="49967222" role="forward"/>
  <member type="way" ref="766330869" role="forward"/>
  <member type="way" ref="159829648" role="forward"/>
  <member type="way" ref="766330887" role="forward"/>
  <member type="way" ref="1049534438" role="forward"/>
  <member type="way" ref="168524054" role="forward"/>
  <member type="way" ref="766330948" role="forward"/>
  <member type="way" ref="174744417" role="forward"/>
  <member type="way" ref="174744419" role="forward"/>
  <member type="way" ref="766331015" role="forward"/>
  <member type="way" ref="766331016" role="forward"/>
  <member type="way" ref="90752548" role="forward"/>
  <member type="way" ref="159829645" role="forward"/>
  <member type="way" ref="765464660" role="forward"/>
  <member type="way" ref="765464659" role="forward"/>
  <member type="way" ref="159829643" role="forward"/>
  <member type="way" ref="122733882" role="forward"/>
  <member type="way" ref="765464700" role="forward"/>
  <member type="way" ref="765464701" role="forward"/>
  <member type="way" ref="122733905" role="forward"/>
  <member type="way" ref="122733878" role="forward"/>
  <member type="way" ref="765464732" role="forward"/>
  <member type="way" ref="122733901" role="forward"/>
  <member type="way" ref="765464739" role="forward"/>
  <member type="way" ref="765464775" role="forward"/>
  <member type="way" ref="51538423" role="forward"/>
  <member type="way" ref="443272516" role="forward"/>
  <member type="way" ref="765464800" role="forward"/>
  <member type="way" ref="468562977" role="forward"/>
  <member type="way" ref="1050932692" role="forward"/>
  <member type="way" ref="1050932693" role="forward"/>
  <member type="way" ref="468562982" role="forward"/>
  <member type="way" ref="1049884633" role="forward"/>
  <member type="way" ref="120108279" role="forward"/>
  <member type="way" ref="1509025576" role="forward"/>
  <member type="way" ref="765464851" role="forward"/>
  <member type="way" ref="443272515" role="forward"/>
  <member type="way" ref="1214655098" role="forward"/>
  <member type="way" ref="1214655097" role="forward"/>
  <member type="way" ref="16562582" role="forward"/>
  <member type="way" ref="765464931" role="forward"/>
  <member type="way" ref="765464932" role="forward"/>
  <member type="way" ref="765464926" role="forward"/>
  <member type="way" ref="765464925" role="forward"/>
  <member type="way" ref="120108338" role="forward"/>
  <member type="way" ref="1173601895" role="forward"/>
  <member type="way" ref="489108231" role="forward"/>
  <member type="way" ref="1237280808" role="forward"/>
  <member type="way" ref="489108230" role="forward"/>
  <member type="way" ref="1237280809" role="forward"/>
  <member type="way" ref="1177871739" role="forward"/>
  <member type="way" ref="1177871740" role="forward"/>
  <member type="way" ref="1200002773" role="forward"/>
  <member type="way" ref="1200023755" role="forward"/>
  <member type="way" ref="1200023756" role="forward"/>
  <member type="way" ref="1200002772" role="forward"/>
  <member type="way" ref="1542827986" role="forward"/>
  <member type="way" ref="1542827987" role="forward"/>
  <member type="way" ref="1543148071" role="forward"/>
  <member type="way" ref="1543148072" role="forward"/>
  <member type="way" ref="34841593" role="forward"/>
  <member type="way" ref="410125077" role="forward"/>
  <member type="way" ref="1542873048" role="forward"/>
  <member type="way" ref="1542873047" role="forward"/>
  <member type="way" ref="410125092" role="forward"/>
  <member type="way" ref="1543140411" role="forward"/>
  <member type="way" ref="1543140410" role="forward"/>
  <member type="way" ref="52824400" role="forward"/>
  <member type="way" ref="52824396" role="forward"/>
  <member type="way" ref="1542814535" role="forward"/>
  <member type="way" ref="1542814534" role="forward"/>
  <member type="way" ref="174758479" role="forward"/>
  <member type="way" ref="174758487" role="forward"/>
  <member type="way" ref="1527703515" role="forward"/>
  <member type="way" ref="1527703514" role="forward"/>
  <member type="way" ref="1527697513" role="forward"/>
  <member type="way" ref="961234388" role="forward"/>
  <member type="way" ref="173132166" role="forward"/>
  <member type="way" ref="961234387" role="forward"/>
  <member type="way" ref="34837783" role="forward"/>
  <member type="way" ref="1177859463" role="forward"/>
  <member type="way" ref="961234399" role="forward"/>
  <member type="way" ref="961234395" role="forward"/>
  <member type="way" ref="485370698" role="forward"/>
  <member type="way" ref="485370699" role="forward"/>
  <member type="way" ref="1177862197" role="forward"/>
  <member type="way" ref="1177862196" role="forward"/>
  <member type="way" ref="173132164" role="forward"/>
  <member type="way" ref="1177846752" role="forward"/>
  <member type="way" ref="173132169" role="forward"/>
  <member type="way" ref="1177846751" role="forward"/>
  <member type="way" ref="174758476" role="forward"/>
  <member type="way" ref="174758490" role="forward"/>
  <member type="way" ref="1177893137" role="forward"/>
  <member type="way" ref="1177893136" role="forward"/>
  <member type="way" ref="1177884379" role="forward"/>
  <member type="way" ref="1177884378" role="forward"/>
  <member type="way" ref="1177879577" role="forward"/>
  <member type="way" ref="1177879576" role="forward"/>
  <member type="way" ref="188361415" role="forward"/>
  <member type="way" ref="188361418" role="forward"/>
  <member type="way" ref="34836871" role="forward"/>
  <member type="way" ref="751726400" role="forward"/>
  <member type="way" ref="174758475" role="forward"/>
  <member type="way" ref="174758485" role="forward"/>
  <member type="way" ref="174758478" role="forward"/>
  <member type="way" ref="174758489" role="forward"/>
  <member type="way" ref="174758477" role="forward"/>
  <member type="way" ref="174758491" role="forward"/>
  <member type="way" ref="736657501" role="forward"/>
  <member type="way" ref="474076845" role="forward"/>
  <member type="way" ref="138147828" role="forward"/>
  <member type="way" ref="51498649" role="forward"/>
  <member type="way" ref="174758495" role="forward"/>
  <member type="way" ref="174758492" role="forward"/>
  <member type="way" ref="714576125" role="forward"/>
  <member type="way" ref="714576124" role="forward"/>
  <member type="way" ref="474076846" role="forward"/>
  <member type="way" ref="1473709776" role="forward"/>
  <member type="way" ref="1431893680" role="forward"/>
  <member type="way" ref="320879116" role="forward"/>
  <member type="way" ref="1289691995" role="forward"/>
  <member type="way" ref="329275878" role="forward"/>
  <member type="way" ref="329275880" role="forward"/>
  <member type="way" ref="329275877" role="forward"/>
  <member type="way" ref="255172774" role="forward"/>
  <member type="way" ref="254995150" role="forward"/>
  <member type="way" ref="200278884" role="forward"/>
  <member type="way" ref="132676167" role="forward"/>
  <member type="way" ref="329275860" role="forward"/>
  <member type="way" ref="329275808" role="forward"/>
  <member type="way" ref="174791467" role="forward"/>
  <member type="way" ref="174791462" role="forward"/>
  <member type="way" ref="329275821" role="forward"/>
  <member type="way" ref="34712041" role="forward"/>
  <member type="way" ref="329275849" role="forward"/>
  <member type="way" ref="329275795" role="forward"/>
  <member type="way" ref="1063919740" role="forward"/>
  <member type="way" ref="329275855" role="forward"/>
  <member type="way" ref="329275803" role="forward"/>
  <member type="way" ref="16645005" role="forward"/>
  <member type="way" ref="329275804" role="forward"/>
  <member type="way" ref="1078198250" role="forward"/>
  <member type="way" ref="329275799" role="forward"/>
  <member type="way" ref="127985933" role="forward"/>
  <member type="way" ref="329275840" role="forward"/>
  <member type="way" ref="329275798" role="forward"/>
  <member type="way" ref="34710247" role="forward"/>
  <member type="way" ref="60219120" role="forward"/>
  <member type="way" ref="1063999366" role="forward"/>
  <member type="way" ref="34710294" role="forward"/>
  <member type="way" ref="329275800" role="forward"/>
  <member type="way" ref="329275794" role="forward"/>
  <member type="way" ref="329275797" role="forward"/>
  <member type="way" ref="329275857" role="forward"/>
  <member type="way" ref="16645334" role="forward"/>
  <member type="way" ref="41762170" role="forward"/>
  <member type="way" ref="612433076" role="forward"/>
  <member type="way" ref="44064369" role="forward"/>
  <member type="way" ref="44064365" role="forward"/>
  <member type="way" ref="325011585" role="forward"/>
  <member type="way" ref="1080022757" role="forward"/>
  <member type="way" ref="1080022756" role="forward"/>
  <member type="way" ref="1080022755" role="forward"/>
  <member type="way" ref="1080022754" role="forward"/>
  <member type="way" ref="1080022753" role="forward"/>
  <member type="way" ref="1080022751" role="forward"/>
  <member type="way" ref="1080022750" role="forward"/>
  <member type="way" ref="325011587" role="forward"/>
  <member type="way" ref="41762212" role="forward"/>
  <member type="way" ref="133051349" role="forward"/>
  <member type="way" ref="133051342" role="forward"/>
  <member type="way" ref="133051347" role="forward"/>
  <member type="way" ref="133051343" role="forward"/>
  <member type="way" ref="1489670178" role="forward"/>
  <member type="way" ref="1489670181" role="forward"/>
  <member type="way" ref="1489670179" role="forward"/>
  <member type="way" ref="133051345" role="forward"/>
  <member type="way" ref="1534788588" role="forward"/>
  <member type="way" ref="1534788587" role="forward"/>
  <member type="way" ref="1534788586" role="forward"/>
  <member type="way" ref="1534976866" role="forward"/>
  <member type="way" ref="1216604848" role="forward"/>
  <member type="way" ref="44034028" role="forward"/>
  <member type="way" ref="1348649839" role="forward"/>
  <member type="way" ref="44034029" role="forward"/>
  <member type="way" ref="1178070965" role="forward"/>
  <member type="way" ref="1178070966" role="forward"/>
  <member type="way" ref="44034031" role="forward"/>
  <member type="way" ref="44034032" role="forward"/>
  <member type="way" ref="496380086" role="forward"/>
  <member type="way" ref="44033831" role="forward"/>
  <member type="way" ref="44033830" role="forward"/>
  <member type="way" ref="44033839" role="forward"/>
  <member type="way" ref="44033837" role="forward"/>
  <member type="way" ref="174791472" role="forward"/>
  <member type="way" ref="1457007845" role="forward"/>
  <member type="way" ref="323674429" role="forward"/>
  <member type="way" ref="1457007843" role="forward"/>
  <member type="way" ref="1525029092" role="forward"/>
  <member type="way" ref="44033853" role="forward"/>
  <member type="way" ref="44033845" role="forward"/>
  <member type="way" ref="44033852" role="forward"/>
  <member type="way" ref="1360221909" role="forward"/>
  <member type="way" ref="16731112" role="forward"/>
  <member type="way" ref="1530765262" role="forward"/>
  <member type="way" ref="1530765261" role="forward"/>
  <member type="way" ref="1065103010" role="forward"/>
  <member type="way" ref="432407008" role="forward"/>
  <member type="way" ref="432407007" role="forward"/>
  <member type="way" ref="323674442" role="forward"/>
  <member type="way" ref="1178033235" role="forward"/>
  <member type="way" ref="323675937" role="forward"/>
  <member type="way" ref="1063183146" role="forward"/>
  <member type="way" ref="1063989438" role="forward"/>
  <member type="way" ref="1063989440" role="forward"/>
  <member type="way" ref="48946548" role="forward"/>
  <member type="way" ref="1063989441" role="forward"/>
  <member type="way" ref="175522407" role="forward"/>
  <member type="way" ref="16573906" role="forward"/>
  <member type="way" ref="16575171" role="forward"/>
  <member type="way" ref="40988111" role="forward"/>
  <member type="way" ref="1548974472" role="forward"/>
  <member type="way" ref="40988110" role="forward"/>
  <member type="way" ref="1549001067" role="forward"/>
  <member type="way" ref="1549001068" role="forward"/>
  <member type="way" ref="1063167867" role="forward"/>
  <member type="way" ref="40988025" role="forward"/>
  <member type="way" ref="1549241395" role="forward"/>
  <member type="way" ref="1549001071" role="forward"/>
  <member type="way" ref="1063167868" role="forward"/>
  <member type="way" ref="691482973" role="forward"/>
  <member type="way" ref="691482972" role="forward"/>
  <member type="way" ref="40988024" role="forward"/>
  <member type="way" ref="48946582" role="forward"/>
  <member type="way" ref="49897764" role="forward"/>
  <member type="way" ref="691482971" role="forward"/>
  <member type="way" ref="41077836" role="forward"/>
  <member type="way" ref="41077843" role="forward"/>
  <member type="way" ref="41077827" role="forward"/>
  <member type="way" ref="41077826" role="forward"/>
  <member type="way" ref="691482969" role="forward"/>
  <member type="way" ref="120108296" role="forward"/>
  <member type="way" ref="1515918803" role="forward"/>
  <member type="way" ref="49551403" role="forward"/>
  <member type="way" ref="49551404" role="forward"/>
  <member type="way" ref="49551397" role="forward"/>
  <member type="way" ref="49551398" role="forward"/>
  <member type="way" ref="756137844" role="forward"/>
  <member type="way" ref="756137845" role="forward"/>
  <member type="way" ref="66661180" role="forward"/>
  <member type="way" ref="756137846" role="forward"/>
  <member type="way" ref="756137847" role="forward"/>
  <member type="way" ref="156569916" role="forward"/>
  <member type="way" ref="156569917" role="forward"/>
  <member type="way" ref="1560928742" role="forward"/>
  <member type="way" ref="1560930533" role="forward"/>
  <member type="way" ref="1560928741" role="forward"/>
  <member type="way" ref="66661185" role="forward"/>
  <member type="way" ref="48946848" role="forward"/>
  <member type="way" ref="48946849" role="forward"/>
  <member type="way" ref="28514924" role="forward"/>
  <member type="way" ref="1501247883" role="forward"/>
  <member type="way" ref="120108285" role="forward"/>
  <member type="way" ref="43280680" role="forward"/>
  <member type="way" ref="691537233" role="forward"/>
  <member type="way" ref="43234078" role="forward"/>
  <member type="way" ref="43234080" role="forward"/>
  <member type="way" ref="43234183" role="forward"/>
  <member type="way" ref="120108284" role="forward"/>
  <member type="way" ref="691537236" role="forward"/>
  <member type="way" ref="691537239" role="forward"/>
  <member type="way" ref="691537235" role="forward"/>
  <member type="way" ref="51255524" role="forward"/>
  <member type="way" ref="1160604612" role="forward"/>
  <member type="way" ref="1166317597" role="forward"/>
  <member type="way" ref="768389744" role="forward"/>
  <member type="way" ref="174744420" role="forward"/>
  <member type="way" ref="174744422" role="forward"/>
  <member type="way" ref="384392237" role="forward"/>
  <member type="way" ref="1227185165" role="forward"/>
  <member type="way" ref="497164497" role="forward"/>
  <member type="way" ref="90752602" role="forward"/>
  <member type="way" ref="613594804" role="forward"/>
  <member type="way" ref="1167111666" role="forward"/>
  <member type="way" ref="768389807" role="forward"/>
  <member type="way" ref="1174269417" role="forward"/>
  <member type="way" ref="768389805" role="forward"/>
  <member type="way" ref="1174269418" role="forward"/>
  <member type="way" ref="768389806" role="forward"/>
  <member type="way" ref="613594805" role="forward"/>
  <member type="way" ref="759774445" role="forward"/>
  <member type="way" ref="613594807" role="forward"/>
  <member type="way" ref="759774403" role="forward"/>
  <member type="way" ref="168523184" role="forward"/>
  <member type="way" ref="768389898" role="forward"/>
  <member type="way" ref="768389899" role="forward"/>
  <member type="way" ref="768389896" role="forward"/>
  <member type="way" ref="768389897" role="forward"/>
  <member type="way" ref="768389934" role="forward"/>
  <member type="way" ref="168523182" role="forward"/>
  <member type="way" ref="168523192" role="forward"/>
  <member type="way" ref="168523191" role="forward"/>
  <member type="way" ref="168523190" role="forward"/>
  <member type="way" ref="168523193" role="forward"/>
  <member type="way" ref="51538422" role="forward"/>
  <member type="way" ref="766559577" role="forward"/>
  <member type="way" ref="159829956" role="forward"/>
  <member type="way" ref="1167088574" role="forward"/>
  <member type="way" ref="159829957" role="forward"/>
  <member type="way" ref="384392244" role="forward"/>
  <member type="way" ref="384392243" role="forward"/>
  <member type="way" ref="467989931" role="forward"/>
  <member type="way" ref="766559621" role="forward"/>
  <member type="way" ref="49967224" role="forward"/>
  <member type="way" ref="766559662" role="forward"/>
  <member type="way" ref="766559663" role="forward"/>
  <member type="way" ref="766559682" role="forward"/>
  <member type="way" ref="49967225" role="forward"/>
  <member type="way" ref="766559679" role="forward"/>
  <member type="way" ref="159829650" role="forward"/>
  <member type="way" ref="766330870" role="forward"/>
  <member type="way" ref="159829649" role="forward"/>
  <member type="way" ref="766330890" role="forward"/>
  <member type="way" ref="766330888" role="forward"/>
  <member type="way" ref="766330893" role="forward"/>
  <member type="way" ref="174744418" role="forward"/>
  <member type="way" ref="174744416" role="forward"/>
  <member type="way" ref="766330937" role="forward"/>
  <member type="way" ref="90752631" role="forward"/>
  <member type="way" ref="766331012" role="forward"/>
  <member type="way" ref="766331014" role="forward"/>
  <member type="way" ref="766331013" role="forward"/>
  <member type="way" ref="159829646" role="forward"/>
  <member type="way" ref="159829644" role="forward"/>
  <member type="way" ref="765464658" role="forward"/>
  <member type="way" ref="122733894" role="forward"/>
  <member type="way" ref="122733887" role="forward"/>
  <member type="way" ref="765464699" role="forward"/>
  <member type="way" ref="122733909" role="forward"/>
  <member type="way" ref="765464703" role="forward"/>
  <member type="way" ref="122733874" role="forward"/>
  <member type="way" ref="51538424" role="forward"/>
  <member type="way" ref="765464772" role="forward"/>
  <member type="way" ref="765464773" role="forward"/>
  <member type="way" ref="765464774" role="forward"/>
  <member type="way" ref="467989930" role="forward"/>
  <member type="way" ref="468562978" role="forward"/>
  <member type="way" ref="765464799" role="forward"/>
  <member type="way" ref="467989929" role="forward"/>
  <member type="way" ref="443072521" role="forward"/>
  <member type="way" ref="765464850" role="forward"/>
  <member type="way" ref="120108280" role="forward"/>
  <member type="way" ref="1509025577" role="forward"/>
  <member type="way" ref="765464927" role="forward"/>
  <member type="way" ref="90752559" role="forward"/>
  <member type="way" ref="1214655100" role="forward"/>
  <member type="way" ref="1214655099" role="forward"/>
  <member type="way" ref="765464928" role="forward"/>
  <member type="way" ref="765464929" role="forward"/>
  <member type="way" ref="765464930" role="forward"/>
  <member type="way" ref="49551620" role="forward"/>
  <member type="way" ref="1214655106" role="forward"/>
  <member type="way" ref="1214655105" role="forward"/>
  <member type="way" ref="49551619" role="forward"/>
  <member type="way" ref="120108339" role="forward"/>
  <member type="way" ref="765464923" role="forward"/>
  <member type="way" ref="765464924" role="forward"/>
  <member type="way" ref="765464922" role="forward"/>
  <member type="way" ref="120108337" role="forward"/>
  <member type="way" ref="489108228" role="forward"/>
  <member type="way" ref="1237280807" role="forward"/>
  <member type="way" ref="1173962602" role="forward"/>
  <member type="way" ref="489108229" role="forward"/>
  <member type="way" ref="1237280810" role="forward"/>
  <member type="way" ref="1200002770" role="forward"/>
  <member type="way" ref="1200002776" role="forward"/>
  <member type="way" ref="1200023751" role="forward"/>
  <member type="way" ref="1200023750" role="forward"/>
  <member type="way" ref="1200002775" role="forward"/>
  <member type="way" ref="1200002771" role="forward"/>
  <member type="way" ref="410125081" role="forward"/>
  <member type="way" ref="1543151699" role="forward"/>
  <member type="way" ref="1543151698" role="forward"/>
  <member type="way" ref="1542844778" role="forward"/>
  <member type="way" ref="1542844777" role="forward"/>
  <member type="way" ref="410125087" role="forward"/>
  <member type="way" ref="1543128589" role="forward"/>
  <member type="way" ref="1543128590" role="forward"/>
  <member type="way" ref="52824391" role="forward"/>
  <member type="way" ref="1543138412" role="forward"/>
  <member type="way" ref="1543138411" role="forward"/>
  <member type="way" ref="52824394" role="forward"/>
  <member type="way" ref="174758472" role="forward"/>
  <member type="way" ref="174758484" role="forward"/>
  <member type="way" ref="1527699015" role="forward"/>
  <member type="way" ref="1527699016" role="forward"/>
  <member type="way" ref="1527699017" role="forward"/>
  <member type="way" ref="173132168" role="forward"/>
  <member type="way" ref="1527699625" role="forward"/>
  <member type="way" ref="961234389" role="forward"/>
  <member type="way" ref="173132163" role="forward"/>
  <member type="way" ref="961234394" role="forward"/>
  <member type="way" ref="34841596" role="forward"/>
  <member type="way" ref="961234398" role="forward"/>
  <member type="way" ref="961234396" role="forward"/>
  <member type="way" ref="485370700" role="forward"/>
  <member type="way" ref="485370701" role="forward"/>
  <member type="way" ref="173132162" role="forward"/>
  <member type="way" ref="826304162" role="forward"/>
  <member type="way" ref="174758469" role="forward"/>
  <member type="way" ref="174758483" role="forward"/>
  <member type="way" ref="188361417" role="forward"/>
  <member type="way" ref="188361416" role="forward"/>
  <member type="way" ref="34837781" role="forward"/>
  <member type="way" ref="736657499" role="forward"/>
  <member type="way" ref="174758470" role="forward"/>
  <member type="way" ref="174758481" role="forward"/>
  <member type="way" ref="174758486" role="forward"/>
  <member type="way" ref="174758474" role="forward"/>
  <member type="way" ref="174758488" role="forward"/>
  <member type="way" ref="174758482" role="forward"/>
  <member type="way" ref="736657500" role="forward"/>
  <member type="way" ref="720078899" role="forward"/>
  <member type="way" ref="138147829" role="forward"/>
  <member type="way" ref="51498650" role="forward"/>
  <member type="way" ref="174758496" role="forward"/>
  <member type="way" ref="174758493" role="forward"/>
  <member type="way" ref="714576123" role="forward"/>
  <member type="way" ref="714576122" role="forward"/>
  <member type="way" ref="720078897" role="forward"/>
  <member type="way" ref="1431893678" role="forward"/>
  <member type="way" ref="34835928" role="forward"/>
  <member type="way" ref="1474148017" role="forward"/>
  <member type="way" ref="34835921" role="forward"/>
  <member type="way" ref="751254350" role="forward"/>
  <member type="way" ref="1560955452" role=""/>
  <member type="way" ref="238021619" role=""/>
  <member type="way" ref="1531558334" role=""/>
  <member type="way" ref="1531558333" role=""/>
  <member type="way" ref="1531558332" role=""/>
  <member type="way" ref="280506983" role="forward"/>
  <member type="way" ref="1531558309" role="forward"/>
  <member type="way" ref="1531558310" role="forward"/>
  <member type="way" ref="1531558311" role="forward"/>
  <member type="way" ref="1531558314" role="forward"/>
  <member type="way" ref="111686628" role="forward"/>
  <member type="way" ref="1531558315" role="forward"/>
  <member type="way" ref="918931227" role="forward"/>
  <member type="way" ref="1531558318" role="forward"/>
  <member type="way" ref="1531558319" role="forward"/>
  <member type="way" ref="1531558321" role="forward"/>
  <member type="way" ref="1531558322" role="forward"/>
  <member type="way" ref="1531558323" role="forward"/>
  <member type="way" ref="1531558324" role="forward"/>
  <member type="way" ref="474076848" role="forward"/>
  <member type="way" ref="736657505" role="forward"/>
  <member type="way" ref="280506984" role="forward"/>
  <member type="way" ref="280506987" role="forward"/>
  <member type="way" ref="736657503" role="forward"/>
  <member type="way" ref="280506988" role="forward"/>
  <member type="way" ref="313205829" role="forward"/>
  <member type="way" ref="737418610" role="forward"/>
  <member type="way" ref="474196655" role="forward"/>
  <member type="way" ref="1531558331" role="forward"/>
  <member type="way" ref="1517351458" role="forward"/>
  <member type="way" ref="1531558329" role="forward"/>
  <member type="way" ref="918931226" role="forward"/>
  <member type="way" ref="736657504" role="forward"/>
  <member type="way" ref="1531558328" role="forward"/>
  <member type="way" ref="1531558327" role="forward"/>
  <member type="way" ref="1531558325" role="forward"/>
  <member type="way" ref="280506985" role="forward"/>
  <member type="way" ref="280506986" role="forward"/>
  <member type="way" ref="736657502" role="forward"/>
  <member type="way" ref="280506991" role="forward"/>
  <member type="way" ref="280506990" role="forward"/>
  <member type="way" ref="702522740" role="forward"/>
  <member type="way" ref="313205834" role="forward"/>
  <member type="way" ref="51255994" role=""/>
  <member type="way" ref="918931224" role=""/>
  <member type="way" ref="918931225" role=""/>
  <member type="way" ref="918931222" role=""/>
  <member type="way" ref="918931223" role=""/>
  <member type="way" ref="702522739" role=""/>
  <member type="way" ref="651850168" role=""/>
  <member type="way" ref="1128071833" role="forward"/>
  <member type="way" ref="750635568" role="forward"/>
  <member type="way" ref="1128071832" role="forward"/>
  <member type="way" ref="1128071831" role="forward"/>
  <member type="way" ref="1128071834" role=""/>
  <member type="way" ref="260499845" role="forward"/>
  <member type="way" ref="1128071830" role="forward"/>
  <member type="way" ref="260499833" role="forward"/>
  <member type="way" ref="719622025" role="forward"/>
  <member type="way" ref="1128071829" role="forward"/>
  <member type="way" ref="260499843" role="forward"/>
  <member type="way" ref="724559590" role="forward"/>
  <member type="way" ref="702525582" role="forward"/>
  <member type="way" ref="719622024" role="forward"/>
  <member type="way" ref="260499838" role="forward"/>
  <member type="way" ref="260499841" role=""/>
  <member type="way" ref="208261683" role=""/>
  <member type="way" ref="982100392" role=""/>
  <member type="way" ref="208261688" role=""/>
  <member type="way" ref="1204307499" role=""/>
  <member type="way" ref="982100384" role=""/>
  <member type="way" ref="1204307498" role=""/>
  <member type="way" ref="722368635" role=""/>
  <member type="way" ref="982100380" role=""/>
  <member type="way" ref="982100391" role=""/>
  <member type="way" ref="651850166" role=""/>
  <member type="way" ref="1188345207" role=""/>
  <member type="way" ref="111972311" role="forward"/>
  <member type="way" ref="818609374" role="forward"/>
  <member type="way" ref="693006841" role="forward"/>
  <member type="way" ref="818609376" role="forward"/>
  <member type="way" ref="818609377" role="forward"/>
  <member type="way" ref="818609378" role="forward"/>
  <member type="way" ref="18912039" role="forward"/>
  <member type="way" ref="818609382" role="forward"/>
  <member type="way" ref="818609375" role="forward"/>
  <member type="way" ref="712897342" role="forward"/>
  <member type="way" ref="818609380" role="forward"/>
  <member type="way" ref="818609373" role="forward"/>
  <member type="way" ref="818609379" role="forward"/>
  <member type="way" ref="712897343" role="forward"/>
  <member type="way" ref="818609381" role="forward"/>
  <member type="way" ref="818609383" role="forward"/>
  <member type="way" ref="712897341" role="forward"/>
  <member type="way" ref="982100385" role=""/>
  <member type="way" ref="680093549" role=""/>
  <member type="way" ref="746807052" role=""/>
  <member type="way" ref="819241435" role=""/>
  <member type="way" ref="819241434" role=""/>
  <member type="way" ref="723265439" role=""/>
  <member type="way" ref="819241433" role=""/>
  <member type="way" ref="819241432" role=""/>
  <member type="way" ref="819241428" role=""/>
  <member type="way" ref="819241431" role=""/>
  <member type="way" ref="819241427" role=""/>
  <member type="way" ref="738376824" role=""/>
  <member type="way" ref="680093550" role=""/>
  <member type="way" ref="680093551" role=""/>
  <member type="way" ref="973851989" role=""/>
  <member type="way" ref="18916952" role=""/>
  <member type="way" ref="715988451" role=""/>
  <member type="way" ref="973851985" role=""/>
  <member type="way" ref="1061060860" role=""/>
  <member type="way" ref="1061060861" role=""/>
  <member type="way" ref="139041694" role=""/>
  <member type="way" ref="1061060859" role=""/>
  <member type="way" ref="111972139" role=""/>
  <member type="way" ref="1307866533" role=""/>
  <member type="way" ref="832789099" role="forward"/>
  <member type="way" ref="832789098" role="forward"/>
  <member type="way" ref="832789096" role="forward"/>
  <member type="way" ref="1307866528" role="forward"/>
  <member type="way" ref="832789105" role="forward"/>
  <member type="way" ref="832789095" role="forward"/>
  <member type="way" ref="18908811" role="forward"/>
  <member type="way" ref="832789094" role=""/>
  <member type="way" ref="1307866530" role=""/>
  <member type="way" ref="1307866531" role=""/>
  <member type="way" ref="747335428" role=""/>
  <tag k="description" v="US 421 (NC)"/>
  <tag k="is_in:state" v="NC"/>
  <tag k="network" v="US:US"/>
  <tag k="ref" v="421"/>
  <tag k="route" v="road"/>
  <tag k="symbol" v="http://upload.wikimedia.org/wikipedia/commons/e/e7/US_421.svg"/>
  <tag k="type" v="route"/>
  <tag k="wikidata" v="Q6569866"/>
  <tag k="wikipedia" v="en:U.S. Route 421 in North Carolina"/>
 </relation>
 <relation id="443219" visible="true" version="7" changeset="122584823" timestamp="2022-06-19T15:59:11Z" user="clay_c" uid="119881">
  <member type="relation" ref="417877" role=""/>
  <member type="relation" ref="14272616" role=""/>
  <member type="relation" ref="2302545" role=""/>
  <member type="relation" ref="2302547" role=""/>
  <member type="relation" ref="2302546" role=""/>
  <member type="relation" ref="317891" role=""/>
  <tag k="name" v="US 421 (super)"/>
  <tag k="network" v="US:US"/>
  <tag k="ref" v="421"/>
  <tag k="route" v="road"/>
  <tag k="symbol" v="https://upload.wikimedia.org/wikipedia/commons/e/e7/US_421.svg"/>
  <tag k="type" v="route"/>
 </relation>
 <relation id="10311167" visible="true" version="1" changeset="77229677" timestamp="2019-11-18T13:33:53Z" user="Yoshinion" uid="3151684">
  <member type="way" ref="746645012" role="outer"/>
  <member type="way" ref="615069897" role="inner"/>
  <tag k="landuse" v="grass"/>
  <tag k="type" v="multipolygon"/>
 </relation>
</osm>
