<?xml version="1.0" encoding="UTF-8"?>
<osm version="0.6" generator="openstreetmap-cgimap 2.1.0 (3830521 spike-06.openstreetmap.org)" copyright="OpenStreetMap and contributors" attribution="http://www.openstreetmap.org/copyright" license="http://opendatacommons.org/licenses/odbl/1-0/">
 <bounds minlat="41.8203050" minlon="-0.8216170" maxlat="41.8346950" maxlon="-0.8023830"/>
 <node id="199460644" visible="true" version="16" changeset="85561973" timestamp="2020-05-21T15:05:28Z" user="Robot8A" uid="393359" lat="41.7641918" lon="-0.8353451"/>
 <node id="199460654" visible="true" version="13" changeset="13198534" timestamp="2012-09-21T17:31:51Z" user="cdavila" uid="26599" lat="41.7654010" lon="-0.8356382"/>
 <node id="199460660" visible="true" version="11" changeset="1218566" timestamp="2009-05-17T08:48:48Z" user="RodrigoMoya" uid="6053" lat="41.7676187" lon="-0.8355681"/>
 <node id="199460667" visible="true" version="13" changeset="174749909" timestamp="2025-11-16T23:39:40Z" user="MarinoBM" uid="11454828" lat="41.7831947" lon="-0.8311781"/>
 <node id="199460675" visible="true" version="11" changeset="13198534" timestamp="2012-09-21T17:31:51Z" user="cdavila" uid="26599" lat="41.7862341" lon="-0.8296431"/>
 <node id="199460680" visible="true" version="12" changeset="12930012" timestamp="2012-08-31T11:57:31Z" user="sidvicio" uid="462862" lat="41.7918013" lon="-0.8267338"/>
 <node id="199460688" visible="true" version="12" changeset="12930012" timestamp="2012-08-31T11:57:32Z" user="sidvicio" uid="462862" lat="41.7949706" lon="-0.8257920"/>
 <node id="199460693" visible="true" version="12" changeset="12930012" timestamp="2012-08-31T11:57:32Z" user="sidvicio" uid="462862" lat="41.8003563" lon="-0.8245548"/>
 <node id="199460701" visible="true" version="12" changeset="13198534" timestamp="2012-09-21T17:31:51Z" user="cdavila" uid="26599" lat="41.8060858" lon="-0.8217584"/>
 <node id="199460710" visible="true" version="11" changeset="1218579" timestamp="2009-05-17T08:50:31Z" user="RodrigoMoya" uid="6053" lat="41.8114750" lon="-0.8166737"/>
 <node id="199460719" visible="true" version="12" changeset="12930012" timestamp="2012-08-31T11:57:32Z" user="sidvicio" uid="462862" lat="41.8150205" lon="-0.8128345"/>
 <node id="199460726" visible="true" version="13" changeset="12930012" timestamp="2012-08-31T11:57:32Z" user="sidvicio" uid="462862" lat="41.8206256" lon="-0.8092504"/>
 <node id="199460732" visible="true" version="12" changeset="12930012" timestamp="2012-08-31T11:57:33Z" user="sidvicio" uid="462862" lat="41.8244026" lon="-0.8084832"/>
 <node id="199460740" visible="true" version="11" changeset="13198534" timestamp="2012-09-21T17:31:51Z" user="cdavila" uid="26599" lat="41.8300261" lon="-0.8079726"/>
 <node id="199460749" visible="true" version="11" changeset="1218588" timestamp="2009-05-17T08:51:15Z" user="RodrigoMoya" uid="6053" lat="41.8332978" lon="-0.8068716"/>
 <node id="199482915" visible="true" version="9" changeset="734746" timestamp="2009-03-03T22:55:06Z" user="ottokar55" uid="101355" lat="41.8334344" lon="-0.8070466"/>
 <node id="199482925" visible="true" version="10" changeset="1218588" timestamp="2009-05-17T08:51:15Z" user="RodrigoMoya" uid="6053" lat="41.8299811" lon="-0.8082109"/>
 <node id="199482932" visible="true" version="11" changeset="12930012" timestamp="2012-08-31T11:57:33Z" user="sidvicio" uid="462862" lat="41.8244005" lon="-0.8087068"/>
 <node id="199482938" visible="true" version="10" changeset="12930012" timestamp="2012-08-31T11:57:33Z" user="sidvicio" uid="462862" lat="41.8206949" lon="-0.8094403"/>
 <node id="199482941" visible="true" version="9" changeset="734746" timestamp="2009-03-03T22:55:06Z" user="ottokar55" uid="101355" lat="41.8164696" lon="-0.8118142"/>
 <node id="199482945" visible="true" version="11" changeset="12930012" timestamp="2012-08-31T11:57:33Z" user="sidvicio" uid="462862" lat="41.8108233" lon="-0.8176994"/>
 <node id="199482954" visible="true" version="11" changeset="12930012" timestamp="2012-08-31T11:57:34Z" user="sidvicio" uid="462862" lat="41.8062108" lon="-0.8219209"/>
 <node id="199482959" visible="true" version="10" changeset="12930012" timestamp="2012-08-31T11:57:34Z" user="sidvicio" uid="462862" lat="41.8009326" lon="-0.8245965"/>
 <node id="199482964" visible="true" version="11" changeset="12930012" timestamp="2012-08-31T11:57:34Z" user="sidvicio" uid="462862" lat="41.7950694" lon="-0.8259906"/>
 <node id="199482970" visible="true" version="10" changeset="12930012" timestamp="2012-08-31T11:57:34Z" user="sidvicio" uid="462862" lat="41.7917515" lon="-0.8269644"/>
 <node id="199482980" visible="true" version="10" changeset="1879089" timestamp="2009-07-19T22:26:00Z" user="RodrigoMoya" uid="6053" lat="41.7865161" lon="-0.8297364"/>
 <node id="199482992" visible="true" version="10" changeset="1895536" timestamp="2009-07-21T15:11:18Z" user="RodrigoMoya" uid="6053" lat="41.7677979" lon="-0.8358128"/>
 <node id="199482998" visible="true" version="12" changeset="11775426" timestamp="2012-06-02T10:08:54Z" user="sidvicio" uid="462862" lat="41.7653944" lon="-0.8358301"/>
 <node id="199483008" visible="true" version="12" changeset="65896400" timestamp="2018-12-30T20:03:39Z" user="Robot8A" uid="393359" lat="41.7619812" lon="-0.8344561"/>
 <node id="199483017" visible="true" version="10" changeset="65896400" timestamp="2018-12-30T20:03:39Z" user="Robot8A" uid="393359" lat="41.7599421" lon="-0.8342699"/>
 <node id="252458564" visible="true" version="12" changeset="11775426" timestamp="2012-06-02T10:08:55Z" user="sidvicio" uid="462862" lat="41.7645036" lon="-0.8356253"/>
 <node id="252458565" visible="true" version="10" changeset="1879096" timestamp="2009-07-19T22:26:31Z" user="RodrigoMoya" uid="6053" lat="41.7604785" lon="-0.8342010"/>
 <node id="252458635" visible="true" version="12" changeset="13198534" timestamp="2012-09-21T17:31:52Z" user="cdavila" uid="26599" lat="41.7886354" lon="-0.8282253"/>
 <node id="252458636" visible="true" version="10" changeset="1879089" timestamp="2009-07-19T22:26:01Z" user="RodrigoMoya" uid="6053" lat="41.7890723" lon="-0.8282194"/>
 <node id="252458684" visible="true" version="10" changeset="12930012" timestamp="2012-08-31T11:57:35Z" user="sidvicio" uid="462862" lat="41.8037358" lon="-0.8234219"/>
 <node id="252458685" visible="true" version="11" changeset="13198534" timestamp="2012-09-21T17:31:52Z" user="cdavila" uid="26599" lat="41.8034350" lon="-0.8233382"/>
 <node id="252458686" visible="true" version="10" changeset="1879089" timestamp="2009-07-19T22:26:01Z" user="RodrigoMoya" uid="6053" lat="41.8087635" lon="-0.8198129"/>
 <node id="252458687" visible="true" version="11" changeset="1218579" timestamp="2009-05-17T08:50:31Z" user="RodrigoMoya" uid="6053" lat="41.8085661" lon="-0.8197327"/>
 <node id="252458891" visible="true" version="13" changeset="13198534" timestamp="2012-09-21T17:31:52Z" user="cdavila" uid="26599" lat="41.8190289" lon="-0.8099326"/>
 <node id="252458894" visible="true" version="11" changeset="12930012" timestamp="2012-08-31T11:57:36Z" user="sidvicio" uid="462862" lat="41.8185856" lon="-0.8103870"/>
 <node id="252458907" visible="true" version="12" changeset="13198534" timestamp="2012-09-21T17:31:52Z" user="cdavila" uid="26599" lat="41.8227304" lon="-0.8087050"/>
 <node id="252458909" visible="true" version="10" changeset="1879089" timestamp="2009-07-19T22:26:01Z" user="RodrigoMoya" uid="6053" lat="41.8227247" lon="-0.8089110"/>
 <node id="355344543" visible="true" version="14" changeset="174749909" timestamp="2025-11-16T23:39:40Z" user="MarinoBM" uid="11454828" lat="41.7759396" lon="-0.8335793"/>
 <node id="355344558" visible="true" version="14" changeset="174749719" timestamp="2025-11-16T23:29:42Z" user="MarinoBM" uid="11454828" lat="41.7775317" lon="-0.8328865">
  <tag k="highway" v="motorway_junction"/>
  <tag k="ref" v="304"/>
  <tag k="source" v="survey"/>
 </node>
 <node id="355345779" visible="true" version="6" changeset="734746" timestamp="2009-03-03T22:55:06Z" user="ottokar55" uid="101355" lat="41.7818658" lon="-0.8319263"/>
 <node id="355345807" visible="true" version="6" changeset="13198534" timestamp="2012-09-21T17:31:53Z" user="cdavila" uid="26599" lat="41.7818338" lon="-0.8316985"/>
 <node id="355346200" visible="true" version="5" changeset="734746" timestamp="2009-03-03T22:55:06Z" user="ottokar55" uid="101355" lat="41.7830311" lon="-0.8314737"/>
 <node id="355349371" visible="true" version="5" changeset="11775426" timestamp="2012-06-02T10:09:09Z" user="sidvicio" uid="462862" lat="41.7591950" lon="-0.8345410"/>
 <node id="365045620" visible="true" version="10" changeset="174749909" timestamp="2025-11-16T23:39:40Z" user="MarinoBM" uid="11454828" lat="41.7666148" lon="-0.8359099">
  <tag k="highway" v="motorway_junction"/>
  <tag k="ref" v="302"/>
 </node>
 <node id="365045625" visible="true" version="3" changeset="13198534" timestamp="2012-09-21T17:31:53Z" user="cdavila" uid="26599" lat="41.7660313" lon="-0.8356992"/>
 <node id="365046942" visible="true" version="1" changeset="848670" timestamp="2009-03-23T15:51:26Z" user="RodrigoMoya" uid="6053" lat="41.8319085" lon="-0.8077156"/>
 <node id="365046944" visible="true" version="2" changeset="13198534" timestamp="2012-09-21T17:31:53Z" user="cdavila" uid="26599" lat="41.8319833" lon="-0.8074280"/>
 <node id="402323187" visible="true" version="2" changeset="3789791" timestamp="2010-02-04T12:11:06Z" user="RodrigoMoya" uid="6053" lat="41.7665298" lon="-0.8357104"/>
 <node id="402323884" visible="true" version="2" changeset="13198534" timestamp="2012-09-21T17:31:54Z" user="cdavila" uid="26599" lat="41.7826757" lon="-0.8314059"/>
 <node id="402323886" visible="true" version="2" changeset="12930012" timestamp="2012-08-31T11:57:54Z" user="sidvicio" uid="462862" lat="41.7849494" lon="-0.8303549"/>
 <node id="402323889" visible="true" version="2" changeset="12930012" timestamp="2012-08-31T11:57:54Z" user="sidvicio" uid="462862" lat="41.7900632" lon="-0.8274716"/>
 <node id="402323890" visible="true" version="2" changeset="12930012" timestamp="2012-08-31T11:57:54Z" user="sidvicio" uid="462862" lat="41.7907587" lon="-0.8271603"/>
 <node id="402323892" visible="true" version="3" changeset="12930012" timestamp="2012-08-31T11:57:55Z" user="sidvicio" uid="462862" lat="41.7933503" lon="-0.8262075"/>
 <node id="402323894" visible="true" version="2" changeset="12930012" timestamp="2012-08-31T11:57:55Z" user="sidvicio" uid="462862" lat="41.7978814" lon="-0.8251727"/>
 <node id="402323895" visible="true" version="3" changeset="12930012" timestamp="2012-08-31T11:57:55Z" user="sidvicio" uid="462862" lat="41.7978348" lon="-0.8254021"/>
 <node id="402323896" visible="true" version="2" changeset="12930012" timestamp="2012-08-31T11:57:55Z" user="sidvicio" uid="462862" lat="41.8019140" lon="-0.8240112"/>
 <node id="402323897" visible="true" version="3" changeset="13198534" timestamp="2012-09-21T17:31:54Z" user="cdavila" uid="26599" lat="41.8051252" lon="-0.8223969"/>
 <node id="402323899" visible="true" version="1" changeset="1218579" timestamp="2009-05-17T08:50:31Z" user="RodrigoMoya" uid="6053" lat="41.8073259" lon="-0.8208069"/>
 <node id="402323901" visible="true" version="3" changeset="13198534" timestamp="2012-09-21T17:31:54Z" user="cdavila" uid="26599" lat="41.8135759" lon="-0.8143338"/>
 <node id="402323903" visible="true" version="1" changeset="1218579" timestamp="2009-05-17T08:50:31Z" user="RodrigoMoya" uid="6053" lat="41.8098919" lon="-0.8183946"/>
 <node id="402323905" visible="true" version="2" changeset="12930012" timestamp="2012-08-31T11:57:56Z" user="sidvicio" uid="462862" lat="41.8165711" lon="-0.8114770"/>
 <node id="402323907" visible="true" version="2" changeset="12930012" timestamp="2012-08-31T11:57:57Z" user="sidvicio" uid="462862" lat="41.8176101" lon="-0.8107359"/>
 <node id="402324205" visible="true" version="3" changeset="12930012" timestamp="2012-08-31T11:57:57Z" user="sidvicio" uid="462862" lat="41.8271359" lon="-0.8085213"/>
 <node id="402324207" visible="true" version="3" changeset="12930012" timestamp="2012-08-31T11:57:57Z" user="sidvicio" uid="462862" lat="41.8280930" lon="-0.8082345"/>
 <node id="402324209" visible="true" version="2" changeset="1895532" timestamp="2009-07-21T15:10:25Z" user="RodrigoMoya" uid="6053" lat="41.8290606" lon="-0.8081495"/>
 <node id="402324211" visible="true" version="2" changeset="1895532" timestamp="2009-07-21T15:10:25Z" user="RodrigoMoya" uid="6053" lat="41.8290821" lon="-0.8083644"/>
 <node id="402324213" visible="true" version="1" changeset="1218588" timestamp="2009-05-17T08:51:15Z" user="RodrigoMoya" uid="6053" lat="41.8309252" lon="-0.8077605"/>
 <node id="444005566" visible="true" version="1" changeset="1879089" timestamp="2009-07-19T22:26:00Z" user="RodrigoMoya" uid="6053" lat="41.8280992" lon="-0.8084756"/>
 <node id="444005569" visible="true" version="1" changeset="1879089" timestamp="2009-07-19T22:26:00Z" user="RodrigoMoya" uid="6053" lat="41.8195937" lon="-0.8098932"/>
 <node id="444005571" visible="true" version="1" changeset="1879089" timestamp="2009-07-19T22:26:00Z" user="RodrigoMoya" uid="6053" lat="41.8175111" lon="-0.8110395"/>
 <node id="444005573" visible="true" version="2" changeset="12930012" timestamp="2012-08-31T11:57:57Z" user="sidvicio" uid="462862" lat="41.8152217" lon="-0.8128992"/>
 <node id="444005575" visible="true" version="2" changeset="12930012" timestamp="2012-08-31T11:57:58Z" user="sidvicio" uid="462862" lat="41.8023199" lon="-0.8240815"/>
 <node id="444005578" visible="true" version="2" changeset="12930012" timestamp="2012-08-31T11:57:58Z" user="sidvicio" uid="462862" lat="41.7994233" lon="-0.8250368"/>
 <node id="444005580" visible="true" version="2" changeset="12930012" timestamp="2012-08-31T11:57:58Z" user="sidvicio" uid="462862" lat="41.7934149" lon="-0.8264027"/>
 <node id="444005582" visible="true" version="2" changeset="12930012" timestamp="2012-08-31T11:57:58Z" user="sidvicio" uid="462862" lat="41.7903868" lon="-0.8275587"/>
 <node id="444005584" visible="true" version="1" changeset="1879089" timestamp="2009-07-19T22:26:00Z" user="RodrigoMoya" uid="6053" lat="41.7880218" lon="-0.8288293"/>
 <node id="444005586" visible="true" version="1" changeset="1879089" timestamp="2009-07-19T22:26:00Z" user="RodrigoMoya" uid="6053" lat="41.7786850" lon="-0.8328108"/>
 <node id="444006017" visible="true" version="3" changeset="65896400" timestamp="2018-12-30T20:03:39Z" user="Robot8A" uid="393359" lat="41.7611420" lon="-0.8342277"/>
 <node id="530216020" visible="true" version="3" changeset="13198534" timestamp="2012-09-21T17:31:56Z" user="cdavila" uid="26599" lat="41.7638277" lon="-0.8354192"/>
 <node id="576179131" visible="true" version="4" changeset="171122860" timestamp="2025-08-28T09:16:25Z" user="perlus5" uid="23191460" lat="41.7946920" lon="-0.8110537"/>
 <node id="583747468" visible="true" version="1" changeset="3335592" timestamp="2009-12-09T18:14:44Z" user="oscarcollazo" uid="198173" lat="41.8294419" lon="-0.8076732"/>
 <node id="583747470" visible="true" version="1" changeset="3335592" timestamp="2009-12-09T18:14:44Z" user="oscarcollazo" uid="198173" lat="41.8296978" lon="-0.8085207"/>
 <node id="583748540" visible="true" version="3" changeset="162053397" timestamp="2025-02-02T16:21:36Z" user="armin762" uid="17955075" lat="41.7981764" lon="-0.8109897"/>
 <node id="583748541" visible="true" version="2" changeset="36123675" timestamp="2015-12-23T11:41:39Z" user="Robot8A" uid="393359" lat="41.7977462" lon="-0.8111098"/>
 <node id="583748544" visible="true" version="2" changeset="12930012" timestamp="2012-08-31T11:58:11Z" user="sidvicio" uid="462862" lat="41.7970762" lon="-0.8113625"/>
 <node id="583748546" visible="true" version="2" changeset="12930012" timestamp="2012-08-31T11:58:11Z" user="sidvicio" uid="462862" lat="41.7962445" lon="-0.8117612"/>
 <node id="583748549" visible="true" version="3" changeset="85638835" timestamp="2020-05-23T05:43:17Z" user="DGerveno" uid="2536370" lat="41.7955254" lon="-0.8118685"/>
 <node id="595459079" visible="true" version="2" changeset="12930012" timestamp="2012-08-31T11:58:15Z" user="sidvicio" uid="462862" lat="41.8175701" lon="-0.8207888"/>
 <node id="595459134" visible="true" version="2" changeset="19915310" timestamp="2014-01-10T11:05:14Z" user="sidvicio" uid="462862" lat="41.8370975" lon="-0.8153439"/>
 <node id="595461363" visible="true" version="2" changeset="19915310" timestamp="2014-01-10T11:05:15Z" user="sidvicio" uid="462862" lat="41.8350754" lon="-0.8393384"/>
 <node id="596124121" visible="true" version="1" changeset="3405998" timestamp="2009-12-19T11:05:18Z" user="oscarcollazo" uid="198173" lat="41.8595422" lon="-0.7943007"/>
 <node id="596124273" visible="true" version="1" changeset="3405998" timestamp="2009-12-19T11:05:31Z" user="oscarcollazo" uid="198173" lat="41.8594703" lon="-0.7943329"/>
 <node id="596124274" visible="true" version="1" changeset="3405998" timestamp="2009-12-19T11:05:31Z" user="oscarcollazo" uid="198173" lat="41.8579200" lon="-0.7949337"/>
 <node id="596124276" visible="true" version="1" changeset="3405998" timestamp="2009-12-19T11:05:32Z" user="oscarcollazo" uid="198173" lat="41.8579200" lon="-0.7950410"/>
 <node id="596124277" visible="true" version="1" changeset="3405998" timestamp="2009-12-19T11:05:32Z" user="oscarcollazo" uid="198173" lat="41.8569452" lon="-0.7951268"/>
 <node id="596124279" visible="true" version="1" changeset="3405998" timestamp="2009-12-19T11:05:32Z" user="oscarcollazo" uid="198173" lat="41.8556666" lon="-0.7955345"/>
 <node id="596124281" visible="true" version="2" changeset="131575835" timestamp="2023-01-22T17:48:47Z" user="armin762" uid="17955075" lat="41.8542302" lon="-0.7955746"/>
 <node id="596124282" visible="true" version="1" changeset="3405998" timestamp="2009-12-19T11:05:32Z" user="oscarcollazo" uid="198173" lat="41.8533331" lon="-0.7959207"/>
 <node id="596124283" visible="true" version="1" changeset="3405998" timestamp="2009-12-19T11:05:32Z" user="oscarcollazo" uid="198173" lat="41.8518467" lon="-0.7962211"/>
 <node id="596124284" visible="true" version="1" changeset="3405998" timestamp="2009-12-19T11:05:32Z" user="oscarcollazo" uid="198173" lat="41.8499607" lon="-0.7965001"/>
 <node id="596124285" visible="true" version="1" changeset="3405998" timestamp="2009-12-19T11:05:32Z" user="oscarcollazo" uid="198173" lat="41.8480426" lon="-0.7965001"/>
 <node id="596124286" visible="true" version="2" changeset="19915310" timestamp="2014-01-10T11:05:16Z" user="sidvicio" uid="462862" lat="41.8467491" lon="-0.7968532"/>
 <node id="596124287" visible="true" version="2" changeset="19915310" timestamp="2014-01-10T11:05:16Z" user="sidvicio" uid="462862" lat="41.8451824" lon="-0.7973714"/>
 <node id="596124288" visible="true" version="2" changeset="19915310" timestamp="2014-01-10T11:05:17Z" user="sidvicio" uid="462862" lat="41.8443069" lon="-0.7973269"/>
 <node id="596124289" visible="true" version="2" changeset="19915310" timestamp="2014-01-10T11:05:17Z" user="sidvicio" uid="462862" lat="41.8424400" lon="-0.7976339"/>
 <node id="596124290" visible="true" version="2" changeset="19915310" timestamp="2014-01-10T11:05:17Z" user="sidvicio" uid="462862" lat="41.8417058" lon="-0.7979951"/>
 <node id="596124291" visible="true" version="2" changeset="19915310" timestamp="2014-01-10T11:05:17Z" user="sidvicio" uid="462862" lat="41.8413312" lon="-0.7982886"/>
 <node id="596124292" visible="true" version="2" changeset="19915310" timestamp="2014-01-10T11:05:17Z" user="sidvicio" uid="462862" lat="41.8403247" lon="-0.7986165"/>
 <node id="596124293" visible="true" version="2" changeset="19915310" timestamp="2014-01-10T11:05:17Z" user="sidvicio" uid="462862" lat="41.8401729" lon="-0.7992786"/>
 <node id="596124294" visible="true" version="1" changeset="3405998" timestamp="2009-12-19T11:05:33Z" user="oscarcollazo" uid="198173" lat="41.8391388" lon="-0.7991608"/>
 <node id="596124295" visible="true" version="1" changeset="3405998" timestamp="2009-12-19T11:05:33Z" user="oscarcollazo" uid="198173" lat="41.8384354" lon="-0.7990321"/>
 <node id="596124296" visible="true" version="1" changeset="3405998" timestamp="2009-12-19T11:05:33Z" user="oscarcollazo" uid="198173" lat="41.8375081" lon="-0.7992467"/>
 <node id="596124297" visible="true" version="1" changeset="3405998" timestamp="2009-12-19T11:05:33Z" user="oscarcollazo" uid="198173" lat="41.8367408" lon="-0.7992681"/>
 <node id="596124298" visible="true" version="1" changeset="3405998" timestamp="2009-12-19T11:05:34Z" user="oscarcollazo" uid="198173" lat="41.8363571" lon="-0.7991179"/>
 <node id="596124299" visible="true" version="2" changeset="19915310" timestamp="2014-01-10T11:05:17Z" user="sidvicio" uid="462862" lat="41.8350182" lon="-0.7992362"/>
 <node id="596124300" visible="true" version="1" changeset="3405998" timestamp="2009-12-19T11:05:34Z" user="oscarcollazo" uid="198173" lat="41.8347424" lon="-0.7993325"/>
 <node id="596124301" visible="true" version="2" changeset="19915310" timestamp="2014-01-10T11:05:17Z" user="sidvicio" uid="462862" lat="41.8326293" lon="-0.7996648"/>
 <node id="596124302" visible="true" version="2" changeset="19915310" timestamp="2014-01-10T11:05:17Z" user="sidvicio" uid="462862" lat="41.8315279" lon="-0.8000160"/>
 <node id="596124303" visible="true" version="4" changeset="85622845" timestamp="2020-05-22T16:38:08Z" user="Robot8A" uid="393359" lat="41.8309474" lon="-0.8005816"/>
 <node id="596124306" visible="true" version="3" changeset="85622845" timestamp="2020-05-22T16:38:08Z" user="Robot8A" uid="393359" lat="41.8291532" lon="-0.8005745"/>
 <node id="596124307" visible="true" version="2" changeset="85622845" timestamp="2020-05-22T16:38:08Z" user="Robot8A" uid="393359" lat="41.8288411" lon="-0.8005695"/>
 <node id="596124308" visible="true" version="2" changeset="12229096" timestamp="2012-07-15T14:14:09Z" user="sidvicio" uid="462862" lat="41.8285185" lon="-0.8006571"/>
 <node id="596124309" visible="true" version="2" changeset="12229096" timestamp="2012-07-15T14:14:09Z" user="sidvicio" uid="462862" lat="41.8268776" lon="-0.8010570"/>
 <node id="596124310" visible="true" version="2" changeset="12229096" timestamp="2012-07-15T14:14:09Z" user="sidvicio" uid="462862" lat="41.8259893" lon="-0.8014549"/>
 <node id="596124311" visible="true" version="2" changeset="12229096" timestamp="2012-07-15T14:14:10Z" user="sidvicio" uid="462862" lat="41.8235865" lon="-0.8026039"/>
 <node id="596124312" visible="true" version="2" changeset="12930012" timestamp="2012-08-31T11:58:21Z" user="sidvicio" uid="462862" lat="41.8200760" lon="-0.8038008"/>
 <node id="596124313" visible="true" version="1" changeset="3405998" timestamp="2009-12-19T11:05:35Z" user="oscarcollazo" uid="198173" lat="41.8182571" lon="-0.8043536"/>
 <node id="596124314" visible="true" version="2" changeset="12930012" timestamp="2012-08-31T11:58:21Z" user="sidvicio" uid="462862" lat="41.8174028" lon="-0.8044171"/>
 <node id="596124315" visible="true" version="2" changeset="12930012" timestamp="2012-08-31T11:58:21Z" user="sidvicio" uid="462862" lat="41.8168180" lon="-0.8047557"/>
 <node id="596124316" visible="true" version="2" changeset="12930012" timestamp="2012-08-31T11:58:22Z" user="sidvicio" uid="462862" lat="41.8156927" lon="-0.8054215"/>
 <node id="596124317" visible="true" version="2" changeset="12930012" timestamp="2012-08-31T11:58:22Z" user="sidvicio" uid="462862" lat="41.8154466" lon="-0.8057478"/>
 <node id="596124318" visible="true" version="1" changeset="3405998" timestamp="2009-12-19T11:05:35Z" user="oscarcollazo" uid="198173" lat="41.8145949" lon="-0.8064994"/>
 <node id="596124319" visible="true" version="1" changeset="3405998" timestamp="2009-12-19T11:05:35Z" user="oscarcollazo" uid="198173" lat="41.8143550" lon="-0.8064779"/>
 <node id="596124320" visible="true" version="2" changeset="12930012" timestamp="2012-08-31T11:58:22Z" user="sidvicio" uid="462862" lat="41.8140075" lon="-0.8062029"/>
 <node id="596124321" visible="true" version="2" changeset="12930012" timestamp="2012-08-31T11:58:23Z" user="sidvicio" uid="462862" lat="41.8138076" lon="-0.8062397"/>
 <node id="596124322" visible="true" version="2" changeset="6726738" timestamp="2010-12-21T16:27:30Z" user="RodrigoMoya" uid="6053" lat="41.8130858" lon="-0.8064282"/>
 <node id="596124323" visible="true" version="2" changeset="12930012" timestamp="2012-08-31T11:58:23Z" user="sidvicio" uid="462862" lat="41.8115059" lon="-0.8067683"/>
 <node id="596124324" visible="true" version="2" changeset="12930012" timestamp="2012-08-31T11:58:23Z" user="sidvicio" uid="462862" lat="41.8110316" lon="-0.8067496"/>
 <node id="596124325" visible="true" version="1" changeset="3405998" timestamp="2009-12-19T11:05:36Z" user="oscarcollazo" uid="198173" lat="41.8100369" lon="-0.8069714"/>
 <node id="596124326" visible="true" version="2" changeset="12930012" timestamp="2012-08-31T11:58:23Z" user="sidvicio" uid="462862" lat="41.8088725" lon="-0.8071459"/>
 <node id="596124327" visible="true" version="1" changeset="3405998" timestamp="2009-12-19T11:05:36Z" user="oscarcollazo" uid="198173" lat="41.8085495" lon="-0.8073362"/>
 <node id="596124328" visible="true" version="2" changeset="12930012" timestamp="2012-08-31T11:58:24Z" user="sidvicio" uid="462862" lat="41.8081697" lon="-0.8074978"/>
 <node id="596124329" visible="true" version="2" changeset="12930012" timestamp="2012-08-31T11:58:24Z" user="sidvicio" uid="462862" lat="41.8071965" lon="-0.8081042"/>
 <node id="596124330" visible="true" version="2" changeset="12930012" timestamp="2012-08-31T11:58:24Z" user="sidvicio" uid="462862" lat="41.8068478" lon="-0.8083479"/>
 <node id="596124331" visible="true" version="2" changeset="12930012" timestamp="2012-08-31T11:58:24Z" user="sidvicio" uid="462862" lat="41.8054599" lon="-0.8088296"/>
 <node id="596124332" visible="true" version="2" changeset="12930012" timestamp="2012-08-31T11:58:25Z" user="sidvicio" uid="462862" lat="41.8050402" lon="-0.8087694"/>
 <node id="596124333" visible="true" version="2" changeset="12930012" timestamp="2012-08-31T11:58:25Z" user="sidvicio" uid="462862" lat="41.8044035" lon="-0.8089269"/>
 <node id="596124334" visible="true" version="2" changeset="12930012" timestamp="2012-08-31T11:58:25Z" user="sidvicio" uid="462862" lat="41.8037988" lon="-0.8090155"/>
 <node id="596124335" visible="true" version="2" changeset="12930012" timestamp="2012-08-31T11:58:25Z" user="sidvicio" uid="462862" lat="41.8026804" lon="-0.8094560"/>
 <node id="596124336" visible="true" version="2" changeset="12930012" timestamp="2012-08-31T11:58:26Z" user="sidvicio" uid="462862" lat="41.8024075" lon="-0.8095305"/>
 <node id="596124337" visible="true" version="2" changeset="12930012" timestamp="2012-08-31T11:58:26Z" user="sidvicio" uid="462862" lat="41.8015907" lon="-0.8098208"/>
 <node id="596124338" visible="true" version="2" changeset="12930012" timestamp="2012-08-31T11:58:26Z" user="sidvicio" uid="462862" lat="41.8008229" lon="-0.8100683"/>
 <node id="596124339" visible="true" version="2" changeset="12930012" timestamp="2012-08-31T11:58:27Z" user="sidvicio" uid="462862" lat="41.8002619" lon="-0.8102929"/>
 <node id="596124340" visible="true" version="2" changeset="12930012" timestamp="2012-08-31T11:58:27Z" user="sidvicio" uid="462862" lat="41.7997287" lon="-0.8104631"/>
 <node id="596124341" visible="true" version="2" changeset="12930012" timestamp="2012-08-31T11:58:27Z" user="sidvicio" uid="462862" lat="41.7988745" lon="-0.8107193"/>
 <node id="596124342" visible="true" version="4" changeset="162053397" timestamp="2025-02-02T16:21:36Z" user="armin762" uid="17955075" lat="41.7985192" lon="-0.8107982"/>
 <node id="702670193" visible="true" version="4" changeset="162053397" timestamp="2025-02-02T16:21:36Z" user="armin762" uid="17955075" lat="41.7984605" lon="-0.8108546"/>
 <node id="702670196" visible="true" version="4" changeset="162053397" timestamp="2025-02-02T16:21:36Z" user="armin762" uid="17955075" lat="41.7983442" lon="-0.8109160"/>
 <node id="1140894848" visible="true" version="9" changeset="168728932" timestamp="2025-07-10T07:48:17Z" user="Hugoren Martinako" uid="3392826" lat="41.8223251" lon="-0.8086962">
  <tag k="ele" v="307.92"/>
  <tag k="man_made" v="survey_point"/>
  <tag k="ref:ES:rednap" v="217029"/>
  <tag k="source" v="Red de Nivelación de Alta Precisión (REDNAP)"/>
  <tag k="source:url" v="https://api-features.ign.es/collections/red_nap/items/217029"/>
 </node>
 <node id="1140895850" visible="true" version="9" changeset="168728932" timestamp="2025-07-10T07:48:17Z" user="Hugoren Martinako" uid="3392826" lat="41.8324564" lon="-0.8073544">
  <tag k="ele" v="313.62"/>
  <tag k="man_made" v="survey_point"/>
  <tag k="ref:ES:rednap" v="217030"/>
  <tag k="source" v="Red de Nivelación de Alta Precisión (REDNAP)"/>
  <tag k="source:url" v="https://api-features.ign.es/collections/red_nap/items/217030"/>
 </node>
 <node id="1567004144" visible="true" version="1" changeset="10234221" timestamp="2011-12-29T11:17:56Z" user="Tronikon" uid="123364" lat="41.7241602" lon="-0.7406435">
  <tag k="power" v="tower"/>
  <tag k="source" v="Bing"/>
 </node>
 <node id="1567004176" visible="true" version="1" changeset="10234221" timestamp="2011-12-29T11:17:57Z" user="Tronikon" uid="123364" lat="41.7306063" lon="-0.7442056">
  <tag k="power" v="tower"/>
  <tag k="source" v="Bing"/>
 </node>
 <node id="1567004184" visible="true" version="1" changeset="10234221" timestamp="2011-12-29T11:17:57Z" user="Tronikon" uid="123364" lat="41.7345359" lon="-0.7463619">
  <tag k="power" v="tower"/>
  <tag k="source" v="Bing"/>
 </node>
 <node id="1567004242" visible="true" version="1" changeset="10234221" timestamp="2011-12-29T11:18:02Z" user="Tronikon" uid="123364" lat="41.7439456" lon="-0.7515238">
  <tag k="power" v="tower"/>
  <tag k="source" v="Bing"/>
 </node>
 <node id="1567004252" visible="true" version="2" changeset="12115576" timestamp="2012-07-04T22:22:56Z" user="Basstoelpel" uid="72235" lat="41.7443056" lon="-0.8468595">
  <tag k="power" v="tower"/>
  <tag k="source" v="Bing"/>
 </node>
 <node id="1567004254" visible="true" version="1" changeset="10234221" timestamp="2011-12-29T11:18:03Z" user="Tronikon" uid="123364" lat="41.7465831" lon="-0.8470954">
  <tag k="power" v="tower"/>
  <tag k="source" v="Bing"/>
 </node>
 <node id="1567004255" visible="true" version="1" changeset="10234221" timestamp="2011-12-29T11:18:03Z" user="Tronikon" uid="123364" lat="41.7480687" lon="-0.7537815">
  <tag k="power" v="tower"/>
  <tag k="source" v="Bing"/>
 </node>
 <node id="1567004257" visible="true" version="1" changeset="10234221" timestamp="2011-12-29T11:18:04Z" user="Tronikon" uid="123364" lat="41.7489110" lon="-0.8457707">
  <tag k="power" v="tower"/>
  <tag k="source" v="Bing"/>
 </node>
 <node id="1567004259" visible="true" version="1" changeset="10234221" timestamp="2011-12-29T11:18:04Z" user="Tronikon" uid="123364" lat="41.7513429" lon="-0.8444633">
  <tag k="power" v="tower"/>
  <tag k="source" v="Bing"/>
 </node>
 <node id="1567004260" visible="true" version="1" changeset="10234221" timestamp="2011-12-29T11:18:04Z" user="Tronikon" uid="123364" lat="41.7517328" lon="-0.7558622">
  <tag k="power" v="tower"/>
  <tag k="source" v="Bing"/>
 </node>
 <node id="1567004262" visible="true" version="1" changeset="10234221" timestamp="2011-12-29T11:18:05Z" user="Tronikon" uid="123364" lat="41.7539957" lon="-0.8429991">
  <tag k="power" v="tower"/>
  <tag k="source" v="Bing"/>
 </node>
 <node id="1567004263" visible="true" version="1" changeset="10234221" timestamp="2011-12-29T11:18:05Z" user="Tronikon" uid="123364" lat="41.7546551" lon="-0.7574291">
  <tag k="power" v="tower"/>
  <tag k="source" v="Bing"/>
 </node>
 <node id="1567004271" visible="true" version="1" changeset="10234221" timestamp="2011-12-29T11:18:05Z" user="Tronikon" uid="123364" lat="41.7567785" lon="-0.8414826">
  <tag k="power" v="tower"/>
  <tag k="source" v="Bing"/>
 </node>
 <node id="1567004274" visible="true" version="1" changeset="10234221" timestamp="2011-12-29T11:18:05Z" user="Tronikon" uid="123364" lat="41.7573258" lon="-0.7589117">
  <tag k="power" v="tower"/>
  <tag k="source" v="Bing"/>
 </node>
 <node id="1567004278" visible="true" version="1" changeset="10234221" timestamp="2011-12-29T11:18:06Z" user="Tronikon" uid="123364" lat="41.7589890" lon="-0.8406982">
  <tag k="power" v="tower"/>
  <tag k="source" v="Bing"/>
 </node>
 <node id="1567004284" visible="true" version="2" changeset="19915310" timestamp="2014-01-10T11:05:09Z" user="sidvicio" uid="462862" lat="41.7611861" lon="-0.8399240">
  <tag k="power" v="tower"/>
  <tag k="source" v="Bing"/>
 </node>
 <node id="1567004285" visible="true" version="1" changeset="10234221" timestamp="2011-12-29T11:18:06Z" user="Tronikon" uid="123364" lat="41.7617231" lon="-0.7613316">
  <tag k="power" v="tower"/>
  <tag k="source" v="Bing"/>
 </node>
 <node id="1567004287" visible="true" version="1" changeset="10234221" timestamp="2011-12-29T11:18:06Z" user="Tronikon" uid="123364" lat="41.7639168" lon="-0.8388854">
  <tag k="power" v="tower"/>
  <tag k="source" v="Bing"/>
 </node>
 <node id="1567004289" visible="true" version="1" changeset="10234221" timestamp="2011-12-29T11:18:07Z" user="Tronikon" uid="123364" lat="41.7650108" lon="-0.7630984">
  <tag k="power" v="tower"/>
  <tag k="source" v="Bing"/>
 </node>
 <node id="1567004290" visible="true" version="1" changeset="10234221" timestamp="2011-12-29T11:18:07Z" user="Tronikon" uid="123364" lat="41.7668032" lon="-0.8378744">
  <tag k="power" v="tower"/>
  <tag k="source" v="Bing"/>
 </node>
 <node id="1567004292" visible="true" version="1" changeset="10234221" timestamp="2011-12-29T11:18:07Z" user="Tronikon" uid="123364" lat="41.7683409" lon="-0.7657604">
  <tag k="power" v="tower"/>
  <tag k="source" v="Bing"/>
 </node>
 <node id="1567004293" visible="true" version="1" changeset="10234221" timestamp="2011-12-29T11:18:07Z" user="Tronikon" uid="123364" lat="41.7695334" lon="-0.8369157">
  <tag k="power" v="tower"/>
  <tag k="source" v="Bing"/>
 </node>
 <node id="1567004297" visible="true" version="1" changeset="10234221" timestamp="2011-12-29T11:18:08Z" user="Tronikon" uid="123364" lat="41.7722300" lon="-0.7688183">
  <tag k="power" v="tower"/>
  <tag k="source" v="Bing"/>
 </node>
 <node id="1567004300" visible="true" version="1" changeset="10234221" timestamp="2011-12-29T11:18:08Z" user="Tronikon" uid="123364" lat="41.7725884" lon="-0.8358349">
  <tag k="power" v="tower"/>
  <tag k="source" v="Bing"/>
 </node>
 <node id="1567004304" visible="true" version="1" changeset="10234221" timestamp="2011-12-29T11:18:08Z" user="Tronikon" uid="123364" lat="41.7759303" lon="-0.7717162">
  <tag k="power" v="tower"/>
  <tag k="source" v="Bing"/>
 </node>
 <node id="1567004313" visible="true" version="1" changeset="10234221" timestamp="2011-12-29T11:18:09Z" user="Tronikon" uid="123364" lat="41.7763323" lon="-0.8344753">
  <tag k="power" v="tower"/>
  <tag k="source" v="Bing"/>
 </node>
 <node id="1567004315" visible="true" version="2" changeset="37721558" timestamp="2016-03-09T22:06:47Z" user="42429" uid="42429" lat="41.7763248" lon="-0.8360647">
  <tag k="power" v="tower"/>
  <tag k="source" v="Bing"/>
 </node>
 <node id="1567004316" visible="true" version="1" changeset="10234221" timestamp="2011-12-29T11:18:09Z" user="Tronikon" uid="123364" lat="41.7782536" lon="-0.8353537">
  <tag k="power" v="tower"/>
  <tag k="source" v="Bing"/>
 </node>
 <node id="1567004317" visible="true" version="1" changeset="10234221" timestamp="2011-12-29T11:18:09Z" user="Tronikon" uid="123364" lat="41.7792975" lon="-0.7743951">
  <tag k="power" v="tower"/>
  <tag k="source" v="Bing"/>
 </node>
 <node id="1567004318" visible="true" version="1" changeset="10234221" timestamp="2011-12-29T11:18:09Z" user="Tronikon" uid="123364" lat="41.7795563" lon="-0.8337517">
  <tag k="power" v="tower"/>
  <tag k="source" v="Bing"/>
 </node>
 <node id="1567004319" visible="true" version="1" changeset="10234221" timestamp="2011-12-29T11:18:09Z" user="Tronikon" uid="123364" lat="41.7805868" lon="-0.8345344">
  <tag k="power" v="tower"/>
  <tag k="source" v="Bing"/>
 </node>
 <node id="1567004320" visible="true" version="1" changeset="10234221" timestamp="2011-12-29T11:18:09Z" user="Tronikon" uid="123364" lat="41.7819644" lon="-0.8330984">
  <tag k="power" v="tower"/>
  <tag k="source" v="Bing"/>
 </node>
 <node id="1567004321" visible="true" version="1" changeset="10234221" timestamp="2011-12-29T11:18:10Z" user="Tronikon" uid="123364" lat="41.7828160" lon="-0.8337413">
  <tag k="power" v="tower"/>
  <tag k="source" v="Bing"/>
 </node>
 <node id="1567004322" visible="true" version="1" changeset="10234221" timestamp="2011-12-29T11:18:10Z" user="Tronikon" uid="123364" lat="41.7828907" lon="-0.7772002">
  <tag k="power" v="tower"/>
  <tag k="source" v="Bing"/>
 </node>
 <node id="1567004323" visible="true" version="1" changeset="10234221" timestamp="2011-12-29T11:18:10Z" user="Tronikon" uid="123364" lat="41.7848871" lon="-0.8317179">
  <tag k="power" v="tower"/>
  <tag k="source" v="Bing"/>
 </node>
 <node id="1567004324" visible="true" version="1" changeset="10234221" timestamp="2011-12-29T11:18:10Z" user="Tronikon" uid="123364" lat="41.7849216" lon="-0.8329831">
  <tag k="power" v="tower"/>
  <tag k="source" v="Bing"/>
 </node>
 <node id="1567004325" visible="true" version="1" changeset="10234221" timestamp="2011-12-29T11:18:10Z" user="Tronikon" uid="123364" lat="41.7859749" lon="-0.7796095">
  <tag k="power" v="tower"/>
  <tag k="source" v="Bing"/>
 </node>
 <node id="1567004326" visible="true" version="1" changeset="10234221" timestamp="2011-12-29T11:18:10Z" user="Tronikon" uid="123364" lat="41.7870207" lon="-0.8322510">
  <tag k="power" v="tower"/>
  <tag k="source" v="Bing"/>
 </node>
 <node id="1567004327" visible="true" version="1" changeset="10234221" timestamp="2011-12-29T11:18:11Z" user="Tronikon" uid="123364" lat="41.7877545" lon="-0.8303868">
  <tag k="power" v="tower"/>
  <tag k="source" v="Bing"/>
 </node>
 <node id="1567004328" visible="true" version="1" changeset="10234221" timestamp="2011-12-29T11:18:11Z" user="Tronikon" uid="123364" lat="41.7893796" lon="-0.8314230">
  <tag k="power" v="tower"/>
  <tag k="source" v="Bing"/>
 </node>
 <node id="1567004329" visible="true" version="1" changeset="10234221" timestamp="2011-12-29T11:18:11Z" user="Tronikon" uid="123364" lat="41.7900324" lon="-0.7828275">
  <tag k="power" v="tower"/>
  <tag k="source" v="Bing"/>
 </node>
 <node id="1567004330" visible="true" version="1" changeset="10234221" timestamp="2011-12-29T11:18:11Z" user="Tronikon" uid="123364" lat="41.7908515" lon="-0.8292651">
  <tag k="power" v="tower"/>
  <tag k="source" v="Bing"/>
 </node>
 <node id="1567004335" visible="true" version="1" changeset="10234221" timestamp="2011-12-29T11:18:12Z" user="Tronikon" uid="123364" lat="41.7916735" lon="-0.8305689">
  <tag k="power" v="tower"/>
  <tag k="source" v="Bing"/>
 </node>
 <node id="1567004337" visible="true" version="1" changeset="10234221" timestamp="2011-12-29T11:18:12Z" user="Tronikon" uid="123364" lat="41.7938657" lon="-0.8282051">
  <tag k="power" v="tower"/>
  <tag k="source" v="Bing"/>
 </node>
 <node id="1567004339" visible="true" version="1" changeset="10234221" timestamp="2011-12-29T11:18:12Z" user="Tronikon" uid="123364" lat="41.7940193" lon="-0.8297496">
  <tag k="power" v="tower"/>
  <tag k="source" v="Bing"/>
 </node>
 <node id="1567004341" visible="true" version="1" changeset="10234221" timestamp="2011-12-29T11:18:12Z" user="Tronikon" uid="123364" lat="41.7944729" lon="-0.7863235">
  <tag k="power" v="tower"/>
  <tag k="source" v="Bing"/>
 </node>
 <node id="1567004348" visible="true" version="1" changeset="10234221" timestamp="2011-12-29T11:18:12Z" user="Tronikon" uid="123364" lat="41.7961570" lon="-0.8290001">
  <tag k="power" v="tower"/>
  <tag k="source" v="Bing"/>
 </node>
 <node id="1567004350" visible="true" version="1" changeset="10234221" timestamp="2011-12-29T11:18:12Z" user="Tronikon" uid="123364" lat="41.7966133" lon="-0.8272314">
  <tag k="power" v="tower"/>
  <tag k="source" v="Bing"/>
 </node>
 <node id="1567004352" visible="true" version="1" changeset="10234221" timestamp="2011-12-29T11:18:12Z" user="Tronikon" uid="123364" lat="41.7985156" lon="-0.8281634">
  <tag k="power" v="tower"/>
  <tag k="source" v="Bing"/>
 </node>
 <node id="1567004353" visible="true" version="1" changeset="10234221" timestamp="2011-12-29T11:18:13Z" user="Tronikon" uid="123364" lat="41.7985802" lon="-0.7895499">
  <tag k="power" v="tower"/>
  <tag k="source" v="Bing"/>
 </node>
 <node id="1567004354" visible="true" version="1" changeset="10234221" timestamp="2011-12-29T11:18:13Z" user="Tronikon" uid="123364" lat="41.7993515" lon="-0.8262207">
  <tag k="power" v="tower"/>
  <tag k="source" v="Bing"/>
 </node>
 <node id="1567004355" visible="true" version="1" changeset="10234221" timestamp="2011-12-29T11:18:13Z" user="Tronikon" uid="123364" lat="41.8007377" lon="-0.8273703">
  <tag k="power" v="tower"/>
  <tag k="source" v="Bing"/>
 </node>
 <node id="1567004356" visible="true" version="1" changeset="10234221" timestamp="2011-12-29T11:18:13Z" user="Tronikon" uid="123364" lat="41.8021346" lon="-0.7923551">
  <tag k="power" v="tower"/>
  <tag k="source" v="Bing"/>
 </node>
 <node id="1567004357" visible="true" version="1" changeset="10234221" timestamp="2011-12-29T11:18:13Z" user="Tronikon" uid="123364" lat="41.8024388" lon="-0.8251114">
  <tag k="power" v="tower"/>
  <tag k="source" v="Bing"/>
 </node>
 <node id="1567004358" visible="true" version="1" changeset="10234221" timestamp="2011-12-29T11:18:13Z" user="Tronikon" uid="123364" lat="41.8030116" lon="-0.8265248">
  <tag k="power" v="tower"/>
  <tag k="source" v="Bing"/>
 </node>
 <node id="1567004359" visible="true" version="1" changeset="10234221" timestamp="2011-12-29T11:18:14Z" user="Tronikon" uid="123364" lat="41.8051860" lon="-0.8241377">
  <tag k="power" v="tower"/>
  <tag k="source" v="Bing"/>
 </node>
 <node id="1567004360" visible="true" version="1" changeset="10234221" timestamp="2011-12-29T11:18:14Z" user="Tronikon" uid="123364" lat="41.8053180" lon="-0.8257404">
  <tag k="power" v="tower"/>
  <tag k="source" v="Bing"/>
 </node>
 <node id="1567004361" visible="true" version="1" changeset="10234221" timestamp="2011-12-29T11:18:14Z" user="Tronikon" uid="123364" lat="41.8064548" lon="-0.7957499">
  <tag k="power" v="tower"/>
  <tag k="source" v="Bing"/>
 </node>
 <node id="1567004362" visible="true" version="1" changeset="10234221" timestamp="2011-12-29T11:18:14Z" user="Tronikon" uid="123364" lat="41.8075853" lon="-0.8249038">
  <tag k="power" v="tower"/>
  <tag k="source" v="Bing"/>
 </node>
 <node id="1567004363" visible="true" version="1" changeset="10234221" timestamp="2011-12-29T11:18:15Z" user="Tronikon" uid="123364" lat="41.8078320" lon="-0.8231639">
  <tag k="power" v="tower"/>
  <tag k="source" v="Bing"/>
 </node>
 <node id="1567004364" visible="true" version="1" changeset="10234221" timestamp="2011-12-29T11:18:15Z" user="Tronikon" uid="123364" lat="41.8095551" lon="-0.7981950">
  <tag k="power" v="tower"/>
  <tag k="source" v="Bing"/>
 </node>
 <node id="1567004365" visible="true" version="1" changeset="10234221" timestamp="2011-12-29T11:18:15Z" user="Tronikon" uid="123364" lat="41.8097551" lon="-0.8241368">
  <tag k="power" v="tower"/>
  <tag k="source" v="Bing"/>
 </node>
 <node id="1567004366" visible="true" version="1" changeset="10234221" timestamp="2011-12-29T11:18:15Z" user="Tronikon" uid="123364" lat="41.8107811" lon="-0.8220793">
  <tag k="power" v="tower"/>
  <tag k="source" v="Bing"/>
 </node>
 <node id="1567004376" visible="true" version="1" changeset="10234221" timestamp="2011-12-29T11:18:15Z" user="Tronikon" uid="123364" lat="41.8120417" lon="-0.8233088">
  <tag k="power" v="tower"/>
  <tag k="source" v="Bing"/>
 </node>
 <node id="1567004380" visible="true" version="1" changeset="10234221" timestamp="2011-12-29T11:18:16Z" user="Tronikon" uid="123364" lat="41.8136289" lon="-0.8210809">
  <tag k="power" v="tower"/>
  <tag k="source" v="Bing"/>
 </node>
 <node id="1567004383" visible="true" version="1" changeset="10234221" timestamp="2011-12-29T11:18:16Z" user="Tronikon" uid="123364" lat="41.8136714" lon="-0.8014601">
  <tag k="power" v="tower"/>
  <tag k="source" v="Bing"/>
 </node>
 <node id="1567004384" visible="true" version="1" changeset="10234221" timestamp="2011-12-29T11:18:16Z" user="Tronikon" uid="123364" lat="41.8143608" lon="-0.8224721">
  <tag k="power" v="tower"/>
  <tag k="source" v="Bing"/>
 </node>
 <node id="1567004385" visible="true" version="1" changeset="10234221" timestamp="2011-12-29T11:18:16Z" user="Tronikon" uid="123364" lat="41.8163940" lon="-0.8200949">
  <tag k="power" v="tower"/>
  <tag k="source" v="Bing"/>
 </node>
 <node id="1567004386" visible="true" version="1" changeset="10234221" timestamp="2011-12-29T11:18:16Z" user="Tronikon" uid="123364" lat="41.8168356" lon="-0.8216093">
  <tag k="power" v="tower"/>
  <tag k="source" v="Bing"/>
 </node>
 <node id="1567004387" visible="true" version="1" changeset="10234221" timestamp="2011-12-29T11:18:16Z" user="Tronikon" uid="123364" lat="41.8188947" lon="-0.8208946">
  <tag k="power" v="tower"/>
  <tag k="source" v="Bing"/>
 </node>
 <node id="1567004388" visible="true" version="1" changeset="10234221" timestamp="2011-12-29T11:18:17Z" user="Tronikon" uid="123364" lat="41.8190488" lon="-0.8191335">
  <tag k="power" v="tower"/>
  <tag k="source" v="Bing"/>
 </node>
 <node id="1567004389" visible="true" version="1" changeset="10234221" timestamp="2011-12-29T11:18:17Z" user="Tronikon" uid="123364" lat="41.8191017" lon="-0.8057482">
  <tag k="power" v="tower"/>
  <tag k="source" v="Bing"/>
 </node>
 <node id="1567004390" visible="true" version="1" changeset="10234221" timestamp="2011-12-29T11:18:17Z" user="Tronikon" uid="123364" lat="41.8211290" lon="-0.8201189">
  <tag k="power" v="tower"/>
  <tag k="source" v="Bing"/>
 </node>
 <node id="1567004391" visible="true" version="1" changeset="10234221" timestamp="2011-12-29T11:18:17Z" user="Tronikon" uid="123364" lat="41.8217401" lon="-0.8181844">
  <tag k="power" v="tower"/>
  <tag k="source" v="Bing"/>
 </node>
 <node id="1567004392" visible="true" version="1" changeset="10234221" timestamp="2011-12-29T11:18:17Z" user="Tronikon" uid="123364" lat="41.8228754" lon="-0.8066895">
  <tag k="power" v="tower"/>
  <tag k="source" v="Bing"/>
 </node>
 <node id="1567004393" visible="true" version="1" changeset="10234221" timestamp="2011-12-29T11:18:17Z" user="Tronikon" uid="123364" lat="41.8234497" lon="-0.8192506">
  <tag k="power" v="tower"/>
  <tag k="source" v="Bing"/>
 </node>
 <node id="1567004395" visible="true" version="1" changeset="10234221" timestamp="2011-12-29T11:18:18Z" user="Tronikon" uid="123364" lat="41.8246794" lon="-0.8171244">
  <tag k="power" v="tower"/>
  <tag k="source" v="Bing"/>
 </node>
 <node id="1567004397" visible="true" version="1" changeset="10234221" timestamp="2011-12-29T11:18:18Z" user="Tronikon" uid="123364" lat="41.8257689" lon="-0.8184062">
  <tag k="power" v="tower"/>
  <tag k="source" v="Bing"/>
 </node>
 <node id="1567004400" visible="true" version="1" changeset="10234221" timestamp="2011-12-29T11:18:18Z" user="Tronikon" uid="123364" lat="41.8266423" lon="-0.8076133">
  <tag k="power" v="tower"/>
  <tag k="source" v="Bing"/>
 </node>
 <node id="1567004402" visible="true" version="1" changeset="10234221" timestamp="2011-12-29T11:18:18Z" user="Tronikon" uid="123364" lat="41.8277287" lon="-0.8160397">
  <tag k="power" v="tower"/>
  <tag k="source" v="Bing"/>
 </node>
 <node id="1567004412" visible="true" version="1" changeset="10234221" timestamp="2011-12-29T11:18:19Z" user="Tronikon" uid="123364" lat="41.8279594" lon="-0.8176297">
  <tag k="power" v="tower"/>
  <tag k="source" v="Bing"/>
 </node>
 <node id="1567004413" visible="true" version="1" changeset="10234221" timestamp="2011-12-29T11:18:19Z" user="Tronikon" uid="123364" lat="41.8302417" lon="-0.8168409">
  <tag k="power" v="tower"/>
  <tag k="source" v="Bing"/>
 </node>
 <node id="1567004414" visible="true" version="1" changeset="10234221" timestamp="2011-12-29T11:18:19Z" user="Tronikon" uid="123364" lat="41.8307228" lon="-0.8149427">
  <tag k="power" v="tower"/>
  <tag k="source" v="Bing"/>
 </node>
 <node id="1567004415" visible="true" version="2" changeset="12960398" timestamp="2012-09-02T21:10:39Z" user="demetrio_m" uid="196617" lat="41.8309675" lon="-0.8086592">
  <tag k="power" v="tower"/>
  <tag k="source" v="Bing"/>
 </node>
 <node id="1813169768" visible="true" version="2" changeset="12960850" timestamp="2012-09-02T21:51:57Z" user="demetrio_m" uid="196617" lat="41.7225363" lon="-0.7405976">
  <tag k="power" v="tower"/>
 </node>
 <node id="1813169770" visible="true" version="2" changeset="12960398" timestamp="2012-09-02T21:10:39Z" user="demetrio_m" uid="196617" lat="41.7229984" lon="-0.7400246">
  <tag k="power" v="tower"/>
 </node>
 <node id="1813227091" visible="true" version="2" changeset="12960398" timestamp="2012-09-02T21:10:39Z" user="demetrio_m" uid="196617" lat="41.8355422" lon="-0.8098031">
  <tag k="power" v="tower"/>
 </node>
 <node id="1813227092" visible="true" version="2" changeset="12960398" timestamp="2012-09-02T21:10:39Z" user="demetrio_m" uid="196617" lat="41.8398952" lon="-0.8108720">
  <tag k="power" v="tower"/>
 </node>
 <node id="1813227093" visible="true" version="2" changeset="12207919" timestamp="2012-07-13T15:29:46Z" user="sidvicio" uid="462862" lat="41.8417350" lon="-0.8110146">
  <tag k="power" v="tower"/>
 </node>
 <node id="1813227094" visible="true" version="2" changeset="12960398" timestamp="2012-09-02T21:10:39Z" user="demetrio_m" uid="196617" lat="41.8417469" lon="-0.8113346">
  <tag k="power" v="tower"/>
 </node>
 <node id="1813227095" visible="true" version="2" changeset="12207919" timestamp="2012-07-13T15:29:46Z" user="sidvicio" uid="462862" lat="41.8447413" lon="-0.8099292">
  <tag k="power" v="tower"/>
 </node>
 <node id="1813227096" visible="true" version="2" changeset="12960398" timestamp="2012-09-02T21:10:39Z" user="demetrio_m" uid="196617" lat="41.8455210" lon="-0.8113895">
  <tag k="power" v="tower"/>
 </node>
 <node id="1813227097" visible="true" version="2" changeset="12960398" timestamp="2012-09-02T21:10:40Z" user="demetrio_m" uid="196617" lat="41.8482815" lon="-0.8139603">
  <tag k="power" v="tower"/>
 </node>
 <node id="1813227098" visible="true" version="2" changeset="12207919" timestamp="2012-07-13T15:29:47Z" user="sidvicio" uid="462862" lat="41.8702912" lon="-0.8004760">
  <tag k="power" v="tower"/>
 </node>
 <node id="1813227099" visible="true" version="2" changeset="88890896" timestamp="2020-08-03T18:48:30Z" user="Basstoelpel" uid="72235" lat="41.8705392" lon="-0.8024623">
  <tag k="design" v="triangle"/>
  <tag k="power" v="tower"/>
 </node>
 <node id="1813227100" visible="true" version="2" changeset="88890896" timestamp="2020-08-03T18:48:30Z" user="Basstoelpel" uid="72235" lat="41.8711143" lon="-0.8022665">
  <tag k="design" v="three-level"/>
  <tag k="power" v="tower"/>
 </node>
 <node id="1813227109" visible="true" version="2" changeset="12207919" timestamp="2012-07-13T15:29:47Z" user="sidvicio" uid="462862" lat="41.8735864" lon="-0.7995544">
  <tag k="power" v="tower"/>
 </node>
 <node id="1813227110" visible="true" version="2" changeset="12960398" timestamp="2012-09-02T21:10:40Z" user="demetrio_m" uid="196617" lat="41.8775369" lon="-0.8245080">
  <tag k="power" v="tower"/>
 </node>
 <node id="1813227113" visible="true" version="2" changeset="12229530" timestamp="2012-07-15T14:10:45Z" user="Basstoelpel" uid="72235" lat="41.8934995" lon="-0.7931973">
  <tag k="power" v="tower"/>
 </node>
 <node id="1813227114" visible="true" version="2" changeset="12960398" timestamp="2012-09-02T21:10:40Z" user="demetrio_m" uid="196617" lat="41.8970231" lon="-0.8307965">
  <tag k="power" v="tower"/>
 </node>
 <node id="1813227115" visible="true" version="2" changeset="12960398" timestamp="2012-09-02T21:10:40Z" user="demetrio_m" uid="196617" lat="41.9079339" lon="-0.8343077">
  <tag k="power" v="tower"/>
 </node>
 <node id="1813227116" visible="true" version="2" changeset="12960398" timestamp="2012-09-02T21:10:40Z" user="demetrio_m" uid="196617" lat="41.9152568" lon="-0.8366665">
  <tag k="power" v="tower"/>
 </node>
 <node id="1813227117" visible="true" version="2" changeset="12960320" timestamp="2012-09-02T21:05:34Z" user="demetrio_m" uid="196617" lat="41.9473111" lon="-0.8614300">
  <tag k="power" v="tower"/>
 </node>
 <node id="1824446411" visible="true" version="1" changeset="12207919" timestamp="2012-07-13T15:29:10Z" user="sidvicio" uid="462862" lat="41.8384106" lon="-0.8122005">
  <tag k="power" v="tower"/>
 </node>
 <node id="1826425758" visible="true" version="1" changeset="12229096" timestamp="2012-07-15T14:08:19Z" user="sidvicio" uid="462862" lat="41.8284052" lon="-0.8044275"/>
 <node id="1826425777" visible="true" version="1" changeset="12229096" timestamp="2012-07-15T14:08:19Z" user="sidvicio" uid="462862" lat="41.8284088" lon="-0.8046842"/>
 <node id="1826425817" visible="true" version="1" changeset="12229096" timestamp="2012-07-15T14:08:20Z" user="sidvicio" uid="462862" lat="41.8284305" lon="-0.8041369"/>
 <node id="1826425830" visible="true" version="2" changeset="12930012" timestamp="2012-08-31T11:57:31Z" user="sidvicio" uid="462862" lat="41.8284384" lon="-0.8048027"/>
 <node id="1826425899" visible="true" version="1" changeset="12229096" timestamp="2012-07-15T14:08:21Z" user="sidvicio" uid="462862" lat="41.8285063" lon="-0.8038464"/>
 <node id="1826425950" visible="true" version="1" changeset="12229096" timestamp="2012-07-15T14:08:22Z" user="sidvicio" uid="462862" lat="41.8286037" lon="-0.8035945"/>
 <node id="1826426182" visible="true" version="1" changeset="12229096" timestamp="2012-07-15T14:08:25Z" user="sidvicio" uid="462862" lat="41.8286831" lon="-0.8034396"/>
 <node id="1826426301" visible="true" version="1" changeset="12229096" timestamp="2012-07-15T14:08:26Z" user="sidvicio" uid="462862" lat="41.8288058" lon="-0.8033572"/>
 <node id="1826426515" visible="true" version="1" changeset="12229096" timestamp="2012-07-15T14:08:29Z" user="sidvicio" uid="462862" lat="41.8289826" lon="-0.8032458"/>
 <node id="1826426624" visible="true" version="1" changeset="12229096" timestamp="2012-07-15T14:08:31Z" user="sidvicio" uid="462862" lat="41.8291883" lon="-0.8031054"/>
 <node id="1826426757" visible="true" version="1" changeset="12229096" timestamp="2012-07-15T14:08:33Z" user="sidvicio" uid="462862" lat="41.8294156" lon="-0.8028003"/>
 <node id="1826426973" visible="true" version="1" changeset="12229096" timestamp="2012-07-15T14:08:37Z" user="sidvicio" uid="462862" lat="41.8297440" lon="-0.8023402"/>
 <node id="1826427064" visible="true" version="1" changeset="12229096" timestamp="2012-07-15T14:08:38Z" user="sidvicio" uid="462862" lat="41.8298126" lon="-0.8022143"/>
 <node id="1826427128" visible="true" version="2" changeset="85622845" timestamp="2020-05-22T16:38:08Z" user="Robot8A" uid="393359" lat="41.8297684" lon="-0.8006778"/>
 <node id="1826427191" visible="true" version="1" changeset="12229096" timestamp="2012-07-15T14:08:40Z" user="sidvicio" uid="462862" lat="41.8298631" lon="-0.8019819"/>
 <node id="1826427310" visible="true" version="1" changeset="12229096" timestamp="2012-07-15T14:08:43Z" user="sidvicio" uid="462862" lat="41.8299605" lon="-0.8015944"/>
 <node id="1826427328" visible="true" version="1" changeset="12229096" timestamp="2012-07-15T14:08:44Z" user="sidvicio" uid="462862" lat="41.8300038" lon="-0.8014346"/>
 <node id="1826427381" visible="true" version="1" changeset="12229096" timestamp="2012-07-15T14:08:45Z" user="sidvicio" uid="462862" lat="41.8300832" lon="-0.8013378"/>
 <node id="1826427397" visible="true" version="3" changeset="48241881" timestamp="2017-04-28T22:38:59Z" user="ansuta" uid="3188422" lat="41.8301938" lon="-0.8099008"/>
 <node id="1826427469" visible="true" version="2" changeset="19932194" timestamp="2014-01-11T10:34:52Z" user="sidvicio" uid="462862" lat="41.8301976" lon="-0.8012045"/>
 <node id="1826427488" visible="true" version="2" changeset="19932194" timestamp="2014-01-11T10:34:52Z" user="sidvicio" uid="462862" lat="41.8303246" lon="-0.8011081"/>
 <node id="1826427546" visible="true" version="3" changeset="85622845" timestamp="2020-05-22T16:38:08Z" user="Robot8A" uid="393359" lat="41.8304071" lon="-0.8010469"/>
 <node id="1826429755" visible="true" version="1" changeset="12229530" timestamp="2012-07-15T14:10:39Z" user="Basstoelpel" uid="72235" lat="41.8337263" lon="-0.8138900">
  <tag k="power" v="tower"/>
 </node>
 <node id="1826429757" visible="true" version="1" changeset="12229530" timestamp="2012-07-15T14:10:39Z" user="Basstoelpel" uid="72235" lat="41.8478609" lon="-0.8088072">
  <tag k="power" v="tower"/>
 </node>
 <node id="1826429760" visible="true" version="1" changeset="12229530" timestamp="2012-07-15T14:10:39Z" user="Basstoelpel" uid="72235" lat="41.8519959" lon="-0.8073199">
  <tag k="power" v="tower"/>
 </node>
 <node id="1826429775" visible="true" version="1" changeset="12229530" timestamp="2012-07-15T14:10:39Z" user="Basstoelpel" uid="72235" lat="41.8540514" lon="-0.8065806">
  <tag k="power" v="tower"/>
 </node>
 <node id="1826429776" visible="true" version="1" changeset="12229530" timestamp="2012-07-15T14:10:40Z" user="Basstoelpel" uid="72235" lat="41.8569797" lon="-0.8055272">
  <tag k="power" v="tower"/>
 </node>
 <node id="1826429777" visible="true" version="1" changeset="12229530" timestamp="2012-07-15T14:10:40Z" user="Basstoelpel" uid="72235" lat="41.8625699" lon="-0.8035162">
  <tag k="power" v="tower"/>
 </node>
 <node id="1826429778" visible="true" version="1" changeset="12229530" timestamp="2012-07-15T14:10:40Z" user="Basstoelpel" uid="72235" lat="41.8661667" lon="-0.8022222">
  <tag k="power" v="tower"/>
 </node>
 <node id="1826429779" visible="true" version="1" changeset="12229530" timestamp="2012-07-15T14:10:40Z" user="Basstoelpel" uid="72235" lat="41.8759051" lon="-0.7987244">
  <tag k="power" v="tower"/>
 </node>
 <node id="1826429781" visible="true" version="1" changeset="12229530" timestamp="2012-07-15T14:10:40Z" user="Basstoelpel" uid="72235" lat="41.8800680" lon="-0.7972341">
  <tag k="power" v="tower"/>
 </node>
 <node id="1826429783" visible="true" version="1" changeset="12229530" timestamp="2012-07-15T14:10:40Z" user="Basstoelpel" uid="72235" lat="41.8839032" lon="-0.7958426">
  <tag k="power" v="tower"/>
 </node>
 <node id="1826429785" visible="true" version="1" changeset="12229530" timestamp="2012-07-15T14:10:40Z" user="Basstoelpel" uid="72235" lat="41.8862987" lon="-0.7949806">
  <tag k="power" v="tower"/>
 </node>
 <node id="1826429788" visible="true" version="1" changeset="12229530" timestamp="2012-07-15T14:10:40Z" user="Basstoelpel" uid="72235" lat="41.8892941" lon="-0.7939028">
  <tag k="power" v="tower"/>
 </node>
 <node id="1826429793" visible="true" version="1" changeset="12229530" timestamp="2012-07-15T14:10:40Z" user="Basstoelpel" uid="72235" lat="41.8915391" lon="-0.7930949">
  <tag k="power" v="tower"/>
 </node>
 <node id="1826429801" visible="true" version="1" changeset="12229530" timestamp="2012-07-15T14:10:40Z" user="Basstoelpel" uid="72235" lat="41.8971702" lon="-0.7933376">
  <tag k="power" v="tower"/>
 </node>
 <node id="1826429821" visible="true" version="1" changeset="12229530" timestamp="2012-07-15T14:10:40Z" user="Basstoelpel" uid="72235" lat="41.9009687" lon="-0.7934828">
  <tag k="power" v="tower"/>
 </node>
 <node id="1826429825" visible="true" version="1" changeset="12229530" timestamp="2012-07-15T14:10:41Z" user="Basstoelpel" uid="72235" lat="41.9038621" lon="-0.7935945">
  <tag k="power" v="tower"/>
 </node>
 <node id="1826429827" visible="true" version="1" changeset="12229530" timestamp="2012-07-15T14:10:41Z" user="Basstoelpel" uid="72235" lat="41.9065445" lon="-0.7937033">
  <tag k="power" v="tower"/>
 </node>
 <node id="1826429828" visible="true" version="1" changeset="12229530" timestamp="2012-07-15T14:10:41Z" user="Basstoelpel" uid="72235" lat="41.9091290" lon="-0.7938081">
  <tag k="power" v="tower"/>
 </node>
 <node id="1826429829" visible="true" version="1" changeset="12229530" timestamp="2012-07-15T14:10:41Z" user="Basstoelpel" uid="72235" lat="41.9148146" lon="-0.7940386">
  <tag k="power" v="tower"/>
 </node>
 <node id="1826429830" visible="true" version="1" changeset="12229530" timestamp="2012-07-15T14:10:41Z" user="Basstoelpel" uid="72235" lat="41.9181496" lon="-0.7941738">
  <tag k="power" v="tower"/>
 </node>
 <node id="1826429831" visible="true" version="1" changeset="12229530" timestamp="2012-07-15T14:10:41Z" user="Basstoelpel" uid="72235" lat="41.9214741" lon="-0.7943087">
  <tag k="power" v="tower"/>
 </node>
 <node id="1826429832" visible="true" version="1" changeset="12229530" timestamp="2012-07-15T14:10:41Z" user="Basstoelpel" uid="72235" lat="41.9266159" lon="-0.7945172">
  <tag k="power" v="tower"/>
 </node>
 <node id="1826429836" visible="true" version="1" changeset="12229530" timestamp="2012-07-15T14:10:41Z" user="Basstoelpel" uid="72235" lat="41.9297589" lon="-0.7946447">
  <tag k="power" v="tower"/>
 </node>
 <node id="1826429854" visible="true" version="1" changeset="12229530" timestamp="2012-07-15T14:10:41Z" user="Basstoelpel" uid="72235" lat="41.9328473" lon="-0.7947700">
  <tag k="power" v="tower"/>
 </node>
 <node id="1826429900" visible="true" version="1" changeset="12229530" timestamp="2012-07-15T14:10:42Z" user="Basstoelpel" uid="72235" lat="41.9378971" lon="-0.7949773">
  <tag k="power" v="tower"/>
 </node>
 <node id="1826429902" visible="true" version="1" changeset="12229530" timestamp="2012-07-15T14:10:42Z" user="Basstoelpel" uid="72235" lat="41.9420982" lon="-0.7951497">
  <tag k="power" v="tower"/>
 </node>
 <node id="1826429905" visible="true" version="1" changeset="12229530" timestamp="2012-07-15T14:10:42Z" user="Basstoelpel" uid="72235" lat="41.9446767" lon="-0.7952556">
  <tag k="power" v="tower"/>
 </node>
 <node id="1826429908" visible="true" version="1" changeset="12229530" timestamp="2012-07-15T14:10:42Z" user="Basstoelpel" uid="72235" lat="41.9478245" lon="-0.7953848">
  <tag k="power" v="tower"/>
 </node>
 <node id="1826429911" visible="true" version="1" changeset="12229530" timestamp="2012-07-15T14:10:42Z" user="Basstoelpel" uid="72235" lat="41.9538402" lon="-0.7956318">
  <tag k="power" v="tower"/>
 </node>
 <node id="1826429913" visible="true" version="1" changeset="12229530" timestamp="2012-07-15T14:10:42Z" user="Basstoelpel" uid="72235" lat="41.9584552" lon="-0.7958049">
  <tag k="power" v="tower"/>
 </node>
 <node id="1826429916" visible="true" version="1" changeset="12229530" timestamp="2012-07-15T14:10:42Z" user="Basstoelpel" uid="72235" lat="41.9617338" lon="-0.7959347">
  <tag k="power" v="tower"/>
 </node>
 <node id="1826429918" visible="true" version="1" changeset="12229530" timestamp="2012-07-15T14:10:42Z" user="Basstoelpel" uid="72235" lat="41.9634787" lon="-0.7960074">
  <tag k="power" v="tower"/>
 </node>
 <node id="1826429920" visible="true" version="1" changeset="12229530" timestamp="2012-07-15T14:10:42Z" user="Basstoelpel" uid="72235" lat="41.9658078" lon="-0.7959413">
  <tag k="power" v="tower"/>
 </node>
 <node id="1826429923" visible="true" version="1" changeset="12229530" timestamp="2012-07-15T14:10:42Z" user="Basstoelpel" uid="72235" lat="41.9697117" lon="-0.7957857">
  <tag k="power" v="tower"/>
 </node>
 <node id="1826429936" visible="true" version="1" changeset="12229530" timestamp="2012-07-15T14:10:42Z" user="Basstoelpel" uid="72235" lat="41.9726120" lon="-0.7956932">
  <tag k="power" v="tower"/>
 </node>
 <node id="1826429939" visible="true" version="1" changeset="12229530" timestamp="2012-07-15T14:10:43Z" user="Basstoelpel" uid="72235" lat="41.9763000" lon="-0.7955698">
  <tag k="power" v="tower"/>
 </node>
 <node id="1826429941" visible="true" version="1" changeset="12229530" timestamp="2012-07-15T14:10:43Z" user="Basstoelpel" uid="72235" lat="41.9794554" lon="-0.7954515">
  <tag k="power" v="tower"/>
 </node>
 <node id="1826429945" visible="true" version="1" changeset="12229530" timestamp="2012-07-15T14:10:43Z" user="Basstoelpel" uid="72235" lat="41.9829774" lon="-0.7953215">
  <tag k="power" v="tower"/>
 </node>
 <node id="1826429948" visible="true" version="1" changeset="12229530" timestamp="2012-07-15T14:10:43Z" user="Basstoelpel" uid="72235" lat="41.9863782" lon="-0.7952007">
  <tag k="power" v="tower"/>
 </node>
 <node id="1826429950" visible="true" version="1" changeset="12229530" timestamp="2012-07-15T14:10:43Z" user="Basstoelpel" uid="72235" lat="41.9890578" lon="-0.7951209">
  <tag k="power" v="tower"/>
 </node>
 <node id="1826429956" visible="true" version="1" changeset="12229530" timestamp="2012-07-15T14:10:43Z" user="Basstoelpel" uid="72235" lat="41.9909427" lon="-0.7943080">
  <tag k="power" v="tower"/>
 </node>
 <node id="1826429962" visible="true" version="1" changeset="12229530" timestamp="2012-07-15T14:10:43Z" user="Basstoelpel" uid="72235" lat="41.9935911" lon="-0.7931372">
  <tag k="power" v="tower"/>
 </node>
 <node id="1826429968" visible="true" version="1" changeset="12229530" timestamp="2012-07-15T14:10:43Z" user="Basstoelpel" uid="72235" lat="41.9967614" lon="-0.7917356">
  <tag k="power" v="tower"/>
 </node>
 <node id="1826429974" visible="true" version="1" changeset="12229530" timestamp="2012-07-15T14:10:43Z" user="Basstoelpel" uid="72235" lat="42.0004694" lon="-0.7900965">
  <tag k="power" v="tower"/>
 </node>
 <node id="1891372481" visible="true" version="1" changeset="12930012" timestamp="2012-08-31T11:55:20Z" user="sidvicio" uid="462862" lat="41.7849645" lon="-0.8305987"/>
 <node id="1891372971" visible="true" version="1" changeset="12930012" timestamp="2012-08-31T11:55:41Z" user="sidvicio" uid="462862" lat="41.8041501" lon="-0.8229542"/>
 <node id="1891373006" visible="true" version="1" changeset="12930012" timestamp="2012-08-31T11:55:42Z" user="sidvicio" uid="462862" lat="41.8049410" lon="-0.8227429"/>
 <node id="1891373183" visible="true" version="1" changeset="12930012" timestamp="2012-08-31T11:55:45Z" user="sidvicio" uid="462862" lat="41.8074745" lon="-0.8209466"/>
 <node id="1891373209" visible="true" version="1" changeset="12930012" timestamp="2012-08-31T11:55:45Z" user="sidvicio" uid="462862" lat="41.8078885" lon="-0.8077521"/>
 <node id="1891373599" visible="true" version="1" changeset="12930012" timestamp="2012-08-31T11:55:50Z" user="sidvicio" uid="462862" lat="41.8097913" lon="-0.8187849"/>
 <node id="1891373769" visible="true" version="1" changeset="12930012" timestamp="2012-08-31T11:55:52Z" user="sidvicio" uid="462862" lat="41.8128166" lon="-0.8234650"/>
 <node id="1891373819" visible="true" version="1" changeset="12930012" timestamp="2012-08-31T11:55:53Z" user="sidvicio" uid="462862" lat="41.8135158" lon="-0.8146861"/>
 <node id="1891373916" visible="true" version="1" changeset="12930012" timestamp="2012-08-31T11:55:55Z" user="sidvicio" uid="462862" lat="41.8143888" lon="-0.8115479"/>
 <node id="1891373947" visible="true" version="1" changeset="12930012" timestamp="2012-08-31T11:55:57Z" user="sidvicio" uid="462862" lat="41.8145593" lon="-0.8116042"/>
 <node id="1891373951" visible="true" version="1" changeset="12930012" timestamp="2012-08-31T11:55:57Z" user="sidvicio" uid="462862" lat="41.8146446" lon="-0.8117847"/>
 <node id="1891373986" visible="true" version="1" changeset="12930012" timestamp="2012-08-31T11:55:58Z" user="sidvicio" uid="462862" lat="41.8148447" lon="-0.8124407"/>
 <node id="1891374007" visible="true" version="1" changeset="12930012" timestamp="2012-08-31T11:55:58Z" user="sidvicio" uid="462862" lat="41.8149694" lon="-0.8125332"/>
 <node id="1891374045" visible="true" version="1" changeset="12930012" timestamp="2012-08-31T11:55:59Z" user="sidvicio" uid="462862" lat="41.8150777" lon="-0.8125068"/>
 <node id="1891374074" visible="true" version="1" changeset="12930012" timestamp="2012-08-31T11:56:00Z" user="sidvicio" uid="462862" lat="41.8158061" lon="-0.8121017"/>
 <node id="1891374079" visible="true" version="1" changeset="12930012" timestamp="2012-08-31T11:56:01Z" user="sidvicio" uid="462862" lat="41.8161933" lon="-0.8050663"/>
 <node id="1891374081" visible="true" version="1" changeset="12930012" timestamp="2012-08-31T11:56:02Z" user="sidvicio" uid="462862" lat="41.8163771" lon="-0.8113885"/>
 <node id="1891374093" visible="true" version="1" changeset="12930012" timestamp="2012-08-31T11:56:04Z" user="sidvicio" uid="462862" lat="41.8173065" lon="-0.8044980"/>
 <node id="1891374098" visible="true" version="1" changeset="12930012" timestamp="2012-08-31T11:56:05Z" user="sidvicio" uid="462862" lat="41.8176440" lon="-0.8043435"/>
 <node id="1891374100" visible="true" version="1" changeset="12930012" timestamp="2012-08-31T11:56:06Z" user="sidvicio" uid="462862" lat="41.8177814" lon="-0.8103495"/>
 <node id="1891374102" visible="true" version="1" changeset="12930012" timestamp="2012-08-31T11:56:06Z" user="sidvicio" uid="462862" lat="41.8179576" lon="-0.8043861"/>
 <node id="1891374109" visible="true" version="1" changeset="12930012" timestamp="2012-08-31T11:56:08Z" user="sidvicio" uid="462862" lat="41.8185951" lon="-0.8099004"/>
 <node id="1891374117" visible="true" version="1" changeset="12930012" timestamp="2012-08-31T11:56:10Z" user="sidvicio" uid="462862" lat="41.8195237" lon="-0.8094337"/>
 <node id="1891374121" visible="true" version="1" changeset="12930012" timestamp="2012-08-31T11:56:11Z" user="sidvicio" uid="462862" lat="41.8203997" lon="-0.8091168"/>
 <node id="1891374136" visible="true" version="1" changeset="12930012" timestamp="2012-08-31T11:56:15Z" user="sidvicio" uid="462862" lat="41.8217416" lon="-0.8086765"/>
 <node id="1891374138" visible="true" version="1" changeset="12930012" timestamp="2012-08-31T11:56:16Z" user="sidvicio" uid="462862" lat="41.8218602" lon="-0.8032407"/>
 <node id="1891374145" visible="true" version="1" changeset="12930012" timestamp="2012-08-31T11:56:18Z" user="sidvicio" uid="462862" lat="41.8221977" lon="-0.8085664"/>
 <node id="1891374154" visible="true" version="1" changeset="12930012" timestamp="2012-08-31T11:56:20Z" user="sidvicio" uid="462862" lat="41.8227751" lon="-0.8082626"/>
 <node id="1891374166" visible="true" version="1" changeset="12930012" timestamp="2012-08-31T11:56:23Z" user="sidvicio" uid="462862" lat="41.8240022" lon="-0.8074570"/>
 <node id="1891374172" visible="true" version="1" changeset="12930012" timestamp="2012-08-31T11:56:25Z" user="sidvicio" uid="462862" lat="41.8244486" lon="-0.8021917"/>
 <node id="1891374183" visible="true" version="1" changeset="12930012" timestamp="2012-08-31T11:56:28Z" user="sidvicio" uid="462862" lat="41.8250750" lon="-0.8068406"/>
 <node id="1891374192" visible="true" version="1" changeset="12930012" timestamp="2012-08-31T11:56:30Z" user="sidvicio" uid="462862" lat="41.8253506" lon="-0.8066909"/>
 <node id="1891374287" visible="true" version="1" changeset="12930012" timestamp="2012-08-31T11:56:33Z" user="sidvicio" uid="462862" lat="41.8260120" lon="-0.8157444"/>
 <node id="1891374328" visible="true" version="1" changeset="12930012" timestamp="2012-08-31T11:56:35Z" user="sidvicio" uid="462862" lat="41.8265808" lon="-0.8059645"/>
 <node id="1891374436" visible="true" version="1" changeset="12930012" timestamp="2012-08-31T11:56:38Z" user="sidvicio" uid="462862" lat="41.8278209" lon="-0.8052557"/>
 <node id="1891374527" visible="true" version="1" changeset="12930012" timestamp="2012-08-31T11:56:41Z" user="sidvicio" uid="462862" lat="41.8281654" lon="-0.8050575"/>
 <node id="1891374643" visible="true" version="2" changeset="85622845" timestamp="2020-05-22T16:38:08Z" user="Robot8A" uid="393359" lat="41.8292964" lon="-0.8006416"/>
 <node id="1891374645" visible="true" version="3" changeset="185925741" timestamp="2026-07-17T19:52:02Z" user="perlus5" uid="23191460" lat="41.8296946" lon="-0.8007982"/>
 <node id="1891374687" visible="true" version="1" changeset="12930012" timestamp="2012-08-31T11:56:51Z" user="sidvicio" uid="462862" lat="41.8306789" lon="-0.8112807"/>
 <node id="1891374688" visible="true" version="1" changeset="12930012" timestamp="2012-08-31T11:56:51Z" user="sidvicio" uid="462862" lat="41.8307462" lon="-0.8129830"/>
 <node id="1891374695" visible="true" version="1" changeset="12930012" timestamp="2012-08-31T11:56:53Z" user="sidvicio" uid="462862" lat="41.8311980" lon="-0.8126966"/>
 <node id="1891374699" visible="true" version="1" changeset="12930012" timestamp="2012-08-31T11:56:54Z" user="sidvicio" uid="462862" lat="41.8320843" lon="-0.8096714"/>
 <node id="1891374700" visible="true" version="1" changeset="12930012" timestamp="2012-08-31T11:56:54Z" user="sidvicio" uid="462862" lat="41.8320998" lon="-0.8102424"/>
 <node id="1891374701" visible="true" version="1" changeset="12930012" timestamp="2012-08-31T11:56:54Z" user="sidvicio" uid="462862" lat="41.8325407" lon="-0.8113324"/>
 <node id="1891374702" visible="true" version="1" changeset="12930012" timestamp="2012-08-31T11:56:55Z" user="sidvicio" uid="462862" lat="41.8326799" lon="-0.8117788"/>
 <node id="1891374703" visible="true" version="1" changeset="12930012" timestamp="2012-08-31T11:56:55Z" user="sidvicio" uid="462862" lat="41.8328965" lon="-0.8119553"/>
 <node id="1891374704" visible="true" version="1" changeset="12930012" timestamp="2012-08-31T11:56:55Z" user="sidvicio" uid="462862" lat="41.8330357" lon="-0.8122771"/>
 <node id="1891374705" visible="true" version="1" changeset="12930012" timestamp="2012-08-31T11:56:55Z" user="sidvicio" uid="462862" lat="41.8333451" lon="-0.8131180"/>
 <node id="1891374706" visible="true" version="1" changeset="12930012" timestamp="2012-08-31T11:56:56Z" user="sidvicio" uid="462862" lat="41.8336932" lon="-0.8136059"/>
 <node id="1895400272" visible="true" version="1" changeset="12960320" timestamp="2012-09-02T21:05:28Z" user="demetrio_m" uid="196617" lat="41.9489047" lon="-0.8645804">
  <tag k="power" v="tower"/>
 </node>
 <node id="1895400275" visible="true" version="1" changeset="12960320" timestamp="2012-09-02T21:05:28Z" user="demetrio_m" uid="196617" lat="41.9508979" lon="-0.8685211">
  <tag k="power" v="tower"/>
 </node>
 <node id="1895400278" visible="true" version="1" changeset="12960320" timestamp="2012-09-02T21:05:28Z" user="demetrio_m" uid="196617" lat="41.9528720" lon="-0.8724238">
  <tag k="power" v="tower"/>
 </node>
 <node id="1895400280" visible="true" version="1" changeset="12960320" timestamp="2012-09-02T21:05:28Z" user="demetrio_m" uid="196617" lat="41.9552366" lon="-0.8770991">
  <tag k="power" v="tower"/>
 </node>
 <node id="1895400283" visible="true" version="1" changeset="12960320" timestamp="2012-09-02T21:05:28Z" user="demetrio_m" uid="196617" lat="41.9576006" lon="-0.8817732">
  <tag k="power" v="tower"/>
 </node>
 <node id="1895400286" visible="true" version="1" changeset="12960320" timestamp="2012-09-02T21:05:28Z" user="demetrio_m" uid="196617" lat="41.9604881" lon="-0.8874825">
  <tag k="power" v="tower"/>
 </node>
 <node id="1895400288" visible="true" version="1" changeset="12960320" timestamp="2012-09-02T21:05:28Z" user="demetrio_m" uid="196617" lat="41.9622079" lon="-0.8908832">
  <tag k="power" v="tower"/>
 </node>
 <node id="1895400291" visible="true" version="1" changeset="12960320" timestamp="2012-09-02T21:05:28Z" user="demetrio_m" uid="196617" lat="41.9646151" lon="-0.8956432">
  <tag k="power" v="tower"/>
 </node>
 <node id="1895400293" visible="true" version="1" changeset="12960320" timestamp="2012-09-02T21:05:28Z" user="demetrio_m" uid="196617" lat="41.9672910" lon="-0.9009348">
  <tag k="power" v="tower"/>
 </node>
 <node id="1895400295" visible="true" version="1" changeset="12960320" timestamp="2012-09-02T21:05:28Z" user="demetrio_m" uid="196617" lat="41.9699360" lon="-0.9061655">
  <tag k="power" v="tower"/>
 </node>
 <node id="1895400298" visible="true" version="1" changeset="12960320" timestamp="2012-09-02T21:05:28Z" user="demetrio_m" uid="196617" lat="41.9721758" lon="-0.9105952">
  <tag k="power" v="tower"/>
 </node>
 <node id="1895411790" visible="true" version="1" changeset="12960398" timestamp="2012-09-02T21:10:36Z" user="demetrio_m" uid="196617" lat="41.8415226" lon="-0.8128211">
  <tag k="power" v="tower"/>
 </node>
 <node id="1895411791" visible="true" version="1" changeset="12960398" timestamp="2012-09-02T21:10:36Z" user="demetrio_m" uid="196617" lat="41.8435535" lon="-0.8120990">
  <tag k="power" v="tower"/>
 </node>
 <node id="1895411792" visible="true" version="1" changeset="12960398" timestamp="2012-09-02T21:10:36Z" user="demetrio_m" uid="196617" lat="41.8441910" lon="-0.8123281">
  <tag k="power" v="tower"/>
 </node>
 <node id="1895411793" visible="true" version="1" changeset="12960398" timestamp="2012-09-02T21:10:36Z" user="demetrio_m" uid="196617" lat="41.8532306" lon="-0.8159610">
  <tag k="power" v="tower"/>
 </node>
 <node id="1895411794" visible="true" version="1" changeset="12960398" timestamp="2012-09-02T21:10:36Z" user="demetrio_m" uid="196617" lat="41.8579858" lon="-0.8178906">
  <tag k="power" v="tower"/>
 </node>
 <node id="1895411795" visible="true" version="1" changeset="12960398" timestamp="2012-09-02T21:10:37Z" user="demetrio_m" uid="196617" lat="41.8663322" lon="-0.8209454">
  <tag k="power" v="tower"/>
 </node>
 <node id="1895411796" visible="true" version="1" changeset="12960398" timestamp="2012-09-02T21:10:37Z" user="demetrio_m" uid="196617" lat="41.8704002" lon="-0.8222536">
  <tag k="power" v="tower"/>
 </node>
 <node id="1895411797" visible="true" version="1" changeset="12960398" timestamp="2012-09-02T21:10:37Z" user="demetrio_m" uid="196617" lat="41.8809991" lon="-0.8256252">
  <tag k="power" v="tower"/>
 </node>
 <node id="1895411798" visible="true" version="1" changeset="12960398" timestamp="2012-09-02T21:10:37Z" user="demetrio_m" uid="196617" lat="41.8848323" lon="-0.8268621">
  <tag k="power" v="tower"/>
 </node>
 <node id="1895411799" visible="true" version="1" changeset="12960398" timestamp="2012-09-02T21:10:37Z" user="demetrio_m" uid="196617" lat="41.8891333" lon="-0.8282501">
  <tag k="power" v="tower"/>
 </node>
 <node id="1895411800" visible="true" version="1" changeset="12960398" timestamp="2012-09-02T21:10:37Z" user="demetrio_m" uid="196617" lat="41.8919317" lon="-0.8291532">
  <tag k="power" v="tower"/>
 </node>
 <node id="1895411801" visible="true" version="1" changeset="12960398" timestamp="2012-09-02T21:10:37Z" user="demetrio_m" uid="196617" lat="41.8945627" lon="-0.8300024">
  <tag k="power" v="tower"/>
 </node>
 <node id="1895411802" visible="true" version="1" changeset="12960398" timestamp="2012-09-02T21:10:37Z" user="demetrio_m" uid="196617" lat="41.9012227" lon="-0.8321479">
  <tag k="power" v="tower"/>
 </node>
 <node id="1895411803" visible="true" version="1" changeset="12960398" timestamp="2012-09-02T21:10:37Z" user="demetrio_m" uid="196617" lat="41.9032306" lon="-0.8327941">
  <tag k="power" v="tower"/>
 </node>
 <node id="1895411804" visible="true" version="1" changeset="12960398" timestamp="2012-09-02T21:10:37Z" user="demetrio_m" uid="196617" lat="41.9105274" lon="-0.8351299">
  <tag k="power" v="tower"/>
 </node>
 <node id="1895411805" visible="true" version="1" changeset="12960398" timestamp="2012-09-02T21:10:37Z" user="demetrio_m" uid="196617" lat="41.9175552" lon="-0.8384417">
  <tag k="power" v="tower"/>
 </node>
 <node id="1895411806" visible="true" version="1" changeset="12960398" timestamp="2012-09-02T21:10:37Z" user="demetrio_m" uid="196617" lat="41.9208689" lon="-0.8410012">
  <tag k="power" v="tower"/>
 </node>
 <node id="1895411807" visible="true" version="1" changeset="12960398" timestamp="2012-09-02T21:10:37Z" user="demetrio_m" uid="196617" lat="41.9239692" lon="-0.8433960">
  <tag k="power" v="tower"/>
 </node>
 <node id="1895411808" visible="true" version="1" changeset="12960398" timestamp="2012-09-02T21:10:37Z" user="demetrio_m" uid="196617" lat="41.9283365" lon="-0.8467697">
  <tag k="power" v="tower"/>
 </node>
 <node id="1895411809" visible="true" version="1" changeset="12960398" timestamp="2012-09-02T21:10:37Z" user="demetrio_m" uid="196617" lat="41.9320062" lon="-0.8496046">
  <tag k="power" v="tower"/>
 </node>
 <node id="1895411810" visible="true" version="1" changeset="12960398" timestamp="2012-09-02T21:10:38Z" user="demetrio_m" uid="196617" lat="41.9362996" lon="-0.8529217">
  <tag k="power" v="tower"/>
 </node>
 <node id="1895411811" visible="true" version="1" changeset="12960398" timestamp="2012-09-02T21:10:38Z" user="demetrio_m" uid="196617" lat="41.9383032" lon="-0.8544697">
  <tag k="power" v="tower"/>
 </node>
 <node id="1895411812" visible="true" version="1" changeset="12960398" timestamp="2012-09-02T21:10:38Z" user="demetrio_m" uid="196617" lat="41.9437115" lon="-0.8586485">
  <tag k="power" v="tower"/>
 </node>
 <node id="1925664866" visible="true" version="1" changeset="13198534" timestamp="2012-09-21T17:31:29Z" user="cdavila" uid="26599" lat="41.7647164" lon="-0.8355114"/>
 <node id="1925664870" visible="true" version="1" changeset="13198534" timestamp="2012-09-21T17:31:29Z" user="cdavila" uid="26599" lat="41.7649440" lon="-0.8357461"/>
 <node id="1925664872" visible="true" version="1" changeset="13198534" timestamp="2012-09-21T17:31:30Z" user="cdavila" uid="26599" lat="41.7684753" lon="-0.8353659"/>
 <node id="1925664874" visible="true" version="1" changeset="13198534" timestamp="2012-09-21T17:31:30Z" user="cdavila" uid="26599" lat="41.7719627" lon="-0.8344035"/>
 <node id="1925664917" visible="true" version="1" changeset="13198534" timestamp="2012-09-21T17:31:30Z" user="cdavila" uid="26599" lat="41.7802129" lon="-0.8321688"/>
 <node id="1925664918" visible="true" version="1" changeset="13198534" timestamp="2012-09-21T17:31:30Z" user="cdavila" uid="26599" lat="41.7841705" lon="-0.8307557"/>
 <node id="1925664921" visible="true" version="1" changeset="13198534" timestamp="2012-09-21T17:31:30Z" user="cdavila" uid="26599" lat="41.7894912" lon="-0.8277652"/>
 <node id="1925664923" visible="true" version="1" changeset="13198534" timestamp="2012-09-21T17:31:30Z" user="cdavila" uid="26599" lat="41.7925049" lon="-0.8264859"/>
 <node id="1925664925" visible="true" version="1" changeset="13198534" timestamp="2012-09-21T17:31:30Z" user="cdavila" uid="26599" lat="41.7995801" lon="-0.8247771"/>
 <node id="1925664927" visible="true" version="1" changeset="13198534" timestamp="2012-09-21T17:31:30Z" user="cdavila" uid="26599" lat="41.8012582" lon="-0.8242607"/>
 <node id="1925664930" visible="true" version="1" changeset="13198534" timestamp="2012-09-21T17:31:30Z" user="cdavila" uid="26599" lat="41.8028523" lon="-0.8236222"/>
 <node id="1925664950" visible="true" version="1" changeset="13198534" timestamp="2012-09-21T17:31:30Z" user="cdavila" uid="26599" lat="41.8045583" lon="-0.8227349"/>
 <node id="1925664953" visible="true" version="1" changeset="13198534" timestamp="2012-09-21T17:31:31Z" user="cdavila" uid="26599" lat="41.8056274" lon="-0.8220753"/>
 <node id="1925664955" visible="true" version="1" changeset="13198534" timestamp="2012-09-21T17:31:31Z" user="cdavila" uid="26599" lat="41.8067612" lon="-0.8212585"/>
 <node id="1925664958" visible="true" version="1" changeset="13198534" timestamp="2012-09-21T17:31:31Z" user="cdavila" uid="26599" lat="41.8079265" lon="-0.8203078"/>
 <node id="1925664959" visible="true" version="1" changeset="13198534" timestamp="2012-09-21T17:31:31Z" user="cdavila" uid="26599" lat="41.8108064" lon="-0.8174323"/>
 <node id="1925664961" visible="true" version="1" changeset="13198534" timestamp="2012-09-21T17:31:31Z" user="cdavila" uid="26599" lat="41.8143719" lon="-0.8134818"/>
 <node id="1925664962" visible="true" version="1" changeset="13198534" timestamp="2012-09-21T17:31:31Z" user="cdavila" uid="26599" lat="41.8183239" lon="-0.8103176"/>
 <node id="1925664964" visible="true" version="1" changeset="13198534" timestamp="2012-09-21T17:31:31Z" user="cdavila" uid="26599" lat="41.8197373" lon="-0.8096063"/>
 <node id="1925664966" visible="true" version="1" changeset="13198534" timestamp="2012-09-21T17:31:31Z" user="cdavila" uid="26599" lat="41.8212330" lon="-0.8090524"/>
 <node id="1925664967" visible="true" version="1" changeset="13198534" timestamp="2012-09-21T17:31:31Z" user="cdavila" uid="26599" lat="41.8219869" lon="-0.8088599"/>
 <node id="1925664969" visible="true" version="1" changeset="13198534" timestamp="2012-09-21T17:31:31Z" user="cdavila" uid="26599" lat="41.8234143" lon="-0.8085970"/>
 <node id="1925664970" visible="true" version="1" changeset="13198534" timestamp="2012-09-21T17:31:31Z" user="cdavila" uid="26599" lat="41.8313886" lon="-0.8076205"/>
 <node id="1925664972" visible="true" version="1" changeset="13198534" timestamp="2012-09-21T17:31:31Z" user="cdavila" uid="26599" lat="41.8324485" lon="-0.8072496"/>
 <node id="1925664974" visible="true" version="1" changeset="13198534" timestamp="2012-09-21T17:31:31Z" user="cdavila" uid="26599" lat="41.8325046" lon="-0.8074543"/>
 <node id="1925664975" visible="true" version="1" changeset="13198534" timestamp="2012-09-21T17:31:31Z" user="cdavila" uid="26599" lat="41.8338191" lon="-0.8066048"/>
 <node id="1925664977" visible="true" version="1" changeset="13198534" timestamp="2012-09-21T17:31:31Z" user="cdavila" uid="26599" lat="41.8338797" lon="-0.8068223"/>
 <node id="1925664978" visible="true" version="1" changeset="13198534" timestamp="2012-09-21T17:31:31Z" user="cdavila" uid="26599" lat="41.8348446" lon="-0.8060408"/>
 <node id="1925664980" visible="true" version="1" changeset="13198534" timestamp="2012-09-21T17:31:31Z" user="cdavila" uid="26599" lat="41.8377442" lon="-0.8042779"/>
 <node id="1925664982" visible="true" version="1" changeset="13198534" timestamp="2012-09-21T17:31:31Z" user="cdavila" uid="26599" lat="41.8377547" lon="-0.8045291"/>
 <node id="2068624588" visible="true" version="2" changeset="88890896" timestamp="2020-08-03T18:48:30Z" user="Basstoelpel" uid="72235" lat="42.0127881" lon="-0.7846579">
  <tag k="design" v="barrel"/>
  <tag k="power" v="tower"/>
 </node>
 <node id="2068624589" visible="true" version="2" changeset="88890896" timestamp="2020-08-03T18:48:30Z" user="Basstoelpel" uid="72235" lat="42.0182434" lon="-0.7822480">
  <tag k="design" v="barrel"/>
  <tag k="power" v="tower"/>
 </node>
 <node id="2412283589" visible="true" version="6" changeset="174749719" timestamp="2025-11-16T23:29:42Z" user="MarinoBM" uid="11454828" lat="41.7835580" lon="-0.8313119">
  <tag k="highway" v="motorway_junction"/>
  <tag k="ref" v="304"/>
  <tag k="source" v="survey"/>
 </node>
 <node id="2617142115" visible="true" version="1" changeset="19915310" timestamp="2014-01-10T11:04:02Z" user="sidvicio" uid="462862" lat="41.8306355" lon="-0.8008557"/>
 <node id="2617142127" visible="true" version="1" changeset="19915310" timestamp="2014-01-10T11:04:03Z" user="sidvicio" uid="462862" lat="41.8310572" lon="-0.8013100"/>
 <node id="2617142134" visible="true" version="1" changeset="19915310" timestamp="2014-01-10T11:04:03Z" user="sidvicio" uid="462862" lat="41.8311879" lon="-0.8026652"/>
 <node id="2617142142" visible="true" version="1" changeset="19915310" timestamp="2014-01-10T11:04:03Z" user="sidvicio" uid="462862" lat="41.8312532" lon="-0.8030557"/>
 <node id="2617142156" visible="true" version="1" changeset="19915310" timestamp="2014-01-10T11:04:03Z" user="sidvicio" uid="462862" lat="41.8315918" lon="-0.8038369"/>
 <node id="2617142163" visible="true" version="1" changeset="19915310" timestamp="2014-01-10T11:04:03Z" user="sidvicio" uid="462862" lat="41.8317819" lon="-0.8143988"/>
 <node id="2617142173" visible="true" version="1" changeset="19915310" timestamp="2014-01-10T11:04:04Z" user="sidvicio" uid="462862" lat="41.8319363" lon="-0.8045145"/>
 <node id="2617142180" visible="true" version="1" changeset="19915310" timestamp="2014-01-10T11:04:04Z" user="sidvicio" uid="462862" lat="41.8322273" lon="-0.8156264"/>
 <node id="2617142186" visible="true" version="1" changeset="19915310" timestamp="2014-01-10T11:04:04Z" user="sidvicio" uid="462862" lat="41.8322926" lon="-0.8159373"/>
 <node id="2617142195" visible="true" version="1" changeset="19915310" timestamp="2014-01-10T11:04:05Z" user="sidvicio" uid="462862" lat="41.8324411" lon="-0.8050087"/>
 <node id="2617142219" visible="true" version="1" changeset="19915310" timestamp="2014-01-10T11:04:05Z" user="sidvicio" uid="462862" lat="41.8327856" lon="-0.8489461"/>
 <node id="2617142220" visible="true" version="1" changeset="19915310" timestamp="2014-01-10T11:04:05Z" user="sidvicio" uid="462862" lat="41.8327975" lon="-0.8054391"/>
 <node id="2617142221" visible="true" version="1" changeset="19915310" timestamp="2014-01-10T11:04:05Z" user="sidvicio" uid="462862" lat="41.8327975" lon="-0.8486034"/>
 <node id="2617142222" visible="true" version="1" changeset="19915310" timestamp="2014-01-10T11:04:05Z" user="sidvicio" uid="462862" lat="41.8328094" lon="-0.8476707"/>
 <node id="2617142226" visible="true" version="1" changeset="19915310" timestamp="2014-01-10T11:04:05Z" user="sidvicio" uid="462862" lat="41.8328450" lon="-0.8474077"/>
 <node id="2617142233" visible="true" version="1" changeset="19915310" timestamp="2014-01-10T11:04:05Z" user="sidvicio" uid="462862" lat="41.8329222" lon="-0.8177547"/>
 <node id="2617142238" visible="true" version="1" changeset="19915310" timestamp="2014-01-10T11:04:06Z" user="sidvicio" uid="462862" lat="41.8329341" lon="-0.8493527"/>
 <node id="2617142263" visible="true" version="1" changeset="19915310" timestamp="2014-01-10T11:04:06Z" user="sidvicio" uid="462862" lat="41.8331538" lon="-0.8467461"/>
 <node id="2617142264" visible="true" version="1" changeset="19915310" timestamp="2014-01-10T11:04:06Z" user="sidvicio" uid="462862" lat="41.8331538" lon="-0.8502933"/>
 <node id="2617142272" visible="true" version="1" changeset="19915310" timestamp="2014-01-10T11:04:06Z" user="sidvicio" uid="462862" lat="41.8332726" lon="-0.8065631"/>
 <node id="2617142273" visible="true" version="1" changeset="19915310" timestamp="2014-01-10T11:04:06Z" user="sidvicio" uid="462862" lat="41.8332786" lon="-0.8509788"/>
 <node id="2617142283" visible="true" version="1" changeset="19915310" timestamp="2014-01-10T11:04:07Z" user="sidvicio" uid="462862" lat="41.8333736" lon="-0.8190859"/>
 <node id="2617142292" visible="true" version="1" changeset="19915310" timestamp="2014-01-10T11:04:07Z" user="sidvicio" uid="462862" lat="41.8335102" lon="-0.8524535"/>
 <node id="2617142293" visible="true" version="1" changeset="19915310" timestamp="2014-01-10T11:04:07Z" user="sidvicio" uid="462862" lat="41.8335280" lon="-0.8072167"/>
 <node id="2617142295" visible="true" version="1" changeset="19915310" timestamp="2014-01-10T11:04:07Z" user="sidvicio" uid="462862" lat="41.8335340" lon="-0.8528361"/>
 <node id="2617142296" visible="true" version="1" changeset="19915310" timestamp="2014-01-10T11:04:07Z" user="sidvicio" uid="462862" lat="41.8335340" lon="-0.8544383"/>
 <node id="2617142297" visible="true" version="1" changeset="19915310" timestamp="2014-01-10T11:04:07Z" user="sidvicio" uid="462862" lat="41.8335577" lon="-0.8550681"/>
 <node id="2617142300" visible="true" version="1" changeset="19915310" timestamp="2014-01-10T11:04:07Z" user="sidvicio" uid="462862" lat="41.8335815" lon="-0.8555702"/>
 <node id="2617142303" visible="true" version="1" changeset="19915310" timestamp="2014-01-10T11:04:07Z" user="sidvicio" uid="462862" lat="41.8335934" lon="-0.8457337"/>
 <node id="2617142312" visible="true" version="1" changeset="19915310" timestamp="2014-01-10T11:04:07Z" user="sidvicio" uid="462862" lat="41.8336468" lon="-0.8454388"/>
 <node id="2617142325" visible="true" version="1" changeset="19915310" timestamp="2014-01-10T11:04:07Z" user="sidvicio" uid="462862" lat="41.8337359" lon="-0.8559927"/>
 <node id="2617142328" visible="true" version="1" changeset="19915310" timestamp="2014-01-10T11:04:08Z" user="sidvicio" uid="462862" lat="41.8337601" lon="-0.7994069"/>
 <node id="2617142346" visible="true" version="1" changeset="19915310" timestamp="2014-01-10T11:04:08Z" user="sidvicio" uid="462862" lat="41.8338903" lon="-0.8079979"/>
 <node id="2617142347" visible="true" version="1" changeset="19915310" timestamp="2014-01-10T11:04:08Z" user="sidvicio" uid="462862" lat="41.8339141" lon="-0.8206164"/>
 <node id="2617142351" visible="true" version="1" changeset="19915310" timestamp="2014-01-10T11:04:08Z" user="sidvicio" uid="462862" lat="41.8339972" lon="-0.8446417"/>
 <node id="2617142356" visible="true" version="1" changeset="19915310" timestamp="2014-01-10T11:04:08Z" user="sidvicio" uid="462862" lat="41.8340566" lon="-0.8563195"/>
 <node id="2617142359" visible="true" version="1" changeset="19915310" timestamp="2014-01-10T11:04:08Z" user="sidvicio" uid="462862" lat="41.8340804" lon="-0.8241476"/>
 <node id="2617142360" visible="true" version="1" changeset="19915310" timestamp="2014-01-10T11:04:08Z" user="sidvicio" uid="462862" lat="41.8340922" lon="-0.8235817"/>
 <node id="2617142380" visible="true" version="1" changeset="19915310" timestamp="2014-01-10T11:04:09Z" user="sidvicio" uid="462862" lat="41.8342467" lon="-0.8435815"/>
 <node id="2617142383" visible="true" version="1" changeset="19915310" timestamp="2014-01-10T11:04:09Z" user="sidvicio" uid="462862" lat="41.8342688" lon="-0.7993230"/>
 <node id="2617142384" visible="true" version="1" changeset="19915310" timestamp="2014-01-10T11:04:09Z" user="sidvicio" uid="462862" lat="41.8342704" lon="-0.8445620"/>
 <node id="2617142387" visible="true" version="1" changeset="19915310" timestamp="2014-01-10T11:04:09Z" user="sidvicio" uid="462862" lat="41.8343001" lon="-0.8260846"/>
 <node id="2617142389" visible="true" version="1" changeset="19915310" timestamp="2014-01-10T11:04:09Z" user="sidvicio" uid="462862" lat="41.8343061" lon="-0.8430235"/>
 <node id="2617142393" visible="true" version="1" changeset="19915310" timestamp="2014-01-10T11:04:09Z" user="sidvicio" uid="462862" lat="41.8343417" lon="-0.8222903"/>
 <node id="2617142397" visible="true" version="1" changeset="19915310" timestamp="2014-01-10T11:04:09Z" user="sidvicio" uid="462862" lat="41.8343833" lon="-0.8567340"/>
 <node id="2617142400" visible="true" version="1" changeset="19915310" timestamp="2014-01-10T11:04:09Z" user="sidvicio" uid="462862" lat="41.8344248" lon="-0.8220113"/>
 <node id="2617142402" visible="true" version="1" changeset="19915310" timestamp="2014-01-10T11:04:09Z" user="sidvicio" uid="462862" lat="41.8344545" lon="-0.8425612"/>
 <node id="2617142408" visible="true" version="1" changeset="19915310" timestamp="2014-01-10T11:04:09Z" user="sidvicio" uid="462862" lat="41.8345317" lon="-0.8092255"/>
 <node id="2617142416" visible="true" version="1" changeset="19915310" timestamp="2014-01-10T11:04:09Z" user="sidvicio" uid="462862" lat="41.8346030" lon="-0.8284760"/>
 <node id="2617142417" visible="true" version="1" changeset="19915310" timestamp="2014-01-10T11:04:10Z" user="sidvicio" uid="462862" lat="41.8346090" lon="-0.8214693"/>
 <node id="2617142423" visible="true" version="1" changeset="19915310" timestamp="2014-01-10T11:04:10Z" user="sidvicio" uid="462862" lat="41.8346683" lon="-0.8588464"/>
 <node id="2617142425" visible="true" version="1" changeset="19915310" timestamp="2014-01-10T11:04:10Z" user="sidvicio" uid="462862" lat="41.8346802" lon="-0.8585993"/>
 <node id="2617142428" visible="true" version="1" changeset="19915310" timestamp="2014-01-10T11:04:10Z" user="sidvicio" uid="462862" lat="41.8347159" lon="-0.8373639"/>
 <node id="2617142430" visible="true" version="1" changeset="19915310" timestamp="2014-01-10T11:04:10Z" user="sidvicio" uid="462862" lat="41.8347337" lon="-0.8364074"/>
 <node id="2617142432" visible="true" version="1" changeset="19915310" timestamp="2014-01-10T11:04:10Z" user="sidvicio" uid="462862" lat="41.8347515" lon="-0.8295202"/>
 <node id="2617142436" visible="true" version="1" changeset="19915310" timestamp="2014-01-10T11:04:10Z" user="sidvicio" uid="462862" lat="41.8347871" lon="-0.8298949"/>
 <node id="2617142437" visible="true" version="1" changeset="19915310" timestamp="2014-01-10T11:04:10Z" user="sidvicio" uid="462862" lat="41.8347931" lon="-0.8211026"/>
 <node id="2617142439" visible="true" version="1" changeset="19915310" timestamp="2014-01-10T11:04:10Z" user="sidvicio" uid="462862" lat="41.8347990" lon="-0.8576587"/>
 <node id="2617142442" visible="true" version="1" changeset="19915310" timestamp="2014-01-10T11:04:11Z" user="sidvicio" uid="462862" lat="41.8348049" lon="-0.8348371"/>
 <node id="2617142443" visible="true" version="1" changeset="19915310" timestamp="2014-01-10T11:04:11Z" user="sidvicio" uid="462862" lat="41.8348049" lon="-0.8417402"/>
 <node id="2617142447" visible="true" version="1" changeset="19915310" timestamp="2014-01-10T11:04:11Z" user="sidvicio" uid="462862" lat="41.8348168" lon="-0.8580652"/>
 <node id="2617142450" visible="true" version="1" changeset="19915310" timestamp="2014-01-10T11:04:11Z" user="sidvicio" uid="462862" lat="41.8348822" lon="-0.8337211"/>
 <node id="2617142453" visible="true" version="1" changeset="19915310" timestamp="2014-01-10T11:04:11Z" user="sidvicio" uid="462862" lat="41.8349119" lon="-0.8384640"/>
 <node id="2617142454" visible="true" version="1" changeset="19915310" timestamp="2014-01-10T11:04:11Z" user="sidvicio" uid="462862" lat="41.8349178" lon="-0.8400582"/>
 <node id="2617142456" visible="true" version="1" changeset="19915310" timestamp="2014-01-10T11:04:11Z" user="sidvicio" uid="462862" lat="41.8349534" lon="-0.8103893"/>
 <node id="2617142457" visible="true" version="1" changeset="19915310" timestamp="2014-01-10T11:04:11Z" user="sidvicio" uid="462862" lat="41.8349594" lon="-0.8329240"/>
 <node id="2617142460" visible="true" version="1" changeset="19915310" timestamp="2014-01-10T11:04:11Z" user="sidvicio" uid="462862" lat="41.8349772" lon="-0.8596276"/>
 <node id="2617142462" visible="true" version="1" changeset="19915310" timestamp="2014-01-10T11:04:11Z" user="sidvicio" uid="462862" lat="41.8350009" lon="-0.8317442"/>
 <node id="2617142463" visible="true" version="1" changeset="19915310" timestamp="2014-01-10T11:04:11Z" user="sidvicio" uid="462862" lat="41.8350009" lon="-0.8407756"/>
 <node id="2617142470" visible="true" version="1" changeset="19915310" timestamp="2014-01-10T11:04:11Z" user="sidvicio" uid="462862" lat="41.8350306" lon="-0.8600341"/>
 <node id="2617142471" visible="true" version="1" changeset="19915310" timestamp="2014-01-10T11:04:11Z" user="sidvicio" uid="462862" lat="41.8350366" lon="-0.8205845"/>
 <node id="2617142477" visible="true" version="1" changeset="19915310" timestamp="2014-01-10T11:04:11Z" user="sidvicio" uid="462862" lat="41.8351019" lon="-0.8107241"/>
 <node id="2617142500" visible="true" version="1" changeset="19915310" timestamp="2014-01-10T11:04:12Z" user="sidvicio" uid="462862" lat="41.8355117" lon="-0.8197077"/>
 <node id="2617142504" visible="true" version="1" changeset="19915310" timestamp="2014-01-10T11:04:12Z" user="sidvicio" uid="462862" lat="41.8355830" lon="-0.8108197"/>
 <node id="2617142506" visible="true" version="1" changeset="19915310" timestamp="2014-01-10T11:04:12Z" user="sidvicio" uid="462862" lat="41.8355889" lon="-0.8605921"/>
 <node id="2617142518" visible="true" version="1" changeset="19915310" timestamp="2014-01-10T11:04:12Z" user="sidvicio" uid="462862" lat="41.8358027" lon="-0.8173880"/>
 <node id="2617142520" visible="true" version="1" changeset="19915310" timestamp="2014-01-10T11:04:12Z" user="sidvicio" uid="462862" lat="41.8358740" lon="-0.8106603"/>
 <node id="2617142521" visible="true" version="1" changeset="19915310" timestamp="2014-01-10T11:04:12Z" user="sidvicio" uid="462862" lat="41.8358740" lon="-0.8169416"/>
 <node id="2617142527" visible="true" version="1" changeset="19915310" timestamp="2014-01-10T11:04:13Z" user="sidvicio" uid="462862" lat="41.8359096" lon="-0.8180098"/>
 <node id="2617142529" visible="true" version="1" changeset="19915310" timestamp="2014-01-10T11:04:13Z" user="sidvicio" uid="462862" lat="41.8359215" lon="-0.8187989"/>
 <node id="2617142537" visible="true" version="1" changeset="19915310" timestamp="2014-01-10T11:04:13Z" user="sidvicio" uid="462862" lat="41.8360284" lon="-0.8106922"/>
 <node id="2617142540" visible="true" version="1" changeset="19915310" timestamp="2014-01-10T11:04:13Z" user="sidvicio" uid="462862" lat="41.8361353" lon="-0.8165670"/>
 <node id="2617142556" visible="true" version="1" changeset="19915310" timestamp="2014-01-10T11:04:13Z" user="sidvicio" uid="462862" lat="41.8364085" lon="-0.8111306"/>
 <node id="2617142557" visible="true" version="1" changeset="19915310" timestamp="2014-01-10T11:04:13Z" user="sidvicio" uid="462862" lat="41.8364144" lon="-0.8163358"/>
 <node id="2617142562" visible="true" version="1" changeset="19915310" timestamp="2014-01-10T11:04:13Z" user="sidvicio" uid="462862" lat="41.8364619" lon="-0.8612697"/>
 <node id="2617142579" visible="true" version="1" changeset="19915310" timestamp="2014-01-10T11:04:14Z" user="sidvicio" uid="462862" lat="41.8366876" lon="-0.8614610"/>
 <node id="2617142581" visible="true" version="1" changeset="19915310" timestamp="2014-01-10T11:04:14Z" user="sidvicio" uid="462862" lat="41.8366995" lon="-0.8161923"/>
 <node id="2617142926" visible="true" version="1" changeset="19915310" timestamp="2014-01-10T11:04:21Z" user="sidvicio" uid="462862" lat="41.8395917" lon="-0.7992933"/>
 <node id="2617143159" visible="true" version="1" changeset="19915310" timestamp="2014-01-10T11:04:24Z" user="sidvicio" uid="462862" lat="41.8407342" lon="-0.7983768"/>
 <node id="2639628448" visible="true" version="1" changeset="20228497" timestamp="2014-01-27T12:59:57Z" user="Albhertz" uid="217429" lat="41.9022660" lon="-0.7897621"/>
 <node id="2639628465" visible="true" version="1" changeset="20228497" timestamp="2014-01-27T12:59:57Z" user="Albhertz" uid="217429" lat="41.9020914" lon="-0.7908010"/>
 <node id="2639628492" visible="true" version="1" changeset="20228497" timestamp="2014-01-27T12:59:58Z" user="Albhertz" uid="217429" lat="41.9018647" lon="-0.7920220"/>
 <node id="2639628518" visible="true" version="1" changeset="20228497" timestamp="2014-01-27T12:59:58Z" user="Albhertz" uid="217429" lat="41.9017330" lon="-0.7929272"/>
 <node id="2639628534" visible="true" version="1" changeset="20228497" timestamp="2014-01-27T12:59:58Z" user="Albhertz" uid="217429" lat="41.9008038" lon="-0.7938890"/>
 <node id="2639628566" visible="true" version="1" changeset="20228497" timestamp="2014-01-27T12:59:59Z" user="Albhertz" uid="217429" lat="41.8993396" lon="-0.7950971"/>
 <node id="2639628590" visible="true" version="1" changeset="20228497" timestamp="2014-01-27T13:00:00Z" user="Albhertz" uid="217429" lat="41.8974888" lon="-0.7961479"/>
 <node id="2639628609" visible="true" version="1" changeset="20228497" timestamp="2014-01-27T13:00:00Z" user="Albhertz" uid="217429" lat="41.8955110" lon="-0.7972164"/>
 <node id="2639628642" visible="true" version="1" changeset="20228497" timestamp="2014-01-27T13:00:00Z" user="Albhertz" uid="217429" lat="41.8939914" lon="-0.7980623"/>
 <node id="2639628671" visible="true" version="1" changeset="20228497" timestamp="2014-01-27T13:00:01Z" user="Albhertz" uid="217429" lat="41.8915359" lon="-0.7993799"/>
 <node id="2639628683" visible="true" version="1" changeset="20228497" timestamp="2014-01-27T13:00:01Z" user="Albhertz" uid="217429" lat="41.8889813" lon="-0.8006352"/>
 <node id="2639628698" visible="true" version="1" changeset="20228497" timestamp="2014-01-27T13:00:01Z" user="Albhertz" uid="217429" lat="41.8863070" lon="-0.8020333"/>
 <node id="2639628729" visible="true" version="1" changeset="20228497" timestamp="2014-01-27T13:00:02Z" user="Albhertz" uid="217429" lat="41.8848001" lon="-0.8030212"/>
 <node id="2639628746" visible="true" version="1" changeset="20228497" timestamp="2014-01-27T13:00:02Z" user="Albhertz" uid="217429" lat="41.8781467" lon="-0.8064537"/>
 <node id="2639628776" visible="true" version="1" changeset="20228497" timestamp="2014-01-27T13:00:03Z" user="Albhertz" uid="217429" lat="41.8764265" lon="-0.8073501"/>
 <node id="2639628800" visible="true" version="1" changeset="20228497" timestamp="2014-01-27T13:00:03Z" user="Albhertz" uid="217429" lat="41.8744914" lon="-0.8084450"/>
 <node id="2639742175" visible="true" version="1" changeset="20230457" timestamp="2014-01-27T15:06:29Z" user="Albhertz" uid="217429" lat="41.8697851" lon="-0.8108302"/>
 <node id="2639742176" visible="true" version="1" changeset="20230457" timestamp="2014-01-27T15:06:29Z" user="Albhertz" uid="217429" lat="41.8677530" lon="-0.8119486"/>
 <node id="2639742177" visible="true" version="1" changeset="20230457" timestamp="2014-01-27T15:06:29Z" user="Albhertz" uid="217429" lat="41.8674604" lon="-0.8120547"/>
 <node id="2639742178" visible="true" version="1" changeset="20230457" timestamp="2014-01-27T15:06:29Z" user="Albhertz" uid="217429" lat="41.8671231" lon="-0.8119025"/>
 <node id="2639742179" visible="true" version="1" changeset="20230457" timestamp="2014-01-27T15:06:29Z" user="Albhertz" uid="217429" lat="41.8637750" lon="-0.8117547"/>
 <node id="2639742180" visible="true" version="1" changeset="20230457" timestamp="2014-01-27T15:06:29Z" user="Albhertz" uid="217429" lat="41.8601956" lon="-0.8114857"/>
 <node id="2639742181" visible="true" version="1" changeset="20230457" timestamp="2014-01-27T15:06:29Z" user="Albhertz" uid="217429" lat="41.8527724" lon="-0.8107991"/>
 <node id="2639742182" visible="true" version="1" changeset="20230457" timestamp="2014-01-27T15:06:29Z" user="Albhertz" uid="217429" lat="41.8508954" lon="-0.8106788"/>
 <node id="2639742183" visible="true" version="1" changeset="20230457" timestamp="2014-01-27T15:06:29Z" user="Albhertz" uid="217429" lat="41.8496616" lon="-0.8106080"/>
 <node id="2639742184" visible="true" version="1" changeset="20230457" timestamp="2014-01-27T15:06:29Z" user="Albhertz" uid="217429" lat="41.8489340" lon="-0.8103107"/>
 <node id="2639742185" visible="true" version="1" changeset="20230457" timestamp="2014-01-27T15:06:29Z" user="Albhertz" uid="217429" lat="41.8447789" lon="-0.8086260"/>
 <node id="2639742186" visible="true" version="1" changeset="20230457" timestamp="2014-01-27T15:06:29Z" user="Albhertz" uid="217429" lat="41.8363289" lon="-0.8073878"/>
 <node id="2639742187" visible="true" version="1" changeset="20230457" timestamp="2014-01-27T15:06:29Z" user="Albhertz" uid="217429" lat="41.8343063" lon="-0.8091674"/>
 <node id="2639742188" visible="true" version="1" changeset="20230457" timestamp="2014-01-27T15:06:29Z" user="Albhertz" uid="217429" lat="41.8323822" lon="-0.8108216"/>
 <node id="2639744801" visible="true" version="1" changeset="20230529" timestamp="2014-01-27T15:10:47Z" user="Albhertz" uid="217429" lat="41.8305904" lon="-0.8102927"/>
 <node id="2639744802" visible="true" version="1" changeset="20230529" timestamp="2014-01-27T15:10:47Z" user="Albhertz" uid="217429" lat="41.8269249" lon="-0.8095202"/>
 <node id="2639744803" visible="true" version="1" changeset="20230529" timestamp="2014-01-27T15:10:47Z" user="Albhertz" uid="217429" lat="41.8255938" lon="-0.8092198"/>
 <node id="2639744804" visible="true" version="1" changeset="20230529" timestamp="2014-01-27T15:10:47Z" user="Albhertz" uid="217429" lat="41.8243728" lon="-0.8091281"/>
 <node id="2639744805" visible="true" version="1" changeset="20230529" timestamp="2014-01-27T15:10:47Z" user="Albhertz" uid="217429" lat="41.8217852" lon="-0.8106348"/>
 <node id="2639744806" visible="true" version="1" changeset="20230529" timestamp="2014-01-27T15:10:47Z" user="Albhertz" uid="217429" lat="41.8140644" lon="-0.8151509"/>
 <node id="2639744807" visible="true" version="1" changeset="20230529" timestamp="2014-01-27T15:10:47Z" user="Albhertz" uid="217429" lat="41.8092064" lon="-0.8179308"/>
 <node id="2639744808" visible="true" version="1" changeset="20230529" timestamp="2014-01-27T15:10:47Z" user="Albhertz" uid="217429" lat="41.8056063" lon="-0.8200286"/>
 <node id="2639744809" visible="true" version="1" changeset="20230529" timestamp="2014-01-27T15:10:47Z" user="Albhertz" uid="217429" lat="41.8025576" lon="-0.8217686"/>
 <node id="2639744810" visible="true" version="1" changeset="20230529" timestamp="2014-01-27T15:10:47Z" user="Albhertz" uid="217429" lat="41.7999028" lon="-0.8227850"/>
 <node id="2639744811" visible="true" version="1" changeset="20230529" timestamp="2014-01-27T15:10:47Z" user="Albhertz" uid="217429" lat="41.7968962" lon="-0.8241347"/>
 <node id="2639744812" visible="true" version="1" changeset="20230529" timestamp="2014-01-27T15:10:47Z" user="Albhertz" uid="217429" lat="41.7921134" lon="-0.8261268"/>
 <node id="2639744813" visible="true" version="1" changeset="20230529" timestamp="2014-01-27T15:10:47Z" user="Albhertz" uid="217429" lat="41.7879910" lon="-0.8279807"/>
 <node id="2639744814" visible="true" version="1" changeset="20230529" timestamp="2014-01-27T15:10:47Z" user="Albhertz" uid="217429" lat="41.7842018" lon="-0.8295499"/>
 <node id="2639744815" visible="true" version="1" changeset="20230529" timestamp="2014-01-27T15:10:47Z" user="Albhertz" uid="217429" lat="41.7816977" lon="-0.8305907"/>
 <node id="2639744816" visible="true" version="1" changeset="20230529" timestamp="2014-01-27T15:10:47Z" user="Albhertz" uid="217429" lat="41.7794058" lon="-0.8313957"/>
 <node id="2639744817" visible="true" version="2" changeset="37721558" timestamp="2016-03-09T22:06:48Z" user="42429" uid="42429" lat="41.7782644" lon="-0.8316050"/>
 <node id="2639894273" visible="true" version="1" changeset="20233195" timestamp="2014-01-27T17:48:43Z" user="Albhertz" uid="217429" lat="41.9024358" lon="-0.7889648"/>
 <node id="2639894274" visible="true" version="1" changeset="20233195" timestamp="2014-01-27T17:48:43Z" user="Albhertz" uid="217429" lat="41.9027056" lon="-0.7874938"/>
 <node id="2639894275" visible="true" version="1" changeset="20233195" timestamp="2014-01-27T17:48:44Z" user="Albhertz" uid="217429" lat="41.9033199" lon="-0.7842730"/>
 <node id="2639894276" visible="true" version="1" changeset="20233195" timestamp="2014-01-27T17:48:44Z" user="Albhertz" uid="217429" lat="41.9034406" lon="-0.7837014"/>
 <node id="2639894277" visible="true" version="1" changeset="20233195" timestamp="2014-01-27T17:48:44Z" user="Albhertz" uid="217429" lat="41.9038135" lon="-0.7811017"/>
 <node id="2639894278" visible="true" version="1" changeset="20233195" timestamp="2014-01-27T17:48:45Z" user="Albhertz" uid="217429" lat="41.9041163" lon="-0.7796037"/>
 <node id="2639894279" visible="true" version="1" changeset="20233195" timestamp="2014-01-27T17:48:45Z" user="Albhertz" uid="217429" lat="41.9045656" lon="-0.7772440"/>
 <node id="2639894280" visible="true" version="1" changeset="20233195" timestamp="2014-01-27T17:48:45Z" user="Albhertz" uid="217429" lat="41.9052848" lon="-0.7735038"/>
 <node id="2639894281" visible="true" version="1" changeset="20233195" timestamp="2014-01-27T17:48:45Z" user="Albhertz" uid="217429" lat="41.9056029" lon="-0.7720307"/>
 <node id="2639894283" visible="true" version="1" changeset="20233195" timestamp="2014-01-27T17:48:46Z" user="Albhertz" uid="217429" lat="41.9063923" lon="-0.7714658"/>
 <node id="2987695127" visible="true" version="1" changeset="24443951" timestamp="2014-07-30T14:15:21Z" user="NicoBecker84" uid="2206404" lat="42.0037370" lon="-0.7886540">
  <tag k="power" v="tower"/>
 </node>
 <node id="2987701738" visible="true" version="2" changeset="40110985" timestamp="2016-06-18T08:12:57Z" user="DGerveno" uid="2536370" lat="42.0354862" lon="-0.7746584">
  <tag k="power" v="tower"/>
 </node>
 <node id="3906285357" visible="true" version="1" changeset="36123675" timestamp="2015-12-23T11:41:38Z" user="Robot8A" uid="393359" lat="41.7973167" lon="-0.8112490"/>
 <node id="3906285358" visible="true" version="2" changeset="162053397" timestamp="2025-02-02T16:21:36Z" user="armin762" uid="17955075" lat="41.7982507" lon="-0.8109590"/>
 <node id="3906294122" visible="true" version="1" changeset="36123784" timestamp="2015-12-23T11:48:35Z" user="Robot8A" uid="393359" lat="41.7987754" lon="-0.8107322"/>
 <node id="4180177990" visible="true" version="1" changeset="39257917" timestamp="2016-05-12T05:34:43Z" user="manings" uid="3272286" lat="41.8037682" lon="-0.8090276"/>
 <node id="4504714334" visible="true" version="2" changeset="149138712" timestamp="2024-03-25T16:13:09Z" user="armin762" uid="17955075" lat="42.0373036" lon="-0.7738772">
  <tag k="power" v="tower"/>
 </node>
 <node id="4681553540" visible="true" version="1" changeset="46017497" timestamp="2017-02-12T11:54:04Z" user="GumerGP" uid="5118065" lat="41.9736029" lon="-0.9134303"/>
 <node id="4823866418" visible="true" version="1" changeset="48241881" timestamp="2017-04-28T22:38:52Z" user="ansuta" uid="3188422" lat="41.8283222" lon="-0.8110015"/>
 <node id="4823866419" visible="true" version="5" changeset="144169556" timestamp="2023-11-18T11:02:16Z" user="yopaseopor" uid="500572" lat="41.8300977" lon="-0.8099569">
  <tag k="direction" v="backward"/>
  <tag k="highway" v="stop"/>
  <tag k="side" v="left"/>
  <tag k="traffic_sign" v="ES:R2"/>
 </node>
 <node id="4823866420" visible="true" version="1" changeset="48241881" timestamp="2017-04-28T22:38:52Z" user="ansuta" uid="3188422" lat="41.8283276" lon="-0.8110415"/>
 <node id="4823866621" visible="true" version="1" changeset="48241881" timestamp="2017-04-28T22:38:52Z" user="ansuta" uid="3188422" lat="41.8283225" lon="-0.8110711"/>
 <node id="4823866622" visible="true" version="1" changeset="48241881" timestamp="2017-04-28T22:38:52Z" user="ansuta" uid="3188422" lat="41.8283106" lon="-0.8110970"/>
 <node id="4823866623" visible="true" version="1" changeset="48241881" timestamp="2017-04-28T22:38:52Z" user="ansuta" uid="3188422" lat="41.8282932" lon="-0.8111165"/>
 <node id="4823866624" visible="true" version="1" changeset="48241881" timestamp="2017-04-28T22:38:52Z" user="ansuta" uid="3188422" lat="41.8282721" lon="-0.8111275"/>
 <node id="4823866625" visible="true" version="1" changeset="48241881" timestamp="2017-04-28T22:38:52Z" user="ansuta" uid="3188422" lat="41.8281883" lon="-0.8110499"/>
 <node id="4823866626" visible="true" version="1" changeset="48241881" timestamp="2017-04-28T22:38:52Z" user="ansuta" uid="3188422" lat="41.8281886" lon="-0.8110184"/>
 <node id="4823866627" visible="true" version="1" changeset="48241881" timestamp="2017-04-28T22:38:52Z" user="ansuta" uid="3188422" lat="41.8281967" lon="-0.8109889"/>
 <node id="4823866628" visible="true" version="1" changeset="48241881" timestamp="2017-04-28T22:38:52Z" user="ansuta" uid="3188422" lat="41.8282115" lon="-0.8109645"/>
 <node id="4823866629" visible="true" version="1" changeset="48241881" timestamp="2017-04-28T22:38:52Z" user="ansuta" uid="3188422" lat="41.8282315" lon="-0.8109480"/>
 <node id="4823866630" visible="true" version="1" changeset="48241881" timestamp="2017-04-28T22:38:52Z" user="ansuta" uid="3188422" lat="41.8282494" lon="-0.8111289"/>
 <node id="4823866631" visible="true" version="1" changeset="48241881" timestamp="2017-04-28T22:38:52Z" user="ansuta" uid="3188422" lat="41.8282276" lon="-0.8111205"/>
 <node id="4823866632" visible="true" version="1" changeset="48241881" timestamp="2017-04-28T22:38:52Z" user="ansuta" uid="3188422" lat="41.8282090" lon="-0.8111032"/>
 <node id="4823866633" visible="true" version="1" changeset="48241881" timestamp="2017-04-28T22:38:52Z" user="ansuta" uid="3188422" lat="41.8281954" lon="-0.8110788"/>
 <node id="4823866634" visible="true" version="1" changeset="48241881" timestamp="2017-04-28T22:38:52Z" user="ansuta" uid="3188422" lat="41.8282544" lon="-0.8109414"/>
 <node id="4823866635" visible="true" version="1" changeset="48241881" timestamp="2017-04-28T22:38:52Z" user="ansuta" uid="3188422" lat="41.8282777" lon="-0.8109452"/>
 <node id="4823866636" visible="true" version="1" changeset="48241881" timestamp="2017-04-28T22:38:52Z" user="ansuta" uid="3188422" lat="41.8282988" lon="-0.8109592"/>
 <node id="4823866637" visible="true" version="1" changeset="48241881" timestamp="2017-04-28T22:38:52Z" user="ansuta" uid="3188422" lat="41.8283152" lon="-0.8109816"/>
 <node id="4823866638" visible="true" version="1" changeset="48241881" timestamp="2017-04-28T22:38:52Z" user="ansuta" uid="3188422" lat="41.8283252" lon="-0.8110101"/>
 <node id="4823866639" visible="true" version="5" changeset="149968308" timestamp="2024-04-13T20:16:44Z" user="yopaseopor" uid="500572" lat="41.8283536" lon="-0.8109830">
  <tag k="direction" v="forward"/>
  <tag k="highway" v="give_way"/>
  <tag k="side" v="right"/>
  <tag k="traffic_sign" v="ES:R1"/>
 </node>
 <node id="4823866640" visible="true" version="2" changeset="76471535" timestamp="2019-11-01T00:47:20Z" user="ansuta" uid="3188422" lat="41.8278316" lon="-0.8098955"/>
 <node id="4823866641" visible="true" version="1" changeset="48241881" timestamp="2017-04-28T22:38:52Z" user="ansuta" uid="3188422" lat="41.8291691" lon="-0.8138361"/>
 <node id="4823866642" visible="true" version="1" changeset="48241881" timestamp="2017-04-28T22:38:52Z" user="ansuta" uid="3188422" lat="41.8261677" lon="-0.8155684"/>
 <node id="4823866643" visible="true" version="1" changeset="48241881" timestamp="2017-04-28T22:38:52Z" user="ansuta" uid="3188422" lat="41.8307293" lon="-0.8129354"/>
 <node id="4823866644" visible="true" version="1" changeset="48241881" timestamp="2017-04-28T22:38:52Z" user="ansuta" uid="3188422" lat="41.8307556" lon="-0.8129593"/>
 <node id="4823866645" visible="true" version="1" changeset="48241881" timestamp="2017-04-28T22:38:52Z" user="ansuta" uid="3188422" lat="41.8299070" lon="-0.8103533"/>
 <node id="4823866646" visible="true" version="1" changeset="48241881" timestamp="2017-04-28T22:38:52Z" user="ansuta" uid="3188422" lat="41.8298757" lon="-0.8102994"/>
 <node id="4823866647" visible="true" version="1" changeset="48241881" timestamp="2017-04-28T22:38:52Z" user="ansuta" uid="3188422" lat="41.8298244" lon="-0.8102574"/>
 <node id="4823866648" visible="true" version="1" changeset="48241881" timestamp="2017-04-28T22:38:52Z" user="ansuta" uid="3188422" lat="41.8297730" lon="-0.8102574"/>
 <node id="4823866649" visible="true" version="1" changeset="48241881" timestamp="2017-04-28T22:38:52Z" user="ansuta" uid="3188422" lat="41.8284281" lon="-0.8110330"/>
 <node id="4823866650" visible="true" version="1" changeset="48241881" timestamp="2017-04-28T22:38:52Z" user="ansuta" uid="3188422" lat="41.8283164" lon="-0.8107213"/>
 <node id="4823866651" visible="true" version="1" changeset="48241881" timestamp="2017-04-28T22:38:52Z" user="ansuta" uid="3188422" lat="41.8281981" lon="-0.8107812"/>
 <node id="4823866652" visible="true" version="1" changeset="48241881" timestamp="2017-04-28T22:38:52Z" user="ansuta" uid="3188422" lat="41.8276599" lon="-0.8091614"/>
 <node id="4823866653" visible="true" version="1" changeset="48241881" timestamp="2017-04-28T22:38:52Z" user="ansuta" uid="3188422" lat="41.8245059" lon="-0.8109825"/>
 <node id="4823866654" visible="true" version="1" changeset="48241881" timestamp="2017-04-28T22:38:52Z" user="ansuta" uid="3188422" lat="41.8260253" lon="-0.8156930"/>
 <node id="4823866656" visible="true" version="1" changeset="48241881" timestamp="2017-04-28T22:38:52Z" user="ansuta" uid="3188422" lat="41.8293921" lon="-0.8130765"/>
 <node id="4823866657" visible="true" version="1" changeset="48241881" timestamp="2017-04-28T22:38:52Z" user="ansuta" uid="3188422" lat="41.8294669" lon="-0.8131768"/>
 <node id="4823866658" visible="true" version="1" changeset="48241881" timestamp="2017-04-28T22:38:52Z" user="ansuta" uid="3188422" lat="41.8295696" lon="-0.8132270"/>
 <node id="4823866659" visible="true" version="1" changeset="48241881" timestamp="2017-04-28T22:38:52Z" user="ansuta" uid="3188422" lat="41.8296787" lon="-0.8132437"/>
 <node id="4823866660" visible="true" version="1" changeset="48241881" timestamp="2017-04-28T22:38:52Z" user="ansuta" uid="3188422" lat="41.8303483" lon="-0.8128717"/>
 <node id="4823866661" visible="true" version="1" changeset="48241881" timestamp="2017-04-28T22:38:52Z" user="ansuta" uid="3188422" lat="41.8303950" lon="-0.8127672"/>
 <node id="4823866662" visible="true" version="1" changeset="48241881" timestamp="2017-04-28T22:38:52Z" user="ansuta" uid="3188422" lat="41.8304043" lon="-0.8126334"/>
 <node id="4823866663" visible="true" version="1" changeset="48241881" timestamp="2017-04-28T22:38:52Z" user="ansuta" uid="3188422" lat="41.8301520" lon="-0.8118560"/>
 <node id="4823866664" visible="true" version="1" changeset="48241881" timestamp="2017-04-28T22:38:52Z" user="ansuta" uid="3188422" lat="41.8301053" lon="-0.8117891"/>
 <node id="4823866665" visible="true" version="1" changeset="48241881" timestamp="2017-04-28T22:38:52Z" user="ansuta" uid="3188422" lat="41.8300244" lon="-0.8117557"/>
 <node id="4823866666" visible="true" version="1" changeset="48241881" timestamp="2017-04-28T22:38:52Z" user="ansuta" uid="3188422" lat="41.8299434" lon="-0.8117557"/>
 <node id="4823866667" visible="true" version="1" changeset="48241881" timestamp="2017-04-28T22:38:52Z" user="ansuta" uid="3188422" lat="41.8298717" lon="-0.8118059"/>
 <node id="4823866668" visible="true" version="1" changeset="48241881" timestamp="2017-04-28T22:38:52Z" user="ansuta" uid="3188422" lat="41.8297191" lon="-0.8119939"/>
 <node id="4823866669" visible="true" version="1" changeset="48241881" timestamp="2017-04-28T22:38:52Z" user="ansuta" uid="3188422" lat="41.8297067" lon="-0.8120984"/>
 <node id="4823866670" visible="true" version="1" changeset="48241881" timestamp="2017-04-28T22:38:52Z" user="ansuta" uid="3188422" lat="41.8297223" lon="-0.8122029"/>
 <node id="4823866671" visible="true" version="1" changeset="48241881" timestamp="2017-04-28T22:38:52Z" user="ansuta" uid="3188422" lat="41.8297721" lon="-0.8122656"/>
 <node id="4823866672" visible="true" version="1" changeset="48241881" timestamp="2017-04-28T22:38:52Z" user="ansuta" uid="3188422" lat="41.8301084" lon="-0.8124328"/>
 <node id="4823866673" visible="true" version="1" changeset="48241881" timestamp="2017-04-28T22:38:52Z" user="ansuta" uid="3188422" lat="41.8301676" lon="-0.8125206"/>
 <node id="4823866674" visible="true" version="1" changeset="48241881" timestamp="2017-04-28T22:38:52Z" user="ansuta" uid="3188422" lat="41.8301738" lon="-0.8126000"/>
 <node id="4823866675" visible="true" version="1" changeset="48241881" timestamp="2017-04-28T22:38:52Z" user="ansuta" uid="3188422" lat="41.8301458" lon="-0.8126836"/>
 <node id="4823866676" visible="true" version="1" changeset="48241881" timestamp="2017-04-28T22:38:52Z" user="ansuta" uid="3188422" lat="41.8298468" lon="-0.8128592"/>
 <node id="4823866677" visible="true" version="1" changeset="48241881" timestamp="2017-04-28T22:38:52Z" user="ansuta" uid="3188422" lat="41.8297783" lon="-0.8128592"/>
 <node id="4823866678" visible="true" version="1" changeset="48241881" timestamp="2017-04-28T22:38:52Z" user="ansuta" uid="3188422" lat="41.8296911" lon="-0.8128090"/>
 <node id="4823866679" visible="true" version="1" changeset="48241881" timestamp="2017-04-28T22:38:52Z" user="ansuta" uid="3188422" lat="41.8296101" lon="-0.8126920"/>
 <node id="4823866680" visible="true" version="1" changeset="48241881" timestamp="2017-04-28T22:38:52Z" user="ansuta" uid="3188422" lat="41.8294731" lon="-0.8124119"/>
 <node id="4823866681" visible="true" version="1" changeset="48241881" timestamp="2017-04-28T22:38:52Z" user="ansuta" uid="3188422" lat="41.8294108" lon="-0.8122238"/>
 <node id="4823866682" visible="true" version="1" changeset="48241881" timestamp="2017-04-28T22:38:53Z" user="ansuta" uid="3188422" lat="41.8293797" lon="-0.8119939"/>
 <node id="4823866683" visible="true" version="1" changeset="48241881" timestamp="2017-04-28T22:38:53Z" user="ansuta" uid="3188422" lat="41.8294046" lon="-0.8118644"/>
 <node id="4823866684" visible="true" version="1" changeset="48241881" timestamp="2017-04-28T22:38:53Z" user="ansuta" uid="3188422" lat="41.8294606" lon="-0.8117682"/>
 <node id="4823866685" visible="true" version="1" changeset="48241881" timestamp="2017-04-28T22:38:53Z" user="ansuta" uid="3188422" lat="41.8298873" lon="-0.8115133"/>
 <node id="4823866686" visible="true" version="1" changeset="48241881" timestamp="2017-04-28T22:38:53Z" user="ansuta" uid="3188422" lat="41.8299465" lon="-0.8114422"/>
 <node id="4823866687" visible="true" version="1" changeset="48241881" timestamp="2017-04-28T22:38:53Z" user="ansuta" uid="3188422" lat="41.8299839" lon="-0.8113419"/>
 <node id="4823866688" visible="true" version="1" changeset="48241881" timestamp="2017-04-28T22:38:53Z" user="ansuta" uid="3188422" lat="41.8299839" lon="-0.8112416"/>
 <node id="4823866689" visible="true" version="1" changeset="48241881" timestamp="2017-04-28T22:38:53Z" user="ansuta" uid="3188422" lat="41.8297939" lon="-0.8106982"/>
 <node id="4823866690" visible="true" version="1" changeset="48241881" timestamp="2017-04-28T22:38:53Z" user="ansuta" uid="3188422" lat="41.8297503" lon="-0.8106313"/>
 <node id="4823866691" visible="true" version="1" changeset="48241881" timestamp="2017-04-28T22:38:53Z" user="ansuta" uid="3188422" lat="41.8296849" lon="-0.8106272"/>
 <node id="4823866692" visible="true" version="1" changeset="48241881" timestamp="2017-04-28T22:38:53Z" user="ansuta" uid="3188422" lat="41.8295914" lon="-0.8106564"/>
 <node id="4823866693" visible="true" version="1" changeset="48241881" timestamp="2017-04-28T22:38:53Z" user="ansuta" uid="3188422" lat="41.8291203" lon="-0.8109204"/>
 <node id="4823866694" visible="true" version="1" changeset="48241881" timestamp="2017-04-28T22:38:53Z" user="ansuta" uid="3188422" lat="41.8290455" lon="-0.8109956"/>
 <node id="4823866695" visible="true" version="1" changeset="48241881" timestamp="2017-04-28T22:38:53Z" user="ansuta" uid="3188422" lat="41.8290175" lon="-0.8110834"/>
 <node id="4823866696" visible="true" version="1" changeset="48241881" timestamp="2017-04-28T22:38:53Z" user="ansuta" uid="3188422" lat="41.8290268" lon="-0.8111419"/>
 <node id="4823866697" visible="true" version="1" changeset="48241881" timestamp="2017-04-28T22:38:53Z" user="ansuta" uid="3188422" lat="41.8290829" lon="-0.8112046"/>
 <node id="4823866698" visible="true" version="1" changeset="48241881" timestamp="2017-04-28T22:38:53Z" user="ansuta" uid="3188422" lat="41.8291265" lon="-0.8112171"/>
 <node id="4823866699" visible="true" version="1" changeset="48241881" timestamp="2017-04-28T22:38:53Z" user="ansuta" uid="3188422" lat="41.8295096" lon="-0.8109956"/>
 <node id="4823866700" visible="true" version="1" changeset="48241881" timestamp="2017-04-28T22:38:53Z" user="ansuta" uid="3188422" lat="41.8295781" lon="-0.8109789"/>
 <node id="4823866701" visible="true" version="1" changeset="48241881" timestamp="2017-04-28T22:38:53Z" user="ansuta" uid="3188422" lat="41.8296497" lon="-0.8110123"/>
 <node id="4823866702" visible="true" version="1" changeset="48241881" timestamp="2017-04-28T22:38:53Z" user="ansuta" uid="3188422" lat="41.8297089" lon="-0.8110959"/>
 <node id="4823866703" visible="true" version="1" changeset="48241881" timestamp="2017-04-28T22:38:53Z" user="ansuta" uid="3188422" lat="41.8297276" lon="-0.8111962"/>
 <node id="4823866704" visible="true" version="1" changeset="48241881" timestamp="2017-04-28T22:38:53Z" user="ansuta" uid="3188422" lat="41.8297058" lon="-0.8112924"/>
 <node id="4823866705" visible="true" version="1" changeset="48241881" timestamp="2017-04-28T22:38:53Z" user="ansuta" uid="3188422" lat="41.8296560" lon="-0.8113634"/>
 <node id="4823866706" visible="true" version="1" changeset="48241881" timestamp="2017-04-28T22:38:53Z" user="ansuta" uid="3188422" lat="41.8295688" lon="-0.8113760"/>
 <node id="4823866707" visible="true" version="1" changeset="48241881" timestamp="2017-04-28T22:38:53Z" user="ansuta" uid="3188422" lat="41.8294753" lon="-0.8113843"/>
 <node id="4823866708" visible="true" version="1" changeset="48241881" timestamp="2017-04-28T22:38:53Z" user="ansuta" uid="3188422" lat="41.8293975" lon="-0.8114303"/>
 <node id="4823866709" visible="true" version="1" changeset="48241881" timestamp="2017-04-28T22:38:53Z" user="ansuta" uid="3188422" lat="41.8293258" lon="-0.8115390"/>
 <node id="4823866710" visible="true" version="1" changeset="48241881" timestamp="2017-04-28T22:38:53Z" user="ansuta" uid="3188422" lat="41.8292885" lon="-0.8116560"/>
 <node id="4823866711" visible="true" version="1" changeset="48241881" timestamp="2017-04-28T22:38:53Z" user="ansuta" uid="3188422" lat="41.8292386" lon="-0.8117145"/>
 <node id="4823866712" visible="true" version="1" changeset="48241881" timestamp="2017-04-28T22:38:53Z" user="ansuta" uid="3188422" lat="41.8291826" lon="-0.8117145"/>
 <node id="4823866713" visible="true" version="1" changeset="48241881" timestamp="2017-04-28T22:38:53Z" user="ansuta" uid="3188422" lat="41.8291189" lon="-0.8116237"/>
 <node id="4823866714" visible="true" version="1" changeset="48241881" timestamp="2017-04-28T22:38:53Z" user="ansuta" uid="3188422" lat="41.8290720" lon="-0.8115937"/>
 <node id="4823866715" visible="true" version="1" changeset="48241881" timestamp="2017-04-28T22:38:53Z" user="ansuta" uid="3188422" lat="41.8290296" lon="-0.8115937"/>
 <node id="4823866716" visible="true" version="1" changeset="48241881" timestamp="2017-04-28T22:38:53Z" user="ansuta" uid="3188422" lat="41.8289894" lon="-0.8116357"/>
 <node id="4823866717" visible="true" version="1" changeset="48241881" timestamp="2017-04-28T22:38:53Z" user="ansuta" uid="3188422" lat="41.8289671" lon="-0.8117016"/>
 <node id="4823866718" visible="true" version="1" changeset="48241881" timestamp="2017-04-28T22:38:53Z" user="ansuta" uid="3188422" lat="41.8278064" lon="-0.8118230"/>
 <node id="4823866719" visible="true" version="1" changeset="48241881" timestamp="2017-04-28T22:38:53Z" user="ansuta" uid="3188422" lat="41.8275786" lon="-0.8111067"/>
 <node id="4823866720" visible="true" version="1" changeset="48241881" timestamp="2017-04-28T22:38:53Z" user="ansuta" uid="3188422" lat="41.8274916" lon="-0.8109119"/>
 <node id="4823866821" visible="true" version="1" changeset="48241881" timestamp="2017-04-28T22:38:53Z" user="ansuta" uid="3188422" lat="41.8274156" lon="-0.8108280"/>
 <node id="4823866822" visible="true" version="1" changeset="48241881" timestamp="2017-04-28T22:38:53Z" user="ansuta" uid="3188422" lat="41.8273241" lon="-0.8107531"/>
 <node id="4823866823" visible="true" version="1" changeset="48241881" timestamp="2017-04-28T22:38:53Z" user="ansuta" uid="3188422" lat="41.8271946" lon="-0.8106962"/>
 <node id="4823866824" visible="true" version="1" changeset="48241881" timestamp="2017-04-28T22:38:53Z" user="ansuta" uid="3188422" lat="41.8270941" lon="-0.8106902"/>
 <node id="4823866825" visible="true" version="1" changeset="48241881" timestamp="2017-04-28T22:38:53Z" user="ansuta" uid="3188422" lat="41.8269779" lon="-0.8107171"/>
 <node id="4823866826" visible="true" version="1" changeset="48241881" timestamp="2017-04-28T22:38:53Z" user="ansuta" uid="3188422" lat="41.8258949" lon="-0.8113585"/>
 <node id="4823866827" visible="true" version="1" changeset="48241881" timestamp="2017-04-28T22:38:53Z" user="ansuta" uid="3188422" lat="41.8258592" lon="-0.8114184"/>
 <node id="4823866828" visible="true" version="1" changeset="48241881" timestamp="2017-04-28T22:38:53Z" user="ansuta" uid="3188422" lat="41.8258569" lon="-0.8115143"/>
 <node id="4823866829" visible="true" version="1" changeset="48241881" timestamp="2017-04-28T22:38:53Z" user="ansuta" uid="3188422" lat="41.8258726" lon="-0.8116491"/>
 <node id="4823866830" visible="true" version="1" changeset="48241881" timestamp="2017-04-28T22:38:53Z" user="ansuta" uid="3188422" lat="41.8259150" lon="-0.8117570"/>
 <node id="4823866831" visible="true" version="1" changeset="48241881" timestamp="2017-04-28T22:38:53Z" user="ansuta" uid="3188422" lat="41.8262008" lon="-0.8120447"/>
 <node id="4823866832" visible="true" version="1" changeset="48241881" timestamp="2017-04-28T22:38:53Z" user="ansuta" uid="3188422" lat="41.8262366" lon="-0.8121047"/>
 <node id="4823866833" visible="true" version="1" changeset="48241881" timestamp="2017-04-28T22:38:53Z" user="ansuta" uid="3188422" lat="41.8262656" lon="-0.8122035"/>
 <node id="4823866834" visible="true" version="1" changeset="48241881" timestamp="2017-04-28T22:38:53Z" user="ansuta" uid="3188422" lat="41.8262768" lon="-0.8123414"/>
 <node id="4823866835" visible="true" version="1" changeset="48241881" timestamp="2017-04-28T22:38:53Z" user="ansuta" uid="3188422" lat="41.8261517" lon="-0.8132434"/>
 <node id="4823866836" visible="true" version="1" changeset="48241881" timestamp="2017-04-28T22:38:53Z" user="ansuta" uid="3188422" lat="41.8261495" lon="-0.8133004"/>
 <node id="4823866837" visible="true" version="1" changeset="48241881" timestamp="2017-04-28T22:38:53Z" user="ansuta" uid="3188422" lat="41.8261830" lon="-0.8133543"/>
 <node id="4823866838" visible="true" version="1" changeset="48241881" timestamp="2017-04-28T22:38:53Z" user="ansuta" uid="3188422" lat="41.8262299" lon="-0.8133843"/>
 <node id="4823866839" visible="true" version="1" changeset="48241881" timestamp="2017-04-28T22:38:53Z" user="ansuta" uid="3188422" lat="41.8262835" lon="-0.8133783"/>
 <node id="4823866840" visible="true" version="1" changeset="48241881" timestamp="2017-04-28T22:38:53Z" user="ansuta" uid="3188422" lat="41.8263236" lon="-0.8133423"/>
 <node id="4823866841" visible="true" version="1" changeset="48241881" timestamp="2017-04-28T22:38:53Z" user="ansuta" uid="3188422" lat="41.8263527" lon="-0.8132734"/>
 <node id="4823866842" visible="true" version="1" changeset="48241881" timestamp="2017-04-28T22:38:53Z" user="ansuta" uid="3188422" lat="41.8267636" lon="-0.8113704"/>
 <node id="4823866843" visible="true" version="1" changeset="48241881" timestamp="2017-04-28T22:38:53Z" user="ansuta" uid="3188422" lat="41.8268060" lon="-0.8112865"/>
 <node id="4823866844" visible="true" version="1" changeset="48241881" timestamp="2017-04-28T22:38:53Z" user="ansuta" uid="3188422" lat="41.8268596" lon="-0.8112296"/>
 <node id="4823866845" visible="true" version="1" changeset="48241881" timestamp="2017-04-28T22:38:53Z" user="ansuta" uid="3188422" lat="41.8269244" lon="-0.8111816"/>
 <node id="4823866846" visible="true" version="1" changeset="48241881" timestamp="2017-04-28T22:38:53Z" user="ansuta" uid="3188422" lat="41.8270047" lon="-0.8111517"/>
 <node id="4823866847" visible="true" version="1" changeset="48241881" timestamp="2017-04-28T22:38:53Z" user="ansuta" uid="3188422" lat="41.8270762" lon="-0.8111577"/>
 <node id="4823866848" visible="true" version="1" changeset="48241881" timestamp="2017-04-28T22:38:54Z" user="ansuta" uid="3188422" lat="41.8271655" lon="-0.8111846"/>
 <node id="4823866849" visible="true" version="1" changeset="48241881" timestamp="2017-04-28T22:38:54Z" user="ansuta" uid="3188422" lat="41.8272571" lon="-0.8112506"/>
 <node id="4823866850" visible="true" version="1" changeset="48241881" timestamp="2017-04-28T22:38:54Z" user="ansuta" uid="3188422" lat="41.8273062" lon="-0.8113195"/>
 <node id="4823866851" visible="true" version="1" changeset="48241881" timestamp="2017-04-28T22:38:54Z" user="ansuta" uid="3188422" lat="41.8273442" lon="-0.8114334"/>
 <node id="4823866852" visible="true" version="1" changeset="48241881" timestamp="2017-04-28T22:38:54Z" user="ansuta" uid="3188422" lat="41.8273598" lon="-0.8115682"/>
 <node id="4823866853" visible="true" version="1" changeset="48241881" timestamp="2017-04-28T22:38:54Z" user="ansuta" uid="3188422" lat="41.8273464" lon="-0.8116911"/>
 <node id="4823866854" visible="true" version="1" changeset="48241881" timestamp="2017-04-28T22:38:54Z" user="ansuta" uid="3188422" lat="41.8272995" lon="-0.8117720"/>
 <node id="4823866855" visible="true" version="1" changeset="48241881" timestamp="2017-04-28T22:38:54Z" user="ansuta" uid="3188422" lat="41.8271856" lon="-0.8118050"/>
 <node id="4823866856" visible="true" version="1" changeset="48241881" timestamp="2017-04-28T22:38:54Z" user="ansuta" uid="3188422" lat="41.8270740" lon="-0.8118290"/>
 <node id="4823866857" visible="true" version="1" changeset="48241881" timestamp="2017-04-28T22:38:54Z" user="ansuta" uid="3188422" lat="41.8270070" lon="-0.8118799"/>
 <node id="4823866858" visible="true" version="1" changeset="48241881" timestamp="2017-04-28T22:38:54Z" user="ansuta" uid="3188422" lat="41.8269802" lon="-0.8119578"/>
 <node id="4823866859" visible="true" version="1" changeset="48241881" timestamp="2017-04-28T22:38:54Z" user="ansuta" uid="3188422" lat="41.8269846" lon="-0.8120387"/>
 <node id="4823866860" visible="true" version="1" changeset="48241881" timestamp="2017-04-28T22:38:54Z" user="ansuta" uid="3188422" lat="41.8270226" lon="-0.8121226"/>
 <node id="4823866861" visible="true" version="1" changeset="48241881" timestamp="2017-04-28T22:38:54Z" user="ansuta" uid="3188422" lat="41.8278578" lon="-0.8130427"/>
 <node id="4823866862" visible="true" version="1" changeset="48241881" timestamp="2017-04-28T22:38:54Z" user="ansuta" uid="3188422" lat="41.8278734" lon="-0.8131206"/>
 <node id="4823866863" visible="true" version="1" changeset="48241881" timestamp="2017-04-28T22:38:54Z" user="ansuta" uid="3188422" lat="41.8278623" lon="-0.8131955"/>
 <node id="4823866864" visible="true" version="1" changeset="48241881" timestamp="2017-04-28T22:38:54Z" user="ansuta" uid="3188422" lat="41.8278265" lon="-0.8132494"/>
 <node id="4823866865" visible="true" version="1" changeset="48241881" timestamp="2017-04-28T22:38:54Z" user="ansuta" uid="3188422" lat="41.8277640" lon="-0.8132764"/>
 <node id="4823866866" visible="true" version="1" changeset="48241881" timestamp="2017-04-28T22:38:54Z" user="ansuta" uid="3188422" lat="41.8276814" lon="-0.8132584"/>
 <node id="4823866867" visible="true" version="1" changeset="48241881" timestamp="2017-04-28T22:38:54Z" user="ansuta" uid="3188422" lat="41.8274782" lon="-0.8131386"/>
 <node id="4823866868" visible="true" version="1" changeset="48241881" timestamp="2017-04-28T22:38:54Z" user="ansuta" uid="3188422" lat="41.8273263" lon="-0.8130037"/>
 <node id="4823866869" visible="true" version="1" changeset="48241881" timestamp="2017-04-28T22:38:54Z" user="ansuta" uid="3188422" lat="41.8271097" lon="-0.8127640"/>
 <node id="4823866870" visible="true" version="1" changeset="48241881" timestamp="2017-04-28T22:38:54Z" user="ansuta" uid="3188422" lat="41.8270204" lon="-0.8127070"/>
 <node id="4823866871" visible="true" version="1" changeset="48241881" timestamp="2017-04-28T22:38:54Z" user="ansuta" uid="3188422" lat="41.8269244" lon="-0.8126920"/>
 <node id="4823866872" visible="true" version="1" changeset="48241881" timestamp="2017-04-28T22:38:54Z" user="ansuta" uid="3188422" lat="41.8268328" lon="-0.8127310"/>
 <node id="4823866873" visible="true" version="1" changeset="48241881" timestamp="2017-04-28T22:38:54Z" user="ansuta" uid="3188422" lat="41.8267591" lon="-0.8128329"/>
 <node id="4823866874" visible="true" version="1" changeset="48241881" timestamp="2017-04-28T22:38:54Z" user="ansuta" uid="3188422" lat="41.8265023" lon="-0.8140256"/>
 <node id="4823866875" visible="true" version="1" changeset="48241881" timestamp="2017-04-28T22:38:54Z" user="ansuta" uid="3188422" lat="41.8265112" lon="-0.8141545"/>
 <node id="4823866876" visible="true" version="1" changeset="48241881" timestamp="2017-04-28T22:38:54Z" user="ansuta" uid="3188422" lat="41.8266095" lon="-0.8144811"/>
 <node id="4823866877" visible="true" version="1" changeset="48241881" timestamp="2017-04-28T22:38:54Z" user="ansuta" uid="3188422" lat="41.8266631" lon="-0.8145560"/>
 <node id="4823866878" visible="true" version="1" changeset="48241881" timestamp="2017-04-28T22:38:54Z" user="ansuta" uid="3188422" lat="41.8267546" lon="-0.8145890"/>
 <node id="4823866879" visible="true" version="1" changeset="48241881" timestamp="2017-04-28T22:38:54Z" user="ansuta" uid="3188422" lat="41.8268618" lon="-0.8145950"/>
 <node id="4823866880" visible="true" version="1" changeset="48241881" timestamp="2017-04-28T22:38:54Z" user="ansuta" uid="3188422" lat="41.8269556" lon="-0.8145650"/>
 <node id="4823866881" visible="true" version="1" changeset="48241881" timestamp="2017-04-28T22:38:54Z" user="ansuta" uid="3188422" lat="41.8270137" lon="-0.8145021"/>
 <node id="4823866882" visible="true" version="1" changeset="48241881" timestamp="2017-04-28T22:38:54Z" user="ansuta" uid="3188422" lat="41.8270583" lon="-0.8143702"/>
 <node id="4823866883" visible="true" version="1" changeset="48241881" timestamp="2017-04-28T22:38:54Z" user="ansuta" uid="3188422" lat="41.8271611" lon="-0.8137289"/>
 <node id="4823866884" visible="true" version="1" changeset="48241881" timestamp="2017-04-28T22:38:54Z" user="ansuta" uid="3188422" lat="41.8272057" lon="-0.8136450"/>
 <node id="4823866885" visible="true" version="1" changeset="48241881" timestamp="2017-04-28T22:38:54Z" user="ansuta" uid="3188422" lat="41.8272861" lon="-0.8135761"/>
 <node id="4823866886" visible="true" version="1" changeset="48241881" timestamp="2017-04-28T22:38:54Z" user="ansuta" uid="3188422" lat="41.8273643" lon="-0.8135551"/>
 <node id="4823866887" visible="true" version="1" changeset="48241881" timestamp="2017-04-28T22:38:54Z" user="ansuta" uid="3188422" lat="41.8274380" lon="-0.8135581"/>
 <node id="4823866888" visible="true" version="1" changeset="48241881" timestamp="2017-04-28T22:38:54Z" user="ansuta" uid="3188422" lat="41.8274916" lon="-0.8136150"/>
 <node id="4823866889" visible="true" version="1" changeset="48241881" timestamp="2017-04-28T22:38:54Z" user="ansuta" uid="3188422" lat="41.8275452" lon="-0.8137859"/>
 <node id="4823866890" visible="true" version="1" changeset="48241881" timestamp="2017-04-28T22:38:54Z" user="ansuta" uid="3188422" lat="41.8276211" lon="-0.8141365"/>
 <node id="4823866891" visible="true" version="1" changeset="48241881" timestamp="2017-04-28T22:38:54Z" user="ansuta" uid="3188422" lat="41.8276523" lon="-0.8141754"/>
 <node id="4823866892" visible="true" version="1" changeset="48241881" timestamp="2017-04-28T22:38:54Z" user="ansuta" uid="3188422" lat="41.8277104" lon="-0.8141874"/>
 <node id="4823866893" visible="true" version="1" changeset="48241881" timestamp="2017-04-28T22:38:54Z" user="ansuta" uid="3188422" lat="41.8278154" lon="-0.8141665"/>
 <node id="4823866894" visible="true" version="1" changeset="48241881" timestamp="2017-04-28T22:38:54Z" user="ansuta" uid="3188422" lat="41.8281124" lon="-0.8139597"/>
 <node id="4823866895" visible="true" version="1" changeset="48241881" timestamp="2017-04-28T22:38:54Z" user="ansuta" uid="3188422" lat="41.8281883" lon="-0.8138218"/>
 <node id="4823866896" visible="true" version="1" changeset="48241881" timestamp="2017-04-28T22:38:54Z" user="ansuta" uid="3188422" lat="41.8282396" lon="-0.8136660"/>
 <node id="4823866897" visible="true" version="1" changeset="48241881" timestamp="2017-04-28T22:38:54Z" user="ansuta" uid="3188422" lat="41.8282687" lon="-0.8135072"/>
 <node id="4823866898" visible="true" version="1" changeset="48241881" timestamp="2017-04-28T22:38:54Z" user="ansuta" uid="3188422" lat="41.8282731" lon="-0.8133723"/>
 <node id="4823866899" visible="true" version="1" changeset="48241881" timestamp="2017-04-28T22:38:54Z" user="ansuta" uid="3188422" lat="41.8282553" lon="-0.8132045"/>
 <node id="4823866900" visible="true" version="1" changeset="48241881" timestamp="2017-04-28T22:38:54Z" user="ansuta" uid="3188422" lat="41.8288340" lon="-0.8127957"/>
 <node id="4823866901" visible="true" version="1" changeset="48241881" timestamp="2017-04-28T22:38:54Z" user="ansuta" uid="3188422" lat="41.8286255" lon="-0.8129025"/>
 <node id="4823866902" visible="true" version="1" changeset="48241881" timestamp="2017-04-28T22:38:54Z" user="ansuta" uid="3188422" lat="41.8286015" lon="-0.8128917"/>
 <node id="4823866903" visible="true" version="1" changeset="48241881" timestamp="2017-04-28T22:38:54Z" user="ansuta" uid="3188422" lat="41.8285743" lon="-0.8128444"/>
 <node id="4823866904" visible="true" version="1" changeset="48241881" timestamp="2017-04-28T22:38:54Z" user="ansuta" uid="3188422" lat="41.8282701" lon="-0.8119119"/>
 <node id="4823866905" visible="true" version="1" changeset="48241881" timestamp="2017-04-28T22:38:54Z" user="ansuta" uid="3188422" lat="41.8282781" lon="-0.8118754"/>
 <node id="4823866906" visible="true" version="1" changeset="48241881" timestamp="2017-04-28T22:38:54Z" user="ansuta" uid="3188422" lat="41.8283085" lon="-0.8118410"/>
 <node id="4823866907" visible="true" version="1" changeset="48241881" timestamp="2017-04-28T22:38:54Z" user="ansuta" uid="3188422" lat="41.8284841" lon="-0.8117093"/>
 <node id="4823866908" visible="true" version="1" changeset="48241881" timestamp="2017-04-28T22:38:54Z" user="ansuta" uid="3188422" lat="41.8287190" lon="-0.8128546"/>
 <node id="4823866909" visible="true" version="1" changeset="48241881" timestamp="2017-04-28T22:38:54Z" user="ansuta" uid="3188422" lat="41.8283785" lon="-0.8117885"/>
 <node id="4823866910" visible="true" version="5" changeset="143984526" timestamp="2023-11-13T19:36:45Z" user="yopaseopor" uid="500572" lat="41.8288497" lon="-0.8128444">
  <tag k="direction" v="forward"/>
  <tag k="highway" v="stop"/>
  <tag k="side" v="right"/>
  <tag k="traffic_sign" v="ES:R2"/>
 </node>
 <node id="4823866911" visible="true" version="1" changeset="48241881" timestamp="2017-04-28T22:38:54Z" user="ansuta" uid="3188422" lat="41.8285903" lon="-0.8129734"/>
 <node id="4823866912" visible="true" version="1" changeset="48241881" timestamp="2017-04-28T22:38:54Z" user="ansuta" uid="3188422" lat="41.8282364" lon="-0.8118561"/>
 <node id="4823866913" visible="true" version="2" changeset="92841763" timestamp="2020-10-21T15:21:26Z" user="ansuta" uid="3188422" lat="41.8283538" lon="-0.8117666"/>
 <node id="4823866914" visible="true" version="2" changeset="92841763" timestamp="2020-10-21T15:21:26Z" user="ansuta" uid="3188422" lat="41.8283692" lon="-0.8116818"/>
 <node id="4823866915" visible="true" version="2" changeset="92841763" timestamp="2020-10-21T15:21:26Z" user="ansuta" uid="3188422" lat="41.8282702" lon="-0.8113776"/>
 <node id="4823866916" visible="true" version="2" changeset="92841763" timestamp="2020-10-21T15:21:26Z" user="ansuta" uid="3188422" lat="41.8283612" lon="-0.8113258"/>
 <node id="4823866917" visible="true" version="1" changeset="48241881" timestamp="2017-04-28T22:38:55Z" user="ansuta" uid="3188422" lat="41.8286721" lon="-0.8120990"/>
 <node id="4823866918" visible="true" version="1" changeset="48241881" timestamp="2017-04-28T22:38:55Z" user="ansuta" uid="3188422" lat="41.8287042" lon="-0.8121929"/>
 <node id="4823866919" visible="true" version="1" changeset="48241881" timestamp="2017-04-28T22:38:55Z" user="ansuta" uid="3188422" lat="41.8287289" lon="-0.8122316"/>
 <node id="4823866920" visible="true" version="1" changeset="48241881" timestamp="2017-04-28T22:38:55Z" user="ansuta" uid="3188422" lat="41.8287560" lon="-0.8122459"/>
 <node id="4823867021" visible="true" version="1" changeset="48241881" timestamp="2017-04-28T22:38:55Z" user="ansuta" uid="3188422" lat="41.8287848" lon="-0.8122426"/>
 <node id="4823867022" visible="true" version="1" changeset="48241881" timestamp="2017-04-28T22:38:55Z" user="ansuta" uid="3188422" lat="41.8288531" lon="-0.8122017"/>
 <node id="4823867023" visible="true" version="1" changeset="48241881" timestamp="2017-04-28T22:38:55Z" user="ansuta" uid="3188422" lat="41.8288597" lon="-0.8121763"/>
 <node id="4823867024" visible="true" version="1" changeset="48241881" timestamp="2017-04-28T22:38:55Z" user="ansuta" uid="3188422" lat="41.8288548" lon="-0.8121587"/>
 <node id="4823867025" visible="true" version="1" changeset="48241881" timestamp="2017-04-28T22:38:55Z" user="ansuta" uid="3188422" lat="41.8288367" lon="-0.8121410"/>
 <node id="4823867026" visible="true" version="1" changeset="48241881" timestamp="2017-04-28T22:38:55Z" user="ansuta" uid="3188422" lat="41.8287881" lon="-0.8121487"/>
 <node id="4823867027" visible="true" version="1" changeset="48241881" timestamp="2017-04-28T22:38:55Z" user="ansuta" uid="3188422" lat="41.8287659" lon="-0.8121576"/>
 <node id="4823867028" visible="true" version="1" changeset="48241881" timestamp="2017-04-28T22:38:55Z" user="ansuta" uid="3188422" lat="41.8287544" lon="-0.8121487"/>
 <node id="4823867029" visible="true" version="1" changeset="48241881" timestamp="2017-04-28T22:38:55Z" user="ansuta" uid="3188422" lat="41.8287511" lon="-0.8121333"/>
 <node id="4823867030" visible="true" version="1" changeset="48241881" timestamp="2017-04-28T22:38:55Z" user="ansuta" uid="3188422" lat="41.8287659" lon="-0.8121023"/>
 <node id="4823867031" visible="true" version="1" changeset="48241881" timestamp="2017-04-28T22:38:55Z" user="ansuta" uid="3188422" lat="41.8287964" lon="-0.8120593"/>
 <node id="4823867032" visible="true" version="1" changeset="48241881" timestamp="2017-04-28T22:38:55Z" user="ansuta" uid="3188422" lat="41.8288029" lon="-0.8120228"/>
 <node id="4823867033" visible="true" version="1" changeset="48241881" timestamp="2017-04-28T22:38:55Z" user="ansuta" uid="3188422" lat="41.8287988" lon="-0.8119919"/>
 <node id="4823867034" visible="true" version="1" changeset="48241881" timestamp="2017-04-28T22:38:55Z" user="ansuta" uid="3188422" lat="41.8287478" lon="-0.8118107"/>
 <node id="4823867035" visible="true" version="1" changeset="48241881" timestamp="2017-04-28T22:38:55Z" user="ansuta" uid="3188422" lat="41.8287248" lon="-0.8117721"/>
 <node id="4823867036" visible="true" version="1" changeset="48241881" timestamp="2017-04-28T22:38:55Z" user="ansuta" uid="3188422" lat="41.8287058" lon="-0.8117721"/>
 <node id="4823867037" visible="true" version="1" changeset="48241881" timestamp="2017-04-28T22:38:55Z" user="ansuta" uid="3188422" lat="41.8286918" lon="-0.8117864"/>
 <node id="4823867038" visible="true" version="1" changeset="48241881" timestamp="2017-04-28T22:38:55Z" user="ansuta" uid="3188422" lat="41.8286844" lon="-0.8118085"/>
 <node id="4823867039" visible="true" version="1" changeset="48241881" timestamp="2017-04-28T22:38:55Z" user="ansuta" uid="3188422" lat="41.8287289" lon="-0.8119466"/>
 <node id="4823867040" visible="true" version="1" changeset="48241881" timestamp="2017-04-28T22:38:55Z" user="ansuta" uid="3188422" lat="41.8287478" lon="-0.8120062"/>
 <node id="4823867041" visible="true" version="1" changeset="48241881" timestamp="2017-04-28T22:38:55Z" user="ansuta" uid="3188422" lat="41.8287503" lon="-0.8120327"/>
 <node id="4823867042" visible="true" version="1" changeset="48241881" timestamp="2017-04-28T22:38:55Z" user="ansuta" uid="3188422" lat="41.8287396" lon="-0.8120604"/>
 <node id="4823867043" visible="true" version="1" changeset="48241881" timestamp="2017-04-28T22:38:55Z" user="ansuta" uid="3188422" lat="41.8287206" lon="-0.8120725"/>
 <node id="4823867044" visible="true" version="1" changeset="48241881" timestamp="2017-04-28T22:38:55Z" user="ansuta" uid="3188422" lat="41.8287050" lon="-0.8120581"/>
 <node id="4823867045" visible="true" version="1" changeset="48241881" timestamp="2017-04-28T22:38:55Z" user="ansuta" uid="3188422" lat="41.8286935" lon="-0.8120073"/>
 <node id="4823867046" visible="true" version="1" changeset="48241881" timestamp="2017-04-28T22:38:55Z" user="ansuta" uid="3188422" lat="41.8286803" lon="-0.8119333"/>
 <node id="4823867047" visible="true" version="1" changeset="48241881" timestamp="2017-04-28T22:38:55Z" user="ansuta" uid="3188422" lat="41.8286688" lon="-0.8118858"/>
 <node id="4823867048" visible="true" version="1" changeset="48241881" timestamp="2017-04-28T22:38:55Z" user="ansuta" uid="3188422" lat="41.8286564" lon="-0.8118505"/>
 <node id="4823867049" visible="true" version="1" changeset="48241881" timestamp="2017-04-28T22:38:55Z" user="ansuta" uid="3188422" lat="41.8286392" lon="-0.8118350"/>
 <node id="4823867050" visible="true" version="1" changeset="48241881" timestamp="2017-04-28T22:38:55Z" user="ansuta" uid="3188422" lat="41.8286178" lon="-0.8118339"/>
 <node id="4823867051" visible="true" version="1" changeset="48241881" timestamp="2017-04-28T22:38:55Z" user="ansuta" uid="3188422" lat="41.8286079" lon="-0.8118450"/>
 <node id="4823867052" visible="true" version="1" changeset="48241881" timestamp="2017-04-28T22:38:55Z" user="ansuta" uid="3188422" lat="41.8286030" lon="-0.8118649"/>
 <node id="4823867053" visible="true" version="1" changeset="48241881" timestamp="2017-04-28T22:38:55Z" user="ansuta" uid="3188422" lat="41.8286062" lon="-0.8118903"/>
 <node id="4823867054" visible="true" version="2" changeset="76471535" timestamp="2019-11-01T00:47:20Z" user="ansuta" uid="3188422" lat="41.8282748" lon="-0.8114338"/>
 <node id="4823867055" visible="true" version="2" changeset="76471535" timestamp="2019-11-01T00:47:20Z" user="ansuta" uid="3188422" lat="41.8279811" lon="-0.8105300"/>
 <node id="4823867056" visible="true" version="2" changeset="76471535" timestamp="2019-11-01T00:47:20Z" user="ansuta" uid="3188422" lat="41.8277815" lon="-0.8106468"/>
 <node id="4823867057" visible="true" version="2" changeset="76471535" timestamp="2019-11-01T00:47:20Z" user="ansuta" uid="3188422" lat="41.8280750" lon="-0.8115507"/>
 <node id="4823867058" visible="true" version="1" changeset="48241881" timestamp="2017-04-28T22:38:55Z" user="ansuta" uid="3188422" lat="41.8285802" lon="-0.8129415"/>
 <node id="4823867059" visible="true" version="1" changeset="48241881" timestamp="2017-04-28T22:38:55Z" user="ansuta" uid="3188422" lat="41.8290818" lon="-0.8137325"/>
 <node id="4823867060" visible="true" version="1" changeset="48241881" timestamp="2017-04-28T22:38:55Z" user="ansuta" uid="3188422" lat="41.8290366" lon="-0.8135914"/>
 <node id="4823867061" visible="true" version="1" changeset="48241881" timestamp="2017-04-28T22:38:55Z" user="ansuta" uid="3188422" lat="41.8287027" lon="-0.8137841"/>
 <node id="4823867062" visible="true" version="1" changeset="48241881" timestamp="2017-04-28T22:38:55Z" user="ansuta" uid="3188422" lat="41.8287480" lon="-0.8139252"/>
 <node id="4823867063" visible="true" version="1" changeset="48241881" timestamp="2017-04-28T22:38:55Z" user="ansuta" uid="3188422" lat="41.8287728" lon="-0.8126056">
  <tag k="crossing" v="uncontrolled"/>
  <tag k="highway" v="crossing"/>
 </node>
 <node id="4823867064" visible="true" version="1" changeset="48241881" timestamp="2017-04-28T22:38:55Z" user="ansuta" uid="3188422" lat="41.8286616" lon="-0.8126748">
  <tag k="crossing" v="uncontrolled"/>
  <tag k="highway" v="crossing"/>
 </node>
 <node id="4823867065" visible="true" version="1" changeset="48241881" timestamp="2017-04-28T22:38:55Z" user="ansuta" uid="3188422" lat="41.8285422" lon="-0.8127460">
  <tag k="crossing" v="uncontrolled"/>
  <tag k="highway" v="crossing"/>
 </node>
 <node id="4823867066" visible="true" version="2" changeset="76472125" timestamp="2019-11-01T01:38:59Z" user="ansuta" uid="3188422" lat="41.8290267" lon="-0.8125405"/>
 <node id="4823867067" visible="true" version="2" changeset="76472125" timestamp="2019-11-01T01:38:59Z" user="ansuta" uid="3188422" lat="41.8289555" lon="-0.8123118"/>
 <node id="4823867068" visible="true" version="2" changeset="76472125" timestamp="2019-11-01T01:38:59Z" user="ansuta" uid="3188422" lat="41.8288005" lon="-0.8123988"/>
 <node id="4823867069" visible="true" version="2" changeset="76472125" timestamp="2019-11-01T01:38:59Z" user="ansuta" uid="3188422" lat="41.8288717" lon="-0.8126274"/>
 <node id="4823867070" visible="true" version="1" changeset="48241881" timestamp="2017-04-28T22:38:55Z" user="ansuta" uid="3188422" lat="41.8272751" lon="-0.8129470"/>
 <node id="4823867071" visible="true" version="1" changeset="48241881" timestamp="2017-04-28T22:38:55Z" user="ansuta" uid="3188422" lat="41.8271373" lon="-0.8129273"/>
 <node id="4823867072" visible="true" version="1" changeset="48241881" timestamp="2017-04-28T22:38:55Z" user="ansuta" uid="3188422" lat="41.8270501" lon="-0.8130151"/>
 <node id="4823867073" visible="true" version="1" changeset="48241881" timestamp="2017-04-28T22:38:55Z" user="ansuta" uid="3188422" lat="41.8270252" lon="-0.8131363"/>
 <node id="4823867074" visible="true" version="1" changeset="48241881" timestamp="2017-04-28T22:38:56Z" user="ansuta" uid="3188422" lat="41.8270252" lon="-0.8132868"/>
 <node id="4823867075" visible="true" version="1" changeset="48241881" timestamp="2017-04-28T22:38:56Z" user="ansuta" uid="3188422" lat="41.8270906" lon="-0.8133996"/>
 <node id="4823867076" visible="true" version="1" changeset="48241881" timestamp="2017-04-28T22:38:56Z" user="ansuta" uid="3188422" lat="41.8261212" lon="-0.8155575"/>
 <node id="4823867077" visible="true" version="1" changeset="48241881" timestamp="2017-04-28T22:38:56Z" user="ansuta" uid="3188422" lat="41.8260973" lon="-0.8155313"/>
 <node id="4823867078" visible="true" version="1" changeset="48241881" timestamp="2017-04-28T22:38:56Z" user="ansuta" uid="3188422" lat="41.8256412" lon="-0.8141117"/>
 <node id="4823867079" visible="true" version="1" changeset="48241881" timestamp="2017-04-28T22:38:56Z" user="ansuta" uid="3188422" lat="41.8256455" lon="-0.8140593"/>
 <node id="4823867080" visible="true" version="1" changeset="48241881" timestamp="2017-04-28T22:38:56Z" user="ansuta" uid="3188422" lat="41.8256738" lon="-0.8140155"/>
 <node id="4823867081" visible="true" version="1" changeset="48241881" timestamp="2017-04-28T22:38:56Z" user="ansuta" uid="3188422" lat="41.8258475" lon="-0.8139135"/>
 <node id="4823867082" visible="true" version="1" changeset="48241881" timestamp="2017-04-28T22:38:56Z" user="ansuta" uid="3188422" lat="41.8258801" lon="-0.8139135"/>
 <node id="4823867083" visible="true" version="1" changeset="48241881" timestamp="2017-04-28T22:38:56Z" user="ansuta" uid="3188422" lat="41.8259083" lon="-0.8139398"/>
 <node id="4823867084" visible="true" version="1" changeset="48241881" timestamp="2017-04-28T22:38:56Z" user="ansuta" uid="3188422" lat="41.8263994" lon="-0.8154347"/>
 <node id="4823867085" visible="true" version="1" changeset="48241881" timestamp="2017-04-28T22:38:56Z" user="ansuta" uid="3188422" lat="41.8262640" lon="-0.8155129"/>
 <node id="4823867086" visible="true" version="2" changeset="131547806" timestamp="2023-01-21T16:59:37Z" user="armin762" uid="17955075" lat="41.8257586" lon="-0.8139657"/>
 <node id="4823867087" visible="true" version="1" changeset="48241881" timestamp="2017-04-28T22:38:56Z" user="ansuta" uid="3188422" lat="41.8247723" lon="-0.8108850"/>
 <node id="4823867088" visible="true" version="1" changeset="48241881" timestamp="2017-04-28T22:38:56Z" user="ansuta" uid="3188422" lat="41.8275048" lon="-0.8093022"/>
 <node id="4823867089" visible="true" version="1" changeset="48241881" timestamp="2017-04-28T22:38:56Z" user="ansuta" uid="3188422" lat="41.8275808" lon="-0.8092935"/>
 <node id="4823867090" visible="true" version="1" changeset="48241881" timestamp="2017-04-28T22:38:56Z" user="ansuta" uid="3188422" lat="41.8276481" lon="-0.8093285"/>
 <node id="4823867091" visible="true" version="1" changeset="48241881" timestamp="2017-04-28T22:38:56Z" user="ansuta" uid="3188422" lat="41.8276981" lon="-0.8094217"/>
 <node id="4823867092" visible="true" version="1" changeset="48241881" timestamp="2017-04-28T22:38:56Z" user="ansuta" uid="3188422" lat="41.8278436" lon="-0.8097919"/>
 <node id="4823867093" visible="true" version="1" changeset="48241881" timestamp="2017-04-28T22:38:56Z" user="ansuta" uid="3188422" lat="41.8278436" lon="-0.8098473"/>
 <node id="4823867094" visible="true" version="1" changeset="48241881" timestamp="2017-04-28T22:38:56Z" user="ansuta" uid="3188422" lat="41.8278262" lon="-0.8099173"/>
 <node id="4823867095" visible="true" version="1" changeset="48241881" timestamp="2017-04-28T22:38:56Z" user="ansuta" uid="3188422" lat="41.8275873" lon="-0.8100513"/>
 <node id="4823867096" visible="true" version="1" changeset="48241881" timestamp="2017-04-28T22:38:56Z" user="ansuta" uid="3188422" lat="41.8275765" lon="-0.8100805"/>
 <node id="4823867097" visible="true" version="2" changeset="92841763" timestamp="2020-10-21T15:21:26Z" user="ansuta" uid="3188422" lat="41.8278713" lon="-0.8110052"/>
 <node id="4823867098" visible="true" version="1" changeset="48241881" timestamp="2017-04-28T22:38:56Z" user="ansuta" uid="3188422" lat="41.8277389" lon="-0.8095254"/>
 <node id="4823867099" visible="true" version="1" changeset="48241881" timestamp="2017-04-28T22:38:56Z" user="ansuta" uid="3188422" lat="41.8248658" lon="-0.8111691"/>
 <node id="4823867100" visible="true" version="1" changeset="48241881" timestamp="2017-04-28T22:38:56Z" user="ansuta" uid="3188422" lat="41.8246454" lon="-0.8113041"/>
 <node id="4823867101" visible="true" version="1" changeset="48241881" timestamp="2017-04-28T22:38:56Z" user="ansuta" uid="3188422" lat="41.8246193" lon="-0.8112399"/>
 <node id="4823867102" visible="true" version="1" changeset="48241881" timestamp="2017-04-28T22:38:56Z" user="ansuta" uid="3188422" lat="41.8246106" lon="-0.8111583"/>
 <node id="4823867103" visible="true" version="1" changeset="48241881" timestamp="2017-04-28T22:38:56Z" user="ansuta" uid="3188422" lat="41.8246236" lon="-0.8110446"/>
 <node id="4823867104" visible="true" version="1" changeset="48241881" timestamp="2017-04-28T22:38:56Z" user="ansuta" uid="3188422" lat="41.8246541" lon="-0.8109718"/>
 <node id="4823867105" visible="true" version="1" changeset="48241881" timestamp="2017-04-28T22:38:56Z" user="ansuta" uid="3188422" lat="41.8246953" lon="-0.8109310"/>
 <node id="4823867106" visible="true" version="1" changeset="48241881" timestamp="2017-04-28T22:38:56Z" user="ansuta" uid="3188422" lat="41.8247214" lon="-0.8115431"/>
 <node id="4823867107" visible="true" version="1" changeset="48241881" timestamp="2017-04-28T22:38:56Z" user="ansuta" uid="3188422" lat="41.8247431" lon="-0.8115751"/>
 <node id="4823867108" visible="true" version="1" changeset="48241881" timestamp="2017-04-28T22:38:56Z" user="ansuta" uid="3188422" lat="41.8247735" lon="-0.8115693"/>
 <node id="4823867109" visible="true" version="1" changeset="48241881" timestamp="2017-04-28T22:38:56Z" user="ansuta" uid="3188422" lat="41.8249593" lon="-0.8114621"/>
 <node id="4823867110" visible="true" version="1" changeset="48241881" timestamp="2017-04-28T22:38:56Z" user="ansuta" uid="3188422" lat="41.8277297" lon="-0.8098904"/>
 <node id="4823867111" visible="true" version="1" changeset="48241881" timestamp="2017-04-28T22:38:56Z" user="ansuta" uid="3188422" lat="41.8277558" lon="-0.8098233"/>
 <node id="4823867112" visible="true" version="1" changeset="48241881" timestamp="2017-04-28T22:38:56Z" user="ansuta" uid="3188422" lat="41.8277558" lon="-0.8097504"/>
 <node id="4823867113" visible="true" version="1" changeset="48241881" timestamp="2017-04-28T22:38:56Z" user="ansuta" uid="3188422" lat="41.8277661" lon="-0.8095948"/>
 <node id="4823867114" visible="true" version="1" changeset="48241881" timestamp="2017-04-28T22:38:56Z" user="ansuta" uid="3188422" lat="41.8271141" lon="-0.8102396"/>
 <node id="4823867115" visible="true" version="1" changeset="48241881" timestamp="2017-04-28T22:38:56Z" user="ansuta" uid="3188422" lat="41.8270262" lon="-0.8099331"/>
 <node id="4823867116" visible="true" version="1" changeset="48241881" timestamp="2017-04-28T22:38:56Z" user="ansuta" uid="3188422" lat="41.8269232" lon="-0.8096391"/>
 <node id="4823867117" visible="true" version="1" changeset="48241881" timestamp="2017-04-28T22:38:56Z" user="ansuta" uid="3188422" lat="41.8263027" lon="-0.8099985"/>
 <node id="4823867118" visible="true" version="1" changeset="48241881" timestamp="2017-04-28T22:38:56Z" user="ansuta" uid="3188422" lat="41.8263994" lon="-0.8102917"/>
 <node id="4823867119" visible="true" version="1" changeset="48241881" timestamp="2017-04-28T22:38:56Z" user="ansuta" uid="3188422" lat="41.8264964" lon="-0.8105901"/>
 <node id="4823867120" visible="true" version="1" changeset="48241881" timestamp="2017-04-28T22:38:56Z" user="ansuta" uid="3188422" lat="41.8258442" lon="-0.8109600"/>
 <node id="4823867221" visible="true" version="1" changeset="48241881" timestamp="2017-04-28T22:38:56Z" user="ansuta" uid="3188422" lat="41.8257481" lon="-0.8106643"/>
 <node id="4823867222" visible="true" version="1" changeset="48241881" timestamp="2017-04-28T22:38:56Z" user="ansuta" uid="3188422" lat="41.8256537" lon="-0.8103745"/>
 <node id="4823867223" visible="true" version="2" changeset="74974719" timestamp="2019-09-26T17:18:13Z" user="ratrun" uid="474183" lat="41.8249907" lon="-0.8107599"/>
 <node id="4823867224" visible="true" version="1" changeset="48241881" timestamp="2017-04-28T22:38:56Z" user="ansuta" uid="3188422" lat="41.8250846" lon="-0.8110439"/>
 <node id="4823867225" visible="true" version="1" changeset="48241881" timestamp="2017-04-28T22:38:56Z" user="ansuta" uid="3188422" lat="41.8251760" lon="-0.8113391"/>
 <node id="4823867226" visible="true" version="2" changeset="92841763" timestamp="2020-10-21T15:21:26Z" user="ansuta" uid="3188422" lat="41.8278175" lon="-0.8110361"/>
 <node id="4823867228" visible="true" version="2" changeset="92841763" timestamp="2020-10-21T15:21:26Z" user="ansuta" uid="3188422" lat="41.8279763" lon="-0.8115330"/>
 <node id="4823867229" visible="true" version="2" changeset="92841763" timestamp="2020-10-21T15:21:26Z" user="ansuta" uid="3188422" lat="41.8280256" lon="-0.8114882"/>
 <node id="4823867230" visible="true" version="1" changeset="48241881" timestamp="2017-04-28T22:38:56Z" user="ansuta" uid="3188422" lat="41.8288093" lon="-0.8116824"/>
 <node id="4823867231" visible="true" version="1" changeset="48241881" timestamp="2017-04-28T22:38:56Z" user="ansuta" uid="3188422" lat="41.8288942" lon="-0.8116328"/>
 <node id="5640360766" visible="true" version="1" changeset="59250726" timestamp="2018-05-24T19:07:20Z" user="aquiestaesto" uid="1749921" lat="41.8413089" lon="-0.7982919"/>
 <node id="5642372229" visible="true" version="1" changeset="59279837" timestamp="2018-05-25T19:15:37Z" user="aquiestaesto" uid="1749921" lat="41.8347817" lon="-0.7993188"/>
 <node id="6173504128" visible="true" version="1" changeset="65896400" timestamp="2018-12-30T20:03:39Z" user="Robot8A" uid="393359" lat="41.7595987" lon="-0.8343757"/>
 <node id="6173504129" visible="true" version="1" changeset="65896400" timestamp="2018-12-30T20:03:39Z" user="Robot8A" uid="393359" lat="41.7602371" lon="-0.8342220"/>
 <node id="6173504130" visible="true" version="1" changeset="65896400" timestamp="2018-12-30T20:03:39Z" user="Robot8A" uid="393359" lat="41.7607620" lon="-0.8341972"/>
 <node id="6173504131" visible="true" version="1" changeset="65896400" timestamp="2018-12-30T20:03:39Z" user="Robot8A" uid="393359" lat="41.7614423" lon="-0.8342857"/>
 <node id="6173504132" visible="true" version="1" changeset="65896400" timestamp="2018-12-30T20:03:39Z" user="Robot8A" uid="393359" lat="41.7617215" lon="-0.8343637"/>
 <node id="6173504133" visible="true" version="1" changeset="65896400" timestamp="2018-12-30T20:03:39Z" user="Robot8A" uid="393359" lat="41.7622698" lon="-0.8345922"/>
 <node id="6936073000" visible="true" version="3" changeset="177775666" timestamp="2026-01-27T18:42:29Z" user="kapazao_import" uid="8770019" lat="41.8290317" lon="-0.8134095">
  <tag k="crossing" v="uncontrolled"/>
  <tag k="crossing:markings" v="zebra"/>
  <tag k="highway" v="crossing"/>
 </node>
 <node id="6936073001" visible="true" version="6" changeset="149968308" timestamp="2024-04-13T20:16:52Z" user="yopaseopor" uid="500572" lat="41.8281761" lon="-0.8109283">
  <tag k="direction" v="backward"/>
  <tag k="highway" v="give_way"/>
  <tag k="side" v="left"/>
  <tag k="traffic_sign" v="ES:R1"/>
 </node>
 <node id="6936073002" visible="true" version="6" changeset="149968308" timestamp="2024-04-13T20:16:52Z" user="yopaseopor" uid="500572" lat="41.8283064" lon="-0.8111574">
  <tag k="direction" v="backward"/>
  <tag k="highway" v="give_way"/>
  <tag k="side" v="left"/>
  <tag k="traffic_sign" v="ES:R1"/>
 </node>
 <node id="6936073003" visible="true" version="5" changeset="149968308" timestamp="2024-04-13T20:16:52Z" user="yopaseopor" uid="500572" lat="41.8284421" lon="-0.8117408">
  <tag k="direction" v="forward"/>
  <tag k="highway" v="give_way"/>
  <tag k="side" v="right"/>
  <tag k="traffic_sign" v="ES:R1"/>
 </node>
 <node id="6936073004" visible="true" version="1" changeset="76471535" timestamp="2019-11-01T00:47:20Z" user="ansuta" uid="3188422" lat="41.8288021" lon="-0.8128120"/>
 <node id="6936073005" visible="true" version="1" changeset="76471535" timestamp="2019-11-01T00:47:20Z" user="ansuta" uid="3188422" lat="41.8284627" lon="-0.8117253"/>
 <node id="6936073006" visible="true" version="1" changeset="76471535" timestamp="2019-11-01T00:47:20Z" user="ansuta" uid="3188422" lat="41.8287434" lon="-0.8126239">
  <tag k="crossing" v="uncontrolled"/>
  <tag k="highway" v="crossing"/>
 </node>
 <node id="6936073007" visible="true" version="3" changeset="144169556" timestamp="2023-11-18T11:02:16Z" user="yopaseopor" uid="500572" lat="41.8288636" lon="-0.8128876">
  <tag k="direction" v="backward"/>
  <tag k="highway" v="stop"/>
  <tag k="side" v="left"/>
  <tag k="traffic_sign" v="ES:R2"/>
 </node>
 <node id="6936073008" visible="true" version="6" changeset="149968308" timestamp="2024-04-13T20:16:52Z" user="yopaseopor" uid="500572" lat="41.8291574" lon="-0.8137999">
  <tag k="direction" v="forward"/>
  <tag k="highway" v="give_way"/>
  <tag k="side" v="right"/>
  <tag k="traffic_sign" v="ES:R1"/>
 </node>
 <node id="6936073009" visible="true" version="1" changeset="76471535" timestamp="2019-11-01T00:47:20Z" user="ansuta" uid="3188422" lat="41.8290179" lon="-0.8133668"/>
 <node id="6936073010" visible="true" version="1" changeset="76471535" timestamp="2019-11-01T00:47:20Z" user="ansuta" uid="3188422" lat="41.8289392" lon="-0.8134095"/>
 <node id="6936073011" visible="true" version="1" changeset="76471535" timestamp="2019-11-01T00:47:20Z" user="ansuta" uid="3188422" lat="41.8289188" lon="-0.8133776"/>
 <node id="6936073012" visible="true" version="1" changeset="76471535" timestamp="2019-11-01T00:47:20Z" user="ansuta" uid="3188422" lat="41.8286526" lon="-0.8135159"/>
 <node id="6936073013" visible="true" version="1" changeset="76471535" timestamp="2019-11-01T00:47:20Z" user="ansuta" uid="3188422" lat="41.8286492" lon="-0.8135463"/>
 <node id="6936073014" visible="true" version="1" changeset="76471535" timestamp="2019-11-01T00:47:20Z" user="ansuta" uid="3188422" lat="41.8286741" lon="-0.8136178"/>
 <node id="6936073015" visible="true" version="1" changeset="76471535" timestamp="2019-11-01T00:47:20Z" user="ansuta" uid="3188422" lat="41.8286945" lon="-0.8136376"/>
 <node id="6936073016" visible="true" version="1" changeset="76471535" timestamp="2019-11-01T00:47:20Z" user="ansuta" uid="3188422" lat="41.8289517" lon="-0.8135007"/>
 <node id="6936073017" visible="true" version="1" changeset="76471535" timestamp="2019-11-01T00:47:20Z" user="ansuta" uid="3188422" lat="41.8289573" lon="-0.8134734"/>
 <node id="6936073018" visible="true" version="2" changeset="92841763" timestamp="2020-10-21T15:21:26Z" user="ansuta" uid="3188422" lat="41.8290225" lon="-0.8135866"/>
 <node id="6936073019" visible="true" version="2" changeset="92841763" timestamp="2020-10-21T15:21:26Z" user="ansuta" uid="3188422" lat="41.8289082" lon="-0.8132317"/>
 <node id="6936073020" visible="true" version="2" changeset="92841763" timestamp="2020-10-21T15:21:26Z" user="ansuta" uid="3188422" lat="41.8285729" lon="-0.8134246"/>
 <node id="6936073021" visible="true" version="1" changeset="76471535" timestamp="2019-11-01T00:47:20Z" user="ansuta" uid="3188422" lat="41.8286844" lon="-0.8137728"/>
 <node id="6936073022" visible="true" version="1" changeset="76471535" timestamp="2019-11-01T00:47:20Z" user="ansuta" uid="3188422" lat="41.8284633" lon="-0.8127737">
  <tag k="amenity" v="restaurant"/>
  <tag k="name" v="Stop&amp;Go"/>
 </node>
 <node id="6936073023" visible="true" version="1" changeset="76471535" timestamp="2019-11-01T00:47:20Z" user="ansuta" uid="3188422" lat="41.8285598" lon="-0.8129471"/>
 <node id="6936073024" visible="true" version="1" changeset="76471535" timestamp="2019-11-01T00:47:20Z" user="ansuta" uid="3188422" lat="41.8284895" lon="-0.8129879"/>
 <node id="6936073025" visible="true" version="1" changeset="76471535" timestamp="2019-11-01T00:47:20Z" user="ansuta" uid="3188422" lat="41.8281382" lon="-0.8118981"/>
 <node id="6936073026" visible="true" version="1" changeset="76471535" timestamp="2019-11-01T00:47:20Z" user="ansuta" uid="3188422" lat="41.8282087" lon="-0.8118572"/>
 <node id="6936073027" visible="true" version="1" changeset="76471535" timestamp="2019-11-01T00:47:20Z" user="ansuta" uid="3188422" lat="41.8284172" lon="-0.8124829">
  <tag k="access" v="customers"/>
  <tag k="amenity" v="toilets"/>
  <tag k="wheelchair" v="yes"/>
 </node>
 <node id="6936073028" visible="true" version="1" changeset="76471535" timestamp="2019-11-01T00:47:20Z" user="ansuta" uid="3188422" lat="41.8287793" lon="-0.8117283"/>
 <node id="6936073029" visible="true" version="1" changeset="76471535" timestamp="2019-11-01T00:47:20Z" user="ansuta" uid="3188422" lat="41.8287779" lon="-0.8117645"/>
 <node id="6936073030" visible="true" version="1" changeset="76471535" timestamp="2019-11-01T00:47:20Z" user="ansuta" uid="3188422" lat="41.8287866" lon="-0.8118288"/>
 <node id="6936073031" visible="true" version="1" changeset="76471535" timestamp="2019-11-01T00:47:20Z" user="ansuta" uid="3188422" lat="41.8288214" lon="-0.8119618"/>
 <node id="6936073032" visible="true" version="1" changeset="76471535" timestamp="2019-11-01T00:47:20Z" user="ansuta" uid="3188422" lat="41.8288748" lon="-0.8121123"/>
 <node id="6936073033" visible="true" version="1" changeset="76471535" timestamp="2019-11-01T00:47:20Z" user="ansuta" uid="3188422" lat="41.8289804" lon="-0.8122833"/>
 <node id="6936073034" visible="true" version="1" changeset="76471535" timestamp="2019-11-01T00:47:20Z" user="ansuta" uid="3188422" lat="41.8290599" lon="-0.8125274"/>
 <node id="6936073035" visible="true" version="1" changeset="76471535" timestamp="2019-11-01T00:47:20Z" user="ansuta" uid="3188422" lat="41.8290839" lon="-0.8125961"/>
 <node id="6936073036" visible="true" version="1" changeset="76471535" timestamp="2019-11-01T00:47:20Z" user="ansuta" uid="3188422" lat="41.8291176" lon="-0.8126779"/>
 <node id="6936073037" visible="true" version="1" changeset="76471535" timestamp="2019-11-01T00:47:20Z" user="ansuta" uid="3188422" lat="41.8293368" lon="-0.8128975"/>
 <node id="6936073038" visible="true" version="1" changeset="76471535" timestamp="2019-11-01T00:47:20Z" user="ansuta" uid="3188422" lat="41.8294574" lon="-0.8123644"/>
 <node id="6936073039" visible="true" version="1" changeset="76471535" timestamp="2019-11-01T00:47:20Z" user="ansuta" uid="3188422" lat="41.8292536" lon="-0.8126285"/>
 <node id="6936073040" visible="true" version="1" changeset="76471535" timestamp="2019-11-01T00:47:20Z" user="ansuta" uid="3188422" lat="41.8281715" lon="-0.8139534"/>
 <node id="6936073041" visible="true" version="1" changeset="76471535" timestamp="2019-11-01T00:47:20Z" user="ansuta" uid="3188422" lat="41.8285635" lon="-0.8137201"/>
 <node id="6936073042" visible="true" version="1" changeset="76471535" timestamp="2019-11-01T00:47:20Z" user="ansuta" uid="3188422" lat="41.8285808" lon="-0.8137031"/>
 <node id="6936073043" visible="true" version="1" changeset="76471535" timestamp="2019-11-01T00:47:20Z" user="ansuta" uid="3188422" lat="41.8285924" lon="-0.8136829"/>
 <node id="6936073044" visible="true" version="1" changeset="76471535" timestamp="2019-11-01T00:47:20Z" user="ansuta" uid="3188422" lat="41.8285993" lon="-0.8136519"/>
 <node id="6936073045" visible="true" version="1" changeset="76471535" timestamp="2019-11-01T00:47:20Z" user="ansuta" uid="3188422" lat="41.8285982" lon="-0.8136209"/>
 <node id="6936073046" visible="true" version="1" changeset="76471535" timestamp="2019-11-01T00:47:20Z" user="ansuta" uid="3188422" lat="41.8277147" lon="-0.8108963"/>
 <node id="6936073047" visible="true" version="1" changeset="76471535" timestamp="2019-11-01T00:47:20Z" user="ansuta" uid="3188422" lat="41.8276927" lon="-0.8108482"/>
 <node id="6936073048" visible="true" version="1" changeset="76471535" timestamp="2019-11-01T00:47:20Z" user="ansuta" uid="3188422" lat="41.8276581" lon="-0.8107955"/>
 <node id="6936073049" visible="true" version="1" changeset="76471535" timestamp="2019-11-01T00:47:20Z" user="ansuta" uid="3188422" lat="41.8276177" lon="-0.8107490"/>
 <node id="6936073050" visible="true" version="1" changeset="76471535" timestamp="2019-11-01T00:47:20Z" user="ansuta" uid="3188422" lat="41.8275738" lon="-0.8107149"/>
 <node id="6936073051" visible="true" version="1" changeset="76471535" timestamp="2019-11-01T00:47:20Z" user="ansuta" uid="3188422" lat="41.8272920" lon="-0.8106622"/>
 <node id="6936073052" visible="true" version="1" changeset="76471535" timestamp="2019-11-01T00:47:20Z" user="ansuta" uid="3188422" lat="41.8271372" lon="-0.8106529"/>
 <node id="6936149186" visible="true" version="1" changeset="76472125" timestamp="2019-11-01T01:38:59Z" user="ansuta" uid="3188422" lat="41.8289937" lon="-0.8125590"/>
 <node id="6936149187" visible="true" version="1" changeset="76472125" timestamp="2019-11-01T01:38:59Z" user="ansuta" uid="3188422" lat="41.8290121" lon="-0.8126164"/>
 <node id="6936149188" visible="true" version="1" changeset="76472125" timestamp="2019-11-01T01:38:59Z" user="ansuta" uid="3188422" lat="41.8289284" lon="-0.8126649"/>
 <node id="6936149189" visible="true" version="1" changeset="76472125" timestamp="2019-11-01T01:38:59Z" user="ansuta" uid="3188422" lat="41.8289095" lon="-0.8126062"/>
 <node id="7545287517" visible="true" version="1" changeset="85561973" timestamp="2020-05-21T15:05:28Z" user="Robot8A" uid="393359" lat="41.7639616" lon="-0.8352620"/>
 <node id="7549332305" visible="true" version="1" changeset="85622845" timestamp="2020-05-22T16:38:08Z" user="Robot8A" uid="393359" lat="41.8309944" lon="-0.8007124"/>
 <node id="7549332306" visible="true" version="1" changeset="85622845" timestamp="2020-05-22T16:38:08Z" user="Robot8A" uid="393359" lat="41.8309020" lon="-0.8005287"/>
 <node id="7549332307" visible="true" version="1" changeset="85622845" timestamp="2020-05-22T16:38:08Z" user="Robot8A" uid="393359" lat="41.8308200" lon="-0.8004831"/>
 <node id="7549332308" visible="true" version="1" changeset="85622845" timestamp="2020-05-22T16:38:08Z" user="Robot8A" uid="393359" lat="41.8306060" lon="-0.8004831"/>
 <node id="7549332309" visible="true" version="1" changeset="85622845" timestamp="2020-05-22T16:38:08Z" user="Robot8A" uid="393359" lat="41.8306668" lon="-0.8004808"/>
 <node id="7549332310" visible="true" version="1" changeset="85622845" timestamp="2020-05-22T16:38:08Z" user="Robot8A" uid="393359" lat="41.8305239" lon="-0.8004722"/>
 <node id="7549332311" visible="true" version="1" changeset="85622845" timestamp="2020-05-22T16:38:08Z" user="Robot8A" uid="393359" lat="41.8303810" lon="-0.8004439"/>
 <node id="7549332312" visible="true" version="1" changeset="85622845" timestamp="2020-05-22T16:38:08Z" user="Robot8A" uid="393359" lat="41.8302737" lon="-0.8004347"/>
 <node id="7549332313" visible="true" version="1" changeset="85622845" timestamp="2020-05-22T16:38:08Z" user="Robot8A" uid="393359" lat="41.8301663" lon="-0.8004439"/>
 <node id="7549332314" visible="true" version="1" changeset="85622845" timestamp="2020-05-22T16:38:08Z" user="Robot8A" uid="393359" lat="41.8299960" lon="-0.8004919"/>
 <node id="7549332315" visible="true" version="1" changeset="85622845" timestamp="2020-05-22T16:38:08Z" user="Robot8A" uid="393359" lat="41.8298954" lon="-0.8005422"/>
 <node id="7549332320" visible="true" version="1" changeset="85622845" timestamp="2020-05-22T16:38:08Z" user="Robot8A" uid="393359" lat="41.8289787" lon="-0.8005525"/>
 <node id="7549332321" visible="true" version="1" changeset="85622845" timestamp="2020-05-22T16:38:08Z" user="Robot8A" uid="393359" lat="41.8290776" lon="-0.8005594"/>
 <node id="7781833196" visible="true" version="1" changeset="88890896" timestamp="2020-08-03T18:48:30Z" user="Basstoelpel" uid="72235" lat="42.0070906" lon="-0.7871734">
  <tag k="design" v="barrel"/>
  <tag k="power" v="tower"/>
 </node>
 <node id="7781833197" visible="true" version="1" changeset="88890896" timestamp="2020-08-03T18:48:30Z" user="Basstoelpel" uid="72235" lat="42.0099162" lon="-0.7859259">
  <tag k="design" v="barrel"/>
  <tag k="power" v="tower"/>
 </node>
 <node id="7781833198" visible="true" version="1" changeset="88890896" timestamp="2020-08-03T18:48:30Z" user="Basstoelpel" uid="72235" lat="42.0154914" lon="-0.7834638">
  <tag k="design" v="barrel"/>
  <tag k="power" v="tower"/>
 </node>
 <node id="7781833199" visible="true" version="1" changeset="88890896" timestamp="2020-08-03T18:48:30Z" user="Basstoelpel" uid="72235" lat="42.0216541" lon="-0.7807559">
  <tag k="design" v="barrel"/>
  <tag k="power" v="tower"/>
 </node>
 <node id="7781833200" visible="true" version="1" changeset="88890896" timestamp="2020-08-03T18:48:30Z" user="Basstoelpel" uid="72235" lat="42.0244820" lon="-0.7795165">
  <tag k="design" v="barrel"/>
  <tag k="power" v="tower"/>
 </node>
 <node id="7781833201" visible="true" version="1" changeset="88890896" timestamp="2020-08-03T18:48:30Z" user="Basstoelpel" uid="72235" lat="42.0269735" lon="-0.7784120">
  <tag k="design" v="barrel"/>
  <tag k="power" v="tower"/>
 </node>
 <node id="7781833202" visible="true" version="1" changeset="88890896" timestamp="2020-08-03T18:48:30Z" user="Basstoelpel" uid="72235" lat="42.0297698" lon="-0.7771824">
  <tag k="design" v="barrel"/>
  <tag k="power" v="tower"/>
 </node>
 <node id="7781833203" visible="true" version="1" changeset="88890896" timestamp="2020-08-03T18:48:30Z" user="Basstoelpel" uid="72235" lat="42.0327084" lon="-0.7758816">
  <tag k="design" v="barrel"/>
  <tag k="power" v="tower"/>
 </node>
 <node id="7781833252" visible="true" version="1" changeset="88890896" timestamp="2020-08-03T18:48:30Z" user="Basstoelpel" uid="72235" lat="41.8389890" lon="-0.8137266">
  <tag k="design" v="triangle"/>
  <tag k="power" v="tower"/>
 </node>
 <node id="7781833253" visible="true" version="1" changeset="88890896" timestamp="2020-08-03T18:48:30Z" user="Basstoelpel" uid="72235" lat="41.8348427" lon="-0.8152083">
  <tag k="design" v="triangle"/>
  <tag k="power" v="tower"/>
 </node>
 <node id="7781833254" visible="true" version="1" changeset="88890896" timestamp="2020-08-03T18:48:30Z" user="Basstoelpel" uid="72235" lat="41.8325180" lon="-0.8160331">
  <tag k="design" v="triangle"/>
  <tag k="power" v="tower"/>
 </node>
 <node id="7781833255" visible="true" version="1" changeset="88890896" timestamp="2020-08-03T18:48:30Z" user="Basstoelpel" uid="72235" lat="41.8476202" lon="-0.8106493">
  <tag k="design" v="triangle"/>
  <tag k="power" v="tower"/>
 </node>
 <node id="7781833256" visible="true" version="1" changeset="88890896" timestamp="2020-08-03T18:48:30Z" user="Basstoelpel" uid="72235" lat="41.8496027" lon="-0.8099374">
  <tag k="design" v="triangle"/>
  <tag k="power" v="tower"/>
 </node>
 <node id="7781833257" visible="true" version="1" changeset="88890896" timestamp="2020-08-03T18:48:30Z" user="Basstoelpel" uid="72235" lat="41.8522889" lon="-0.8089818">
  <tag k="design" v="triangle"/>
  <tag k="power" v="tower"/>
 </node>
 <node id="7781833258" visible="true" version="1" changeset="88890896" timestamp="2020-08-03T18:48:30Z" user="Basstoelpel" uid="72235" lat="41.8547946" lon="-0.8080903">
  <tag k="design" v="triangle"/>
  <tag k="power" v="tower"/>
 </node>
 <node id="7781833259" visible="true" version="1" changeset="88890896" timestamp="2020-08-03T18:48:30Z" user="Basstoelpel" uid="72235" lat="41.8568599" lon="-0.8073555">
  <tag k="design" v="triangle"/>
  <tag k="power" v="tower"/>
 </node>
 <node id="7781833260" visible="true" version="1" changeset="88890896" timestamp="2020-08-03T18:48:30Z" user="Basstoelpel" uid="72235" lat="41.8589064" lon="-0.8066173">
  <tag k="design" v="triangle"/>
  <tag k="power" v="tower"/>
 </node>
 <node id="7781833261" visible="true" version="1" changeset="88890896" timestamp="2020-08-03T18:48:30Z" user="Basstoelpel" uid="72235" lat="41.8609722" lon="-0.8058807">
  <tag k="design" v="triangle"/>
  <tag k="power" v="tower"/>
 </node>
 <node id="7781833262" visible="true" version="1" changeset="88890896" timestamp="2020-08-03T18:48:30Z" user="Basstoelpel" uid="72235" lat="41.8626541" lon="-0.8052810">
  <tag k="design" v="triangle"/>
  <tag k="power" v="tower"/>
 </node>
 <node id="7781833263" visible="true" version="1" changeset="88890896" timestamp="2020-08-03T18:48:30Z" user="Basstoelpel" uid="72235" lat="41.8644081" lon="-0.8046555">
  <tag k="design" v="triangle"/>
  <tag k="power" v="tower"/>
 </node>
 <node id="7781833264" visible="true" version="1" changeset="88890896" timestamp="2020-08-03T18:48:30Z" user="Basstoelpel" uid="72235" lat="41.8668579" lon="-0.8037761">
  <tag k="design" v="triangle"/>
  <tag k="power" v="tower"/>
 </node>
 <node id="8032617331" visible="true" version="1" changeset="92841763" timestamp="2020-10-21T15:21:26Z" user="ansuta" uid="3188422" lat="41.8279957" lon="-0.8115218"/>
 <node id="8032617332" visible="true" version="1" changeset="92841763" timestamp="2020-10-21T15:21:26Z" user="ansuta" uid="3188422" lat="41.8279913" lon="-0.8115080"/>
 <node id="8032617333" visible="true" version="1" changeset="92841763" timestamp="2020-10-21T15:21:26Z" user="ansuta" uid="3188422" lat="41.8287189" lon="-0.8135551"/>
 <node id="8032617334" visible="true" version="1" changeset="92841763" timestamp="2020-10-21T15:21:26Z" user="ansuta" uid="3188422" lat="41.8287847" lon="-0.8135172"/>
 <node id="8032617335" visible="true" version="1" changeset="92841763" timestamp="2020-10-21T15:21:26Z" user="ansuta" uid="3188422" lat="41.8288506" lon="-0.8134792"/>
 <node id="8032617336" visible="true" version="1" changeset="92841763" timestamp="2020-10-21T15:21:26Z" user="ansuta" uid="3188422" lat="41.8289164" lon="-0.8134412"/>
 <node id="8032617337" visible="true" version="1" changeset="92841763" timestamp="2020-10-21T15:21:26Z" user="ansuta" uid="3188422" lat="41.8287955" lon="-0.8135508"/>
 <node id="8032617338" visible="true" version="1" changeset="92841763" timestamp="2020-10-21T15:21:26Z" user="ansuta" uid="3188422" lat="41.8288613" lon="-0.8135128"/>
 <node id="8032617339" visible="true" version="1" changeset="92841763" timestamp="2020-10-21T15:21:26Z" user="ansuta" uid="3188422" lat="41.8287740" lon="-0.8134835"/>
 <node id="8032617340" visible="true" version="1" changeset="92841763" timestamp="2020-10-21T15:21:26Z" user="ansuta" uid="3188422" lat="41.8288398" lon="-0.8134456"/>
 <node id="8032617341" visible="true" version="1" changeset="92841763" timestamp="2020-10-21T15:21:26Z" user="ansuta" uid="3188422" lat="41.8287081" lon="-0.8135215"/>
 <node id="8032617342" visible="true" version="1" changeset="92841763" timestamp="2020-10-21T15:21:26Z" user="ansuta" uid="3188422" lat="41.8287297" lon="-0.8135888"/>
 <node id="8032617343" visible="true" version="1" changeset="92841763" timestamp="2020-10-21T15:21:26Z" user="ansuta" uid="3188422" lat="41.8289272" lon="-0.8134748"/>
 <node id="8032617344" visible="true" version="1" changeset="92841763" timestamp="2020-10-21T15:21:26Z" user="ansuta" uid="3188422" lat="41.8289056" lon="-0.8134076"/>
 <node id="8032617345" visible="true" version="1" changeset="92841763" timestamp="2020-10-21T15:21:26Z" user="ansuta" uid="3188422" lat="41.8287527" lon="-0.8136419"/>
 <node id="8032617346" visible="true" version="1" changeset="92841763" timestamp="2020-10-21T15:21:26Z" user="ansuta" uid="3188422" lat="41.8287771" lon="-0.8136281"/>
 <node id="8032617347" visible="true" version="1" changeset="92841763" timestamp="2020-10-21T15:21:26Z" user="ansuta" uid="3188422" lat="41.8288015" lon="-0.8136144"/>
 <node id="8032617348" visible="true" version="1" changeset="92841763" timestamp="2020-10-21T15:21:26Z" user="ansuta" uid="3188422" lat="41.8288259" lon="-0.8136006"/>
 <node id="8032617349" visible="true" version="1" changeset="92841763" timestamp="2020-10-21T15:21:26Z" user="ansuta" uid="3188422" lat="41.8288503" lon="-0.8135868"/>
 <node id="8032617350" visible="true" version="1" changeset="92841763" timestamp="2020-10-21T15:21:26Z" user="ansuta" uid="3188422" lat="41.8288747" lon="-0.8135731"/>
 <node id="8032617351" visible="true" version="1" changeset="92841763" timestamp="2020-10-21T15:21:26Z" user="ansuta" uid="3188422" lat="41.8288991" lon="-0.8135593"/>
 <node id="8032617352" visible="true" version="1" changeset="92841763" timestamp="2020-10-21T15:21:26Z" user="ansuta" uid="3188422" lat="41.8289235" lon="-0.8135455"/>
 <node id="8032617353" visible="true" version="1" changeset="92841763" timestamp="2020-10-21T15:21:26Z" user="ansuta" uid="3188422" lat="41.8289479" lon="-0.8135318"/>
 <node id="8032617354" visible="true" version="1" changeset="92841763" timestamp="2020-10-21T15:21:26Z" user="ansuta" uid="3188422" lat="41.8289723" lon="-0.8135180"/>
 <node id="8032617355" visible="true" version="1" changeset="92841763" timestamp="2020-10-21T15:21:26Z" user="ansuta" uid="3188422" lat="41.8287785" lon="-0.8137243"/>
 <node id="8032617356" visible="true" version="1" changeset="92841763" timestamp="2020-10-21T15:21:26Z" user="ansuta" uid="3188422" lat="41.8288029" lon="-0.8137106"/>
 <node id="8032617357" visible="true" version="1" changeset="92841763" timestamp="2020-10-21T15:21:26Z" user="ansuta" uid="3188422" lat="41.8288273" lon="-0.8136968"/>
 <node id="8032617358" visible="true" version="1" changeset="92841763" timestamp="2020-10-21T15:21:26Z" user="ansuta" uid="3188422" lat="41.8288517" lon="-0.8136830"/>
 <node id="8032617359" visible="true" version="1" changeset="92841763" timestamp="2020-10-21T15:21:26Z" user="ansuta" uid="3188422" lat="41.8288761" lon="-0.8136693"/>
 <node id="8032617360" visible="true" version="1" changeset="92841763" timestamp="2020-10-21T15:21:26Z" user="ansuta" uid="3188422" lat="41.8289005" lon="-0.8136555"/>
 <node id="8032617361" visible="true" version="1" changeset="92841763" timestamp="2020-10-21T15:21:26Z" user="ansuta" uid="3188422" lat="41.8289249" lon="-0.8136417"/>
 <node id="8032617362" visible="true" version="1" changeset="92841763" timestamp="2020-10-21T15:21:26Z" user="ansuta" uid="3188422" lat="41.8289493" lon="-0.8136280"/>
 <node id="8032617363" visible="true" version="1" changeset="92841763" timestamp="2020-10-21T15:21:26Z" user="ansuta" uid="3188422" lat="41.8289737" lon="-0.8136142"/>
 <node id="8032617364" visible="true" version="1" changeset="92841763" timestamp="2020-10-21T15:21:26Z" user="ansuta" uid="3188422" lat="41.8289981" lon="-0.8136004"/>
 <node id="8032617365" visible="true" version="1" changeset="92841763" timestamp="2020-10-21T15:21:26Z" user="ansuta" uid="3188422" lat="41.8287541" lon="-0.8137381"/>
 <node id="8032617366" visible="true" version="1" changeset="92841763" timestamp="2020-10-21T15:21:26Z" user="ansuta" uid="3188422" lat="41.8287283" lon="-0.8136557"/>
 <node id="8032617367" visible="true" version="1" changeset="92841763" timestamp="2020-10-21T15:21:26Z" user="ansuta" uid="3188422" lat="41.8289967" lon="-0.8135042"/>
 <node id="8032617368" visible="true" version="1" changeset="92841763" timestamp="2020-10-21T15:21:26Z" user="ansuta" uid="3188422" lat="41.8286273" lon="-0.8134993"/>
 <node id="8032617369" visible="true" version="1" changeset="92841763" timestamp="2020-10-21T15:21:26Z" user="ansuta" uid="3188422" lat="41.8286531" lon="-0.8134845"/>
 <node id="8032617370" visible="true" version="1" changeset="92841763" timestamp="2020-10-21T15:21:26Z" user="ansuta" uid="3188422" lat="41.8286789" lon="-0.8134697"/>
 <node id="8032617371" visible="true" version="1" changeset="92841763" timestamp="2020-10-21T15:21:26Z" user="ansuta" uid="3188422" lat="41.8287047" lon="-0.8134548"/>
 <node id="8032617372" visible="true" version="1" changeset="92841763" timestamp="2020-10-21T15:21:26Z" user="ansuta" uid="3188422" lat="41.8287305" lon="-0.8134400"/>
 <node id="8032617373" visible="true" version="1" changeset="92841763" timestamp="2020-10-21T15:21:26Z" user="ansuta" uid="3188422" lat="41.8287563" lon="-0.8134251"/>
 <node id="8032617374" visible="true" version="1" changeset="92841763" timestamp="2020-10-21T15:21:26Z" user="ansuta" uid="3188422" lat="41.8287821" lon="-0.8134103"/>
 <node id="8032617375" visible="true" version="1" changeset="92841763" timestamp="2020-10-21T15:21:26Z" user="ansuta" uid="3188422" lat="41.8288079" lon="-0.8133955"/>
 <node id="8032617376" visible="true" version="1" changeset="92841763" timestamp="2020-10-21T15:21:26Z" user="ansuta" uid="3188422" lat="41.8288337" lon="-0.8133806"/>
 <node id="8032617377" visible="true" version="1" changeset="92841763" timestamp="2020-10-21T15:21:26Z" user="ansuta" uid="3188422" lat="41.8288595" lon="-0.8133658"/>
 <node id="8032617378" visible="true" version="1" changeset="92841763" timestamp="2020-10-21T15:21:26Z" user="ansuta" uid="3188422" lat="41.8288853" lon="-0.8133510"/>
 <node id="8032617379" visible="true" version="1" changeset="92841763" timestamp="2020-10-21T15:21:26Z" user="ansuta" uid="3188422" lat="41.8289111" lon="-0.8133361"/>
 <node id="8032617380" visible="true" version="1" changeset="92841763" timestamp="2020-10-21T15:21:26Z" user="ansuta" uid="3188422" lat="41.8285987" lon="-0.8134097"/>
 <node id="8032617381" visible="true" version="1" changeset="92841763" timestamp="2020-10-21T15:21:26Z" user="ansuta" uid="3188422" lat="41.8286245" lon="-0.8133949"/>
 <node id="8032617382" visible="true" version="1" changeset="92841763" timestamp="2020-10-21T15:21:26Z" user="ansuta" uid="3188422" lat="41.8286503" lon="-0.8133801"/>
 <node id="8032617383" visible="true" version="1" changeset="92841763" timestamp="2020-10-21T15:21:26Z" user="ansuta" uid="3188422" lat="41.8286761" lon="-0.8133652"/>
 <node id="8032617384" visible="true" version="1" changeset="92841763" timestamp="2020-10-21T15:21:26Z" user="ansuta" uid="3188422" lat="41.8287019" lon="-0.8133504"/>
 <node id="8032661885" visible="true" version="1" changeset="92841763" timestamp="2020-10-21T15:21:26Z" user="ansuta" uid="3188422" lat="41.8287277" lon="-0.8133355"/>
 <node id="8032661886" visible="true" version="1" changeset="92841763" timestamp="2020-10-21T15:21:26Z" user="ansuta" uid="3188422" lat="41.8287535" lon="-0.8133207"/>
 <node id="8032661887" visible="true" version="1" changeset="92841763" timestamp="2020-10-21T15:21:26Z" user="ansuta" uid="3188422" lat="41.8287793" lon="-0.8133059"/>
 <node id="8032661888" visible="true" version="1" changeset="92841763" timestamp="2020-10-21T15:21:26Z" user="ansuta" uid="3188422" lat="41.8288051" lon="-0.8132910"/>
 <node id="8032661889" visible="true" version="1" changeset="92841763" timestamp="2020-10-21T15:21:26Z" user="ansuta" uid="3188422" lat="41.8288308" lon="-0.8132762"/>
 <node id="8032661890" visible="true" version="1" changeset="92841763" timestamp="2020-10-21T15:21:26Z" user="ansuta" uid="3188422" lat="41.8288566" lon="-0.8132613"/>
 <node id="8032661891" visible="true" version="1" changeset="92841763" timestamp="2020-10-21T15:21:26Z" user="ansuta" uid="3188422" lat="41.8288824" lon="-0.8132465"/>
 <node id="8032661892" visible="true" version="1" changeset="92841763" timestamp="2020-10-21T15:21:26Z" user="ansuta" uid="3188422" lat="41.8286015" lon="-0.8135142"/>
 <node id="8032661893" visible="true" version="1" changeset="92841763" timestamp="2020-10-21T15:21:26Z" user="ansuta" uid="3188422" lat="41.8289368" lon="-0.8133213"/>
 <node id="8032661894" visible="true" version="1" changeset="92841763" timestamp="2020-10-21T15:21:26Z" user="ansuta" uid="3188422" lat="41.8285973" lon="-0.8128268"/>
 <node id="8032661895" visible="true" version="1" changeset="92841763" timestamp="2020-10-21T15:21:26Z" user="ansuta" uid="3188422" lat="41.8285883" lon="-0.8127988"/>
 <node id="8032661896" visible="true" version="1" changeset="92841763" timestamp="2020-10-21T15:21:26Z" user="ansuta" uid="3188422" lat="41.8285793" lon="-0.8127707"/>
 <node id="8032661897" visible="true" version="1" changeset="92841763" timestamp="2020-10-21T15:21:26Z" user="ansuta" uid="3188422" lat="41.8286347" lon="-0.8128052"/>
 <node id="8032661898" visible="true" version="1" changeset="92841763" timestamp="2020-10-21T15:21:26Z" user="ansuta" uid="3188422" lat="41.8286258" lon="-0.8127772"/>
 <node id="8032661899" visible="true" version="1" changeset="92841763" timestamp="2020-10-21T15:21:26Z" user="ansuta" uid="3188422" lat="41.8286168" lon="-0.8127491"/>
 <node id="8032661900" visible="true" version="1" changeset="92841763" timestamp="2020-10-21T15:21:26Z" user="ansuta" uid="3188422" lat="41.8286722" lon="-0.8127836"/>
 <node id="8032661901" visible="true" version="1" changeset="92841763" timestamp="2020-10-21T15:21:26Z" user="ansuta" uid="3188422" lat="41.8286632" lon="-0.8127556"/>
 <node id="8032661902" visible="true" version="1" changeset="92841763" timestamp="2020-10-21T15:21:26Z" user="ansuta" uid="3188422" lat="41.8286542" lon="-0.8127275"/>
 <node id="8032661903" visible="true" version="1" changeset="92841763" timestamp="2020-10-21T15:21:26Z" user="ansuta" uid="3188422" lat="41.8286437" lon="-0.8128333"/>
 <node id="8032661904" visible="true" version="1" changeset="92841763" timestamp="2020-10-21T15:21:26Z" user="ansuta" uid="3188422" lat="41.8286078" lon="-0.8127211"/>
 <node id="8032661905" visible="true" version="1" changeset="92841763" timestamp="2020-10-21T15:21:26Z" user="ansuta" uid="3188422" lat="41.8286812" lon="-0.8128117"/>
 <node id="8032661906" visible="true" version="1" changeset="92841763" timestamp="2020-10-21T15:21:26Z" user="ansuta" uid="3188422" lat="41.8285703" lon="-0.8127427"/>
 <node id="8032661907" visible="true" version="1" changeset="92841763" timestamp="2020-10-21T15:21:26Z" user="ansuta" uid="3188422" lat="41.8286452" lon="-0.8126995"/>
 <node id="8032661908" visible="true" version="1" changeset="92841763" timestamp="2020-10-21T15:21:26Z" user="ansuta" uid="3188422" lat="41.8283311" lon="-0.8118680"/>
 <node id="8032661909" visible="true" version="1" changeset="92841763" timestamp="2020-10-21T15:21:26Z" user="ansuta" uid="3188422" lat="41.8283401" lon="-0.8118956"/>
 <node id="8032661910" visible="true" version="1" changeset="92841763" timestamp="2020-10-21T15:21:26Z" user="ansuta" uid="3188422" lat="41.8283490" lon="-0.8119231"/>
 <node id="8032661911" visible="true" version="1" changeset="92841763" timestamp="2020-10-21T15:21:26Z" user="ansuta" uid="3188422" lat="41.8283580" lon="-0.8119507"/>
 <node id="8032661912" visible="true" version="1" changeset="92841763" timestamp="2020-10-21T15:21:26Z" user="ansuta" uid="3188422" lat="41.8283670" lon="-0.8119783"/>
 <node id="8032661913" visible="true" version="1" changeset="92841763" timestamp="2020-10-21T15:21:26Z" user="ansuta" uid="3188422" lat="41.8283760" lon="-0.8120059"/>
 <node id="8032661914" visible="true" version="1" changeset="92841763" timestamp="2020-10-21T15:21:26Z" user="ansuta" uid="3188422" lat="41.8283850" lon="-0.8120335"/>
 <node id="8032661915" visible="true" version="1" changeset="92841763" timestamp="2020-10-21T15:21:26Z" user="ansuta" uid="3188422" lat="41.8283940" lon="-0.8120610"/>
 <node id="8032661916" visible="true" version="1" changeset="92841763" timestamp="2020-10-21T15:21:26Z" user="ansuta" uid="3188422" lat="41.8284030" lon="-0.8120886"/>
 <node id="8032661917" visible="true" version="1" changeset="92841763" timestamp="2020-10-21T15:21:26Z" user="ansuta" uid="3188422" lat="41.8284119" lon="-0.8121162"/>
 <node id="8032661918" visible="true" version="1" changeset="92841763" timestamp="2020-10-21T15:21:26Z" user="ansuta" uid="3188422" lat="41.8284209" lon="-0.8121438"/>
 <node id="8032661919" visible="true" version="1" changeset="92841763" timestamp="2020-10-21T15:21:26Z" user="ansuta" uid="3188422" lat="41.8284299" lon="-0.8121713"/>
 <node id="8032661920" visible="true" version="1" changeset="92841763" timestamp="2020-10-21T15:21:26Z" user="ansuta" uid="3188422" lat="41.8284389" lon="-0.8121989"/>
 <node id="8032661921" visible="true" version="1" changeset="92841763" timestamp="2020-10-21T15:21:26Z" user="ansuta" uid="3188422" lat="41.8284479" lon="-0.8122265"/>
 <node id="8032661922" visible="true" version="1" changeset="92841763" timestamp="2020-10-21T15:21:26Z" user="ansuta" uid="3188422" lat="41.8284569" lon="-0.8122541"/>
 <node id="8032661923" visible="true" version="1" changeset="92841763" timestamp="2020-10-21T15:21:26Z" user="ansuta" uid="3188422" lat="41.8284659" lon="-0.8122817"/>
 <node id="8032661924" visible="true" version="1" changeset="92841763" timestamp="2020-10-21T15:21:26Z" user="ansuta" uid="3188422" lat="41.8284748" lon="-0.8123092"/>
 <node id="8032661925" visible="true" version="1" changeset="92841763" timestamp="2020-10-21T15:21:26Z" user="ansuta" uid="3188422" lat="41.8284838" lon="-0.8123368"/>
 <node id="8032661926" visible="true" version="1" changeset="92841763" timestamp="2020-10-21T15:21:26Z" user="ansuta" uid="3188422" lat="41.8284928" lon="-0.8123644"/>
 <node id="8032661927" visible="true" version="1" changeset="92841763" timestamp="2020-10-21T15:21:26Z" user="ansuta" uid="3188422" lat="41.8285018" lon="-0.8123920"/>
 <node id="8032661928" visible="true" version="1" changeset="92841763" timestamp="2020-10-21T15:21:26Z" user="ansuta" uid="3188422" lat="41.8285108" lon="-0.8124196"/>
 <node id="8032661929" visible="true" version="1" changeset="92841763" timestamp="2020-10-21T15:21:26Z" user="ansuta" uid="3188422" lat="41.8285198" lon="-0.8124471"/>
 <node id="8032661930" visible="true" version="1" changeset="92841763" timestamp="2020-10-21T15:21:26Z" user="ansuta" uid="3188422" lat="41.8285288" lon="-0.8124747"/>
 <node id="8032661931" visible="true" version="1" changeset="92841763" timestamp="2020-10-21T15:21:26Z" user="ansuta" uid="3188422" lat="41.8285377" lon="-0.8125023"/>
 <node id="8032661932" visible="true" version="1" changeset="92841763" timestamp="2020-10-21T15:21:26Z" user="ansuta" uid="3188422" lat="41.8285467" lon="-0.8125299"/>
 <node id="8032661933" visible="true" version="1" changeset="92841763" timestamp="2020-10-21T15:21:26Z" user="ansuta" uid="3188422" lat="41.8285557" lon="-0.8125574"/>
 <node id="8032661934" visible="true" version="1" changeset="92841763" timestamp="2020-10-21T15:21:26Z" user="ansuta" uid="3188422" lat="41.8285647" lon="-0.8125850"/>
 <node id="8032661935" visible="true" version="1" changeset="92841763" timestamp="2020-10-21T15:21:26Z" user="ansuta" uid="3188422" lat="41.8285737" lon="-0.8126126"/>
 <node id="8032661936" visible="true" version="1" changeset="92841763" timestamp="2020-10-21T15:21:26Z" user="ansuta" uid="3188422" lat="41.8285827" lon="-0.8126402"/>
 <node id="8032661937" visible="true" version="1" changeset="92841763" timestamp="2020-10-21T15:21:26Z" user="ansuta" uid="3188422" lat="41.8285917" lon="-0.8126678"/>
 <node id="8032661938" visible="true" version="1" changeset="92841763" timestamp="2020-10-21T15:21:26Z" user="ansuta" uid="3188422" lat="41.8286006" lon="-0.8126953"/>
 <node id="8032661939" visible="true" version="1" changeset="92841763" timestamp="2020-10-21T15:21:26Z" user="ansuta" uid="3188422" lat="41.8283026" lon="-0.8119176"/>
 <node id="8032661940" visible="true" version="1" changeset="92841763" timestamp="2020-10-21T15:21:26Z" user="ansuta" uid="3188422" lat="41.8283116" lon="-0.8119451"/>
 <node id="8032661941" visible="true" version="1" changeset="92841763" timestamp="2020-10-21T15:21:26Z" user="ansuta" uid="3188422" lat="41.8283206" lon="-0.8119727"/>
 <node id="8032661942" visible="true" version="1" changeset="92841763" timestamp="2020-10-21T15:21:26Z" user="ansuta" uid="3188422" lat="41.8283295" lon="-0.8120003"/>
 <node id="8032661943" visible="true" version="1" changeset="92841763" timestamp="2020-10-21T15:21:26Z" user="ansuta" uid="3188422" lat="41.8283385" lon="-0.8120279"/>
 <node id="8032661944" visible="true" version="1" changeset="92841763" timestamp="2020-10-21T15:21:26Z" user="ansuta" uid="3188422" lat="41.8283475" lon="-0.8120554"/>
 <node id="8032661945" visible="true" version="1" changeset="92841763" timestamp="2020-10-21T15:21:26Z" user="ansuta" uid="3188422" lat="41.8283565" lon="-0.8120830"/>
 <node id="8032661946" visible="true" version="1" changeset="92841763" timestamp="2020-10-21T15:21:26Z" user="ansuta" uid="3188422" lat="41.8283655" lon="-0.8121106"/>
 <node id="8032661947" visible="true" version="1" changeset="92841763" timestamp="2020-10-21T15:21:26Z" user="ansuta" uid="3188422" lat="41.8283745" lon="-0.8121382"/>
 <node id="8032661948" visible="true" version="1" changeset="92841763" timestamp="2020-10-21T15:21:26Z" user="ansuta" uid="3188422" lat="41.8283835" lon="-0.8121658"/>
 <node id="8032661949" visible="true" version="1" changeset="92841763" timestamp="2020-10-21T15:21:26Z" user="ansuta" uid="3188422" lat="41.8283924" lon="-0.8121933"/>
 <node id="8032661950" visible="true" version="1" changeset="92841763" timestamp="2020-10-21T15:21:26Z" user="ansuta" uid="3188422" lat="41.8284014" lon="-0.8122209"/>
 <node id="8032661951" visible="true" version="1" changeset="92841763" timestamp="2020-10-21T15:21:26Z" user="ansuta" uid="3188422" lat="41.8284104" lon="-0.8122485"/>
 <node id="8032661952" visible="true" version="1" changeset="92841763" timestamp="2020-10-21T15:21:26Z" user="ansuta" uid="3188422" lat="41.8284194" lon="-0.8122761"/>
 <node id="8032661953" visible="true" version="1" changeset="92841763" timestamp="2020-10-21T15:21:26Z" user="ansuta" uid="3188422" lat="41.8284284" lon="-0.8123037"/>
 <node id="8032661954" visible="true" version="1" changeset="92841763" timestamp="2020-10-21T15:21:26Z" user="ansuta" uid="3188422" lat="41.8284374" lon="-0.8123312"/>
 <node id="8032661955" visible="true" version="1" changeset="92841763" timestamp="2020-10-21T15:21:26Z" user="ansuta" uid="3188422" lat="41.8284463" lon="-0.8123588"/>
 <node id="8032661956" visible="true" version="1" changeset="92841763" timestamp="2020-10-21T15:21:26Z" user="ansuta" uid="3188422" lat="41.8284553" lon="-0.8123864"/>
 <node id="8032661957" visible="true" version="1" changeset="92841763" timestamp="2020-10-21T15:21:26Z" user="ansuta" uid="3188422" lat="41.8284643" lon="-0.8124140"/>
 <node id="8032661958" visible="true" version="1" changeset="92841763" timestamp="2020-10-21T15:21:26Z" user="ansuta" uid="3188422" lat="41.8284733" lon="-0.8124415"/>
 <node id="8032661959" visible="true" version="1" changeset="92841763" timestamp="2020-10-21T15:21:26Z" user="ansuta" uid="3188422" lat="41.8284823" lon="-0.8124691"/>
 <node id="8032661960" visible="true" version="1" changeset="92841763" timestamp="2020-10-21T15:21:26Z" user="ansuta" uid="3188422" lat="41.8284913" lon="-0.8124967"/>
 <node id="8032661961" visible="true" version="1" changeset="92841763" timestamp="2020-10-21T15:21:26Z" user="ansuta" uid="3188422" lat="41.8285003" lon="-0.8125243"/>
 <node id="8032661962" visible="true" version="1" changeset="92841763" timestamp="2020-10-21T15:21:26Z" user="ansuta" uid="3188422" lat="41.8285092" lon="-0.8125519"/>
 <node id="8032661963" visible="true" version="1" changeset="92841763" timestamp="2020-10-21T15:21:26Z" user="ansuta" uid="3188422" lat="41.8285182" lon="-0.8125794"/>
 <node id="8032661964" visible="true" version="1" changeset="92841763" timestamp="2020-10-21T15:21:26Z" user="ansuta" uid="3188422" lat="41.8285272" lon="-0.8126070"/>
 <node id="8032661965" visible="true" version="1" changeset="92841763" timestamp="2020-10-21T15:21:26Z" user="ansuta" uid="3188422" lat="41.8285362" lon="-0.8126346"/>
 <node id="8032661966" visible="true" version="1" changeset="92841763" timestamp="2020-10-21T15:21:26Z" user="ansuta" uid="3188422" lat="41.8285452" lon="-0.8126622"/>
 <node id="8032661967" visible="true" version="1" changeset="92841763" timestamp="2020-10-21T15:21:26Z" user="ansuta" uid="3188422" lat="41.8285542" lon="-0.8126898"/>
 <node id="8032661968" visible="true" version="1" changeset="92841763" timestamp="2020-10-21T15:21:26Z" user="ansuta" uid="3188422" lat="41.8283775" lon="-0.8118736"/>
 <node id="8032661969" visible="true" version="1" changeset="92841763" timestamp="2020-10-21T15:21:26Z" user="ansuta" uid="3188422" lat="41.8283865" lon="-0.8119011"/>
 <node id="8032661970" visible="true" version="1" changeset="92841763" timestamp="2020-10-21T15:21:26Z" user="ansuta" uid="3188422" lat="41.8283955" lon="-0.8119287"/>
 <node id="8032661971" visible="true" version="1" changeset="92841763" timestamp="2020-10-21T15:21:26Z" user="ansuta" uid="3188422" lat="41.8284045" lon="-0.8119563"/>
 <node id="8032661972" visible="true" version="1" changeset="92841763" timestamp="2020-10-21T15:21:26Z" user="ansuta" uid="3188422" lat="41.8284135" lon="-0.8119839"/>
 <node id="8032661973" visible="true" version="1" changeset="92841763" timestamp="2020-10-21T15:21:26Z" user="ansuta" uid="3188422" lat="41.8284225" lon="-0.8120115"/>
 <node id="8032661974" visible="true" version="1" changeset="92841763" timestamp="2020-10-21T15:21:26Z" user="ansuta" uid="3188422" lat="41.8284315" lon="-0.8120390"/>
 <node id="8032661975" visible="true" version="1" changeset="92841763" timestamp="2020-10-21T15:21:26Z" user="ansuta" uid="3188422" lat="41.8284404" lon="-0.8120666"/>
 <node id="8032661976" visible="true" version="1" changeset="92841763" timestamp="2020-10-21T15:21:26Z" user="ansuta" uid="3188422" lat="41.8284494" lon="-0.8120942"/>
 <node id="8032661977" visible="true" version="1" changeset="92841763" timestamp="2020-10-21T15:21:26Z" user="ansuta" uid="3188422" lat="41.8284584" lon="-0.8121218"/>
 <node id="8032661978" visible="true" version="1" changeset="92841763" timestamp="2020-10-21T15:21:26Z" user="ansuta" uid="3188422" lat="41.8284674" lon="-0.8121494"/>
 <node id="8032661979" visible="true" version="1" changeset="92841763" timestamp="2020-10-21T15:21:26Z" user="ansuta" uid="3188422" lat="41.8284764" lon="-0.8121769"/>
 <node id="8032661980" visible="true" version="1" changeset="92841763" timestamp="2020-10-21T15:21:26Z" user="ansuta" uid="3188422" lat="41.8284854" lon="-0.8122045"/>
 <node id="8032661981" visible="true" version="1" changeset="92841763" timestamp="2020-10-21T15:21:26Z" user="ansuta" uid="3188422" lat="41.8284944" lon="-0.8122321"/>
 <node id="8032661982" visible="true" version="1" changeset="92841763" timestamp="2020-10-21T15:21:26Z" user="ansuta" uid="3188422" lat="41.8285033" lon="-0.8122597"/>
 <node id="8032661983" visible="true" version="1" changeset="92841763" timestamp="2020-10-21T15:21:26Z" user="ansuta" uid="3188422" lat="41.8285123" lon="-0.8122872"/>
 <node id="8032661984" visible="true" version="1" changeset="92841763" timestamp="2020-10-21T15:21:26Z" user="ansuta" uid="3188422" lat="41.8285213" lon="-0.8123148"/>
 <node id="8032661985" visible="true" version="1" changeset="92841763" timestamp="2020-10-21T15:21:26Z" user="ansuta" uid="3188422" lat="41.8285303" lon="-0.8123424"/>
 <node id="8032661986" visible="true" version="1" changeset="92841763" timestamp="2020-10-21T15:21:26Z" user="ansuta" uid="3188422" lat="41.8285393" lon="-0.8123700"/>
 <node id="8032661987" visible="true" version="1" changeset="92841763" timestamp="2020-10-21T15:21:26Z" user="ansuta" uid="3188422" lat="41.8285483" lon="-0.8123976"/>
 <node id="8032661988" visible="true" version="1" changeset="92841763" timestamp="2020-10-21T15:21:26Z" user="ansuta" uid="3188422" lat="41.8285573" lon="-0.8124251"/>
 <node id="8032661989" visible="true" version="1" changeset="92841763" timestamp="2020-10-21T15:21:26Z" user="ansuta" uid="3188422" lat="41.8285662" lon="-0.8124527"/>
 <node id="8032661990" visible="true" version="1" changeset="92841763" timestamp="2020-10-21T15:21:26Z" user="ansuta" uid="3188422" lat="41.8285752" lon="-0.8124803"/>
 <node id="8032661991" visible="true" version="1" changeset="92841763" timestamp="2020-10-21T15:21:26Z" user="ansuta" uid="3188422" lat="41.8285842" lon="-0.8125079"/>
 <node id="8032661992" visible="true" version="1" changeset="92841763" timestamp="2020-10-21T15:21:26Z" user="ansuta" uid="3188422" lat="41.8285932" lon="-0.8125355"/>
 <node id="8032661993" visible="true" version="1" changeset="92841763" timestamp="2020-10-21T15:21:26Z" user="ansuta" uid="3188422" lat="41.8286022" lon="-0.8125630"/>
 <node id="8032661994" visible="true" version="1" changeset="92841763" timestamp="2020-10-21T15:21:26Z" user="ansuta" uid="3188422" lat="41.8286112" lon="-0.8125906"/>
 <node id="8032661995" visible="true" version="1" changeset="92841763" timestamp="2020-10-21T15:21:26Z" user="ansuta" uid="3188422" lat="41.8286201" lon="-0.8126182"/>
 <node id="8032661996" visible="true" version="1" changeset="92841763" timestamp="2020-10-21T15:21:26Z" user="ansuta" uid="3188422" lat="41.8286291" lon="-0.8126458"/>
 <node id="8032661997" visible="true" version="1" changeset="92841763" timestamp="2020-10-21T15:21:26Z" user="ansuta" uid="3188422" lat="41.8285632" lon="-0.8127173"/>
 <node id="8032661998" visible="true" version="1" changeset="92841763" timestamp="2020-10-21T15:21:26Z" user="ansuta" uid="3188422" lat="41.8283686" lon="-0.8118460"/>
 <node id="8032661999" visible="true" version="1" changeset="92841763" timestamp="2020-10-21T15:21:26Z" user="ansuta" uid="3188422" lat="41.8286381" lon="-0.8126733"/>
 <node id="8032662000" visible="true" version="1" changeset="92841763" timestamp="2020-10-21T15:21:26Z" user="ansuta" uid="3188422" lat="41.8283166" lon="-0.8113833"/>
 <node id="8032662001" visible="true" version="1" changeset="92841763" timestamp="2020-10-21T15:21:26Z" user="ansuta" uid="3188422" lat="41.8283256" lon="-0.8114110"/>
 <node id="8032662002" visible="true" version="1" changeset="92841763" timestamp="2020-10-21T15:21:26Z" user="ansuta" uid="3188422" lat="41.8283346" lon="-0.8114386"/>
 <node id="8032662003" visible="true" version="1" changeset="92841763" timestamp="2020-10-21T15:21:26Z" user="ansuta" uid="3188422" lat="41.8283436" lon="-0.8114663"/>
 <node id="8032662004" visible="true" version="1" changeset="92841763" timestamp="2020-10-21T15:21:26Z" user="ansuta" uid="3188422" lat="41.8283526" lon="-0.8114939"/>
 <node id="8032662005" visible="true" version="1" changeset="92841763" timestamp="2020-10-21T15:21:26Z" user="ansuta" uid="3188422" lat="41.8283616" lon="-0.8115216"/>
 <node id="8032662006" visible="true" version="1" changeset="92841763" timestamp="2020-10-21T15:21:26Z" user="ansuta" uid="3188422" lat="41.8283707" lon="-0.8115492"/>
 <node id="8032662007" visible="true" version="1" changeset="92841763" timestamp="2020-10-21T15:21:26Z" user="ansuta" uid="3188422" lat="41.8283797" lon="-0.8115769"/>
 <node id="8032662008" visible="true" version="1" changeset="92841763" timestamp="2020-10-21T15:21:26Z" user="ansuta" uid="3188422" lat="41.8283887" lon="-0.8116045"/>
 <node id="8032662009" visible="true" version="1" changeset="92841763" timestamp="2020-10-21T15:21:26Z" user="ansuta" uid="3188422" lat="41.8283977" lon="-0.8116322"/>
 <node id="8032662010" visible="true" version="1" changeset="92841763" timestamp="2020-10-21T15:21:26Z" user="ansuta" uid="3188422" lat="41.8282792" lon="-0.8114053"/>
 <node id="8032662011" visible="true" version="1" changeset="92841763" timestamp="2020-10-21T15:21:26Z" user="ansuta" uid="3188422" lat="41.8282882" lon="-0.8114329"/>
 <node id="8032662012" visible="true" version="1" changeset="92841763" timestamp="2020-10-21T15:21:26Z" user="ansuta" uid="3188422" lat="41.8282972" lon="-0.8114606"/>
 <node id="8032662013" visible="true" version="1" changeset="92841763" timestamp="2020-10-21T15:21:26Z" user="ansuta" uid="3188422" lat="41.8283062" lon="-0.8114882"/>
 <node id="8032662014" visible="true" version="1" changeset="92841763" timestamp="2020-10-21T15:21:26Z" user="ansuta" uid="3188422" lat="41.8283152" lon="-0.8115159"/>
 <node id="8032662015" visible="true" version="1" changeset="92841763" timestamp="2020-10-21T15:21:26Z" user="ansuta" uid="3188422" lat="41.8283242" lon="-0.8115435"/>
 <node id="8032662016" visible="true" version="1" changeset="92841763" timestamp="2020-10-21T15:21:26Z" user="ansuta" uid="3188422" lat="41.8283332" lon="-0.8115712"/>
 <node id="8032662017" visible="true" version="1" changeset="92841763" timestamp="2020-10-21T15:21:26Z" user="ansuta" uid="3188422" lat="41.8283422" lon="-0.8115989"/>
 <node id="8032662018" visible="true" version="1" changeset="92841763" timestamp="2020-10-21T15:21:26Z" user="ansuta" uid="3188422" lat="41.8283512" lon="-0.8116265"/>
 <node id="8032662019" visible="true" version="1" changeset="92841763" timestamp="2020-10-21T15:21:26Z" user="ansuta" uid="3188422" lat="41.8283602" lon="-0.8116542"/>
 <node id="8032662020" visible="true" version="1" changeset="92841763" timestamp="2020-10-21T15:21:26Z" user="ansuta" uid="3188422" lat="41.8283076" lon="-0.8113556"/>
 <node id="8032662021" visible="true" version="1" changeset="92841763" timestamp="2020-10-21T15:21:26Z" user="ansuta" uid="3188422" lat="41.8284067" lon="-0.8116599"/>
 <node id="8032662022" visible="true" version="1" changeset="92841763" timestamp="2020-10-21T15:21:26Z" user="ansuta" uid="3188422" lat="41.8283683" lon="-0.8117220"/>
 <node id="8032662023" visible="true" version="1" changeset="92841763" timestamp="2020-10-21T15:21:26Z" user="ansuta" uid="3188422" lat="41.8284217" lon="-0.8118481"/>
 <node id="8032662024" visible="true" version="1" changeset="92841763" timestamp="2020-10-21T15:21:26Z" user="ansuta" uid="3188422" lat="41.8284308" lon="-0.8118757"/>
 <node id="8032662025" visible="true" version="1" changeset="92841763" timestamp="2020-10-21T15:21:26Z" user="ansuta" uid="3188422" lat="41.8284398" lon="-0.8119032"/>
 <node id="8032662026" visible="true" version="1" changeset="92841763" timestamp="2020-10-21T15:21:26Z" user="ansuta" uid="3188422" lat="41.8284488" lon="-0.8119307"/>
 <node id="8032662027" visible="true" version="1" changeset="92841763" timestamp="2020-10-21T15:21:26Z" user="ansuta" uid="3188422" lat="41.8284578" lon="-0.8119583"/>
 <node id="8032662028" visible="true" version="1" changeset="92841763" timestamp="2020-10-21T15:21:26Z" user="ansuta" uid="3188422" lat="41.8284669" lon="-0.8119858"/>
 <node id="8032662029" visible="true" version="1" changeset="92841763" timestamp="2020-10-21T15:21:26Z" user="ansuta" uid="3188422" lat="41.8284759" lon="-0.8120134"/>
 <node id="8032662030" visible="true" version="1" changeset="92841763" timestamp="2020-10-21T15:21:26Z" user="ansuta" uid="3188422" lat="41.8284849" lon="-0.8120409"/>
 <node id="8032662031" visible="true" version="1" changeset="92841763" timestamp="2020-10-21T15:21:26Z" user="ansuta" uid="3188422" lat="41.8284939" lon="-0.8120684"/>
 <node id="8032662032" visible="true" version="1" changeset="92841763" timestamp="2020-10-21T15:21:26Z" user="ansuta" uid="3188422" lat="41.8285030" lon="-0.8120960"/>
 <node id="8032662033" visible="true" version="1" changeset="92841763" timestamp="2020-10-21T15:21:26Z" user="ansuta" uid="3188422" lat="41.8285120" lon="-0.8121235"/>
 <node id="8032662034" visible="true" version="1" changeset="92841763" timestamp="2020-10-21T15:21:26Z" user="ansuta" uid="3188422" lat="41.8285210" lon="-0.8121511"/>
 <node id="8032662035" visible="true" version="1" changeset="92841763" timestamp="2020-10-21T15:21:26Z" user="ansuta" uid="3188422" lat="41.8285300" lon="-0.8121786"/>
 <node id="8032662036" visible="true" version="1" changeset="92841763" timestamp="2020-10-21T15:21:26Z" user="ansuta" uid="3188422" lat="41.8285391" lon="-0.8122061"/>
 <node id="8032662037" visible="true" version="1" changeset="92841763" timestamp="2020-10-21T15:21:26Z" user="ansuta" uid="3188422" lat="41.8285481" lon="-0.8122337"/>
 <node id="8032662038" visible="true" version="1" changeset="92841763" timestamp="2020-10-21T15:21:26Z" user="ansuta" uid="3188422" lat="41.8285571" lon="-0.8122612"/>
 <node id="8032662039" visible="true" version="1" changeset="92841763" timestamp="2020-10-21T15:21:26Z" user="ansuta" uid="3188422" lat="41.8285661" lon="-0.8122888"/>
 <node id="8032662040" visible="true" version="1" changeset="92841763" timestamp="2020-10-21T15:21:26Z" user="ansuta" uid="3188422" lat="41.8285752" lon="-0.8123163"/>
 <node id="8032662041" visible="true" version="1" changeset="92841763" timestamp="2020-10-21T15:21:26Z" user="ansuta" uid="3188422" lat="41.8285842" lon="-0.8123438"/>
 <node id="8032662042" visible="true" version="1" changeset="92841763" timestamp="2020-10-21T15:21:26Z" user="ansuta" uid="3188422" lat="41.8285932" lon="-0.8123714"/>
 <node id="8032662043" visible="true" version="1" changeset="92841763" timestamp="2020-10-21T15:21:26Z" user="ansuta" uid="3188422" lat="41.8286022" lon="-0.8123989"/>
 <node id="8032662044" visible="true" version="1" changeset="92841763" timestamp="2020-10-21T15:21:26Z" user="ansuta" uid="3188422" lat="41.8286112" lon="-0.8124265"/>
 <node id="8032662045" visible="true" version="1" changeset="92841763" timestamp="2020-10-21T15:21:26Z" user="ansuta" uid="3188422" lat="41.8286203" lon="-0.8124540"/>
 <node id="8032662046" visible="true" version="1" changeset="92841763" timestamp="2020-10-21T15:21:26Z" user="ansuta" uid="3188422" lat="41.8286293" lon="-0.8124815"/>
 <node id="8032662047" visible="true" version="1" changeset="92841763" timestamp="2020-10-21T15:21:26Z" user="ansuta" uid="3188422" lat="41.8286383" lon="-0.8125091"/>
 <node id="8032662048" visible="true" version="1" changeset="92841763" timestamp="2020-10-21T15:21:26Z" user="ansuta" uid="3188422" lat="41.8286473" lon="-0.8125366"/>
 <node id="8032662049" visible="true" version="1" changeset="92841763" timestamp="2020-10-21T15:21:26Z" user="ansuta" uid="3188422" lat="41.8286564" lon="-0.8125642"/>
 <node id="8032662050" visible="true" version="1" changeset="92841763" timestamp="2020-10-21T15:21:26Z" user="ansuta" uid="3188422" lat="41.8286654" lon="-0.8125917"/>
 <node id="8032662051" visible="true" version="1" changeset="92841763" timestamp="2020-10-21T15:21:26Z" user="ansuta" uid="3188422" lat="41.8286744" lon="-0.8126192"/>
 <node id="8032662052" visible="true" version="1" changeset="92841763" timestamp="2020-10-21T15:21:26Z" user="ansuta" uid="3188422" lat="41.8284584" lon="-0.8118264"/>
 <node id="8032662053" visible="true" version="1" changeset="92841763" timestamp="2020-10-21T15:21:26Z" user="ansuta" uid="3188422" lat="41.8284675" lon="-0.8118540"/>
 <node id="8032662054" visible="true" version="1" changeset="92841763" timestamp="2020-10-21T15:21:26Z" user="ansuta" uid="3188422" lat="41.8284765" lon="-0.8118815"/>
 <node id="8032662055" visible="true" version="1" changeset="92841763" timestamp="2020-10-21T15:21:26Z" user="ansuta" uid="3188422" lat="41.8284855" lon="-0.8119091"/>
 <node id="8032662056" visible="true" version="1" changeset="92841763" timestamp="2020-10-21T15:21:26Z" user="ansuta" uid="3188422" lat="41.8284945" lon="-0.8119366"/>
 <node id="8032662057" visible="true" version="1" changeset="92841763" timestamp="2020-10-21T15:21:26Z" user="ansuta" uid="3188422" lat="41.8285036" lon="-0.8119642"/>
 <node id="8032662058" visible="true" version="1" changeset="92841763" timestamp="2020-10-21T15:21:26Z" user="ansuta" uid="3188422" lat="41.8285126" lon="-0.8119917"/>
 <node id="8032662059" visible="true" version="1" changeset="92841763" timestamp="2020-10-21T15:21:26Z" user="ansuta" uid="3188422" lat="41.8285216" lon="-0.8120192"/>
 <node id="8032662060" visible="true" version="1" changeset="92841763" timestamp="2020-10-21T15:21:26Z" user="ansuta" uid="3188422" lat="41.8285306" lon="-0.8120468"/>
 <node id="8032662061" visible="true" version="1" changeset="92841763" timestamp="2020-10-21T15:21:26Z" user="ansuta" uid="3188422" lat="41.8285397" lon="-0.8120743"/>
 <node id="8032662062" visible="true" version="1" changeset="92841763" timestamp="2020-10-21T15:21:26Z" user="ansuta" uid="3188422" lat="41.8285487" lon="-0.8121019"/>
 <node id="8032662063" visible="true" version="1" changeset="92841763" timestamp="2020-10-21T15:21:26Z" user="ansuta" uid="3188422" lat="41.8285577" lon="-0.8121294"/>
 <node id="8032662064" visible="true" version="1" changeset="92841763" timestamp="2020-10-21T15:21:26Z" user="ansuta" uid="3188422" lat="41.8285667" lon="-0.8121569"/>
 <node id="8032662065" visible="true" version="1" changeset="92841763" timestamp="2020-10-21T15:21:26Z" user="ansuta" uid="3188422" lat="41.8285758" lon="-0.8121845"/>
 <node id="8032662066" visible="true" version="1" changeset="92841763" timestamp="2020-10-21T15:21:26Z" user="ansuta" uid="3188422" lat="41.8285848" lon="-0.8122120"/>
 <node id="8032662067" visible="true" version="1" changeset="92841763" timestamp="2020-10-21T15:21:26Z" user="ansuta" uid="3188422" lat="41.8285938" lon="-0.8122396"/>
 <node id="8032662068" visible="true" version="1" changeset="92841763" timestamp="2020-10-21T15:21:26Z" user="ansuta" uid="3188422" lat="41.8286028" lon="-0.8122671"/>
 <node id="8032662069" visible="true" version="1" changeset="92841763" timestamp="2020-10-21T15:21:26Z" user="ansuta" uid="3188422" lat="41.8286119" lon="-0.8122946"/>
 <node id="8032662070" visible="true" version="1" changeset="92841763" timestamp="2020-10-21T15:21:26Z" user="ansuta" uid="3188422" lat="41.8286209" lon="-0.8123222"/>
 <node id="8032662071" visible="true" version="1" changeset="92841763" timestamp="2020-10-21T15:21:26Z" user="ansuta" uid="3188422" lat="41.8286299" lon="-0.8123497"/>
 <node id="8032662072" visible="true" version="1" changeset="92841763" timestamp="2020-10-21T15:21:26Z" user="ansuta" uid="3188422" lat="41.8286389" lon="-0.8123773"/>
 <node id="8032662073" visible="true" version="1" changeset="92841763" timestamp="2020-10-21T15:21:26Z" user="ansuta" uid="3188422" lat="41.8286480" lon="-0.8124048"/>
 <node id="8032662074" visible="true" version="1" changeset="92841763" timestamp="2020-10-21T15:21:26Z" user="ansuta" uid="3188422" lat="41.8286570" lon="-0.8124323"/>
 <node id="8032662075" visible="true" version="1" changeset="92841763" timestamp="2020-10-21T15:21:26Z" user="ansuta" uid="3188422" lat="41.8286660" lon="-0.8124599"/>
 <node id="8032662076" visible="true" version="1" changeset="92841763" timestamp="2020-10-21T15:21:26Z" user="ansuta" uid="3188422" lat="41.8286750" lon="-0.8124874"/>
 <node id="8032662077" visible="true" version="1" changeset="92841763" timestamp="2020-10-21T15:21:26Z" user="ansuta" uid="3188422" lat="41.8286841" lon="-0.8125150"/>
 <node id="8032662078" visible="true" version="1" changeset="92841763" timestamp="2020-10-21T15:21:26Z" user="ansuta" uid="3188422" lat="41.8286931" lon="-0.8125425"/>
 <node id="8032662079" visible="true" version="1" changeset="92841763" timestamp="2020-10-21T15:21:26Z" user="ansuta" uid="3188422" lat="41.8287021" lon="-0.8125700"/>
 <node id="8032662080" visible="true" version="1" changeset="92841763" timestamp="2020-10-21T15:21:26Z" user="ansuta" uid="3188422" lat="41.8287111" lon="-0.8125976"/>
 <node id="8032662081" visible="true" version="1" changeset="92841763" timestamp="2020-10-21T15:21:26Z" user="ansuta" uid="3188422" lat="41.8286834" lon="-0.8126468"/>
 <node id="8032662082" visible="true" version="1" changeset="92841763" timestamp="2020-10-21T15:21:26Z" user="ansuta" uid="3188422" lat="41.8284127" lon="-0.8118206"/>
 <node id="8032662083" visible="true" version="1" changeset="92841763" timestamp="2020-10-21T15:21:26Z" user="ansuta" uid="3188422" lat="41.8284494" lon="-0.8117989"/>
 <node id="8032662084" visible="true" version="1" changeset="92841763" timestamp="2020-10-21T15:21:26Z" user="ansuta" uid="3188422" lat="41.8287202" lon="-0.8126251"/>
 <node id="8032662085" visible="true" version="1" changeset="92841763" timestamp="2020-10-21T15:21:26Z" user="ansuta" uid="3188422" lat="41.8287003" lon="-0.8127021"/>
 <node id="8032662086" visible="true" version="1" changeset="92841763" timestamp="2020-10-21T15:21:26Z" user="ansuta" uid="3188422" lat="41.8287095" lon="-0.8127303"/>
 <node id="8032662087" visible="true" version="1" changeset="92841763" timestamp="2020-10-21T15:21:26Z" user="ansuta" uid="3188422" lat="41.8287374" lon="-0.8126805"/>
 <node id="8032662088" visible="true" version="1" changeset="92841763" timestamp="2020-10-21T15:21:26Z" user="ansuta" uid="3188422" lat="41.8287465" lon="-0.8127086"/>
 <node id="8032662089" visible="true" version="1" changeset="92841763" timestamp="2020-10-21T15:21:26Z" user="ansuta" uid="3188422" lat="41.8287186" lon="-0.8127584"/>
 <node id="8032662090" visible="true" version="1" changeset="92841763" timestamp="2020-10-21T15:21:26Z" user="ansuta" uid="3188422" lat="41.8286912" lon="-0.8126740"/>
 <node id="8032662091" visible="true" version="1" changeset="92841763" timestamp="2020-10-21T15:21:26Z" user="ansuta" uid="3188422" lat="41.8287282" lon="-0.8126523"/>
 <node id="8032662092" visible="true" version="1" changeset="92841763" timestamp="2020-10-21T15:21:26Z" user="ansuta" uid="3188422" lat="41.8287556" lon="-0.8127368"/>
 <node id="9507416483" visible="true" version="1" changeset="117427789" timestamp="2022-02-15T09:47:50Z" user="elpezBartolo" uid="2569751" lat="41.8243281" lon="-0.8219993">
  <tag k="material" v="steel"/>
  <tag k="power" v="tower"/>
  <tag k="ref" v="LATML4 - 90"/>
 </node>
 <node id="9507416484" visible="true" version="1" changeset="117427789" timestamp="2022-02-15T09:47:50Z" user="elpezBartolo" uid="2569751" lat="42.0313476" lon="-0.8620540">
  <tag k="material" v="steel"/>
  <tag k="power" v="tower"/>
  <tag k="ref" v="LATML4 - 7"/>
 </node>
 <node id="9507416485" visible="true" version="1" changeset="117427789" timestamp="2022-02-15T09:47:50Z" user="elpezBartolo" uid="2569751" lat="42.0265885" lon="-0.8827234">
  <tag k="material" v="steel"/>
  <tag k="power" v="tower"/>
  <tag k="ref" v="LATML4 - SETML4"/>
 </node>
 <node id="9507416486" visible="true" version="1" changeset="117427789" timestamp="2022-02-15T09:47:50Z" user="elpezBartolo" uid="2569751" lat="41.9003098" lon="-0.8043373">
  <tag k="material" v="steel"/>
  <tag k="power" v="tower"/>
  <tag k="ref" v="LATML4 - 61"/>
 </node>
 <node id="9507416487" visible="true" version="1" changeset="117427789" timestamp="2022-02-15T09:47:50Z" user="elpezBartolo" uid="2569751" lat="41.8485692" lon="-0.8142268">
  <tag k="material" v="steel"/>
  <tag k="power" v="tower"/>
  <tag k="ref" v="LATML4 - 81"/>
 </node>
 <node id="9507416488" visible="true" version="1" changeset="117427789" timestamp="2022-02-15T09:47:50Z" user="elpezBartolo" uid="2569751" lat="41.7696487" lon="-0.8414272">
  <tag k="material" v="steel"/>
  <tag k="power" v="tower"/>
  <tag k="ref" v="LATML4 - 111"/>
 </node>
 <node id="9507416489" visible="true" version="1" changeset="117427789" timestamp="2022-02-15T09:47:50Z" user="elpezBartolo" uid="2569751" lat="42.0097071" lon="-0.8342443">
  <tag k="material" v="steel"/>
  <tag k="power" v="tower"/>
  <tag k="ref" v="LATML4 - 18"/>
 </node>
 <node id="9507416490" visible="true" version="1" changeset="117427789" timestamp="2022-02-15T09:47:50Z" user="elpezBartolo" uid="2569751" lat="41.9358853" lon="-0.8238027">
  <tag k="material" v="steel"/>
  <tag k="power" v="tower"/>
  <tag k="ref" v="LATML4 - 48"/>
 </node>
 <node id="9507416491" visible="true" version="1" changeset="117427789" timestamp="2022-02-15T09:47:50Z" user="elpezBartolo" uid="2569751" lat="41.8400601" lon="-0.8162147">
  <tag k="material" v="steel"/>
  <tag k="power" v="tower"/>
  <tag k="ref" v="LATML4 - 84"/>
 </node>
 <node id="9507416492" visible="true" version="1" changeset="117427789" timestamp="2022-02-15T09:47:50Z" user="elpezBartolo" uid="2569751" lat="42.0256560" lon="-0.8819693">
  <tag k="material" v="steel"/>
  <tag k="power" v="tower"/>
  <tag k="ref" v="LATML4 - 1"/>
 </node>
 <node id="9507416493" visible="true" version="1" changeset="117427789" timestamp="2022-02-15T09:47:50Z" user="elpezBartolo" uid="2569751" lat="41.9563023" lon="-0.8257141">
  <tag k="material" v="steel"/>
  <tag k="power" v="tower"/>
  <tag k="ref" v="LATML4 - 39"/>
 </node>
 <node id="9507416494" visible="true" version="1" changeset="117427789" timestamp="2022-02-15T09:47:50Z" user="elpezBartolo" uid="2569751" lat="41.8625852" lon="-0.8100988">
  <tag k="material" v="steel"/>
  <tag k="power" v="tower"/>
  <tag k="ref" v="LATML4 - 75"/>
 </node>
 <node id="9507416495" visible="true" version="1" changeset="117427789" timestamp="2022-02-15T09:47:50Z" user="elpezBartolo" uid="2569751" lat="41.7850520" lon="-0.8358203">
  <tag k="material" v="steel"/>
  <tag k="power" v="tower"/>
  <tag k="ref" v="LATML4 - 105"/>
 </node>
 <node id="9507416496" visible="true" version="1" changeset="117427789" timestamp="2022-02-15T09:47:50Z" user="elpezBartolo" uid="2569751" lat="41.9488053" lon="-0.8293107">
  <tag k="material" v="steel"/>
  <tag k="power" v="tower"/>
  <tag k="ref" v="LATML4 - 42"/>
 </node>
 <node id="9507416497" visible="true" version="1" changeset="117427789" timestamp="2022-02-15T09:47:50Z" user="elpezBartolo" uid="2569751" lat="41.8977614" lon="-0.8029419">
  <tag k="material" v="steel"/>
  <tag k="power" v="tower"/>
  <tag k="ref" v="LATML4 - 62"/>
 </node>
 <node id="9507416498" visible="true" version="1" changeset="117427789" timestamp="2022-02-15T09:47:50Z" user="elpezBartolo" uid="2569751" lat="41.7774041" lon="-0.8386043">
  <tag k="material" v="steel"/>
  <tag k="power" v="tower"/>
  <tag k="ref" v="LATML4 - 108"/>
 </node>
 <node id="9507416499" visible="true" version="1" changeset="117427789" timestamp="2022-02-15T09:47:50Z" user="elpezBartolo" uid="2569751" lat="41.9698090" lon="-0.8217910">
  <tag k="material" v="steel"/>
  <tag k="power" v="tower"/>
  <tag k="ref" v="LATML4 - 33"/>
 </node>
 <node id="9507416500" visible="true" version="1" changeset="117427789" timestamp="2022-02-15T09:47:50Z" user="elpezBartolo" uid="2569751" lat="42.0176451" lon="-0.8406535">
  <tag k="material" v="steel"/>
  <tag k="power" v="tower"/>
  <tag k="ref" v="LATML4 - 15"/>
 </node>
 <node id="9507416501" visible="true" version="1" changeset="117427789" timestamp="2022-02-15T09:47:50Z" user="elpezBartolo" uid="2569751" lat="41.9965886" lon="-0.8291719">
  <tag k="material" v="steel"/>
  <tag k="power" v="tower"/>
  <tag k="ref" v="LATML4 - 23"/>
 </node>
 <node id="9507416502" visible="true" version="1" changeset="117427789" timestamp="2022-02-15T09:47:50Z" user="elpezBartolo" uid="2569751" lat="41.8789756" lon="-0.8062853">
  <tag k="material" v="steel"/>
  <tag k="power" v="tower"/>
  <tag k="ref" v="LATML4 - 69"/>
 </node>
 <node id="9507416503" visible="true" version="1" changeset="117427789" timestamp="2022-02-15T09:47:50Z" user="elpezBartolo" uid="2569751" lat="41.8005308" lon="-0.8304126">
  <tag k="material" v="steel"/>
  <tag k="power" v="tower"/>
  <tag k="ref" v="LATML4 - 99"/>
 </node>
 <node id="9507416504" visible="true" version="1" changeset="117427789" timestamp="2022-02-15T09:47:50Z" user="elpezBartolo" uid="2569751" lat="41.9637633" lon="-0.8221298">
  <tag k="material" v="steel"/>
  <tag k="power" v="tower"/>
  <tag k="ref" v="LATML4 - 36"/>
 </node>
 <node id="9507416505" visible="true" version="1" changeset="117427789" timestamp="2022-02-15T09:47:50Z" user="elpezBartolo" uid="2569751" lat="41.8271097" lon="-0.8209778">
  <tag k="material" v="steel"/>
  <tag k="power" v="tower"/>
  <tag k="ref" v="LATML4 - 89"/>
 </node>
 <node id="9507416506" visible="true" version="1" changeset="117427789" timestamp="2022-02-15T09:47:50Z" user="elpezBartolo" uid="2569751" lat="42.0308247" lon="-0.8654055">
  <tag k="material" v="steel"/>
  <tag k="power" v="tower"/>
  <tag k="ref" v="LATML4 - 6"/>
 </node>
 <node id="9507416507" visible="true" version="1" changeset="117427789" timestamp="2022-02-15T09:47:50Z" user="elpezBartolo" uid="2569751" lat="41.9884628" lon="-0.8257180">
  <tag k="material" v="steel"/>
  <tag k="power" v="tower"/>
  <tag k="ref" v="LATML4 - 26"/>
 </node>
 <node id="9507416508" visible="true" version="1" changeset="117427789" timestamp="2022-02-15T09:47:50Z" user="elpezBartolo" uid="2569751" lat="41.9140435" lon="-0.8118485">
  <tag k="material" v="steel"/>
  <tag k="power" v="tower"/>
  <tag k="ref" v="LATML4 - 56"/>
 </node>
 <node id="9507416509" visible="true" version="1" changeset="117427789" timestamp="2022-02-15T09:47:50Z" user="elpezBartolo" uid="2569751" lat="41.8194449" lon="-0.8238023">
  <tag k="material" v="steel"/>
  <tag k="power" v="tower"/>
  <tag k="ref" v="LATML4 - 92"/>
 </node>
 <node id="9507416510" visible="true" version="1" changeset="117427789" timestamp="2022-02-15T09:47:50Z" user="elpezBartolo" uid="2569751" lat="42.0297070" lon="-0.8556948">
  <tag k="material" v="steel"/>
  <tag k="power" v="tower"/>
  <tag k="ref" v="LATML4 - 9"/>
 </node>
 <node id="9507416511" visible="true" version="1" changeset="117427789" timestamp="2022-02-15T09:47:50Z" user="elpezBartolo" uid="2569751" lat="42.0122951" lon="-0.8363302">
  <tag k="material" v="steel"/>
  <tag k="power" v="tower"/>
  <tag k="ref" v="LATML4 - 17"/>
 </node>
 <node id="9507416512" visible="true" version="1" changeset="117427789" timestamp="2022-02-15T09:47:50Z" user="elpezBartolo" uid="2569751" lat="41.9384245" lon="-0.8252000">
  <tag k="material" v="steel"/>
  <tag k="power" v="tower"/>
  <tag k="ref" v="LATML4 - 47"/>
 </node>
 <node id="9507416513" visible="true" version="1" changeset="117427789" timestamp="2022-02-15T09:47:50Z" user="elpezBartolo" uid="2569751" lat="42.0262967" lon="-0.8825278">
  <tag k="material" v="steel"/>
  <tag k="power" v="tower"/>
  <tag k="ref" v="LATML4 - 0"/>
 </node>
 <node id="9507416514" visible="true" version="1" changeset="117427789" timestamp="2022-02-15T09:47:50Z" user="elpezBartolo" uid="2569751" lat="41.8426090" lon="-0.8152728">
  <tag k="material" v="steel"/>
  <tag k="power" v="tower"/>
  <tag k="ref" v="LATML4 - 83"/>
 </node>
 <node id="9507416515" visible="true" version="1" changeset="117427789" timestamp="2022-02-15T09:47:50Z" user="elpezBartolo" uid="2569751" lat="42.0049970" lon="-0.8313854">
  <tag k="material" v="steel"/>
  <tag k="power" v="tower"/>
  <tag k="ref" v="LATML4 - 20"/>
 </node>
 <node id="9507416516" visible="true" version="1" changeset="117427789" timestamp="2022-02-15T09:47:50Z" user="elpezBartolo" uid="2569751" lat="41.9302247" lon="-0.8207026">
  <tag k="material" v="steel"/>
  <tag k="power" v="tower"/>
  <tag k="ref" v="LATML4 - 50"/>
 </node>
 <node id="9507420417" visible="true" version="1" changeset="117427789" timestamp="2022-02-15T09:47:50Z" user="elpezBartolo" uid="2569751" lat="41.8766957" lon="-0.8066886">
  <tag k="material" v="steel"/>
  <tag k="power" v="tower"/>
  <tag k="ref" v="LATML4 - 70"/>
 </node>
 <node id="9507420418" visible="true" version="1" changeset="117427789" timestamp="2022-02-15T09:47:50Z" user="elpezBartolo" uid="2569751" lat="42.0281039" lon="-0.8760296">
  <tag k="material" v="steel"/>
  <tag k="power" v="tower"/>
  <tag k="ref" v="LATML4 - 3"/>
 </node>
 <node id="9507420419" visible="true" version="1" changeset="117427789" timestamp="2022-02-15T09:47:50Z" user="elpezBartolo" uid="2569751" lat="41.9514380" lon="-0.8280390">
  <tag k="material" v="steel"/>
  <tag k="power" v="tower"/>
  <tag k="ref" v="LATML4 - 41"/>
 </node>
 <node id="9507420420" visible="true" version="1" changeset="117427789" timestamp="2022-02-15T09:47:50Z" user="elpezBartolo" uid="2569751" lat="41.8569931" lon="-0.8115546">
  <tag k="material" v="steel"/>
  <tag k="power" v="tower"/>
  <tag k="ref" v="LATML4 - 77"/>
 </node>
 <node id="9507420421" visible="true" version="1" changeset="117427789" timestamp="2022-02-15T09:47:50Z" user="elpezBartolo" uid="2569751" lat="41.7799802" lon="-0.8376634">
  <tag k="material" v="steel"/>
  <tag k="power" v="tower"/>
  <tag k="ref" v="LATML4 - 107"/>
 </node>
 <node id="9507420422" visible="true" version="1" changeset="117427789" timestamp="2022-02-15T09:47:50Z" user="elpezBartolo" uid="2569751" lat="41.9461596" lon="-0.8294246">
  <tag k="material" v="steel"/>
  <tag k="power" v="tower"/>
  <tag k="ref" v="LATML4 - 44"/>
 </node>
 <node id="9507420423" visible="true" version="1" changeset="117427789" timestamp="2022-02-15T09:47:50Z" user="elpezBartolo" uid="2569751" lat="42.0203523" lon="-0.8428567">
  <tag k="material" v="steel"/>
  <tag k="power" v="tower"/>
  <tag k="ref" v="LATML4 - 14"/>
 </node>
 <node id="9507420424" visible="true" version="1" changeset="117427789" timestamp="2022-02-15T09:47:50Z" user="elpezBartolo" uid="2569751" lat="41.8927799" lon="-0.8038239">
  <tag k="material" v="steel"/>
  <tag k="power" v="tower"/>
  <tag k="ref" v="LATML4 - 64"/>
 </node>
 <node id="9507420425" visible="true" version="1" changeset="117427789" timestamp="2022-02-15T09:47:50Z" user="elpezBartolo" uid="2569751" lat="41.8136927" lon="-0.8258510">
  <tag k="material" v="steel"/>
  <tag k="power" v="tower"/>
  <tag k="ref" v="LATML4 - 94"/>
 </node>
 <node id="9507420426" visible="true" version="1" changeset="117427789" timestamp="2022-02-15T09:47:50Z" user="elpezBartolo" uid="2569751" lat="41.9650396" lon="-0.8215192">
  <tag k="material" v="steel"/>
  <tag k="power" v="tower"/>
  <tag k="ref" v="LATML4 - 35"/>
 </node>
 <node id="9507420427" visible="true" version="1" changeset="117427789" timestamp="2022-02-15T09:47:50Z" user="elpezBartolo" uid="2569751" lat="41.9917949" lon="-0.8271377">
  <tag k="material" v="steel"/>
  <tag k="power" v="tower"/>
  <tag k="ref" v="LATML4 - 25"/>
 </node>
 <node id="9507420428" visible="true" version="1" changeset="117427789" timestamp="2022-02-15T09:47:50Z" user="elpezBartolo" uid="2569751" lat="41.9167192" lon="-0.8133126">
  <tag k="material" v="steel"/>
  <tag k="power" v="tower"/>
  <tag k="ref" v="LATML4 - 55"/>
 </node>
 <node id="9507420429" visible="true" version="1" changeset="117427789" timestamp="2022-02-15T09:47:50Z" user="elpezBartolo" uid="2569751" lat="41.7953857" lon="-0.8321869">
  <tag k="material" v="steel"/>
  <tag k="power" v="tower"/>
  <tag k="ref" v="LATML4 - 101"/>
 </node>
 <node id="9507420430" visible="true" version="1" changeset="117427789" timestamp="2022-02-15T09:47:50Z" user="elpezBartolo" uid="2569751" lat="42.0305131" lon="-0.8588325">
  <tag k="material" v="steel"/>
  <tag k="power" v="tower"/>
  <tag k="ref" v="LATML4 - 8"/>
 </node>
 <node id="9507420431" visible="true" version="1" changeset="117427789" timestamp="2022-02-15T09:47:50Z" user="elpezBartolo" uid="2569751" lat="41.8215913" lon="-0.8230072">
  <tag k="material" v="steel"/>
  <tag k="power" v="tower"/>
  <tag k="ref" v="LATML4 - 91"/>
 </node>
 <node id="9507420432" visible="true" version="1" changeset="117427789" timestamp="2022-02-15T09:47:50Z" user="elpezBartolo" uid="2569751" lat="41.9834600" lon="-0.8235828">
  <tag k="material" v="steel"/>
  <tag k="power" v="tower"/>
  <tag k="ref" v="LATML4 - 28"/>
 </node>
 <node id="9507420433" visible="true" version="1" changeset="117427789" timestamp="2022-02-15T09:47:50Z" user="elpezBartolo" uid="2569751" lat="41.9086648" lon="-0.8089097">
  <tag k="material" v="steel"/>
  <tag k="power" v="tower"/>
  <tag k="ref" v="LATML4 - 58"/>
 </node>
 <node id="9507420434" visible="true" version="1" changeset="117427789" timestamp="2022-02-15T09:47:50Z" user="elpezBartolo" uid="2569751" lat="41.8546719" lon="-0.8121517">
  <tag k="material" v="steel"/>
  <tag k="power" v="tower"/>
  <tag k="ref" v="LATML4 - 78"/>
 </node>
 <node id="9507420435" visible="true" version="1" changeset="117427789" timestamp="2022-02-15T09:47:50Z" user="elpezBartolo" uid="2569751" lat="42.0279790" lon="-0.8490248">
  <tag k="material" v="steel"/>
  <tag k="power" v="tower"/>
  <tag k="ref" v="LATML4 - 11"/>
 </node>
 <node id="9507420436" visible="true" version="1" changeset="117427789" timestamp="2022-02-15T09:47:50Z" user="elpezBartolo" uid="2569751" lat="42.0073019" lon="-0.8327803">
  <tag k="material" v="steel"/>
  <tag k="power" v="tower"/>
  <tag k="ref" v="LATML4 - 19"/>
 </node>
 <node id="9507420437" visible="true" version="1" changeset="117427789" timestamp="2022-02-15T09:47:50Z" user="elpezBartolo" uid="2569751" lat="41.9322815" lon="-0.8218266">
  <tag k="material" v="steel"/>
  <tag k="power" v="tower"/>
  <tag k="ref" v="LATML4 - 49"/>
 </node>
 <node id="9507420438" visible="true" version="1" changeset="117427789" timestamp="2022-02-15T09:47:50Z" user="elpezBartolo" uid="2569751" lat="41.8375113" lon="-0.8171564">
  <tag k="material" v="steel"/>
  <tag k="power" v="tower"/>
  <tag k="ref" v="LATML4 - 85"/>
 </node>
 <node id="9507420439" visible="true" version="1" changeset="117427789" timestamp="2022-02-15T09:47:50Z" user="elpezBartolo" uid="2569751" lat="42.0263960" lon="-0.8796135">
  <tag k="material" v="steel"/>
  <tag k="power" v="tower"/>
  <tag k="ref" v="LATML4 - 2"/>
 </node>
 <node id="9507420440" visible="true" version="1" changeset="117427789" timestamp="2022-02-15T09:47:50Z" user="elpezBartolo" uid="2569751" lat="41.9249829" lon="-0.8178421">
  <tag k="material" v="steel"/>
  <tag k="power" v="tower"/>
  <tag k="ref" v="LATML4 - 52"/>
 </node>
 <node id="9507420441" visible="true" version="1" changeset="117427789" timestamp="2022-02-15T09:47:50Z" user="elpezBartolo" uid="2569751" lat="41.8704359" lon="-0.8080715">
  <tag k="material" v="steel"/>
  <tag k="power" v="tower"/>
  <tag k="ref" v="LATML4 - 72"/>
 </node>
 <node id="9507420442" visible="true" version="1" changeset="117427789" timestamp="2022-02-15T09:47:50Z" user="elpezBartolo" uid="2569751" lat="41.7928536" lon="-0.8330666">
  <tag k="material" v="steel"/>
  <tag k="power" v="tower"/>
  <tag k="ref" v="LATML4 - 102"/>
 </node>
 <node id="9507420443" visible="true" version="1" changeset="117427789" timestamp="2022-02-15T09:47:50Z" user="elpezBartolo" uid="2569751" lat="41.9472700" lon="-0.8300384">
  <tag k="material" v="steel"/>
  <tag k="power" v="tower"/>
  <tag k="ref" v="LATML4 - 43"/>
 </node>
 <node id="9507420444" visible="true" version="1" changeset="117427789" timestamp="2022-02-15T09:47:50Z" user="elpezBartolo" uid="2569751" lat="41.8954098" lon="-0.8033601">
  <tag k="material" v="steel"/>
  <tag k="power" v="tower"/>
  <tag k="ref" v="LATML4 - 63"/>
 </node>
 <node id="9507420445" visible="true" version="1" changeset="117427789" timestamp="2022-02-15T09:47:50Z" user="elpezBartolo" uid="2569751" lat="41.7749799" lon="-0.8394798">
  <tag k="material" v="steel"/>
  <tag k="power" v="tower"/>
  <tag k="ref" v="LATML4 - 109"/>
 </node>
 <node id="9507420446" visible="true" version="1" changeset="117427789" timestamp="2022-02-15T09:47:50Z" user="elpezBartolo" uid="2569751" lat="41.9777161" lon="-0.8222577">
  <tag k="material" v="steel"/>
  <tag k="power" v="tower"/>
  <tag k="ref" v="LATML4 - 30"/>
 </node>
 <node id="9507420447" visible="true" version="1" changeset="117427789" timestamp="2022-02-15T09:47:50Z" user="elpezBartolo" uid="2569751" lat="41.8870627" lon="-0.8048514">
  <tag k="material" v="steel"/>
  <tag k="power" v="tower"/>
  <tag k="ref" v="LATML4 - 66"/>
 </node>
 <node id="9507420448" visible="true" version="1" changeset="117427789" timestamp="2022-02-15T09:47:50Z" user="elpezBartolo" uid="2569751" lat="41.8082883" lon="-0.8277191">
  <tag k="material" v="steel"/>
  <tag k="power" v="tower"/>
  <tag k="ref" v="LATML4 - 96"/>
 </node>
 <node id="9507420449" visible="true" version="1" changeset="117427789" timestamp="2022-02-15T09:47:50Z" user="elpezBartolo" uid="2569751" lat="41.9613716" lon="-0.8232852">
  <tag k="material" v="steel"/>
  <tag k="power" v="tower"/>
  <tag k="ref" v="LATML4 - 37"/>
 </node>
 <node id="9507420450" visible="true" version="1" changeset="117427789" timestamp="2022-02-15T09:47:50Z" user="elpezBartolo" uid="2569751" lat="41.8349177" lon="-0.8181117">
  <tag k="material" v="steel"/>
  <tag k="power" v="tower"/>
  <tag k="ref" v="LATML4 - 86"/>
 </node>
 <node id="9507420451" visible="true" version="1" changeset="117427789" timestamp="2022-02-15T09:47:50Z" user="elpezBartolo" uid="2569751" lat="41.9861384" lon="-0.8247228">
  <tag k="material" v="steel"/>
  <tag k="power" v="tower"/>
  <tag k="ref" v="LATML4 - 27"/>
 </node>
 <node id="9507420452" visible="true" version="1" changeset="117427789" timestamp="2022-02-15T09:47:50Z" user="elpezBartolo" uid="2569751" lat="41.9112314" lon="-0.8103169">
  <tag k="material" v="steel"/>
  <tag k="power" v="tower"/>
  <tag k="ref" v="LATML4 - 57"/>
 </node>
 <node id="9507420453" visible="true" version="1" changeset="117427789" timestamp="2022-02-15T09:47:50Z" user="elpezBartolo" uid="2569751" lat="41.8165648" lon="-0.8248509">
  <tag k="material" v="steel"/>
  <tag k="power" v="tower"/>
  <tag k="ref" v="LATML4 - 93"/>
 </node>
 <node id="9507420454" visible="true" version="1" changeset="117427789" timestamp="2022-02-15T09:47:50Z" user="elpezBartolo" uid="2569751" lat="42.0288913" lon="-0.8525333">
  <tag k="material" v="steel"/>
  <tag k="power" v="tower"/>
  <tag k="ref" v="LATML4 - 10"/>
 </node>
 <node id="9507420455" visible="true" version="1" changeset="117427789" timestamp="2022-02-15T09:47:50Z" user="elpezBartolo" uid="2569751" lat="41.9030585" lon="-0.8058465">
  <tag k="material" v="steel"/>
  <tag k="power" v="tower"/>
  <tag k="ref" v="LATML4 - 60"/>
 </node>
 <node id="9507420456" visible="true" version="1" changeset="117427789" timestamp="2022-02-15T09:47:50Z" user="elpezBartolo" uid="2569751" lat="41.8505020" lon="-0.8135707">
  <tag k="material" v="steel"/>
  <tag k="power" v="tower"/>
  <tag k="ref" v="LATML4 - 80"/>
 </node>
 <node id="9507420457" visible="true" version="1" changeset="117427789" timestamp="2022-02-15T09:47:50Z" user="elpezBartolo" uid="2569751" lat="41.7723590" lon="-0.8404340">
  <tag k="material" v="steel"/>
  <tag k="power" v="tower"/>
  <tag k="ref" v="LATML4 - 110"/>
 </node>
 <node id="9507420458" visible="true" version="1" changeset="117427789" timestamp="2022-02-15T09:47:50Z" user="elpezBartolo" uid="2569751" lat="42.0023732" lon="-0.8297963">
  <tag k="material" v="steel"/>
  <tag k="power" v="tower"/>
  <tag k="ref" v="LATML4 - 21"/>
 </node>
 <node id="9507420459" visible="true" version="1" changeset="117427789" timestamp="2022-02-15T09:47:50Z" user="elpezBartolo" uid="2569751" lat="41.9277949" lon="-0.8193743">
  <tag k="material" v="steel"/>
  <tag k="power" v="tower"/>
  <tag k="ref" v="LATML4 - 51"/>
 </node>
 <node id="9507420460" visible="true" version="1" changeset="117427789" timestamp="2022-02-15T09:47:50Z" user="elpezBartolo" uid="2569751" lat="41.8736889" lon="-0.8072253">
  <tag k="material" v="steel"/>
  <tag k="power" v="tower"/>
  <tag k="ref" v="LATML4 - 71"/>
 </node>
 <node id="9507420461" visible="true" version="1" changeset="117427789" timestamp="2022-02-15T09:47:50Z" user="elpezBartolo" uid="2569751" lat="42.0297077" lon="-0.8726664">
  <tag k="material" v="steel"/>
  <tag k="power" v="tower"/>
  <tag k="ref" v="LATML4 - 4"/>
 </node>
 <node id="9507420462" visible="true" version="1" changeset="117427789" timestamp="2022-02-15T09:47:50Z" user="elpezBartolo" uid="2569751" lat="41.9587475" lon="-0.8245329">
  <tag k="material" v="steel"/>
  <tag k="power" v="tower"/>
  <tag k="ref" v="LATML4 - 38"/>
 </node>
 <node id="9507420463" visible="true" version="1" changeset="117427789" timestamp="2022-02-15T09:47:50Z" user="elpezBartolo" uid="2569751" lat="41.8655246" lon="-0.8093358">
  <tag k="material" v="steel"/>
  <tag k="power" v="tower"/>
  <tag k="ref" v="LATML4 - 74"/>
 </node>
 <node id="9507420464" visible="true" version="1" changeset="117427789" timestamp="2022-02-15T09:47:50Z" user="elpezBartolo" uid="2569751" lat="41.7875923" lon="-0.8348925">
  <tag k="material" v="steel"/>
  <tag k="power" v="tower"/>
  <tag k="ref" v="LATML4 - 104"/>
 </node>
 <node id="9507420465" visible="true" version="1" changeset="117427789" timestamp="2022-02-15T09:47:50Z" user="elpezBartolo" uid="2569751" lat="41.9434025" lon="-0.8279259">
  <tag k="material" v="steel"/>
  <tag k="power" v="tower"/>
  <tag k="ref" v="LATML4 - 45"/>
 </node>
 <node id="9507420466" visible="true" version="1" changeset="117427789" timestamp="2022-02-15T09:47:50Z" user="elpezBartolo" uid="2569751" lat="41.8898809" lon="-0.8043451">
  <tag k="material" v="steel"/>
  <tag k="power" v="tower"/>
  <tag k="ref" v="LATML4 - 65"/>
 </node>
 <node id="9507420467" visible="true" version="1" changeset="117427789" timestamp="2022-02-15T09:47:50Z" user="elpezBartolo" uid="2569751" lat="41.8108922" lon="-0.8268246">
  <tag k="material" v="steel"/>
  <tag k="power" v="tower"/>
  <tag k="ref" v="LATML4 - 95"/>
 </node>
 <node id="9507420468" visible="true" version="1" changeset="117427789" timestamp="2022-02-15T09:47:50Z" user="elpezBartolo" uid="2569751" lat="41.9726131" lon="-0.8219610">
  <tag k="material" v="steel"/>
  <tag k="power" v="tower"/>
  <tag k="ref" v="LATML4 - 32"/>
 </node>
 <node id="9507420469" visible="true" version="1" changeset="117427789" timestamp="2022-02-15T09:47:50Z" user="elpezBartolo" uid="2569751" lat="41.9987678" lon="-0.8301120">
  <tag k="material" v="steel"/>
  <tag k="power" v="tower"/>
  <tag k="ref" v="LATML4 - 22"/>
 </node>
 <node id="9507420470" visible="true" version="1" changeset="117427789" timestamp="2022-02-15T09:47:50Z" user="elpezBartolo" uid="2569751" lat="41.8812912" lon="-0.8058686">
  <tag k="material" v="steel"/>
  <tag k="power" v="tower"/>
  <tag k="ref" v="LATML4 - 68"/>
 </node>
 <node id="9507420471" visible="true" version="1" changeset="117427789" timestamp="2022-02-15T09:47:50Z" user="elpezBartolo" uid="2569751" lat="41.8032241" lon="-0.8294791">
  <tag k="material" v="steel"/>
  <tag k="power" v="tower"/>
  <tag k="ref" v="LATML4 - 98"/>
 </node>
 <node id="9507420472" visible="true" version="1" changeset="117427789" timestamp="2022-02-15T09:47:50Z" user="elpezBartolo" uid="2569751" lat="41.8298644" lon="-0.8199692">
  <tag k="material" v="steel"/>
  <tag k="power" v="tower"/>
  <tag k="ref" v="LATML4 - 88"/>
 </node>
 <node id="9507420473" visible="true" version="1" changeset="117427789" timestamp="2022-02-15T09:47:50Z" user="elpezBartolo" uid="2569751" lat="42.0302543" lon="-0.8691209">
  <tag k="material" v="steel"/>
  <tag k="power" v="tower"/>
  <tag k="ref" v="LATML4 - 5"/>
 </node>
 <node id="9507420474" visible="true" version="1" changeset="117427789" timestamp="2022-02-15T09:47:50Z" user="elpezBartolo" uid="2569751" lat="41.9807454" lon="-0.8224321">
  <tag k="material" v="steel"/>
  <tag k="power" v="tower"/>
  <tag k="ref" v="LATML4 - 29"/>
 </node>
 <node id="9507420475" visible="true" version="1" changeset="117427789" timestamp="2022-02-15T09:47:50Z" user="elpezBartolo" uid="2569751" lat="41.9058070" lon="-0.8073437">
  <tag k="material" v="steel"/>
  <tag k="power" v="tower"/>
  <tag k="ref" v="LATML4 - 59"/>
 </node>
 <node id="9507420476" visible="true" version="1" changeset="117427789" timestamp="2022-02-15T09:47:50Z" user="elpezBartolo" uid="2569751" lat="42.0252812" lon="-0.8468329">
  <tag k="material" v="steel"/>
  <tag k="power" v="tower"/>
  <tag k="ref" v="LATML4 - 12"/>
 </node>
 <node id="9507420477" visible="true" version="1" changeset="117427789" timestamp="2022-02-15T09:47:50Z" user="elpezBartolo" uid="2569751" lat="41.8525689" lon="-0.8128619">
  <tag k="material" v="steel"/>
  <tag k="power" v="tower"/>
  <tag k="ref" v="LATML4 - 79"/>
 </node>
 <node id="9507420478" visible="true" version="1" changeset="117427789" timestamp="2022-02-15T09:47:50Z" user="elpezBartolo" uid="2569751" lat="42.0148651" lon="-0.8384168">
  <tag k="material" v="steel"/>
  <tag k="power" v="tower"/>
  <tag k="ref" v="LATML4 - 16"/>
 </node>
 <node id="9507420479" visible="true" version="1" changeset="117427789" timestamp="2022-02-15T09:47:50Z" user="elpezBartolo" uid="2569751" lat="41.9407452" lon="-0.8264721">
  <tag k="material" v="steel"/>
  <tag k="power" v="tower"/>
  <tag k="ref" v="LATML4 - 46"/>
 </node>
 <node id="9507420480" visible="true" version="1" changeset="117427789" timestamp="2022-02-15T09:47:50Z" user="elpezBartolo" uid="2569751" lat="41.8460905" lon="-0.8150700">
  <tag k="material" v="steel"/>
  <tag k="power" v="tower"/>
  <tag k="ref" v="LATML4 - 82"/>
 </node>
 <node id="9507420481" visible="true" version="1" changeset="117427789" timestamp="2022-02-15T09:47:50Z" user="elpezBartolo" uid="2569751" lat="41.7669205" lon="-0.8424210">
  <tag k="material" v="steel"/>
  <tag k="power" v="tower"/>
  <tag k="ref" v="LATML4 - 112"/>
 </node>
 <node id="9507420482" visible="true" version="1" changeset="117427789" timestamp="2022-02-15T09:47:50Z" user="elpezBartolo" uid="2569751" lat="41.9221616" lon="-0.8162982">
  <tag k="material" v="steel"/>
  <tag k="power" v="tower"/>
  <tag k="ref" v="LATML4 - 53"/>
 </node>
 <node id="9507420483" visible="true" version="1" changeset="117427789" timestamp="2022-02-15T09:47:50Z" user="elpezBartolo" uid="2569751" lat="41.8680251" lon="-0.8086961">
  <tag k="material" v="steel"/>
  <tag k="power" v="tower"/>
  <tag k="ref" v="LATML4 - 73"/>
 </node>
 <node id="9507420484" visible="true" version="1" changeset="117427789" timestamp="2022-02-15T09:47:50Z" user="elpezBartolo" uid="2569751" lat="41.7902586" lon="-0.8339603">
  <tag k="material" v="steel"/>
  <tag k="power" v="tower"/>
  <tag k="ref" v="LATML4 - 103"/>
 </node>
 <node id="9507420485" visible="true" version="1" changeset="117427789" timestamp="2022-02-15T09:47:50Z" user="elpezBartolo" uid="2569751" lat="41.9537854" lon="-0.8269217">
  <tag k="material" v="steel"/>
  <tag k="power" v="tower"/>
  <tag k="ref" v="LATML4 - 40"/>
 </node>
 <node id="9507420486" visible="true" version="1" changeset="117427789" timestamp="2022-02-15T09:47:50Z" user="elpezBartolo" uid="2569751" lat="41.8596277" lon="-0.8108623">
  <tag k="material" v="steel"/>
  <tag k="power" v="tower"/>
  <tag k="ref" v="LATML4 - 76"/>
 </node>
 <node id="9507420487" visible="true" version="1" changeset="117427789" timestamp="2022-02-15T09:47:50Z" user="elpezBartolo" uid="2569751" lat="41.7824937" lon="-0.8367487">
  <tag k="material" v="steel"/>
  <tag k="power" v="tower"/>
  <tag k="ref" v="LATML4 - 106"/>
 </node>
 <node id="9507420488" visible="true" version="1" changeset="117427789" timestamp="2022-02-15T09:47:50Z" user="elpezBartolo" uid="2569751" lat="41.9755251" lon="-0.8221272">
  <tag k="material" v="steel"/>
  <tag k="power" v="tower"/>
  <tag k="ref" v="LATML4 - 31"/>
 </node>
 <node id="9507420489" visible="true" version="1" changeset="117427789" timestamp="2022-02-15T09:47:50Z" user="elpezBartolo" uid="2569751" lat="42.0227298" lon="-0.8447692">
  <tag k="material" v="steel"/>
  <tag k="power" v="tower"/>
  <tag k="ref" v="LATML4 - 13"/>
 </node>
 <node id="9507420490" visible="true" version="1" changeset="117427789" timestamp="2022-02-15T09:47:50Z" user="elpezBartolo" uid="2569751" lat="41.8843610" lon="-0.8053296">
  <tag k="material" v="steel"/>
  <tag k="power" v="tower"/>
  <tag k="ref" v="LATML4 - 67"/>
 </node>
 <node id="9507420491" visible="true" version="1" changeset="117427789" timestamp="2022-02-15T09:47:50Z" user="elpezBartolo" uid="2569751" lat="41.8057562" lon="-0.8285992">
  <tag k="material" v="steel"/>
  <tag k="power" v="tower"/>
  <tag k="ref" v="LATML4 - 97"/>
 </node>
 <node id="9507420492" visible="true" version="1" changeset="117427789" timestamp="2022-02-15T09:47:50Z" user="elpezBartolo" uid="2569751" lat="41.9671763" lon="-0.8216394">
  <tag k="material" v="steel"/>
  <tag k="power" v="tower"/>
  <tag k="ref" v="LATML4 - 34"/>
 </node>
 <node id="9507420493" visible="true" version="1" changeset="117427789" timestamp="2022-02-15T09:47:50Z" user="elpezBartolo" uid="2569751" lat="41.8325564" lon="-0.8189746">
  <tag k="material" v="steel"/>
  <tag k="power" v="tower"/>
  <tag k="ref" v="LATML4 - 87"/>
 </node>
 <node id="9507420494" visible="true" version="1" changeset="117427789" timestamp="2022-02-15T09:47:50Z" user="elpezBartolo" uid="2569751" lat="41.9939467" lon="-0.8280545">
  <tag k="material" v="steel"/>
  <tag k="power" v="tower"/>
  <tag k="ref" v="LATML4 - 24"/>
 </node>
 <node id="9507420495" visible="true" version="1" changeset="117427789" timestamp="2022-02-15T09:47:50Z" user="elpezBartolo" uid="2569751" lat="41.9195677" lon="-0.8148673">
  <tag k="material" v="steel"/>
  <tag k="power" v="tower"/>
  <tag k="ref" v="LATML4 - 54"/>
 </node>
 <node id="9507420496" visible="true" version="1" changeset="117427789" timestamp="2022-02-15T09:47:50Z" user="elpezBartolo" uid="2569751" lat="41.7978376" lon="-0.8313460">
  <tag k="material" v="steel"/>
  <tag k="power" v="tower"/>
  <tag k="ref" v="LATML4 - 100"/>
 </node>
 <node id="10280126085" visible="true" version="1" changeset="130372989" timestamp="2022-12-22T12:11:46Z" user="armin762" uid="17955075" lat="41.8283886" lon="-0.8047788"/>
 <node id="10280126086" visible="true" version="1" changeset="130372989" timestamp="2022-12-22T12:11:46Z" user="armin762" uid="17955075" lat="41.8278675" lon="-0.8051688"/>
 <node id="10280126087" visible="true" version="1" changeset="130372989" timestamp="2022-12-22T12:11:46Z" user="armin762" uid="17955075" lat="41.8272662" lon="-0.8035414"/>
 <node id="10280126088" visible="true" version="1" changeset="130372989" timestamp="2022-12-22T12:11:46Z" user="armin762" uid="17955075" lat="41.8278775" lon="-0.8031649"/>
 <node id="10280126089" visible="true" version="1" changeset="130372989" timestamp="2022-12-22T12:11:46Z" user="armin762" uid="17955075" lat="41.8283636" lon="-0.8040861"/>
 <node id="10573009348" visible="true" version="2" changeset="139819091" timestamp="2023-08-13T11:12:38Z" user="armin762" uid="17955075" lat="41.8722638" lon="-0.7971806">
  <tag k="location:transition" v="yes"/>
  <tag k="power" v="tower"/>
 </node>
 <node id="10573009350" visible="true" version="1" changeset="131547806" timestamp="2023-01-21T16:59:37Z" user="armin762" uid="17955075" lat="41.8715618" lon="-0.7974234">
  <tag k="power" v="tower"/>
 </node>
 <node id="10573009351" visible="true" version="1" changeset="131547806" timestamp="2023-01-21T16:59:37Z" user="armin762" uid="17955075" lat="41.8705695" lon="-0.7968705">
  <tag k="power" v="tower"/>
 </node>
 <node id="10573009358" visible="true" version="3" changeset="133054135" timestamp="2023-02-26T18:16:22Z" user="armin762" uid="17955075" lat="41.8569643" lon="-0.7978672">
  <tag k="power" v="tower"/>
 </node>
 <node id="10573009359" visible="true" version="3" changeset="133054135" timestamp="2023-02-26T18:16:22Z" user="armin762" uid="17955075" lat="41.8558190" lon="-0.7979480">
  <tag k="power" v="tower"/>
 </node>
 <node id="10573009360" visible="true" version="3" changeset="133054135" timestamp="2023-02-26T18:16:22Z" user="armin762" uid="17955075" lat="41.8546915" lon="-0.7980525">
  <tag k="power" v="tower"/>
 </node>
 <node id="10573009361" visible="true" version="3" changeset="133054135" timestamp="2023-02-26T18:16:22Z" user="armin762" uid="17955075" lat="41.8530831" lon="-0.7981699">
  <tag k="power" v="tower"/>
 </node>
 <node id="10573009362" visible="true" version="3" changeset="133054135" timestamp="2023-02-26T18:16:22Z" user="armin762" uid="17955075" lat="41.8513748" lon="-0.7983107">
  <tag k="power" v="tower"/>
 </node>
 <node id="10573009363" visible="true" version="3" changeset="133054135" timestamp="2023-02-26T18:16:22Z" user="armin762" uid="17955075" lat="41.8500711" lon="-0.7984146">
  <tag k="power" v="tower"/>
 </node>
 <node id="10573009364" visible="true" version="3" changeset="133054135" timestamp="2023-02-26T18:16:22Z" user="armin762" uid="17955075" lat="41.8487823" lon="-0.7985219">
  <tag k="power" v="tower"/>
 </node>
 <node id="10573009365" visible="true" version="3" changeset="133054135" timestamp="2023-02-26T18:16:22Z" user="armin762" uid="17955075" lat="41.8477109" lon="-0.7985957">
  <tag k="power" v="tower"/>
 </node>
 <node id="10573009366" visible="true" version="3" changeset="133054135" timestamp="2023-02-26T18:16:22Z" user="armin762" uid="17955075" lat="41.8449567" lon="-0.7988322">
  <tag k="power" v="tower"/>
 </node>
 <node id="10573009367" visible="true" version="3" changeset="133054135" timestamp="2023-02-26T18:16:22Z" user="armin762" uid="17955075" lat="41.8394118" lon="-0.8003254">
  <tag k="power" v="tower"/>
 </node>
 <node id="10573009368" visible="true" version="3" changeset="133054135" timestamp="2023-02-26T18:16:22Z" user="armin762" uid="17955075" lat="41.8385179" lon="-0.8005673">
  <tag k="power" v="tower"/>
 </node>
 <node id="10573009369" visible="true" version="3" changeset="133054135" timestamp="2023-02-26T18:16:22Z" user="armin762" uid="17955075" lat="41.8377730" lon="-0.8007576">
  <tag k="power" v="tower"/>
 </node>
 <node id="10573009370" visible="true" version="3" changeset="133054135" timestamp="2023-02-26T18:16:22Z" user="armin762" uid="17955075" lat="41.8362567" lon="-0.8011446">
  <tag k="power" v="tower"/>
 </node>
 <node id="10573009371" visible="true" version="3" changeset="133054135" timestamp="2023-02-26T18:16:22Z" user="armin762" uid="17955075" lat="41.8346971" lon="-0.8015703">
  <tag k="power" v="tower"/>
 </node>
 <node id="10573009372" visible="true" version="3" changeset="133054135" timestamp="2023-02-26T18:16:22Z" user="armin762" uid="17955075" lat="41.8336518" lon="-0.8018412">
  <tag k="power" v="tower"/>
 </node>
 <node id="10573009373" visible="true" version="3" changeset="133054135" timestamp="2023-02-26T18:16:22Z" user="armin762" uid="17955075" lat="41.8327651" lon="-0.8020896">
  <tag k="power" v="tower"/>
 </node>
 <node id="10573009374" visible="true" version="3" changeset="133054135" timestamp="2023-02-26T18:16:22Z" user="armin762" uid="17955075" lat="41.8317077" lon="-0.8023573">
  <tag k="power" v="tower"/>
 </node>
 <node id="10573009375" visible="true" version="3" changeset="133054135" timestamp="2023-02-26T18:16:22Z" user="armin762" uid="17955075" lat="41.8298908" lon="-0.8028508">
  <tag k="power" v="tower"/>
 </node>
 <node id="10573009376" visible="true" version="4" changeset="133054135" timestamp="2023-02-26T18:16:22Z" user="armin762" uid="17955075" lat="41.8291482" lon="-0.8029540">
  <tag k="power" v="tower"/>
 </node>
 <node id="10573009377" visible="true" version="3" changeset="133054135" timestamp="2023-02-26T18:16:22Z" user="armin762" uid="17955075" lat="41.8111316" lon="-0.8102313">
  <tag k="power" v="tower"/>
 </node>
 <node id="10573009378" visible="true" version="3" changeset="133054135" timestamp="2023-02-26T18:16:22Z" user="armin762" uid="17955075" lat="41.8282164" lon="-0.8032978">
  <tag k="power" v="tower"/>
 </node>
 <node id="10573009379" visible="true" version="3" changeset="133054135" timestamp="2023-02-26T18:16:22Z" user="armin762" uid="17955075" lat="41.8268395" lon="-0.8036717">
  <tag k="power" v="tower"/>
 </node>
 <node id="10573009380" visible="true" version="3" changeset="133054135" timestamp="2023-02-26T18:16:22Z" user="armin762" uid="17955075" lat="41.8254193" lon="-0.8040683">
  <tag k="power" v="tower"/>
 </node>
 <node id="10573009381" visible="true" version="3" changeset="133054135" timestamp="2023-02-26T18:16:22Z" user="armin762" uid="17955075" lat="41.8240431" lon="-0.8044166">
  <tag k="power" v="tower"/>
 </node>
 <node id="10573009382" visible="true" version="3" changeset="133054135" timestamp="2023-02-26T18:16:22Z" user="armin762" uid="17955075" lat="41.8226916" lon="-0.8047743">
  <tag k="power" v="tower"/>
 </node>
 <node id="10573009383" visible="true" version="3" changeset="133054135" timestamp="2023-02-26T18:16:22Z" user="armin762" uid="17955075" lat="41.8215280" lon="-0.8050930">
  <tag k="power" v="tower"/>
 </node>
 <node id="10573009384" visible="true" version="3" changeset="133054135" timestamp="2023-02-26T18:16:22Z" user="armin762" uid="17955075" lat="41.8201749" lon="-0.8054453">
  <tag k="power" v="tower"/>
 </node>
 <node id="10573009385" visible="true" version="3" changeset="133054135" timestamp="2023-02-26T18:16:22Z" user="armin762" uid="17955075" lat="41.8192184" lon="-0.8059113">
  <tag k="power" v="tower"/>
 </node>
 <node id="10573009386" visible="true" version="3" changeset="133054135" timestamp="2023-02-26T18:16:22Z" user="armin762" uid="17955075" lat="41.8177635" lon="-0.8065758">
  <tag k="power" v="tower"/>
 </node>
 <node id="10573009387" visible="true" version="3" changeset="133054135" timestamp="2023-02-26T18:16:22Z" user="armin762" uid="17955075" lat="41.8159737" lon="-0.8074206">
  <tag k="power" v="tower"/>
 </node>
 <node id="10573009389" visible="true" version="3" changeset="133054135" timestamp="2023-02-26T18:16:22Z" user="armin762" uid="17955075" lat="41.8141854" lon="-0.8082577">
  <tag k="power" v="tower"/>
 </node>
 <node id="10573009390" visible="true" version="3" changeset="133054135" timestamp="2023-02-26T18:16:22Z" user="armin762" uid="17955075" lat="41.8126886" lon="-0.8089413">
  <tag k="power" v="tower"/>
 </node>
 <node id="10573009391" visible="true" version="3" changeset="133054135" timestamp="2023-02-26T18:16:22Z" user="armin762" uid="17955075" lat="41.8119143" lon="-0.8093384">
  <tag k="power" v="tower"/>
 </node>
 <node id="10573009392" visible="true" version="3" changeset="133054135" timestamp="2023-02-26T18:16:22Z" user="armin762" uid="17955075" lat="41.8405886" lon="-0.8000085">
  <tag k="power" v="tower"/>
 </node>
 <node id="10573009393" visible="true" version="3" changeset="133054135" timestamp="2023-02-26T18:16:22Z" user="armin762" uid="17955075" lat="41.8419581" lon="-0.7996397">
  <tag k="power" v="tower"/>
 </node>
 <node id="10573009394" visible="true" version="3" changeset="133054135" timestamp="2023-02-26T18:16:22Z" user="armin762" uid="17955075" lat="41.8432243" lon="-0.7992987">
  <tag k="power" v="tower"/>
 </node>
 <node id="10573009395" visible="true" version="3" changeset="133054135" timestamp="2023-02-26T18:16:22Z" user="armin762" uid="17955075" lat="41.8462933" lon="-0.7987174">
  <tag k="power" v="tower"/>
 </node>
 <node id="10574577408" visible="true" version="1" changeset="131572004" timestamp="2023-01-22T16:08:56Z" user="armin762" uid="17955075" lat="41.8692930" lon="-0.7959289">
  <tag k="power" v="tower"/>
 </node>
 <node id="10574577409" visible="true" version="1" changeset="131572004" timestamp="2023-01-22T16:08:56Z" user="armin762" uid="17955075" lat="41.8673059" lon="-0.7961107">
  <tag k="power" v="tower"/>
 </node>
 <node id="10574577410" visible="true" version="1" changeset="131572004" timestamp="2023-01-22T16:08:56Z" user="armin762" uid="17955075" lat="41.8657125" lon="-0.7964987">
  <tag k="power" v="tower"/>
 </node>
 <node id="10574577411" visible="true" version="1" changeset="131572004" timestamp="2023-01-22T16:08:56Z" user="armin762" uid="17955075" lat="41.8648479" lon="-0.7966397">
  <tag k="power" v="tower"/>
 </node>
 <node id="10574577412" visible="true" version="1" changeset="131572004" timestamp="2023-01-22T16:08:56Z" user="armin762" uid="17955075" lat="41.8625529" lon="-0.7970559">
  <tag k="power" v="tower"/>
 </node>
 <node id="10574577413" visible="true" version="1" changeset="131572004" timestamp="2023-01-22T16:08:56Z" user="armin762" uid="17955075" lat="41.8602025" lon="-0.7974117">
  <tag k="power" v="tower"/>
 </node>
 <node id="10574577414" visible="true" version="3" changeset="133544776" timestamp="2023-03-11T09:05:14Z" user="armin762" uid="17955075" lat="41.8588280" lon="-0.7983204">
  <tag k="power" v="tower"/>
 </node>
 <node id="10574859209" visible="true" version="1" changeset="131575835" timestamp="2023-01-22T17:48:47Z" user="armin762" uid="17955075" lat="41.8542995" lon="-0.7955726"/>
 <node id="10588922092" visible="true" version="1" changeset="131807489" timestamp="2023-01-28T13:27:56Z" user="armin762" uid="17955075" lat="41.8167677" lon="-0.7766737">
  <tag k="power" v="tower"/>
 </node>
 <node id="10588922093" visible="true" version="1" changeset="131807489" timestamp="2023-01-28T13:27:56Z" user="armin762" uid="17955075" lat="41.8171221" lon="-0.7784056">
  <tag k="power" v="tower"/>
 </node>
 <node id="10588922094" visible="true" version="1" changeset="131807489" timestamp="2023-01-28T13:27:56Z" user="armin762" uid="17955075" lat="41.8176359" lon="-0.7808221">
  <tag k="power" v="tower"/>
 </node>
 <node id="10588922095" visible="true" version="1" changeset="131807489" timestamp="2023-01-28T13:27:56Z" user="armin762" uid="17955075" lat="41.8181300" lon="-0.7831582">
  <tag k="power" v="tower"/>
 </node>
 <node id="10588922096" visible="true" version="1" changeset="131807489" timestamp="2023-01-28T13:27:56Z" user="armin762" uid="17955075" lat="41.8186183" lon="-0.7855097">
  <tag k="power" v="tower"/>
 </node>
 <node id="10588922097" visible="true" version="1" changeset="131807489" timestamp="2023-01-28T13:27:56Z" user="armin762" uid="17955075" lat="41.8191713" lon="-0.7881137">
  <tag k="power" v="tower"/>
 </node>
 <node id="10588922098" visible="true" version="1" changeset="131807489" timestamp="2023-01-28T13:27:56Z" user="armin762" uid="17955075" lat="41.8197358" lon="-0.7907859">
  <tag k="power" v="tower"/>
 </node>
 <node id="10588922099" visible="true" version="1" changeset="131807489" timestamp="2023-01-28T13:27:56Z" user="armin762" uid="17955075" lat="41.8201826" lon="-0.7928927">
  <tag k="power" v="tower"/>
 </node>
 <node id="10588922100" visible="true" version="1" changeset="131807489" timestamp="2023-01-28T13:27:56Z" user="armin762" uid="17955075" lat="41.8204574" lon="-0.7941970">
  <tag k="power" v="tower"/>
 </node>
 <node id="10588922101" visible="true" version="1" changeset="131807489" timestamp="2023-01-28T13:27:56Z" user="armin762" uid="17955075" lat="41.8210427" lon="-0.7969900">
  <tag k="power" v="tower"/>
 </node>
 <node id="10588922102" visible="true" version="1" changeset="131807489" timestamp="2023-01-28T13:27:56Z" user="armin762" uid="17955075" lat="41.8216164" lon="-0.7997536">
  <tag k="power" v="tower"/>
 </node>
 <node id="10588922103" visible="true" version="1" changeset="131807489" timestamp="2023-01-28T13:27:56Z" user="armin762" uid="17955075" lat="41.8220286" lon="-0.8016714">
  <tag k="power" v="tower"/>
 </node>
 <node id="10588922104" visible="true" version="4" changeset="133414995" timestamp="2023-03-07T18:51:53Z" user="armin762" uid="17955075" lat="41.8221513" lon="-0.8066809">
  <tag k="power" v="pole"/>
 </node>
 <node id="10588922105" visible="true" version="4" changeset="133414995" timestamp="2023-03-07T18:51:53Z" user="armin762" uid="17955075" lat="41.8222825" lon="-0.8070055">
  <tag k="power" v="pole"/>
 </node>
 <node id="10588922106" visible="true" version="4" changeset="133414995" timestamp="2023-03-07T18:51:53Z" user="armin762" uid="17955075" lat="41.8229761" lon="-0.8080301">
  <tag k="power" v="pole"/>
 </node>
 <node id="10588922107" visible="true" version="4" changeset="133414995" timestamp="2023-03-07T18:51:53Z" user="armin762" uid="17955075" lat="41.8241738" lon="-0.8073105">
  <tag k="power" v="pole"/>
 </node>
 <node id="10588922108" visible="true" version="4" changeset="133414995" timestamp="2023-03-07T18:51:53Z" user="armin762" uid="17955075" lat="41.8252428" lon="-0.8066740">
  <tag k="power" v="pole"/>
 </node>
 <node id="10588922109" visible="true" version="4" changeset="133414995" timestamp="2023-03-07T18:51:53Z" user="armin762" uid="17955075" lat="41.8259239" lon="-0.8063036">
  <tag k="power" v="pole"/>
 </node>
 <node id="10588922110" visible="true" version="4" changeset="133414995" timestamp="2023-03-07T18:51:53Z" user="armin762" uid="17955075" lat="41.8265718" lon="-0.8059141">
  <tag k="power" v="pole"/>
 </node>
 <node id="10588922111" visible="true" version="4" changeset="133414995" timestamp="2023-03-07T18:51:53Z" user="armin762" uid="17955075" lat="41.8279049" lon="-0.8052996">
  <tag k="power" v="pole"/>
 </node>
 <node id="10588922112" visible="true" version="3" changeset="133414995" timestamp="2023-03-07T18:51:53Z" user="armin762" uid="17955075" lat="41.8284144" lon="-0.8049075">
  <tag k="location:transition" v="yes"/>
  <tag k="power" v="pole"/>
 </node>
 <node id="10588922141" visible="true" version="3" changeset="132709275" timestamp="2023-02-18T10:23:50Z" user="armin762" uid="17955075" lat="41.8264737" lon="-0.8056919">
  <tag k="location:transition" v="yes"/>
  <tag k="power" v="pole"/>
 </node>
 <node id="10588922142" visible="true" version="2" changeset="132410832" timestamp="2023-02-11T15:57:39Z" user="armin762" uid="17955075" lat="41.8265200" lon="-0.8058070">
  <tag k="power" v="pole"/>
 </node>
 <node id="10588922143" visible="true" version="2" changeset="132410832" timestamp="2023-02-11T15:57:39Z" user="armin762" uid="17955075" lat="41.8266249" lon="-0.8061432">
  <tag k="power" v="pole"/>
 </node>
 <node id="10588922144" visible="true" version="2" changeset="132410832" timestamp="2023-02-11T15:57:39Z" user="armin762" uid="17955075" lat="41.8270836" lon="-0.8074933">
  <tag k="power" v="pole"/>
 </node>
 <node id="10588922145" visible="true" version="2" changeset="132410832" timestamp="2023-02-11T15:57:39Z" user="armin762" uid="17955075" lat="41.8276717" lon="-0.8091430">
  <tag k="power" v="pole"/>
 </node>
 <node id="10588922146" visible="true" version="2" changeset="132410832" timestamp="2023-02-11T15:57:39Z" user="armin762" uid="17955075" lat="41.8282231" lon="-0.8108000">
  <tag k="location:transition" v="yes"/>
  <tag k="power" v="pole"/>
 </node>
 <node id="10588922147" visible="true" version="4" changeset="133414995" timestamp="2023-03-07T18:51:53Z" user="armin762" uid="17955075" lat="41.8268117" lon="-0.8058035">
  <tag k="power" v="pole"/>
 </node>
 <node id="10588922148" visible="true" version="3" changeset="132709275" timestamp="2023-02-18T10:23:50Z" user="armin762" uid="17955075" lat="41.8258430" lon="-0.8060668">
  <tag k="location:transition" v="yes"/>
  <tag k="power" v="pole"/>
 </node>
 <node id="10588922149" visible="true" version="2" changeset="132548708" timestamp="2023-02-14T18:03:13Z" user="armin762" uid="17955075" lat="41.8258853" lon="-0.8061844">
  <tag k="power" v="pole"/>
 </node>
 <node id="10658370579" visible="true" version="2" changeset="133054135" timestamp="2023-02-26T18:16:22Z" user="armin762" uid="17955075" lat="41.7793469" lon="-0.8254612">
  <tag k="location:transition" v="yes"/>
  <tag k="power" v="tower"/>
 </node>
 <node id="10658370580" visible="true" version="2" changeset="133054135" timestamp="2023-02-26T18:16:22Z" user="armin762" uid="17955075" lat="41.7810780" lon="-0.8246487">
  <tag k="power" v="tower"/>
 </node>
 <node id="10658370581" visible="true" version="2" changeset="133054135" timestamp="2023-02-26T18:16:22Z" user="armin762" uid="17955075" lat="41.7831718" lon="-0.8245067">
  <tag k="power" v="tower"/>
 </node>
 <node id="10658370582" visible="true" version="2" changeset="133054135" timestamp="2023-02-26T18:16:22Z" user="armin762" uid="17955075" lat="41.7855255" lon="-0.8240892">
  <tag k="power" v="tower"/>
 </node>
 <node id="10658370583" visible="true" version="2" changeset="133054135" timestamp="2023-02-26T18:16:22Z" user="armin762" uid="17955075" lat="41.7881624" lon="-0.8207615">
  <tag k="power" v="tower"/>
 </node>
 <node id="10658370584" visible="true" version="2" changeset="133054135" timestamp="2023-02-26T18:16:22Z" user="armin762" uid="17955075" lat="41.7893547" lon="-0.8201101">
  <tag k="power" v="tower"/>
 </node>
 <node id="10658370585" visible="true" version="2" changeset="133054135" timestamp="2023-02-26T18:16:22Z" user="armin762" uid="17955075" lat="41.7908957" lon="-0.8192542">
  <tag k="power" v="tower"/>
 </node>
 <node id="10658370586" visible="true" version="2" changeset="133054135" timestamp="2023-02-26T18:16:22Z" user="armin762" uid="17955075" lat="41.7931681" lon="-0.8180183">
  <tag k="power" v="tower"/>
 </node>
 <node id="10658370587" visible="true" version="2" changeset="133054135" timestamp="2023-02-26T18:16:22Z" user="armin762" uid="17955075" lat="41.7946879" lon="-0.8172914">
  <tag k="power" v="tower"/>
 </node>
 <node id="10658370588" visible="true" version="2" changeset="133054135" timestamp="2023-02-26T18:16:22Z" user="armin762" uid="17955075" lat="41.7966569" lon="-0.8180740">
  <tag k="power" v="tower"/>
 </node>
 <node id="10658370589" visible="true" version="2" changeset="133054135" timestamp="2023-02-26T18:16:22Z" user="armin762" uid="17955075" lat="41.7979817" lon="-0.8191092">
  <tag k="power" v="tower"/>
 </node>
 <node id="10658370590" visible="true" version="2" changeset="133054135" timestamp="2023-02-26T18:16:22Z" user="armin762" uid="17955075" lat="41.7993822" lon="-0.8202162">
  <tag k="power" v="tower"/>
 </node>
 <node id="10658370591" visible="true" version="2" changeset="133054135" timestamp="2023-02-26T18:16:22Z" user="armin762" uid="17955075" lat="41.8007178" lon="-0.8194128">
  <tag k="power" v="tower"/>
 </node>
 <node id="10658370592" visible="true" version="2" changeset="133054135" timestamp="2023-02-26T18:16:22Z" user="armin762" uid="17955075" lat="41.8019916" lon="-0.8186446">
  <tag k="power" v="tower"/>
 </node>
 <node id="10658370593" visible="true" version="2" changeset="133054135" timestamp="2023-02-26T18:16:22Z" user="armin762" uid="17955075" lat="41.8033262" lon="-0.8178661">
  <tag k="power" v="tower"/>
 </node>
 <node id="10658370594" visible="true" version="2" changeset="133054135" timestamp="2023-02-26T18:16:22Z" user="armin762" uid="17955075" lat="41.8047268" lon="-0.8170020">
  <tag k="power" v="tower"/>
 </node>
 <node id="10658370595" visible="true" version="2" changeset="133054135" timestamp="2023-02-26T18:16:22Z" user="armin762" uid="17955075" lat="41.8060514" lon="-0.8161787">
  <tag k="power" v="tower"/>
 </node>
 <node id="10658370596" visible="true" version="2" changeset="133054135" timestamp="2023-02-26T18:16:22Z" user="armin762" uid="17955075" lat="41.8068322" lon="-0.8152454">
  <tag k="power" v="tower"/>
 </node>
 <node id="10658370597" visible="true" version="2" changeset="133054135" timestamp="2023-02-26T18:16:22Z" user="armin762" uid="17955075" lat="41.8077831" lon="-0.8141490">
  <tag k="power" v="tower"/>
 </node>
 <node id="10658370599" visible="true" version="2" changeset="133054135" timestamp="2023-02-26T18:16:22Z" user="armin762" uid="17955075" lat="41.8089254" lon="-0.8128285">
  <tag k="power" v="tower"/>
 </node>
 <node id="10658370600" visible="true" version="2" changeset="133054135" timestamp="2023-02-26T18:16:22Z" user="armin762" uid="17955075" lat="41.8102043" lon="-0.8113490">
  <tag k="power" v="tower"/>
 </node>
 <node id="10695356178" visible="true" version="2" changeset="133414995" timestamp="2023-03-07T18:51:53Z" user="armin762" uid="17955075" lat="41.7949869" lon="-0.8078615">
  <tag k="location:transition" v="yes"/>
  <tag k="power" v="pole"/>
 </node>
 <node id="10695356179" visible="true" version="2" changeset="133414995" timestamp="2023-03-07T18:51:53Z" user="armin762" uid="17955075" lat="41.7951051" lon="-0.8086936">
  <tag k="power" v="pole"/>
 </node>
 <node id="10695356180" visible="true" version="2" changeset="133414995" timestamp="2023-03-07T18:51:53Z" user="armin762" uid="17955075" lat="41.7952131" lon="-0.8095545">
  <tag k="power" v="pole"/>
 </node>
 <node id="10695356181" visible="true" version="2" changeset="133414995" timestamp="2023-03-07T18:51:53Z" user="armin762" uid="17955075" lat="41.7953424" lon="-0.8103442">
  <tag k="power" v="pole"/>
 </node>
 <node id="10695356182" visible="true" version="2" changeset="133414995" timestamp="2023-03-07T18:51:53Z" user="armin762" uid="17955075" lat="41.7950674" lon="-0.8109332">
  <tag k="power" v="pole"/>
 </node>
 <node id="10695356183" visible="true" version="2" changeset="133414995" timestamp="2023-03-07T18:51:53Z" user="armin762" uid="17955075" lat="41.7946293" lon="-0.8110780">
  <tag k="power" v="pole"/>
 </node>
 <node id="10695356184" visible="true" version="2" changeset="133414995" timestamp="2023-03-07T18:51:53Z" user="armin762" uid="17955075" lat="41.7947047" lon="-0.8116000">
  <tag k="power" v="pole"/>
 </node>
 <node id="10695356185" visible="true" version="2" changeset="133414995" timestamp="2023-03-07T18:51:53Z" user="armin762" uid="17955075" lat="41.7948158" lon="-0.8123761">
  <tag k="power" v="pole"/>
 </node>
 <node id="10695356186" visible="true" version="2" changeset="133414995" timestamp="2023-03-07T18:51:53Z" user="armin762" uid="17955075" lat="41.7949492" lon="-0.8132575">
  <tag k="power" v="pole"/>
 </node>
 <node id="10695356187" visible="true" version="2" changeset="133414995" timestamp="2023-03-07T18:51:53Z" user="armin762" uid="17955075" lat="41.7950867" lon="-0.8142987">
  <tag k="power" v="pole"/>
 </node>
 <node id="10695356188" visible="true" version="2" changeset="133414995" timestamp="2023-03-07T18:51:53Z" user="armin762" uid="17955075" lat="41.7952406" lon="-0.8153782">
  <tag k="power" v="pole"/>
 </node>
 <node id="10695356189" visible="true" version="2" changeset="133414995" timestamp="2023-03-07T18:51:53Z" user="armin762" uid="17955075" lat="41.7957224" lon="-0.8159835">
  <tag k="power" v="pole"/>
 </node>
 <node id="10695356190" visible="true" version="2" changeset="133414995" timestamp="2023-03-07T18:51:53Z" user="armin762" uid="17955075" lat="41.7962104" lon="-0.8166366">
  <tag k="power" v="pole"/>
 </node>
 <node id="10695356191" visible="true" version="2" changeset="133414995" timestamp="2023-03-07T18:51:53Z" user="armin762" uid="17955075" lat="41.7967941" lon="-0.8173882">
  <tag k="power" v="pole"/>
 </node>
 <node id="10695356192" visible="true" version="2" changeset="133414995" timestamp="2023-03-07T18:51:53Z" user="armin762" uid="17955075" lat="41.7970162" lon="-0.8176642">
  <tag k="power" v="pole"/>
 </node>
 <node id="10695356193" visible="true" version="2" changeset="133414995" timestamp="2023-03-07T18:51:53Z" user="armin762" uid="17955075" lat="41.7982223" lon="-0.8187765">
  <tag k="power" v="pole"/>
 </node>
 <node id="10695356194" visible="true" version="2" changeset="133414995" timestamp="2023-03-07T18:51:53Z" user="armin762" uid="17955075" lat="41.7995638" lon="-0.8200117">
  <tag k="power" v="pole"/>
 </node>
 <node id="10695356195" visible="true" version="2" changeset="133414995" timestamp="2023-03-07T18:51:53Z" user="armin762" uid="17955075" lat="41.8006818" lon="-0.8193495">
  <tag k="power" v="pole"/>
 </node>
 <node id="10695356196" visible="true" version="2" changeset="133414995" timestamp="2023-03-07T18:51:53Z" user="armin762" uid="17955075" lat="41.8019571" lon="-0.8185808">
  <tag k="power" v="pole"/>
 </node>
 <node id="10695356197" visible="true" version="2" changeset="133414995" timestamp="2023-03-07T18:51:53Z" user="armin762" uid="17955075" lat="41.8032921" lon="-0.8177641">
  <tag k="power" v="pole"/>
 </node>
 <node id="10695356198" visible="true" version="2" changeset="133414995" timestamp="2023-03-07T18:51:53Z" user="armin762" uid="17955075" lat="41.8046987" lon="-0.8169261">
  <tag k="power" v="pole"/>
 </node>
 <node id="10695356199" visible="true" version="2" changeset="133414995" timestamp="2023-03-07T18:51:53Z" user="armin762" uid="17955075" lat="41.8059918" lon="-0.8161334">
  <tag k="power" v="pole"/>
 </node>
 <node id="10695356200" visible="true" version="2" changeset="133414995" timestamp="2023-03-07T18:51:53Z" user="armin762" uid="17955075" lat="41.8073685" lon="-0.8153301">
  <tag k="power" v="pole"/>
 </node>
 <node id="10695356201" visible="true" version="2" changeset="133414995" timestamp="2023-03-07T18:51:53Z" user="armin762" uid="17955075" lat="41.8092067" lon="-0.8142732">
  <tag k="power" v="pole"/>
 </node>
 <node id="10695356202" visible="true" version="2" changeset="133414995" timestamp="2023-03-07T18:51:53Z" user="armin762" uid="17955075" lat="41.8108140" lon="-0.8133017">
  <tag k="power" v="pole"/>
 </node>
 <node id="10695356203" visible="true" version="2" changeset="133414995" timestamp="2023-03-07T18:51:53Z" user="armin762" uid="17955075" lat="41.8128078" lon="-0.8121679">
  <tag k="power" v="pole"/>
 </node>
 <node id="10695356204" visible="true" version="2" changeset="133414995" timestamp="2023-03-07T18:51:53Z" user="armin762" uid="17955075" lat="41.8150690" lon="-0.8108308">
  <tag k="power" v="pole"/>
 </node>
 <node id="10695383105" visible="true" version="2" changeset="133414995" timestamp="2023-03-07T18:51:53Z" user="armin762" uid="17955075" lat="41.8190852" lon="-0.8085151">
  <tag k="power" v="pole"/>
 </node>
 <node id="10695383106" visible="true" version="2" changeset="133414995" timestamp="2023-03-07T18:51:53Z" user="armin762" uid="17955075" lat="41.8208760" lon="-0.8074766">
  <tag k="power" v="pole"/>
 </node>
 <node id="10695383109" visible="true" version="1" changeset="133054135" timestamp="2023-02-26T18:16:22Z" user="armin762" uid="17955075" lat="41.8576823" lon="-0.7977858">
  <tag k="power" v="tower"/>
 </node>
 <node id="10790520673" visible="true" version="1" changeset="134584976" timestamp="2023-04-06T16:27:17Z" user="armin762" uid="17955075" lat="41.8271332" lon="-0.8055595"/>
 <node id="10790520674" visible="true" version="1" changeset="134584976" timestamp="2023-04-06T16:27:17Z" user="armin762" uid="17955075" lat="41.8258600" lon="-0.8062445"/>
 <node id="10790520675" visible="true" version="1" changeset="134584976" timestamp="2023-04-06T16:27:17Z" user="armin762" uid="17955075" lat="41.8254087" lon="-0.8047339"/>
 <node id="10790520676" visible="true" version="1" changeset="134584976" timestamp="2023-04-06T16:27:17Z" user="armin762" uid="17955075" lat="41.8266818" lon="-0.8040488"/>
 <node id="11389448408" visible="true" version="1" changeset="144683693" timestamp="2023-12-02T08:04:48Z" user="GumerGP" uid="5118065" lat="41.9575205" lon="-0.8816149"/>
 <node id="12551482507" visible="true" version="1" changeset="162053397" timestamp="2025-02-02T16:21:36Z" user="armin762" uid="17955075" lat="41.7984068" lon="-0.8108540"/>
 <node id="13309599933" visible="true" version="1" changeset="174749719" timestamp="2025-11-16T23:29:42Z" user="MarinoBM" uid="11454828" lat="41.7839156" lon="-0.8311470"/>
 <node id="13309599934" visible="true" version="1" changeset="174749719" timestamp="2025-11-16T23:29:42Z" user="MarinoBM" uid="11454828" lat="41.7843348" lon="-0.8309480"/>
 <node id="13309712163" visible="true" version="1" changeset="174749909" timestamp="2025-11-16T23:39:40Z" user="MarinoBM" uid="11454828" lat="41.7660230" lon="-0.8358896"/>
 <node id="14022967708" visible="true" version="1" changeset="185925741" timestamp="2026-07-17T19:52:02Z" user="perlus5" uid="23191460" lat="41.8294224" lon="-0.8007927"/>
 <node id="14152838692" visible="true" version="1" changeset="188556829" timestamp="2026-09-05T06:54:14Z" user="armin762" uid="17955075" lat="41.8541216" lon="-0.7956165"/>
 <way id="42704824" visible="true" version="11" changeset="179911184" timestamp="2026-03-15T17:53:44Z" user="Hugoren Martinako" uid="3392826">
  <nd ref="7545287517"/>
  <nd ref="199460644"/>
  <nd ref="1925664866"/>
  <nd ref="199460654"/>
  <nd ref="365045625"/>
  <nd ref="402323187"/>
  <nd ref="199460660"/>
  <nd ref="1925664872"/>
  <nd ref="1925664874"/>
  <nd ref="355344558"/>
  <nd ref="1925664917"/>
  <nd ref="355345807"/>
  <nd ref="402323884"/>
  <nd ref="199460667"/>
  <nd ref="1925664918"/>
  <nd ref="402323886"/>
  <nd ref="199460675"/>
  <nd ref="252458635"/>
  <nd ref="1925664921"/>
  <nd ref="402323889"/>
  <nd ref="402323890"/>
  <nd ref="199460680"/>
  <nd ref="1925664923"/>
  <nd ref="402323892"/>
  <nd ref="199460688"/>
  <nd ref="402323894"/>
  <nd ref="1925664925"/>
  <nd ref="199460693"/>
  <nd ref="1925664927"/>
  <nd ref="402323896"/>
  <nd ref="1925664930"/>
  <nd ref="252458685"/>
  <nd ref="1891372971"/>
  <nd ref="1925664950"/>
  <nd ref="402323897"/>
  <nd ref="1925664953"/>
  <nd ref="199460701"/>
  <nd ref="1925664955"/>
  <nd ref="402323899"/>
  <nd ref="1925664958"/>
  <nd ref="252458687"/>
  <nd ref="402323903"/>
  <nd ref="1925664959"/>
  <nd ref="199460710"/>
  <nd ref="402323901"/>
  <nd ref="1925664961"/>
  <nd ref="199460719"/>
  <nd ref="1891374074"/>
  <nd ref="402323905"/>
  <nd ref="402323907"/>
  <nd ref="1925664962"/>
  <nd ref="252458891"/>
  <nd ref="1925664964"/>
  <nd ref="199460726"/>
  <nd ref="1925664966"/>
  <nd ref="1925664967"/>
  <nd ref="252458907"/>
  <nd ref="1925664969"/>
  <nd ref="199460732"/>
  <nd ref="402324207"/>
  <nd ref="402324209"/>
  <nd ref="199460740"/>
  <nd ref="402324213"/>
  <nd ref="1925664970"/>
  <nd ref="365046944"/>
  <nd ref="1925664972"/>
  <tag k="hazmat" v="designated"/>
  <tag k="highway" v="motorway"/>
  <tag k="int_ref" v="E 07"/>
  <tag k="lanes" v="2"/>
  <tag k="maxspeed" v="120"/>
  <tag k="name" v="Autovía Mudéjar"/>
  <tag k="oneway" v="yes"/>
  <tag k="ref" v="A-23"/>
  <tag k="source" v="survey"/>
  <tag k="surface" v="asphalt"/>
 </way>
 <way id="45867091" visible="true" version="2" changeset="12229096" timestamp="2012-07-15T14:11:22Z" user="sidvicio" uid="462862">
  <nd ref="583747468"/>
  <nd ref="583747470"/>
  <tag k="bridge" v="yes"/>
  <tag k="highway" v="unclassified"/>
  <tag k="layer" v="1"/>
 </way>
 <way id="45867107" visible="true" version="12" changeset="188556829" timestamp="2026-09-05T06:54:14Z" user="armin762" uid="17955075">
  <nd ref="596124121"/>
  <nd ref="596124273"/>
  <nd ref="596124274"/>
  <nd ref="596124276"/>
  <nd ref="596124277"/>
  <nd ref="596124279"/>
  <nd ref="10574859209"/>
  <nd ref="596124281"/>
  <nd ref="14152838692"/>
  <nd ref="596124282"/>
  <nd ref="596124283"/>
  <nd ref="596124284"/>
  <nd ref="596124285"/>
  <nd ref="596124286"/>
  <nd ref="596124287"/>
  <nd ref="596124288"/>
  <nd ref="596124289"/>
  <nd ref="596124290"/>
  <nd ref="596124291"/>
  <nd ref="5640360766"/>
  <nd ref="2617143159"/>
  <nd ref="596124292"/>
  <nd ref="596124293"/>
  <nd ref="2617142926"/>
  <nd ref="596124294"/>
  <nd ref="596124295"/>
  <nd ref="596124296"/>
  <nd ref="596124297"/>
  <nd ref="596124298"/>
  <nd ref="596124299"/>
  <nd ref="5642372229"/>
  <nd ref="596124300"/>
  <nd ref="2617142383"/>
  <nd ref="2617142328"/>
  <nd ref="596124301"/>
  <nd ref="596124302"/>
  <nd ref="596124303"/>
  <nd ref="7549332306"/>
  <nd ref="7549332307"/>
  <nd ref="7549332309"/>
  <nd ref="7549332308"/>
  <nd ref="7549332310"/>
  <nd ref="7549332311"/>
  <nd ref="7549332312"/>
  <nd ref="7549332313"/>
  <nd ref="7549332314"/>
  <nd ref="7549332315"/>
  <nd ref="1826427128"/>
  <nd ref="1891374645"/>
  <nd ref="14022967708"/>
  <nd ref="1891374643"/>
  <nd ref="596124306"/>
  <nd ref="7549332321"/>
  <nd ref="7549332320"/>
  <nd ref="596124307"/>
  <nd ref="596124308"/>
  <nd ref="596124309"/>
  <nd ref="596124310"/>
  <nd ref="1891374172"/>
  <nd ref="596124311"/>
  <nd ref="1891374138"/>
  <nd ref="596124312"/>
  <nd ref="596124313"/>
  <nd ref="1891374102"/>
  <nd ref="1891374098"/>
  <nd ref="596124314"/>
  <nd ref="1891374093"/>
  <nd ref="596124315"/>
  <nd ref="1891374079"/>
  <nd ref="596124316"/>
  <nd ref="596124317"/>
  <nd ref="596124318"/>
  <nd ref="596124319"/>
  <nd ref="596124320"/>
  <nd ref="596124321"/>
  <nd ref="596124322"/>
  <nd ref="596124323"/>
  <nd ref="596124324"/>
  <nd ref="596124325"/>
  <nd ref="596124326"/>
  <nd ref="596124327"/>
  <nd ref="596124328"/>
  <nd ref="1891373209"/>
  <nd ref="596124329"/>
  <nd ref="596124330"/>
  <nd ref="596124331"/>
  <nd ref="596124332"/>
  <nd ref="596124333"/>
  <nd ref="596124334"/>
  <nd ref="4180177990"/>
  <nd ref="596124335"/>
  <nd ref="596124336"/>
  <nd ref="596124337"/>
  <nd ref="596124338"/>
  <nd ref="596124339"/>
  <nd ref="596124340"/>
  <nd ref="596124341"/>
  <nd ref="3906294122"/>
  <nd ref="596124342"/>
  <nd ref="702670193"/>
  <nd ref="12551482507"/>
  <nd ref="702670196"/>
  <nd ref="3906285358"/>
  <nd ref="583748540"/>
  <nd ref="583748541"/>
  <nd ref="3906285357"/>
  <nd ref="583748544"/>
  <nd ref="583748546"/>
  <nd ref="583748549"/>
  <tag k="access" v="permissive"/>
  <tag k="highway" v="track"/>
  <tag k="incline" v="down"/>
  <tag k="mtb:scale" v="0"/>
  <tag k="mtb:scale:imba" v="0"/>
  <tag k="mtb:scale:uphill" v="0"/>
  <tag k="name" v="Cabañera Real de Huesca"/>
  <tag k="smoothness" v="bad"/>
  <tag k="surface" v="compacted"/>
  <tag k="tracktype" v="grade5"/>
  <tag k="width" v="4"/>
 </way>
 <way id="143207678" visible="true" version="15" changeset="156835818" timestamp="2024-09-19T18:59:17Z" user="kapazao_import" uid="8770019">
  <nd ref="4504714334"/>
  <nd ref="2987701738"/>
  <nd ref="7781833203"/>
  <nd ref="7781833202"/>
  <nd ref="7781833201"/>
  <nd ref="7781833200"/>
  <nd ref="7781833199"/>
  <nd ref="2068624589"/>
  <nd ref="7781833198"/>
  <nd ref="2068624588"/>
  <nd ref="7781833197"/>
  <nd ref="7781833196"/>
  <nd ref="2987695127"/>
  <nd ref="1826429974"/>
  <nd ref="1826429968"/>
  <nd ref="1826429962"/>
  <nd ref="1826429956"/>
  <nd ref="1826429950"/>
  <nd ref="1826429948"/>
  <nd ref="1826429945"/>
  <nd ref="1826429941"/>
  <nd ref="1826429939"/>
  <nd ref="1826429936"/>
  <nd ref="1826429923"/>
  <nd ref="1826429920"/>
  <nd ref="1826429918"/>
  <nd ref="1826429916"/>
  <nd ref="1826429913"/>
  <nd ref="1826429911"/>
  <nd ref="1826429908"/>
  <nd ref="1826429905"/>
  <nd ref="1826429902"/>
  <nd ref="1826429900"/>
  <nd ref="1826429854"/>
  <nd ref="1826429836"/>
  <nd ref="1826429832"/>
  <nd ref="1826429831"/>
  <nd ref="1826429830"/>
  <nd ref="1826429829"/>
  <nd ref="1826429828"/>
  <nd ref="1826429827"/>
  <nd ref="1826429825"/>
  <nd ref="1826429821"/>
  <nd ref="1826429801"/>
  <nd ref="1813227113"/>
  <nd ref="1826429793"/>
  <nd ref="1826429788"/>
  <nd ref="1826429785"/>
  <nd ref="1826429783"/>
  <nd ref="1826429781"/>
  <nd ref="1826429779"/>
  <nd ref="1813227109"/>
  <nd ref="1813227098"/>
  <nd ref="1826429778"/>
  <nd ref="1826429777"/>
  <nd ref="1826429776"/>
  <nd ref="1826429775"/>
  <nd ref="1826429760"/>
  <nd ref="1826429757"/>
  <nd ref="1813227095"/>
  <nd ref="1813227093"/>
  <nd ref="1824446411"/>
  <nd ref="1826429755"/>
  <nd ref="1567004414"/>
  <nd ref="1567004402"/>
  <nd ref="1567004395"/>
  <nd ref="1567004391"/>
  <nd ref="1567004388"/>
  <nd ref="1567004385"/>
  <nd ref="1567004380"/>
  <nd ref="1567004366"/>
  <nd ref="1567004363"/>
  <nd ref="1567004359"/>
  <nd ref="1567004357"/>
  <nd ref="1567004354"/>
  <nd ref="1567004350"/>
  <nd ref="1567004337"/>
  <nd ref="1567004330"/>
  <nd ref="1567004327"/>
  <nd ref="1567004323"/>
  <nd ref="1567004320"/>
  <nd ref="1567004318"/>
  <nd ref="1567004313"/>
  <nd ref="1567004300"/>
  <nd ref="1567004293"/>
  <nd ref="1567004290"/>
  <nd ref="1567004287"/>
  <nd ref="1567004284"/>
  <nd ref="1567004278"/>
  <nd ref="1567004271"/>
  <nd ref="1567004262"/>
  <nd ref="1567004259"/>
  <nd ref="1567004257"/>
  <nd ref="1567004254"/>
  <nd ref="1567004252"/>
  <tag k="cables" v="6"/>
  <tag k="circuits" v="2"/>
  <tag k="name" v="LAAT &quot;SET Villanueva - SET Gurrea&quot;"/>
  <tag k="operator" v="Red Eléctrica de España"/>
  <tag k="operator:short" v="REE"/>
  <tag k="operator:wikidata" v="Q1551220"/>
  <tag k="operator:wikipedia" v="es:Red Eléctrica de España"/>
  <tag k="power" v="line"/>
  <tag k="source" v="Bing"/>
  <tag k="voltage" v="220000"/>
 </way>
 <way id="170168420" visible="true" version="5" changeset="88890896" timestamp="2020-08-03T18:48:30Z" user="Basstoelpel" uid="72235">
  <nd ref="1813227100"/>
  <nd ref="1813227099"/>
  <nd ref="7781833264"/>
  <nd ref="7781833263"/>
  <nd ref="7781833262"/>
  <nd ref="7781833261"/>
  <nd ref="7781833260"/>
  <nd ref="7781833259"/>
  <nd ref="7781833258"/>
  <nd ref="7781833257"/>
  <nd ref="7781833256"/>
  <nd ref="7781833255"/>
  <nd ref="1813227096"/>
  <nd ref="1895411791"/>
  <nd ref="1895411790"/>
  <nd ref="7781833252"/>
  <nd ref="7781833253"/>
  <nd ref="7781833254"/>
  <nd ref="1567004413"/>
  <nd ref="1567004412"/>
  <nd ref="1567004397"/>
  <nd ref="1567004393"/>
  <nd ref="1567004390"/>
  <nd ref="1567004387"/>
  <nd ref="1567004386"/>
  <nd ref="1567004384"/>
  <nd ref="1567004376"/>
  <nd ref="1567004365"/>
  <nd ref="1567004362"/>
  <nd ref="1567004360"/>
  <nd ref="1567004358"/>
  <nd ref="1567004355"/>
  <nd ref="1567004352"/>
  <nd ref="1567004348"/>
  <nd ref="1567004339"/>
  <nd ref="1567004335"/>
  <nd ref="1567004328"/>
  <nd ref="1567004326"/>
  <nd ref="1567004324"/>
  <nd ref="1567004321"/>
  <nd ref="1567004319"/>
  <nd ref="1567004316"/>
  <nd ref="1567004315"/>
  <tag k="cables" v="3"/>
  <tag k="power" v="line"/>
  <tag k="source" v="Bing"/>
  <tag k="voltage" v="132000"/>
 </way>
 <way id="171643498" visible="true" version="3" changeset="19915310" timestamp="2014-01-10T11:05:04Z" user="sidvicio" uid="462862">
  <nd ref="583747470"/>
  <nd ref="1826427397"/>
  <nd ref="1891374687"/>
  <nd ref="1891374695"/>
  <tag k="highway" v="unclassified"/>
 </way>
 <way id="178775876" visible="true" version="1" changeset="12930012" timestamp="2012-08-31T11:57:06Z" user="sidvicio" uid="462862">
  <nd ref="1826425830"/>
  <nd ref="1891374527"/>
  <nd ref="1891374436"/>
  <nd ref="1891374328"/>
  <nd ref="1891374192"/>
  <nd ref="1891374183"/>
  <nd ref="1891374166"/>
  <nd ref="1891374154"/>
  <nd ref="1891374145"/>
  <nd ref="1891374136"/>
  <nd ref="1891374121"/>
  <nd ref="1891374117"/>
  <nd ref="1891374109"/>
  <nd ref="1891374100"/>
  <nd ref="1891374081"/>
  <nd ref="1891374045"/>
  <nd ref="1891374007"/>
  <nd ref="1891373986"/>
  <nd ref="1891373951"/>
  <nd ref="1891373947"/>
  <nd ref="1891373916"/>
  <tag k="highway" v="track"/>
 </way>
 <way id="178775880" visible="true" version="2" changeset="85622845" timestamp="2020-05-22T16:38:08Z" user="Robot8A" uid="393359">
  <nd ref="596124303"/>
  <nd ref="2617142115"/>
  <nd ref="1826427546"/>
  <nd ref="1826427488"/>
  <nd ref="1826427469"/>
  <nd ref="1826427381"/>
  <nd ref="1826427328"/>
  <nd ref="1826427310"/>
  <nd ref="1826427191"/>
  <nd ref="1826427064"/>
  <nd ref="1826426973"/>
  <nd ref="1826426757"/>
  <nd ref="1826426624"/>
  <nd ref="1826426515"/>
  <nd ref="1826426301"/>
  <nd ref="1826426182"/>
  <nd ref="1826425950"/>
  <nd ref="1826425899"/>
  <nd ref="1826425817"/>
  <nd ref="1826425758"/>
  <nd ref="1826425777"/>
  <nd ref="1826425830"/>
  <nd ref="583747468"/>
  <tag k="highway" v="unclassified"/>
 </way>
 <way id="178775900" visible="true" version="1" changeset="12930012" timestamp="2012-08-31T11:57:13Z" user="sidvicio" uid="462862">
  <nd ref="1891373769"/>
  <nd ref="595459079"/>
  <nd ref="1891374287"/>
  <nd ref="1891374688"/>
  <nd ref="1891374695"/>
  <nd ref="1891374702"/>
  <tag k="highway" v="track"/>
 </way>
 <way id="178775903" visible="true" version="1" changeset="12930012" timestamp="2012-08-31T11:57:14Z" user="sidvicio" uid="462862">
  <nd ref="1891374706"/>
  <nd ref="1891374705"/>
  <nd ref="1891374704"/>
  <nd ref="1891374703"/>
  <nd ref="1891374702"/>
  <nd ref="1891374701"/>
  <nd ref="1891374700"/>
  <nd ref="1891374699"/>
  <tag k="highway" v="track"/>
 </way>
 <way id="182218275" visible="true" version="4" changeset="179911184" timestamp="2026-03-15T17:53:57Z" user="Hugoren Martinako" uid="3392826">
  <nd ref="1925664982"/>
  <nd ref="1925664977"/>
  <tag k="hazmat" v="designated"/>
  <tag k="highway" v="motorway"/>
  <tag k="int_ref" v="E 07"/>
  <tag k="lanes" v="2"/>
  <tag k="name" v="Autovía Mudéjar"/>
  <tag k="oneway" v="yes"/>
  <tag k="ref" v="A-23"/>
  <tag k="surface" v="asphalt"/>
 </way>
 <way id="182218281" visible="true" version="4" changeset="179911184" timestamp="2026-03-15T17:53:57Z" user="Hugoren Martinako" uid="3392826">
  <nd ref="1925664975"/>
  <nd ref="1925664978"/>
  <nd ref="1925664980"/>
  <tag k="hazmat" v="designated"/>
  <tag k="highway" v="motorway"/>
  <tag k="int_ref" v="E 07"/>
  <tag k="lanes" v="2"/>
  <tag k="maxspeed" v="120"/>
  <tag k="name" v="Autovía Mudéjar"/>
  <tag k="oneway" v="yes"/>
  <tag k="ref" v="A-23"/>
  <tag k="source" v="survey"/>
  <tag k="surface" v="asphalt"/>
 </way>
 <way id="182218282" visible="true" version="4" changeset="179911184" timestamp="2026-03-15T17:53:57Z" user="Hugoren Martinako" uid="3392826">
  <nd ref="1925664977"/>
  <nd ref="199482915"/>
  <nd ref="1925664974"/>
  <tag k="bridge" v="yes"/>
  <tag k="hazmat" v="designated"/>
  <tag k="highway" v="motorway"/>
  <tag k="int_ref" v="E 07"/>
  <tag k="lanes" v="2"/>
  <tag k="layer" v="1"/>
  <tag k="name" v="Autovía Mudéjar"/>
  <tag k="oneway" v="yes"/>
  <tag k="ref" v="A-23"/>
  <tag k="surface" v="asphalt"/>
 </way>
 <way id="182218283" visible="true" version="4" changeset="179911184" timestamp="2026-03-15T17:53:57Z" user="Hugoren Martinako" uid="3392826">
  <nd ref="1925664972"/>
  <nd ref="199460749"/>
  <nd ref="1925664975"/>
  <tag k="bridge" v="yes"/>
  <tag k="hazmat" v="designated"/>
  <tag k="highway" v="motorway"/>
  <tag k="int_ref" v="E 07"/>
  <tag k="lanes" v="2"/>
  <tag k="layer" v="1"/>
  <tag k="maxspeed" v="120"/>
  <tag k="name" v="Autovía Mudéjar"/>
  <tag k="oneway" v="yes"/>
  <tag k="ref" v="A-23"/>
  <tag k="source" v="survey"/>
  <tag k="surface" v="asphalt"/>
 </way>
 <way id="182218286" visible="true" version="10" changeset="179911184" timestamp="2026-03-15T17:53:57Z" user="Hugoren Martinako" uid="3392826">
  <nd ref="1925664974"/>
  <nd ref="365046942"/>
  <nd ref="199482925"/>
  <nd ref="402324211"/>
  <nd ref="444005566"/>
  <nd ref="402324205"/>
  <nd ref="199482932"/>
  <nd ref="252458909"/>
  <nd ref="199482938"/>
  <nd ref="444005569"/>
  <nd ref="252458894"/>
  <nd ref="444005571"/>
  <nd ref="199482941"/>
  <nd ref="444005573"/>
  <nd ref="1891373819"/>
  <nd ref="199482945"/>
  <nd ref="1891373599"/>
  <nd ref="252458686"/>
  <nd ref="1891373183"/>
  <nd ref="199482954"/>
  <nd ref="1891373006"/>
  <nd ref="252458684"/>
  <nd ref="444005575"/>
  <nd ref="199482959"/>
  <nd ref="444005578"/>
  <nd ref="402323895"/>
  <nd ref="199482964"/>
  <nd ref="444005580"/>
  <nd ref="199482970"/>
  <nd ref="444005582"/>
  <nd ref="252458636"/>
  <nd ref="444005584"/>
  <nd ref="199482980"/>
  <nd ref="1891372481"/>
  <nd ref="13309599934"/>
  <nd ref="13309599933"/>
  <nd ref="2412283589"/>
  <nd ref="355346200"/>
  <nd ref="355345779"/>
  <nd ref="444005586"/>
  <nd ref="355344543"/>
  <nd ref="199482992"/>
  <nd ref="365045620"/>
  <nd ref="13309712163"/>
  <nd ref="199482998"/>
  <nd ref="1925664870"/>
  <nd ref="252458564"/>
  <nd ref="530216020"/>
  <nd ref="6173504133"/>
  <nd ref="199483008"/>
  <nd ref="6173504132"/>
  <nd ref="6173504131"/>
  <nd ref="444006017"/>
  <nd ref="6173504130"/>
  <nd ref="252458565"/>
  <nd ref="6173504129"/>
  <nd ref="199483017"/>
  <nd ref="6173504128"/>
  <nd ref="355349371"/>
  <tag k="hazmat" v="designated"/>
  <tag k="highway" v="motorway"/>
  <tag k="int_ref" v="E 07"/>
  <tag k="lanes" v="2"/>
  <tag k="maxspeed" v="120"/>
  <tag k="name" v="Autovía Mudéjar"/>
  <tag k="oneway" v="yes"/>
  <tag k="ref" v="A-23"/>
  <tag k="surface" v="asphalt"/>
 </way>
 <way id="256012012" visible="true" version="2" changeset="85622845" timestamp="2020-05-22T16:38:08Z" user="Robot8A" uid="393359">
  <nd ref="2617142556"/>
  <nd ref="2617142537"/>
  <nd ref="2617142520"/>
  <nd ref="2617142504"/>
  <nd ref="2617142477"/>
  <nd ref="2617142456"/>
  <nd ref="2617142408"/>
  <nd ref="2617142346"/>
  <nd ref="2617142293"/>
  <nd ref="2617142272"/>
  <nd ref="2617142220"/>
  <nd ref="2617142195"/>
  <nd ref="2617142173"/>
  <nd ref="2617142156"/>
  <nd ref="2617142142"/>
  <nd ref="2617142134"/>
  <nd ref="2617142127"/>
  <nd ref="7549332305"/>
  <nd ref="596124303"/>
  <tag k="highway" v="track"/>
 </way>
 <way id="256012103" visible="true" version="2" changeset="167664720" timestamp="2025-06-15T19:12:15Z" user="oscarcollazo" uid="198173">
  <nd ref="595459134"/>
  <nd ref="2617142581"/>
  <nd ref="2617142557"/>
  <nd ref="2617142540"/>
  <nd ref="2617142521"/>
  <nd ref="2617142518"/>
  <nd ref="2617142527"/>
  <nd ref="2617142529"/>
  <nd ref="2617142500"/>
  <nd ref="2617142471"/>
  <nd ref="2617142437"/>
  <nd ref="2617142417"/>
  <nd ref="2617142400"/>
  <nd ref="2617142393"/>
  <nd ref="2617142360"/>
  <nd ref="2617142359"/>
  <nd ref="2617142387"/>
  <nd ref="2617142416"/>
  <nd ref="2617142432"/>
  <nd ref="2617142436"/>
  <nd ref="2617142462"/>
  <nd ref="2617142457"/>
  <nd ref="2617142450"/>
  <nd ref="2617142442"/>
  <nd ref="2617142430"/>
  <nd ref="2617142428"/>
  <nd ref="2617142453"/>
  <nd ref="595461363"/>
  <nd ref="2617142454"/>
  <nd ref="2617142463"/>
  <nd ref="2617142443"/>
  <nd ref="2617142402"/>
  <nd ref="2617142389"/>
  <nd ref="2617142380"/>
  <nd ref="2617142384"/>
  <nd ref="2617142351"/>
  <nd ref="2617142312"/>
  <nd ref="2617142303"/>
  <nd ref="2617142263"/>
  <nd ref="2617142226"/>
  <nd ref="2617142222"/>
  <nd ref="2617142221"/>
  <nd ref="2617142219"/>
  <nd ref="2617142238"/>
  <nd ref="2617142264"/>
  <nd ref="2617142273"/>
  <nd ref="2617142292"/>
  <nd ref="2617142295"/>
  <nd ref="2617142296"/>
  <nd ref="2617142297"/>
  <nd ref="2617142300"/>
  <nd ref="2617142325"/>
  <nd ref="2617142356"/>
  <nd ref="2617142397"/>
  <nd ref="2617142439"/>
  <nd ref="2617142447"/>
  <nd ref="2617142425"/>
  <nd ref="2617142423"/>
  <nd ref="2617142460"/>
  <nd ref="2617142470"/>
  <nd ref="2617142506"/>
  <nd ref="2617142562"/>
  <nd ref="2617142579"/>
  <tag k="bicycle" v="yes"/>
  <tag k="foot" v="yes"/>
  <tag k="highway" v="track"/>
  <tag k="horse" v="yes"/>
  <tag k="motor_vehicle" v="no"/>
  <tag k="smoothness" v="bad"/>
  <tag k="tracktype" v="grade4"/>
 </way>
 <way id="256012111" visible="true" version="1" changeset="19915310" timestamp="2014-01-10T11:04:50Z" user="sidvicio" uid="462862">
  <nd ref="1891374695"/>
  <nd ref="2617142163"/>
  <nd ref="2617142180"/>
  <nd ref="2617142186"/>
  <nd ref="2617142233"/>
  <nd ref="2617142283"/>
  <nd ref="2617142347"/>
  <nd ref="2617142400"/>
  <tag k="highway" v="track"/>
 </way>
 <way id="258628701" visible="true" version="6" changeset="130422175" timestamp="2022-12-23T13:42:14Z" user="armin762" uid="17955075">
  <nd ref="2639894283"/>
  <nd ref="2639894281"/>
  <nd ref="2639894280"/>
  <nd ref="2639894279"/>
  <nd ref="2639894278"/>
  <nd ref="2639894277"/>
  <nd ref="2639894276"/>
  <nd ref="2639894275"/>
  <nd ref="2639894274"/>
  <nd ref="2639894273"/>
  <nd ref="2639628448"/>
  <nd ref="2639628465"/>
  <nd ref="2639628492"/>
  <nd ref="2639628518"/>
  <nd ref="2639628534"/>
  <nd ref="2639628566"/>
  <nd ref="2639628590"/>
  <nd ref="2639628609"/>
  <nd ref="2639628642"/>
  <nd ref="2639628671"/>
  <nd ref="2639628683"/>
  <nd ref="2639628698"/>
  <nd ref="2639628729"/>
  <nd ref="2639628746"/>
  <nd ref="2639628776"/>
  <nd ref="2639628800"/>
  <nd ref="2639742175"/>
  <nd ref="2639742176"/>
  <nd ref="2639742177"/>
  <nd ref="2639742178"/>
  <nd ref="2639742179"/>
  <nd ref="2639742180"/>
  <nd ref="2639742181"/>
  <nd ref="2639742182"/>
  <nd ref="2639742183"/>
  <nd ref="2639742184"/>
  <nd ref="2639742185"/>
  <nd ref="2639742186"/>
  <nd ref="2639742187"/>
  <nd ref="2639742188"/>
  <nd ref="2639744801"/>
  <nd ref="2639744802"/>
  <nd ref="2639744803"/>
  <nd ref="2639744804"/>
  <nd ref="2639744805"/>
  <nd ref="2639744806"/>
  <nd ref="2639744807"/>
  <nd ref="2639744808"/>
  <nd ref="2639744809"/>
  <nd ref="2639744810"/>
  <nd ref="2639744811"/>
  <nd ref="2639744812"/>
  <nd ref="2639744813"/>
  <nd ref="2639744814"/>
  <nd ref="2639744815"/>
  <nd ref="2639744816"/>
  <nd ref="2639744817"/>
  <tag k="layer" v="-1"/>
  <tag k="location" v="underground"/>
  <tag k="man_made" v="pipeline"/>
  <tag k="operator" v="Enagas"/>
  <tag k="operator:wikidata" v="Q1124060"/>
  <tag k="substance" v="gas"/>
 </way>
 <way id="474145439" visible="true" version="5" changeset="156835818" timestamp="2024-09-19T18:59:24Z" user="kapazao_import" uid="8770019">
  <nd ref="4681553540"/>
  <nd ref="1895400298"/>
  <nd ref="1895400295"/>
  <nd ref="1895400293"/>
  <nd ref="1895400291"/>
  <nd ref="1895400288"/>
  <nd ref="1895400286"/>
  <nd ref="1895400283"/>
  <nd ref="11389448408"/>
  <nd ref="1895400280"/>
  <nd ref="1895400278"/>
  <nd ref="1895400275"/>
  <nd ref="1895400272"/>
  <nd ref="1813227117"/>
  <nd ref="1895411812"/>
  <nd ref="1895411811"/>
  <nd ref="1895411810"/>
  <nd ref="1895411809"/>
  <nd ref="1895411808"/>
  <nd ref="1895411807"/>
  <nd ref="1895411806"/>
  <nd ref="1895411805"/>
  <nd ref="1813227116"/>
  <nd ref="1895411804"/>
  <nd ref="1813227115"/>
  <nd ref="1895411803"/>
  <nd ref="1895411802"/>
  <nd ref="1813227114"/>
  <nd ref="1895411801"/>
  <nd ref="1895411800"/>
  <nd ref="1895411799"/>
  <nd ref="1895411798"/>
  <nd ref="1895411797"/>
  <nd ref="1813227110"/>
  <nd ref="1895411796"/>
  <nd ref="1895411795"/>
  <nd ref="1895411794"/>
  <nd ref="1895411793"/>
  <nd ref="1813227097"/>
  <nd ref="1895411792"/>
  <nd ref="1813227094"/>
  <nd ref="1813227092"/>
  <nd ref="1813227091"/>
  <nd ref="1567004415"/>
  <nd ref="1567004400"/>
  <nd ref="1567004392"/>
  <nd ref="1567004389"/>
  <nd ref="1567004383"/>
  <nd ref="1567004364"/>
  <nd ref="1567004361"/>
  <nd ref="1567004356"/>
  <nd ref="1567004353"/>
  <nd ref="1567004341"/>
  <nd ref="1567004329"/>
  <nd ref="1567004325"/>
  <nd ref="1567004322"/>
  <nd ref="1567004317"/>
  <nd ref="1567004304"/>
  <nd ref="1567004297"/>
  <nd ref="1567004292"/>
  <nd ref="1567004289"/>
  <nd ref="1567004285"/>
  <nd ref="1567004274"/>
  <nd ref="1567004263"/>
  <nd ref="1567004260"/>
  <nd ref="1567004255"/>
  <nd ref="1567004242"/>
  <nd ref="1567004184"/>
  <nd ref="1567004176"/>
  <nd ref="1567004144"/>
  <nd ref="1813169770"/>
  <nd ref="1813169768"/>
  <tag k="cables" v="3"/>
  <tag k="operator" v="Red Eléctrica de España"/>
  <tag k="operator:short" v="REE"/>
  <tag k="operator:wikidata" v="Q1551220"/>
  <tag k="operator:wikipedia" v="es:Red Eléctrica de España"/>
  <tag k="power" v="line"/>
  <tag k="source" v="Bing"/>
  <tag k="voltage" v="400000"/>
 </way>
 <way id="490212643" visible="true" version="2" changeset="57988311" timestamp="2018-04-11T00:09:55Z" user="ansuta" uid="3188422">
  <nd ref="1826427397"/>
  <nd ref="4823866419"/>
  <nd ref="4823866639"/>
  <nd ref="4823866418"/>
  <tag k="highway" v="service"/>
  <tag k="surface" v="asphalt"/>
 </way>
 <way id="490212644" visible="true" version="1" changeset="48241881" timestamp="2017-04-28T22:38:56Z" user="ansuta" uid="3188422">
  <nd ref="4823866634"/>
  <nd ref="4823866635"/>
  <nd ref="4823866636"/>
  <nd ref="4823866637"/>
  <nd ref="4823866418"/>
  <nd ref="4823866638"/>
  <nd ref="4823866420"/>
  <nd ref="4823866621"/>
  <nd ref="4823866622"/>
  <nd ref="4823866623"/>
  <nd ref="4823866624"/>
  <nd ref="4823866630"/>
  <nd ref="4823866631"/>
  <nd ref="4823866632"/>
  <nd ref="4823866633"/>
  <nd ref="4823866625"/>
  <nd ref="4823866626"/>
  <nd ref="4823866627"/>
  <nd ref="4823866628"/>
  <nd ref="4823866629"/>
  <nd ref="4823866634"/>
  <tag k="highway" v="service"/>
  <tag k="junction" v="roundabout"/>
  <tag k="surface" v="asphalt"/>
 </way>
 <way id="490212645" visible="true" version="2" changeset="76471535" timestamp="2019-11-01T00:47:20Z" user="ansuta" uid="3188422">
  <nd ref="4823866627"/>
  <nd ref="6936073001"/>
  <nd ref="4823866640"/>
  <tag k="highway" v="service"/>
 </way>
 <way id="490212646" visible="true" version="2" changeset="76471535" timestamp="2019-11-01T00:47:20Z" user="ansuta" uid="3188422">
  <nd ref="4823866623"/>
  <nd ref="6936073002"/>
  <nd ref="4823866916"/>
  <nd ref="4823866907"/>
  <nd ref="4823867063"/>
  <nd ref="4823866900"/>
  <nd ref="4823866910"/>
  <nd ref="6936073007"/>
  <nd ref="6936073009"/>
  <nd ref="6936073000"/>
  <nd ref="6936073008"/>
  <nd ref="4823866641"/>
  <tag k="highway" v="service"/>
  <tag k="surface" v="asphalt"/>
 </way>
 <way id="490212647" visible="true" version="2" changeset="131547806" timestamp="2023-01-21T16:59:37Z" user="armin762" uid="17955075">
  <nd ref="4823867084"/>
  <nd ref="4823867083"/>
  <nd ref="4823867082"/>
  <nd ref="4823867081"/>
  <nd ref="4823867086"/>
  <nd ref="4823867080"/>
  <nd ref="4823867079"/>
  <nd ref="4823867078"/>
  <nd ref="4823867077"/>
  <nd ref="4823867076"/>
  <nd ref="4823866642"/>
  <nd ref="4823867085"/>
  <nd ref="4823867084"/>
  <nd ref="4823866641"/>
  <nd ref="4823866643"/>
  <tag k="highway" v="service"/>
 </way>
 <way id="490212648" visible="true" version="6" changeset="146812946" timestamp="2024-01-29T09:33:40Z" user="kapazao_import" uid="8770019">
  <nd ref="4823866644"/>
  <nd ref="4823866645"/>
  <nd ref="4823866646"/>
  <nd ref="4823866647"/>
  <nd ref="4823866648"/>
  <nd ref="4823866649"/>
  <nd ref="4823866650"/>
  <nd ref="4823866651"/>
  <nd ref="4823866652"/>
  <nd ref="4823866653"/>
  <nd ref="4823866654"/>
  <nd ref="4823866644"/>
  <tag k="addr:city" v="Zuera"/>
  <tag k="addr:postcode" v="50800"/>
  <tag k="addr:street" v="Carretera N-330 Km. 521.5"/>
  <tag k="alt_name" v="Karting Zuera"/>
  <tag k="contact:mobile" v="+34 677 553 973"/>
  <tag k="email" v="info@circuitointernacionaldezuera.es"/>
  <tag k="fee" v="yes"/>
  <tag k="leisure" v="sports_centre"/>
  <tag k="lit" v="yes"/>
  <tag k="name" v="Circuito Internacional de Zuera"/>
  <tag k="opening_hours" v="We-Su 10:00-20:00"/>
  <tag k="phone" v="+34 976 697 125"/>
  <tag k="sport" v="karting"/>
  <tag k="website" v="https://circuitointernacionaldezuera.es"/>
 </way>
 <way id="490212649" visible="true" version="7" changeset="159126434" timestamp="2024-11-14T11:38:10Z" user="kapazao_import" uid="8770019">
  <nd ref="4823866656"/>
  <nd ref="4823866657"/>
  <nd ref="4823866658"/>
  <nd ref="4823866659"/>
  <nd ref="4823866660"/>
  <nd ref="4823866661"/>
  <nd ref="4823866662"/>
  <nd ref="4823866663"/>
  <nd ref="4823866664"/>
  <nd ref="4823866665"/>
  <nd ref="4823866666"/>
  <nd ref="4823866667"/>
  <nd ref="4823866668"/>
  <nd ref="4823866669"/>
  <nd ref="4823866670"/>
  <nd ref="4823866671"/>
  <nd ref="4823866672"/>
  <nd ref="4823866673"/>
  <nd ref="4823866674"/>
  <nd ref="4823866675"/>
  <nd ref="4823866676"/>
  <nd ref="4823866677"/>
  <nd ref="4823866678"/>
  <nd ref="4823866679"/>
  <nd ref="4823866680"/>
  <nd ref="6936073038"/>
  <nd ref="4823866681"/>
  <nd ref="4823866682"/>
  <nd ref="4823866683"/>
  <nd ref="4823866684"/>
  <nd ref="4823866685"/>
  <nd ref="4823866686"/>
  <nd ref="4823866687"/>
  <nd ref="4823866688"/>
  <nd ref="4823866689"/>
  <nd ref="4823866690"/>
  <nd ref="4823866691"/>
  <nd ref="4823866692"/>
  <nd ref="4823866693"/>
  <nd ref="4823866694"/>
  <nd ref="4823866695"/>
  <nd ref="4823866696"/>
  <nd ref="4823866697"/>
  <nd ref="4823866698"/>
  <nd ref="4823866699"/>
  <nd ref="4823866700"/>
  <nd ref="4823866701"/>
  <nd ref="4823866702"/>
  <nd ref="4823866703"/>
  <nd ref="4823866704"/>
  <nd ref="4823866705"/>
  <nd ref="4823866706"/>
  <nd ref="4823866707"/>
  <nd ref="4823866708"/>
  <nd ref="4823866709"/>
  <nd ref="4823866710"/>
  <nd ref="4823866711"/>
  <nd ref="4823866712"/>
  <nd ref="4823866713"/>
  <nd ref="4823866714"/>
  <nd ref="4823866715"/>
  <nd ref="4823866716"/>
  <nd ref="4823866717"/>
  <nd ref="6936073039"/>
  <nd ref="6936073037"/>
  <nd ref="4823866656"/>
  <tag k="highway" v="raceway"/>
  <tag k="length" v="1100 m"/>
  <tag k="lit" v="yes"/>
  <tag k="oneway" v="yes"/>
  <tag k="sport" v="karting"/>
  <tag k="surface" v="asphalt"/>
  <tag k="width" v="8"/>
 </way>
 <way id="490212650" visible="true" version="5" changeset="76471535" timestamp="2019-11-01T00:47:20Z" user="ansuta" uid="3188422">
  <nd ref="4823866718"/>
  <nd ref="4823866719"/>
  <nd ref="4823866720"/>
  <nd ref="4823866821"/>
  <nd ref="4823866822"/>
  <nd ref="4823866823"/>
  <nd ref="4823866824"/>
  <nd ref="4823866825"/>
  <nd ref="4823866826"/>
  <nd ref="4823866827"/>
  <nd ref="4823866828"/>
  <nd ref="4823866829"/>
  <nd ref="4823866830"/>
  <nd ref="4823866831"/>
  <nd ref="4823866832"/>
  <nd ref="4823866833"/>
  <nd ref="4823866834"/>
  <nd ref="4823866835"/>
  <nd ref="4823866836"/>
  <nd ref="4823866837"/>
  <nd ref="4823866838"/>
  <nd ref="4823866839"/>
  <nd ref="4823866840"/>
  <nd ref="4823866841"/>
  <nd ref="4823866842"/>
  <nd ref="4823866843"/>
  <nd ref="4823866844"/>
  <nd ref="4823866845"/>
  <nd ref="4823866846"/>
  <nd ref="4823866847"/>
  <nd ref="4823866848"/>
  <nd ref="4823866849"/>
  <nd ref="4823866850"/>
  <nd ref="4823866851"/>
  <nd ref="4823866852"/>
  <nd ref="4823866853"/>
  <nd ref="4823866854"/>
  <nd ref="4823866855"/>
  <nd ref="4823866856"/>
  <nd ref="4823866857"/>
  <nd ref="4823866858"/>
  <nd ref="4823866859"/>
  <nd ref="4823866860"/>
  <nd ref="4823866861"/>
  <nd ref="4823866862"/>
  <nd ref="4823866863"/>
  <nd ref="4823866864"/>
  <nd ref="4823866865"/>
  <nd ref="4823866866"/>
  <nd ref="4823866867"/>
  <nd ref="4823866868"/>
  <nd ref="4823867070"/>
  <nd ref="4823866869"/>
  <nd ref="4823866870"/>
  <nd ref="4823866871"/>
  <nd ref="4823866872"/>
  <nd ref="4823866873"/>
  <nd ref="4823866874"/>
  <nd ref="4823866875"/>
  <nd ref="4823866876"/>
  <nd ref="4823866877"/>
  <nd ref="4823866878"/>
  <nd ref="4823866879"/>
  <nd ref="4823866880"/>
  <nd ref="4823866881"/>
  <nd ref="4823866882"/>
  <nd ref="4823866883"/>
  <nd ref="4823866884"/>
  <nd ref="4823866885"/>
  <nd ref="4823866886"/>
  <nd ref="4823866887"/>
  <nd ref="4823866888"/>
  <nd ref="4823866889"/>
  <nd ref="4823866890"/>
  <nd ref="4823866891"/>
  <nd ref="4823866892"/>
  <nd ref="4823866893"/>
  <nd ref="4823866894"/>
  <nd ref="4823866895"/>
  <nd ref="4823866896"/>
  <nd ref="4823866897"/>
  <nd ref="4823866898"/>
  <nd ref="4823866899"/>
  <nd ref="4823866718"/>
  <tag k="area" v="no"/>
  <tag k="highway" v="raceway"/>
  <tag k="oneway" v="yes"/>
  <tag k="sport" v="karting"/>
  <tag k="surface" v="asphalt"/>
 </way>
 <way id="490212651" visible="true" version="2" changeset="76471535" timestamp="2019-11-01T00:47:20Z" user="ansuta" uid="3188422">
  <nd ref="4823866900"/>
  <nd ref="6936073004"/>
  <nd ref="4823866908"/>
  <nd ref="4823866901"/>
  <nd ref="4823866902"/>
  <nd ref="4823866903"/>
  <nd ref="4823867065"/>
  <nd ref="4823866904"/>
  <nd ref="4823866905"/>
  <nd ref="4823866906"/>
  <nd ref="4823866909"/>
  <nd ref="6936073003"/>
  <nd ref="6936073005"/>
  <nd ref="4823866907"/>
  <tag k="highway" v="service"/>
  <tag k="oneway" v="yes"/>
  <tag k="service" v="parking_aisle"/>
  <tag k="surface" v="asphalt"/>
 </way>
 <way id="490212652" visible="true" version="1" changeset="48241881" timestamp="2017-04-28T22:38:58Z" user="ansuta" uid="3188422">
  <nd ref="4823866908"/>
  <nd ref="4823867064"/>
  <nd ref="4823866909"/>
  <tag k="highway" v="service"/>
  <tag k="oneway" v="yes"/>
  <tag k="service" v="parking_aisle"/>
 </way>
 <way id="490212653" visible="true" version="3" changeset="92841763" timestamp="2020-10-21T15:21:26Z" user="ansuta" uid="3188422">
  <nd ref="4823866910"/>
  <nd ref="4823866911"/>
  <nd ref="4823867058"/>
  <nd ref="4823866912"/>
  <nd ref="4823866913"/>
  <nd ref="8032662022"/>
  <nd ref="4823866914"/>
  <nd ref="4823866915"/>
  <nd ref="8032662020"/>
  <nd ref="4823866916"/>
  <nd ref="4823866910"/>
  <tag k="access" v="customers"/>
  <tag k="amenity" v="parking"/>
  <tag k="surface" v="asphalt"/>
 </way>
 <way id="490212654" visible="true" version="4" changeset="76471535" timestamp="2019-11-01T00:47:20Z" user="ansuta" uid="3188422">
  <nd ref="4823866917"/>
  <nd ref="4823866918"/>
  <nd ref="4823866919"/>
  <nd ref="4823866920"/>
  <nd ref="4823867021"/>
  <nd ref="4823867022"/>
  <nd ref="4823867023"/>
  <nd ref="4823867024"/>
  <nd ref="4823867025"/>
  <nd ref="4823867026"/>
  <nd ref="4823867027"/>
  <nd ref="4823867028"/>
  <nd ref="4823867029"/>
  <nd ref="4823867030"/>
  <nd ref="4823867031"/>
  <nd ref="4823867032"/>
  <nd ref="4823867033"/>
  <nd ref="4823867034"/>
  <nd ref="4823867035"/>
  <nd ref="4823867036"/>
  <nd ref="4823867037"/>
  <nd ref="4823867038"/>
  <nd ref="4823867039"/>
  <nd ref="4823867040"/>
  <nd ref="4823867041"/>
  <nd ref="4823867042"/>
  <nd ref="4823867043"/>
  <nd ref="4823867044"/>
  <nd ref="4823867045"/>
  <nd ref="4823867046"/>
  <nd ref="4823867047"/>
  <nd ref="4823867048"/>
  <nd ref="4823867049"/>
  <nd ref="4823867050"/>
  <nd ref="4823867051"/>
  <nd ref="4823867052"/>
  <nd ref="4823867053"/>
  <nd ref="4823866917"/>
  <tag k="area" v="yes"/>
  <tag k="highway" v="raceway"/>
  <tag k="sport" v="karting"/>
  <tag k="surface" v="asphalt"/>
 </way>
 <way id="490212655" visible="true" version="1" changeset="48241881" timestamp="2017-04-28T22:38:58Z" user="ansuta" uid="3188422">
  <nd ref="4823867054"/>
  <nd ref="4823867055"/>
  <nd ref="4823867056"/>
  <nd ref="4823867057"/>
  <nd ref="4823867054"/>
  <tag k="building" v="yes"/>
  <tag k="roof:orientation" v="along"/>
  <tag k="roof:shape" v="gabled"/>
 </way>
 <way id="490212656" visible="true" version="1" changeset="48241881" timestamp="2017-04-28T22:38:58Z" user="ansuta" uid="3188422">
  <nd ref="4823867059"/>
  <nd ref="4823867060"/>
  <nd ref="4823867061"/>
  <nd ref="4823867062"/>
  <nd ref="4823867059"/>
  <tag k="building" v="yes"/>
 </way>
 <way id="490212657" visible="true" version="2" changeset="76472125" timestamp="2019-11-01T01:38:59Z" user="ansuta" uid="3188422">
  <nd ref="4823867066"/>
  <nd ref="4823867067"/>
  <nd ref="4823867068"/>
  <nd ref="4823867069"/>
  <nd ref="6936149189"/>
  <nd ref="6936149186"/>
  <nd ref="4823867066"/>
  <tag k="building" v="yes"/>
 </way>
 <way id="490212658" visible="true" version="1" changeset="48241881" timestamp="2017-04-28T22:38:58Z" user="ansuta" uid="3188422">
  <nd ref="4823867070"/>
  <nd ref="4823867071"/>
  <nd ref="4823867072"/>
  <nd ref="4823867073"/>
  <nd ref="4823867074"/>
  <nd ref="4823867075"/>
  <nd ref="4823866885"/>
  <tag k="highway" v="service"/>
 </way>
 <way id="490212659" visible="true" version="3" changeset="76471535" timestamp="2019-11-01T00:47:20Z" user="ansuta" uid="3188422">
  <nd ref="4823867085"/>
  <nd ref="4823867086"/>
  <nd ref="4823867109"/>
  <nd ref="4823867099"/>
  <nd ref="4823867087"/>
  <nd ref="4823867223"/>
  <nd ref="4823867222"/>
  <nd ref="4823867117"/>
  <nd ref="4823867116"/>
  <nd ref="4823867088"/>
  <nd ref="4823867089"/>
  <nd ref="4823867090"/>
  <nd ref="4823867091"/>
  <nd ref="4823867098"/>
  <nd ref="4823867113"/>
  <nd ref="4823867092"/>
  <nd ref="4823867093"/>
  <nd ref="4823866640"/>
  <nd ref="4823867094"/>
  <nd ref="4823867095"/>
  <nd ref="4823867096"/>
  <nd ref="4823867097"/>
  <tag k="highway" v="service"/>
 </way>
 <way id="490212660" visible="true" version="1" changeset="48241881" timestamp="2017-04-28T22:38:58Z" user="ansuta" uid="3188422">
  <nd ref="4823867098"/>
  <nd ref="4823867115"/>
  <nd ref="4823867118"/>
  <nd ref="4823867221"/>
  <nd ref="4823867224"/>
  <nd ref="4823867099"/>
  <nd ref="4823867100"/>
  <nd ref="4823867101"/>
  <nd ref="4823867102"/>
  <nd ref="4823867103"/>
  <nd ref="4823867104"/>
  <nd ref="4823867105"/>
  <nd ref="4823867087"/>
  <tag k="highway" v="service"/>
 </way>
 <way id="490212661" visible="true" version="1" changeset="48241881" timestamp="2017-04-28T22:38:58Z" user="ansuta" uid="3188422">
  <nd ref="4823867100"/>
  <nd ref="4823867106"/>
  <nd ref="4823867107"/>
  <nd ref="4823867108"/>
  <nd ref="4823867109"/>
  <nd ref="4823867225"/>
  <nd ref="4823867120"/>
  <nd ref="4823867119"/>
  <nd ref="4823867114"/>
  <nd ref="4823867110"/>
  <nd ref="4823867111"/>
  <nd ref="4823867112"/>
  <nd ref="4823867113"/>
  <tag k="highway" v="service"/>
 </way>
 <way id="490212662" visible="true" version="1" changeset="48241881" timestamp="2017-04-28T22:38:58Z" user="ansuta" uid="3188422">
  <nd ref="4823867114"/>
  <nd ref="4823867115"/>
  <nd ref="4823867116"/>
  <tag k="highway" v="service"/>
 </way>
 <way id="490212663" visible="true" version="1" changeset="48241881" timestamp="2017-04-28T22:38:58Z" user="ansuta" uid="3188422">
  <nd ref="4823867117"/>
  <nd ref="4823867118"/>
  <nd ref="4823867119"/>
  <tag k="highway" v="service"/>
 </way>
 <way id="490212664" visible="true" version="1" changeset="48241881" timestamp="2017-04-28T22:38:58Z" user="ansuta" uid="3188422">
  <nd ref="4823867120"/>
  <nd ref="4823867221"/>
  <nd ref="4823867222"/>
  <tag k="highway" v="service"/>
 </way>
 <way id="490212665" visible="true" version="1" changeset="48241881" timestamp="2017-04-28T22:38:58Z" user="ansuta" uid="3188422">
  <nd ref="4823867223"/>
  <nd ref="4823867224"/>
  <nd ref="4823867225"/>
  <tag k="highway" v="service"/>
 </way>
 <way id="490212666" visible="true" version="2" changeset="92841763" timestamp="2020-10-21T15:21:26Z" user="ansuta" uid="3188422">
  <nd ref="4823867097"/>
  <nd ref="4823867226"/>
  <nd ref="4823867228"/>
  <nd ref="8032617331"/>
  <nd ref="8032617332"/>
  <nd ref="4823867229"/>
  <nd ref="4823867097"/>
  <tag k="amenity" v="parking"/>
 </way>
 <way id="490212667" visible="true" version="2" changeset="76471535" timestamp="2019-11-01T00:47:20Z" user="ansuta" uid="3188422">
  <nd ref="4823866716"/>
  <nd ref="4823867231"/>
  <nd ref="4823867230"/>
  <nd ref="6936073028"/>
  <nd ref="6936073029"/>
  <nd ref="6936073030"/>
  <nd ref="6936073031"/>
  <nd ref="6936073032"/>
  <nd ref="6936073033"/>
  <nd ref="6936073034"/>
  <nd ref="6936073035"/>
  <nd ref="6936073036"/>
  <nd ref="6936073037"/>
  <tag k="highway" v="raceway"/>
  <tag k="oneway" v="yes"/>
  <tag k="sport" v="karting"/>
  <tag k="surface" v="asphalt"/>
 </way>
 <way id="740859189" visible="true" version="1" changeset="76471535" timestamp="2019-11-01T00:47:20Z" user="ansuta" uid="3188422">
  <nd ref="6936073004"/>
  <nd ref="6936073006"/>
  <nd ref="6936073005"/>
  <tag k="highway" v="service"/>
  <tag k="oneway" v="yes"/>
  <tag k="service" v="parking_aisle"/>
  <tag k="surface" v="asphalt"/>
 </way>
 <way id="740859190" visible="true" version="1" changeset="76471535" timestamp="2019-11-01T00:47:20Z" user="ansuta" uid="3188422">
  <nd ref="6936073009"/>
  <nd ref="6936073010"/>
  <nd ref="6936073011"/>
  <nd ref="6936073012"/>
  <nd ref="6936073013"/>
  <nd ref="6936073014"/>
  <nd ref="6936073015"/>
  <nd ref="6936073016"/>
  <nd ref="6936073017"/>
  <nd ref="6936073010"/>
  <tag k="highway" v="service"/>
  <tag k="service" v="parking_aisle"/>
  <tag k="surface" v="asphalt"/>
 </way>
 <way id="740859191" visible="true" version="2" changeset="92841763" timestamp="2020-10-21T15:21:26Z" user="ansuta" uid="3188422">
  <nd ref="6936073018"/>
  <nd ref="8032617367"/>
  <nd ref="8032661893"/>
  <nd ref="6936073019"/>
  <nd ref="6936073020"/>
  <nd ref="8032661892"/>
  <nd ref="6936073021"/>
  <nd ref="8032617365"/>
  <nd ref="6936073018"/>
  <tag k="access" v="customers"/>
  <tag k="amenity" v="parking"/>
  <tag k="parking" v="surface"/>
  <tag k="surface" v="asphalt"/>
 </way>
 <way id="740859192" visible="true" version="1" changeset="76471535" timestamp="2019-11-01T00:47:20Z" user="ansuta" uid="3188422">
  <nd ref="6936073023"/>
  <nd ref="6936073024"/>
  <nd ref="6936073025"/>
  <nd ref="6936073026"/>
  <nd ref="6936073023"/>
  <tag k="building" v="yes"/>
  <tag k="building:levels" v="1"/>
 </way>
 <way id="740859193" visible="true" version="1" changeset="76471535" timestamp="2019-11-01T00:47:20Z" user="ansuta" uid="3188422">
  <nd ref="4823866894"/>
  <nd ref="6936073040"/>
  <nd ref="6936073041"/>
  <nd ref="6936073042"/>
  <nd ref="6936073043"/>
  <nd ref="6936073044"/>
  <nd ref="6936073045"/>
  <nd ref="6936073046"/>
  <nd ref="6936073047"/>
  <nd ref="6936073048"/>
  <nd ref="6936073049"/>
  <nd ref="6936073050"/>
  <nd ref="6936073051"/>
  <nd ref="6936073052"/>
  <nd ref="4823866824"/>
  <tag k="highway" v="raceway"/>
  <tag k="lanes" v="1"/>
  <tag k="oneway" v="yes"/>
  <tag k="sport" v="karting"/>
  <tag k="surface" v="asphalt"/>
 </way>
 <way id="740862290" visible="true" version="1" changeset="76472125" timestamp="2019-11-01T01:38:59Z" user="ansuta" uid="3188422">
  <nd ref="6936149186"/>
  <nd ref="6936149187"/>
  <nd ref="6936149188"/>
  <nd ref="6936149189"/>
  <nd ref="6936149186"/>
  <tag k="building" v="yes"/>
  <tag k="name" v="Karting Zuera"/>
  <tag k="shop" v="ticket"/>
 </way>
 <way id="862113009" visible="true" version="1" changeset="92841763" timestamp="2020-10-21T15:21:26Z" user="ansuta" uid="3188422">
  <nd ref="8032617334"/>
  <nd ref="8032617333"/>
  <nd ref="8032617342"/>
  <nd ref="8032617337"/>
  <nd ref="8032617334"/>
  <tag k="amenity" v="parking_space"/>
  <tag k="capacity" v="1"/>
  <tag k="parking_space" v="normal"/>
  <tag k="site" v="parking"/>
  <tag k="type" v="site"/>
 </way>
 <way id="862113010" visible="true" version="1" changeset="92841763" timestamp="2020-10-21T15:21:26Z" user="ansuta" uid="3188422">
  <nd ref="8032617339"/>
  <nd ref="8032617341"/>
  <nd ref="8032617333"/>
  <nd ref="8032617334"/>
  <nd ref="8032617339"/>
  <tag k="amenity" v="parking_space"/>
  <tag k="capacity" v="1"/>
  <tag k="parking_space" v="normal"/>
  <tag k="site" v="parking"/>
  <tag k="type" v="site"/>
 </way>
 <way id="862113011" visible="true" version="1" changeset="92841763" timestamp="2020-10-21T15:21:26Z" user="ansuta" uid="3188422">
  <nd ref="8032617335"/>
  <nd ref="8032617334"/>
  <nd ref="8032617337"/>
  <nd ref="8032617338"/>
  <nd ref="8032617335"/>
  <tag k="amenity" v="parking_space"/>
  <tag k="capacity" v="1"/>
  <tag k="parking_space" v="normal"/>
  <tag k="site" v="parking"/>
  <tag k="type" v="site"/>
 </way>
 <way id="862113012" visible="true" version="1" changeset="92841763" timestamp="2020-10-21T15:21:26Z" user="ansuta" uid="3188422">
  <nd ref="8032617340"/>
  <nd ref="8032617339"/>
  <nd ref="8032617334"/>
  <nd ref="8032617335"/>
  <nd ref="8032617340"/>
  <tag k="amenity" v="parking_space"/>
  <tag k="capacity" v="1"/>
  <tag k="parking_space" v="normal"/>
  <tag k="site" v="parking"/>
  <tag k="type" v="site"/>
 </way>
 <way id="862113013" visible="true" version="1" changeset="92841763" timestamp="2020-10-21T15:21:26Z" user="ansuta" uid="3188422">
  <nd ref="8032617336"/>
  <nd ref="8032617335"/>
  <nd ref="8032617338"/>
  <nd ref="8032617343"/>
  <nd ref="8032617336"/>
  <tag k="amenity" v="parking_space"/>
  <tag k="capacity" v="1"/>
  <tag k="parking_space" v="normal"/>
  <tag k="site" v="parking"/>
  <tag k="type" v="site"/>
 </way>
 <way id="862113014" visible="true" version="1" changeset="92841763" timestamp="2020-10-21T15:21:26Z" user="ansuta" uid="3188422">
  <nd ref="8032617344"/>
  <nd ref="8032617340"/>
  <nd ref="8032617335"/>
  <nd ref="8032617336"/>
  <nd ref="8032617344"/>
  <tag k="amenity" v="parking_space"/>
  <tag k="capacity" v="1"/>
  <tag k="parking_space" v="normal"/>
  <tag k="site" v="parking"/>
  <tag k="type" v="site"/>
 </way>
 <way id="862113015" visible="true" version="1" changeset="92841763" timestamp="2020-10-21T15:21:26Z" user="ansuta" uid="3188422">
  <nd ref="8032617355"/>
  <nd ref="8032617345"/>
  <nd ref="8032617366"/>
  <nd ref="8032617365"/>
  <nd ref="8032617355"/>
  <tag k="amenity" v="parking_space"/>
  <tag k="capacity" v="1"/>
  <tag k="parking_space" v="normal"/>
  <tag k="site" v="parking"/>
  <tag k="type" v="site"/>
 </way>
 <way id="862113016" visible="true" version="1" changeset="92841763" timestamp="2020-10-21T15:21:26Z" user="ansuta" uid="3188422">
  <nd ref="8032617356"/>
  <nd ref="8032617346"/>
  <nd ref="8032617345"/>
  <nd ref="8032617355"/>
  <nd ref="8032617356"/>
  <tag k="amenity" v="parking_space"/>
  <tag k="capacity" v="1"/>
  <tag k="parking_space" v="normal"/>
  <tag k="site" v="parking"/>
  <tag k="type" v="site"/>
 </way>
 <way id="862113017" visible="true" version="1" changeset="92841763" timestamp="2020-10-21T15:21:26Z" user="ansuta" uid="3188422">
  <nd ref="8032617357"/>
  <nd ref="8032617347"/>
  <nd ref="8032617346"/>
  <nd ref="8032617356"/>
  <nd ref="8032617357"/>
  <tag k="amenity" v="parking_space"/>
  <tag k="capacity" v="1"/>
  <tag k="parking_space" v="normal"/>
  <tag k="site" v="parking"/>
  <tag k="type" v="site"/>
 </way>
 <way id="862113018" visible="true" version="1" changeset="92841763" timestamp="2020-10-21T15:21:26Z" user="ansuta" uid="3188422">
  <nd ref="8032617358"/>
  <nd ref="8032617348"/>
  <nd ref="8032617347"/>
  <nd ref="8032617357"/>
  <nd ref="8032617358"/>
  <tag k="amenity" v="parking_space"/>
  <tag k="capacity" v="1"/>
  <tag k="parking_space" v="normal"/>
  <tag k="site" v="parking"/>
  <tag k="type" v="site"/>
 </way>
 <way id="862113019" visible="true" version="1" changeset="92841763" timestamp="2020-10-21T15:21:26Z" user="ansuta" uid="3188422">
  <nd ref="8032617359"/>
  <nd ref="8032617349"/>
  <nd ref="8032617348"/>
  <nd ref="8032617358"/>
  <nd ref="8032617359"/>
  <tag k="amenity" v="parking_space"/>
  <tag k="capacity" v="1"/>
  <tag k="parking_space" v="normal"/>
  <tag k="site" v="parking"/>
  <tag k="type" v="site"/>
 </way>
 <way id="862113020" visible="true" version="1" changeset="92841763" timestamp="2020-10-21T15:21:26Z" user="ansuta" uid="3188422">
  <nd ref="8032617360"/>
  <nd ref="8032617350"/>
  <nd ref="8032617349"/>
  <nd ref="8032617359"/>
  <nd ref="8032617360"/>
  <tag k="amenity" v="parking_space"/>
  <tag k="capacity" v="1"/>
  <tag k="parking_space" v="normal"/>
  <tag k="site" v="parking"/>
  <tag k="type" v="site"/>
 </way>
 <way id="862113021" visible="true" version="1" changeset="92841763" timestamp="2020-10-21T15:21:26Z" user="ansuta" uid="3188422">
  <nd ref="8032617361"/>
  <nd ref="8032617351"/>
  <nd ref="8032617350"/>
  <nd ref="8032617360"/>
  <nd ref="8032617361"/>
  <tag k="amenity" v="parking_space"/>
  <tag k="capacity" v="1"/>
  <tag k="parking_space" v="normal"/>
  <tag k="site" v="parking"/>
  <tag k="type" v="site"/>
 </way>
 <way id="862113022" visible="true" version="1" changeset="92841763" timestamp="2020-10-21T15:21:26Z" user="ansuta" uid="3188422">
  <nd ref="8032617362"/>
  <nd ref="8032617352"/>
  <nd ref="8032617351"/>
  <nd ref="8032617361"/>
  <nd ref="8032617362"/>
  <tag k="amenity" v="parking_space"/>
  <tag k="capacity" v="1"/>
  <tag k="parking_space" v="normal"/>
  <tag k="site" v="parking"/>
  <tag k="type" v="site"/>
 </way>
 <way id="862113023" visible="true" version="1" changeset="92841763" timestamp="2020-10-21T15:21:26Z" user="ansuta" uid="3188422">
  <nd ref="8032617363"/>
  <nd ref="8032617353"/>
  <nd ref="8032617352"/>
  <nd ref="8032617362"/>
  <nd ref="8032617363"/>
  <tag k="amenity" v="parking_space"/>
  <tag k="capacity" v="1"/>
  <tag k="parking_space" v="normal"/>
  <tag k="site" v="parking"/>
  <tag k="type" v="site"/>
 </way>
 <way id="862113024" visible="true" version="1" changeset="92841763" timestamp="2020-10-21T15:21:26Z" user="ansuta" uid="3188422">
  <nd ref="8032617364"/>
  <nd ref="8032617354"/>
  <nd ref="8032617353"/>
  <nd ref="8032617363"/>
  <nd ref="8032617364"/>
  <tag k="amenity" v="parking_space"/>
  <tag k="capacity" v="1"/>
  <tag k="parking_space" v="normal"/>
  <tag k="site" v="parking"/>
  <tag k="type" v="site"/>
 </way>
 <way id="862113025" visible="true" version="1" changeset="92841763" timestamp="2020-10-21T15:21:26Z" user="ansuta" uid="3188422">
  <nd ref="6936073018"/>
  <nd ref="8032617367"/>
  <nd ref="8032617354"/>
  <nd ref="8032617364"/>
  <nd ref="6936073018"/>
  <tag k="amenity" v="parking_space"/>
  <tag k="capacity" v="1"/>
  <tag k="parking_space" v="normal"/>
  <tag k="site" v="parking"/>
  <tag k="type" v="site"/>
 </way>
 <way id="862113026" visible="true" version="1" changeset="92841763" timestamp="2020-10-21T15:21:26Z" user="ansuta" uid="3188422">
  <nd ref="8032617380"/>
  <nd ref="6936073020"/>
  <nd ref="8032661892"/>
  <nd ref="8032617368"/>
  <nd ref="8032617380"/>
  <tag k="amenity" v="parking_space"/>
  <tag k="capacity" v="1"/>
  <tag k="parking_space" v="normal"/>
  <tag k="site" v="parking"/>
  <tag k="type" v="site"/>
 </way>
 <way id="862113027" visible="true" version="1" changeset="92841763" timestamp="2020-10-21T15:21:26Z" user="ansuta" uid="3188422">
  <nd ref="8032617381"/>
  <nd ref="8032617380"/>
  <nd ref="8032617368"/>
  <nd ref="8032617369"/>
  <nd ref="8032617381"/>
  <tag k="amenity" v="parking_space"/>
  <tag k="capacity" v="1"/>
  <tag k="parking_space" v="normal"/>
  <tag k="site" v="parking"/>
  <tag k="type" v="site"/>
 </way>
 <way id="862113028" visible="true" version="1" changeset="92841763" timestamp="2020-10-21T15:21:26Z" user="ansuta" uid="3188422">
  <nd ref="8032617382"/>
  <nd ref="8032617381"/>
  <nd ref="8032617369"/>
  <nd ref="8032617370"/>
  <nd ref="8032617382"/>
  <tag k="amenity" v="parking_space"/>
  <tag k="capacity" v="1"/>
  <tag k="parking_space" v="normal"/>
  <tag k="site" v="parking"/>
  <tag k="type" v="site"/>
 </way>
 <way id="862113029" visible="true" version="1" changeset="92841763" timestamp="2020-10-21T15:21:26Z" user="ansuta" uid="3188422">
  <nd ref="8032617383"/>
  <nd ref="8032617382"/>
  <nd ref="8032617370"/>
  <nd ref="8032617371"/>
  <nd ref="8032617383"/>
  <tag k="amenity" v="parking_space"/>
  <tag k="capacity" v="1"/>
  <tag k="parking_space" v="normal"/>
  <tag k="site" v="parking"/>
  <tag k="type" v="site"/>
 </way>
 <way id="862113030" visible="true" version="1" changeset="92841763" timestamp="2020-10-21T15:21:26Z" user="ansuta" uid="3188422">
  <nd ref="8032617384"/>
  <nd ref="8032617383"/>
  <nd ref="8032617371"/>
  <nd ref="8032617372"/>
  <nd ref="8032617384"/>
  <tag k="amenity" v="parking_space"/>
  <tag k="capacity" v="1"/>
  <tag k="parking_space" v="normal"/>
  <tag k="site" v="parking"/>
  <tag k="type" v="site"/>
 </way>
 <way id="862113031" visible="true" version="1" changeset="92841763" timestamp="2020-10-21T15:21:26Z" user="ansuta" uid="3188422">
  <nd ref="8032661885"/>
  <nd ref="8032617384"/>
  <nd ref="8032617372"/>
  <nd ref="8032617373"/>
  <nd ref="8032661885"/>
  <tag k="amenity" v="parking_space"/>
  <tag k="capacity" v="1"/>
  <tag k="parking_space" v="normal"/>
  <tag k="site" v="parking"/>
  <tag k="type" v="site"/>
 </way>
 <way id="862113032" visible="true" version="1" changeset="92841763" timestamp="2020-10-21T15:21:26Z" user="ansuta" uid="3188422">
  <nd ref="8032661886"/>
  <nd ref="8032661885"/>
  <nd ref="8032617373"/>
  <nd ref="8032617374"/>
  <nd ref="8032661886"/>
  <tag k="amenity" v="parking_space"/>
  <tag k="capacity" v="1"/>
  <tag k="parking_space" v="normal"/>
  <tag k="site" v="parking"/>
  <tag k="type" v="site"/>
 </way>
 <way id="862113033" visible="true" version="1" changeset="92841763" timestamp="2020-10-21T15:21:26Z" user="ansuta" uid="3188422">
  <nd ref="8032661887"/>
  <nd ref="8032661886"/>
  <nd ref="8032617374"/>
  <nd ref="8032617375"/>
  <nd ref="8032661887"/>
  <tag k="amenity" v="parking_space"/>
  <tag k="capacity" v="1"/>
  <tag k="parking_space" v="normal"/>
  <tag k="site" v="parking"/>
  <tag k="type" v="site"/>
 </way>
 <way id="862113034" visible="true" version="1" changeset="92841763" timestamp="2020-10-21T15:21:26Z" user="ansuta" uid="3188422">
  <nd ref="8032661888"/>
  <nd ref="8032661887"/>
  <nd ref="8032617375"/>
  <nd ref="8032617376"/>
  <nd ref="8032661888"/>
  <tag k="amenity" v="parking_space"/>
  <tag k="capacity" v="1"/>
  <tag k="parking_space" v="normal"/>
  <tag k="site" v="parking"/>
  <tag k="type" v="site"/>
 </way>
 <way id="862113035" visible="true" version="1" changeset="92841763" timestamp="2020-10-21T15:21:26Z" user="ansuta" uid="3188422">
  <nd ref="8032661889"/>
  <nd ref="8032661888"/>
  <nd ref="8032617376"/>
  <nd ref="8032617377"/>
  <nd ref="8032661889"/>
  <tag k="amenity" v="parking_space"/>
  <tag k="capacity" v="1"/>
  <tag k="parking_space" v="normal"/>
  <tag k="site" v="parking"/>
  <tag k="type" v="site"/>
 </way>
 <way id="862113036" visible="true" version="1" changeset="92841763" timestamp="2020-10-21T15:21:26Z" user="ansuta" uid="3188422">
  <nd ref="8032661890"/>
  <nd ref="8032661889"/>
  <nd ref="8032617377"/>
  <nd ref="8032617378"/>
  <nd ref="8032661890"/>
  <tag k="amenity" v="parking_space"/>
  <tag k="capacity" v="1"/>
  <tag k="parking_space" v="normal"/>
  <tag k="site" v="parking"/>
  <tag k="type" v="site"/>
 </way>
 <way id="862113037" visible="true" version="1" changeset="92841763" timestamp="2020-10-21T15:21:26Z" user="ansuta" uid="3188422">
  <nd ref="8032661891"/>
  <nd ref="8032661890"/>
  <nd ref="8032617378"/>
  <nd ref="8032617379"/>
  <nd ref="8032661891"/>
  <tag k="amenity" v="parking_space"/>
  <tag k="capacity" v="1"/>
  <tag k="parking_space" v="normal"/>
  <tag k="site" v="parking"/>
  <tag k="type" v="site"/>
 </way>
 <way id="862113038" visible="true" version="1" changeset="92841763" timestamp="2020-10-21T15:21:26Z" user="ansuta" uid="3188422">
  <nd ref="6936073019"/>
  <nd ref="8032661891"/>
  <nd ref="8032617379"/>
  <nd ref="8032661893"/>
  <nd ref="6936073019"/>
  <tag k="amenity" v="parking_space"/>
  <tag k="capacity" v="1"/>
  <tag k="parking_space" v="normal"/>
  <tag k="site" v="parking"/>
  <tag k="type" v="site"/>
 </way>
 <way id="862113039" visible="true" version="1" changeset="92841763" timestamp="2020-10-21T15:21:26Z" user="ansuta" uid="3188422">
  <nd ref="8032661898"/>
  <nd ref="8032661895"/>
  <nd ref="8032661894"/>
  <nd ref="8032661897"/>
  <nd ref="8032661898"/>
  <tag k="amenity" v="parking_space"/>
  <tag k="capacity" v="1"/>
  <tag k="parking_space" v="normal"/>
  <tag k="site" v="parking"/>
  <tag k="type" v="site"/>
 </way>
 <way id="862113040" visible="true" version="1" changeset="92841763" timestamp="2020-10-21T15:21:26Z" user="ansuta" uid="3188422">
  <nd ref="8032661899"/>
  <nd ref="8032661896"/>
  <nd ref="8032661895"/>
  <nd ref="8032661898"/>
  <nd ref="8032661899"/>
  <tag k="amenity" v="parking_space"/>
  <tag k="capacity" v="1"/>
  <tag k="parking_space" v="normal"/>
  <tag k="site" v="parking"/>
  <tag k="type" v="site"/>
 </way>
 <way id="862113041" visible="true" version="1" changeset="92841763" timestamp="2020-10-21T15:21:26Z" user="ansuta" uid="3188422">
  <nd ref="8032661904"/>
  <nd ref="8032661906"/>
  <nd ref="8032661896"/>
  <nd ref="8032661899"/>
  <nd ref="8032661904"/>
  <tag k="amenity" v="parking_space"/>
  <tag k="capacity" v="1"/>
  <tag k="parking_space" v="normal"/>
  <tag k="site" v="parking"/>
  <tag k="type" v="site"/>
 </way>
 <way id="862113042" visible="true" version="1" changeset="92841763" timestamp="2020-10-21T15:21:26Z" user="ansuta" uid="3188422">
  <nd ref="8032661900"/>
  <nd ref="8032661897"/>
  <nd ref="8032661903"/>
  <nd ref="8032661905"/>
  <nd ref="8032661900"/>
  <tag k="amenity" v="parking_space"/>
  <tag k="capacity" v="1"/>
  <tag k="parking_space" v="normal"/>
  <tag k="site" v="parking"/>
  <tag k="type" v="site"/>
 </way>
 <way id="862113043" visible="true" version="1" changeset="92841763" timestamp="2020-10-21T15:21:26Z" user="ansuta" uid="3188422">
  <nd ref="8032661901"/>
  <nd ref="8032661898"/>
  <nd ref="8032661897"/>
  <nd ref="8032661900"/>
  <nd ref="8032661901"/>
  <tag k="amenity" v="parking_space"/>
  <tag k="capacity" v="1"/>
  <tag k="parking_space" v="normal"/>
  <tag k="site" v="parking"/>
  <tag k="type" v="site"/>
 </way>
 <way id="862113044" visible="true" version="1" changeset="92841763" timestamp="2020-10-21T15:21:26Z" user="ansuta" uid="3188422">
  <nd ref="8032661902"/>
  <nd ref="8032661899"/>
  <nd ref="8032661898"/>
  <nd ref="8032661901"/>
  <nd ref="8032661902"/>
  <tag k="amenity" v="parking_space"/>
  <tag k="capacity" v="1"/>
  <tag k="parking_space" v="normal"/>
  <tag k="site" v="parking"/>
  <tag k="type" v="site"/>
 </way>
 <way id="862113045" visible="true" version="1" changeset="92841763" timestamp="2020-10-21T15:21:26Z" user="ansuta" uid="3188422">
  <nd ref="8032661907"/>
  <nd ref="8032661904"/>
  <nd ref="8032661899"/>
  <nd ref="8032661902"/>
  <nd ref="8032661907"/>
  <tag k="amenity" v="parking_space"/>
  <tag k="capacity" v="1"/>
  <tag k="parking_space" v="normal"/>
  <tag k="site" v="parking"/>
  <tag k="type" v="site"/>
 </way>
 <way id="862113046" visible="true" version="1" changeset="92841763" timestamp="2020-10-21T15:21:26Z" user="ansuta" uid="3188422">
  <nd ref="8032661968"/>
  <nd ref="8032661998"/>
  <nd ref="8032661908"/>
  <nd ref="8032661909"/>
  <nd ref="8032661968"/>
  <tag k="amenity" v="parking_space"/>
  <tag k="capacity" v="1"/>
  <tag k="parking_space" v="normal"/>
  <tag k="site" v="parking"/>
  <tag k="type" v="site"/>
 </way>
 <way id="862113047" visible="true" version="1" changeset="92841763" timestamp="2020-10-21T15:21:26Z" user="ansuta" uid="3188422">
  <nd ref="8032661910"/>
  <nd ref="8032661909"/>
  <nd ref="8032661939"/>
  <nd ref="8032661940"/>
  <nd ref="8032661910"/>
  <tag k="amenity" v="parking_space"/>
  <tag k="capacity" v="1"/>
  <tag k="parking_space" v="normal"/>
  <tag k="site" v="parking"/>
  <tag k="type" v="site"/>
 </way>
 <way id="862113048" visible="true" version="1" changeset="92841763" timestamp="2020-10-21T15:21:26Z" user="ansuta" uid="3188422">
  <nd ref="8032661969"/>
  <nd ref="8032661968"/>
  <nd ref="8032661909"/>
  <nd ref="8032661910"/>
  <nd ref="8032661969"/>
  <tag k="amenity" v="parking_space"/>
  <tag k="capacity" v="1"/>
  <tag k="parking_space" v="normal"/>
  <tag k="site" v="parking"/>
  <tag k="type" v="site"/>
 </way>
 <way id="862113049" visible="true" version="1" changeset="92841763" timestamp="2020-10-21T15:21:26Z" user="ansuta" uid="3188422">
  <nd ref="8032661911"/>
  <nd ref="8032661910"/>
  <nd ref="8032661940"/>
  <nd ref="8032661941"/>
  <nd ref="8032661911"/>
  <tag k="amenity" v="parking_space"/>
  <tag k="capacity" v="1"/>
  <tag k="parking_space" v="normal"/>
  <tag k="site" v="parking"/>
  <tag k="type" v="site"/>
 </way>
 <way id="862113050" visible="true" version="1" changeset="92841763" timestamp="2020-10-21T15:21:26Z" user="ansuta" uid="3188422">
  <nd ref="8032661970"/>
  <nd ref="8032661969"/>
  <nd ref="8032661910"/>
  <nd ref="8032661911"/>
  <nd ref="8032661970"/>
  <tag k="amenity" v="parking_space"/>
  <tag k="capacity" v="1"/>
  <tag k="parking_space" v="normal"/>
  <tag k="site" v="parking"/>
  <tag k="type" v="site"/>
 </way>
 <way id="862113051" visible="true" version="1" changeset="92841763" timestamp="2020-10-21T15:21:26Z" user="ansuta" uid="3188422">
  <nd ref="8032661912"/>
  <nd ref="8032661911"/>
  <nd ref="8032661941"/>
  <nd ref="8032661942"/>
  <nd ref="8032661912"/>
  <tag k="amenity" v="parking_space"/>
  <tag k="capacity" v="1"/>
  <tag k="parking_space" v="normal"/>
  <tag k="site" v="parking"/>
  <tag k="type" v="site"/>
 </way>
 <way id="862113052" visible="true" version="1" changeset="92841763" timestamp="2020-10-21T15:21:26Z" user="ansuta" uid="3188422">
  <nd ref="8032661971"/>
  <nd ref="8032661970"/>
  <nd ref="8032661911"/>
  <nd ref="8032661912"/>
  <nd ref="8032661971"/>
  <tag k="amenity" v="parking_space"/>
  <tag k="capacity" v="1"/>
  <tag k="parking_space" v="normal"/>
  <tag k="site" v="parking"/>
  <tag k="type" v="site"/>
 </way>
 <way id="862113053" visible="true" version="1" changeset="92841763" timestamp="2020-10-21T15:21:26Z" user="ansuta" uid="3188422">
  <nd ref="8032661913"/>
  <nd ref="8032661912"/>
  <nd ref="8032661942"/>
  <nd ref="8032661943"/>
  <nd ref="8032661913"/>
  <tag k="amenity" v="parking_space"/>
  <tag k="capacity" v="1"/>
  <tag k="parking_space" v="normal"/>
  <tag k="site" v="parking"/>
  <tag k="type" v="site"/>
 </way>
 <way id="862113054" visible="true" version="1" changeset="92841763" timestamp="2020-10-21T15:21:26Z" user="ansuta" uid="3188422">
  <nd ref="8032661972"/>
  <nd ref="8032661971"/>
  <nd ref="8032661912"/>
  <nd ref="8032661913"/>
  <nd ref="8032661972"/>
  <tag k="amenity" v="parking_space"/>
  <tag k="capacity" v="1"/>
  <tag k="parking_space" v="normal"/>
  <tag k="site" v="parking"/>
  <tag k="type" v="site"/>
 </way>
 <way id="862113055" visible="true" version="1" changeset="92841763" timestamp="2020-10-21T15:21:26Z" user="ansuta" uid="3188422">
  <nd ref="8032661914"/>
  <nd ref="8032661913"/>
  <nd ref="8032661943"/>
  <nd ref="8032661944"/>
  <nd ref="8032661914"/>
  <tag k="amenity" v="parking_space"/>
  <tag k="capacity" v="1"/>
  <tag k="parking_space" v="normal"/>
  <tag k="site" v="parking"/>
  <tag k="type" v="site"/>
 </way>
 <way id="862113056" visible="true" version="1" changeset="92841763" timestamp="2020-10-21T15:21:26Z" user="ansuta" uid="3188422">
  <nd ref="8032661973"/>
  <nd ref="8032661972"/>
  <nd ref="8032661913"/>
  <nd ref="8032661914"/>
  <nd ref="8032661973"/>
  <tag k="amenity" v="parking_space"/>
  <tag k="capacity" v="1"/>
  <tag k="parking_space" v="normal"/>
  <tag k="site" v="parking"/>
  <tag k="type" v="site"/>
 </way>
 <way id="862113057" visible="true" version="1" changeset="92841763" timestamp="2020-10-21T15:21:26Z" user="ansuta" uid="3188422">
  <nd ref="8032661915"/>
  <nd ref="8032661914"/>
  <nd ref="8032661944"/>
  <nd ref="8032661945"/>
  <nd ref="8032661915"/>
  <tag k="amenity" v="parking_space"/>
  <tag k="capacity" v="1"/>
  <tag k="parking_space" v="normal"/>
  <tag k="site" v="parking"/>
  <tag k="type" v="site"/>
 </way>
 <way id="862113058" visible="true" version="1" changeset="92841763" timestamp="2020-10-21T15:21:26Z" user="ansuta" uid="3188422">
  <nd ref="8032661974"/>
  <nd ref="8032661973"/>
  <nd ref="8032661914"/>
  <nd ref="8032661915"/>
  <nd ref="8032661974"/>
  <tag k="amenity" v="parking_space"/>
  <tag k="capacity" v="1"/>
  <tag k="parking_space" v="normal"/>
  <tag k="site" v="parking"/>
  <tag k="type" v="site"/>
 </way>
 <way id="862113059" visible="true" version="1" changeset="92841763" timestamp="2020-10-21T15:21:26Z" user="ansuta" uid="3188422">
  <nd ref="8032661916"/>
  <nd ref="8032661915"/>
  <nd ref="8032661945"/>
  <nd ref="8032661946"/>
  <nd ref="8032661916"/>
  <tag k="amenity" v="parking_space"/>
  <tag k="capacity" v="1"/>
  <tag k="parking_space" v="normal"/>
  <tag k="site" v="parking"/>
  <tag k="type" v="site"/>
 </way>
 <way id="862113060" visible="true" version="1" changeset="92841763" timestamp="2020-10-21T15:21:26Z" user="ansuta" uid="3188422">
  <nd ref="8032661975"/>
  <nd ref="8032661974"/>
  <nd ref="8032661915"/>
  <nd ref="8032661916"/>
  <nd ref="8032661975"/>
  <tag k="amenity" v="parking_space"/>
  <tag k="capacity" v="1"/>
  <tag k="parking_space" v="normal"/>
  <tag k="site" v="parking"/>
  <tag k="type" v="site"/>
 </way>
 <way id="862113061" visible="true" version="1" changeset="92841763" timestamp="2020-10-21T15:21:26Z" user="ansuta" uid="3188422">
  <nd ref="8032661917"/>
  <nd ref="8032661916"/>
  <nd ref="8032661946"/>
  <nd ref="8032661947"/>
  <nd ref="8032661917"/>
  <tag k="amenity" v="parking_space"/>
  <tag k="capacity" v="1"/>
  <tag k="parking_space" v="normal"/>
  <tag k="site" v="parking"/>
  <tag k="type" v="site"/>
 </way>
 <way id="862113062" visible="true" version="1" changeset="92841763" timestamp="2020-10-21T15:21:26Z" user="ansuta" uid="3188422">
  <nd ref="8032661976"/>
  <nd ref="8032661975"/>
  <nd ref="8032661916"/>
  <nd ref="8032661917"/>
  <nd ref="8032661976"/>
  <tag k="amenity" v="parking_space"/>
  <tag k="capacity" v="1"/>
  <tag k="parking_space" v="normal"/>
  <tag k="site" v="parking"/>
  <tag k="type" v="site"/>
 </way>
 <way id="862113063" visible="true" version="1" changeset="92841763" timestamp="2020-10-21T15:21:26Z" user="ansuta" uid="3188422">
  <nd ref="8032661918"/>
  <nd ref="8032661917"/>
  <nd ref="8032661947"/>
  <nd ref="8032661948"/>
  <nd ref="8032661918"/>
  <tag k="amenity" v="parking_space"/>
  <tag k="capacity" v="1"/>
  <tag k="parking_space" v="normal"/>
  <tag k="site" v="parking"/>
  <tag k="type" v="site"/>
 </way>
 <way id="862113064" visible="true" version="1" changeset="92841763" timestamp="2020-10-21T15:21:26Z" user="ansuta" uid="3188422">
  <nd ref="8032661977"/>
  <nd ref="8032661976"/>
  <nd ref="8032661917"/>
  <nd ref="8032661918"/>
  <nd ref="8032661977"/>
  <tag k="amenity" v="parking_space"/>
  <tag k="capacity" v="1"/>
  <tag k="parking_space" v="normal"/>
  <tag k="site" v="parking"/>
  <tag k="type" v="site"/>
 </way>
 <way id="862113065" visible="true" version="1" changeset="92841763" timestamp="2020-10-21T15:21:26Z" user="ansuta" uid="3188422">
  <nd ref="8032661919"/>
  <nd ref="8032661918"/>
  <nd ref="8032661948"/>
  <nd ref="8032661949"/>
  <nd ref="8032661919"/>
  <tag k="amenity" v="parking_space"/>
  <tag k="capacity" v="1"/>
  <tag k="parking_space" v="normal"/>
  <tag k="site" v="parking"/>
  <tag k="type" v="site"/>
 </way>
 <way id="862113066" visible="true" version="1" changeset="92841763" timestamp="2020-10-21T15:21:26Z" user="ansuta" uid="3188422">
  <nd ref="8032661978"/>
  <nd ref="8032661977"/>
  <nd ref="8032661918"/>
  <nd ref="8032661919"/>
  <nd ref="8032661978"/>
  <tag k="amenity" v="parking_space"/>
  <tag k="capacity" v="1"/>
  <tag k="parking_space" v="normal"/>
  <tag k="site" v="parking"/>
  <tag k="type" v="site"/>
 </way>
 <way id="862113067" visible="true" version="1" changeset="92841763" timestamp="2020-10-21T15:21:26Z" user="ansuta" uid="3188422">
  <nd ref="8032661920"/>
  <nd ref="8032661919"/>
  <nd ref="8032661949"/>
  <nd ref="8032661950"/>
  <nd ref="8032661920"/>
  <tag k="amenity" v="parking_space"/>
  <tag k="capacity" v="1"/>
  <tag k="parking_space" v="normal"/>
  <tag k="site" v="parking"/>
  <tag k="type" v="site"/>
 </way>
 <way id="862113068" visible="true" version="1" changeset="92841763" timestamp="2020-10-21T15:21:26Z" user="ansuta" uid="3188422">
  <nd ref="8032661979"/>
  <nd ref="8032661978"/>
  <nd ref="8032661919"/>
  <nd ref="8032661920"/>
  <nd ref="8032661979"/>
  <tag k="amenity" v="parking_space"/>
  <tag k="capacity" v="1"/>
  <tag k="parking_space" v="normal"/>
  <tag k="site" v="parking"/>
  <tag k="type" v="site"/>
 </way>
 <way id="862113069" visible="true" version="1" changeset="92841763" timestamp="2020-10-21T15:21:26Z" user="ansuta" uid="3188422">
  <nd ref="8032661921"/>
  <nd ref="8032661920"/>
  <nd ref="8032661950"/>
  <nd ref="8032661951"/>
  <nd ref="8032661921"/>
  <tag k="amenity" v="parking_space"/>
  <tag k="capacity" v="1"/>
  <tag k="parking_space" v="normal"/>
  <tag k="site" v="parking"/>
  <tag k="type" v="site"/>
 </way>
 <way id="862113070" visible="true" version="1" changeset="92841763" timestamp="2020-10-21T15:21:26Z" user="ansuta" uid="3188422">
  <nd ref="8032661980"/>
  <nd ref="8032661979"/>
  <nd ref="8032661920"/>
  <nd ref="8032661921"/>
  <nd ref="8032661980"/>
  <tag k="amenity" v="parking_space"/>
  <tag k="capacity" v="1"/>
  <tag k="parking_space" v="normal"/>
  <tag k="site" v="parking"/>
  <tag k="type" v="site"/>
 </way>
 <way id="862113071" visible="true" version="1" changeset="92841763" timestamp="2020-10-21T15:21:26Z" user="ansuta" uid="3188422">
  <nd ref="8032661922"/>
  <nd ref="8032661921"/>
  <nd ref="8032661951"/>
  <nd ref="8032661952"/>
  <nd ref="8032661922"/>
  <tag k="amenity" v="parking_space"/>
  <tag k="capacity" v="1"/>
  <tag k="parking_space" v="normal"/>
  <tag k="site" v="parking"/>
  <tag k="type" v="site"/>
 </way>
 <way id="862113072" visible="true" version="1" changeset="92841763" timestamp="2020-10-21T15:21:26Z" user="ansuta" uid="3188422">
  <nd ref="8032661981"/>
  <nd ref="8032661980"/>
  <nd ref="8032661921"/>
  <nd ref="8032661922"/>
  <nd ref="8032661981"/>
  <tag k="amenity" v="parking_space"/>
  <tag k="capacity" v="1"/>
  <tag k="parking_space" v="normal"/>
  <tag k="site" v="parking"/>
  <tag k="type" v="site"/>
 </way>
 <way id="862113073" visible="true" version="1" changeset="92841763" timestamp="2020-10-21T15:21:26Z" user="ansuta" uid="3188422">
  <nd ref="8032661923"/>
  <nd ref="8032661922"/>
  <nd ref="8032661952"/>
  <nd ref="8032661953"/>
  <nd ref="8032661923"/>
  <tag k="amenity" v="parking_space"/>
  <tag k="capacity" v="1"/>
  <tag k="parking_space" v="normal"/>
  <tag k="site" v="parking"/>
  <tag k="type" v="site"/>
 </way>
 <way id="862113074" visible="true" version="1" changeset="92841763" timestamp="2020-10-21T15:21:26Z" user="ansuta" uid="3188422">
  <nd ref="8032661982"/>
  <nd ref="8032661981"/>
  <nd ref="8032661922"/>
  <nd ref="8032661923"/>
  <nd ref="8032661982"/>
  <tag k="amenity" v="parking_space"/>
  <tag k="capacity" v="1"/>
  <tag k="parking_space" v="normal"/>
  <tag k="site" v="parking"/>
  <tag k="type" v="site"/>
 </way>
 <way id="862113075" visible="true" version="1" changeset="92841763" timestamp="2020-10-21T15:21:26Z" user="ansuta" uid="3188422">
  <nd ref="8032661924"/>
  <nd ref="8032661923"/>
  <nd ref="8032661953"/>
  <nd ref="8032661954"/>
  <nd ref="8032661924"/>
  <tag k="amenity" v="parking_space"/>
  <tag k="capacity" v="1"/>
  <tag k="parking_space" v="normal"/>
  <tag k="site" v="parking"/>
  <tag k="type" v="site"/>
 </way>
 <way id="862113076" visible="true" version="1" changeset="92841763" timestamp="2020-10-21T15:21:26Z" user="ansuta" uid="3188422">
  <nd ref="8032661983"/>
  <nd ref="8032661982"/>
  <nd ref="8032661923"/>
  <nd ref="8032661924"/>
  <nd ref="8032661983"/>
  <tag k="amenity" v="parking_space"/>
  <tag k="capacity" v="1"/>
  <tag k="parking_space" v="normal"/>
  <tag k="site" v="parking"/>
  <tag k="type" v="site"/>
 </way>
 <way id="862113077" visible="true" version="1" changeset="92841763" timestamp="2020-10-21T15:21:26Z" user="ansuta" uid="3188422">
  <nd ref="8032661925"/>
  <nd ref="8032661924"/>
  <nd ref="8032661954"/>
  <nd ref="8032661955"/>
  <nd ref="8032661925"/>
  <tag k="amenity" v="parking_space"/>
  <tag k="capacity" v="1"/>
  <tag k="parking_space" v="normal"/>
  <tag k="site" v="parking"/>
  <tag k="type" v="site"/>
 </way>
 <way id="862113078" visible="true" version="1" changeset="92841763" timestamp="2020-10-21T15:21:26Z" user="ansuta" uid="3188422">
  <nd ref="8032661984"/>
  <nd ref="8032661983"/>
  <nd ref="8032661924"/>
  <nd ref="8032661925"/>
  <nd ref="8032661984"/>
  <tag k="amenity" v="parking_space"/>
  <tag k="capacity" v="1"/>
  <tag k="parking_space" v="normal"/>
  <tag k="site" v="parking"/>
  <tag k="type" v="site"/>
 </way>
 <way id="862113079" visible="true" version="1" changeset="92841763" timestamp="2020-10-21T15:21:26Z" user="ansuta" uid="3188422">
  <nd ref="8032661926"/>
  <nd ref="8032661925"/>
  <nd ref="8032661955"/>
  <nd ref="8032661956"/>
  <nd ref="8032661926"/>
  <tag k="amenity" v="parking_space"/>
  <tag k="capacity" v="1"/>
  <tag k="parking_space" v="normal"/>
  <tag k="site" v="parking"/>
  <tag k="type" v="site"/>
 </way>
 <way id="862113080" visible="true" version="1" changeset="92841763" timestamp="2020-10-21T15:21:26Z" user="ansuta" uid="3188422">
  <nd ref="8032661985"/>
  <nd ref="8032661984"/>
  <nd ref="8032661925"/>
  <nd ref="8032661926"/>
  <nd ref="8032661985"/>
  <tag k="amenity" v="parking_space"/>
  <tag k="capacity" v="1"/>
  <tag k="parking_space" v="normal"/>
  <tag k="site" v="parking"/>
  <tag k="type" v="site"/>
 </way>
 <way id="862113081" visible="true" version="1" changeset="92841763" timestamp="2020-10-21T15:21:26Z" user="ansuta" uid="3188422">
  <nd ref="8032661927"/>
  <nd ref="8032661926"/>
  <nd ref="8032661956"/>
  <nd ref="8032661957"/>
  <nd ref="8032661927"/>
  <tag k="amenity" v="parking_space"/>
  <tag k="capacity" v="1"/>
  <tag k="parking_space" v="normal"/>
  <tag k="site" v="parking"/>
  <tag k="type" v="site"/>
 </way>
 <way id="862113082" visible="true" version="1" changeset="92841763" timestamp="2020-10-21T15:21:26Z" user="ansuta" uid="3188422">
  <nd ref="8032661986"/>
  <nd ref="8032661985"/>
  <nd ref="8032661926"/>
  <nd ref="8032661927"/>
  <nd ref="8032661986"/>
  <tag k="amenity" v="parking_space"/>
  <tag k="capacity" v="1"/>
  <tag k="parking_space" v="normal"/>
  <tag k="site" v="parking"/>
  <tag k="type" v="site"/>
 </way>
 <way id="862113083" visible="true" version="1" changeset="92841763" timestamp="2020-10-21T15:21:26Z" user="ansuta" uid="3188422">
  <nd ref="8032661928"/>
  <nd ref="8032661927"/>
  <nd ref="8032661957"/>
  <nd ref="8032661958"/>
  <nd ref="8032661928"/>
  <tag k="amenity" v="parking_space"/>
  <tag k="capacity" v="1"/>
  <tag k="parking_space" v="normal"/>
  <tag k="site" v="parking"/>
  <tag k="type" v="site"/>
 </way>
 <way id="862113084" visible="true" version="1" changeset="92841763" timestamp="2020-10-21T15:21:26Z" user="ansuta" uid="3188422">
  <nd ref="8032661987"/>
  <nd ref="8032661986"/>
  <nd ref="8032661927"/>
  <nd ref="8032661928"/>
  <nd ref="8032661987"/>
  <tag k="amenity" v="parking_space"/>
  <tag k="capacity" v="1"/>
  <tag k="parking_space" v="normal"/>
  <tag k="site" v="parking"/>
  <tag k="type" v="site"/>
 </way>
 <way id="862113085" visible="true" version="1" changeset="92841763" timestamp="2020-10-21T15:21:26Z" user="ansuta" uid="3188422">
  <nd ref="8032661929"/>
  <nd ref="8032661928"/>
  <nd ref="8032661958"/>
  <nd ref="8032661959"/>
  <nd ref="8032661929"/>
  <tag k="amenity" v="parking_space"/>
  <tag k="capacity" v="1"/>
  <tag k="parking_space" v="normal"/>
  <tag k="site" v="parking"/>
  <tag k="type" v="site"/>
 </way>
 <way id="862113086" visible="true" version="1" changeset="92841763" timestamp="2020-10-21T15:21:26Z" user="ansuta" uid="3188422">
  <nd ref="8032661988"/>
  <nd ref="8032661987"/>
  <nd ref="8032661928"/>
  <nd ref="8032661929"/>
  <nd ref="8032661988"/>
  <tag k="amenity" v="parking_space"/>
  <tag k="capacity" v="1"/>
  <tag k="parking_space" v="normal"/>
  <tag k="site" v="parking"/>
  <tag k="type" v="site"/>
 </way>
 <way id="862113087" visible="true" version="1" changeset="92841763" timestamp="2020-10-21T15:21:26Z" user="ansuta" uid="3188422">
  <nd ref="8032661930"/>
  <nd ref="8032661929"/>
  <nd ref="8032661959"/>
  <nd ref="8032661960"/>
  <nd ref="8032661930"/>
  <tag k="amenity" v="parking_space"/>
  <tag k="capacity" v="1"/>
  <tag k="parking_space" v="normal"/>
  <tag k="site" v="parking"/>
  <tag k="type" v="site"/>
 </way>
 <way id="862113088" visible="true" version="1" changeset="92841763" timestamp="2020-10-21T15:21:26Z" user="ansuta" uid="3188422">
  <nd ref="8032661989"/>
  <nd ref="8032661988"/>
  <nd ref="8032661929"/>
  <nd ref="8032661930"/>
  <nd ref="8032661989"/>
  <tag k="amenity" v="parking_space"/>
  <tag k="capacity" v="1"/>
  <tag k="parking_space" v="normal"/>
  <tag k="site" v="parking"/>
  <tag k="type" v="site"/>
 </way>
 <way id="862113089" visible="true" version="1" changeset="92841763" timestamp="2020-10-21T15:21:26Z" user="ansuta" uid="3188422">
  <nd ref="8032661931"/>
  <nd ref="8032661930"/>
  <nd ref="8032661960"/>
  <nd ref="8032661961"/>
  <nd ref="8032661931"/>
  <tag k="amenity" v="parking_space"/>
  <tag k="capacity" v="1"/>
  <tag k="parking_space" v="normal"/>
  <tag k="site" v="parking"/>
  <tag k="type" v="site"/>
 </way>
 <way id="862113090" visible="true" version="1" changeset="92841763" timestamp="2020-10-21T15:21:26Z" user="ansuta" uid="3188422">
  <nd ref="8032661990"/>
  <nd ref="8032661989"/>
  <nd ref="8032661930"/>
  <nd ref="8032661931"/>
  <nd ref="8032661990"/>
  <tag k="amenity" v="parking_space"/>
  <tag k="capacity" v="1"/>
  <tag k="parking_space" v="normal"/>
  <tag k="site" v="parking"/>
  <tag k="type" v="site"/>
 </way>
 <way id="862113091" visible="true" version="1" changeset="92841763" timestamp="2020-10-21T15:21:26Z" user="ansuta" uid="3188422">
  <nd ref="8032661932"/>
  <nd ref="8032661931"/>
  <nd ref="8032661961"/>
  <nd ref="8032661962"/>
  <nd ref="8032661932"/>
  <tag k="amenity" v="parking_space"/>
  <tag k="capacity" v="1"/>
  <tag k="parking_space" v="normal"/>
  <tag k="site" v="parking"/>
  <tag k="type" v="site"/>
 </way>
 <way id="862113092" visible="true" version="1" changeset="92841763" timestamp="2020-10-21T15:21:26Z" user="ansuta" uid="3188422">
  <nd ref="8032661991"/>
  <nd ref="8032661990"/>
  <nd ref="8032661931"/>
  <nd ref="8032661932"/>
  <nd ref="8032661991"/>
  <tag k="amenity" v="parking_space"/>
  <tag k="capacity" v="1"/>
  <tag k="parking_space" v="normal"/>
  <tag k="site" v="parking"/>
  <tag k="type" v="site"/>
 </way>
 <way id="862113093" visible="true" version="1" changeset="92841763" timestamp="2020-10-21T15:21:26Z" user="ansuta" uid="3188422">
  <nd ref="8032661933"/>
  <nd ref="8032661932"/>
  <nd ref="8032661962"/>
  <nd ref="8032661963"/>
  <nd ref="8032661933"/>
  <tag k="amenity" v="parking_space"/>
  <tag k="capacity" v="1"/>
  <tag k="parking_space" v="normal"/>
  <tag k="site" v="parking"/>
  <tag k="type" v="site"/>
 </way>
 <way id="862113094" visible="true" version="1" changeset="92841763" timestamp="2020-10-21T15:21:26Z" user="ansuta" uid="3188422">
  <nd ref="8032661992"/>
  <nd ref="8032661991"/>
  <nd ref="8032661932"/>
  <nd ref="8032661933"/>
  <nd ref="8032661992"/>
  <tag k="amenity" v="parking_space"/>
  <tag k="capacity" v="1"/>
  <tag k="parking_space" v="normal"/>
  <tag k="site" v="parking"/>
  <tag k="type" v="site"/>
 </way>
 <way id="862113095" visible="true" version="1" changeset="92841763" timestamp="2020-10-21T15:21:26Z" user="ansuta" uid="3188422">
  <nd ref="8032661934"/>
  <nd ref="8032661933"/>
  <nd ref="8032661963"/>
  <nd ref="8032661964"/>
  <nd ref="8032661934"/>
  <tag k="amenity" v="parking_space"/>
  <tag k="capacity" v="1"/>
  <tag k="parking_space" v="normal"/>
  <tag k="site" v="parking"/>
  <tag k="type" v="site"/>
 </way>
 <way id="862113096" visible="true" version="1" changeset="92841763" timestamp="2020-10-21T15:21:26Z" user="ansuta" uid="3188422">
  <nd ref="8032661993"/>
  <nd ref="8032661992"/>
  <nd ref="8032661933"/>
  <nd ref="8032661934"/>
  <nd ref="8032661993"/>
  <tag k="amenity" v="parking_space"/>
  <tag k="capacity" v="1"/>
  <tag k="parking_space" v="normal"/>
  <tag k="site" v="parking"/>
  <tag k="type" v="site"/>
 </way>
 <way id="862113097" visible="true" version="1" changeset="92841763" timestamp="2020-10-21T15:21:26Z" user="ansuta" uid="3188422">
  <nd ref="8032661935"/>
  <nd ref="8032661934"/>
  <nd ref="8032661964"/>
  <nd ref="8032661965"/>
  <nd ref="8032661935"/>
  <tag k="amenity" v="parking_space"/>
  <tag k="capacity" v="1"/>
  <tag k="parking_space" v="normal"/>
  <tag k="site" v="parking"/>
  <tag k="type" v="site"/>
 </way>
 <way id="862113098" visible="true" version="1" changeset="92841763" timestamp="2020-10-21T15:21:26Z" user="ansuta" uid="3188422">
  <nd ref="8032661994"/>
  <nd ref="8032661993"/>
  <nd ref="8032661934"/>
  <nd ref="8032661935"/>
  <nd ref="8032661994"/>
  <tag k="amenity" v="parking_space"/>
  <tag k="capacity" v="1"/>
  <tag k="parking_space" v="normal"/>
  <tag k="site" v="parking"/>
  <tag k="type" v="site"/>
 </way>
 <way id="862113099" visible="true" version="1" changeset="92841763" timestamp="2020-10-21T15:21:26Z" user="ansuta" uid="3188422">
  <nd ref="8032661936"/>
  <nd ref="8032661935"/>
  <nd ref="8032661965"/>
  <nd ref="8032661966"/>
  <nd ref="8032661936"/>
  <tag k="amenity" v="parking_space"/>
  <tag k="capacity" v="1"/>
  <tag k="parking_space" v="normal"/>
  <tag k="site" v="parking"/>
  <tag k="type" v="site"/>
 </way>
 <way id="862113100" visible="true" version="1" changeset="92841763" timestamp="2020-10-21T15:21:26Z" user="ansuta" uid="3188422">
  <nd ref="8032661995"/>
  <nd ref="8032661994"/>
  <nd ref="8032661935"/>
  <nd ref="8032661936"/>
  <nd ref="8032661995"/>
  <tag k="amenity" v="parking_space"/>
  <tag k="capacity" v="1"/>
  <tag k="parking_space" v="normal"/>
  <tag k="site" v="parking"/>
  <tag k="type" v="site"/>
 </way>
 <way id="862113101" visible="true" version="1" changeset="92841763" timestamp="2020-10-21T15:21:26Z" user="ansuta" uid="3188422">
  <nd ref="8032661937"/>
  <nd ref="8032661936"/>
  <nd ref="8032661966"/>
  <nd ref="8032661967"/>
  <nd ref="8032661937"/>
  <tag k="amenity" v="parking_space"/>
  <tag k="capacity" v="1"/>
  <tag k="parking_space" v="normal"/>
  <tag k="site" v="parking"/>
  <tag k="type" v="site"/>
 </way>
 <way id="862113102" visible="true" version="1" changeset="92841763" timestamp="2020-10-21T15:21:26Z" user="ansuta" uid="3188422">
  <nd ref="8032661996"/>
  <nd ref="8032661995"/>
  <nd ref="8032661936"/>
  <nd ref="8032661937"/>
  <nd ref="8032661996"/>
  <tag k="amenity" v="parking_space"/>
  <tag k="capacity" v="1"/>
  <tag k="parking_space" v="normal"/>
  <tag k="site" v="parking"/>
  <tag k="type" v="site"/>
 </way>
 <way id="862113103" visible="true" version="1" changeset="92841763" timestamp="2020-10-21T15:21:26Z" user="ansuta" uid="3188422">
  <nd ref="8032661938"/>
  <nd ref="8032661937"/>
  <nd ref="8032661967"/>
  <nd ref="8032661997"/>
  <nd ref="8032661938"/>
  <tag k="amenity" v="parking_space"/>
  <tag k="capacity" v="1"/>
  <tag k="parking_space" v="normal"/>
  <tag k="site" v="parking"/>
  <tag k="type" v="site"/>
 </way>
 <way id="862113104" visible="true" version="1" changeset="92841763" timestamp="2020-10-21T15:21:26Z" user="ansuta" uid="3188422">
  <nd ref="8032661999"/>
  <nd ref="8032661996"/>
  <nd ref="8032661937"/>
  <nd ref="8032661938"/>
  <nd ref="8032661999"/>
  <tag k="amenity" v="parking_space"/>
  <tag k="capacity" v="1"/>
  <tag k="parking_space" v="normal"/>
  <tag k="site" v="parking"/>
  <tag k="type" v="site"/>
 </way>
 <way id="862113105" visible="true" version="1" changeset="92841763" timestamp="2020-10-21T15:21:26Z" user="ansuta" uid="3188422">
  <nd ref="8032662010"/>
  <nd ref="8032662000"/>
  <nd ref="8032662020"/>
  <nd ref="4823866915"/>
  <nd ref="8032662010"/>
  <tag k="amenity" v="parking_space"/>
  <tag k="capacity" v="1"/>
  <tag k="parking_space" v="normal"/>
  <tag k="site" v="parking"/>
  <tag k="type" v="site"/>
 </way>
 <way id="862113106" visible="true" version="1" changeset="92841763" timestamp="2020-10-21T15:21:26Z" user="ansuta" uid="3188422">
  <nd ref="8032662011"/>
  <nd ref="8032662001"/>
  <nd ref="8032662000"/>
  <nd ref="8032662010"/>
  <nd ref="8032662011"/>
  <tag k="amenity" v="parking_space"/>
  <tag k="capacity" v="1"/>
  <tag k="parking_space" v="normal"/>
  <tag k="site" v="parking"/>
  <tag k="type" v="site"/>
 </way>
 <way id="862113107" visible="true" version="1" changeset="92841763" timestamp="2020-10-21T15:21:26Z" user="ansuta" uid="3188422">
  <nd ref="8032662012"/>
  <nd ref="8032662002"/>
  <nd ref="8032662001"/>
  <nd ref="8032662011"/>
  <nd ref="8032662012"/>
  <tag k="amenity" v="parking_space"/>
  <tag k="capacity" v="1"/>
  <tag k="parking_space" v="normal"/>
  <tag k="site" v="parking"/>
  <tag k="type" v="site"/>
 </way>
 <way id="862113108" visible="true" version="1" changeset="92841763" timestamp="2020-10-21T15:21:26Z" user="ansuta" uid="3188422">
  <nd ref="8032662013"/>
  <nd ref="8032662003"/>
  <nd ref="8032662002"/>
  <nd ref="8032662012"/>
  <nd ref="8032662013"/>
  <tag k="amenity" v="parking_space"/>
  <tag k="capacity" v="1"/>
  <tag k="parking_space" v="normal"/>
  <tag k="site" v="parking"/>
  <tag k="type" v="site"/>
 </way>
 <way id="862113109" visible="true" version="1" changeset="92841763" timestamp="2020-10-21T15:21:26Z" user="ansuta" uid="3188422">
  <nd ref="8032662014"/>
  <nd ref="8032662004"/>
  <nd ref="8032662003"/>
  <nd ref="8032662013"/>
  <nd ref="8032662014"/>
  <tag k="amenity" v="parking_space"/>
  <tag k="capacity" v="1"/>
  <tag k="parking_space" v="normal"/>
  <tag k="site" v="parking"/>
  <tag k="type" v="site"/>
 </way>
 <way id="862113110" visible="true" version="1" changeset="92841763" timestamp="2020-10-21T15:21:26Z" user="ansuta" uid="3188422">
  <nd ref="8032662015"/>
  <nd ref="8032662005"/>
  <nd ref="8032662004"/>
  <nd ref="8032662014"/>
  <nd ref="8032662015"/>
  <tag k="amenity" v="parking_space"/>
  <tag k="capacity" v="1"/>
  <tag k="parking_space" v="normal"/>
  <tag k="site" v="parking"/>
  <tag k="type" v="site"/>
 </way>
 <way id="862113111" visible="true" version="1" changeset="92841763" timestamp="2020-10-21T15:21:26Z" user="ansuta" uid="3188422">
  <nd ref="8032662016"/>
  <nd ref="8032662006"/>
  <nd ref="8032662005"/>
  <nd ref="8032662015"/>
  <nd ref="8032662016"/>
  <tag k="amenity" v="parking_space"/>
  <tag k="capacity" v="1"/>
  <tag k="parking_space" v="normal"/>
  <tag k="site" v="parking"/>
  <tag k="type" v="site"/>
 </way>
 <way id="862113112" visible="true" version="1" changeset="92841763" timestamp="2020-10-21T15:21:26Z" user="ansuta" uid="3188422">
  <nd ref="8032662017"/>
  <nd ref="8032662007"/>
  <nd ref="8032662006"/>
  <nd ref="8032662016"/>
  <nd ref="8032662017"/>
  <tag k="amenity" v="parking_space"/>
  <tag k="capacity" v="1"/>
  <tag k="parking_space" v="normal"/>
  <tag k="site" v="parking"/>
  <tag k="type" v="site"/>
 </way>
 <way id="862113113" visible="true" version="1" changeset="92841763" timestamp="2020-10-21T15:21:26Z" user="ansuta" uid="3188422">
  <nd ref="8032662018"/>
  <nd ref="8032662008"/>
  <nd ref="8032662007"/>
  <nd ref="8032662017"/>
  <nd ref="8032662018"/>
  <tag k="amenity" v="parking_space"/>
  <tag k="capacity" v="1"/>
  <tag k="parking_space" v="normal"/>
  <tag k="site" v="parking"/>
  <tag k="type" v="site"/>
 </way>
 <way id="862113114" visible="true" version="1" changeset="92841763" timestamp="2020-10-21T15:21:26Z" user="ansuta" uid="3188422">
  <nd ref="8032662019"/>
  <nd ref="8032662009"/>
  <nd ref="8032662008"/>
  <nd ref="8032662018"/>
  <nd ref="8032662019"/>
  <tag k="amenity" v="parking_space"/>
  <tag k="capacity" v="1"/>
  <tag k="parking_space" v="normal"/>
  <tag k="site" v="parking"/>
  <tag k="type" v="site"/>
 </way>
 <way id="862113115" visible="true" version="1" changeset="92841763" timestamp="2020-10-21T15:21:26Z" user="ansuta" uid="3188422">
  <nd ref="4823866914"/>
  <nd ref="8032662021"/>
  <nd ref="8032662009"/>
  <nd ref="8032662019"/>
  <nd ref="4823866914"/>
  <tag k="amenity" v="parking_space"/>
  <tag k="capacity" v="1"/>
  <tag k="parking_space" v="normal"/>
  <tag k="site" v="parking"/>
  <tag k="type" v="site"/>
 </way>
 <way id="862113116" visible="true" version="1" changeset="92841763" timestamp="2020-10-21T15:21:26Z" user="ansuta" uid="3188422">
  <nd ref="8032662052"/>
  <nd ref="8032662083"/>
  <nd ref="8032662082"/>
  <nd ref="8032662023"/>
  <nd ref="8032662052"/>
  <tag k="amenity" v="parking_space"/>
  <tag k="capacity" v="1"/>
  <tag k="parking_space" v="normal"/>
  <tag k="site" v="parking"/>
  <tag k="type" v="site"/>
 </way>
 <way id="862113117" visible="true" version="1" changeset="92841763" timestamp="2020-10-21T15:21:26Z" user="ansuta" uid="3188422">
  <nd ref="8032662053"/>
  <nd ref="8032662052"/>
  <nd ref="8032662023"/>
  <nd ref="8032662024"/>
  <nd ref="8032662053"/>
  <tag k="amenity" v="parking_space"/>
  <tag k="capacity" v="1"/>
  <tag k="parking_space" v="normal"/>
  <tag k="site" v="parking"/>
  <tag k="type" v="site"/>
 </way>
 <way id="862113118" visible="true" version="1" changeset="92841763" timestamp="2020-10-21T15:21:26Z" user="ansuta" uid="3188422">
  <nd ref="8032662054"/>
  <nd ref="8032662053"/>
  <nd ref="8032662024"/>
  <nd ref="8032662025"/>
  <nd ref="8032662054"/>
  <tag k="amenity" v="parking_space"/>
  <tag k="capacity" v="1"/>
  <tag k="parking_space" v="normal"/>
  <tag k="site" v="parking"/>
  <tag k="type" v="site"/>
 </way>
 <way id="862113119" visible="true" version="1" changeset="92841763" timestamp="2020-10-21T15:21:26Z" user="ansuta" uid="3188422">
  <nd ref="8032662055"/>
  <nd ref="8032662054"/>
  <nd ref="8032662025"/>
  <nd ref="8032662026"/>
  <nd ref="8032662055"/>
  <tag k="amenity" v="parking_space"/>
  <tag k="capacity" v="1"/>
  <tag k="parking_space" v="normal"/>
  <tag k="site" v="parking"/>
  <tag k="type" v="site"/>
 </way>
 <way id="862113120" visible="true" version="1" changeset="92841763" timestamp="2020-10-21T15:21:26Z" user="ansuta" uid="3188422">
  <nd ref="8032662056"/>
  <nd ref="8032662055"/>
  <nd ref="8032662026"/>
  <nd ref="8032662027"/>
  <nd ref="8032662056"/>
  <tag k="amenity" v="parking_space"/>
  <tag k="capacity" v="1"/>
  <tag k="parking_space" v="normal"/>
  <tag k="site" v="parking"/>
  <tag k="type" v="site"/>
 </way>
 <way id="862113121" visible="true" version="1" changeset="92841763" timestamp="2020-10-21T15:21:26Z" user="ansuta" uid="3188422">
  <nd ref="8032662057"/>
  <nd ref="8032662056"/>
  <nd ref="8032662027"/>
  <nd ref="8032662028"/>
  <nd ref="8032662057"/>
  <tag k="amenity" v="parking_space"/>
  <tag k="capacity" v="1"/>
  <tag k="parking_space" v="normal"/>
  <tag k="site" v="parking"/>
  <tag k="type" v="site"/>
 </way>
 <way id="862113122" visible="true" version="1" changeset="92841763" timestamp="2020-10-21T15:21:26Z" user="ansuta" uid="3188422">
  <nd ref="8032662058"/>
  <nd ref="8032662057"/>
  <nd ref="8032662028"/>
  <nd ref="8032662029"/>
  <nd ref="8032662058"/>
  <tag k="amenity" v="parking_space"/>
  <tag k="capacity" v="1"/>
  <tag k="parking_space" v="normal"/>
  <tag k="site" v="parking"/>
  <tag k="type" v="site"/>
 </way>
 <way id="862113123" visible="true" version="1" changeset="92841763" timestamp="2020-10-21T15:21:26Z" user="ansuta" uid="3188422">
  <nd ref="8032662059"/>
  <nd ref="8032662058"/>
  <nd ref="8032662029"/>
  <nd ref="8032662030"/>
  <nd ref="8032662059"/>
  <tag k="amenity" v="parking_space"/>
  <tag k="capacity" v="1"/>
  <tag k="parking_space" v="normal"/>
  <tag k="site" v="parking"/>
  <tag k="type" v="site"/>
 </way>
 <way id="862113124" visible="true" version="1" changeset="92841763" timestamp="2020-10-21T15:21:26Z" user="ansuta" uid="3188422">
  <nd ref="8032662060"/>
  <nd ref="8032662059"/>
  <nd ref="8032662030"/>
  <nd ref="8032662031"/>
  <nd ref="8032662060"/>
  <tag k="amenity" v="parking_space"/>
  <tag k="capacity" v="1"/>
  <tag k="parking_space" v="normal"/>
  <tag k="site" v="parking"/>
  <tag k="type" v="site"/>
 </way>
 <way id="862113125" visible="true" version="1" changeset="92841763" timestamp="2020-10-21T15:21:26Z" user="ansuta" uid="3188422">
  <nd ref="8032662061"/>
  <nd ref="8032662060"/>
  <nd ref="8032662031"/>
  <nd ref="8032662032"/>
  <nd ref="8032662061"/>
  <tag k="amenity" v="parking_space"/>
  <tag k="capacity" v="1"/>
  <tag k="parking_space" v="normal"/>
  <tag k="site" v="parking"/>
  <tag k="type" v="site"/>
 </way>
 <way id="862113126" visible="true" version="1" changeset="92841763" timestamp="2020-10-21T15:21:26Z" user="ansuta" uid="3188422">
  <nd ref="8032662062"/>
  <nd ref="8032662061"/>
  <nd ref="8032662032"/>
  <nd ref="8032662033"/>
  <nd ref="8032662062"/>
  <tag k="amenity" v="parking_space"/>
  <tag k="capacity" v="1"/>
  <tag k="parking_space" v="normal"/>
  <tag k="site" v="parking"/>
  <tag k="type" v="site"/>
 </way>
 <way id="862113127" visible="true" version="1" changeset="92841763" timestamp="2020-10-21T15:21:26Z" user="ansuta" uid="3188422">
  <nd ref="8032662063"/>
  <nd ref="8032662062"/>
  <nd ref="8032662033"/>
  <nd ref="8032662034"/>
  <nd ref="8032662063"/>
  <tag k="amenity" v="parking_space"/>
  <tag k="capacity" v="1"/>
  <tag k="parking_space" v="normal"/>
  <tag k="site" v="parking"/>
  <tag k="type" v="site"/>
 </way>
 <way id="862113128" visible="true" version="1" changeset="92841763" timestamp="2020-10-21T15:21:26Z" user="ansuta" uid="3188422">
  <nd ref="8032662064"/>
  <nd ref="8032662063"/>
  <nd ref="8032662034"/>
  <nd ref="8032662035"/>
  <nd ref="8032662064"/>
  <tag k="amenity" v="parking_space"/>
  <tag k="capacity" v="1"/>
  <tag k="parking_space" v="normal"/>
  <tag k="site" v="parking"/>
  <tag k="type" v="site"/>
 </way>
 <way id="862113129" visible="true" version="1" changeset="92841763" timestamp="2020-10-21T15:21:26Z" user="ansuta" uid="3188422">
  <nd ref="8032662065"/>
  <nd ref="8032662064"/>
  <nd ref="8032662035"/>
  <nd ref="8032662036"/>
  <nd ref="8032662065"/>
  <tag k="amenity" v="parking_space"/>
  <tag k="capacity" v="1"/>
  <tag k="parking_space" v="normal"/>
  <tag k="site" v="parking"/>
  <tag k="type" v="site"/>
 </way>
 <way id="862113130" visible="true" version="1" changeset="92841763" timestamp="2020-10-21T15:21:26Z" user="ansuta" uid="3188422">
  <nd ref="8032662066"/>
  <nd ref="8032662065"/>
  <nd ref="8032662036"/>
  <nd ref="8032662037"/>
  <nd ref="8032662066"/>
  <tag k="amenity" v="parking_space"/>
  <tag k="capacity" v="1"/>
  <tag k="parking_space" v="normal"/>
  <tag k="site" v="parking"/>
  <tag k="type" v="site"/>
 </way>
 <way id="862113131" visible="true" version="1" changeset="92841763" timestamp="2020-10-21T15:21:26Z" user="ansuta" uid="3188422">
  <nd ref="8032662067"/>
  <nd ref="8032662066"/>
  <nd ref="8032662037"/>
  <nd ref="8032662038"/>
  <nd ref="8032662067"/>
  <tag k="amenity" v="parking_space"/>
  <tag k="capacity" v="1"/>
  <tag k="parking_space" v="normal"/>
  <tag k="site" v="parking"/>
  <tag k="type" v="site"/>
 </way>
 <way id="862113132" visible="true" version="1" changeset="92841763" timestamp="2020-10-21T15:21:26Z" user="ansuta" uid="3188422">
  <nd ref="8032662068"/>
  <nd ref="8032662067"/>
  <nd ref="8032662038"/>
  <nd ref="8032662039"/>
  <nd ref="8032662068"/>
  <tag k="amenity" v="parking_space"/>
  <tag k="capacity" v="1"/>
  <tag k="parking_space" v="normal"/>
  <tag k="site" v="parking"/>
  <tag k="type" v="site"/>
 </way>
 <way id="862113133" visible="true" version="1" changeset="92841763" timestamp="2020-10-21T15:21:26Z" user="ansuta" uid="3188422">
  <nd ref="8032662069"/>
  <nd ref="8032662068"/>
  <nd ref="8032662039"/>
  <nd ref="8032662040"/>
  <nd ref="8032662069"/>
  <tag k="amenity" v="parking_space"/>
  <tag k="capacity" v="1"/>
  <tag k="parking_space" v="normal"/>
  <tag k="site" v="parking"/>
  <tag k="type" v="site"/>
 </way>
 <way id="862113134" visible="true" version="1" changeset="92841763" timestamp="2020-10-21T15:21:26Z" user="ansuta" uid="3188422">
  <nd ref="8032662070"/>
  <nd ref="8032662069"/>
  <nd ref="8032662040"/>
  <nd ref="8032662041"/>
  <nd ref="8032662070"/>
  <tag k="amenity" v="parking_space"/>
  <tag k="capacity" v="1"/>
  <tag k="parking_space" v="normal"/>
  <tag k="site" v="parking"/>
  <tag k="type" v="site"/>
 </way>
 <way id="862113135" visible="true" version="1" changeset="92841763" timestamp="2020-10-21T15:21:26Z" user="ansuta" uid="3188422">
  <nd ref="8032662071"/>
  <nd ref="8032662070"/>
  <nd ref="8032662041"/>
  <nd ref="8032662042"/>
  <nd ref="8032662071"/>
  <tag k="amenity" v="parking_space"/>
  <tag k="capacity" v="1"/>
  <tag k="parking_space" v="normal"/>
  <tag k="site" v="parking"/>
  <tag k="type" v="site"/>
 </way>
 <way id="862113136" visible="true" version="1" changeset="92841763" timestamp="2020-10-21T15:21:26Z" user="ansuta" uid="3188422">
  <nd ref="8032662072"/>
  <nd ref="8032662071"/>
  <nd ref="8032662042"/>
  <nd ref="8032662043"/>
  <nd ref="8032662072"/>
  <tag k="amenity" v="parking_space"/>
  <tag k="capacity" v="1"/>
  <tag k="parking_space" v="normal"/>
  <tag k="site" v="parking"/>
  <tag k="type" v="site"/>
 </way>
 <way id="862113137" visible="true" version="1" changeset="92841763" timestamp="2020-10-21T15:21:26Z" user="ansuta" uid="3188422">
  <nd ref="8032662073"/>
  <nd ref="8032662072"/>
  <nd ref="8032662043"/>
  <nd ref="8032662044"/>
  <nd ref="8032662073"/>
  <tag k="amenity" v="parking_space"/>
  <tag k="capacity" v="1"/>
  <tag k="parking_space" v="normal"/>
  <tag k="site" v="parking"/>
  <tag k="type" v="site"/>
 </way>
 <way id="862113138" visible="true" version="1" changeset="92841763" timestamp="2020-10-21T15:21:26Z" user="ansuta" uid="3188422">
  <nd ref="8032662074"/>
  <nd ref="8032662073"/>
  <nd ref="8032662044"/>
  <nd ref="8032662045"/>
  <nd ref="8032662074"/>
  <tag k="amenity" v="parking_space"/>
  <tag k="capacity" v="1"/>
  <tag k="parking_space" v="normal"/>
  <tag k="site" v="parking"/>
  <tag k="type" v="site"/>
 </way>
 <way id="862113139" visible="true" version="1" changeset="92841763" timestamp="2020-10-21T15:21:26Z" user="ansuta" uid="3188422">
  <nd ref="8032662075"/>
  <nd ref="8032662074"/>
  <nd ref="8032662045"/>
  <nd ref="8032662046"/>
  <nd ref="8032662075"/>
  <tag k="amenity" v="parking_space"/>
  <tag k="capacity" v="1"/>
  <tag k="parking_space" v="normal"/>
  <tag k="site" v="parking"/>
  <tag k="type" v="site"/>
 </way>
 <way id="862113140" visible="true" version="1" changeset="92841763" timestamp="2020-10-21T15:21:26Z" user="ansuta" uid="3188422">
  <nd ref="8032662076"/>
  <nd ref="8032662075"/>
  <nd ref="8032662046"/>
  <nd ref="8032662047"/>
  <nd ref="8032662076"/>
  <tag k="amenity" v="parking_space"/>
  <tag k="capacity" v="1"/>
  <tag k="parking_space" v="normal"/>
  <tag k="site" v="parking"/>
  <tag k="type" v="site"/>
 </way>
 <way id="862113141" visible="true" version="1" changeset="92841763" timestamp="2020-10-21T15:21:26Z" user="ansuta" uid="3188422">
  <nd ref="8032662077"/>
  <nd ref="8032662076"/>
  <nd ref="8032662047"/>
  <nd ref="8032662048"/>
  <nd ref="8032662077"/>
  <tag k="amenity" v="parking_space"/>
  <tag k="capacity" v="1"/>
  <tag k="parking_space" v="normal"/>
  <tag k="site" v="parking"/>
  <tag k="type" v="site"/>
 </way>
 <way id="862113142" visible="true" version="1" changeset="92841763" timestamp="2020-10-21T15:21:26Z" user="ansuta" uid="3188422">
  <nd ref="8032662078"/>
  <nd ref="8032662077"/>
  <nd ref="8032662048"/>
  <nd ref="8032662049"/>
  <nd ref="8032662078"/>
  <tag k="amenity" v="parking_space"/>
  <tag k="capacity" v="1"/>
  <tag k="parking_space" v="normal"/>
  <tag k="site" v="parking"/>
  <tag k="type" v="site"/>
 </way>
 <way id="862113143" visible="true" version="1" changeset="92841763" timestamp="2020-10-21T15:21:26Z" user="ansuta" uid="3188422">
  <nd ref="8032662079"/>
  <nd ref="8032662078"/>
  <nd ref="8032662049"/>
  <nd ref="8032662050"/>
  <nd ref="8032662079"/>
  <tag k="amenity" v="parking_space"/>
  <tag k="capacity" v="1"/>
  <tag k="parking_space" v="normal"/>
  <tag k="site" v="parking"/>
  <tag k="type" v="site"/>
 </way>
 <way id="862113144" visible="true" version="1" changeset="92841763" timestamp="2020-10-21T15:21:26Z" user="ansuta" uid="3188422">
  <nd ref="8032662080"/>
  <nd ref="8032662079"/>
  <nd ref="8032662050"/>
  <nd ref="8032662051"/>
  <nd ref="8032662080"/>
  <tag k="amenity" v="parking_space"/>
  <tag k="capacity" v="1"/>
  <tag k="parking_space" v="normal"/>
  <tag k="site" v="parking"/>
  <tag k="type" v="site"/>
 </way>
 <way id="862113145" visible="true" version="1" changeset="92841763" timestamp="2020-10-21T15:21:26Z" user="ansuta" uid="3188422">
  <nd ref="8032662084"/>
  <nd ref="8032662080"/>
  <nd ref="8032662051"/>
  <nd ref="8032662081"/>
  <nd ref="8032662084"/>
  <tag k="amenity" v="parking_space"/>
  <tag k="capacity" v="1"/>
  <tag k="parking_space" v="normal"/>
  <tag k="site" v="parking"/>
  <tag k="type" v="site"/>
 </way>
 <way id="862113146" visible="true" version="1" changeset="92841763" timestamp="2020-10-21T15:21:26Z" user="ansuta" uid="3188422">
  <nd ref="8032662087"/>
  <nd ref="8032662091"/>
  <nd ref="8032662090"/>
  <nd ref="8032662085"/>
  <nd ref="8032662087"/>
  <tag k="amenity" v="parking_space"/>
  <tag k="capacity" v="1"/>
  <tag k="parking_space" v="normal"/>
  <tag k="site" v="parking"/>
  <tag k="type" v="site"/>
 </way>
 <way id="862113147" visible="true" version="1" changeset="92841763" timestamp="2020-10-21T15:21:26Z" user="ansuta" uid="3188422">
  <nd ref="8032662088"/>
  <nd ref="8032662087"/>
  <nd ref="8032662085"/>
  <nd ref="8032662086"/>
  <nd ref="8032662088"/>
  <tag k="amenity" v="parking_space"/>
  <tag k="capacity" v="1"/>
  <tag k="parking_space" v="normal"/>
  <tag k="site" v="parking"/>
  <tag k="type" v="site"/>
 </way>
 <way id="862113148" visible="true" version="1" changeset="92841763" timestamp="2020-10-21T15:21:26Z" user="ansuta" uid="3188422">
  <nd ref="8032662092"/>
  <nd ref="8032662088"/>
  <nd ref="8032662086"/>
  <nd ref="8032662089"/>
  <nd ref="8032662092"/>
  <tag k="amenity" v="parking_space"/>
  <tag k="capacity" v="1"/>
  <tag k="parking_space" v="normal"/>
  <tag k="site" v="parking"/>
  <tag k="type" v="site"/>
 </way>
 <way id="1031602686" visible="true" version="1" changeset="117427789" timestamp="2022-02-15T09:47:50Z" user="elpezBartolo" uid="2569751">
  <nd ref="9507416485"/>
  <nd ref="9507416513"/>
  <nd ref="9507416492"/>
  <nd ref="9507420439"/>
  <nd ref="9507420418"/>
  <nd ref="9507420461"/>
  <nd ref="9507420473"/>
  <nd ref="9507416506"/>
  <nd ref="9507416484"/>
  <nd ref="9507420430"/>
  <nd ref="9507416510"/>
  <nd ref="9507420454"/>
  <nd ref="9507420435"/>
  <nd ref="9507420476"/>
  <nd ref="9507420489"/>
  <nd ref="9507420423"/>
  <nd ref="9507416500"/>
  <nd ref="9507420478"/>
  <nd ref="9507416511"/>
  <nd ref="9507416489"/>
  <nd ref="9507420436"/>
  <nd ref="9507416515"/>
  <nd ref="9507420458"/>
  <nd ref="9507420469"/>
  <nd ref="9507416501"/>
  <nd ref="9507420494"/>
  <nd ref="9507420427"/>
  <nd ref="9507416507"/>
  <nd ref="9507420451"/>
  <nd ref="9507420432"/>
  <nd ref="9507420474"/>
  <nd ref="9507420446"/>
  <nd ref="9507420488"/>
  <nd ref="9507420468"/>
  <nd ref="9507416499"/>
  <nd ref="9507420492"/>
  <nd ref="9507420426"/>
  <nd ref="9507416504"/>
  <nd ref="9507420449"/>
  <nd ref="9507420462"/>
  <nd ref="9507416493"/>
  <nd ref="9507420485"/>
  <nd ref="9507420419"/>
  <nd ref="9507416496"/>
  <nd ref="9507420443"/>
  <nd ref="9507420422"/>
  <nd ref="9507420465"/>
  <nd ref="9507420479"/>
  <nd ref="9507416512"/>
  <nd ref="9507416490"/>
  <nd ref="9507420437"/>
  <nd ref="9507416516"/>
  <nd ref="9507420459"/>
  <nd ref="9507420440"/>
  <nd ref="9507420482"/>
  <nd ref="9507420495"/>
  <nd ref="9507420428"/>
  <nd ref="9507416508"/>
  <nd ref="9507420452"/>
  <nd ref="9507420433"/>
  <nd ref="9507420475"/>
  <nd ref="9507420455"/>
  <nd ref="9507416486"/>
  <nd ref="9507416497"/>
  <nd ref="9507420444"/>
  <nd ref="9507420424"/>
  <nd ref="9507420466"/>
  <nd ref="9507420447"/>
  <nd ref="9507420490"/>
  <nd ref="9507420470"/>
  <nd ref="9507416502"/>
  <nd ref="9507420417"/>
  <nd ref="9507420460"/>
  <nd ref="9507420441"/>
  <nd ref="9507420483"/>
  <nd ref="9507420463"/>
  <nd ref="9507416494"/>
  <nd ref="9507420486"/>
  <nd ref="9507420420"/>
  <nd ref="9507420434"/>
  <nd ref="9507420477"/>
  <nd ref="9507420456"/>
  <nd ref="9507416487"/>
  <nd ref="9507420480"/>
  <nd ref="9507416514"/>
  <nd ref="9507416491"/>
  <nd ref="9507420438"/>
  <nd ref="9507420450"/>
  <nd ref="9507420493"/>
  <nd ref="9507420472"/>
  <nd ref="9507416505"/>
  <nd ref="9507416483"/>
  <nd ref="9507420431"/>
  <nd ref="9507416509"/>
  <nd ref="9507420453"/>
  <nd ref="9507420425"/>
  <nd ref="9507420467"/>
  <nd ref="9507420448"/>
  <nd ref="9507420491"/>
  <nd ref="9507420471"/>
  <nd ref="9507416503"/>
  <nd ref="9507420496"/>
  <nd ref="9507420429"/>
  <nd ref="9507420442"/>
  <nd ref="9507420484"/>
  <nd ref="9507420464"/>
  <nd ref="9507416495"/>
  <nd ref="9507420487"/>
  <nd ref="9507420421"/>
  <nd ref="9507416498"/>
  <nd ref="9507420445"/>
  <nd ref="9507420457"/>
  <nd ref="9507416488"/>
  <nd ref="9507420481"/>
  <tag k="name" v="LAAT &quot;SET Monlora IV - SET Villanueva&quot;"/>
  <tag k="power" v="line"/>
  <tag k="ref" v="LATML4"/>
  <tag k="voltage" v="132000"/>
 </way>
 <way id="1124140835" visible="true" version="1" changeset="130372989" timestamp="2022-12-22T12:11:46Z" user="armin762" uid="17955075">
  <nd ref="10280126085"/>
  <nd ref="10280126086"/>
  <nd ref="10280126087"/>
  <nd ref="10280126088"/>
  <nd ref="10280126089"/>
  <nd ref="10280126085"/>
  <tag k="amenity" v="waste_transfer_station"/>
  <tag k="name" v="Punto Limpio Mancomunidad del Bajo Gállego"/>
 </way>
 <way id="1134075856" visible="true" version="6" changeset="139819091" timestamp="2023-08-13T11:12:38Z" user="armin762" uid="17955075">
  <nd ref="10573009348"/>
  <nd ref="10573009350"/>
  <nd ref="10573009351"/>
  <nd ref="10574577408"/>
  <nd ref="10574577409"/>
  <nd ref="10574577410"/>
  <nd ref="10574577411"/>
  <nd ref="10574577412"/>
  <nd ref="10574577413"/>
  <nd ref="10574577414"/>
  <nd ref="10695383109"/>
  <nd ref="10573009358"/>
  <nd ref="10573009359"/>
  <nd ref="10573009360"/>
  <nd ref="10573009361"/>
  <nd ref="10573009362"/>
  <nd ref="10573009363"/>
  <nd ref="10573009364"/>
  <nd ref="10573009365"/>
  <nd ref="10573009395"/>
  <nd ref="10573009366"/>
  <nd ref="10573009394"/>
  <nd ref="10573009393"/>
  <nd ref="10573009392"/>
  <nd ref="10573009367"/>
  <nd ref="10573009368"/>
  <nd ref="10573009369"/>
  <nd ref="10573009370"/>
  <nd ref="10573009371"/>
  <nd ref="10573009372"/>
  <nd ref="10573009373"/>
  <nd ref="10573009374"/>
  <nd ref="10573009375"/>
  <nd ref="10573009376"/>
  <nd ref="10573009378"/>
  <nd ref="10573009379"/>
  <nd ref="10573009380"/>
  <nd ref="10573009381"/>
  <nd ref="10573009382"/>
  <nd ref="10573009383"/>
  <nd ref="10573009384"/>
  <nd ref="10573009385"/>
  <nd ref="10573009386"/>
  <nd ref="10573009387"/>
  <nd ref="10573009389"/>
  <nd ref="10573009390"/>
  <nd ref="10573009391"/>
  <nd ref="10573009377"/>
  <nd ref="10658370600"/>
  <nd ref="10658370599"/>
  <nd ref="10658370597"/>
  <nd ref="10658370596"/>
  <nd ref="10658370595"/>
  <nd ref="10658370594"/>
  <nd ref="10658370593"/>
  <nd ref="10658370592"/>
  <nd ref="10658370591"/>
  <nd ref="10658370590"/>
  <nd ref="10658370589"/>
  <nd ref="10658370588"/>
  <nd ref="10658370587"/>
  <nd ref="10658370586"/>
  <nd ref="10658370585"/>
  <nd ref="10658370584"/>
  <nd ref="10658370583"/>
  <nd ref="10658370582"/>
  <nd ref="10658370581"/>
  <nd ref="10658370580"/>
  <nd ref="10658370579"/>
  <tag k="cables" v="3"/>
  <tag k="operator" v="Endesa"/>
  <tag k="operator:wikidata" v="Q1275336"/>
  <tag k="power" v="line"/>
  <tag k="voltage" v="45000"/>
 </way>
 <way id="1135919204" visible="true" version="3" changeset="133414870" timestamp="2023-03-07T18:47:44Z" user="armin762" uid="17955075">
  <nd ref="10588922092"/>
  <nd ref="10588922093"/>
  <nd ref="10588922094"/>
  <nd ref="10588922095"/>
  <nd ref="10588922096"/>
  <nd ref="10588922097"/>
  <nd ref="10588922098"/>
  <nd ref="10588922099"/>
  <nd ref="10588922100"/>
  <nd ref="10588922101"/>
  <nd ref="10588922102"/>
  <nd ref="10588922103"/>
  <nd ref="10573009382"/>
  <tag k="cables" v="9"/>
  <tag k="circuits" v="3"/>
  <tag k="operator" v="Endesa"/>
  <tag k="operator:wikidata" v="Q1275336"/>
  <tag k="power" v="line"/>
  <tag k="voltage" v="45000;45000;15000"/>
 </way>
 <way id="1135919205" visible="true" version="6" changeset="171093439" timestamp="2025-08-27T17:29:00Z" user="perlus5" uid="23191460">
  <nd ref="10695356178"/>
  <nd ref="10695356179"/>
  <nd ref="10695356180"/>
  <nd ref="10695356181"/>
  <nd ref="10695356182"/>
  <nd ref="576179131"/>
  <nd ref="10695356183"/>
  <nd ref="10695356184"/>
  <nd ref="10695356185"/>
  <nd ref="10695356186"/>
  <nd ref="10695356187"/>
  <nd ref="10695356188"/>
  <nd ref="10695356189"/>
  <nd ref="10695356190"/>
  <nd ref="10695356191"/>
  <nd ref="10695356192"/>
  <nd ref="10695356193"/>
  <nd ref="10695356194"/>
  <nd ref="10695356195"/>
  <nd ref="10695356196"/>
  <nd ref="10695356197"/>
  <nd ref="10695356198"/>
  <nd ref="10695356199"/>
  <nd ref="10695356200"/>
  <nd ref="10695356201"/>
  <nd ref="10695356202"/>
  <nd ref="10695356203"/>
  <nd ref="10695356204"/>
  <nd ref="10695383105"/>
  <nd ref="10695383106"/>
  <nd ref="10588922104"/>
  <nd ref="10588922105"/>
  <nd ref="10588922106"/>
  <nd ref="10588922107"/>
  <nd ref="10588922108"/>
  <nd ref="10588922109"/>
  <nd ref="10588922110"/>
  <nd ref="10588922147"/>
  <nd ref="10588922111"/>
  <nd ref="10588922112"/>
  <tag k="cables" v="3"/>
  <tag k="operator" v="Endesa"/>
  <tag k="operator:wikidata" v="Q1275336"/>
  <tag k="power" v="minor_line"/>
  <tag k="voltage" v="15000"/>
 </way>
 <way id="1135919212" visible="true" version="2" changeset="132410832" timestamp="2023-02-11T15:57:39Z" user="armin762" uid="17955075">
  <nd ref="10588922141"/>
  <nd ref="10588922142"/>
  <nd ref="10588922143"/>
  <nd ref="10588922144"/>
  <nd ref="10588922145"/>
  <nd ref="10588922146"/>
  <tag k="power" v="minor_line"/>
 </way>
 <way id="1135919213" visible="true" version="2" changeset="132548708" timestamp="2023-02-14T18:03:13Z" user="armin762" uid="17955075">
  <nd ref="10588922148"/>
  <nd ref="10588922149"/>
  <nd ref="10588922109"/>
  <tag k="power" v="minor_line"/>
 </way>
 <way id="1152500306" visible="true" version="1" changeset="133414870" timestamp="2023-03-07T18:47:44Z" user="armin762" uid="17955075">
  <nd ref="10588922104"/>
  <nd ref="10573009382"/>
  <tag k="operator" v="Endesa"/>
  <tag k="operator:wikidata" v="Q1275336"/>
  <tag k="power" v="minor_line"/>
  <tag k="voltage" v="15000"/>
 </way>
 <way id="1160235560" visible="true" version="1" changeset="134584976" timestamp="2023-04-06T16:27:17Z" user="armin762" uid="17955075">
  <nd ref="10790520673"/>
  <nd ref="10790520674"/>
  <nd ref="10790520675"/>
  <nd ref="10790520676"/>
  <nd ref="10790520673"/>
  <tag k="plant:method" v="photovoltaic"/>
  <tag k="plant:output:electricity" v="yes"/>
  <tag k="plant:source" v="solar"/>
  <tag k="power" v="plant"/>
 </way>
 <relation id="76274" visible="true" version="587" changeset="189439553" timestamp="2026-09-23T09:46:43Z" user="MaxR_6429" uid="11559723">
  <member type="way" ref="207369946" role=""/>
  <member type="way" ref="198760182" role=""/>
  <member type="way" ref="1456860770" role=""/>
  <member type="way" ref="1429707693" role=""/>
  <member type="way" ref="414261966" role=""/>
  <member type="way" ref="198760158" role=""/>
  <member type="way" ref="1415625894" role=""/>
  <member type="way" ref="1415319952" role=""/>
  <member type="way" ref="968911451" role=""/>
  <member type="way" ref="815614057" role=""/>
  <member type="way" ref="46799918" role=""/>
  <member type="way" ref="435023091" role=""/>
  <member type="way" ref="207990432" role=""/>
  <member type="way" ref="888745513" role=""/>
  <member type="way" ref="675172016" role=""/>
  <member type="way" ref="675172015" role=""/>
  <member type="way" ref="1429707692" role=""/>
  <member type="way" ref="675172018" role=""/>
  <member type="way" ref="889869881" role=""/>
  <member type="way" ref="198760172" role=""/>
  <member type="way" ref="815606456" role=""/>
  <member type="way" ref="198760161" role=""/>
  <member type="way" ref="294378261" role="forward"/>
  <member type="way" ref="294378268" role="forward"/>
  <member type="way" ref="294378260" role="forward"/>
  <member type="way" ref="294378258" role="forward"/>
  <member type="way" ref="815614561" role="forward"/>
  <member type="way" ref="815609150" role="forward"/>
  <member type="way" ref="1429707688" role="forward"/>
  <member type="way" ref="376235995" role="forward"/>
  <member type="way" ref="376235997" role=""/>
  <member type="way" ref="1414413390" role=""/>
  <member type="way" ref="1445726802" role=""/>
  <member type="way" ref="1347837683" role=""/>
  <member type="way" ref="1413449165" role=""/>
  <member type="way" ref="1414413387" role=""/>
  <member type="way" ref="296569276" role=""/>
  <member type="way" ref="654000191" role=""/>
  <member type="way" ref="657088035" role=""/>
  <member type="way" ref="675180444" role=""/>
  <member type="way" ref="966840666" role=""/>
  <member type="way" ref="675180434" role=""/>
  <member type="way" ref="1429707689" role=""/>
  <member type="way" ref="966840665" role=""/>
  <member type="way" ref="1493577805" role=""/>
  <member type="way" ref="707254623" role=""/>
  <member type="way" ref="657088034" role=""/>
  <member type="way" ref="29293567" role=""/>
  <member type="way" ref="294052539" role=""/>
  <member type="way" ref="294052541" role=""/>
  <member type="way" ref="294052540" role=""/>
  <member type="way" ref="847275433" role=""/>
  <member type="way" ref="847275431" role=""/>
  <member type="way" ref="1429707690" role=""/>
  <member type="way" ref="847275428" role=""/>
  <member type="way" ref="651047197" role=""/>
  <member type="way" ref="847275430" role=""/>
  <member type="way" ref="1125387717" role=""/>
  <member type="way" ref="1432644268" role=""/>
  <member type="way" ref="294052573" role=""/>
  <member type="way" ref="822855502" role=""/>
  <member type="way" ref="380817855" role=""/>
  <member type="way" ref="380817756" role=""/>
  <member type="way" ref="1429707691" role=""/>
  <member type="way" ref="380817857" role=""/>
  <member type="way" ref="715735245" role="forward"/>
  <member type="way" ref="139477469" role="forward"/>
  <member type="way" ref="139477439" role="forward"/>
  <member type="way" ref="370738824" role="forward"/>
  <member type="way" ref="815636149" role="forward"/>
  <member type="way" ref="815636148" role="forward"/>
  <member type="way" ref="815636150" role="forward"/>
  <member type="way" ref="139477425" role="forward"/>
  <member type="way" ref="139477442" role="forward"/>
  <member type="way" ref="139477479" role="forward"/>
  <member type="way" ref="139477446" role="forward"/>
  <member type="way" ref="139477409" role="forward"/>
  <member type="way" ref="139477459" role="forward"/>
  <member type="way" ref="139477412" role="forward"/>
  <member type="way" ref="139477467" role="forward"/>
  <member type="way" ref="815629916" role="forward"/>
  <member type="way" ref="815629917" role="forward"/>
  <member type="way" ref="815629915" role="forward"/>
  <member type="way" ref="139477424" role="forward"/>
  <member type="way" ref="815626605" role="forward"/>
  <member type="way" ref="815626604" role="forward"/>
  <member type="way" ref="815626606" role="forward"/>
  <member type="way" ref="139477430" role="forward"/>
  <member type="way" ref="441637701" role="forward"/>
  <member type="way" ref="1442841511" role="forward"/>
  <member type="way" ref="441637708" role="forward"/>
  <member type="way" ref="165932578" role="forward"/>
  <member type="way" ref="165932577" role="forward"/>
  <member type="way" ref="370738823" role="forward"/>
  <member type="way" ref="1445726806" role="forward"/>
  <member type="way" ref="159630437" role="forward"/>
  <member type="way" ref="1445726801" role="forward"/>
  <member type="way" ref="296569273" role=""/>
  <member type="way" ref="376235994" role="forward"/>
  <member type="way" ref="1445726803" role="forward"/>
  <member type="way" ref="158840559" role="forward"/>
  <member type="way" ref="815624335" role="forward"/>
  <member type="way" ref="159630446" role="forward"/>
  <member type="way" ref="815624337" role="forward"/>
  <member type="way" ref="165571573" role="forward"/>
  <member type="way" ref="815624334" role="forward"/>
  <member type="way" ref="815624336" role="forward"/>
  <member type="way" ref="441637698" role="forward"/>
  <member type="way" ref="441637745" role="forward"/>
  <member type="way" ref="1442841512" role="forward"/>
  <member type="way" ref="139477471" role="forward"/>
  <member type="way" ref="139477435" role="forward"/>
  <member type="way" ref="139477417" role="forward"/>
  <member type="way" ref="815633146" role="forward"/>
  <member type="way" ref="815633145" role="forward"/>
  <member type="way" ref="815633147" role="forward"/>
  <member type="way" ref="815629913" role="forward"/>
  <member type="way" ref="815629914" role="forward"/>
  <member type="way" ref="139477451" role="forward"/>
  <member type="way" ref="139477415" role="forward"/>
  <member type="way" ref="139477448" role="forward"/>
  <member type="way" ref="139477406" role="forward"/>
  <member type="way" ref="139477453" role="forward"/>
  <member type="way" ref="139477476" role="forward"/>
  <member type="way" ref="139477436" role="forward"/>
  <member type="way" ref="139477419" role="forward"/>
  <member type="way" ref="815639120" role="forward"/>
  <member type="way" ref="815639121" role="forward"/>
  <member type="way" ref="815639122" role="forward"/>
  <member type="way" ref="98318629" role=""/>
  <member type="way" ref="222371620" role=""/>
  <member type="way" ref="139808878" role=""/>
  <member type="way" ref="113520428" role=""/>
  <member type="way" ref="732265473" role=""/>
  <member type="way" ref="1182929058" role=""/>
  <member type="way" ref="1182929055" role=""/>
  <member type="way" ref="113520423" role=""/>
  <member type="way" ref="1181893232" role=""/>
  <member type="way" ref="1181893233" role=""/>
  <member type="way" ref="113518834" role=""/>
  <member type="way" ref="113518811" role=""/>
  <member type="way" ref="1182934700" role=""/>
  <member type="way" ref="1182934699" role=""/>
  <member type="way" ref="732266386" role=""/>
  <member type="way" ref="113515463" role=""/>
  <member type="way" ref="113515427" role=""/>
  <member type="way" ref="113515406" role=""/>
  <member type="way" ref="762066739" role=""/>
  <member type="way" ref="762066738" role=""/>
  <member type="way" ref="113515392" role=""/>
  <member type="way" ref="1182935151" role=""/>
  <member type="way" ref="1182935152" role=""/>
  <member type="way" ref="113338199" role=""/>
  <member type="way" ref="113338195" role=""/>
  <member type="way" ref="113338186" role=""/>
  <member type="way" ref="254811289" role=""/>
  <member type="way" ref="254811280" role=""/>
  <member type="way" ref="254811291" role=""/>
  <member type="way" ref="113338194" role=""/>
  <member type="way" ref="113338216" role=""/>
  <member type="way" ref="113338210" role=""/>
  <member type="way" ref="732268394" role=""/>
  <member type="way" ref="1182935392" role=""/>
  <member type="way" ref="1182935391" role=""/>
  <member type="way" ref="113338193" role=""/>
  <member type="way" ref="1181482302" role=""/>
  <member type="way" ref="1181482303" role=""/>
  <member type="way" ref="113323804" role=""/>
  <member type="way" ref="113323874" role=""/>
  <member type="way" ref="113323794" role=""/>
  <member type="way" ref="113323771" role=""/>
  <member type="way" ref="113323894" role=""/>
  <member type="way" ref="113323877" role=""/>
  <member type="way" ref="113323896" role=""/>
  <member type="way" ref="93903136" role=""/>
  <member type="way" ref="1004981433" role=""/>
  <member type="way" ref="182454808" role=""/>
  <member type="way" ref="1182936272" role=""/>
  <member type="way" ref="37798405" role=""/>
  <member type="way" ref="37798406" role=""/>
  <member type="way" ref="37798401" role=""/>
  <member type="way" ref="37798402" role=""/>
  <member type="way" ref="37798396" role=""/>
  <member type="way" ref="37798398" role=""/>
  <member type="way" ref="84955739" role=""/>
  <member type="way" ref="1182937026" role=""/>
  <member type="way" ref="1182937025" role=""/>
  <member type="way" ref="732269588" role=""/>
  <member type="way" ref="369999278" role=""/>
  <member type="way" ref="231067191" role=""/>
  <member type="way" ref="231067190" role=""/>
  <member type="way" ref="732270306" role=""/>
  <member type="way" ref="1182937899" role=""/>
  <member type="way" ref="1182937898" role=""/>
  <member type="way" ref="369999279" role=""/>
  <member type="way" ref="370001020" role=""/>
  <member type="way" ref="208262511" role=""/>
  <member type="way" ref="208262506" role=""/>
  <member type="way" ref="371601077" role=""/>
  <member type="way" ref="371601078" role=""/>
  <member type="way" ref="1182114421" role=""/>
  <member type="way" ref="1182114418" role=""/>
  <member type="way" ref="531701826" role=""/>
  <member type="way" ref="531701823" role=""/>
  <member type="way" ref="370001021" role=""/>
  <member type="way" ref="370001022" role=""/>
  <member type="way" ref="182493749" role=""/>
  <member type="way" ref="409539118" role=""/>
  <member type="way" ref="84962273" role=""/>
  <member type="way" ref="84962278" role=""/>
  <member type="way" ref="1182938497" role=""/>
  <member type="way" ref="293437349" role=""/>
  <member type="way" ref="144759885" role=""/>
  <member type="way" ref="675776811" role=""/>
  <member type="way" ref="675776812" role=""/>
  <member type="way" ref="293437353" role=""/>
  <member type="way" ref="293437354" role=""/>
  <member type="way" ref="675776807" role=""/>
  <member type="way" ref="1182939882" role=""/>
  <member type="way" ref="95353447" role=""/>
  <member type="way" ref="285554470" role="forward"/>
  <member type="way" ref="376236027" role="forward"/>
  <member type="way" ref="69666510" role="forward"/>
  <member type="way" ref="285554468" role="forward"/>
  <member type="way" ref="69666507" role="forward"/>
  <member type="way" ref="982043921" role="forward"/>
  <member type="way" ref="982043918" role="forward"/>
  <member type="way" ref="69666519" role="forward"/>
  <member type="way" ref="69666506" role=""/>
  <member type="way" ref="25624233" role="forward"/>
  <member type="way" ref="1137826650" role="forward"/>
  <member type="way" ref="1138294193" role="forward"/>
  <member type="way" ref="25624073" role="forward"/>
  <member type="way" ref="25624077" role="forward"/>
  <member type="way" ref="25624234" role="forward"/>
  <member type="way" ref="982043917" role="forward"/>
  <member type="way" ref="376236051" role="forward"/>
  <member type="way" ref="33695480" role="forward"/>
  <member type="way" ref="33695479" role=""/>
  <member type="way" ref="33695478" role="forward"/>
  <member type="way" ref="25624066" role="forward"/>
  <member type="way" ref="25624092" role="forward"/>
  <member type="way" ref="25624082" role="forward"/>
  <member type="way" ref="1127093737" role="forward"/>
  <member type="way" ref="376236054" role="forward"/>
  <member type="way" ref="982043920" role="forward"/>
  <member type="way" ref="25624096" role="forward"/>
  <member type="way" ref="25624097" role=""/>
  <member type="way" ref="675778450" role=""/>
  <member type="way" ref="61912255" role=""/>
  <member type="way" ref="61912257" role=""/>
  <member type="way" ref="510509490" role=""/>
  <member type="way" ref="510509489" role=""/>
  <member type="way" ref="510509487" role=""/>
  <member type="way" ref="510509486" role=""/>
  <member type="way" ref="61918368" role=""/>
  <member type="way" ref="61918372" role=""/>
  <member type="way" ref="675779410" role=""/>
  <member type="way" ref="25624160" role="forward"/>
  <member type="way" ref="989374965" role="forward"/>
  <member type="way" ref="376236006" role="forward"/>
  <member type="way" ref="989374968" role="forward"/>
  <member type="way" ref="26258006" role="forward"/>
  <member type="way" ref="25624163" role="forward"/>
  <member type="way" ref="25624120" role="forward"/>
  <member type="way" ref="989374966" role="forward"/>
  <member type="way" ref="989374967" role="forward"/>
  <member type="way" ref="26258005" role="forward"/>
  <member type="way" ref="35803757" role=""/>
  <member type="way" ref="675779411" role=""/>
  <member type="way" ref="55807320" role=""/>
  <member type="way" ref="48802143" role=""/>
  <member type="way" ref="48802142" role=""/>
  <member type="way" ref="55807288" role=""/>
  <member type="way" ref="26258007" role="forward"/>
  <member type="way" ref="376236055" role="forward"/>
  <member type="way" ref="26241771" role="forward"/>
  <member type="way" ref="33476070" role="forward"/>
  <member type="way" ref="26241768" role="forward"/>
  <member type="way" ref="26241770" role="forward"/>
  <member type="way" ref="33476069" role=""/>
  <member type="way" ref="682268890" role=""/>
  <member type="way" ref="1529711199" role=""/>
  <member type="way" ref="682268892" role=""/>
  <member type="way" ref="1226214397" role=""/>
  <member type="way" ref="831941694" role=""/>
  <member type="way" ref="72529673" role=""/>
  <member type="way" ref="1226214396" role=""/>
  <member type="way" ref="26241772" role="forward"/>
  <member type="way" ref="376236047" role="forward"/>
  <member type="way" ref="26336200" role="forward"/>
  <member type="way" ref="35803754" role="forward"/>
  <member type="way" ref="26241769" role="forward"/>
  <member type="way" ref="26336214" role="forward"/>
  <member type="way" ref="26336215" role=""/>
  <member type="way" ref="326267667" role=""/>
  <member type="way" ref="682268894" role=""/>
  <member type="way" ref="26336217" role="forward"/>
  <member type="way" ref="26336220" role="forward"/>
  <member type="way" ref="761674299" role="forward"/>
  <member type="way" ref="762012680" role="forward"/>
  <member type="way" ref="26336221" role="forward"/>
  <member type="way" ref="682268898" role="forward"/>
  <member type="way" ref="26336216" role="forward"/>
  <member type="way" ref="1063175877" role="forward"/>
  <member type="way" ref="376236046" role="forward"/>
  <member type="way" ref="1063175876" role="forward"/>
  <member type="way" ref="682268896" role="forward"/>
  <member type="way" ref="26336222" role="forward"/>
  <member type="way" ref="26336223" role=""/>
  <member type="way" ref="682268900" role=""/>
  <member type="way" ref="1238659191" role=""/>
  <member type="way" ref="71505044" role=""/>
  <member type="way" ref="1238659193" role=""/>
  <member type="way" ref="26336229" role="forward"/>
  <member type="way" ref="376235993" role="forward"/>
  <member type="way" ref="26215787" role="forward"/>
  <member type="way" ref="26336225" role="forward"/>
  <member type="way" ref="22991884" role="forward"/>
  <member type="way" ref="26215788" role="forward"/>
  <member type="way" ref="26215790" role=""/>
  <member type="way" ref="1238659195" role=""/>
  <member type="way" ref="56304758" role=""/>
  <member type="way" ref="35803755" role="forward"/>
  <member type="way" ref="376236037" role="forward"/>
  <member type="way" ref="30828673" role="forward"/>
  <member type="way" ref="30828675" role="forward"/>
  <member type="way" ref="699984807" role="forward"/>
  <member type="way" ref="376236053" role="forward"/>
  <member type="way" ref="699984808" role="forward"/>
  <member type="way" ref="35803756" role="forward"/>
  <member type="way" ref="30828674" role=""/>
  <member type="way" ref="33393156" role="forward"/>
  <member type="way" ref="33393152" role="forward"/>
  <member type="way" ref="1169016843" role="forward"/>
  <member type="way" ref="906259332" role="forward"/>
  <member type="way" ref="1169016844" role="forward"/>
  <member type="way" ref="33393151" role="forward"/>
  <member type="way" ref="33393153" role="forward"/>
  <member type="way" ref="1415166557" role="forward"/>
  <member type="way" ref="762012679" role="forward"/>
  <member type="way" ref="762003396" role="forward"/>
  <member type="way" ref="376236041" role="forward"/>
  <member type="way" ref="33393154" role="forward"/>
  <member type="way" ref="33393157" role=""/>
  <member type="way" ref="285554430" role=""/>
  <member type="way" ref="648385811" role=""/>
  <member type="way" ref="26218229" role="forward"/>
  <member type="way" ref="376236043" role="forward"/>
  <member type="way" ref="42275415" role="forward"/>
  <member type="way" ref="26217369" role="forward"/>
  <member type="way" ref="37189727" role="forward"/>
  <member type="way" ref="1049098553" role="forward"/>
  <member type="way" ref="26218228" role="forward"/>
  <member type="way" ref="37189724" role="forward"/>
  <member type="way" ref="26180469" role="forward"/>
  <member type="way" ref="362310351" role="forward"/>
  <member type="way" ref="294346114" role="forward"/>
  <member type="way" ref="26217370" role="forward"/>
  <member type="way" ref="26218038" role=""/>
  <member type="way" ref="37189729" role=""/>
  <member type="way" ref="37189728" role=""/>
  <member type="way" ref="482687380" role=""/>
  <member type="way" ref="482687381" role=""/>
  <member type="way" ref="234809345" role=""/>
  <member type="way" ref="26218037" role="forward"/>
  <member type="way" ref="26217371" role="forward"/>
  <member type="way" ref="1182939883" role=""/>
  <member type="way" ref="863744393" role=""/>
  <member type="way" ref="1182939884" role=""/>
  <member type="way" ref="98318652" role=""/>
  <member type="way" ref="1182939886" role=""/>
  <member type="way" ref="293437352" role=""/>
  <member type="way" ref="1303001612" role=""/>
  <member type="way" ref="90229190" role=""/>
  <member type="way" ref="84696339" role=""/>
  <member type="way" ref="531701835" role=""/>
  <member type="way" ref="531701830" role=""/>
  <member type="way" ref="1182114419" role=""/>
  <member type="way" ref="1182114420" role=""/>
  <member type="way" ref="285977074" role=""/>
  <member type="way" ref="371601076" role=""/>
  <member type="way" ref="371601075" role=""/>
  <member type="way" ref="208262512" role=""/>
  <member type="way" ref="732270305" role=""/>
  <member type="way" ref="1182937897" role=""/>
  <member type="way" ref="1182937896" role=""/>
  <member type="way" ref="208262508" role=""/>
  <member type="way" ref="231067192" role=""/>
  <member type="way" ref="732269587" role=""/>
  <member type="way" ref="1182937024" role=""/>
  <member type="way" ref="1182937023" role=""/>
  <member type="way" ref="231067189" role=""/>
  <member type="way" ref="1182936755" role=""/>
  <member type="way" ref="37798394" role=""/>
  <member type="way" ref="37798399" role=""/>
  <member type="way" ref="37798397" role=""/>
  <member type="way" ref="37798403" role=""/>
  <member type="way" ref="37798400" role=""/>
  <member type="way" ref="37798407" role=""/>
  <member type="way" ref="50855318" role=""/>
  <member type="way" ref="1182936274" role=""/>
  <member type="way" ref="1182936273" role=""/>
  <member type="way" ref="113323890" role=""/>
  <member type="way" ref="113323775" role=""/>
  <member type="way" ref="113323841" role=""/>
  <member type="way" ref="113323865" role=""/>
  <member type="way" ref="113323764" role=""/>
  <member type="way" ref="113323909" role=""/>
  <member type="way" ref="113323832" role=""/>
  <member type="way" ref="113323904" role=""/>
  <member type="way" ref="1181482301" role=""/>
  <member type="way" ref="1181482300" role=""/>
  <member type="way" ref="113323846" role=""/>
  <member type="way" ref="1182935390" role=""/>
  <member type="way" ref="1182935389" role=""/>
  <member type="way" ref="732268393" role=""/>
  <member type="way" ref="113338182" role=""/>
  <member type="way" ref="113338202" role=""/>
  <member type="way" ref="113338204" role=""/>
  <member type="way" ref="113338190" role=""/>
  <member type="way" ref="254811277" role=""/>
  <member type="way" ref="254811287" role=""/>
  <member type="way" ref="113338212" role=""/>
  <member type="way" ref="113338200" role=""/>
  <member type="way" ref="113338187" role=""/>
  <member type="way" ref="1182935154" role=""/>
  <member type="way" ref="1182935153" role=""/>
  <member type="way" ref="732267309" role=""/>
  <member type="way" ref="762066737" role=""/>
  <member type="way" ref="762066736" role=""/>
  <member type="way" ref="113515399" role=""/>
  <member type="way" ref="113515465" role=""/>
  <member type="way" ref="113515390" role=""/>
  <member type="way" ref="732266387" role=""/>
  <member type="way" ref="1182934698" role=""/>
  <member type="way" ref="1182934697" role=""/>
  <member type="way" ref="113515443" role=""/>
  <member type="way" ref="113518852" role=""/>
  <member type="way" ref="1181893234" role=""/>
  <member type="way" ref="1181893231" role=""/>
  <member type="way" ref="113518825" role=""/>
  <member type="way" ref="1182929057" role=""/>
  <member type="way" ref="1182929056" role=""/>
  <member type="way" ref="732265472" role=""/>
  <member type="way" ref="131994115" role=""/>
  <member type="way" ref="113520426" role=""/>
  <member type="way" ref="1181898072" role=""/>
  <member type="way" ref="261419390" role=""/>
  <member type="way" ref="813970285" role="forward"/>
  <member type="way" ref="1341221227" role="forward"/>
  <member type="way" ref="813970284" role="forward"/>
  <member type="way" ref="813964885" role="forward"/>
  <member type="way" ref="813970281" role="forward"/>
  <member type="way" ref="813970283" role="forward"/>
  <member type="way" ref="813970282" role="forward"/>
  <member type="way" ref="435020517" role="forward"/>
  <member type="way" ref="25962377" role="forward"/>
  <member type="way" ref="25962379" role="forward"/>
  <member type="way" ref="815529942" role="forward"/>
  <member type="way" ref="307023319" role="forward"/>
  <member type="way" ref="177563939" role="forward"/>
  <member type="way" ref="206720048" role="forward"/>
  <member type="way" ref="460252590" role="forward"/>
  <member type="way" ref="460252591" role="forward"/>
  <member type="way" ref="447827831" role="forward"/>
  <member type="way" ref="813983385" role="forward"/>
  <member type="way" ref="813983384" role="forward"/>
  <member type="way" ref="815529938" role="forward"/>
  <member type="way" ref="815529937" role="forward"/>
  <member type="way" ref="447827835" role="forward"/>
  <member type="way" ref="815529936" role="forward"/>
  <member type="way" ref="284926064" role="forward"/>
  <member type="way" ref="815022721" role="forward"/>
  <member type="way" ref="815022720" role="forward"/>
  <member type="way" ref="678141544" role="forward"/>
  <member type="way" ref="198760160" role="forward"/>
  <member type="way" ref="606347621" role="forward"/>
  <member type="way" ref="606347619" role="forward"/>
  <member type="way" ref="815007709" role="forward"/>
  <member type="way" ref="815007714" role="forward"/>
  <member type="way" ref="815007713" role="forward"/>
  <member type="way" ref="198760171" role="forward"/>
  <member type="way" ref="815007712" role="forward"/>
  <member type="way" ref="1274647489" role=""/>
  <member type="way" ref="1381998679" role=""/>
  <member type="way" ref="1138280009" role=""/>
  <member type="way" ref="1121929766" role=""/>
  <member type="way" ref="614486337" role=""/>
  <member type="way" ref="1138280008" role=""/>
  <member type="way" ref="614486336" role=""/>
  <member type="way" ref="438992242" role=""/>
  <member type="way" ref="370414781" role=""/>
  <member type="way" ref="438992241" role=""/>
  <member type="way" ref="438992240" role=""/>
  <member type="way" ref="438992239" role=""/>
  <member type="way" ref="438992238" role=""/>
  <member type="way" ref="438992237" role=""/>
  <member type="way" ref="1349228920" role=""/>
  <member type="way" ref="252832059" role=""/>
  <member type="way" ref="438992236" role=""/>
  <member type="way" ref="438992235" role=""/>
  <member type="way" ref="438992234" role=""/>
  <member type="way" ref="438992232" role=""/>
  <member type="way" ref="438992233" role=""/>
  <member type="way" ref="438992231" role=""/>
  <member type="way" ref="438992230" role=""/>
  <member type="way" ref="438992229" role=""/>
  <member type="way" ref="438992228" role=""/>
  <member type="way" ref="818541299" role=""/>
  <member type="way" ref="818541298" role=""/>
  <member type="way" ref="438992227" role=""/>
  <member type="way" ref="438992226" role=""/>
  <member type="way" ref="438992225" role=""/>
  <member type="way" ref="1232964857" role=""/>
  <member type="way" ref="1233275276" role=""/>
  <member type="way" ref="1233275277" role=""/>
  <member type="way" ref="1232964859" role=""/>
  <member type="way" ref="1233275278" role=""/>
  <member type="way" ref="1233275279" role=""/>
  <member type="way" ref="1232964860" role=""/>
  <member type="way" ref="1232964861" role=""/>
  <member type="way" ref="438992223" role=""/>
  <member type="way" ref="438992221" role=""/>
  <member type="way" ref="1417677318" role=""/>
  <member type="way" ref="438992220" role=""/>
  <member type="way" ref="438992218" role=""/>
  <member type="way" ref="1347079268" role=""/>
  <member type="way" ref="1347079269" role=""/>
  <member type="way" ref="1347079270" role=""/>
  <member type="way" ref="1347079267" role=""/>
  <member type="way" ref="438992217" role=""/>
  <member type="way" ref="438992216" role=""/>
  <member type="way" ref="438992219" role=""/>
  <member type="way" ref="438992215" role=""/>
  <member type="way" ref="438529547" role=""/>
  <member type="way" ref="438529546" role=""/>
  <member type="way" ref="33465124" role=""/>
  <member type="way" ref="33465128" role="forward"/>
  <member type="way" ref="33465125" role="forward"/>
  <member type="way" ref="33465126" role="forward"/>
  <member type="way" ref="33465127" role="forward"/>
  <member type="way" ref="190588732" role="forward"/>
  <member type="way" ref="33465129" role="forward"/>
  <member type="way" ref="33468963" role=""/>
  <member type="way" ref="33468958" role=""/>
  <member type="way" ref="234715684" role=""/>
  <member type="way" ref="234715685" role=""/>
  <member type="way" ref="39667959" role=""/>
  <member type="way" ref="39667958" role="forward"/>
  <member type="way" ref="30958676" role="forward"/>
  <member type="way" ref="1274647488" role=""/>
  <member type="way" ref="1430839230" role=""/>
  <member type="way" ref="1237774637" role=""/>
  <member type="way" ref="1430839229" role=""/>
  <member type="way" ref="1429707681" role=""/>
  <member type="way" ref="1430839231" role=""/>
  <member type="way" ref="678148425" role=""/>
  <member type="way" ref="678148422" role="forward"/>
  <member type="way" ref="307173191" role="forward"/>
  <member type="way" ref="307173192" role="forward"/>
  <member type="way" ref="1341221223" role="forward"/>
  <member type="way" ref="678148430" role="forward"/>
  <member type="way" ref="564644222" role="forward"/>
  <member type="way" ref="511354534" role="forward"/>
  <member type="way" ref="815726072" role="forward"/>
  <member type="way" ref="813970286" role="forward"/>
  <member type="way" ref="158925470" role="forward"/>
  <member type="way" ref="307179392" role="forward"/>
  <member type="way" ref="1341221222" role="forward"/>
  <member type="way" ref="1537207944" role="forward"/>
  <member type="way" ref="1537207943" role="forward"/>
  <member type="way" ref="158925432" role="forward"/>
  <member type="way" ref="197423420" role="forward"/>
  <member type="way" ref="1341221221" role="forward"/>
  <member type="way" ref="576774191" role="forward"/>
  <member type="way" ref="197423421" role="forward"/>
  <member type="way" ref="177565035" role="forward"/>
  <member type="way" ref="404426258" role="forward"/>
  <member type="way" ref="813975045" role="forward"/>
  <member type="way" ref="813975044" role="forward"/>
  <member type="way" ref="815723595" role="forward"/>
  <member type="way" ref="206720040" role="forward"/>
  <member type="way" ref="177563940" role="forward"/>
  <member type="way" ref="177563941" role="forward"/>
  <member type="way" ref="815723594" role="forward"/>
  <member type="way" ref="429681572" role="forward"/>
  <member type="way" ref="813691668" role="forward"/>
  <member type="way" ref="813691667" role="forward"/>
  <member type="way" ref="813687903" role="forward"/>
  <member type="way" ref="813687901" role="forward"/>
  <member type="way" ref="813687902" role="forward"/>
  <member type="way" ref="813687900" role="forward"/>
  <member type="way" ref="813687895" role="forward"/>
  <member type="way" ref="815723593" role="forward"/>
  <member type="way" ref="813687894" role="forward"/>
  <member type="way" ref="813687893" role="forward"/>
  <member type="way" ref="64051791" role="forward"/>
  <member type="way" ref="576774193" role="forward"/>
  <member type="way" ref="813664784" role="forward"/>
  <member type="way" ref="813664783" role="forward"/>
  <member type="way" ref="813664782" role="forward"/>
  <member type="way" ref="576774195" role="forward"/>
  <member type="way" ref="813664779" role="forward"/>
  <member type="way" ref="813628279" role="forward"/>
  <member type="way" ref="813628280" role="forward"/>
  <member type="way" ref="813638768" role="forward"/>
  <member type="way" ref="813638767" role="forward"/>
  <member type="way" ref="815720988" role="forward"/>
  <member type="way" ref="813638769" role="forward"/>
  <member type="way" ref="64048385" role="forward"/>
  <member type="way" ref="64048404" role="forward"/>
  <member type="way" ref="813607209" role="forward"/>
  <member type="way" ref="813607208" role="forward"/>
  <member type="way" ref="321358853" role="forward"/>
  <member type="way" ref="1339181991" role="forward"/>
  <member type="way" ref="1339181992" role="forward"/>
  <member type="way" ref="813607206" role="forward"/>
  <member type="way" ref="813607203" role="forward"/>
  <member type="way" ref="321358854" role="forward"/>
  <member type="way" ref="813607201" role="forward"/>
  <member type="way" ref="813607202" role="forward"/>
  <member type="way" ref="218948234" role="forward"/>
  <member type="way" ref="813607200" role="forward"/>
  <member type="way" ref="813607199" role="forward"/>
  <member type="way" ref="218948233" role="forward"/>
  <member type="way" ref="815719973" role="forward"/>
  <member type="way" ref="813582991" role="forward"/>
  <member type="way" ref="321358855" role="forward"/>
  <member type="way" ref="813610994" role="forward"/>
  <member type="way" ref="813582986" role="forward"/>
  <member type="way" ref="25956857" role="forward"/>
  <member type="way" ref="813582993" role="forward"/>
  <member type="way" ref="813573185" role="forward"/>
  <member type="way" ref="813573183" role="forward"/>
  <member type="way" ref="813573184" role="forward"/>
  <member type="way" ref="319482385" role="forward"/>
  <member type="way" ref="62298431" role="forward"/>
  <member type="way" ref="62298469" role="forward"/>
  <member type="way" ref="62298435" role="forward"/>
  <member type="way" ref="318732606" role="forward"/>
  <member type="way" ref="807464202" role="forward"/>
  <member type="way" ref="807464201" role="forward"/>
  <member type="way" ref="807464199" role="forward"/>
  <member type="way" ref="815717842" role="forward"/>
  <member type="way" ref="318732604" role="forward"/>
  <member type="way" ref="807464197" role="forward"/>
  <member type="way" ref="807464198" role="forward"/>
  <member type="way" ref="62298425" role="forward"/>
  <member type="way" ref="807454864" role="forward"/>
  <member type="way" ref="807464200" role="forward"/>
  <member type="way" ref="62298442" role="forward"/>
  <member type="way" ref="807454861" role="forward"/>
  <member type="way" ref="807454863" role="forward"/>
  <member type="way" ref="807454862" role="forward"/>
  <member type="way" ref="182237475" role="forward"/>
  <member type="way" ref="182237480" role="forward"/>
  <member type="way" ref="95952365" role="forward"/>
  <member type="way" ref="95952364" role="forward"/>
  <member type="way" ref="329668740" role="forward"/>
  <member type="way" ref="807442437" role="forward"/>
  <member type="way" ref="807442436" role="forward"/>
  <member type="way" ref="815716748" role="forward"/>
  <member type="way" ref="329668742" role="forward"/>
  <member type="way" ref="807311668" role="forward"/>
  <member type="way" ref="668036172" role="forward"/>
  <member type="way" ref="807311663" role="forward"/>
  <member type="way" ref="807311669" role="forward"/>
  <member type="way" ref="668036171" role="forward"/>
  <member type="way" ref="807311667" role="forward"/>
  <member type="way" ref="668036174" role="forward"/>
  <member type="way" ref="668036173" role="forward"/>
  <member type="way" ref="806176907" role="forward"/>
  <member type="way" ref="806541146" role="forward"/>
  <member type="way" ref="815714725" role="forward"/>
  <member type="way" ref="806176906" role="forward"/>
  <member type="way" ref="815714726" role="forward"/>
  <member type="way" ref="806935632" role="forward"/>
  <member type="way" ref="806176905" role="forward"/>
  <member type="way" ref="34659909" role="forward"/>
  <member type="way" ref="34659912" role="forward"/>
  <member type="way" ref="34656815" role="forward"/>
  <member type="way" ref="815647662" role="forward"/>
  <member type="way" ref="815713952" role="forward"/>
  <member type="way" ref="815647660" role="forward"/>
  <member type="way" ref="815647661" role="forward"/>
  <member type="way" ref="400016274" role="forward"/>
  <member type="way" ref="815651277" role="forward"/>
  <member type="way" ref="815651276" role="forward"/>
  <member type="way" ref="815651261" role="forward"/>
  <member type="way" ref="815651260" role="forward"/>
  <member type="way" ref="400016270" role="forward"/>
  <member type="way" ref="815655927" role="forward"/>
  <member type="way" ref="815655926" role="forward"/>
  <member type="way" ref="34656817" role="forward"/>
  <member type="way" ref="276871376" role="forward"/>
  <member type="way" ref="815655917" role="forward"/>
  <member type="way" ref="815655919" role="forward"/>
  <member type="way" ref="815655918" role="forward"/>
  <member type="way" ref="815656879" role="forward"/>
  <member type="way" ref="815712841" role="forward"/>
  <member type="way" ref="815656877" role="forward"/>
  <member type="way" ref="815656876" role="forward"/>
  <member type="way" ref="815697227" role="forward"/>
  <member type="way" ref="276871372" role="forward"/>
  <member type="way" ref="276871377" role="forward"/>
  <member type="way" ref="276871373" role="forward"/>
  <member type="way" ref="96198341" role="forward"/>
  <member type="way" ref="96198529" role="forward"/>
  <member type="way" ref="815701118" role="forward"/>
  <member type="way" ref="815700973" role="forward"/>
  <member type="way" ref="815703336" role="forward"/>
  <member type="way" ref="815711799" role="forward"/>
  <member type="way" ref="815703335" role="forward"/>
  <member type="way" ref="815703334" role="forward"/>
  <member type="way" ref="815710718" role="forward"/>
  <member type="way" ref="815700974" role="forward"/>
  <member type="way" ref="182228054" role="forward"/>
  <member type="way" ref="182228055" role="forward"/>
  <member type="way" ref="1160235559" role="forward"/>
  <member type="way" ref="1160235558" role="forward"/>
  <member type="way" ref="1127566739" role="forward"/>
  <member type="way" ref="1127566738" role="forward"/>
  <member type="way" ref="1124649985" role="forward"/>
  <member type="way" ref="1124649984" role="forward"/>
  <member type="way" ref="713341037" role="forward"/>
  <member type="way" ref="371486321" role="forward"/>
  <member type="way" ref="371486320" role="forward"/>
  <member type="way" ref="34654626" role="forward"/>
  <member type="way" ref="34654627" role="forward"/>
  <member type="way" ref="713341033" role="forward"/>
  <member type="way" ref="23082059" role="forward"/>
  <member type="way" ref="713341032" role="forward"/>
  <member type="way" ref="713341034" role="forward"/>
  <member type="way" ref="713341035" role="forward"/>
  <member type="way" ref="34654239" role="forward"/>
  <member type="way" ref="34654240" role="forward"/>
  <member type="way" ref="1134075869" role="forward"/>
  <member type="way" ref="1134075868" role="forward"/>
  <member type="way" ref="182218276" role="forward"/>
  <member type="way" ref="182218275" role="forward"/>
  <member type="way" ref="182218282" role="forward"/>
  <member type="way" ref="182218286" role="forward"/>
  <member type="way" ref="806789973" role="forward"/>
  <member type="way" ref="806789974" role="forward"/>
  <member type="way" ref="42704821" role="forward"/>
  <member type="way" ref="806789972" role="forward"/>
  <member type="way" ref="806789971" role="forward"/>
  <member type="way" ref="812640444" role="forward"/>
  <member type="way" ref="812640441" role="forward"/>
  <member type="way" ref="42704822" role="forward"/>
  <member type="way" ref="1319958058" role="forward"/>
  <member type="way" ref="1319958059" role="forward"/>
  <member type="way" ref="165952896" role="forward"/>
  <member type="way" ref="165952898" role="forward"/>
  <member type="way" ref="1018231114" role="forward"/>
  <member type="way" ref="1018231113" role="forward"/>
  <member type="way" ref="37905593" role="forward"/>
  <member type="way" ref="1424761280" role="forward"/>
  <member type="way" ref="27917953" role="forward"/>
  <member type="way" ref="1424761284" role="forward"/>
  <member type="way" ref="1255691765" role="forward"/>
  <member type="way" ref="215571111" role="forward"/>
  <member type="way" ref="815611334" role="forward"/>
  <member type="way" ref="294378267" role="forward"/>
  <member type="way" ref="294378262" role="forward"/>
  <member type="way" ref="294378266" role="forward"/>
  <member type="way" ref="294378265" role="forward"/>
  <member type="way" ref="534830992" role="forward"/>
  <member type="way" ref="815611335" role="forward"/>
  <member type="way" ref="1429707694" role=""/>
  <member type="way" ref="284926095" role=""/>
  <member type="way" ref="534830998" role=""/>
  <member type="way" ref="284926086" role=""/>
  <member type="way" ref="294378284" role=""/>
  <member type="way" ref="294378280" role=""/>
  <member type="way" ref="382572713" role=""/>
  <member type="way" ref="1428765592" role=""/>
  <member type="way" ref="1428765591" role=""/>
  <member type="way" ref="446373749" role=""/>
  <member type="way" ref="382572710" role=""/>
  <member type="way" ref="446373750" role=""/>
  <member type="way" ref="449246483" role=""/>
  <member type="way" ref="449246482" role=""/>
  <member type="way" ref="1412993584" role=""/>
  <member type="way" ref="1561656780" role=""/>
  <member type="way" ref="1412993585" role=""/>
  <member type="way" ref="815007703" role=""/>
  <member type="way" ref="815007704" role=""/>
  <member type="way" ref="1443648788" role=""/>
  <member type="way" ref="815007705" role=""/>
  <member type="way" ref="602148307" role=""/>
  <member type="way" ref="815012958" role=""/>
  <member type="way" ref="815012960" role=""/>
  <member type="way" ref="815012959" role=""/>
  <member type="way" ref="815012954" role="forward"/>
  <member type="way" ref="815012956" role="forward"/>
  <member type="way" ref="815012955" role="forward"/>
  <member type="way" ref="198760169" role="forward"/>
  <member type="way" ref="606347623" role="forward"/>
  <member type="way" ref="606347622" role="forward"/>
  <member type="way" ref="198760168" role="forward"/>
  <member type="way" ref="306997214" role="forward"/>
  <member type="way" ref="307581328" role="forward"/>
  <member type="way" ref="501105049" role="forward"/>
  <member type="way" ref="501105048" role="forward"/>
  <member type="way" ref="815054661" role="forward"/>
  <member type="way" ref="815054659" role="forward"/>
  <member type="way" ref="815054660" role="forward"/>
  <member type="way" ref="815065564" role="forward"/>
  <member type="way" ref="815065563" role="forward"/>
  <member type="way" ref="307581059" role="forward"/>
  <member type="way" ref="678223286" role="forward"/>
  <member type="way" ref="678141553" role="forward"/>
  <member type="way" ref="815502888" role="forward"/>
  <member type="way" ref="25962376" role="forward"/>
  <member type="way" ref="815516126" role="forward"/>
  <member type="way" ref="435020516" role="forward"/>
  <member type="way" ref="307071321" role="forward"/>
  <member type="way" ref="815516125" role="forward"/>
  <member type="way" ref="307071325" role="forward"/>
  <member type="way" ref="1341226832" role="forward"/>
  <member type="way" ref="813975040" role="forward"/>
  <member type="way" ref="813975039" role="forward"/>
  <member type="way" ref="787892551" role="forward"/>
  <member type="way" ref="1341221225" role="forward"/>
  <member type="way" ref="1341221224" role="forward"/>
  <member type="way" ref="198760166" role="forward"/>
  <member type="way" ref="435023082" role=""/>
  <member type="way" ref="534830997" role=""/>
  <member type="way" ref="815007710" role=""/>
  <member type="way" ref="602148280" role=""/>
  <member type="way" ref="815007711" role=""/>
  <member type="way" ref="889869882" role=""/>
  <member type="way" ref="782510734" role=""/>
  <member type="way" ref="782510733" role=""/>
  <member type="way" ref="207990430" role=""/>
  <member type="way" ref="732397126" role=""/>
  <member type="way" ref="1493577807" role=""/>
  <member type="way" ref="1493577806" role=""/>
  <member type="way" ref="162567997" role=""/>
  <member type="way" ref="162567998" role=""/>
  <member type="way" ref="435023090" role=""/>
  <member type="way" ref="380817853" role=""/>
  <member type="way" ref="380817860" role=""/>
  <member type="way" ref="847275426" role=""/>
  <member type="way" ref="294052549" role=""/>
  <member type="way" ref="675180439" role=""/>
  <member type="way" ref="675180446" role=""/>
  <member type="way" ref="370738827" role=""/>
  <member type="way" ref="139477514" role=""/>
  <member type="way" ref="1274647490" role=""/>
  <member type="way" ref="347340529" role=""/>
  <member type="way" ref="438992243" role=""/>
  <member type="way" ref="909522917" role=""/>
  <member type="way" ref="834924828" role=""/>
  <member type="way" ref="905222237" role=""/>
  <member type="way" ref="905222236" role=""/>
  <member type="way" ref="1274647491" role=""/>
  <member type="way" ref="1232964858" role=""/>
  <member type="way" ref="438992224" role=""/>
  <member type="way" ref="438992222" role=""/>
  <member type="way" ref="1233275281" role=""/>
  <member type="way" ref="1233275280" role=""/>
  <member type="way" ref="836103744" role="forward"/>
  <member type="way" ref="836103743" role="forward"/>
  <member type="way" ref="1527893842" role=""/>
  <member type="way" ref="55101185" role=""/>
  <member type="way" ref="1077107154" role=""/>
  <member type="way" ref="1429707684" role=""/>
  <member type="way" ref="289094025" role=""/>
  <member type="way" ref="1428513879" role=""/>
  <member type="way" ref="438992248" role=""/>
  <member type="way" ref="438992247" role=""/>
  <member type="way" ref="438992246" role=""/>
  <member type="way" ref="343751204" role=""/>
  <member type="way" ref="252832060" role=""/>
  <member type="way" ref="851398526" role=""/>
  <member type="way" ref="438992245" role=""/>
  <member type="way" ref="347340526" role=""/>
  <member type="way" ref="834924826" role=""/>
  <member type="way" ref="834924827" role=""/>
  <member type="way" ref="834924825" role=""/>
  <member type="way" ref="1102435083" role=""/>
  <member type="way" ref="905222239" role=""/>
  <member type="way" ref="905222238" role=""/>
  <member type="way" ref="1531594086" role="forward"/>
  <member type="way" ref="1531594087" role="forward"/>
  <member type="way" ref="376236007" role="forward"/>
  <member type="way" ref="1432336221" role="forward"/>
  <member type="way" ref="870859039" role="forward"/>
  <member type="way" ref="34220660" role="forward"/>
  <member type="way" ref="376236008" role="forward"/>
  <member type="way" ref="34220661" role="forward"/>
  <member type="way" ref="34220665" role=""/>
  <member type="way" ref="1041950616" role=""/>
  <member type="way" ref="34220664" role=""/>
  <member type="way" ref="835790003" role=""/>
  <member type="way" ref="835790002" role=""/>
  <member type="way" ref="835790006" role=""/>
  <member type="way" ref="34225070" role=""/>
  <member type="way" ref="34225069" role=""/>
  <member type="way" ref="34220668" role=""/>
  <member type="way" ref="34220669" role="forward"/>
  <member type="way" ref="190588688" role="forward"/>
  <member type="way" ref="34220670" role="forward"/>
  <member type="way" ref="34220666" role="forward"/>
  <member type="way" ref="1168285936" role="forward"/>
  <member type="way" ref="190588739" role="forward"/>
  <member type="way" ref="34220671" role="forward"/>
  <member type="way" ref="1042745866" role=""/>
  <member type="way" ref="34225068" role=""/>
  <member type="way" ref="34220675" role=""/>
  <member type="way" ref="34220672" role="forward"/>
  <member type="way" ref="190588745" role="forward"/>
  <member type="way" ref="29049905" role="forward"/>
  <member type="way" ref="34220676" role="forward"/>
  <member type="way" ref="376236050" role="forward"/>
  <member type="way" ref="34220677" role="forward"/>
  <member type="way" ref="34220674" role=""/>
  <member type="way" ref="34220682" role="forward"/>
  <member type="way" ref="376236003" role="forward"/>
  <member type="way" ref="34220679" role="forward"/>
  <member type="way" ref="34220681" role="forward"/>
  <member type="way" ref="376236002" role="forward"/>
  <member type="way" ref="34220683" role="forward"/>
  <member type="way" ref="1042745869" role=""/>
  <member type="way" ref="34220684" role=""/>
  <member type="way" ref="1042745870" role=""/>
  <member type="way" ref="34221507" role="forward"/>
  <member type="way" ref="1395493259" role="forward"/>
  <member type="way" ref="190588738" role="forward"/>
  <member type="way" ref="1395493265" role="forward"/>
  <member type="way" ref="34221508" role="forward"/>
  <member type="way" ref="34221506" role="forward"/>
  <member type="way" ref="376236056" role="forward"/>
  <member type="way" ref="1531592486" role="forward"/>
  <member type="way" ref="34221509" role="forward"/>
  <member type="way" ref="1136211697" role=""/>
  <member type="way" ref="34221515" role=""/>
  <member type="way" ref="34221512" role="forward"/>
  <member type="way" ref="34221513" role="forward"/>
  <member type="way" ref="1267212631" role="forward"/>
  <member type="way" ref="1267212630" role="forward"/>
  <member type="way" ref="34221516" role="forward"/>
  <member type="way" ref="34221517" role="forward"/>
  <member type="way" ref="190588748" role="forward"/>
  <member type="way" ref="1267212633" role="forward"/>
  <member type="way" ref="1267212632" role="forward"/>
  <member type="way" ref="34221514" role="forward"/>
  <member type="way" ref="1136211698" role="forward"/>
  <member type="way" ref="1530022694" role=""/>
  <member type="way" ref="35937780" role=""/>
  <member type="way" ref="1530022693" role=""/>
  <member type="way" ref="35937768" role="forward"/>
  <member type="way" ref="735480897" role="forward"/>
  <member type="way" ref="869726342" role="forward"/>
  <member type="way" ref="190588747" role="forward"/>
  <member type="way" ref="869726341" role="forward"/>
  <member type="way" ref="34225061" role="forward"/>
  <member type="way" ref="35937772" role="forward"/>
  <member type="way" ref="376236020" role="forward"/>
  <member type="way" ref="35937779" role="forward"/>
  <member type="way" ref="35937774" role=""/>
  <member type="way" ref="863983195" role=""/>
  <member type="way" ref="1485326764" role=""/>
  <member type="way" ref="1485326763" role=""/>
  <member type="way" ref="71433124" role=""/>
  <member type="way" ref="190588683" role="forward"/>
  <member type="way" ref="870416833" role="forward"/>
  <member type="way" ref="161650061" role="forward"/>
  <member type="way" ref="161650059" role="forward"/>
  <member type="way" ref="161650058" role="forward"/>
  <member type="way" ref="190588751" role="forward"/>
  <member type="way" ref="190588685" role="forward"/>
  <member type="way" ref="161650060" role=""/>
  <member type="way" ref="340288331" role=""/>
  <member type="way" ref="340288332" role=""/>
  <member type="way" ref="35939676" role="forward"/>
  <member type="way" ref="190588737" role="forward"/>
  <member type="way" ref="35939671" role="forward"/>
  <member type="way" ref="35939675" role="forward"/>
  <member type="way" ref="190588731" role="forward"/>
  <member type="way" ref="35939673" role="forward"/>
  <member type="way" ref="35939674" role=""/>
  <member type="way" ref="35939670" role="forward"/>
  <member type="way" ref="35939665" role="forward"/>
  <member type="way" ref="35939664" role="forward"/>
  <member type="way" ref="35939669" role="forward"/>
  <member type="way" ref="190588746" role="forward"/>
  <member type="way" ref="35939666" role="forward"/>
  <member type="way" ref="35939667" role=""/>
  <member type="way" ref="190588670" role="forward"/>
  <member type="way" ref="34967005" role="forward"/>
  <member type="way" ref="35937759" role="forward"/>
  <member type="way" ref="167061794" role="forward"/>
  <member type="way" ref="1531630455" role="forward"/>
  <member type="way" ref="190588750" role="forward"/>
  <member type="way" ref="35937757" role="forward"/>
  <member type="way" ref="35937758" role=""/>
  <member type="way" ref="35937755" role="forward"/>
  <member type="way" ref="190588730" role="forward"/>
  <member type="way" ref="35937760" role="forward"/>
  <member type="way" ref="34115832" role="forward"/>
  <member type="way" ref="869735492" role="forward"/>
  <member type="way" ref="42275373" role="forward"/>
  <member type="way" ref="34967006" role="forward"/>
  <member type="way" ref="35937762" role=""/>
  <member type="way" ref="34225326" role=""/>
  <member type="way" ref="34517328" role=""/>
  <member type="way" ref="987441110" role=""/>
  <member type="way" ref="1530833996" role=""/>
  <member type="way" ref="35936701" role=""/>
  <member type="way" ref="35935636" role="forward"/>
  <member type="way" ref="376236049" role="forward"/>
  <member type="way" ref="35935633" role="forward"/>
  <member type="way" ref="35935637" role="forward"/>
  <member type="way" ref="1436973015" role="forward"/>
  <member type="way" ref="1429707687" role="forward"/>
  <member type="way" ref="190588743" role="forward"/>
  <member type="way" ref="35935635" role="forward"/>
  <member type="way" ref="35935634" role=""/>
  <member type="way" ref="1230612222" role=""/>
  <member type="way" ref="1230621235" role=""/>
  <member type="way" ref="1230612221" role=""/>
  <member type="way" ref="439146445" role=""/>
  <member type="way" ref="35935648" role=""/>
  <member type="way" ref="439693884" role=""/>
  <member type="way" ref="439693885" role=""/>
  <member type="way" ref="439693886" role=""/>
  <member type="way" ref="1493561890" role=""/>
  <member type="way" ref="835845035" role=""/>
  <member type="way" ref="439693887" role=""/>
  <member type="way" ref="815660231" role=""/>
  <member type="way" ref="835846025" role=""/>
  <member type="way" ref="835846024" role=""/>
  <member type="way" ref="835846023" role=""/>
  <member type="way" ref="160204995" role=""/>
  <member type="way" ref="160204999" role=""/>
  <member type="way" ref="962830232" role=""/>
  <member type="way" ref="1352032200" role=""/>
  <member type="way" ref="439693888" role=""/>
  <member type="way" ref="918304090" role=""/>
  <member type="way" ref="439693889" role=""/>
  <member type="way" ref="371155526" role=""/>
  <member type="way" ref="371155524" role=""/>
  <member type="way" ref="403044302" role=""/>
  <member type="way" ref="439693890" role=""/>
  <member type="way" ref="147398830" role=""/>
  <member type="way" ref="147398825" role=""/>
  <member type="way" ref="71422782" role=""/>
  <member type="way" ref="439693891" role=""/>
  <member type="way" ref="439693892" role=""/>
  <member type="way" ref="147398854" role=""/>
  <member type="way" ref="1546358073" role=""/>
  <member type="way" ref="147398838" role=""/>
  <member type="way" ref="474803127" role=""/>
  <member type="way" ref="439693893" role=""/>
  <member type="way" ref="157243967" role=""/>
  <member type="way" ref="157243966" role=""/>
  <member type="way" ref="835857372" role=""/>
  <member type="way" ref="439693894" role=""/>
  <member type="way" ref="424255403" role=""/>
  <member type="way" ref="50097253" role=""/>
  <member type="way" ref="50097243" role=""/>
  <member type="way" ref="1417464751" role=""/>
  <member type="way" ref="1059457792" role=""/>
  <member type="way" ref="1059457791" role=""/>
  <member type="way" ref="439693895" role=""/>
  <member type="way" ref="439693896" role=""/>
  <member type="way" ref="439693897" role=""/>
  <member type="way" ref="49428952" role="forward"/>
  <member type="way" ref="49228547" role="forward"/>
  <member type="way" ref="49228549" role="forward"/>
  <member type="way" ref="49228390" role="forward"/>
  <member type="way" ref="376236048" role="forward"/>
  <member type="way" ref="1436973013" role="forward"/>
  <member type="way" ref="1436973014" role="forward"/>
  <member type="way" ref="49228548" role="forward"/>
  <member type="way" ref="49428951" role=""/>
  <member type="way" ref="918262246" role=""/>
  <member type="way" ref="51888027" role=""/>
  <member type="way" ref="51888018" role=""/>
  <member type="way" ref="49228392" role=""/>
  <member type="way" ref="97473774" role=""/>
  <member type="way" ref="49228393" role=""/>
  <member type="way" ref="1555103056" role=""/>
  <member type="way" ref="97473775" role=""/>
  <member type="way" ref="49426170" role=""/>
  <member type="way" ref="49398610" role=""/>
  <member type="way" ref="49228391" role=""/>
  <member type="way" ref="49398608" role=""/>
  <member type="way" ref="238063070" role=""/>
  <member type="way" ref="238063072" role=""/>
  <member type="way" ref="238063071" role=""/>
  <member type="way" ref="238063068" role=""/>
  <member type="way" ref="238063067" role=""/>
  <member type="way" ref="49369563" role=""/>
  <member type="way" ref="238063069" role=""/>
  <member type="way" ref="238063073" role=""/>
  <member type="way" ref="49428950" role="forward"/>
  <member type="way" ref="376236052" role="forward"/>
  <member type="way" ref="49228514" role="forward"/>
  <member type="way" ref="49228487" role="forward"/>
  <member type="way" ref="190588681" role="forward"/>
  <member type="way" ref="49228511" role="forward"/>
  <member type="way" ref="49428945" role=""/>
  <member type="way" ref="238063065" role=""/>
  <member type="way" ref="238063074" role=""/>
  <member type="way" ref="238063066" role=""/>
  <member type="way" ref="49368690" role=""/>
  <member type="way" ref="49398308" role=""/>
  <member type="way" ref="49398307" role=""/>
  <member type="way" ref="49428947" role="forward"/>
  <member type="way" ref="376236045" role="forward"/>
  <member type="way" ref="49228406" role="forward"/>
  <member type="way" ref="49228404" role="forward"/>
  <member type="way" ref="1047435469" role="forward"/>
  <member type="way" ref="1436973000" role="forward"/>
  <member type="way" ref="190588680" role="forward"/>
  <member type="way" ref="49228408" role="forward"/>
  <member type="way" ref="48614507" role=""/>
  <member type="way" ref="49428948" role=""/>
  <member type="way" ref="50097240" role=""/>
  <member type="way" ref="75839134" role=""/>
  <member type="way" ref="48614506" role=""/>
  <member type="way" ref="48614509" role=""/>
  <member type="way" ref="1121046012" role=""/>
  <member type="way" ref="218947343" role=""/>
  <member type="way" ref="918238346" role=""/>
  <member type="way" ref="918238345" role=""/>
  <member type="way" ref="475913285" role=""/>
  <member type="way" ref="475913286" role=""/>
  <member type="way" ref="1534492677" role=""/>
  <member type="way" ref="1556866107" role=""/>
  <member type="way" ref="69682238" role=""/>
  <member type="way" ref="1004715677" role=""/>
  <member type="way" ref="917852873" role=""/>
  <member type="way" ref="48614503" role=""/>
  <member type="way" ref="218951201" role=""/>
  <member type="way" ref="35343223" role=""/>
  <member type="way" ref="35343224" role=""/>
  <member type="way" ref="1366287839" role=""/>
  <member type="way" ref="1436973009" role=""/>
  <member type="way" ref="222564328" role=""/>
  <member type="way" ref="48614558" role=""/>
  <member type="way" ref="714827622" role=""/>
  <member type="way" ref="714827621" role=""/>
  <member type="way" ref="917846446" role=""/>
  <member type="way" ref="1556867479" role=""/>
  <member type="way" ref="218951200" role=""/>
  <member type="way" ref="1409423913" role=""/>
  <member type="way" ref="1411776990" role=""/>
  <member type="way" ref="1409423914" role=""/>
  <member type="way" ref="55493406" role=""/>
  <member type="way" ref="917824347" role=""/>
  <member type="way" ref="55493412" role=""/>
  <member type="way" ref="1502913007" role=""/>
  <member type="way" ref="48614559" role=""/>
  <member type="way" ref="917824346" role=""/>
  <member type="way" ref="917824345" role=""/>
  <member type="way" ref="1392058227" role=""/>
  <member type="way" ref="48614582" role=""/>
  <member type="way" ref="1315594595" role=""/>
  <member type="way" ref="505700175" role=""/>
  <member type="way" ref="1318462518" role=""/>
  <member type="way" ref="55493333" role=""/>
  <member type="way" ref="1315594598" role=""/>
  <member type="way" ref="55493325" role=""/>
  <member type="way" ref="505700174" role=""/>
  <member type="way" ref="505700173" role=""/>
  <member type="way" ref="1317875440" role=""/>
  <member type="way" ref="219120284" role=""/>
  <member type="way" ref="219120283" role=""/>
  <member type="way" ref="505700171" role=""/>
  <member type="way" ref="505700172" role=""/>
  <member type="way" ref="625100576" role=""/>
  <member type="way" ref="855510130" role=""/>
  <member type="way" ref="855510129" role=""/>
  <member type="way" ref="48614583" role=""/>
  <member type="way" ref="625100577" role=""/>
  <member type="way" ref="235399364" role=""/>
  <member type="way" ref="235399365" role=""/>
  <member type="way" ref="225034067" role=""/>
  <member type="way" ref="1368357629" role=""/>
  <member type="way" ref="29050143" role=""/>
  <member type="way" ref="76450688" role=""/>
  <member type="way" ref="1356486837" role=""/>
  <member type="way" ref="1436973008" role=""/>
  <member type="way" ref="337178826" role=""/>
  <member type="way" ref="380680484" role=""/>
  <member type="way" ref="105917924" role=""/>
  <member type="way" ref="153476202" role=""/>
  <member type="way" ref="153476205" role=""/>
  <member type="way" ref="105948367" role=""/>
  <member type="way" ref="1493576495" role=""/>
  <member type="way" ref="159630438" role=""/>
  <member type="way" ref="159630436" role=""/>
  <member type="way" ref="153476197" role=""/>
  <member type="way" ref="381277831" role=""/>
  <member type="way" ref="1454472618" role=""/>
  <member type="way" ref="1454472620" role=""/>
  <member type="way" ref="381277832" role=""/>
  <member type="way" ref="435026091" role=""/>
  <member type="way" ref="153476210" role=""/>
  <member type="way" ref="1493576496" role=""/>
  <member type="way" ref="105917954" role=""/>
  <member type="way" ref="105917969" role=""/>
  <member type="way" ref="105917993" role=""/>
  <member type="way" ref="1497032731" role=""/>
  <member type="way" ref="105943012" role=""/>
  <member type="way" ref="105943036" role=""/>
  <member type="way" ref="1493576497" role=""/>
  <member type="way" ref="435026090" role=""/>
  <member type="way" ref="435026093" role=""/>
  <member type="way" ref="1493576498" role=""/>
  <member type="way" ref="1493576499" role=""/>
  <member type="way" ref="1493576500" role=""/>
  <member type="way" ref="701259802" role=""/>
  <member type="way" ref="105922103" role=""/>
  <member type="way" ref="435026094" role=""/>
  <member type="way" ref="1454485745" role=""/>
  <member type="way" ref="1454485742" role=""/>
  <member type="way" ref="1454485740" role=""/>
  <member type="way" ref="1454485741" role=""/>
  <member type="way" ref="1493576501" role=""/>
  <member type="way" ref="1493576502" role=""/>
  <member type="way" ref="1454950709" role=""/>
  <member type="way" ref="546451038" role=""/>
  <member type="way" ref="435026088" role=""/>
  <member type="way" ref="1493576504" role=""/>
  <member type="way" ref="105922123" role=""/>
  <member type="way" ref="1493576505" role=""/>
  <member type="way" ref="1462594813" role=""/>
  <member type="way" ref="1462594812" role=""/>
  <member type="way" ref="402507030" role=""/>
  <member type="way" ref="1462758684" role=""/>
  <member type="way" ref="105922094" role=""/>
  <member type="way" ref="1493576508" role=""/>
  <member type="way" ref="1493576506" role=""/>
  <member type="way" ref="1493576509" role=""/>
  <member type="way" ref="206601725" role=""/>
  <member type="way" ref="1493576510" role=""/>
  <member type="way" ref="1493576511" role=""/>
  <member type="way" ref="435026092" role=""/>
  <member type="way" ref="206601726" role=""/>
  <member type="way" ref="1493576512" role=""/>
  <member type="way" ref="1493576513" role=""/>
  <member type="way" ref="435023874" role=""/>
  <member type="way" ref="292319027" role=""/>
  <member type="way" ref="382883368" role=""/>
  <member type="way" ref="435023647" role=""/>
  <member type="way" ref="546439116" role=""/>
  <member type="way" ref="1456097572" role=""/>
  <member type="way" ref="435023650" role=""/>
  <member type="way" ref="377751894" role=""/>
  <member type="way" ref="1493576514" role=""/>
  <member type="way" ref="1493576515" role=""/>
  <member type="way" ref="105943025" role=""/>
  <member type="way" ref="1493576516" role=""/>
  <member type="way" ref="1493576518" role=""/>
  <member type="way" ref="1493576517" role=""/>
  <member type="way" ref="1442143480" role=""/>
  <member type="way" ref="105942922" role=""/>
  <member type="way" ref="435023649" role=""/>
  <member type="way" ref="435023648" role=""/>
  <member type="way" ref="1493576519" role=""/>
  <member type="way" ref="1493576520" role=""/>
  <member type="way" ref="23219849" role=""/>
  <member type="way" ref="1321966630" role=""/>
  <member type="way" ref="1321966632" role=""/>
  <member type="way" ref="1321966633" role=""/>
  <member type="way" ref="23219848" role=""/>
  <member type="way" ref="809927642" role=""/>
  <member type="way" ref="61766643" role=""/>
  <member type="way" ref="61766637" role=""/>
  <member type="way" ref="809927644" role=""/>
  <member type="way" ref="809927643" role=""/>
  <member type="way" ref="123093573" role=""/>
  <member type="way" ref="815639125" role=""/>
  <member type="way" ref="123093577" role="forward"/>
  <member type="way" ref="376236009" role=""/>
  <member type="way" ref="1429707683" role=""/>
  <member type="way" ref="851269286" role=""/>
  <member type="way" ref="33468935" role="forward"/>
  <member type="way" ref="54147877" role="forward"/>
  <member type="way" ref="54148869" role="forward"/>
  <member type="way" ref="54147874" role=""/>
  <member type="way" ref="175405808" role=""/>
  <member type="way" ref="55101184" role="forward"/>
  <member type="way" ref="1077107155" role=""/>
  <member type="way" ref="1349228921" role=""/>
  <member type="way" ref="1453653461" role=""/>
  <member type="way" ref="1349228922" role=""/>
  <member type="way" ref="1429707682" role=""/>
  <member type="way" ref="1055149853" role=""/>
  <member type="way" ref="1274647483" role=""/>
  <member type="way" ref="1274647484" role=""/>
  <member type="way" ref="1414413389" role=""/>
  <member type="way" ref="907510498" role="forward"/>
  <member type="way" ref="28192866" role="forward"/>
  <member type="way" ref="907510497" role="forward"/>
  <member type="way" ref="907510499" role="forward"/>
  <member type="way" ref="34619710" role="forward"/>
  <member type="way" ref="1018231117" role="forward"/>
  <member type="way" ref="1018231118" role="forward"/>
  <member type="way" ref="26206723" role="forward"/>
  <member type="way" ref="165952897" role="forward"/>
  <member type="way" ref="1493940872" role="forward"/>
  <member type="way" ref="1493940873" role="forward"/>
  <member type="way" ref="165952902" role="forward"/>
  <member type="way" ref="812640442" role="forward"/>
  <member type="way" ref="812640443" role="forward"/>
  <member type="way" ref="806790014" role="forward"/>
  <member type="way" ref="806790013" role="forward"/>
  <member type="way" ref="42704823" role="forward"/>
  <member type="way" ref="806790012" role="forward"/>
  <member type="way" ref="806789994" role="forward"/>
  <member type="way" ref="806861789" role="forward"/>
  <member type="way" ref="806861791" role="forward"/>
  <member type="way" ref="806861790" role="forward"/>
  <member type="way" ref="42704824" role="forward"/>
  <member type="way" ref="182218283" role="forward"/>
  <member type="way" ref="182218281" role="forward"/>
  <member type="way" ref="182218280" role="forward"/>
  <member type="way" ref="182218285" role="forward"/>
  <member type="way" ref="1134075867" role="forward"/>
  <member type="way" ref="1134075866" role="forward"/>
  <member type="way" ref="1336915914" role="forward"/>
  <member type="way" ref="1108466792" role="forward"/>
  <member type="way" ref="34654237" role="forward"/>
  <member type="way" ref="34654238" role="forward"/>
  <member type="way" ref="713341031" role="forward"/>
  <member type="way" ref="23082061" role="forward"/>
  <member type="way" ref="713341036" role="forward"/>
  <member type="way" ref="34654622" role="forward"/>
  <member type="way" ref="34654623" role="forward"/>
  <member type="way" ref="713341038" role="forward"/>
  <member type="way" ref="182218277" role="forward"/>
  <member type="way" ref="1124649982" role="forward"/>
  <member type="way" ref="1124649983" role="forward"/>
  <member type="way" ref="1127566740" role="forward"/>
  <member type="way" ref="1127566741" role="forward"/>
  <member type="way" ref="182218284" role="forward"/>
  <member type="way" ref="895698573" role="forward"/>
  <member type="way" ref="895698574" role="forward"/>
  <member type="way" ref="1160235557" role="forward"/>
  <member type="way" ref="1160235556" role="forward"/>
  <member type="way" ref="895698566" role="forward"/>
  <member type="way" ref="895698567" role="forward"/>
  <member type="way" ref="182228051" role="forward"/>
  <member type="way" ref="182228056" role="forward"/>
  <member type="way" ref="815710717" role="forward"/>
  <member type="way" ref="815704854" role="forward"/>
  <member type="way" ref="815704855" role="forward"/>
  <member type="way" ref="815704853" role="forward"/>
  <member type="way" ref="815704852" role="forward"/>
  <member type="way" ref="815711800" role="forward"/>
  <member type="way" ref="815701119" role="forward"/>
  <member type="way" ref="815700972" role="forward"/>
  <member type="way" ref="815700971" role="forward"/>
  <member type="way" ref="96198479" role="forward"/>
  <member type="way" ref="96198358" role="forward"/>
  <member type="way" ref="276871378" role="forward"/>
  <member type="way" ref="815697226" role="forward"/>
  <member type="way" ref="815697224" role="forward"/>
  <member type="way" ref="815697225" role="forward"/>
  <member type="way" ref="815697221" role="forward"/>
  <member type="way" ref="815712843" role="forward"/>
  <member type="way" ref="276871379" role="forward"/>
  <member type="way" ref="815712842" role="forward"/>
  <member type="way" ref="815655921" role="forward"/>
  <member type="way" ref="815655920" role="forward"/>
  <member type="way" ref="276871375" role="forward"/>
  <member type="way" ref="276871374" role="forward"/>
  <member type="way" ref="815655925" role="forward"/>
  <member type="way" ref="815655924" role="forward"/>
  <member type="way" ref="400016271" role="forward"/>
  <member type="way" ref="400016272" role="forward"/>
  <member type="way" ref="34656822" role="forward"/>
  <member type="way" ref="34656824" role="forward"/>
  <member type="way" ref="806541145" role="forward"/>
  <member type="way" ref="806176904" role="forward"/>
  <member type="way" ref="806541144" role="forward"/>
  <member type="way" ref="815714724" role="forward"/>
  <member type="way" ref="806176903" role="forward"/>
  <member type="way" ref="815714723" role="forward"/>
  <member type="way" ref="806935630" role="forward"/>
  <member type="way" ref="34659898" role="forward"/>
  <member type="way" ref="807311679" role="forward"/>
  <member type="way" ref="807311678" role="forward"/>
  <member type="way" ref="807311676" role="forward"/>
  <member type="way" ref="807311680" role="forward"/>
  <member type="way" ref="807311670" role="forward"/>
  <member type="way" ref="668036169" role="forward"/>
  <member type="way" ref="668036170" role="forward"/>
  <member type="way" ref="807324687" role="forward"/>
  <member type="way" ref="807324690" role="forward"/>
  <member type="way" ref="815716749" role="forward"/>
  <member type="way" ref="807324688" role="forward"/>
  <member type="way" ref="329668739" role="forward"/>
  <member type="way" ref="329668741" role="forward"/>
  <member type="way" ref="95952362" role="forward"/>
  <member type="way" ref="95952363" role="forward"/>
  <member type="way" ref="182237478" role="forward"/>
  <member type="way" ref="807452169" role="forward"/>
  <member type="way" ref="807452176" role="forward"/>
  <member type="way" ref="807452175" role="forward"/>
  <member type="way" ref="807452168" role="forward"/>
  <member type="way" ref="182237468" role="forward"/>
  <member type="way" ref="807452170" role="forward"/>
  <member type="way" ref="807452172" role="forward"/>
  <member type="way" ref="807452167" role="forward"/>
  <member type="way" ref="321358857" role="forward"/>
  <member type="way" ref="807452171" role="forward"/>
  <member type="way" ref="807459777" role="forward"/>
  <member type="way" ref="321358852" role="forward"/>
  <member type="way" ref="62298406" role="forward"/>
  <member type="way" ref="807459776" role="forward"/>
  <member type="way" ref="807459775" role="forward"/>
  <member type="way" ref="807459774" role="forward"/>
  <member type="way" ref="318732607" role="forward"/>
  <member type="way" ref="62298409" role="forward"/>
  <member type="way" ref="62298429" role="forward"/>
  <member type="way" ref="62298401" role="forward"/>
  <member type="way" ref="62298423" role="forward"/>
  <member type="way" ref="813566866" role="forward"/>
  <member type="way" ref="813566865" role="forward"/>
  <member type="way" ref="813566867" role="forward"/>
  <member type="way" ref="319482386" role="forward"/>
  <member type="way" ref="25956859" role="forward"/>
  <member type="way" ref="319926407" role="forward"/>
  <member type="way" ref="815719174" role="forward"/>
  <member type="way" ref="813582992" role="forward"/>
  <member type="way" ref="813582990" role="forward"/>
  <member type="way" ref="813582989" role="forward"/>
  <member type="way" ref="321358858" role="forward"/>
  <member type="way" ref="813602401" role="forward"/>
  <member type="way" ref="321358859" role="forward"/>
  <member type="way" ref="218948235" role="forward"/>
  <member type="way" ref="813587414" role="forward"/>
  <member type="way" ref="813587412" role="forward"/>
  <member type="way" ref="813587413" role="forward"/>
  <member type="way" ref="218948236" role="forward"/>
  <member type="way" ref="813587411" role="forward"/>
  <member type="way" ref="813587409" role="forward"/>
  <member type="way" ref="813587408" role="forward"/>
  <member type="way" ref="813587410" role="forward"/>
  <member type="way" ref="64048409" role="forward"/>
  <member type="way" ref="813638772" role="forward"/>
  <member type="way" ref="813638770" role="forward"/>
  <member type="way" ref="813638771" role="forward"/>
  <member type="way" ref="813628283" role="forward"/>
  <member type="way" ref="813628281" role="forward"/>
  <member type="way" ref="813628282" role="forward"/>
  <member type="way" ref="813662484" role="forward"/>
  <member type="way" ref="64051794" role="forward"/>
  <member type="way" ref="813662478" role="forward"/>
  <member type="way" ref="813662479" role="forward"/>
  <member type="way" ref="813662477" role="forward"/>
  <member type="way" ref="576774194" role="forward"/>
  <member type="way" ref="576774192" role="forward"/>
  <member type="way" ref="813685315" role="forward"/>
  <member type="way" ref="813685313" role="forward"/>
  <member type="way" ref="813685314" role="forward"/>
  <member type="way" ref="813685310" role="forward"/>
  <member type="way" ref="815723600" role="forward"/>
  <member type="way" ref="813685316" role="forward"/>
  <member type="way" ref="813685308" role="forward"/>
  <member type="way" ref="813685309" role="forward"/>
  <member type="way" ref="325878976" role="forward"/>
  <member type="way" ref="325878977" role="forward"/>
  <member type="way" ref="815723599" role="forward"/>
  <member type="way" ref="177563943" role="forward"/>
  <member type="way" ref="815723598" role="forward"/>
  <member type="way" ref="813695288" role="forward"/>
  <member type="way" ref="813695286" role="forward"/>
  <member type="way" ref="815723597" role="forward"/>
  <member type="way" ref="815723596" role="forward"/>
  <member type="way" ref="435020514" role="forward"/>
  <member type="way" ref="815726077" role="forward"/>
  <member type="way" ref="813970279" role="forward"/>
  <member type="way" ref="815726076" role="forward"/>
  <member type="way" ref="813970278" role="forward"/>
  <member type="way" ref="576774190" role="forward"/>
  <member type="way" ref="813970276" role="forward"/>
  <member type="way" ref="813970275" role="forward"/>
  <member type="way" ref="815726075" role="forward"/>
  <member type="way" ref="815726074" role="forward"/>
  <member type="way" ref="815726073" role="forward"/>
  <member type="way" ref="678223289" role="forward"/>
  <member type="way" ref="827610452" role="forward"/>
  <member type="way" ref="827610453" role="forward"/>
  <member type="way" ref="813695285" role="forward"/>
  <member type="way" ref="626243620" role="forward"/>
  <member type="way" ref="1428513880" role=""/>
  <member type="way" ref="1530022695" role=""/>
  <tag k="distance" v="250"/>
  <tag k="from" v="Langon"/>
  <tag k="name" v="European route E07"/>
  <tag k="name:cs" v="Evropská silnice E07"/>
  <tag k="name:en" v="European route E07"/>
  <tag k="name:es" v="Ruta europea E07"/>
  <tag k="name:fr" v="Route européenne E07"/>
  <tag k="name:nl" v="Europese route E07"/>
  <tag k="name:sk" v="Európska cesta E07"/>
  <tag k="network" v="e-road"/>
  <tag k="operator" v="United Nations Economic Commission for Europe"/>
  <tag k="operator:short" v="UNECE"/>
  <tag k="operator:type" v="public"/>
  <tag k="operator:wikidata" v="Q659012"/>
  <tag k="ref" v="E 07"/>
  <tag k="route" v="road"/>
  <tag k="to" v="Zaragoza"/>
  <tag k="type" v="route"/>
  <tag k="wikidata" v="Q388884"/>
 </relation>
 <relation id="4052503" visible="true" version="271" changeset="185478717" timestamp="2026-07-10T14:15:50Z" user="ramonz" uid="2047207">
  <member type="way" ref="467787346" role=""/>
  <member type="way" ref="29414832" role=""/>
  <member type="way" ref="29414831" role=""/>
  <member type="way" ref="467787344" role=""/>
  <member type="way" ref="984982539" role=""/>
  <member type="way" ref="24088255" role=""/>
  <member type="way" ref="1288460358" role=""/>
  <member type="way" ref="28872414" role=""/>
  <member type="way" ref="28872413" role=""/>
  <member type="way" ref="28872410" role=""/>
  <member type="way" ref="28872409" role=""/>
  <member type="way" ref="470011182" role=""/>
  <member type="way" ref="470011183" role=""/>
  <member type="way" ref="112310945" role=""/>
  <member type="way" ref="112310944" role=""/>
  <member type="way" ref="112311009" role=""/>
  <member type="way" ref="470011177" role=""/>
  <member type="way" ref="470011176" role=""/>
  <member type="way" ref="984982538" role=""/>
  <member type="way" ref="112310946" role=""/>
  <member type="way" ref="985144866" role=""/>
  <member type="way" ref="966159186" role=""/>
  <member type="way" ref="470011197" role=""/>
  <member type="way" ref="966159181" role=""/>
  <member type="way" ref="470011198" role=""/>
  <member type="way" ref="470011193" role=""/>
  <member type="way" ref="470011192" role=""/>
  <member type="way" ref="985144865" role=""/>
  <member type="way" ref="112310999" role=""/>
  <member type="way" ref="112310957" role=""/>
  <member type="way" ref="96690958" role=""/>
  <member type="way" ref="411110619" role=""/>
  <member type="way" ref="411110653" role=""/>
  <member type="way" ref="411110645" role=""/>
  <member type="way" ref="411110657" role=""/>
  <member type="way" ref="411110621" role=""/>
  <member type="way" ref="411110652" role=""/>
  <member type="way" ref="411110660" role=""/>
  <member type="way" ref="985144864" role=""/>
  <member type="way" ref="411110628" role=""/>
  <member type="way" ref="411110663" role=""/>
  <member type="way" ref="411110622" role=""/>
  <member type="way" ref="470011140" role=""/>
  <member type="way" ref="470011139" role=""/>
  <member type="way" ref="96690965" role=""/>
  <member type="way" ref="470011149" role=""/>
  <member type="way" ref="470011147" role=""/>
  <member type="way" ref="116593730" role=""/>
  <member type="way" ref="116593729" role=""/>
  <member type="way" ref="97242906" role=""/>
  <member type="way" ref="97242934" role=""/>
  <member type="way" ref="97242902" role=""/>
  <member type="way" ref="470011144" role=""/>
  <member type="way" ref="97242913" role=""/>
  <member type="way" ref="985149966" role=""/>
  <member type="way" ref="470011142" role=""/>
  <member type="way" ref="470011143" role=""/>
  <member type="way" ref="470011135" role=""/>
  <member type="way" ref="470011138" role=""/>
  <member type="way" ref="411110655" role=""/>
  <member type="way" ref="470011132" role=""/>
  <member type="way" ref="470011131" role=""/>
  <member type="way" ref="411110612" role=""/>
  <member type="way" ref="97296399" role=""/>
  <member type="way" ref="411110659" role=""/>
  <member type="way" ref="1289465761" role=""/>
  <member type="way" ref="470011128" role=""/>
  <member type="way" ref="985155612" role=""/>
  <member type="way" ref="411110637" role=""/>
  <member type="way" ref="470011127" role=""/>
  <member type="way" ref="470011126" role=""/>
  <member type="way" ref="470011123" role=""/>
  <member type="way" ref="470011122" role=""/>
  <member type="way" ref="1342187580" role=""/>
  <member type="way" ref="1342187581" role=""/>
  <member type="way" ref="97296400" role=""/>
  <member type="way" ref="25542037" role=""/>
  <member type="way" ref="470011119" role=""/>
  <member type="way" ref="470011118" role=""/>
  <member type="way" ref="25542039" role=""/>
  <member type="way" ref="470011117" role=""/>
  <member type="way" ref="470011116" role=""/>
  <member type="way" ref="25539171" role=""/>
  <member type="way" ref="470011115" role=""/>
  <member type="way" ref="470011114" role=""/>
  <member type="way" ref="470011109" role=""/>
  <member type="way" ref="470011108" role=""/>
  <member type="way" ref="470011107" role=""/>
  <member type="way" ref="470011106" role=""/>
  <member type="way" ref="25539165" role=""/>
  <member type="way" ref="470011100" role=""/>
  <member type="way" ref="470011101" role=""/>
  <member type="way" ref="470011095" role=""/>
  <member type="way" ref="214433828" role=""/>
  <member type="way" ref="985163987" role=""/>
  <member type="way" ref="470011342" role=""/>
  <member type="way" ref="470011311" role=""/>
  <member type="way" ref="985180223" role=""/>
  <member type="way" ref="470011315" role=""/>
  <member type="way" ref="470011321" role=""/>
  <member type="way" ref="470011324" role=""/>
  <member type="way" ref="985180222" role=""/>
  <member type="way" ref="214433867" role=""/>
  <member type="way" ref="984506166" role=""/>
  <member type="way" ref="470011332" role=""/>
  <member type="way" ref="470011333" role=""/>
  <member type="way" ref="470011340" role=""/>
  <member type="way" ref="984506165" role=""/>
  <member type="way" ref="984506164" role=""/>
  <member type="way" ref="470011341" role=""/>
  <member type="way" ref="470011343" role=""/>
  <member type="way" ref="984506163" role=""/>
  <member type="way" ref="470011344" role=""/>
  <member type="way" ref="984489267" role=""/>
  <member type="way" ref="31893317" role=""/>
  <member type="way" ref="470011284" role=""/>
  <member type="way" ref="31893314" role=""/>
  <member type="way" ref="470011282" role=""/>
  <member type="way" ref="470011283" role=""/>
  <member type="way" ref="470011265" role=""/>
  <member type="way" ref="470011266" role=""/>
  <member type="way" ref="96404571" role=""/>
  <member type="way" ref="470011280" role=""/>
  <member type="way" ref="209650429" role=""/>
  <member type="way" ref="470011089" role=""/>
  <member type="way" ref="470011247" role=""/>
  <member type="way" ref="470011088" role=""/>
  <member type="way" ref="470011085" role=""/>
  <member type="way" ref="470011245" role=""/>
  <member type="way" ref="470011237" role=""/>
  <member type="way" ref="470011236" role=""/>
  <member type="way" ref="209650428" role=""/>
  <member type="way" ref="146046971" role=""/>
  <member type="way" ref="146046969" role=""/>
  <member type="way" ref="146046959" role=""/>
  <member type="way" ref="984097108" role=""/>
  <member type="way" ref="984097107" role=""/>
  <member type="way" ref="51824076" role=""/>
  <member type="way" ref="51824063" role=""/>
  <member type="way" ref="470011232" role=""/>
  <member type="way" ref="984097106" role=""/>
  <member type="way" ref="984097105" role=""/>
  <member type="way" ref="984097104" role=""/>
  <member type="way" ref="146046987" role=""/>
  <member type="way" ref="470011083" role=""/>
  <member type="way" ref="470011084" role=""/>
  <member type="way" ref="441625000" role=""/>
  <member type="way" ref="441624993" role=""/>
  <member type="way" ref="984054838" role=""/>
  <member type="way" ref="984054837" role=""/>
  <member type="way" ref="441624998" role=""/>
  <member type="way" ref="441625003" role=""/>
  <member type="way" ref="441624999" role=""/>
  <member type="way" ref="553842490" role=""/>
  <member type="way" ref="553842489" role=""/>
  <member type="way" ref="441624994" role=""/>
  <member type="way" ref="1377282895" role=""/>
  <member type="way" ref="1377282894" role=""/>
  <member type="way" ref="51824070" role=""/>
  <member type="way" ref="470011228" role=""/>
  <member type="way" ref="470011227" role=""/>
  <member type="way" ref="470011226" role=""/>
  <member type="way" ref="51824061" role=""/>
  <member type="way" ref="472103759" role=""/>
  <member type="way" ref="472103760" role=""/>
  <member type="way" ref="113743693" role=""/>
  <member type="way" ref="113743702" role=""/>
  <member type="way" ref="472104486" role=""/>
  <member type="way" ref="472104487" role=""/>
  <member type="way" ref="113743695" role=""/>
  <member type="way" ref="472104485" role=""/>
  <member type="way" ref="472104484" role=""/>
  <member type="way" ref="113743790" role=""/>
  <member type="way" ref="113743776" role=""/>
  <member type="way" ref="113743795" role=""/>
  <member type="way" ref="113743757" role=""/>
  <member type="way" ref="472112291" role=""/>
  <member type="way" ref="472112290" role=""/>
  <member type="way" ref="113743806" role=""/>
  <member type="way" ref="472112289" role=""/>
  <member type="way" ref="113743860" role=""/>
  <member type="way" ref="472112283" role=""/>
  <member type="way" ref="472112279" role=""/>
  <member type="way" ref="933218755" role=""/>
  <member type="way" ref="472112260" role=""/>
  <member type="way" ref="472112245" role=""/>
  <member type="way" ref="472112242" role=""/>
  <member type="way" ref="113743851" role=""/>
  <member type="way" ref="472112240" role=""/>
  <member type="way" ref="472112241" role=""/>
  <member type="way" ref="31991898" role=""/>
  <member type="way" ref="472112237" role=""/>
  <member type="way" ref="472112236" role=""/>
  <member type="way" ref="472114427" role=""/>
  <member type="way" ref="472114426" role=""/>
  <member type="way" ref="472114421" role=""/>
  <member type="way" ref="472114420" role=""/>
  <member type="way" ref="31991895" role=""/>
  <member type="way" ref="472116875" role=""/>
  <member type="way" ref="472116865" role=""/>
  <member type="way" ref="472116864" role=""/>
  <member type="way" ref="472116876" role=""/>
  <member type="way" ref="115769909" role=""/>
  <member type="way" ref="115769873" role=""/>
  <member type="way" ref="115769932" role=""/>
  <member type="way" ref="472120606" role=""/>
  <member type="way" ref="472120605" role=""/>
  <member type="way" ref="115769914" role=""/>
  <member type="way" ref="115769960" role=""/>
  <member type="way" ref="115769871" role=""/>
  <member type="way" ref="115769881" role=""/>
  <member type="way" ref="115769927" role=""/>
  <member type="way" ref="115769947" role=""/>
  <member type="way" ref="115769920" role=""/>
  <member type="way" ref="472366132" role=""/>
  <member type="way" ref="982042584" role=""/>
  <member type="way" ref="115769916" role=""/>
  <member type="way" ref="115769880" role=""/>
  <member type="way" ref="115769949" role=""/>
  <member type="way" ref="115769878" role=""/>
  <member type="way" ref="472366130" role=""/>
  <member type="way" ref="115769956" role=""/>
  <member type="way" ref="472366127" role=""/>
  <member type="way" ref="472366122" role=""/>
  <member type="way" ref="472366121" role=""/>
  <member type="way" ref="47860341" role=""/>
  <member type="way" ref="115769964" role=""/>
  <member type="way" ref="472366119" role=""/>
  <member type="way" ref="472366118" role=""/>
  <member type="way" ref="472366115" role=""/>
  <member type="way" ref="472366114" role=""/>
  <member type="way" ref="840609519" role=""/>
  <member type="way" ref="840609518" role=""/>
  <member type="way" ref="115769924" role=""/>
  <member type="way" ref="472366110" role=""/>
  <member type="way" ref="472366107" role=""/>
  <member type="way" ref="1256543282" role=""/>
  <member type="way" ref="1256543281" role=""/>
  <member type="way" ref="472366106" role=""/>
  <member type="way" ref="472366111" role=""/>
  <member type="way" ref="472366103" role=""/>
  <member type="way" ref="472366102" role=""/>
  <member type="way" ref="472366096" role=""/>
  <member type="way" ref="472366095" role=""/>
  <member type="way" ref="26435365" role=""/>
  <member type="way" ref="406454589" role=""/>
  <member type="way" ref="472366088" role=""/>
  <member type="way" ref="472366087" role=""/>
  <member type="way" ref="472366086" role=""/>
  <member type="way" ref="472366085" role=""/>
  <member type="way" ref="406454582" role=""/>
  <member type="way" ref="472366069" role=""/>
  <member type="way" ref="472366067" role=""/>
  <member type="way" ref="472366066" role=""/>
  <member type="way" ref="472366070" role=""/>
  <member type="way" ref="116389725" role=""/>
  <member type="way" ref="472366061" role=""/>
  <member type="way" ref="472366060" role=""/>
  <member type="way" ref="472366056" role=""/>
  <member type="way" ref="116389728" role=""/>
  <member type="way" ref="472366052" role=""/>
  <member type="way" ref="472366053" role=""/>
  <member type="way" ref="472366048" role=""/>
  <member type="way" ref="24091916" role=""/>
  <member type="way" ref="472366049" role=""/>
  <member type="way" ref="24091921" role=""/>
  <member type="way" ref="116389687" role=""/>
  <member type="way" ref="397498602" role=""/>
  <member type="way" ref="397498607" role=""/>
  <member type="way" ref="397498605" role=""/>
  <member type="way" ref="397498606" role=""/>
  <member type="way" ref="472366046" role=""/>
  <member type="way" ref="472366045" role=""/>
  <member type="way" ref="472366038" role=""/>
  <member type="way" ref="472366037" role=""/>
  <member type="way" ref="116389693" role=""/>
  <member type="way" ref="472366031" role=""/>
  <member type="way" ref="472366032" role=""/>
  <member type="way" ref="116504088" role=""/>
  <member type="way" ref="472366020" role=""/>
  <member type="way" ref="472366019" role=""/>
  <member type="way" ref="472366013" role=""/>
  <member type="way" ref="472366012" role=""/>
  <member type="way" ref="116504090" role=""/>
  <member type="way" ref="96676515" role=""/>
  <member type="way" ref="96676516" role=""/>
  <member type="way" ref="116504075" role=""/>
  <member type="way" ref="116504095" role=""/>
  <member type="way" ref="116504081" role=""/>
  <member type="way" ref="116504077" role=""/>
  <member type="way" ref="116504080" role=""/>
  <member type="way" ref="116504101" role=""/>
  <member type="way" ref="116504094" role=""/>
  <member type="way" ref="116504091" role=""/>
  <member type="way" ref="472366010" role=""/>
  <member type="way" ref="472366011" role=""/>
  <member type="way" ref="116504089" role=""/>
  <member type="way" ref="472366007" role=""/>
  <member type="way" ref="472366004" role=""/>
  <member type="way" ref="472366001" role=""/>
  <member type="way" ref="472366000" role=""/>
  <member type="way" ref="472365991" role=""/>
  <member type="way" ref="472365990" role=""/>
  <member type="way" ref="472365985" role=""/>
  <member type="way" ref="472365984" role=""/>
  <member type="way" ref="472365981" role=""/>
  <member type="way" ref="472365976" role=""/>
  <member type="way" ref="116504098" role=""/>
  <member type="way" ref="472365967" role=""/>
  <member type="way" ref="472365970" role=""/>
  <member type="way" ref="472365961" role=""/>
  <member type="way" ref="472365964" role=""/>
  <member type="way" ref="116504084" role=""/>
  <member type="way" ref="116504093" role=""/>
  <member type="way" ref="116633316" role=""/>
  <member type="way" ref="116633338" role=""/>
  <member type="way" ref="366881904" role=""/>
  <member type="way" ref="366881906" role=""/>
  <member type="way" ref="116633355" role=""/>
  <member type="way" ref="1507337695" role=""/>
  <member type="way" ref="24090755" role=""/>
  <member type="way" ref="1507810123" role=""/>
  <member type="way" ref="116633310" role=""/>
  <member type="way" ref="1507810122" role=""/>
  <member type="way" ref="472365945" role=""/>
  <member type="way" ref="472365944" role=""/>
  <member type="way" ref="1507810120" role=""/>
  <member type="way" ref="472365943" role=""/>
  <member type="way" ref="472365942" role=""/>
  <member type="way" ref="472365937" role=""/>
  <member type="way" ref="472365936" role=""/>
  <member type="way" ref="116633323" role=""/>
  <member type="way" ref="116753089" role=""/>
  <member type="way" ref="116753081" role=""/>
  <member type="way" ref="1507810129" role=""/>
  <member type="way" ref="96198483" role=""/>
  <member type="way" ref="472365935" role=""/>
  <member type="way" ref="472365934" role=""/>
  <member type="way" ref="1507810132" role=""/>
  <member type="way" ref="96198368" role=""/>
  <member type="way" ref="472365931" role=""/>
  <member type="way" ref="116753096" role=""/>
  <member type="way" ref="472365930" role=""/>
  <member type="way" ref="472365928" role=""/>
  <member type="way" ref="116753098" role=""/>
  <member type="way" ref="472365927" role=""/>
  <member type="way" ref="116753114" role=""/>
  <member type="way" ref="96767986" role=""/>
  <member type="way" ref="472365924" role=""/>
  <member type="way" ref="472365923" role=""/>
  <member type="way" ref="96767987" role=""/>
  <member type="way" ref="472365919" role=""/>
  <member type="way" ref="472365920" role=""/>
  <member type="way" ref="96658265" role=""/>
  <member type="way" ref="96658259" role=""/>
  <member type="way" ref="472365916" role=""/>
  <member type="way" ref="472365915" role=""/>
  <member type="way" ref="116753112" role=""/>
  <member type="way" ref="116753084" role=""/>
  <member type="way" ref="116753097" role=""/>
  <member type="way" ref="116753111" role=""/>
  <member type="way" ref="314043087" role=""/>
  <member type="way" ref="314043091" role=""/>
  <member type="way" ref="472365905" role=""/>
  <member type="way" ref="472365906" role=""/>
  <member type="way" ref="314043081" role=""/>
  <member type="way" ref="314043082" role=""/>
  <member type="way" ref="116753087" role=""/>
  <member type="way" ref="472365901" role=""/>
  <member type="way" ref="472365900" role=""/>
  <member type="way" ref="116753103" role=""/>
  <member type="way" ref="116753088" role=""/>
  <member type="way" ref="116753109" role=""/>
  <member type="way" ref="844713046" role=""/>
  <member type="way" ref="472365895" role=""/>
  <member type="way" ref="472365897" role=""/>
  <member type="way" ref="98335071" role=""/>
  <member type="way" ref="472365891" role=""/>
  <member type="way" ref="472365890" role=""/>
  <member type="way" ref="846741532" role=""/>
  <member type="way" ref="846741531" role=""/>
  <member type="way" ref="98335053" role=""/>
  <member type="way" ref="844713047" role=""/>
  <member type="way" ref="472365881" role=""/>
  <member type="way" ref="472365882" role=""/>
  <member type="way" ref="79522723" role=""/>
  <member type="way" ref="79522710" role=""/>
  <member type="way" ref="79522719" role=""/>
  <member type="way" ref="472365878" role=""/>
  <member type="way" ref="116753085" role=""/>
  <member type="way" ref="472365874" role=""/>
  <member type="way" ref="1190643103" role=""/>
  <member type="way" ref="116753164" role=""/>
  <member type="way" ref="1190643104" role=""/>
  <member type="way" ref="71579067" role=""/>
  <member type="way" ref="415863920" role=""/>
  <member type="way" ref="71579029" role=""/>
  <member type="way" ref="467436216" role=""/>
  <member type="way" ref="467436217" role=""/>
  <member type="way" ref="415863921" role=""/>
  <member type="way" ref="24567446" role=""/>
  <member type="way" ref="24567449" role=""/>
  <member type="way" ref="415863919" role=""/>
  <member type="way" ref="24567450" role=""/>
  <member type="way" ref="24567453" role=""/>
  <member type="way" ref="24567426" role=""/>
  <member type="way" ref="415863918" role=""/>
  <member type="way" ref="24567436" role=""/>
  <member type="way" ref="24567437" role=""/>
  <member type="way" ref="24567439" role=""/>
  <member type="way" ref="415863916" role=""/>
  <member type="way" ref="24567454" role=""/>
  <member type="way" ref="415863917" role=""/>
  <member type="way" ref="24567440" role=""/>
  <member type="way" ref="24567441" role=""/>
  <member type="way" ref="128192578" role=""/>
  <member type="way" ref="699236841" role=""/>
  <member type="way" ref="699236842" role=""/>
  <member type="way" ref="28073899" role=""/>
  <member type="way" ref="28073898" role=""/>
  <member type="way" ref="846865204" role=""/>
  <member type="way" ref="846865205" role=""/>
  <member type="way" ref="131226935" role=""/>
  <member type="way" ref="131226936" role=""/>
  <member type="way" ref="415863915" role=""/>
  <member type="way" ref="28192867" role=""/>
  <member type="way" ref="907510498" role=""/>
  <member type="way" ref="28192866" role=""/>
  <member type="way" ref="907510497" role=""/>
  <member type="way" ref="907510499" role=""/>
  <member type="way" ref="34619710" role=""/>
  <member type="way" ref="1018231117" role=""/>
  <member type="way" ref="1018231118" role=""/>
  <member type="way" ref="26206723" role=""/>
  <member type="way" ref="165952897" role=""/>
  <member type="way" ref="1493940872" role=""/>
  <member type="way" ref="1493940873" role=""/>
  <member type="way" ref="165952902" role=""/>
  <member type="way" ref="812640442" role=""/>
  <member type="way" ref="812640443" role=""/>
  <member type="way" ref="806790014" role=""/>
  <member type="way" ref="806790013" role=""/>
  <member type="way" ref="42704823" role=""/>
  <member type="way" ref="806790012" role=""/>
  <member type="way" ref="806789994" role=""/>
  <member type="way" ref="806861789" role=""/>
  <member type="way" ref="806861791" role=""/>
  <member type="way" ref="806861790" role=""/>
  <member type="way" ref="42704824" role=""/>
  <member type="way" ref="182218283" role=""/>
  <member type="way" ref="182218281" role=""/>
  <member type="way" ref="182218280" role=""/>
  <member type="way" ref="182218285" role=""/>
  <member type="way" ref="1134075867" role=""/>
  <member type="way" ref="1134075866" role=""/>
  <member type="way" ref="1336915914" role=""/>
  <member type="way" ref="1108466792" role=""/>
  <member type="way" ref="34654237" role=""/>
  <member type="way" ref="34654238" role=""/>
  <member type="way" ref="713341031" role=""/>
  <member type="way" ref="23082061" role=""/>
  <member type="way" ref="713341036" role=""/>
  <member type="way" ref="34654622" role=""/>
  <member type="way" ref="34654623" role=""/>
  <member type="way" ref="713341038" role=""/>
  <member type="way" ref="182218277" role=""/>
  <member type="way" ref="1124649982" role=""/>
  <member type="way" ref="1124649983" role=""/>
  <member type="way" ref="1127566740" role=""/>
  <member type="way" ref="1127566741" role=""/>
  <member type="way" ref="182218284" role=""/>
  <member type="way" ref="895698573" role=""/>
  <member type="way" ref="895698574" role=""/>
  <member type="way" ref="1160235557" role=""/>
  <member type="way" ref="1160235556" role=""/>
  <member type="way" ref="895698566" role=""/>
  <member type="way" ref="895698567" role=""/>
  <member type="way" ref="182228051" role=""/>
  <member type="way" ref="182228056" role=""/>
  <member type="way" ref="815710717" role=""/>
  <member type="way" ref="815704854" role=""/>
  <member type="way" ref="815704855" role=""/>
  <member type="way" ref="815704853" role=""/>
  <member type="way" ref="815704852" role=""/>
  <member type="way" ref="815711800" role=""/>
  <member type="way" ref="815701119" role=""/>
  <member type="way" ref="815700972" role=""/>
  <member type="way" ref="815700971" role=""/>
  <member type="way" ref="96198479" role=""/>
  <member type="way" ref="96198358" role=""/>
  <member type="way" ref="276871378" role=""/>
  <member type="way" ref="815697226" role=""/>
  <member type="way" ref="815697224" role=""/>
  <member type="way" ref="815697225" role=""/>
  <member type="way" ref="815697221" role=""/>
  <member type="way" ref="815712843" role=""/>
  <member type="way" ref="276871379" role=""/>
  <member type="way" ref="815712842" role=""/>
  <member type="way" ref="815655921" role=""/>
  <member type="way" ref="815655920" role=""/>
  <member type="way" ref="276871375" role=""/>
  <member type="way" ref="276871374" role=""/>
  <member type="way" ref="815655925" role=""/>
  <member type="way" ref="815655924" role=""/>
  <member type="way" ref="400016271" role=""/>
  <member type="way" ref="400016272" role=""/>
  <member type="way" ref="34656822" role=""/>
  <member type="way" ref="34656824" role=""/>
  <member type="way" ref="806541145" role=""/>
  <member type="way" ref="806176904" role=""/>
  <member type="way" ref="806541144" role=""/>
  <member type="way" ref="815714724" role=""/>
  <member type="way" ref="806176903" role=""/>
  <member type="way" ref="815714723" role=""/>
  <member type="way" ref="806935630" role=""/>
  <member type="way" ref="34659898" role=""/>
  <member type="way" ref="807311679" role=""/>
  <member type="way" ref="807311678" role=""/>
  <member type="way" ref="807311676" role=""/>
  <member type="way" ref="807311680" role=""/>
  <member type="way" ref="807311670" role=""/>
  <member type="way" ref="668036169" role=""/>
  <member type="way" ref="668036170" role=""/>
  <member type="way" ref="807324687" role=""/>
  <member type="way" ref="807324690" role=""/>
  <member type="way" ref="815716749" role=""/>
  <member type="way" ref="807324688" role=""/>
  <member type="way" ref="329668739" role=""/>
  <member type="way" ref="329668741" role=""/>
  <member type="way" ref="95952362" role=""/>
  <member type="way" ref="95952363" role=""/>
  <member type="way" ref="182237478" role=""/>
  <member type="way" ref="807452169" role=""/>
  <member type="way" ref="807452176" role=""/>
  <member type="way" ref="807452175" role=""/>
  <member type="way" ref="807452168" role=""/>
  <member type="way" ref="182237468" role=""/>
  <member type="way" ref="807452170" role=""/>
  <member type="way" ref="807452172" role=""/>
  <member type="way" ref="807452167" role=""/>
  <member type="way" ref="321358857" role=""/>
  <member type="way" ref="807452171" role=""/>
  <member type="way" ref="807459777" role=""/>
  <member type="way" ref="321358852" role=""/>
  <member type="way" ref="62298406" role=""/>
  <member type="way" ref="807459776" role=""/>
  <member type="way" ref="807459775" role=""/>
  <member type="way" ref="807459774" role=""/>
  <member type="way" ref="318732607" role=""/>
  <member type="way" ref="62298409" role=""/>
  <member type="way" ref="62298429" role=""/>
  <member type="way" ref="62298401" role=""/>
  <member type="way" ref="62298423" role=""/>
  <member type="way" ref="813566866" role=""/>
  <member type="way" ref="813566865" role=""/>
  <member type="way" ref="813566867" role=""/>
  <member type="way" ref="319482386" role=""/>
  <member type="way" ref="25956859" role=""/>
  <member type="way" ref="319926407" role=""/>
  <member type="way" ref="815719174" role=""/>
  <member type="way" ref="813582992" role=""/>
  <member type="way" ref="813582990" role=""/>
  <member type="way" ref="813582989" role=""/>
  <member type="way" ref="321358858" role=""/>
  <member type="way" ref="813602401" role=""/>
  <member type="way" ref="321358859" role=""/>
  <member type="way" ref="218948235" role=""/>
  <member type="way" ref="813587414" role=""/>
  <member type="way" ref="813587412" role=""/>
  <member type="way" ref="813587413" role=""/>
  <member type="way" ref="218948236" role=""/>
  <member type="way" ref="813587411" role=""/>
  <member type="way" ref="813587409" role=""/>
  <member type="way" ref="813587408" role=""/>
  <member type="way" ref="813587410" role=""/>
  <member type="way" ref="64048409" role=""/>
  <member type="way" ref="813638772" role=""/>
  <member type="way" ref="813638770" role=""/>
  <member type="way" ref="813638771" role=""/>
  <member type="way" ref="813628283" role=""/>
  <member type="way" ref="813628281" role=""/>
  <member type="way" ref="813628282" role=""/>
  <member type="way" ref="813662484" role=""/>
  <member type="way" ref="64051794" role=""/>
  <member type="way" ref="813662478" role=""/>
  <member type="way" ref="813662479" role=""/>
  <member type="way" ref="813662477" role=""/>
  <member type="way" ref="576774194" role=""/>
  <member type="way" ref="576774192" role=""/>
  <member type="way" ref="813685315" role=""/>
  <member type="way" ref="813685313" role=""/>
  <member type="way" ref="813685314" role=""/>
  <member type="way" ref="813685310" role=""/>
  <member type="way" ref="815723600" role=""/>
  <member type="way" ref="813685316" role=""/>
  <member type="way" ref="813685308" role=""/>
  <member type="way" ref="813685309" role=""/>
  <member type="way" ref="325878976" role=""/>
  <member type="way" ref="325878977" role=""/>
  <member type="way" ref="815723599" role=""/>
  <member type="way" ref="177563943" role=""/>
  <member type="way" ref="815723598" role=""/>
  <member type="way" ref="813695288" role=""/>
  <member type="way" ref="813695286" role=""/>
  <member type="way" ref="815723597" role=""/>
  <member type="way" ref="815723596" role=""/>
  <member type="way" ref="435020514" role=""/>
  <member type="way" ref="815726077" role=""/>
  <member type="way" ref="813970279" role=""/>
  <member type="way" ref="815726076" role=""/>
  <member type="way" ref="813970278" role=""/>
  <member type="way" ref="576774190" role=""/>
  <member type="way" ref="813970276" role=""/>
  <member type="way" ref="813970275" role=""/>
  <member type="way" ref="815726075" role=""/>
  <member type="way" ref="815726074" role=""/>
  <member type="way" ref="815726073" role=""/>
  <member type="way" ref="678223289" role=""/>
  <member type="way" ref="827610452" role=""/>
  <member type="way" ref="827610453" role=""/>
  <member type="way" ref="813695285" role=""/>
  <member type="way" ref="626243620" role=""/>
  <member type="way" ref="261419390" role=""/>
  <member type="way" ref="813970285" role=""/>
  <member type="way" ref="1341221227" role=""/>
  <member type="way" ref="813970284" role=""/>
  <member type="way" ref="813964885" role=""/>
  <member type="way" ref="813970281" role=""/>
  <member type="way" ref="813970283" role=""/>
  <member type="way" ref="813970282" role=""/>
  <member type="way" ref="435020517" role=""/>
  <member type="way" ref="25962377" role=""/>
  <member type="way" ref="25962379" role=""/>
  <member type="way" ref="815529942" role=""/>
  <member type="way" ref="307023319" role=""/>
  <member type="way" ref="177563939" role=""/>
  <member type="way" ref="206720048" role=""/>
  <member type="way" ref="460252590" role=""/>
  <member type="way" ref="460252591" role=""/>
  <member type="way" ref="447827831" role=""/>
  <member type="way" ref="813983385" role=""/>
  <member type="way" ref="813983384" role=""/>
  <member type="way" ref="815529938" role=""/>
  <member type="way" ref="815529937" role=""/>
  <member type="way" ref="447827835" role=""/>
  <member type="way" ref="815529936" role=""/>
  <member type="way" ref="284926064" role=""/>
  <member type="way" ref="815022721" role=""/>
  <member type="way" ref="815022720" role=""/>
  <member type="way" ref="678141544" role=""/>
  <member type="way" ref="198760160" role=""/>
  <member type="way" ref="606347621" role=""/>
  <member type="way" ref="606347619" role=""/>
  <member type="way" ref="815007709" role=""/>
  <member type="way" ref="815007714" role=""/>
  <member type="way" ref="815007713" role=""/>
  <member type="way" ref="198760171" role=""/>
  <member type="way" ref="815007712" role=""/>
  <member type="way" ref="815007711" role=""/>
  <member type="way" ref="815611335" role=""/>
  <member type="way" ref="534830992" role=""/>
  <member type="way" ref="294378265" role=""/>
  <member type="way" ref="294378266" role=""/>
  <member type="way" ref="294378262" role=""/>
  <member type="way" ref="294378267" role=""/>
  <member type="way" ref="815611334" role=""/>
  <member type="way" ref="215571111" role=""/>
  <member type="way" ref="294378285" role=""/>
  <member type="way" ref="370738823" role=""/>
  <member type="way" ref="165932577" role=""/>
  <member type="way" ref="165932578" role=""/>
  <member type="way" ref="441637708" role=""/>
  <member type="way" ref="1442841511" role=""/>
  <member type="way" ref="441637701" role=""/>
  <member type="way" ref="139477430" role=""/>
  <member type="way" ref="815626606" role=""/>
  <member type="way" ref="815626604" role=""/>
  <member type="way" ref="815626605" role=""/>
  <member type="way" ref="139477424" role=""/>
  <member type="way" ref="815629915" role=""/>
  <member type="way" ref="815629917" role=""/>
  <member type="way" ref="815629916" role=""/>
  <member type="way" ref="139477467" role=""/>
  <member type="way" ref="139477412" role=""/>
  <member type="way" ref="139477459" role=""/>
  <member type="way" ref="139477409" role=""/>
  <member type="way" ref="139477446" role=""/>
  <member type="way" ref="139477479" role=""/>
  <member type="way" ref="139477442" role=""/>
  <member type="way" ref="139477425" role=""/>
  <member type="way" ref="815636150" role=""/>
  <member type="way" ref="815636148" role=""/>
  <member type="way" ref="815636149" role=""/>
  <member type="way" ref="370738824" role=""/>
  <member type="way" ref="139477439" role=""/>
  <member type="way" ref="139477469" role=""/>
  <member type="way" ref="139477453" role=""/>
  <member type="way" ref="139477406" role=""/>
  <member type="way" ref="139477448" role=""/>
  <member type="way" ref="139477415" role=""/>
  <member type="way" ref="139477451" role=""/>
  <member type="way" ref="815629914" role=""/>
  <member type="way" ref="815629913" role=""/>
  <member type="way" ref="815633147" role=""/>
  <member type="way" ref="815633145" role=""/>
  <member type="way" ref="815633146" role=""/>
  <member type="way" ref="139477417" role=""/>
  <member type="way" ref="139477435" role=""/>
  <member type="way" ref="139477471" role=""/>
  <member type="way" ref="1442841512" role=""/>
  <member type="way" ref="441637745" role=""/>
  <member type="way" ref="441637698" role=""/>
  <member type="way" ref="815624336" role=""/>
  <member type="way" ref="815624334" role=""/>
  <member type="way" ref="165571573" role=""/>
  <member type="way" ref="815624337" role=""/>
  <member type="way" ref="159630446" role=""/>
  <member type="way" ref="294378268" role=""/>
  <member type="way" ref="294378260" role=""/>
  <member type="way" ref="294378258" role=""/>
  <member type="way" ref="815614561" role=""/>
  <member type="way" ref="815609150" role=""/>
  <member type="way" ref="435023082" role=""/>
  <member type="way" ref="815012959" role=""/>
  <member type="way" ref="815012954" role=""/>
  <member type="way" ref="815012956" role=""/>
  <member type="way" ref="815012955" role=""/>
  <member type="way" ref="198760169" role=""/>
  <member type="way" ref="606347623" role=""/>
  <member type="way" ref="606347622" role=""/>
  <member type="way" ref="198760168" role=""/>
  <member type="way" ref="306997214" role=""/>
  <member type="way" ref="307581328" role=""/>
  <member type="way" ref="501105049" role=""/>
  <member type="way" ref="501105048" role=""/>
  <member type="way" ref="815054661" role=""/>
  <member type="way" ref="815054659" role=""/>
  <member type="way" ref="815054660" role=""/>
  <member type="way" ref="815065564" role=""/>
  <member type="way" ref="815065563" role=""/>
  <member type="way" ref="307581059" role=""/>
  <member type="way" ref="678223286" role=""/>
  <member type="way" ref="678141553" role=""/>
  <member type="way" ref="815502888" role=""/>
  <member type="way" ref="25962376" role=""/>
  <member type="way" ref="815516126" role=""/>
  <member type="way" ref="435020516" role=""/>
  <member type="way" ref="307071321" role=""/>
  <member type="way" ref="815516125" role=""/>
  <member type="way" ref="307071325" role=""/>
  <member type="way" ref="1341226832" role=""/>
  <member type="way" ref="813975040" role=""/>
  <member type="way" ref="813975039" role=""/>
  <member type="way" ref="787892551" role=""/>
  <member type="way" ref="1341221225" role=""/>
  <member type="way" ref="1341221224" role=""/>
  <member type="way" ref="198760166" role=""/>
  <member type="way" ref="678148425" role=""/>
  <member type="way" ref="678148422" role=""/>
  <member type="way" ref="307173191" role=""/>
  <member type="way" ref="307173192" role=""/>
  <member type="way" ref="1341221223" role=""/>
  <member type="way" ref="678148430" role=""/>
  <member type="way" ref="564644222" role=""/>
  <member type="way" ref="511354534" role=""/>
  <member type="way" ref="815726072" role=""/>
  <member type="way" ref="813970286" role=""/>
  <member type="way" ref="158925470" role=""/>
  <member type="way" ref="307179392" role=""/>
  <member type="way" ref="1341221222" role=""/>
  <member type="way" ref="1537207944" role=""/>
  <member type="way" ref="1537207943" role=""/>
  <member type="way" ref="158925432" role=""/>
  <member type="way" ref="197423420" role=""/>
  <member type="way" ref="1341221221" role=""/>
  <member type="way" ref="576774191" role=""/>
  <member type="way" ref="197423421" role=""/>
  <member type="way" ref="177565035" role=""/>
  <member type="way" ref="404426258" role=""/>
  <member type="way" ref="813975045" role=""/>
  <member type="way" ref="813975044" role=""/>
  <member type="way" ref="815723595" role=""/>
  <member type="way" ref="206720040" role=""/>
  <member type="way" ref="177563940" role=""/>
  <member type="way" ref="177563941" role=""/>
  <member type="way" ref="815723594" role=""/>
  <member type="way" ref="429681572" role=""/>
  <member type="way" ref="813691668" role=""/>
  <member type="way" ref="813691667" role=""/>
  <member type="way" ref="813687903" role=""/>
  <member type="way" ref="813687901" role=""/>
  <member type="way" ref="813687902" role=""/>
  <member type="way" ref="813687900" role=""/>
  <member type="way" ref="813687895" role=""/>
  <member type="way" ref="815723593" role=""/>
  <member type="way" ref="813687894" role=""/>
  <member type="way" ref="813687893" role=""/>
  <member type="way" ref="64051791" role=""/>
  <member type="way" ref="576774193" role=""/>
  <member type="way" ref="813664784" role=""/>
  <member type="way" ref="813664783" role=""/>
  <member type="way" ref="813664782" role=""/>
  <member type="way" ref="576774195" role=""/>
  <member type="way" ref="813664779" role=""/>
  <member type="way" ref="813628279" role=""/>
  <member type="way" ref="813628280" role=""/>
  <member type="way" ref="813638768" role=""/>
  <member type="way" ref="813638767" role=""/>
  <member type="way" ref="815720988" role=""/>
  <member type="way" ref="813638769" role=""/>
  <member type="way" ref="64048385" role=""/>
  <member type="way" ref="64048404" role=""/>
  <member type="way" ref="813607209" role=""/>
  <member type="way" ref="813607208" role=""/>
  <member type="way" ref="321358853" role=""/>
  <member type="way" ref="1339181991" role=""/>
  <member type="way" ref="1339181992" role=""/>
  <member type="way" ref="813607206" role=""/>
  <member type="way" ref="813607203" role=""/>
  <member type="way" ref="321358854" role=""/>
  <member type="way" ref="813607201" role=""/>
  <member type="way" ref="813607202" role=""/>
  <member type="way" ref="218948234" role=""/>
  <member type="way" ref="813607200" role=""/>
  <member type="way" ref="813607199" role=""/>
  <member type="way" ref="218948233" role=""/>
  <member type="way" ref="815719973" role=""/>
  <member type="way" ref="813582991" role=""/>
  <member type="way" ref="321358855" role=""/>
  <member type="way" ref="813610994" role=""/>
  <member type="way" ref="813582986" role=""/>
  <member type="way" ref="25956857" role=""/>
  <member type="way" ref="813582993" role=""/>
  <member type="way" ref="813573185" role=""/>
  <member type="way" ref="813573183" role=""/>
  <member type="way" ref="813573184" role=""/>
  <member type="way" ref="319482385" role=""/>
  <member type="way" ref="62298431" role=""/>
  <member type="way" ref="62298469" role=""/>
  <member type="way" ref="62298435" role=""/>
  <member type="way" ref="318732606" role=""/>
  <member type="way" ref="807464202" role=""/>
  <member type="way" ref="807464201" role=""/>
  <member type="way" ref="807464199" role=""/>
  <member type="way" ref="815717842" role=""/>
  <member type="way" ref="318732604" role=""/>
  <member type="way" ref="807464197" role=""/>
  <member type="way" ref="807464198" role=""/>
  <member type="way" ref="62298425" role=""/>
  <member type="way" ref="807454864" role=""/>
  <member type="way" ref="807464200" role=""/>
  <member type="way" ref="62298442" role=""/>
  <member type="way" ref="807454861" role=""/>
  <member type="way" ref="807454863" role=""/>
  <member type="way" ref="807454862" role=""/>
  <member type="way" ref="182237475" role=""/>
  <member type="way" ref="182237480" role=""/>
  <member type="way" ref="95952365" role=""/>
  <member type="way" ref="95952364" role=""/>
  <member type="way" ref="329668740" role=""/>
  <member type="way" ref="807442437" role=""/>
  <member type="way" ref="807442436" role=""/>
  <member type="way" ref="815716748" role=""/>
  <member type="way" ref="329668742" role=""/>
  <member type="way" ref="807311668" role=""/>
  <member type="way" ref="668036172" role=""/>
  <member type="way" ref="807311663" role=""/>
  <member type="way" ref="807311669" role=""/>
  <member type="way" ref="668036171" role=""/>
  <member type="way" ref="807311667" role=""/>
  <member type="way" ref="668036174" role=""/>
  <member type="way" ref="668036173" role=""/>
  <member type="way" ref="806176907" role=""/>
  <member type="way" ref="806541146" role=""/>
  <member type="way" ref="815714725" role=""/>
  <member type="way" ref="806176906" role=""/>
  <member type="way" ref="815714726" role=""/>
  <member type="way" ref="806935632" role=""/>
  <member type="way" ref="806176905" role=""/>
  <member type="way" ref="34659909" role=""/>
  <member type="way" ref="34659912" role=""/>
  <member type="way" ref="34656815" role=""/>
  <member type="way" ref="815647662" role=""/>
  <member type="way" ref="815713952" role=""/>
  <member type="way" ref="815647660" role=""/>
  <member type="way" ref="815647661" role=""/>
  <member type="way" ref="400016274" role=""/>
  <member type="way" ref="815651277" role=""/>
  <member type="way" ref="815651276" role=""/>
  <member type="way" ref="815651261" role=""/>
  <member type="way" ref="815651260" role=""/>
  <member type="way" ref="400016270" role=""/>
  <member type="way" ref="815655927" role=""/>
  <member type="way" ref="815655926" role=""/>
  <member type="way" ref="34656817" role=""/>
  <member type="way" ref="276871376" role=""/>
  <member type="way" ref="815655917" role=""/>
  <member type="way" ref="815655919" role=""/>
  <member type="way" ref="815655918" role=""/>
  <member type="way" ref="815656879" role=""/>
  <member type="way" ref="815712841" role=""/>
  <member type="way" ref="815656877" role=""/>
  <member type="way" ref="815656876" role=""/>
  <member type="way" ref="815697227" role=""/>
  <member type="way" ref="276871372" role=""/>
  <member type="way" ref="276871377" role=""/>
  <member type="way" ref="276871373" role=""/>
  <member type="way" ref="96198341" role=""/>
  <member type="way" ref="96198529" role=""/>
  <member type="way" ref="815701118" role=""/>
  <member type="way" ref="815700973" role=""/>
  <member type="way" ref="815703336" role=""/>
  <member type="way" ref="815711799" role=""/>
  <member type="way" ref="815703335" role=""/>
  <member type="way" ref="815703334" role=""/>
  <member type="way" ref="815710718" role=""/>
  <member type="way" ref="815700974" role=""/>
  <member type="way" ref="182228054" role=""/>
  <member type="way" ref="182228055" role=""/>
  <member type="way" ref="1160235559" role=""/>
  <member type="way" ref="1160235558" role=""/>
  <member type="way" ref="1127566739" role=""/>
  <member type="way" ref="1127566738" role=""/>
  <member type="way" ref="1124649985" role=""/>
  <member type="way" ref="1124649984" role=""/>
  <member type="way" ref="713341037" role=""/>
  <member type="way" ref="371486321" role=""/>
  <member type="way" ref="371486320" role=""/>
  <member type="way" ref="34654626" role=""/>
  <member type="way" ref="34654627" role=""/>
  <member type="way" ref="713341033" role=""/>
  <member type="way" ref="23082059" role=""/>
  <member type="way" ref="713341032" role=""/>
  <member type="way" ref="713341034" role=""/>
  <member type="way" ref="713341035" role=""/>
  <member type="way" ref="34654239" role=""/>
  <member type="way" ref="34654240" role=""/>
  <member type="way" ref="1134075869" role=""/>
  <member type="way" ref="1134075868" role=""/>
  <member type="way" ref="182218276" role=""/>
  <member type="way" ref="182218275" role=""/>
  <member type="way" ref="182218282" role=""/>
  <member type="way" ref="182218286" role=""/>
  <member type="way" ref="806789973" role=""/>
  <member type="way" ref="806789974" role=""/>
  <member type="way" ref="42704821" role=""/>
  <member type="way" ref="806789972" role=""/>
  <member type="way" ref="806789971" role=""/>
  <member type="way" ref="812640444" role=""/>
  <member type="way" ref="812640441" role=""/>
  <member type="way" ref="42704822" role=""/>
  <member type="way" ref="1319958058" role=""/>
  <member type="way" ref="1319958059" role=""/>
  <member type="way" ref="165952896" role=""/>
  <member type="way" ref="165952898" role=""/>
  <member type="way" ref="1018231114" role=""/>
  <member type="way" ref="1018231113" role=""/>
  <member type="way" ref="37905593" role=""/>
  <member type="way" ref="1424761280" role=""/>
  <member type="way" ref="27917953" role=""/>
  <member type="way" ref="1424761284" role=""/>
  <member type="way" ref="1255691765" role=""/>
  <member type="way" ref="67255412" role=""/>
  <member type="way" ref="416557436" role=""/>
  <member type="way" ref="67255416" role=""/>
  <member type="way" ref="131226938" role=""/>
  <member type="way" ref="131226937" role=""/>
  <member type="way" ref="27917956" role=""/>
  <member type="way" ref="27917955" role=""/>
  <member type="way" ref="806139963" role=""/>
  <member type="way" ref="806139964" role=""/>
  <member type="way" ref="24567428" role=""/>
  <member type="way" ref="24567430" role=""/>
  <member type="way" ref="24567429" role=""/>
  <member type="way" ref="806139961" role=""/>
  <member type="way" ref="416557438" role=""/>
  <member type="way" ref="24567431" role=""/>
  <member type="way" ref="853466540" role=""/>
  <member type="way" ref="24567427" role=""/>
  <member type="way" ref="24567434" role=""/>
  <member type="way" ref="416557435" role=""/>
  <member type="way" ref="24567435" role=""/>
  <member type="way" ref="24567444" role=""/>
  <member type="way" ref="24567445" role=""/>
  <member type="way" ref="416557439" role=""/>
  <member type="way" ref="24567451" role=""/>
  <member type="way" ref="853466542" role=""/>
  <member type="way" ref="24567452" role=""/>
  <member type="way" ref="26295658" role=""/>
  <member type="way" ref="125347691" role=""/>
  <member type="way" ref="850463501" role=""/>
  <member type="way" ref="850463502" role=""/>
  <member type="way" ref="416557433" role=""/>
  <member type="way" ref="1245080232" role=""/>
  <member type="way" ref="416557432" role=""/>
  <member type="way" ref="71579045" role=""/>
  <member type="way" ref="26295660" role=""/>
  <member type="way" ref="505587407" role=""/>
  <member type="way" ref="71579043" role=""/>
  <member type="way" ref="71579073" role=""/>
  <member type="way" ref="116753216" role=""/>
  <member type="way" ref="472365873" role=""/>
  <member type="way" ref="472365872" role=""/>
  <member type="way" ref="116753149" role=""/>
  <member type="way" ref="472365875" role=""/>
  <member type="way" ref="415875597" role=""/>
  <member type="way" ref="472365876" role=""/>
  <member type="way" ref="472365877" role=""/>
  <member type="way" ref="79522721" role=""/>
  <member type="way" ref="79522729" role=""/>
  <member type="way" ref="79522711" role=""/>
  <member type="way" ref="472365880" role=""/>
  <member type="way" ref="472365879" role=""/>
  <member type="way" ref="844713048" role=""/>
  <member type="way" ref="71579033" role=""/>
  <member type="way" ref="846741534" role=""/>
  <member type="way" ref="846741533" role=""/>
  <member type="way" ref="472365892" role=""/>
  <member type="way" ref="472365893" role=""/>
  <member type="way" ref="98335097" role=""/>
  <member type="way" ref="615578571" role=""/>
  <member type="way" ref="472365894" role=""/>
  <member type="way" ref="98335061" role=""/>
  <member type="way" ref="116753094" role=""/>
  <member type="way" ref="116753106" role=""/>
  <member type="way" ref="472365898" role=""/>
  <member type="way" ref="472365899" role=""/>
  <member type="way" ref="116753092" role=""/>
  <member type="way" ref="472365903" role=""/>
  <member type="way" ref="116753110" role=""/>
  <member type="way" ref="472365902" role=""/>
  <member type="way" ref="314043083" role=""/>
  <member type="way" ref="314043084" role=""/>
  <member type="way" ref="314043089" role=""/>
  <member type="way" ref="314043088" role=""/>
  <member type="way" ref="116753093" role=""/>
  <member type="way" ref="116753083" role=""/>
  <member type="way" ref="116753113" role=""/>
  <member type="way" ref="472365914" role=""/>
  <member type="way" ref="472365913" role=""/>
  <member type="way" ref="116753116" role=""/>
  <member type="way" ref="96658260" role=""/>
  <member type="way" ref="472365918" role=""/>
  <member type="way" ref="472365917" role=""/>
  <member type="way" ref="96658261" role=""/>
  <member type="way" ref="472365921" role=""/>
  <member type="way" ref="472365922" role=""/>
  <member type="way" ref="96767993" role=""/>
  <member type="way" ref="96767984" role=""/>
  <member type="way" ref="472365926" role=""/>
  <member type="way" ref="116753099" role=""/>
  <member type="way" ref="472365925" role=""/>
  <member type="way" ref="116753107" role=""/>
  <member type="way" ref="116753086" role=""/>
  <member type="way" ref="116753082" role=""/>
  <member type="way" ref="472365932" role=""/>
  <member type="way" ref="472365933" role=""/>
  <member type="way" ref="96198452" role=""/>
  <member type="way" ref="1162214483" role=""/>
  <member type="way" ref="96198594" role=""/>
  <member type="way" ref="116753101" role=""/>
  <member type="way" ref="116753115" role=""/>
  <member type="way" ref="472365938" role=""/>
  <member type="way" ref="472365939" role=""/>
  <member type="way" ref="1507810126" role=""/>
  <member type="way" ref="1507810125" role=""/>
  <member type="way" ref="472365941" role=""/>
  <member type="way" ref="472365948" role=""/>
  <member type="way" ref="472365946" role=""/>
  <member type="way" ref="472365949" role=""/>
  <member type="way" ref="1507337698" role=""/>
  <member type="way" ref="116633306" role=""/>
  <member type="way" ref="1507337697" role=""/>
  <member type="way" ref="472365951" role=""/>
  <member type="way" ref="472365950" role=""/>
  <member type="way" ref="116633342" role=""/>
  <member type="way" ref="1507337696" role=""/>
  <member type="way" ref="116633359" role=""/>
  <member type="way" ref="116633329" role=""/>
  <member type="way" ref="366881905" role=""/>
  <member type="way" ref="366881907" role=""/>
  <member type="way" ref="116633319" role=""/>
  <member type="way" ref="116633315" role=""/>
  <member type="way" ref="116504087" role=""/>
  <member type="way" ref="472365963" role=""/>
  <member type="way" ref="472365962" role=""/>
  <member type="way" ref="472365966" role=""/>
  <member type="way" ref="472365965" role=""/>
  <member type="way" ref="116504100" role=""/>
  <member type="way" ref="472365978" role=""/>
  <member type="way" ref="472365980" role=""/>
  <member type="way" ref="472365982" role=""/>
  <member type="way" ref="472365983" role=""/>
  <member type="way" ref="472365988" role=""/>
  <member type="way" ref="472365989" role=""/>
  <member type="way" ref="472365992" role=""/>
  <member type="way" ref="472365993" role=""/>
  <member type="way" ref="472366005" role=""/>
  <member type="way" ref="472366006" role=""/>
  <member type="way" ref="116504082" role=""/>
  <member type="way" ref="472366009" role=""/>
  <member type="way" ref="472366008" role=""/>
  <member type="way" ref="116504092" role=""/>
  <member type="way" ref="116504096" role=""/>
  <member type="way" ref="116504099" role=""/>
  <member type="way" ref="116504086" role=""/>
  <member type="way" ref="116504078" role=""/>
  <member type="way" ref="116504085" role=""/>
  <member type="way" ref="116504097" role=""/>
  <member type="way" ref="116504076" role=""/>
  <member type="way" ref="116504079" role=""/>
  <member type="way" ref="23130172" role=""/>
  <member type="way" ref="96676528" role=""/>
  <member type="way" ref="472366014" role=""/>
  <member type="way" ref="472366015" role=""/>
  <member type="way" ref="472366017" role=""/>
  <member type="way" ref="472366018" role=""/>
  <member type="way" ref="116504083" role=""/>
  <member type="way" ref="472366030" role=""/>
  <member type="way" ref="472366029" role=""/>
  <member type="way" ref="116504102" role=""/>
  <member type="way" ref="472366035" role=""/>
  <member type="way" ref="472366036" role=""/>
  <member type="way" ref="472366043" role=""/>
  <member type="way" ref="472366044" role=""/>
  <member type="way" ref="397498608" role=""/>
  <member type="way" ref="397498604" role=""/>
  <member type="way" ref="397498609" role=""/>
  <member type="way" ref="397498603" role=""/>
  <member type="way" ref="858857925" role=""/>
  <member type="way" ref="116389690" role=""/>
  <member type="way" ref="24091924" role=""/>
  <member type="way" ref="472366051" role=""/>
  <member type="way" ref="472366050" role=""/>
  <member type="way" ref="23130167" role=""/>
  <member type="way" ref="472366055" role=""/>
  <member type="way" ref="472366057" role=""/>
  <member type="way" ref="472366058" role=""/>
  <member type="way" ref="472366059" role=""/>
  <member type="way" ref="116389721" role=""/>
  <member type="way" ref="472366071" role=""/>
  <member type="way" ref="472366064" role=""/>
  <member type="way" ref="472366065" role=""/>
  <member type="way" ref="472366068" role=""/>
  <member type="way" ref="116389700" role=""/>
  <member type="way" ref="472366083" role=""/>
  <member type="way" ref="472366084" role=""/>
  <member type="way" ref="472366089" role=""/>
  <member type="way" ref="472366090" role=""/>
  <member type="way" ref="406454604" role=""/>
  <member type="way" ref="406454579" role=""/>
  <member type="way" ref="472366097" role=""/>
  <member type="way" ref="472366098" role=""/>
  <member type="way" ref="472366099" role=""/>
  <member type="way" ref="472366101" role=""/>
  <member type="way" ref="472366109" role=""/>
  <member type="way" ref="472366104" role=""/>
  <member type="way" ref="472366105" role=""/>
  <member type="way" ref="1256543284" role=""/>
  <member type="way" ref="1256543283" role=""/>
  <member type="way" ref="472366108" role=""/>
  <member type="way" ref="116389709" role=""/>
  <member type="way" ref="840609517" role=""/>
  <member type="way" ref="840609516" role=""/>
  <member type="way" ref="472366112" role=""/>
  <member type="way" ref="472366113" role=""/>
  <member type="way" ref="472366116" role=""/>
  <member type="way" ref="472366117" role=""/>
  <member type="way" ref="115769894" role=""/>
  <member type="way" ref="47860343" role=""/>
  <member type="way" ref="472366123" role=""/>
  <member type="way" ref="472366124" role=""/>
  <member type="way" ref="472366125" role=""/>
  <member type="way" ref="115769936" role=""/>
  <member type="way" ref="472366126" role=""/>
  <member type="way" ref="115769869" role=""/>
  <member type="way" ref="115769966" role=""/>
  <member type="way" ref="115769931" role=""/>
  <member type="way" ref="115769967" role=""/>
  <member type="way" ref="472366134" role=""/>
  <member type="way" ref="472366133" role=""/>
  <member type="way" ref="115769900" role=""/>
  <member type="way" ref="115769913" role=""/>
  <member type="way" ref="115769930" role=""/>
  <member type="way" ref="115769917" role=""/>
  <member type="way" ref="115769903" role=""/>
  <member type="way" ref="115769888" role=""/>
  <member type="way" ref="115769937" role=""/>
  <member type="way" ref="472120601" role=""/>
  <member type="way" ref="472120602" role=""/>
  <member type="way" ref="472120603" role=""/>
  <member type="way" ref="472120604" role=""/>
  <member type="way" ref="115769961" role=""/>
  <member type="way" ref="115769889" role=""/>
  <member type="way" ref="115769928" role=""/>
  <member type="way" ref="472116872" role=""/>
  <member type="way" ref="472116866" role=""/>
  <member type="way" ref="472116867" role=""/>
  <member type="way" ref="472116870" role=""/>
  <member type="way" ref="115769940" role=""/>
  <member type="way" ref="472114422" role=""/>
  <member type="way" ref="472114423" role=""/>
  <member type="way" ref="472114424" role=""/>
  <member type="way" ref="472114425" role=""/>
  <member type="way" ref="31991894" role=""/>
  <member type="way" ref="472112239" role=""/>
  <member type="way" ref="472112238" role=""/>
  <member type="way" ref="31991897" role=""/>
  <member type="way" ref="472112249" role=""/>
  <member type="way" ref="472112253" role=""/>
  <member type="way" ref="472112272" role=""/>
  <member type="way" ref="472112276" role=""/>
  <member type="way" ref="472112285" role=""/>
  <member type="way" ref="472112286" role=""/>
  <member type="way" ref="113743841" role=""/>
  <member type="way" ref="472112295" role=""/>
  <member type="way" ref="472112294" role=""/>
  <member type="way" ref="113743797" role=""/>
  <member type="way" ref="472112293" role=""/>
  <member type="way" ref="113743813" role=""/>
  <member type="way" ref="472112292" role=""/>
  <member type="way" ref="113743811" role=""/>
  <member type="way" ref="113743804" role=""/>
  <member type="way" ref="113743849" role=""/>
  <member type="way" ref="113743770" role=""/>
  <member type="way" ref="472104489" role=""/>
  <member type="way" ref="472104488" role=""/>
  <member type="way" ref="113743801" role=""/>
  <member type="way" ref="113743840" role=""/>
  <member type="way" ref="472103762" role=""/>
  <member type="way" ref="472103761" role=""/>
  <member type="way" ref="113743833" role=""/>
  <member type="way" ref="470011224" role=""/>
  <member type="way" ref="470011225" role=""/>
  <member type="way" ref="470011230" role=""/>
  <member type="way" ref="51824067" role=""/>
  <member type="way" ref="470011229" role=""/>
  <member type="way" ref="1377282896" role=""/>
  <member type="way" ref="1377282897" role=""/>
  <member type="way" ref="441625001" role=""/>
  <member type="way" ref="441624995" role=""/>
  <member type="way" ref="441625004" role=""/>
  <member type="way" ref="441624997" role=""/>
  <member type="way" ref="430411975" role=""/>
  <member type="way" ref="441624996" role=""/>
  <member type="way" ref="1506964122" role=""/>
  <member type="way" ref="441625005" role=""/>
  <member type="way" ref="470011231" role=""/>
  <member type="way" ref="1506964120" role=""/>
  <member type="way" ref="984092204" role=""/>
  <member type="way" ref="430411974" role=""/>
  <member type="way" ref="984092203" role=""/>
  <member type="way" ref="51824075" role=""/>
  <member type="way" ref="984092202" role=""/>
  <member type="way" ref="51824073" role=""/>
  <member type="way" ref="984092201" role=""/>
  <member type="way" ref="146046965" role=""/>
  <member type="way" ref="146046975" role=""/>
  <member type="way" ref="470011238" role=""/>
  <member type="way" ref="470011239" role=""/>
  <member type="way" ref="470011243" role=""/>
  <member type="way" ref="470011086" role=""/>
  <member type="way" ref="470011087" role=""/>
  <member type="way" ref="470011244" role=""/>
  <member type="way" ref="209650431" role=""/>
  <member type="way" ref="470011273" role=""/>
  <member type="way" ref="470011281" role=""/>
  <member type="way" ref="96404574" role=""/>
  <member type="way" ref="470011268" role=""/>
  <member type="way" ref="470011267" role=""/>
  <member type="way" ref="96404580" role=""/>
  <member type="way" ref="31893313" role=""/>
  <member type="way" ref="470011091" role=""/>
  <member type="way" ref="470011090" role=""/>
  <member type="way" ref="470011339" role=""/>
  <member type="way" ref="984506168" role=""/>
  <member type="way" ref="470011334" role=""/>
  <member type="way" ref="470011335" role=""/>
  <member type="way" ref="470011336" role=""/>
  <member type="way" ref="470011338" role=""/>
  <member type="way" ref="470011331" role=""/>
  <member type="way" ref="470011330" role=""/>
  <member type="way" ref="470011329" role=""/>
  <member type="way" ref="984506167" role=""/>
  <member type="way" ref="1506964119" role=""/>
  <member type="way" ref="470011328" role=""/>
  <member type="way" ref="470011327" role=""/>
  <member type="way" ref="470011326" role=""/>
  <member type="way" ref="984761902" role=""/>
  <member type="way" ref="470011318" role=""/>
  <member type="way" ref="470011308" role=""/>
  <member type="way" ref="31893318" role=""/>
  <member type="way" ref="984929340" role=""/>
  <member type="way" ref="214433820" role=""/>
  <member type="way" ref="470011096" role=""/>
  <member type="way" ref="470011097" role=""/>
  <member type="way" ref="214433840" role=""/>
  <member type="way" ref="470011102" role=""/>
  <member type="way" ref="470011103" role=""/>
  <member type="way" ref="470011104" role=""/>
  <member type="way" ref="470011105" role=""/>
  <member type="way" ref="470011110" role=""/>
  <member type="way" ref="470011111" role=""/>
  <member type="way" ref="470011113" role=""/>
  <member type="way" ref="470011112" role=""/>
  <member type="way" ref="25539169" role=""/>
  <member type="way" ref="25539170" role=""/>
  <member type="way" ref="25542038" role=""/>
  <member type="way" ref="470011125" role=""/>
  <member type="way" ref="470011120" role=""/>
  <member type="way" ref="1342187579" role=""/>
  <member type="way" ref="1342187578" role=""/>
  <member type="way" ref="470011121" role=""/>
  <member type="way" ref="470011124" role=""/>
  <member type="way" ref="25542036" role=""/>
  <member type="way" ref="411110630" role=""/>
  <member type="way" ref="411110656" role=""/>
  <member type="way" ref="97296398" role=""/>
  <member type="way" ref="470011130" role=""/>
  <member type="way" ref="470011129" role=""/>
  <member type="way" ref="470011134" role=""/>
  <member type="way" ref="470011133" role=""/>
  <member type="way" ref="411110618" role=""/>
  <member type="way" ref="411110658" role=""/>
  <member type="way" ref="470011137" role=""/>
  <member type="way" ref="470011136" role=""/>
  <member type="way" ref="97296396" role=""/>
  <member type="way" ref="984942358" role=""/>
  <member type="way" ref="470011145" role=""/>
  <member type="way" ref="470011146" role=""/>
  <member type="way" ref="97242921" role=""/>
  <member type="way" ref="97242912" role=""/>
  <member type="way" ref="97242929" role=""/>
  <member type="way" ref="97242918" role=""/>
  <member type="way" ref="116593724" role=""/>
  <member type="way" ref="470011152" role=""/>
  <member type="way" ref="470011150" role=""/>
  <member type="way" ref="116593734" role=""/>
  <member type="way" ref="411110625" role=""/>
  <member type="way" ref="411110662" role=""/>
  <member type="way" ref="411110633" role=""/>
  <member type="way" ref="984942357" role=""/>
  <member type="way" ref="411110661" role=""/>
  <member type="way" ref="411110648" role=""/>
  <member type="way" ref="411110620" role=""/>
  <member type="way" ref="411110654" role=""/>
  <member type="way" ref="411110651" role=""/>
  <member type="way" ref="411110640" role=""/>
  <member type="way" ref="411110615" role=""/>
  <member type="way" ref="96690960" role=""/>
  <member type="way" ref="96690967" role=""/>
  <member type="way" ref="112310997" role=""/>
  <member type="way" ref="470011190" role=""/>
  <member type="way" ref="984952544" role=""/>
  <member type="way" ref="470011189" role=""/>
  <member type="way" ref="470011200" role=""/>
  <member type="way" ref="966159182" role=""/>
  <member type="way" ref="966159184" role=""/>
  <member type="way" ref="966159187" role=""/>
  <member type="way" ref="966159188" role=""/>
  <member type="way" ref="112311018" role=""/>
  <member type="way" ref="470011187" role=""/>
  <member type="way" ref="470011188" role=""/>
  <member type="way" ref="112310993" role=""/>
  <member type="way" ref="112310984" role=""/>
  <member type="way" ref="984966237" role=""/>
  <member type="way" ref="112310968" role=""/>
  <member type="way" ref="470011186" role=""/>
  <member type="way" ref="470011185" role=""/>
  <member type="way" ref="112310983" role=""/>
  <member type="way" ref="470011181" role=""/>
  <member type="way" ref="470011180" role=""/>
  <member type="way" ref="28872408" role=""/>
  <member type="way" ref="28872411" role=""/>
  <member type="way" ref="28872412" role=""/>
  <member type="way" ref="984968138" role=""/>
  <member type="way" ref="467787350" role=""/>
  <member type="way" ref="467787349" role=""/>
  <member type="way" ref="467787348" role=""/>
  <member type="way" ref="28872415" role=""/>
  <member type="way" ref="1506964113" role=""/>
  <member type="way" ref="1506964112" role=""/>
  <member type="way" ref="22921622" role=""/>
  <member type="way" ref="984973090" role=""/>
  <member type="way" ref="577531383" role=""/>
  <member type="way" ref="467787351" role=""/>
  <member type="way" ref="467787352" role=""/>
  <member type="way" ref="1506964126" role=""/>
  <member type="way" ref="284926104" role=""/>
  <member type="way" ref="294378261" role=""/>
  <member type="way" ref="139477514" role=""/>
  <member type="way" ref="370738827" role=""/>
  <member type="way" ref="815639122" role=""/>
  <member type="way" ref="815639121" role=""/>
  <member type="way" ref="815639120" role=""/>
  <member type="way" ref="139477419" role=""/>
  <member type="way" ref="139477436" role=""/>
  <member type="way" ref="139477476" role=""/>
  <tag k="name" v="Autovia Mudèixar / Autovía Mudéjar"/>
  <tag k="name:ca" v="Autovia Mudèixar"/>
  <tag k="name:es" v="Autovía Mudéjar"/>
  <tag k="network" v="ES:A-road"/>
  <tag k="operator" v="Ministerio de Transportes y Movilidad Sostenible"/>
  <tag k="operator:type" v="government"/>
  <tag k="ref" v="A-23"/>
  <tag k="ref:colour" v="#19408B"/>
  <tag k="ref:colour_bg" v="#19408B"/>
  <tag k="ref:colour_tx" v="white"/>
  <tag k="route" v="road"/>
  <tag k="type" v="route"/>
  <tag k="wikidata" v="Q2746845"/>
  <tag k="wikipedia" v="es:Autovía Mudéjar"/>
 </relation>
 <relation id="7884303" visible="true" version="230" changeset="186780897" timestamp="2026-08-01T20:26:29Z" user="ivanruiz" uid="23829548">
  <member type="relation" ref="2147162" role=""/>
  <member type="relation" ref="72825" role=""/>
  <member type="relation" ref="26802" role=""/>
  <member type="relation" ref="2133091" role=""/>
  <member type="relation" ref="2147287" role=""/>
  <member type="relation" ref="76274" role=""/>
  <member type="relation" ref="60745" role=""/>
  <member type="relation" ref="73447" role=""/>
  <member type="relation" ref="48042" role=""/>
  <member type="relation" ref="35065" role=""/>
  <member type="relation" ref="26791" role=""/>
  <member type="relation" ref="2332838" role=""/>
  <member type="relation" ref="52831" role=""/>
  <member type="relation" ref="103222" role=""/>
  <member type="relation" ref="190821" role=""/>
  <member type="relation" ref="74673" role=""/>
  <member type="relation" ref="36947" role=""/>
  <member type="relation" ref="74693" role=""/>
  <member type="relation" ref="21359" role=""/>
  <member type="relation" ref="74696" role=""/>
  <member type="relation" ref="32943" role=""/>
  <member type="relation" ref="78013" role=""/>
  <member type="relation" ref="2817296" role=""/>
  <member type="relation" ref="72927" role=""/>
  <member type="relation" ref="48100" role=""/>
  <member type="relation" ref="79090" role=""/>
  <member type="relation" ref="33702" role=""/>
  <member type="relation" ref="84339" role=""/>
  <member type="relation" ref="20990" role=""/>
  <member type="relation" ref="78826" role=""/>
  <member type="relation" ref="2817637" role=""/>
  <member type="relation" ref="78509" role=""/>
  <member type="relation" ref="72170" role=""/>
  <member type="relation" ref="2148378" role=""/>
  <member type="relation" ref="31354" role=""/>
  <member type="relation" ref="27539" role=""/>
  <member type="relation" ref="2223656" role=""/>
  <member type="relation" ref="56555" role=""/>
  <member type="relation" ref="26621" role=""/>
  <member type="relation" ref="32572" role=""/>
  <member type="relation" ref="84338" role=""/>
  <member type="relation" ref="23063" role=""/>
  <member type="relation" ref="57817" role=""/>
  <member type="relation" ref="20773" role=""/>
  <member type="relation" ref="80523" role=""/>
  <member type="relation" ref="80043" role=""/>
  <member type="relation" ref="73057" role=""/>
  <member type="relation" ref="31491" role=""/>
  <member type="relation" ref="75486" role=""/>
  <member type="relation" ref="80053" role=""/>
  <member type="relation" ref="2148636" role=""/>
  <member type="relation" ref="108340" role=""/>
  <member type="relation" ref="77040" role=""/>
  <member type="relation" ref="21572" role=""/>
  <member type="relation" ref="6410283" role=""/>
  <member type="relation" ref="3010573" role=""/>
  <member type="relation" ref="2399357" role=""/>
  <member type="relation" ref="144173" role=""/>
  <member type="relation" ref="20869" role=""/>
  <member type="relation" ref="1652434" role=""/>
  <member type="relation" ref="3529513" role=""/>
  <member type="relation" ref="77546" role=""/>
  <member type="relation" ref="92308" role=""/>
  <member type="relation" ref="33232" role=""/>
  <member type="relation" ref="38304" role=""/>
  <member type="relation" ref="6263623" role=""/>
  <member type="relation" ref="38260" role=""/>
  <member type="relation" ref="27057" role=""/>
  <member type="relation" ref="38345" role=""/>
  <member type="relation" ref="77376" role=""/>
  <member type="relation" ref="38373" role=""/>
  <member type="relation" ref="186923" role=""/>
  <member type="relation" ref="2092611" role=""/>
  <member type="relation" ref="110270" role=""/>
  <member type="relation" ref="2399364" role=""/>
  <member type="relation" ref="69720" role=""/>
  <member type="relation" ref="38273" role=""/>
  <member type="relation" ref="1998065" role=""/>
  <member type="relation" ref="38258" role=""/>
  <member type="relation" ref="92877" role=""/>
  <member type="relation" ref="33698" role=""/>
  <member type="relation" ref="6410380" role=""/>
  <member type="relation" ref="7698875" role=""/>
  <member type="relation" ref="164014" role=""/>
  <member type="relation" ref="156092" role=""/>
  <member type="relation" ref="156514" role=""/>
  <member type="relation" ref="27994" role=""/>
  <member type="relation" ref="2048368" role=""/>
  <member type="relation" ref="158701" role=""/>
  <member type="relation" ref="34253" role=""/>
  <member type="relation" ref="1084054" role=""/>
  <member type="relation" ref="2314106" role=""/>
  <member type="relation" ref="158573" role=""/>
  <member type="relation" ref="3346319" role=""/>
  <member type="relation" ref="158700" role=""/>
  <member type="relation" ref="281674" role=""/>
  <member type="relation" ref="125452" role=""/>
  <member type="relation" ref="2094111" role=""/>
  <member type="relation" ref="2817790" role=""/>
  <member type="relation" ref="28929" role=""/>
  <member type="relation" ref="1789104" role=""/>
  <member type="relation" ref="2817677" role=""/>
  <member type="relation" ref="7215270" role=""/>
  <member type="relation" ref="2817773" role=""/>
  <member type="relation" ref="2817782" role=""/>
  <member type="relation" ref="6252885" role=""/>
  <member type="relation" ref="75433" role=""/>
  <member type="relation" ref="75438" role=""/>
  <member type="relation" ref="78271" role=""/>
  <member type="relation" ref="68577" role=""/>
  <member type="relation" ref="68590" role=""/>
  <member type="relation" ref="80485" role=""/>
  <member type="relation" ref="32973" role=""/>
  <member type="relation" ref="61501" role=""/>
  <member type="relation" ref="32953" role=""/>
  <member type="relation" ref="3206788" role=""/>
  <member type="relation" ref="214487" role=""/>
  <member type="relation" ref="190840" role=""/>
  <member type="relation" ref="78837" role=""/>
  <member type="relation" ref="75144" role=""/>
  <member type="relation" ref="78840" role=""/>
  <member type="relation" ref="17502" role=""/>
  <member type="relation" ref="68591" role=""/>
  <member type="relation" ref="172531" role=""/>
  <member type="relation" ref="2745034" role=""/>
  <member type="relation" ref="2745035" role=""/>
  <member type="relation" ref="6266559" role=""/>
  <member type="relation" ref="3904095" role=""/>
  <member type="relation" ref="88503" role=""/>
  <member type="relation" ref="79765" role=""/>
  <member type="relation" ref="17015348" role=""/>
  <member type="relation" ref="73498" role=""/>
  <member type="relation" ref="6839261" role=""/>
  <member type="relation" ref="68585" role=""/>
  <member type="relation" ref="84451" role=""/>
  <member type="relation" ref="86739" role=""/>
  <member type="relation" ref="21900" role=""/>
  <member type="relation" ref="229973" role=""/>
  <member type="relation" ref="85936" role=""/>
  <member type="relation" ref="228525" role=""/>
  <member type="relation" ref="67631" role=""/>
  <member type="relation" ref="5196088" role=""/>
  <member type="relation" ref="3905533" role=""/>
  <member type="relation" ref="3905549" role=""/>
  <member type="relation" ref="108203" role=""/>
  <member type="relation" ref="3906144" role=""/>
  <member type="relation" ref="6252938" role=""/>
  <member type="relation" ref="79015" role=""/>
  <member type="relation" ref="82573" role=""/>
  <member type="relation" ref="229810" role=""/>
  <member type="relation" ref="6411395" role=""/>
  <member type="relation" ref="2121922" role=""/>
  <member type="relation" ref="2122034" role=""/>
  <member type="relation" ref="38267" role=""/>
  <member type="relation" ref="38441" role=""/>
  <member type="relation" ref="38284" role=""/>
  <member type="relation" ref="6266611" role=""/>
  <member type="relation" ref="38317" role=""/>
  <member type="relation" ref="4072955" role=""/>
  <member type="relation" ref="154327" role=""/>
  <member type="relation" ref="6266680" role=""/>
  <member type="relation" ref="38625" role=""/>
  <member type="relation" ref="170359" role=""/>
  <member type="relation" ref="976097" role=""/>
  <member type="relation" ref="899167" role=""/>
  <member type="relation" ref="976263" role=""/>
  <member type="relation" ref="73457" role=""/>
  <member type="relation" ref="75490" role=""/>
  <member type="relation" ref="900573" role=""/>
  <member type="relation" ref="1175648" role=""/>
  <member type="relation" ref="92329" role=""/>
  <member type="relation" ref="6449113" role=""/>
  <member type="relation" ref="6410448" role=""/>
  <member type="relation" ref="6410454" role=""/>
  <member type="relation" ref="38436" role=""/>
  <member type="relation" ref="38437" role=""/>
  <member type="relation" ref="2194571" role=""/>
  <member type="relation" ref="38303" role=""/>
  <member type="relation" ref="6410456" role=""/>
  <member type="relation" ref="6410463" role=""/>
  <member type="relation" ref="1650459" role=""/>
  <member type="relation" ref="1722968" role=""/>
  <member type="relation" ref="3906304" role=""/>
  <member type="relation" ref="70885" role=""/>
  <member type="relation" ref="1202486" role=""/>
  <member type="relation" ref="74886" role=""/>
  <member type="relation" ref="6266476" role=""/>
  <member type="relation" ref="1824555" role=""/>
  <member type="relation" ref="4028594" role=""/>
  <member type="relation" ref="2328885" role=""/>
  <member type="relation" ref="2603148" role=""/>
  <member type="relation" ref="2329192" role=""/>
  <member type="relation" ref="1086284" role=""/>
  <member type="relation" ref="38352" role=""/>
  <member type="relation" ref="270398" role=""/>
  <member type="relation" ref="2770644" role=""/>
  <member type="relation" ref="3344515" role=""/>
  <member type="relation" ref="89529" role=""/>
  <member type="relation" ref="6410467" role=""/>
  <member type="relation" ref="3970914" role=""/>
  <member type="relation" ref="6448422" role=""/>
  <member type="relation" ref="6410473" role=""/>
  <member type="relation" ref="6256177" role=""/>
  <member type="relation" ref="6256246" role=""/>
  <member type="relation" ref="6401532" role=""/>
  <member type="relation" ref="6402208" role=""/>
  <member type="relation" ref="6402214" role=""/>
  <member type="relation" ref="6256280" role=""/>
  <member type="relation" ref="6410490" role=""/>
  <member type="relation" ref="5640676" role=""/>
  <member type="relation" ref="1844441" role=""/>
  <member type="relation" ref="102595" role=""/>
  <member type="relation" ref="5513689" role=""/>
  <member type="relation" ref="14890767" role=""/>
  <member type="relation" ref="6410526" role=""/>
  <member type="relation" ref="74910" role=""/>
  <member type="relation" ref="89532" role=""/>
  <member type="relation" ref="6449009" role=""/>
  <member type="relation" ref="147056" role=""/>
  <member type="relation" ref="147976" role=""/>
  <member type="relation" ref="142946" role=""/>
  <member type="relation" ref="1930294" role=""/>
  <member type="relation" ref="400179" role=""/>
  <member type="relation" ref="361393" role=""/>
  <member type="relation" ref="6411362" role=""/>
  <member type="relation" ref="6897625" role=""/>
  <member type="relation" ref="6923666" role=""/>
  <member type="relation" ref="4243136" role=""/>
  <member type="relation" ref="1770166" role=""/>
  <member type="relation" ref="5866045" role=""/>
  <member type="relation" ref="5944201" role=""/>
  <member type="relation" ref="5864974" role=""/>
  <member type="relation" ref="5864975" role=""/>
  <member type="relation" ref="5864976" role=""/>
  <member type="relation" ref="5864977" role=""/>
  <member type="relation" ref="5942710" role=""/>
  <member type="relation" ref="5864978" role=""/>
  <member type="relation" ref="8418873" role=""/>
  <member type="relation" ref="8235498" role=""/>
  <member type="relation" ref="8542404" role=""/>
  <member type="relation" ref="8235463" role=""/>
  <member type="relation" ref="8235454" role=""/>
  <member type="relation" ref="7591671" role=""/>
  <member type="relation" ref="6482805" role=""/>
  <member type="relation" ref="6424928" role=""/>
  <member type="relation" ref="7588949" role=""/>
  <tag k="name" v="International E-road network"/>
  <tag k="name:an" v="Rete de carreteras europeas"/>
  <tag k="name:az" v="Avropa Beynəlxalq Yollar şəbəkəsi"/>
  <tag k="name:be" v="Сетка міжнародных еўрапейскіх аўтадарог"/>
  <tag k="name:bg" v="Европейска пътна мрежа"/>
  <tag k="name:bs" v="Međunarodna mreža E-puteva"/>
  <tag k="name:ca" v="Xarxa de carreteres europees"/>
  <tag k="name:cnr" v="Evropska mreža međunarodnih puteva"/>
  <tag k="name:cnr-Cyrl" v="Европска мрежа међународних путева"/>
  <tag k="name:cs" v="Evropské silnice"/>
  <tag k="name:cv" v="Европа автомаршручĕсем"/>
  <tag k="name:da" v="Europaveje"/>
  <tag k="name:de" v="Europastraßen"/>
  <tag k="name:el" v="Διεθνές δίκτυο Ε-οδών"/>
  <tag k="name:en" v="International E-road network"/>
  <tag k="name:eo" v="Eŭropa ŝoseo"/>
  <tag k="name:es" v="Red de Carreteras Europeas"/>
  <tag k="name:et" v="Rahvusvaheline E-teede võrk"/>
  <tag k="name:fi" v="Eurooppatiet"/>
  <tag k="name:fr" v="Routes européennes"/>
  <tag k="name:hr" v="Europska mreža međunarodnih puteva"/>
  <tag k="name:hu" v="Európai úthálózat"/>
  <tag k="name:is" v="Evrópuvegur"/>
  <tag k="name:it" v="Strade europee"/>
  <tag k="name:ja" v="欧州自動車道路"/>
  <tag k="name:ka" v="ევროპის საერთაშორისო E საავტომობილო მაგისტრალების ქსელი"/>
  <tag k="name:ko" v="유럽 고속도로"/>
  <tag k="name:lb" v="Europastrooss"/>
  <tag k="name:lt" v="Tarptautinis Europos kelių tinklas"/>
  <tag k="name:nl" v="E-routenetwerk"/>
  <tag k="name:nn" v="Europavegar"/>
  <tag k="name:no" v="Europaveier"/>
  <tag k="name:pl" v="Międzynarodowa sieć tras europejskich"/>
  <tag k="name:pt" v="Estradas europeias"/>
  <tag k="name:ro" v="Rețeaua de drumuri europene"/>
  <tag k="name:sk" v="Európske cesty"/>
  <tag k="name:sl" v="Vseevropsko cestno omrežje"/>
  <tag k="name:sr" v="Европска мрежа међународних путева"/>
  <tag k="name:sr-Latn" v="Evropska mreža međunarodnih puteva"/>
  <tag k="name:sv" v="Europavägar"/>
  <tag k="name:tr" v="Avrupa E-yolları"/>
  <tag k="name:uk" v="Мережа європейських автошляхів"/>
  <tag k="name:zh" v="欧洲高速公路"/>
  <tag k="network" v="e-road"/>
  <tag k="note" v="for Norway, please read this https://forum.openstreetmap.org/viewtopic.php?id=72841"/>
  <tag k="operator" v="United Nations Economic Commission for Europe"/>
  <tag k="operator:short" v="UNECE"/>
  <tag k="operator:type" v="public"/>
  <tag k="operator:wikidata" v="Q659012"/>
  <tag k="start_date" v="1950-09-16"/>
  <tag k="type" v="network"/>
  <tag k="wikidata" v="Q106123"/>
 </relation>
 <relation id="9235578" visible="true" version="7" changeset="142866586" timestamp="2023-10-20T11:50:53Z" user="ansuta" uid="3188422">
  <member type="way" ref="289958975" role=""/>
  <member type="way" ref="260483256" role=""/>
  <member type="way" ref="664691445" role=""/>
  <member type="way" ref="258628701" role=""/>
  <member type="way" ref="260064741" role=""/>
  <member type="way" ref="258759249" role=""/>
  <member type="way" ref="1088514368" role=""/>
  <member type="way" ref="1088526707" role=""/>
  <member type="way" ref="1088514369" role=""/>
  <member type="way" ref="1088514370" role=""/>
  <member type="way" ref="258759248" role=""/>
  <member type="way" ref="664560726" role=""/>
  <tag k="type" v="pipeline"/>
 </relation>
 <relation id="10243279" visible="true" version="1" changeset="76471535" timestamp="2019-11-01T00:47:20Z" user="ansuta" uid="3188422">
  <member type="way" ref="490212649" role=""/>
  <member type="way" ref="490212667" role=""/>
  <tag k="name" v="Karting Zuera"/>
  <tag k="route" v="road"/>
  <tag k="type" v="route"/>
 </relation>
 <relation id="10243280" visible="true" version="1" changeset="76471535" timestamp="2019-11-01T00:47:20Z" user="ansuta" uid="3188422">
  <member type="way" ref="490212650" role=""/>
  <member type="way" ref="740859193" role=""/>
  <tag k="name" v="Circuito Internacional de Zuera"/>
  <tag k="route" v="road"/>
  <tag k="type" v="route"/>
 </relation>
 <relation id="11132813" visible="true" version="43" changeset="189502104" timestamp="2026-09-24T14:33:59Z" user="Robot8A" uid="393359">
  <member type="way" ref="370889004" role=""/>
  <member type="way" ref="807429254" role=""/>
  <member type="way" ref="369854506" role=""/>
  <member type="way" ref="209762080" role=""/>
  <member type="way" ref="93052905" role=""/>
  <member type="way" ref="24025331" role=""/>
  <member type="way" ref="822902108" role=""/>
  <member type="way" ref="209762078" role=""/>
  <member type="way" ref="186767468" role=""/>
  <member type="way" ref="77867219" role=""/>
  <member type="way" ref="693953434" role=""/>
  <member type="way" ref="693953435" role=""/>
  <member type="way" ref="693953433" role=""/>
  <member type="way" ref="693953430" role=""/>
  <member type="way" ref="693953429" role=""/>
  <member type="way" ref="693953424" role=""/>
  <member type="way" ref="693953423" role=""/>
  <member type="way" ref="148830499" role=""/>
  <member type="way" ref="465852447" role=""/>
  <member type="way" ref="693953422" role=""/>
  <member type="way" ref="456184650" role=""/>
  <member type="way" ref="693953418" role=""/>
  <member type="way" ref="148830498" role=""/>
  <member type="way" ref="456184649" role=""/>
  <member type="way" ref="451796779" role=""/>
  <member type="way" ref="429058897" role=""/>
  <member type="way" ref="694357670" role=""/>
  <member type="way" ref="456390606" role=""/>
  <member type="way" ref="108724992" role=""/>
  <member type="way" ref="108724995" role=""/>
  <member type="way" ref="165718543" role=""/>
  <member type="way" ref="165718578" role=""/>
  <member type="way" ref="807429252" role=""/>
  <member type="way" ref="165953032" role=""/>
  <member type="way" ref="165953056" role=""/>
  <member type="way" ref="1319958054" role=""/>
  <member type="way" ref="619891370" role=""/>
  <member type="way" ref="165952954" role=""/>
  <member type="way" ref="620321017" role=""/>
  <member type="way" ref="620121616" role=""/>
  <member type="way" ref="620121618" role=""/>
  <member type="way" ref="165952950" role=""/>
  <member type="way" ref="807429250" role=""/>
  <member type="way" ref="165953047" role=""/>
  <member type="way" ref="165953100" role=""/>
  <member type="way" ref="165953020" role=""/>
  <member type="way" ref="165953149" role=""/>
  <member type="way" ref="1425609742" role=""/>
  <member type="way" ref="807429656" role=""/>
  <member type="way" ref="165953077" role=""/>
  <member type="way" ref="1425942921" role=""/>
  <member type="way" ref="807429654" role=""/>
  <member type="way" ref="176632657" role=""/>
  <member type="way" ref="807429653" role=""/>
  <member type="way" ref="1424864054" role=""/>
  <member type="way" ref="45398599" role=""/>
  <member type="way" ref="1018276496" role=""/>
  <member type="way" ref="807429652" role=""/>
  <member type="way" ref="1425846727" role=""/>
  <member type="way" ref="1425846729" role=""/>
  <member type="way" ref="1425846731" role=""/>
  <member type="way" ref="1425846728" role=""/>
  <member type="way" ref="1425846730" role=""/>
  <member type="way" ref="1018276494" role=""/>
  <member type="way" ref="1552949918" role=""/>
  <member type="way" ref="1552949920" role=""/>
  <member type="way" ref="807430348" role=""/>
  <member type="way" ref="1425915622" role=""/>
  <member type="way" ref="178775899" role=""/>
  <member type="way" ref="45867107" role=""/>
  <member type="way" ref="807432994" role=""/>
  <member type="way" ref="807432993" role=""/>
  <member type="way" ref="806790004" role=""/>
  <member type="way" ref="806790003" role=""/>
  <member type="way" ref="1415428503" role=""/>
  <member type="way" ref="385408459" role=""/>
  <member type="way" ref="713291267" role=""/>
  <member type="way" ref="124669142" role=""/>
  <member type="way" ref="124669141" role=""/>
  <member type="way" ref="807432992" role=""/>
  <member type="way" ref="385408460" role=""/>
  <member type="way" ref="807432991" role=""/>
  <member type="way" ref="1126013333" role=""/>
  <member type="way" ref="1126013332" role=""/>
  <member type="way" ref="1124954282" role=""/>
  <member type="way" ref="807432990" role=""/>
  <member type="way" ref="807432989" role=""/>
  <member type="way" ref="45702019" role=""/>
  <member type="way" ref="807432988" role=""/>
  <member type="way" ref="45702013" role=""/>
  <member type="way" ref="807432987" role=""/>
  <member type="way" ref="1244884148" role=""/>
  <member type="way" ref="1018292378" role=""/>
  <member type="way" ref="1018292377" role=""/>
  <member type="way" ref="807432986" role=""/>
  <member type="way" ref="42704849" role=""/>
  <member type="way" ref="717603356" role=""/>
  <member type="way" ref="717603351" role=""/>
  <member type="way" ref="717603353" role=""/>
  <member type="way" ref="717603357" role=""/>
  <member type="way" ref="719945548" role=""/>
  <member type="way" ref="719945547" role=""/>
  <member type="way" ref="719945546" role=""/>
  <member type="way" ref="807432985" role=""/>
  <member type="way" ref="256811046" role=""/>
  <member type="way" ref="256811048" role=""/>
  <member type="way" ref="1444312226" role=""/>
  <member type="way" ref="1124781852" role=""/>
  <member type="way" ref="719945545" role=""/>
  <member type="way" ref="719942503" role=""/>
  <member type="way" ref="719942504" role=""/>
  <member type="way" ref="1127566756" role=""/>
  <member type="way" ref="1127566757" role=""/>
  <member type="way" ref="719945543" role=""/>
  <member type="way" ref="1124781864" role=""/>
  <member type="way" ref="1124781863" role=""/>
  <member type="way" ref="452310312" role=""/>
  <member type="way" ref="807435074" role=""/>
  <member type="way" ref="807435072" role=""/>
  <member type="way" ref="1189840004" role=""/>
  <member type="way" ref="1189840005" role=""/>
  <member type="way" ref="807435071" role=""/>
  <member type="way" ref="807435070" role=""/>
  <member type="way" ref="807435069" role=""/>
  <member type="way" ref="290412289" role=""/>
  <member type="way" ref="807435066" role=""/>
  <member type="way" ref="807435065" role=""/>
  <member type="way" ref="807435063" role=""/>
  <member type="way" ref="469936670" role=""/>
  <member type="way" ref="807435062" role=""/>
  <member type="way" ref="807435061" role=""/>
  <member type="way" ref="807435060" role=""/>
  <member type="way" ref="807435058" role=""/>
  <member type="way" ref="807437086" role=""/>
  <member type="way" ref="276683725" role=""/>
  <member type="way" ref="276683726" role=""/>
  <member type="way" ref="807437084" role=""/>
  <member type="way" ref="381810867" role=""/>
  <member type="way" ref="276716802" role=""/>
  <member type="way" ref="276716805" role=""/>
  <member type="way" ref="400037995" role=""/>
  <member type="way" ref="400038011" role=""/>
  <member type="way" ref="615588313" role=""/>
  <member type="way" ref="395973392" role=""/>
  <member type="way" ref="1303833033" role=""/>
  <member type="way" ref="1303833031" role=""/>
  <member type="way" ref="357219418" role=""/>
  <member type="way" ref="1303833032" role=""/>
  <member type="way" ref="355775410" role=""/>
  <member type="way" ref="807437082" role=""/>
  <member type="way" ref="355527906" role=""/>
  <member type="way" ref="1087696091" role=""/>
  <member type="way" ref="396379203" role=""/>
  <member type="way" ref="659565416" role=""/>
  <member type="way" ref="807437080" role=""/>
  <member type="way" ref="659566123" role=""/>
  <member type="way" ref="807437079" role=""/>
  <member type="way" ref="329668819" role=""/>
  <member type="way" ref="329668801" role=""/>
  <member type="way" ref="329668784" role=""/>
  <member type="way" ref="807437078" role=""/>
  <member type="way" ref="807437077" role=""/>
  <member type="way" ref="807437076" role=""/>
  <member type="way" ref="381108275" role=""/>
  <member type="way" ref="807437075" role=""/>
  <member type="way" ref="321327461" role=""/>
  <member type="way" ref="321327474" role=""/>
  <member type="way" ref="321358867" role=""/>
  <member type="way" ref="807437072" role=""/>
  <member type="way" ref="321358869" role=""/>
  <member type="way" ref="807437071" role=""/>
  <member type="way" ref="442682148" role=""/>
  <member type="way" ref="807437070" role=""/>
  <member type="way" ref="321358872" role=""/>
  <member type="way" ref="242242583" role=""/>
  <member type="way" ref="679016653" role=""/>
  <member type="way" ref="1344498206" role=""/>
  <member type="way" ref="1344498205" role=""/>
  <member type="way" ref="679018584" role=""/>
  <member type="way" ref="679018583" role=""/>
  <member type="way" ref="807438020" role=""/>
  <member type="way" ref="679012264" role=""/>
  <member type="way" ref="807438018" role=""/>
  <member type="way" ref="679012274" role=""/>
  <member type="way" ref="807438019" role=""/>
  <member type="way" ref="679012272" role=""/>
  <member type="way" ref="319286018" role=""/>
  <member type="way" ref="807438017" role=""/>
  <member type="way" ref="679012282" role=""/>
  <member type="way" ref="807438016" role=""/>
  <member type="way" ref="761064594" role=""/>
  <member type="way" ref="671029285" role=""/>
  <member type="way" ref="807438014" role=""/>
  <member type="way" ref="807438013" role=""/>
  <member type="way" ref="319698450" role=""/>
  <member type="way" ref="246832091" role=""/>
  <member type="way" ref="807438012" role=""/>
  <tag k="colour" v="#e31219"/>
  <tag k="from" v="Plaza del Pilar"/>
  <tag k="name" v="Camino de la Jorgeada"/>
  <tag k="network" v="rwn"/>
  <tag k="official_name" v="Camino de la Jorgeada"/>
  <tag k="operator" v="FAM"/>
  <tag k="osmc:symbol" v="red:white:red_lower:234:black"/>
  <tag k="ref" v="GR 234"/>
  <tag k="ref:colour" v="red"/>
  <tag k="ref:colour_bg" v="white"/>
  <tag k="ref:colour_tx" v="black"/>
  <tag k="roundtrip" v="no"/>
  <tag k="route" v="hiking"/>
  <tag k="to" v="Ermita de San Jorge"/>
  <tag k="type" v="route"/>
  <tag k="via" v="San Juan de Mozarrifar;El Comercio;Villanueva de Gállego;Las Lomas del Gállego;Zuera;San Jorge;Almudévar"/>
  <tag k="website" v="https://www.senderosfam.es/gr-234-camino-de-la-jorgeada/"/>
 </relation>
 <relation id="13164679" visible="true" version="271" changeset="188923499" timestamp="2026-09-12T16:05:54Z" user="Grandasse" uid="1407325">
  <member type="node" ref="7390900350" role="stop"/>
  <member type="node" ref="224101094" role="stop_entry_only"/>
  <member type="node" ref="8399487641" role="platform_entry_only"/>
  <member type="node" ref="11233979657" role="stop_entry_only"/>
  <member type="node" ref="7884583325" role="platform_entry_only"/>
  <member type="node" ref="4497580390" role="stop"/>
  <member type="node" ref="1737139974" role="platform"/>
  <member type="node" ref="6312690382" role="stop"/>
  <member type="node" ref="11476191970" role="platform"/>
  <member type="node" ref="2380205864" role="stop"/>
  <member type="node" ref="11519178508" role="platform"/>
  <member type="way" ref="790568830" role=""/>
  <member type="way" ref="790699339" role=""/>
  <member type="way" ref="790699338" role=""/>
  <member type="way" ref="790568815" role=""/>
  <member type="way" ref="790568814" role=""/>
  <member type="way" ref="790568816" role=""/>
  <member type="way" ref="790586417" role=""/>
  <member type="way" ref="790586418" role=""/>
  <member type="way" ref="892080694" role=""/>
  <member type="way" ref="916665768" role=""/>
  <member type="way" ref="966157603" role=""/>
  <member type="way" ref="923966059" role=""/>
  <member type="way" ref="30741170" role=""/>
  <member type="way" ref="1451127673" role=""/>
  <member type="way" ref="1451127674" role=""/>
  <member type="way" ref="1451127675" role=""/>
  <member type="way" ref="1451127676" role=""/>
  <member type="way" ref="1451127677" role=""/>
  <member type="way" ref="1451127678" role=""/>
  <member type="way" ref="1451127679" role=""/>
  <member type="way" ref="1451127680" role=""/>
  <member type="way" ref="1451127681" role=""/>
  <member type="way" ref="1451127682" role=""/>
  <member type="way" ref="1451127683" role=""/>
  <member type="way" ref="1451127684" role=""/>
  <member type="way" ref="1451127685" role=""/>
  <member type="way" ref="1451127686" role=""/>
  <member type="way" ref="1451127687" role=""/>
  <member type="way" ref="1451127688" role=""/>
  <member type="way" ref="1451127689" role=""/>
  <member type="way" ref="1451127690" role=""/>
  <member type="way" ref="1451127691" role=""/>
  <member type="way" ref="1451127692" role=""/>
  <member type="way" ref="1451127693" role=""/>
  <member type="way" ref="1451127694" role=""/>
  <member type="way" ref="1451127695" role=""/>
  <member type="way" ref="1451127696" role=""/>
  <member type="way" ref="1451127697" role=""/>
  <member type="way" ref="1451127698" role=""/>
  <member type="way" ref="1451127699" role=""/>
  <member type="way" ref="1451127700" role=""/>
  <member type="way" ref="790568848" role=""/>
  <member type="way" ref="606108194" role=""/>
  <member type="way" ref="238560763" role=""/>
  <member type="way" ref="238560771" role=""/>
  <member type="way" ref="740849894" role=""/>
  <member type="way" ref="31785309" role=""/>
  <member type="way" ref="31785310" role=""/>
  <member type="way" ref="96389849" role=""/>
  <member type="way" ref="96389850" role=""/>
  <member type="way" ref="1501070521" role=""/>
  <member type="way" ref="31785277" role=""/>
  <member type="way" ref="31785279" role=""/>
  <member type="way" ref="793509811" role=""/>
  <member type="way" ref="31785278" role=""/>
  <member type="way" ref="108756228" role=""/>
  <member type="way" ref="108756221" role=""/>
  <member type="way" ref="1337078035" role=""/>
  <member type="way" ref="197895795" role=""/>
  <member type="way" ref="1501072970" role=""/>
  <member type="way" ref="197895794" role=""/>
  <member type="way" ref="44098689" role=""/>
  <member type="way" ref="1223428814" role=""/>
  <member type="way" ref="222576008" role=""/>
  <member type="way" ref="44098786" role=""/>
  <member type="way" ref="4317981" role=""/>
  <member type="way" ref="202321279" role=""/>
  <member type="way" ref="1396108125" role=""/>
  <member type="way" ref="222576012" role=""/>
  <member type="way" ref="202321278" role=""/>
  <member type="way" ref="1501521125" role=""/>
  <member type="way" ref="1501521123" role=""/>
  <member type="way" ref="219291920" role=""/>
  <member type="way" ref="309795229" role=""/>
  <member type="way" ref="309795231" role=""/>
  <member type="way" ref="309548996" role=""/>
  <member type="way" ref="1223437657" role=""/>
  <member type="way" ref="309548998" role=""/>
  <member type="way" ref="319256922" role=""/>
  <member type="way" ref="112081144" role=""/>
  <member type="way" ref="318996259" role=""/>
  <member type="way" ref="1520686387" role=""/>
  <member type="way" ref="318996264" role=""/>
  <member type="way" ref="1555129150" role=""/>
  <member type="way" ref="219291912" role=""/>
  <member type="way" ref="309138899" role=""/>
  <member type="way" ref="1223437658" role=""/>
  <member type="way" ref="309138901" role=""/>
  <member type="way" ref="4684058" role=""/>
  <member type="way" ref="219291914" role=""/>
  <member type="way" ref="219295616" role=""/>
  <member type="way" ref="4317987" role=""/>
  <member type="way" ref="112081135" role=""/>
  <member type="way" ref="1132699278" role=""/>
  <member type="way" ref="112081143" role=""/>
  <member type="way" ref="358916479" role=""/>
  <member type="way" ref="112081139" role=""/>
  <member type="way" ref="238876134" role=""/>
  <member type="way" ref="79177791" role=""/>
  <member type="way" ref="204842146" role=""/>
  <member type="way" ref="238876148" role=""/>
  <member type="way" ref="1549048730" role=""/>
  <member type="way" ref="1549048731" role=""/>
  <member type="way" ref="238876127" role=""/>
  <member type="way" ref="109238262" role=""/>
  <member type="way" ref="553958636" role=""/>
  <member type="way" ref="193697666" role=""/>
  <member type="way" ref="461682206" role=""/>
  <member type="way" ref="461682205" role=""/>
  <member type="way" ref="78144274" role=""/>
  <member type="way" ref="461679165" role=""/>
  <member type="way" ref="41426696" role=""/>
  <member type="way" ref="225485169" role=""/>
  <member type="way" ref="461676129" role=""/>
  <member type="way" ref="41426699" role=""/>
  <member type="way" ref="461675728" role=""/>
  <member type="way" ref="338670814" role=""/>
  <member type="way" ref="1116299027" role=""/>
  <member type="way" ref="507721052" role=""/>
  <member type="way" ref="358916469" role=""/>
  <member type="way" ref="507721844" role=""/>
  <member type="way" ref="507721843" role=""/>
  <member type="way" ref="461672489" role=""/>
  <member type="way" ref="307654140" role=""/>
  <member type="way" ref="190291513" role=""/>
  <member type="way" ref="1549050568" role=""/>
  <member type="way" ref="1549050569" role=""/>
  <member type="way" ref="1549050523" role=""/>
  <member type="way" ref="1549050524" role=""/>
  <member type="way" ref="1549051084" role=""/>
  <member type="way" ref="1549051085" role=""/>
  <member type="way" ref="204777352" role=""/>
  <member type="way" ref="53220919" role=""/>
  <member type="way" ref="53220918" role=""/>
  <member type="way" ref="355504173" role=""/>
  <member type="way" ref="1306699193" role=""/>
  <member type="way" ref="194545108" role=""/>
  <member type="way" ref="1306699194" role=""/>
  <member type="way" ref="795458002" role=""/>
  <member type="way" ref="499730145" role=""/>
  <member type="way" ref="194545109" role=""/>
  <member type="way" ref="194547260" role=""/>
  <member type="way" ref="194547251" role=""/>
  <member type="way" ref="417382724" role=""/>
  <member type="way" ref="36770416" role=""/>
  <member type="way" ref="352525369" role=""/>
  <member type="way" ref="352525378" role=""/>
  <member type="way" ref="1549051943" role=""/>
  <member type="way" ref="1116276151" role=""/>
  <member type="way" ref="408958124" role=""/>
  <member type="way" ref="35576029" role=""/>
  <member type="way" ref="35576028" role=""/>
  <member type="way" ref="1116276145" role=""/>
  <member type="way" ref="1115703660" role=""/>
  <member type="way" ref="1115703659" role=""/>
  <member type="way" ref="410102852" role=""/>
  <member type="way" ref="328644849" role=""/>
  <member type="way" ref="328644846" role=""/>
  <member type="way" ref="328644851" role=""/>
  <member type="way" ref="77697382" role=""/>
  <member type="way" ref="24545612" role=""/>
  <member type="way" ref="24545613" role=""/>
  <member type="way" ref="38754462" role=""/>
  <member type="way" ref="23859154" role=""/>
  <member type="way" ref="542334518" role=""/>
  <member type="way" ref="419950437" role=""/>
  <member type="way" ref="357824766" role=""/>
  <member type="way" ref="357824767" role=""/>
  <member type="way" ref="538849703" role=""/>
  <member type="way" ref="1506610823" role=""/>
  <member type="way" ref="1506610822" role=""/>
  <member type="way" ref="1387806254" role=""/>
  <member type="way" ref="1387806253" role=""/>
  <member type="way" ref="79499594" role=""/>
  <member type="way" ref="1088751210" role=""/>
  <member type="way" ref="165664444" role=""/>
  <member type="way" ref="165664445" role=""/>
  <member type="way" ref="366808607" role=""/>
  <member type="way" ref="28166624" role=""/>
  <member type="way" ref="1507399380" role=""/>
  <member type="way" ref="366809371" role=""/>
  <member type="way" ref="35174363" role=""/>
  <member type="way" ref="35174364" role=""/>
  <member type="way" ref="1507656987" role=""/>
  <member type="way" ref="1507656986" role=""/>
  <member type="way" ref="225750718" role=""/>
  <member type="way" ref="225750720" role=""/>
  <member type="way" ref="1507676283" role=""/>
  <member type="way" ref="79499634" role=""/>
  <member type="way" ref="355082514" role=""/>
  <member type="way" ref="355082517" role=""/>
  <member type="way" ref="79499639" role=""/>
  <member type="way" ref="72536738" role=""/>
  <member type="way" ref="72536743" role=""/>
  <member type="way" ref="619474936" role=""/>
  <member type="way" ref="109739104" role=""/>
  <member type="way" ref="109739093" role=""/>
  <member type="way" ref="355076218" role=""/>
  <member type="way" ref="355076223" role=""/>
  <member type="way" ref="233033569" role=""/>
  <member type="way" ref="233033572" role=""/>
  <member type="way" ref="38138144" role=""/>
  <member type="way" ref="355082516" role=""/>
  <member type="way" ref="79499571" role=""/>
  <member type="way" ref="79499648" role=""/>
  <member type="way" ref="150836858" role=""/>
  <member type="way" ref="1508068388" role=""/>
  <member type="way" ref="1508068389" role=""/>
  <member type="way" ref="1508068392" role=""/>
  <member type="way" ref="1508068391" role=""/>
  <member type="way" ref="1508068390" role=""/>
  <member type="way" ref="191319409" role=""/>
  <member type="way" ref="824585855" role=""/>
  <member type="way" ref="824585856" role=""/>
  <member type="way" ref="85770580" role=""/>
  <member type="way" ref="875487744" role=""/>
  <member type="way" ref="85770619" role=""/>
  <member type="way" ref="150945369" role=""/>
  <member type="way" ref="150945366" role=""/>
  <member type="way" ref="875281730" role=""/>
  <member type="way" ref="5030995" role=""/>
  <member type="way" ref="849275983" role=""/>
  <member type="way" ref="849275984" role=""/>
  <member type="way" ref="150950582" role=""/>
  <member type="way" ref="875281728" role=""/>
  <member type="way" ref="150950583" role=""/>
  <member type="way" ref="875281727" role=""/>
  <member type="way" ref="875281725" role=""/>
  <member type="way" ref="30189470" role=""/>
  <member type="way" ref="501281220" role=""/>
  <member type="way" ref="875281724" role=""/>
  <member type="way" ref="1509706357" role=""/>
  <member type="way" ref="875281723" role=""/>
  <member type="way" ref="30189471" role=""/>
  <member type="way" ref="619451547" role=""/>
  <member type="way" ref="619451546" role=""/>
  <member type="way" ref="150988548" role=""/>
  <member type="way" ref="150988543" role=""/>
  <member type="way" ref="824583941" role=""/>
  <member type="way" ref="824583940" role=""/>
  <member type="way" ref="5030994" role=""/>
  <member type="way" ref="96753355" role=""/>
  <member type="way" ref="380893167" role=""/>
  <member type="way" ref="96753364" role=""/>
  <member type="way" ref="79499553" role=""/>
  <member type="way" ref="151082156" role=""/>
  <member type="way" ref="1510268776" role=""/>
  <member type="way" ref="151082152" role=""/>
  <member type="way" ref="1510268777" role=""/>
  <member type="way" ref="79499620" role=""/>
  <member type="way" ref="619447279" role=""/>
  <member type="way" ref="380893168" role=""/>
  <member type="way" ref="79499557" role=""/>
  <member type="way" ref="380893166" role=""/>
  <member type="way" ref="151145341" role=""/>
  <member type="way" ref="151145342" role=""/>
  <member type="way" ref="230479624" role=""/>
  <member type="way" ref="5030997" role=""/>
  <member type="way" ref="1510460000" role=""/>
  <member type="way" ref="1510460001" role=""/>
  <member type="way" ref="1510460002" role=""/>
  <member type="way" ref="143161844" role=""/>
  <member type="way" ref="1435122211" role=""/>
  <member type="way" ref="1435122212" role=""/>
  <member type="way" ref="1418978401" role=""/>
  <member type="way" ref="619444382" role=""/>
  <member type="way" ref="717294059" role=""/>
  <member type="way" ref="645471461" role=""/>
  <member type="way" ref="5030996" role=""/>
  <member type="way" ref="51229587" role=""/>
  <member type="way" ref="51229594" role=""/>
  <member type="way" ref="380940025" role=""/>
  <member type="way" ref="179054005" role=""/>
  <member type="way" ref="1017375432" role=""/>
  <member type="way" ref="380940026" role=""/>
  <member type="way" ref="5030999" role=""/>
  <member type="way" ref="1455531713" role=""/>
  <member type="way" ref="1455531714" role=""/>
  <member type="way" ref="789888876" role=""/>
  <member type="way" ref="645471459" role=""/>
  <member type="way" ref="48919081" role=""/>
  <member type="way" ref="48919085" role=""/>
  <member type="way" ref="5031000" role=""/>
  <member type="way" ref="645471456" role=""/>
  <member type="way" ref="645471455" role=""/>
  <member type="way" ref="513059781" role=""/>
  <member type="way" ref="645471454" role=""/>
  <member type="way" ref="5030998" role=""/>
  <member type="way" ref="51304535" role=""/>
  <member type="way" ref="51304533" role=""/>
  <member type="way" ref="5031002" role=""/>
  <member type="way" ref="51261361" role=""/>
  <member type="way" ref="51261355" role=""/>
  <member type="way" ref="46171363" role=""/>
  <member type="way" ref="46171359" role=""/>
  <member type="way" ref="51285005" role=""/>
  <member type="way" ref="51284997" role=""/>
  <member type="way" ref="380962509" role=""/>
  <member type="way" ref="345735145" role=""/>
  <member type="way" ref="345735147" role=""/>
  <member type="way" ref="68668248" role=""/>
  <member type="way" ref="1315594111" role=""/>
  <member type="way" ref="1315594110" role=""/>
  <member type="way" ref="68668274" role=""/>
  <member type="way" ref="68668278" role=""/>
  <member type="way" ref="68668250" role=""/>
  <member type="way" ref="1360121720" role=""/>
  <member type="way" ref="1360121721" role=""/>
  <member type="way" ref="68668238" role=""/>
  <member type="way" ref="1255335305" role=""/>
  <member type="way" ref="1255335306" role=""/>
  <member type="way" ref="557840239" role=""/>
  <member type="way" ref="1418724894" role=""/>
  <member type="way" ref="557840238" role=""/>
  <member type="way" ref="486387601" role=""/>
  <member type="way" ref="486387598" role=""/>
  <member type="way" ref="557840226" role=""/>
  <member type="way" ref="557840232" role=""/>
  <member type="way" ref="557840220" role=""/>
  <member type="way" ref="810749572" role=""/>
  <member type="way" ref="810749573" role=""/>
  <member type="way" ref="557840219" role=""/>
  <member type="way" ref="486387847" role=""/>
  <member type="way" ref="20333122" role=""/>
  <member type="way" ref="254287235" role=""/>
  <member type="way" ref="254287234" role=""/>
  <member type="way" ref="96312149" role=""/>
  <member type="way" ref="1254670857" role=""/>
  <member type="way" ref="96312118" role=""/>
  <member type="way" ref="1255694337" role=""/>
  <member type="way" ref="1255694336" role=""/>
  <member type="way" ref="1254670854" role=""/>
  <member type="way" ref="1254670853" role=""/>
  <member type="way" ref="96883887" role=""/>
  <member type="way" ref="96883829" role=""/>
  <member type="way" ref="151663449" role=""/>
  <member type="way" ref="1423864754" role=""/>
  <member type="way" ref="151663448" role=""/>
  <member type="way" ref="1304370538" role=""/>
  <member type="way" ref="1304370540" role=""/>
  <member type="way" ref="1304370545" role=""/>
  <member type="way" ref="1304370544" role=""/>
  <member type="way" ref="1304370559" role=""/>
  <member type="way" ref="1304370556" role=""/>
  <member type="way" ref="1304370557" role=""/>
  <member type="way" ref="1304370558" role=""/>
  <member type="way" ref="1304370541" role=""/>
  <member type="way" ref="1304370542" role=""/>
  <member type="way" ref="26432166" role=""/>
  <member type="way" ref="26432167" role=""/>
  <member type="way" ref="1304370565" role=""/>
  <member type="way" ref="1304370566" role=""/>
  <member type="way" ref="224348779" role=""/>
  <member type="way" ref="224348783" role=""/>
  <member type="way" ref="130174930" role=""/>
  <member type="way" ref="130174928" role=""/>
  <member type="way" ref="173469919" role=""/>
  <member type="way" ref="1423869601" role=""/>
  <member type="way" ref="173469920" role=""/>
  <member type="way" ref="96152619" role=""/>
  <member type="way" ref="96152697" role=""/>
  <member type="way" ref="513069435" role=""/>
  <member type="way" ref="96414405" role=""/>
  <member type="way" ref="96414347" role=""/>
  <member type="way" ref="513069439" role=""/>
  <member type="way" ref="123557808" role=""/>
  <member type="way" ref="381351005" role=""/>
  <member type="way" ref="123557802" role=""/>
  <member type="way" ref="96414385" role=""/>
  <member type="way" ref="381350975" role=""/>
  <member type="way" ref="96414427" role=""/>
  <member type="way" ref="381350994" role=""/>
  <member type="way" ref="381350997" role=""/>
  <member type="way" ref="172902462" role=""/>
  <member type="way" ref="172902454" role=""/>
  <member type="way" ref="381350988" role=""/>
  <member type="way" ref="1423987215" role=""/>
  <member type="way" ref="381350967" role=""/>
  <member type="way" ref="381350960" role=""/>
  <member type="way" ref="381351001" role=""/>
  <member type="way" ref="96834911" role=""/>
  <member type="way" ref="96834910" role=""/>
  <member type="way" ref="180824607" role=""/>
  <member type="way" ref="1021764082" role=""/>
  <member type="way" ref="1021764080" role=""/>
  <member type="way" ref="180824603" role=""/>
  <member type="way" ref="953544920" role=""/>
  <member type="way" ref="953544921" role=""/>
  <member type="way" ref="1326152051" role=""/>
  <member type="way" ref="1326152050" role=""/>
  <member type="way" ref="20374295" role=""/>
  <member type="way" ref="96982780" role=""/>
  <member type="way" ref="96982784" role=""/>
  <member type="way" ref="96368920" role=""/>
  <member type="way" ref="96368921" role=""/>
  <member type="way" ref="34329877" role=""/>
  <member type="way" ref="981033799" role=""/>
  <member type="way" ref="981033800" role=""/>
  <member type="way" ref="981033798" role=""/>
  <member type="way" ref="981033797" role=""/>
  <member type="way" ref="34329878" role=""/>
  <member type="way" ref="232446534" role=""/>
  <member type="way" ref="34329879" role=""/>
  <member type="way" ref="232446531" role=""/>
  <member type="way" ref="34329880" role=""/>
  <member type="way" ref="313726402" role=""/>
  <member type="way" ref="313726404" role=""/>
  <member type="way" ref="20381871" role=""/>
  <member type="way" ref="128293917" role=""/>
  <member type="way" ref="112167217" role=""/>
  <member type="way" ref="1466293367" role=""/>
  <member type="way" ref="180873590" role=""/>
  <member type="way" ref="1467976589" role=""/>
  <member type="way" ref="1468868834" role=""/>
  <member type="way" ref="1468868835" role=""/>
  <member type="way" ref="428808156" role=""/>
  <member type="way" ref="1429279912" role=""/>
  <member type="way" ref="1429279913" role=""/>
  <member type="way" ref="8548406" role=""/>
  <member type="way" ref="26257451" role=""/>
  <member type="way" ref="26257452" role=""/>
  <member type="way" ref="429512417" role=""/>
  <member type="way" ref="23077589" role=""/>
  <member type="way" ref="1429279911" role=""/>
  <member type="way" ref="23077590" role=""/>
  <member type="way" ref="26257444" role=""/>
  <member type="way" ref="23077577" role=""/>
  <member type="way" ref="416557429" role=""/>
  <member type="way" ref="108724999" role=""/>
  <member type="way" ref="108725006" role=""/>
  <member type="way" ref="849271942" role=""/>
  <member type="way" ref="930382903" role=""/>
  <member type="way" ref="930382902" role=""/>
  <member type="way" ref="930382913" role=""/>
  <member type="way" ref="96826075" role=""/>
  <member type="way" ref="849271941" role=""/>
  <member type="way" ref="180986220" role=""/>
  <member type="way" ref="180986221" role=""/>
  <member type="way" ref="930382906" role=""/>
  <member type="way" ref="930382898" role=""/>
  <member type="way" ref="180986219" role=""/>
  <member type="way" ref="180986214" role=""/>
  <member type="way" ref="180986213" role=""/>
  <member type="way" ref="930382914" role=""/>
  <member type="way" ref="930382900" role=""/>
  <member type="way" ref="180986217" role=""/>
  <member type="way" ref="930382907" role=""/>
  <member type="way" ref="180986212" role=""/>
  <member type="way" ref="180986210" role=""/>
  <member type="way" ref="930382912" role=""/>
  <member type="way" ref="20382350" role=""/>
  <member type="way" ref="1539576111" role=""/>
  <member type="way" ref="930382901" role=""/>
  <member type="way" ref="180986208" role=""/>
  <member type="way" ref="513083846" role=""/>
  <member type="way" ref="325781355" role=""/>
  <member type="way" ref="325781354" role=""/>
  <member type="way" ref="417329241" role=""/>
  <member type="way" ref="34999068" role=""/>
  <member type="way" ref="449425610" role=""/>
  <member type="way" ref="369127298" role=""/>
  <member type="way" ref="527144204" role=""/>
  <member type="way" ref="1368461496" role=""/>
  <member type="way" ref="1368461497" role=""/>
  <member type="way" ref="34999066" role=""/>
  <member type="way" ref="296662014" role=""/>
  <member type="way" ref="1368463563" role=""/>
  <member type="way" ref="284795665" role=""/>
  <member type="way" ref="252332116" role=""/>
  <member type="way" ref="252332232" role=""/>
  <member type="way" ref="289958973" role=""/>
  <member type="way" ref="284795673" role=""/>
  <member type="way" ref="252332117" role=""/>
  <member type="way" ref="1382976292" role=""/>
  <member type="way" ref="284795649" role=""/>
  <member type="way" ref="325781351" role=""/>
  <member type="way" ref="34954315" role=""/>
  <member type="way" ref="325781345" role=""/>
  <member type="way" ref="20382178" role=""/>
  <member type="way" ref="302105628" role=""/>
  <member type="way" ref="24306075" role=""/>
  <member type="way" ref="382092891" role=""/>
  <member type="way" ref="1432545445" role=""/>
  <member type="way" ref="1432545446" role=""/>
  <member type="way" ref="136858667" role=""/>
  <member type="way" ref="7985933" role=""/>
  <member type="way" ref="416557428" role=""/>
  <member type="way" ref="382092893" role=""/>
  <member type="way" ref="24299792" role=""/>
  <member type="way" ref="24299789" role=""/>
  <member type="way" ref="24576910" role=""/>
  <member type="way" ref="982175415" role=""/>
  <member type="way" ref="982175416" role=""/>
  <member type="way" ref="24576911" role=""/>
  <member type="way" ref="7985935" role=""/>
  <member type="way" ref="5574522" role=""/>
  <member type="way" ref="24346330" role=""/>
  <member type="way" ref="24346329" role=""/>
  <member type="way" ref="23077945" role=""/>
  <member type="way" ref="23077946" role=""/>
  <member type="way" ref="78252910" role=""/>
  <member type="way" ref="78252898" role=""/>
  <member type="way" ref="416557427" role=""/>
  <member type="way" ref="24566347" role=""/>
  <member type="way" ref="24566349" role=""/>
  <member type="way" ref="24566275" role=""/>
  <member type="way" ref="414644021" role=""/>
  <member type="way" ref="414644024" role=""/>
  <member type="way" ref="24566276" role=""/>
  <member type="way" ref="414644041" role=""/>
  <member type="way" ref="416557442" role=""/>
  <member type="way" ref="191051812" role=""/>
  <member type="way" ref="415863928" role=""/>
  <member type="way" ref="27914475" role=""/>
  <member type="way" ref="415863924" role=""/>
  <member type="way" ref="28214064" role=""/>
  <member type="way" ref="986885764" role=""/>
  <member type="way" ref="32469669" role=""/>
  <member type="way" ref="986885762" role=""/>
  <member type="way" ref="429906012" role=""/>
  <member type="way" ref="415863922" role=""/>
  <member type="way" ref="28192866" role=""/>
  <member type="way" ref="907510497" role=""/>
  <member type="way" ref="907510499" role=""/>
  <member type="way" ref="34619710" role=""/>
  <member type="way" ref="1018231117" role=""/>
  <member type="way" ref="1018231118" role=""/>
  <member type="way" ref="26206723" role=""/>
  <member type="way" ref="165952897" role=""/>
  <member type="way" ref="1493940872" role=""/>
  <member type="way" ref="1493940873" role=""/>
  <member type="way" ref="165952902" role=""/>
  <member type="way" ref="812640442" role=""/>
  <member type="way" ref="812640443" role=""/>
  <member type="way" ref="806790014" role=""/>
  <member type="way" ref="806790013" role=""/>
  <member type="way" ref="42704823" role=""/>
  <member type="way" ref="806790012" role=""/>
  <member type="way" ref="806789994" role=""/>
  <member type="way" ref="806861789" role=""/>
  <member type="way" ref="806861791" role=""/>
  <member type="way" ref="806861790" role=""/>
  <member type="way" ref="42704824" role=""/>
  <member type="way" ref="182218283" role=""/>
  <member type="way" ref="182218281" role=""/>
  <member type="way" ref="182218280" role=""/>
  <member type="way" ref="182218285" role=""/>
  <member type="way" ref="1134075867" role=""/>
  <member type="way" ref="1134075866" role=""/>
  <member type="way" ref="1336915914" role=""/>
  <member type="way" ref="1108466792" role=""/>
  <member type="way" ref="34654237" role=""/>
  <member type="way" ref="34654238" role=""/>
  <member type="way" ref="713341031" role=""/>
  <member type="way" ref="23082061" role=""/>
  <member type="way" ref="713341036" role=""/>
  <member type="way" ref="34654622" role=""/>
  <member type="way" ref="34654623" role=""/>
  <member type="way" ref="713341038" role=""/>
  <member type="way" ref="182218277" role=""/>
  <member type="way" ref="1124649982" role=""/>
  <member type="way" ref="1124649983" role=""/>
  <member type="way" ref="1127566740" role=""/>
  <member type="way" ref="1127566741" role=""/>
  <member type="way" ref="182218284" role=""/>
  <member type="way" ref="895698573" role=""/>
  <member type="way" ref="895698574" role=""/>
  <member type="way" ref="1160235557" role=""/>
  <member type="way" ref="1160235556" role=""/>
  <member type="way" ref="895698566" role=""/>
  <member type="way" ref="895698567" role=""/>
  <member type="way" ref="182228051" role=""/>
  <member type="way" ref="182228056" role=""/>
  <member type="way" ref="815710717" role=""/>
  <member type="way" ref="815704854" role=""/>
  <member type="way" ref="815704855" role=""/>
  <member type="way" ref="815704853" role=""/>
  <member type="way" ref="815704852" role=""/>
  <member type="way" ref="815711800" role=""/>
  <member type="way" ref="815701119" role=""/>
  <member type="way" ref="815700972" role=""/>
  <member type="way" ref="815700971" role=""/>
  <member type="way" ref="96198479" role=""/>
  <member type="way" ref="96198358" role=""/>
  <member type="way" ref="276871378" role=""/>
  <member type="way" ref="815697226" role=""/>
  <member type="way" ref="815697224" role=""/>
  <member type="way" ref="815697225" role=""/>
  <member type="way" ref="815697221" role=""/>
  <member type="way" ref="815712843" role=""/>
  <member type="way" ref="276871379" role=""/>
  <member type="way" ref="815712842" role=""/>
  <member type="way" ref="815655921" role=""/>
  <member type="way" ref="815655920" role=""/>
  <member type="way" ref="276871375" role=""/>
  <member type="way" ref="276871374" role=""/>
  <member type="way" ref="815655925" role=""/>
  <member type="way" ref="815655924" role=""/>
  <member type="way" ref="400016271" role=""/>
  <member type="way" ref="400016272" role=""/>
  <member type="way" ref="34656822" role=""/>
  <member type="way" ref="34656824" role=""/>
  <member type="way" ref="806541145" role=""/>
  <member type="way" ref="806176904" role=""/>
  <member type="way" ref="806541144" role=""/>
  <member type="way" ref="815714724" role=""/>
  <member type="way" ref="806176903" role=""/>
  <member type="way" ref="815714723" role=""/>
  <member type="way" ref="806935630" role=""/>
  <member type="way" ref="34659898" role=""/>
  <member type="way" ref="807311679" role=""/>
  <member type="way" ref="807311678" role=""/>
  <member type="way" ref="807311676" role=""/>
  <member type="way" ref="807311680" role=""/>
  <member type="way" ref="807311670" role=""/>
  <member type="way" ref="668036169" role=""/>
  <member type="way" ref="668036170" role=""/>
  <member type="way" ref="807324687" role=""/>
  <member type="way" ref="807324690" role=""/>
  <member type="way" ref="815716749" role=""/>
  <member type="way" ref="807324688" role=""/>
  <member type="way" ref="329668739" role=""/>
  <member type="way" ref="329668741" role=""/>
  <member type="way" ref="95952362" role=""/>
  <member type="way" ref="95952363" role=""/>
  <member type="way" ref="182237478" role=""/>
  <member type="way" ref="807452169" role=""/>
  <member type="way" ref="807452176" role=""/>
  <member type="way" ref="807452175" role=""/>
  <member type="way" ref="807452168" role=""/>
  <member type="way" ref="182237468" role=""/>
  <member type="way" ref="807452170" role=""/>
  <member type="way" ref="807452172" role=""/>
  <member type="way" ref="807452167" role=""/>
  <member type="way" ref="321358857" role=""/>
  <member type="way" ref="807452171" role=""/>
  <member type="way" ref="807459777" role=""/>
  <member type="way" ref="321358852" role=""/>
  <member type="way" ref="62298406" role=""/>
  <member type="way" ref="807459776" role=""/>
  <member type="way" ref="807459775" role=""/>
  <member type="way" ref="807459774" role=""/>
  <member type="way" ref="318732607" role=""/>
  <member type="way" ref="62298409" role=""/>
  <member type="way" ref="62298429" role=""/>
  <member type="way" ref="62298401" role=""/>
  <member type="way" ref="62298423" role=""/>
  <member type="way" ref="813566866" role=""/>
  <member type="way" ref="813566865" role=""/>
  <member type="way" ref="813566867" role=""/>
  <member type="way" ref="319482386" role=""/>
  <member type="way" ref="25956859" role=""/>
  <member type="way" ref="319926407" role=""/>
  <member type="way" ref="815719174" role=""/>
  <member type="way" ref="813582992" role=""/>
  <member type="way" ref="813582990" role=""/>
  <member type="way" ref="813582989" role=""/>
  <member type="way" ref="321358858" role=""/>
  <member type="way" ref="321358879" role=""/>
  <member type="way" ref="813585299" role=""/>
  <member type="way" ref="182237488" role=""/>
  <member type="way" ref="813585298" role=""/>
  <member type="way" ref="64048407" role=""/>
  <member type="way" ref="25962382" role=""/>
  <member type="way" ref="62317269" role=""/>
  <member type="way" ref="1378604177" role=""/>
  <member type="way" ref="64048402" role=""/>
  <member type="way" ref="1427926654" role=""/>
  <member type="way" ref="35421703" role=""/>
  <member type="way" ref="95412983" role=""/>
  <member type="way" ref="95412954" role=""/>
  <member type="way" ref="62362752" role=""/>
  <member type="way" ref="1378000760" role=""/>
  <member type="way" ref="514396518" role=""/>
  <member type="way" ref="1243661492" role=""/>
  <member type="way" ref="1243661491" role=""/>
  <member type="way" ref="532963345" role=""/>
  <member type="way" ref="1427926652" role=""/>
  <member type="way" ref="70595332" role=""/>
  <member type="way" ref="1427494164" role=""/>
  <member type="way" ref="70857943" role=""/>
  <member type="way" ref="197443685" role=""/>
  <member type="way" ref="817277106" role=""/>
  <member type="way" ref="817277101" role=""/>
  <member type="way" ref="817277102" role=""/>
  <member type="way" ref="817277100" role=""/>
  <member type="way" ref="817277103" role=""/>
  <member type="way" ref="817284802" role=""/>
  <member type="way" ref="817284801" role=""/>
  <member type="way" ref="817279447" role=""/>
  <member type="way" ref="817277104" role=""/>
  <member type="way" ref="70864129" role=""/>
  <member type="way" ref="70595330" role=""/>
  <member type="way" ref="70595343" role=""/>
  <member type="way" ref="817320933" role=""/>
  <member type="way" ref="817317861" role=""/>
  <member type="way" ref="817317860" role=""/>
  <member type="way" ref="817318927" role=""/>
  <member type="way" ref="817318926" role=""/>
  <member type="way" ref="817294986" role=""/>
  <member type="way" ref="817318925" role=""/>
  <member type="way" ref="197443683" role=""/>
  <member type="way" ref="817323689" role=""/>
  <member type="way" ref="817323687" role=""/>
  <member type="way" ref="817327351" role=""/>
  <member type="way" ref="817327350" role=""/>
  <member type="way" ref="817647089" role=""/>
  <member type="way" ref="817647088" role=""/>
  <member type="way" ref="817647087" role=""/>
  <member type="way" ref="70595348" role=""/>
  <member type="way" ref="70588080" role=""/>
  <member type="way" ref="70588076" role=""/>
  <member type="way" ref="35560930" role=""/>
  <member type="way" ref="35564430" role=""/>
  <member type="way" ref="817784814" role=""/>
  <member type="way" ref="817796710" role=""/>
  <member type="way" ref="817784813" role=""/>
  <member type="way" ref="817784812" role=""/>
  <member type="way" ref="817784811" role=""/>
  <member type="way" ref="817784810" role=""/>
  <member type="way" ref="817789000" role=""/>
  <member type="way" ref="817816202" role=""/>
  <member type="way" ref="243935056" role=""/>
  <member type="way" ref="817816200" role=""/>
  <member type="way" ref="817816199" role=""/>
  <member type="way" ref="817816201" role=""/>
  <member type="way" ref="817817289" role=""/>
  <member type="way" ref="813985833" role=""/>
  <member type="way" ref="35564435" role=""/>
  <member type="way" ref="35564436" role=""/>
  <member type="way" ref="70881389" role=""/>
  <member type="way" ref="70881394" role=""/>
  <member type="way" ref="70881385" role=""/>
  <member type="way" ref="817839064" role=""/>
  <member type="way" ref="817839063" role=""/>
  <member type="way" ref="817834662" role=""/>
  <member type="way" ref="818002035" role=""/>
  <member type="way" ref="818002034" role=""/>
  <member type="way" ref="818007676" role=""/>
  <member type="way" ref="35564532" role=""/>
  <member type="way" ref="818007675" role=""/>
  <member type="way" ref="35564533" role=""/>
  <member type="way" ref="68273258" role=""/>
  <member type="way" ref="68273256" role=""/>
  <member type="way" ref="68273259" role=""/>
  <member type="way" ref="68273249" role=""/>
  <member type="way" ref="68273254" role=""/>
  <member type="way" ref="987093868" role=""/>
  <member type="way" ref="68273245" role=""/>
  <member type="way" ref="35564553" role=""/>
  <member type="way" ref="68273255" role=""/>
  <member type="way" ref="987093867" role=""/>
  <member type="way" ref="68273240" role=""/>
  <member type="way" ref="818012537" role=""/>
  <member type="way" ref="818012536" role=""/>
  <member type="way" ref="182260926" role=""/>
  <member type="way" ref="907235499" role=""/>
  <member type="way" ref="907235497" role=""/>
  <member type="way" ref="907235500" role=""/>
  <member type="way" ref="907235501" role=""/>
  <member type="way" ref="182260931" role=""/>
  <member type="way" ref="492680466" role=""/>
  <member type="way" ref="818098778" role=""/>
  <member type="way" ref="818098779" role=""/>
  <member type="way" ref="818098781" role=""/>
  <member type="way" ref="818098782" role=""/>
  <member type="way" ref="492680467" role=""/>
  <member type="way" ref="754050323" role=""/>
  <member type="way" ref="754050324" role=""/>
  <member type="way" ref="754050320" role=""/>
  <member type="way" ref="754050316" role=""/>
  <member type="way" ref="754050315" role=""/>
  <member type="way" ref="818098773" role=""/>
  <member type="way" ref="754050313" role=""/>
  <member type="way" ref="818106755" role=""/>
  <member type="way" ref="818106754" role=""/>
  <member type="way" ref="818106756" role=""/>
  <member type="way" ref="818106753" role=""/>
  <member type="way" ref="818106752" role=""/>
  <member type="way" ref="182260924" role=""/>
  <member type="way" ref="818109720" role=""/>
  <member type="way" ref="182260930" role=""/>
  <member type="way" ref="182260928" role=""/>
  <member type="way" ref="818113685" role=""/>
  <member type="way" ref="35796394" role=""/>
  <member type="way" ref="818113682" role=""/>
  <member type="way" ref="818118685" role=""/>
  <member type="way" ref="818118683" role=""/>
  <member type="way" ref="182260934" role=""/>
  <member type="way" ref="818118684" role=""/>
  <member type="way" ref="818118682" role=""/>
  <member type="way" ref="1305898409" role=""/>
  <member type="way" ref="1305898410" role=""/>
  <member type="way" ref="1305898437" role=""/>
  <member type="way" ref="1305898441" role=""/>
  <member type="way" ref="1303829649" role=""/>
  <member type="way" ref="1305898456" role=""/>
  <member type="way" ref="1305898455" role=""/>
  <member type="way" ref="818118681" role=""/>
  <member type="way" ref="819148953" role=""/>
  <member type="way" ref="819155965" role=""/>
  <member type="way" ref="819148952" role=""/>
  <member type="way" ref="819155962" role=""/>
  <member type="way" ref="23317884" role=""/>
  <member type="way" ref="23317883" role=""/>
  <member type="way" ref="68274698" role=""/>
  <member type="way" ref="182423647" role=""/>
  <member type="way" ref="182423649" role=""/>
  <member type="way" ref="757407671" role=""/>
  <member type="way" ref="757407677" role=""/>
  <member type="way" ref="757407672" role=""/>
  <member type="way" ref="182423644" role=""/>
  <member type="way" ref="1304032888" role=""/>
  <member type="way" ref="1306160822" role=""/>
  <member type="way" ref="1306160833" role=""/>
  <member type="way" ref="1306160821" role=""/>
  <member type="way" ref="1306140418" role=""/>
  <member type="way" ref="1306160854" role=""/>
  <member type="way" ref="1306506089" role=""/>
  <member type="way" ref="1304032886" role=""/>
  <member type="way" ref="1306506095" role=""/>
  <member type="way" ref="1304032885" role=""/>
  <member type="way" ref="1305687284" role=""/>
  <member type="way" ref="1305687285" role=""/>
  <member type="way" ref="1304032884" role=""/>
  <member type="way" ref="1304032883" role=""/>
  <member type="way" ref="1304032881" role=""/>
  <member type="way" ref="1304032879" role=""/>
  <member type="way" ref="1304032878" role=""/>
  <member type="way" ref="737672648" role=""/>
  <member type="way" ref="737672646" role=""/>
  <member type="way" ref="68275871" role=""/>
  <member type="way" ref="68275867" role=""/>
  <member type="way" ref="737672647" role=""/>
  <member type="way" ref="225682736" role=""/>
  <member type="way" ref="68275876" role=""/>
  <member type="way" ref="68275873" role=""/>
  <member type="way" ref="1304032191" role=""/>
  <member type="way" ref="1304032188" role=""/>
  <member type="way" ref="1304032187" role=""/>
  <member type="way" ref="1304089544" role=""/>
  <member type="way" ref="225682737" role=""/>
  <member type="way" ref="1304089540" role=""/>
  <member type="way" ref="1304089542" role=""/>
  <member type="way" ref="1304089539" role=""/>
  <member type="way" ref="182423648" role=""/>
  <member type="way" ref="182423646" role=""/>
  <member type="way" ref="182423645" role=""/>
  <member type="way" ref="1304089537" role=""/>
  <member type="way" ref="1304089535" role=""/>
  <member type="way" ref="1304089534" role=""/>
  <member type="way" ref="182423650" role=""/>
  <member type="way" ref="182442409" role=""/>
  <member type="way" ref="182442411" role=""/>
  <member type="way" ref="182442407" role=""/>
  <member type="way" ref="182442408" role=""/>
  <member type="way" ref="182442406" role=""/>
  <member type="way" ref="182442410" role=""/>
  <member type="way" ref="182585884" role=""/>
  <member type="way" ref="182585856" role=""/>
  <member type="way" ref="35796707" role=""/>
  <member type="way" ref="35796706" role=""/>
  <member type="way" ref="23318039" role=""/>
  <member type="way" ref="35796708" role=""/>
  <member type="way" ref="182585901" role=""/>
  <member type="way" ref="35796709" role=""/>
  <member type="way" ref="26263400" role=""/>
  <member type="way" ref="1425025788" role=""/>
  <member type="way" ref="35796710" role=""/>
  <member type="way" ref="303759849" role=""/>
  <member type="way" ref="182585902" role=""/>
  <member type="way" ref="303759850" role=""/>
  <member type="way" ref="443190818" role=""/>
  <member type="way" ref="35796769" role=""/>
  <member type="way" ref="35796770" role=""/>
  <member type="way" ref="182585873" role=""/>
  <member type="way" ref="35796715" role=""/>
  <member type="way" ref="35796716" role=""/>
  <member type="way" ref="1543210332" role=""/>
  <member type="way" ref="1543210331" role=""/>
  <member type="way" ref="496332896" role=""/>
  <member type="way" ref="496332895" role=""/>
  <member type="way" ref="182585870" role=""/>
  <member type="way" ref="182585878" role=""/>
  <member type="way" ref="182585910" role=""/>
  <member type="way" ref="182585883" role=""/>
  <member type="way" ref="182585893" role=""/>
  <member type="way" ref="182585860" role=""/>
  <member type="way" ref="1304089546" role=""/>
  <member type="way" ref="1304089548" role=""/>
  <member type="way" ref="1304089547" role=""/>
  <member type="way" ref="182585897" role=""/>
  <member type="way" ref="35796955" role=""/>
  <member type="way" ref="35796956" role=""/>
  <member type="way" ref="893935672" role=""/>
  <member type="way" ref="893935673" role=""/>
  <member type="way" ref="893935674" role=""/>
  <member type="way" ref="404276299" role=""/>
  <member type="way" ref="743328354" role=""/>
  <member type="way" ref="893935669" role=""/>
  <member type="way" ref="893935668" role=""/>
  <member type="way" ref="743328357" role=""/>
  <member type="way" ref="1081881599" role=""/>
  <member type="way" ref="1081881600" role=""/>
  <member type="way" ref="404276297" role=""/>
  <member type="way" ref="496467932" role=""/>
  <member type="way" ref="894004620" role=""/>
  <member type="way" ref="894004619" role=""/>
  <member type="way" ref="894004621" role=""/>
  <member type="way" ref="894004618" role=""/>
  <member type="way" ref="894004617" role=""/>
  <member type="way" ref="894004614" role=""/>
  <member type="way" ref="182585861" role=""/>
  <member type="way" ref="1082744709" role=""/>
  <member type="way" ref="743459832" role=""/>
  <member type="way" ref="743459829" role=""/>
  <member type="way" ref="743459825" role=""/>
  <member type="way" ref="1082744710" role=""/>
  <member type="way" ref="743459821" role=""/>
  <member type="way" ref="378645069" role=""/>
  <member type="way" ref="378645072" role=""/>
  <member type="way" ref="26263399" role=""/>
  <member type="way" ref="26263388" role=""/>
  <member type="way" ref="378660709" role=""/>
  <member type="way" ref="1082760616" role=""/>
  <member type="way" ref="65049742" role=""/>
  <member type="way" ref="1425991148" role=""/>
  <member type="way" ref="222519498" role=""/>
  <member type="way" ref="438157465" role=""/>
  <member type="way" ref="374838441" role=""/>
  <member type="way" ref="1013878640" role=""/>
  <member type="way" ref="1013878641" role=""/>
  <member type="way" ref="1013878643" role=""/>
  <member type="way" ref="982867230" role=""/>
  <member type="way" ref="1375338273" role=""/>
  <member type="way" ref="1013878638" role=""/>
  <member type="way" ref="1013878639" role=""/>
  <member type="way" ref="374838435" role=""/>
  <member type="way" ref="982867231" role=""/>
  <member type="way" ref="374838439" role=""/>
  <member type="way" ref="982867233" role=""/>
  <member type="way" ref="982867234" role=""/>
  <member type="way" ref="1375338269" role=""/>
  <member type="way" ref="1375338270" role=""/>
  <member type="way" ref="1304378904" role=""/>
  <member type="way" ref="374838432" role=""/>
  <member type="way" ref="1304378907" role=""/>
  <member type="way" ref="1304378910" role=""/>
  <member type="way" ref="1304378911" role=""/>
  <member type="way" ref="220245387" role=""/>
  <member type="way" ref="1208616148" role=""/>
  <member type="way" ref="1208616147" role=""/>
  <member type="way" ref="1240851973" role=""/>
  <member type="way" ref="1241185665" role=""/>
  <member type="way" ref="1241185667" role=""/>
  <member type="way" ref="1241185666" role=""/>
  <member type="way" ref="1240851974" role=""/>
  <member type="way" ref="1108970760" role=""/>
  <member type="way" ref="1304378915" role=""/>
  <member type="way" ref="1304378919" role=""/>
  <member type="way" ref="1108970761" role=""/>
  <member type="way" ref="220245389" role=""/>
  <member type="way" ref="988540844" role=""/>
  <member type="way" ref="988540843" role=""/>
  <member type="way" ref="1304378921" role=""/>
  <member type="way" ref="1304378933" role=""/>
  <member type="way" ref="394423650" role=""/>
  <member type="way" ref="1304378922" role=""/>
  <member type="way" ref="394424271" role=""/>
  <member type="way" ref="1304380169" role=""/>
  <member type="way" ref="1304380168" role=""/>
  <member type="way" ref="1304380170" role=""/>
  <member type="way" ref="1304380171" role=""/>
  <member type="way" ref="1304380174" role=""/>
  <member type="way" ref="487757358" role=""/>
  <member type="way" ref="487757357" role=""/>
  <member type="way" ref="1304380175" role=""/>
  <member type="way" ref="215427236" role=""/>
  <member type="way" ref="1241003242" role=""/>
  <member type="way" ref="696830231" role=""/>
  <member type="way" ref="699205216" role=""/>
  <member type="way" ref="1491059852" role=""/>
  <member type="way" ref="432451193" role=""/>
  <member type="way" ref="593650755" role=""/>
  <member type="way" ref="593650756" role=""/>
  <member type="way" ref="593650754" role=""/>
  <member type="way" ref="432451190" role=""/>
  <member type="way" ref="1241003241" role=""/>
  <member type="way" ref="432451194" role=""/>
  <member type="way" ref="432451195" role=""/>
  <member type="way" ref="1357553189" role=""/>
  <member type="way" ref="215427237" role=""/>
  <member type="way" ref="1304380177" role=""/>
  <member type="way" ref="1304380176" role=""/>
  <member type="way" ref="224485329" role=""/>
  <member type="way" ref="224485332" role=""/>
  <member type="way" ref="1082082201" role=""/>
  <member type="way" ref="224485311" role=""/>
  <member type="way" ref="487757375" role=""/>
  <member type="way" ref="224485325" role=""/>
  <member type="way" ref="487757376" role=""/>
  <member type="way" ref="224485328" role=""/>
  <member type="way" ref="1081879558" role=""/>
  <member type="way" ref="1081879554" role=""/>
  <member type="way" ref="1081879557" role=""/>
  <member type="way" ref="1081879559" role=""/>
  <member type="way" ref="432451192" role=""/>
  <member type="way" ref="1081879561" role=""/>
  <member type="way" ref="1081879560" role=""/>
  <member type="way" ref="432451196" role=""/>
  <member type="way" ref="487951961" role=""/>
  <member type="way" ref="487951962" role=""/>
  <member type="way" ref="432451189" role=""/>
  <member type="way" ref="432451191" role=""/>
  <member type="way" ref="224485315" role=""/>
  <member type="way" ref="1304380984" role=""/>
  <member type="way" ref="1304380981" role=""/>
  <member type="way" ref="1304380985" role=""/>
  <member type="way" ref="1304380986" role=""/>
  <member type="way" ref="224485333" role=""/>
  <member type="way" ref="487951967" role=""/>
  <member type="way" ref="224485312" role=""/>
  <member type="way" ref="487951966" role=""/>
  <member type="way" ref="224485334" role=""/>
  <member type="way" ref="432460751" role=""/>
  <member type="way" ref="224485317" role=""/>
  <member type="way" ref="224485310" role=""/>
  <member type="way" ref="224485322" role=""/>
  <member type="way" ref="260533196" role=""/>
  <member type="way" ref="224485335" role=""/>
  <member type="way" ref="224485316" role=""/>
  <member type="way" ref="260533197" role=""/>
  <member type="way" ref="260533195" role=""/>
  <member type="way" ref="432460755" role=""/>
  <member type="way" ref="432460753" role=""/>
  <member type="way" ref="224485327" role=""/>
  <member type="way" ref="224485318" role=""/>
  <member type="way" ref="224485330" role=""/>
  <member type="way" ref="224485314" role=""/>
  <member type="way" ref="224485331" role=""/>
  <member type="way" ref="224485323" role=""/>
  <member type="way" ref="224485319" role=""/>
  <member type="way" ref="224485321" role=""/>
  <member type="way" ref="224485320" role=""/>
  <member type="way" ref="224485324" role=""/>
  <member type="way" ref="224485313" role=""/>
  <member type="way" ref="224485326" role=""/>
  <member type="way" ref="197863283" role=""/>
  <member type="way" ref="197863282" role=""/>
  <member type="way" ref="222803790" role=""/>
  <member type="way" ref="432460757" role=""/>
  <member type="way" ref="432460747" role=""/>
  <member type="way" ref="222803792" role=""/>
  <member type="way" ref="222803797" role=""/>
  <member type="way" ref="222803793" role=""/>
  <member type="way" ref="432460754" role=""/>
  <member type="way" ref="222803789" role=""/>
  <member type="way" ref="432460756" role=""/>
  <member type="way" ref="222803796" role=""/>
  <member type="way" ref="432460749" role=""/>
  <member type="way" ref="222803794" role=""/>
  <member type="way" ref="432460750" role=""/>
  <member type="way" ref="222803791" role=""/>
  <member type="way" ref="432460752" role=""/>
  <member type="way" ref="372187337" role=""/>
  <member type="way" ref="1420045117" role=""/>
  <member type="way" ref="339127094" role=""/>
  <member type="way" ref="372187338" role=""/>
  <member type="way" ref="222803788" role=""/>
  <member type="way" ref="222803795" role=""/>
  <member type="way" ref="372187240" role=""/>
  <member type="way" ref="1340794608" role=""/>
  <member type="way" ref="1340794607" role=""/>
  <member type="way" ref="197863279" role=""/>
  <member type="way" ref="197863280" role=""/>
  <member type="way" ref="796892798" role=""/>
  <member type="way" ref="796892795" role=""/>
  <member type="way" ref="25773133" role=""/>
  <member type="way" ref="758155238" role=""/>
  <member type="way" ref="758155237" role=""/>
  <member type="way" ref="25773132" role=""/>
  <member type="way" ref="886237255" role=""/>
  <member type="way" ref="570606173" role=""/>
  <member type="way" ref="1300352180" role=""/>
  <member type="way" ref="1300352179" role=""/>
  <member type="way" ref="180254058" role=""/>
  <member type="way" ref="206327545" role=""/>
  <member type="way" ref="1234833185" role=""/>
  <member type="way" ref="1234833184" role=""/>
  <member type="way" ref="206327538" role=""/>
  <member type="way" ref="209879714" role=""/>
  <member type="way" ref="432460748" role=""/>
  <member type="way" ref="432460745" role=""/>
  <member type="way" ref="197863281" role=""/>
  <member type="way" ref="198437558" role=""/>
  <member type="way" ref="1148066501" role=""/>
  <member type="way" ref="1148066497" role=""/>
  <member type="way" ref="1148066500" role=""/>
  <member type="way" ref="1234839078" role=""/>
  <member type="way" ref="1234839077" role=""/>
  <member type="way" ref="198437553" role=""/>
  <member type="way" ref="509078846" role=""/>
  <member type="way" ref="509078845" role=""/>
  <member type="way" ref="509078843" role=""/>
  <member type="way" ref="509078842" role=""/>
  <member type="way" ref="501037594" role=""/>
  <member type="way" ref="432462110" role=""/>
  <member type="way" ref="501037595" role=""/>
  <member type="way" ref="198414685" role=""/>
  <member type="way" ref="901363047" role=""/>
  <member type="way" ref="532145518" role=""/>
  <member type="way" ref="901363052" role=""/>
  <member type="way" ref="532145517" role=""/>
  <member type="way" ref="1234934981" role=""/>
  <member type="way" ref="198414680" role=""/>
  <member type="way" ref="366965372" role=""/>
  <member type="way" ref="432462109" role=""/>
  <member type="way" ref="432462105" role=""/>
  <member type="way" ref="501027798" role=""/>
  <member type="way" ref="501027799" role=""/>
  <member type="way" ref="366965371" role=""/>
  <member type="way" ref="501027800" role=""/>
  <member type="way" ref="501027802" role=""/>
  <member type="way" ref="501027807" role=""/>
  <member type="way" ref="501027812" role=""/>
  <member type="way" ref="501027858" role=""/>
  <member type="way" ref="501027841" role=""/>
  <member type="way" ref="532145521" role=""/>
  <member type="way" ref="964005304" role=""/>
  <member type="way" ref="1418002201" role=""/>
  <member type="way" ref="509083885" role=""/>
  <member type="way" ref="501027819" role=""/>
  <member type="way" ref="532145522" role=""/>
  <member type="way" ref="501027825" role=""/>
  <member type="way" ref="1234955107" role=""/>
  <member type="way" ref="372187238" role=""/>
  <member type="way" ref="501027830" role=""/>
  <member type="way" ref="501027831" role=""/>
  <member type="way" ref="700083254" role=""/>
  <member type="way" ref="698164640" role=""/>
  <member type="way" ref="698164637" role=""/>
  <member type="way" ref="501027832" role=""/>
  <member type="way" ref="1411592431" role=""/>
  <member type="way" ref="501027834" role=""/>
  <member type="way" ref="501027835" role=""/>
  <member type="way" ref="501027836" role=""/>
  <member type="way" ref="501027860" role=""/>
  <member type="way" ref="509139747" role=""/>
  <member type="way" ref="501027833" role=""/>
  <member type="way" ref="501027859" role=""/>
  <member type="way" ref="509139746" role=""/>
  <member type="way" ref="432462106" role=""/>
  <member type="way" ref="283160716" role=""/>
  <member type="way" ref="432462108" role=""/>
  <member type="way" ref="283160717" role=""/>
  <member type="way" ref="501027839" role=""/>
  <member type="way" ref="501027840" role=""/>
  <member type="way" ref="501027843" role=""/>
  <member type="way" ref="1304380987" role=""/>
  <member type="way" ref="501027844" role=""/>
  <member type="way" ref="501027845" role=""/>
  <member type="way" ref="501027846" role=""/>
  <member type="way" ref="501027847" role=""/>
  <member type="way" ref="180254057" role=""/>
  <member type="way" ref="180254059" role=""/>
  <member type="way" ref="700164970" role=""/>
  <member type="way" ref="700164969" role=""/>
  <member type="way" ref="501027848" role=""/>
  <member type="way" ref="501027855" role=""/>
  <member type="way" ref="501027856" role=""/>
  <member type="way" ref="501027857" role=""/>
  <member type="way" ref="283160714" role=""/>
  <member type="way" ref="283160715" role=""/>
  <member type="way" ref="283160712" role=""/>
  <member type="way" ref="283160713" role=""/>
  <member type="way" ref="283160711" role=""/>
  <member type="way" ref="500899992" role=""/>
  <member type="way" ref="500899991" role=""/>
  <member type="way" ref="500899994" role=""/>
  <member type="way" ref="500899990" role=""/>
  <member type="way" ref="500899993" role=""/>
  <member type="way" ref="283160710" role=""/>
  <member type="way" ref="509140975" role=""/>
  <member type="way" ref="509140974" role=""/>
  <member type="way" ref="500899995" role=""/>
  <member type="way" ref="500900000" role=""/>
  <member type="way" ref="500900002" role=""/>
  <member type="way" ref="80597286" role=""/>
  <member type="way" ref="500900006" role=""/>
  <member type="way" ref="500900008" role=""/>
  <member type="way" ref="500900009" role=""/>
  <member type="way" ref="500900011" role=""/>
  <member type="way" ref="500900010" role=""/>
  <member type="way" ref="80597288" role=""/>
  <member type="way" ref="1301468022" role=""/>
  <member type="way" ref="500889869" role=""/>
  <member type="way" ref="372187239" role=""/>
  <member type="way" ref="254317008" role=""/>
  <member type="way" ref="254317009" role=""/>
  <member type="way" ref="435564761" role=""/>
  <member type="way" ref="372187241" role=""/>
  <member type="way" ref="435564768" role=""/>
  <member type="way" ref="23678075" role=""/>
  <member type="way" ref="239279848" role=""/>
  <member type="way" ref="239279849" role=""/>
  <member type="way" ref="154527472" role=""/>
  <member type="way" ref="1220547398" role=""/>
  <member type="way" ref="435564764" role=""/>
  <member type="way" ref="1240378021" role=""/>
  <member type="way" ref="500864905" role=""/>
  <member type="way" ref="500864904" role=""/>
  <member type="way" ref="297493763" role=""/>
  <member type="way" ref="1240378025" role=""/>
  <member type="way" ref="500864909" role=""/>
  <member type="way" ref="500864911" role=""/>
  <member type="way" ref="500864913" role=""/>
  <member type="way" ref="297493762" role=""/>
  <member type="way" ref="274920996" role=""/>
  <member type="way" ref="274920997" role=""/>
  <member type="way" ref="500864917" role=""/>
  <member type="way" ref="500864924" role=""/>
  <member type="way" ref="532150501" role=""/>
  <member type="way" ref="500864921" role=""/>
  <member type="way" ref="500864919" role=""/>
  <member type="way" ref="232937633" role=""/>
  <member type="way" ref="500864926" role=""/>
  <member type="way" ref="500799346" role=""/>
  <member type="way" ref="509143236" role=""/>
  <member type="way" ref="500799347" role=""/>
  <member type="way" ref="432612925" role=""/>
  <member type="way" ref="232937634" role=""/>
  <member type="way" ref="982837404" role=""/>
  <member type="way" ref="578166399" role=""/>
  <member type="way" ref="679139332" role=""/>
  <member type="way" ref="509210807" role=""/>
  <member type="way" ref="554626226" role=""/>
  <member type="way" ref="509210806" role=""/>
  <member type="way" ref="169602394" role=""/>
  <member type="way" ref="500799355" role=""/>
  <member type="way" ref="34984473" role=""/>
  <member type="way" ref="157748870" role=""/>
  <member type="way" ref="1240553027" role=""/>
  <member type="way" ref="1240553019" role=""/>
  <member type="way" ref="679139329" role=""/>
  <member type="way" ref="1240553026" role=""/>
  <member type="way" ref="34984466" role=""/>
  <member type="way" ref="500799361" role=""/>
  <member type="way" ref="500799357" role=""/>
  <member type="way" ref="500799362" role=""/>
  <member type="way" ref="122775155" role=""/>
  <member type="way" ref="500799363" role=""/>
  <member type="way" ref="500799364" role=""/>
  <member type="way" ref="169665731" role=""/>
  <member type="way" ref="968206009" role=""/>
  <member type="way" ref="509222957" role=""/>
  <member type="way" ref="122775150" role=""/>
  <member type="way" ref="122775137" role=""/>
  <member type="way" ref="1240553021" role=""/>
  <member type="way" ref="1240245468" role=""/>
  <member type="way" ref="122775149" role=""/>
  <member type="way" ref="432614926" role=""/>
  <member type="way" ref="500751099" role=""/>
  <member type="way" ref="122775129" role=""/>
  <member type="way" ref="500751100" role=""/>
  <member type="way" ref="1273633799" role=""/>
  <member type="way" ref="1273633798" role=""/>
  <member type="way" ref="532417443" role=""/>
  <member type="way" ref="500751101" role=""/>
  <member type="way" ref="509222949" role=""/>
  <member type="way" ref="500751102" role=""/>
  <member type="way" ref="509222947" role=""/>
  <member type="way" ref="500751105" role=""/>
  <member type="way" ref="432614927" role=""/>
  <member type="way" ref="500751103" role=""/>
  <member type="way" ref="500751107" role=""/>
  <member type="way" ref="532414097" role=""/>
  <member type="way" ref="132615740" role=""/>
  <member type="way" ref="500751108" role=""/>
  <member type="way" ref="500751109" role=""/>
  <member type="way" ref="432619921" role=""/>
  <member type="way" ref="132615741" role=""/>
  <member type="way" ref="500751110" role=""/>
  <member type="way" ref="500751111" role=""/>
  <member type="way" ref="500735920" role=""/>
  <member type="way" ref="500735921" role=""/>
  <member type="way" ref="500735922" role=""/>
  <member type="way" ref="500735923" role=""/>
  <member type="way" ref="432619929" role=""/>
  <member type="way" ref="509222944" role=""/>
  <member type="way" ref="384308927" role=""/>
  <member type="way" ref="983316904" role=""/>
  <member type="way" ref="384308929" role=""/>
  <member type="way" ref="384308922" role=""/>
  <member type="way" ref="500731483" role=""/>
  <member type="way" ref="189332052" role=""/>
  <member type="way" ref="432619922" role=""/>
  <member type="way" ref="189332053" role=""/>
  <member type="way" ref="500731488" role=""/>
  <member type="way" ref="500731498" role=""/>
  <member type="way" ref="500731503" role=""/>
  <member type="way" ref="500731511" role=""/>
  <member type="way" ref="500731516" role=""/>
  <member type="way" ref="500725363" role=""/>
  <member type="way" ref="500725366" role=""/>
  <member type="way" ref="1212556923" role=""/>
  <member type="way" ref="500725370" role=""/>
  <member type="way" ref="500725372" role=""/>
  <member type="way" ref="1147958570" role=""/>
  <member type="way" ref="500725380" role=""/>
  <member type="way" ref="500725374" role=""/>
  <member type="way" ref="1147958568" role=""/>
  <member type="way" ref="500725385" role=""/>
  <member type="way" ref="500725389" role=""/>
  <member type="way" ref="500725393" role=""/>
  <member type="way" ref="1262238850" role=""/>
  <member type="way" ref="1262238851" role=""/>
  <member type="way" ref="500725396" role=""/>
  <member type="way" ref="500725400" role=""/>
  <member type="way" ref="500725407" role=""/>
  <member type="way" ref="500725410" role=""/>
  <member type="way" ref="500725403" role=""/>
  <member type="way" ref="509283452" role=""/>
  <member type="way" ref="500725416" role=""/>
  <member type="way" ref="500725419" role=""/>
  <member type="way" ref="132615739" role=""/>
  <member type="way" ref="500712289" role=""/>
  <member type="way" ref="132402711" role=""/>
  <member type="way" ref="500712290" role=""/>
  <member type="way" ref="500712291" role=""/>
  <member type="way" ref="1147954759" role=""/>
  <member type="way" ref="500712292" role=""/>
  <member type="way" ref="500712295" role=""/>
  <member type="way" ref="500712297" role=""/>
  <member type="way" ref="500712298" role=""/>
  <member type="way" ref="333537485" role=""/>
  <member type="way" ref="527522846" role=""/>
  <member type="way" ref="333537486" role=""/>
  <member type="way" ref="500712300" role=""/>
  <member type="way" ref="500712299" role=""/>
  <member type="way" ref="132402710" role=""/>
  <member type="way" ref="532417439" role=""/>
  <member type="way" ref="500712301" role=""/>
  <member type="way" ref="500712302" role=""/>
  <member type="way" ref="364438414" role=""/>
  <member type="way" ref="364406988" role=""/>
  <member type="way" ref="509288434" role=""/>
  <member type="way" ref="509288441" role=""/>
  <member type="way" ref="500712303" role=""/>
  <member type="way" ref="432619927" role=""/>
  <member type="way" ref="983847202" role=""/>
  <member type="way" ref="432619923" role=""/>
  <member type="way" ref="364406987" role=""/>
  <member type="way" ref="48470458" role=""/>
  <member type="way" ref="34983466" role=""/>
  <member type="way" ref="34983472" role=""/>
  <member type="way" ref="500712305" role=""/>
  <member type="way" ref="1212963907" role=""/>
  <member type="way" ref="500712307" role=""/>
  <member type="way" ref="500712309" role=""/>
  <member type="way" ref="500712308" role=""/>
  <member type="way" ref="337257142" role=""/>
  <member type="way" ref="1300544344" role=""/>
  <member type="way" ref="1240137062" role=""/>
  <member type="way" ref="1240137063" role=""/>
  <member type="way" ref="983847201" role=""/>
  <member type="way" ref="291877845" role=""/>
  <member type="way" ref="500712316" role=""/>
  <member type="way" ref="432619934" role=""/>
  <member type="way" ref="432619930" role=""/>
  <member type="way" ref="509392302" role=""/>
  <member type="way" ref="500632212" role=""/>
  <member type="way" ref="432619931" role=""/>
  <member type="way" ref="132935424" role=""/>
  <member type="way" ref="132935412" role=""/>
  <member type="way" ref="132935429" role=""/>
  <member type="way" ref="500632213" role=""/>
  <member type="way" ref="509402859" role=""/>
  <member type="way" ref="432619933" role=""/>
  <member type="way" ref="132935410" role=""/>
  <member type="way" ref="500534270" role=""/>
  <member type="way" ref="1300451295" role=""/>
  <member type="way" ref="500534266" role=""/>
  <member type="way" ref="956331049" role=""/>
  <member type="way" ref="527518294" role=""/>
  <member type="way" ref="500534262" role=""/>
  <member type="way" ref="294394011" role=""/>
  <member type="way" ref="500534279" role=""/>
  <member type="way" ref="500534274" role=""/>
  <member type="way" ref="500534278" role=""/>
  <member type="way" ref="500534276" role=""/>
  <member type="way" ref="294338703" role=""/>
  <member type="way" ref="500534280" role=""/>
  <member type="way" ref="905611264" role=""/>
  <member type="way" ref="987093862" role=""/>
  <member type="way" ref="987093861" role=""/>
  <member type="way" ref="905611261" role=""/>
  <member type="way" ref="294321419" role=""/>
  <member type="way" ref="987093860" role=""/>
  <member type="way" ref="294321410" role=""/>
  <member type="way" ref="294321405" role=""/>
  <member type="way" ref="294321411" role=""/>
  <member type="way" ref="987093863" role=""/>
  <member type="way" ref="500470457" role=""/>
  <member type="way" ref="987093864" role=""/>
  <member type="way" ref="987093865" role=""/>
  <member type="way" ref="905611265" role=""/>
  <member type="way" ref="294321387" role=""/>
  <member type="way" ref="1147869591" role=""/>
  <member type="way" ref="1147864294" role=""/>
  <member type="way" ref="500467993" role=""/>
  <member type="way" ref="294157173" role=""/>
  <member type="way" ref="500467992" role=""/>
  <member type="way" ref="1147870553" role=""/>
  <member type="way" ref="500467994" role=""/>
  <member type="way" ref="1147869590" role=""/>
  <member type="way" ref="577865341" role=""/>
  <member type="way" ref="577865339" role=""/>
  <member type="way" ref="577865340" role=""/>
  <member type="way" ref="1261801427" role=""/>
  <member type="way" ref="1261801428" role=""/>
  <member type="way" ref="294157169" role=""/>
  <member type="way" ref="432619926" role=""/>
  <member type="way" ref="500464948" role=""/>
  <member type="way" ref="432619928" role=""/>
  <member type="way" ref="432619935" role=""/>
  <member type="way" ref="500464949" role=""/>
  <member type="way" ref="500464951" role=""/>
  <member type="way" ref="1300289590" role=""/>
  <member type="way" ref="1300289591" role=""/>
  <member type="way" ref="898166160" role=""/>
  <member type="way" ref="898166159" role=""/>
  <member type="way" ref="132402709" role=""/>
  <member type="way" ref="500464952" role=""/>
  <member type="way" ref="1301726633" role=""/>
  <member type="way" ref="1261801922" role=""/>
  <member type="way" ref="1356693926" role=""/>
  <member type="way" ref="1301726632" role=""/>
  <member type="way" ref="1261801921" role=""/>
  <member type="way" ref="500438208" role=""/>
  <member type="way" ref="128296749" role=""/>
  <member type="way" ref="1552753161" role=""/>
  <member type="way" ref="1355693964" role=""/>
  <member type="way" ref="500433360" role=""/>
  <member type="way" ref="500433359" role=""/>
  <member type="way" ref="500433361" role=""/>
  <member type="way" ref="76449715" role=""/>
  <member type="way" ref="268112184" role=""/>
  <member type="way" ref="500433362" role=""/>
  <member type="way" ref="268112187" role=""/>
  <member type="way" ref="948146046" role=""/>
  <member type="way" ref="948151934" role=""/>
  <member type="way" ref="948151936" role=""/>
  <member type="way" ref="948151935" role=""/>
  <member type="way" ref="25560434" role=""/>
  <member type="way" ref="845740330" role=""/>
  <member type="way" ref="983667087" role=""/>
  <member type="way" ref="173118631" role=""/>
  <member type="way" ref="157746816" role=""/>
  <member type="way" ref="229638925" role=""/>
  <member type="way" ref="500415344" role=""/>
  <member type="way" ref="500415341" role=""/>
  <member type="way" ref="500415343" role=""/>
  <member type="way" ref="229638926" role=""/>
  <member type="way" ref="500415345" role=""/>
  <member type="way" ref="500400128" role=""/>
  <member type="way" ref="78460223" role=""/>
  <member type="way" ref="500400130" role=""/>
  <member type="way" ref="78460219" role=""/>
  <member type="way" ref="234302222" role=""/>
  <member type="way" ref="500400131" role=""/>
  <member type="way" ref="500400132" role=""/>
  <member type="way" ref="509461934" role=""/>
  <member type="way" ref="938875846" role=""/>
  <member type="way" ref="234302221" role=""/>
  <member type="way" ref="500400133" role=""/>
  <member type="way" ref="500400134" role=""/>
  <member type="way" ref="500400135" role=""/>
  <member type="way" ref="240383782" role=""/>
  <member type="way" ref="75804257" role=""/>
  <member type="way" ref="75804259" role=""/>
  <member type="way" ref="240862355" role=""/>
  <member type="way" ref="599653403" role=""/>
  <member type="way" ref="253131846" role=""/>
  <member type="way" ref="1220357225" role=""/>
  <member type="way" ref="1220357224" role=""/>
  <member type="way" ref="1076615195" role=""/>
  <member type="way" ref="1125654391" role=""/>
  <member type="way" ref="584866291" role=""/>
  <member type="way" ref="888090383" role=""/>
  <member type="way" ref="888090382" role=""/>
  <member type="way" ref="1220357235" role=""/>
  <member type="way" ref="1526317097" role=""/>
  <member type="way" ref="584865200" role=""/>
  <member type="way" ref="1076615196" role=""/>
  <member type="way" ref="888090380" role=""/>
  <member type="way" ref="1220357237" role=""/>
  <member type="way" ref="888090381" role=""/>
  <member type="way" ref="233209200" role=""/>
  <member type="way" ref="510708171" role=""/>
  <member type="way" ref="500362702" role=""/>
  <member type="way" ref="233209201" role=""/>
  <member type="way" ref="983667084" role=""/>
  <member type="way" ref="155271638" role=""/>
  <member type="way" ref="500331313" role=""/>
  <member type="way" ref="81973226" role=""/>
  <member type="way" ref="1098098472" role=""/>
  <member type="way" ref="500331316" role=""/>
  <member type="way" ref="500331318" role=""/>
  <member type="way" ref="500331319" role=""/>
  <member type="way" ref="500331321" role=""/>
  <member type="way" ref="81973203" role=""/>
  <member type="way" ref="25694025" role=""/>
  <member type="way" ref="500331323" role=""/>
  <member type="way" ref="500331325" role=""/>
  <member type="way" ref="500331326" role=""/>
  <member type="way" ref="500331327" role=""/>
  <member type="way" ref="500331331" role=""/>
  <member type="way" ref="500331333" role=""/>
  <member type="way" ref="25559988" role=""/>
  <member type="way" ref="987200909" role=""/>
  <member type="way" ref="25559949" role=""/>
  <member type="way" ref="500331341" role=""/>
  <member type="way" ref="500331343" role=""/>
  <member type="way" ref="59344151" role=""/>
  <member type="way" ref="500268730" role=""/>
  <member type="way" ref="500268725" role=""/>
  <member type="way" ref="387988988" role=""/>
  <member type="way" ref="500268723" role=""/>
  <member type="way" ref="500268726" role=""/>
  <member type="way" ref="500268731" role=""/>
  <member type="way" ref="500268732" role=""/>
  <member type="way" ref="500268729" role=""/>
  <member type="way" ref="500268736" role=""/>
  <member type="way" ref="500268733" role=""/>
  <member type="way" ref="500268734" role=""/>
  <member type="way" ref="500268735" role=""/>
  <member type="way" ref="500185691" role=""/>
  <member type="way" ref="500268737" role=""/>
  <member type="way" ref="957431162" role=""/>
  <member type="way" ref="500268738" role=""/>
  <member type="way" ref="500268739" role=""/>
  <member type="way" ref="500268751" role=""/>
  <member type="way" ref="500268748" role=""/>
  <member type="way" ref="500268750" role=""/>
  <member type="way" ref="500268741" role=""/>
  <member type="way" ref="500268749" role=""/>
  <member type="way" ref="388014928" role=""/>
  <member type="way" ref="509624031" role=""/>
  <member type="way" ref="500268753" role=""/>
  <member type="way" ref="500268757" role=""/>
  <member type="way" ref="509638672" role=""/>
  <member type="way" ref="500268756" role=""/>
  <member type="way" ref="388014929" role=""/>
  <member type="way" ref="388016616" role=""/>
  <member type="way" ref="388016617" role=""/>
  <member type="way" ref="509638671" role=""/>
  <member type="way" ref="500219923" role=""/>
  <member type="way" ref="388018642" role=""/>
  <member type="way" ref="509638667" role=""/>
  <member type="way" ref="312392215" role=""/>
  <member type="way" ref="312392214" role=""/>
  <member type="way" ref="312392208" role=""/>
  <member type="way" ref="312392209" role=""/>
  <member type="way" ref="312392213" role=""/>
  <member type="way" ref="509638666" role=""/>
  <member type="way" ref="312392210" role=""/>
  <member type="way" ref="388018644" role=""/>
  <member type="way" ref="500219926" role=""/>
  <member type="way" ref="135021156" role=""/>
  <member type="way" ref="500219927" role=""/>
  <member type="way" ref="135021160" role=""/>
  <member type="way" ref="1381636005" role=""/>
  <member type="way" ref="188134372" role=""/>
  <member type="way" ref="500219929" role=""/>
  <member type="way" ref="500219930" role=""/>
  <member type="way" ref="500185686" role=""/>
  <member type="way" ref="500185688" role=""/>
  <member type="way" ref="500185687" role=""/>
  <member type="way" ref="500185689" role=""/>
  <member type="way" ref="500185690" role=""/>
  <member type="way" ref="500185694" role=""/>
  <member type="way" ref="500175665" role=""/>
  <member type="way" ref="8112066" role=""/>
  <member type="way" ref="500175663" role=""/>
  <member type="way" ref="335374794" role=""/>
  <member type="way" ref="8112064" role=""/>
  <member type="way" ref="500175662" role=""/>
  <member type="way" ref="292044057" role=""/>
  <member type="way" ref="1498225261" role=""/>
  <member type="way" ref="1498225262" role=""/>
  <member type="way" ref="25469073" role=""/>
  <member type="way" ref="8112076" role=""/>
  <member type="way" ref="987200907" role=""/>
  <member type="way" ref="25799275" role=""/>
  <member type="way" ref="500160837" role=""/>
  <member type="way" ref="142661097" role=""/>
  <member type="way" ref="142661094" role=""/>
  <member type="way" ref="289022650" role=""/>
  <member type="way" ref="289022647" role=""/>
  <member type="way" ref="292044054" role=""/>
  <member type="way" ref="500103846" role=""/>
  <member type="way" ref="500103845" role=""/>
  <member type="way" ref="292044053" role=""/>
  <member type="way" ref="500103844" role=""/>
  <member type="way" ref="500070680" role=""/>
  <member type="way" ref="500103843" role=""/>
  <member type="way" ref="500070679" role=""/>
  <member type="way" ref="25469150" role=""/>
  <member type="way" ref="500070717" role=""/>
  <member type="way" ref="60127056" role=""/>
  <member type="way" ref="500070715" role=""/>
  <member type="way" ref="500070720" role=""/>
  <member type="way" ref="500070711" role=""/>
  <member type="way" ref="500070709" role=""/>
  <member type="way" ref="500070728" role=""/>
  <member type="way" ref="500070727" role=""/>
  <member type="way" ref="499918285" role=""/>
  <member type="way" ref="499919937" role=""/>
  <member type="way" ref="499919938" role=""/>
  <member type="way" ref="499918281" role=""/>
  <member type="way" ref="509684068" role=""/>
  <member type="way" ref="25504222" role=""/>
  <member type="way" ref="509684067" role=""/>
  <member type="way" ref="509745063" role=""/>
  <member type="way" ref="509745057" role=""/>
  <member type="way" ref="499918288" role=""/>
  <member type="way" ref="499918290" role=""/>
  <member type="way" ref="499918291" role=""/>
  <member type="way" ref="619276000" role=""/>
  <member type="way" ref="499918289" role=""/>
  <member type="way" ref="96378643" role=""/>
  <member type="way" ref="96378644" role=""/>
  <member type="way" ref="499918299" role=""/>
  <member type="way" ref="57069146" role=""/>
  <member type="way" ref="57069144" role=""/>
  <member type="way" ref="94731995" role=""/>
  <member type="way" ref="94732016" role=""/>
  <member type="way" ref="56685688" role=""/>
  <member type="way" ref="56685694" role=""/>
  <member type="way" ref="184997066" role=""/>
  <member type="way" ref="184997044" role=""/>
  <member type="way" ref="184997053" role=""/>
  <member type="way" ref="147512228" role=""/>
  <member type="way" ref="816814131" role=""/>
  <member type="way" ref="816814130" role=""/>
  <member type="way" ref="499899985" role=""/>
  <member type="way" ref="499899986" role=""/>
  <member type="way" ref="499899991" role=""/>
  <member type="way" ref="184997043" role=""/>
  <member type="way" ref="94732021" role=""/>
  <member type="way" ref="292050924" role=""/>
  <member type="way" ref="274858372" role=""/>
  <member type="way" ref="274858377" role=""/>
  <member type="way" ref="499895101" role=""/>
  <member type="way" ref="509776864" role=""/>
  <member type="way" ref="499895102" role=""/>
  <member type="way" ref="499895111" role=""/>
  <member type="way" ref="499895117" role=""/>
  <member type="way" ref="499895124" role=""/>
  <member type="way" ref="290292224" role=""/>
  <member type="way" ref="147512230" role=""/>
  <member type="way" ref="300795179" role=""/>
  <member type="way" ref="499895148" role=""/>
  <member type="way" ref="499895138" role=""/>
  <member type="way" ref="499895139" role=""/>
  <member type="way" ref="499895143" role=""/>
  <member type="way" ref="300795177" role=""/>
  <member type="way" ref="499883785" role=""/>
  <member type="way" ref="499883786" role=""/>
  <member type="way" ref="499883780" role=""/>
  <member type="way" ref="499883781" role=""/>
  <member type="way" ref="499883818" role=""/>
  <member type="way" ref="499883794" role=""/>
  <member type="way" ref="509794246" role=""/>
  <member type="way" ref="499883795" role=""/>
  <member type="way" ref="499883800" role=""/>
  <member type="way" ref="499883801" role=""/>
  <member type="way" ref="499883910" role=""/>
  <member type="way" ref="499883845" role=""/>
  <member type="way" ref="499883852" role=""/>
  <member type="way" ref="499883895" role=""/>
  <member type="way" ref="499883887" role=""/>
  <member type="way" ref="499857795" role=""/>
  <member type="way" ref="499857776" role=""/>
  <member type="way" ref="499857782" role=""/>
  <member type="way" ref="499857789" role=""/>
  <member type="way" ref="499857794" role=""/>
  <member type="way" ref="300917242" role=""/>
  <member type="way" ref="499850500" role=""/>
  <member type="way" ref="499850503" role=""/>
  <member type="way" ref="499850502" role=""/>
  <member type="way" ref="323641319" role=""/>
  <member type="way" ref="509805386" role=""/>
  <member type="way" ref="285299953" role=""/>
  <member type="way" ref="142047011" role=""/>
  <member type="way" ref="142047013" role=""/>
  <member type="way" ref="499850508" role=""/>
  <member type="way" ref="499850509" role=""/>
  <member type="way" ref="323459498" role=""/>
  <member type="way" ref="499850514" role=""/>
  <member type="way" ref="499850522" role=""/>
  <member type="way" ref="285299964" role=""/>
  <member type="way" ref="499831794" role=""/>
  <member type="way" ref="509811598" role=""/>
  <member type="way" ref="499831800" role=""/>
  <member type="way" ref="499831802" role=""/>
  <member type="way" ref="26405506" role=""/>
  <member type="way" ref="97289337" role=""/>
  <member type="way" ref="499828049" role=""/>
  <member type="way" ref="499828038" role=""/>
  <member type="way" ref="499828041" role=""/>
  <member type="way" ref="499828045" role=""/>
  <member type="way" ref="499828046" role=""/>
  <member type="way" ref="499828048" role=""/>
  <member type="way" ref="499828067" role=""/>
  <member type="way" ref="499828063" role=""/>
  <member type="way" ref="97293402" role=""/>
  <member type="way" ref="499828085" role=""/>
  <member type="way" ref="499828086" role=""/>
  <member type="way" ref="499805001" role=""/>
  <member type="way" ref="499805005" role=""/>
  <member type="way" ref="207077982" role=""/>
  <member type="way" ref="207077985" role=""/>
  <member type="way" ref="32807573" role=""/>
  <member type="way" ref="32807575" role=""/>
  <member type="way" ref="499805008" role=""/>
  <member type="way" ref="26405512" role=""/>
  <member type="way" ref="499805021" role=""/>
  <member type="way" ref="499805019" role=""/>
  <member type="way" ref="499721362" role=""/>
  <member type="way" ref="499721361" role=""/>
  <member type="way" ref="85030174" role=""/>
  <member type="way" ref="115924307" role=""/>
  <member type="way" ref="115924304" role=""/>
  <member type="way" ref="115924306" role=""/>
  <member type="way" ref="499721363" role=""/>
  <member type="way" ref="115924305" role=""/>
  <member type="way" ref="149118851" role=""/>
  <member type="way" ref="397313806" role=""/>
  <member type="way" ref="499721371" role=""/>
  <member type="way" ref="85030172" role=""/>
  <member type="way" ref="499721369" role=""/>
  <member type="way" ref="397313804" role=""/>
  <member type="way" ref="23053025" role=""/>
  <member type="way" ref="397313803" role=""/>
  <member type="way" ref="397313802" role=""/>
  <member type="way" ref="397313807" role=""/>
  <member type="way" ref="397313805" role=""/>
  <member type="way" ref="397983056" role=""/>
  <member type="way" ref="397983058" role=""/>
  <member type="way" ref="397983060" role=""/>
  <member type="way" ref="397983057" role=""/>
  <member type="way" ref="397983059" role=""/>
  <member type="way" ref="499666314" role=""/>
  <member type="way" ref="397983062" role=""/>
  <member type="way" ref="30850136" role=""/>
  <member type="way" ref="32073306" role=""/>
  <member type="way" ref="509848585" role=""/>
  <member type="way" ref="397983073" role=""/>
  <member type="way" ref="8599615" role=""/>
  <member type="way" ref="499650715" role=""/>
  <member type="way" ref="499650714" role=""/>
  <member type="way" ref="911843810" role=""/>
  <member type="way" ref="94481074" role=""/>
  <member type="way" ref="911843811" role=""/>
  <member type="way" ref="911843812" role=""/>
  <member type="way" ref="911843813" role=""/>
  <member type="way" ref="777184790" role=""/>
  <member type="way" ref="1275766588" role=""/>
  <member type="way" ref="315425770" role=""/>
  <member type="way" ref="1063054491" role=""/>
  <member type="way" ref="631671699" role=""/>
  <member type="way" ref="1327174749" role=""/>
  <member type="way" ref="631671698" role=""/>
  <member type="way" ref="14794186" role=""/>
  <member type="way" ref="576062732" role=""/>
  <member type="way" ref="24625337" role=""/>
  <member type="way" ref="578573059" role=""/>
  <member type="way" ref="14794183" role=""/>
  <member type="way" ref="99274485" role=""/>
  <member type="way" ref="25535521" role=""/>
  <member type="way" ref="25535522" role=""/>
  <member type="way" ref="25535525" role=""/>
  <member type="way" ref="25535524" role=""/>
  <member type="way" ref="14794480" role=""/>
  <member type="way" ref="22689785" role=""/>
  <member type="way" ref="1518315627" role=""/>
  <member type="way" ref="31009112" role=""/>
  <member type="way" ref="99274487" role=""/>
  <member type="way" ref="122192543" role=""/>
  <member type="way" ref="22689673" role=""/>
  <member type="way" ref="23044707" role=""/>
  <member type="way" ref="274541044" role=""/>
  <member type="way" ref="22689672" role=""/>
  <member type="way" ref="554313987" role=""/>
  <member type="way" ref="885663666" role=""/>
  <member type="way" ref="22756288" role=""/>
  <member type="way" ref="885663667" role=""/>
  <member type="way" ref="22756287" role=""/>
  <member type="way" ref="843232129" role=""/>
  <member type="way" ref="843232128" role=""/>
  <member type="way" ref="51206323" role=""/>
  <member type="way" ref="843232125" role=""/>
  <member type="way" ref="843232126" role=""/>
  <member type="way" ref="123982203" role=""/>
  <member type="way" ref="182382214" role=""/>
  <member type="way" ref="163799148" role=""/>
  <member type="way" ref="51261615" role=""/>
  <member type="way" ref="222067819" role=""/>
  <member type="way" ref="452945387" role=""/>
  <member type="way" ref="222067821" role=""/>
  <member type="way" ref="23448225" role=""/>
  <member type="way" ref="536141329" role=""/>
  <member type="way" ref="1040059130" role=""/>
  <member type="way" ref="241775315" role=""/>
  <member type="way" ref="454745403" role=""/>
  <member type="way" ref="454745402" role=""/>
  <member type="way" ref="24861370" role=""/>
  <member type="way" ref="962659804" role=""/>
  <member type="way" ref="224072944" role=""/>
  <member type="way" ref="123981923" role=""/>
  <member type="way" ref="2305296" role=""/>
  <member type="way" ref="218897872" role=""/>
  <member type="way" ref="218897870" role=""/>
  <member type="way" ref="218897868" role=""/>
  <member type="way" ref="218897871" role=""/>
  <member type="way" ref="2305297" role=""/>
  <member type="way" ref="218897873" role=""/>
  <member type="way" ref="218897869" role=""/>
  <member type="way" ref="123723915" role=""/>
  <member type="way" ref="1558339656" role=""/>
  <member type="way" ref="48064922" role=""/>
  <member type="way" ref="827692956" role=""/>
  <member type="way" ref="171894926" role=""/>
  <member type="way" ref="1337807926" role=""/>
  <member type="way" ref="87949226" role=""/>
  <member type="way" ref="219375667" role=""/>
  <member type="way" ref="486625457" role=""/>
  <member type="way" ref="87949227" role=""/>
  <member type="way" ref="150331715" role=""/>
  <member type="way" ref="417863164" role=""/>
  <member type="way" ref="417863174" role=""/>
  <member type="way" ref="264430198" role=""/>
  <member type="way" ref="87941764" role=""/>
  <member type="way" ref="87941766" role=""/>
  <member type="way" ref="935623788" role=""/>
  <member type="way" ref="150331718" role=""/>
  <member type="way" ref="198278975" role=""/>
  <member type="way" ref="206106307" role=""/>
  <member type="way" ref="228606724" role=""/>
  <member type="way" ref="512305579" role=""/>
  <member type="way" ref="512305578" role=""/>
  <member type="way" ref="51261612" role=""/>
  <member type="way" ref="16279905" role=""/>
  <member type="way" ref="16279904" role=""/>
  <member type="way" ref="16279885" role=""/>
  <member type="way" ref="16279973" role=""/>
  <member type="way" ref="510003336" role=""/>
  <member type="way" ref="16279990" role=""/>
  <member type="way" ref="708038800" role=""/>
  <member type="way" ref="616124351" role=""/>
  <member type="way" ref="616124350" role=""/>
  <member type="way" ref="18630334" role=""/>
  <member type="way" ref="499548865" role=""/>
  <member type="way" ref="499548863" role=""/>
  <member type="way" ref="499548862" role=""/>
  <member type="way" ref="510005741" role=""/>
  <member type="way" ref="38169096" role=""/>
  <member type="way" ref="277634782" role=""/>
  <member type="way" ref="14689631" role=""/>
  <member type="way" ref="277634786" role=""/>
  <member type="way" ref="499503957" role=""/>
  <member type="way" ref="510137377" role=""/>
  <member type="way" ref="49197568" role=""/>
  <member type="way" ref="499503982" role=""/>
  <member type="way" ref="499503983" role=""/>
  <member type="way" ref="510141370" role=""/>
  <member type="way" ref="499503984" role=""/>
  <member type="way" ref="499490339" role=""/>
  <member type="way" ref="342619852" role=""/>
  <member type="way" ref="1420172921" role=""/>
  <member type="way" ref="342619860" role=""/>
  <member type="way" ref="499490338" role=""/>
  <member type="way" ref="293505091" role=""/>
  <member type="way" ref="499392860" role=""/>
  <member type="way" ref="499392869" role=""/>
  <member type="way" ref="499392866" role=""/>
  <member type="way" ref="202261340" role=""/>
  <member type="way" ref="499392877" role=""/>
  <member type="way" ref="499392874" role=""/>
  <member type="way" ref="499392873" role=""/>
  <member type="way" ref="499392878" role=""/>
  <member type="way" ref="22998912" role=""/>
  <member type="way" ref="22998916" role=""/>
  <member type="way" ref="22998905" role=""/>
  <member type="way" ref="482870247" role=""/>
  <member type="way" ref="482870246" role=""/>
  <member type="way" ref="482869797" role=""/>
  <member type="way" ref="482869794" role=""/>
  <member type="way" ref="22998908" role=""/>
  <member type="way" ref="510213134" role=""/>
  <member type="way" ref="482798385" role=""/>
  <member type="way" ref="482746792" role=""/>
  <member type="way" ref="482746791" role=""/>
  <member type="way" ref="31030186" role=""/>
  <member type="way" ref="482743812" role=""/>
  <member type="way" ref="482743813" role=""/>
  <member type="way" ref="482743817" role=""/>
  <member type="way" ref="482743820" role=""/>
  <member type="way" ref="34857655" role=""/>
  <member type="way" ref="482706231" role=""/>
  <member type="way" ref="482706230" role=""/>
  <member type="way" ref="482706227" role=""/>
  <member type="way" ref="482706226" role=""/>
  <member type="way" ref="34857647" role=""/>
  <member type="way" ref="482699767" role=""/>
  <member type="way" ref="29548456" role=""/>
  <member type="way" ref="29548452" role=""/>
  <member type="way" ref="482699763" role=""/>
  <member type="way" ref="79818344" role=""/>
  <member type="way" ref="482603412" role=""/>
  <member type="way" ref="482603410" role=""/>
  <member type="way" ref="1430839926" role=""/>
  <member type="way" ref="1430839927" role=""/>
  <member type="way" ref="79818356" role=""/>
  <member type="way" ref="482599668" role=""/>
  <member type="way" ref="482592757" role=""/>
  <member type="way" ref="482592756" role=""/>
  <member type="way" ref="482592753" role=""/>
  <member type="way" ref="482592743" role=""/>
  <member type="way" ref="482592744" role=""/>
  <member type="way" ref="482592749" role=""/>
  <member type="way" ref="4299379" role=""/>
  <member type="way" ref="482591467" role=""/>
  <member type="way" ref="482591470" role=""/>
  <member type="way" ref="482591472" role=""/>
  <member type="way" ref="482591089" role=""/>
  <member type="way" ref="482591088" role=""/>
  <member type="way" ref="26718028" role=""/>
  <member type="way" ref="482557233" role=""/>
  <member type="way" ref="482557238" role=""/>
  <member type="way" ref="231355937" role=""/>
  <member type="way" ref="510262840" role=""/>
  <member type="way" ref="1232976498" role=""/>
  <member type="way" ref="231355938" role=""/>
  <member type="way" ref="482553683" role=""/>
  <member type="way" ref="482553684" role=""/>
  <member type="way" ref="482553688" role=""/>
  <member type="way" ref="482553689" role=""/>
  <member type="way" ref="510299316" role=""/>
  <member type="way" ref="95225178" role=""/>
  <member type="way" ref="95225189" role=""/>
  <member type="way" ref="510362019" role=""/>
  <member type="way" ref="482551538" role=""/>
  <member type="way" ref="482551540" role=""/>
  <member type="way" ref="26717464" role=""/>
  <member type="way" ref="26718126" role=""/>
  <member type="way" ref="5203347" role=""/>
  <member type="way" ref="26717466" role=""/>
  <member type="way" ref="27064775" role=""/>
  <member type="way" ref="27064780" role=""/>
  <member type="way" ref="510362017" role=""/>
  <member type="way" ref="75774358" role=""/>
  <member type="way" ref="68589047" role=""/>
  <member type="way" ref="68589272" role=""/>
  <member type="way" ref="89079993" role=""/>
  <member type="way" ref="95225190" role=""/>
  <member type="way" ref="1427336300" role=""/>
  <member type="way" ref="1427336299" role=""/>
  <member type="way" ref="95225174" role=""/>
  <member type="way" ref="510362012" role=""/>
  <member type="way" ref="510362011" role=""/>
  <member type="way" ref="39498531" role=""/>
  <member type="way" ref="479960171" role=""/>
  <member type="way" ref="479960166" role=""/>
  <member type="way" ref="4299217" role=""/>
  <member type="way" ref="26718124" role=""/>
  <member type="way" ref="38556729" role=""/>
  <member type="way" ref="38556723" role=""/>
  <member type="way" ref="479959035" role=""/>
  <member type="way" ref="479959036" role=""/>
  <member type="way" ref="479959043" role=""/>
  <member type="way" ref="479959044" role=""/>
  <member type="way" ref="479959048" role=""/>
  <member type="way" ref="95236488" role=""/>
  <member type="way" ref="95236507" role=""/>
  <member type="way" ref="510431161" role=""/>
  <member type="way" ref="39499143" role=""/>
  <member type="way" ref="510431158" role=""/>
  <member type="way" ref="510431160" role=""/>
  <member type="way" ref="39499144" role=""/>
  <member type="way" ref="479952808" role=""/>
  <member type="way" ref="130125500" role=""/>
  <member type="way" ref="479952809" role=""/>
  <member type="way" ref="479952815" role=""/>
  <member type="way" ref="479952813" role=""/>
  <member type="way" ref="130125499" role=""/>
  <member type="way" ref="479950873" role=""/>
  <member type="way" ref="479950874" role=""/>
  <member type="way" ref="479950878" role=""/>
  <member type="way" ref="479950880" role=""/>
  <member type="way" ref="64830215" role=""/>
  <member type="way" ref="64830233" role=""/>
  <member type="way" ref="130157165" role=""/>
  <member type="way" ref="130157173" role=""/>
  <member type="way" ref="205402597" role=""/>
  <member type="way" ref="1441543070" role=""/>
  <member type="way" ref="130164785" role=""/>
  <member type="way" ref="479948824" role=""/>
  <member type="way" ref="479948818" role=""/>
  <member type="way" ref="479948819" role=""/>
  <member type="way" ref="479948823" role=""/>
  <member type="way" ref="130164788" role=""/>
  <member type="way" ref="39499324" role=""/>
  <member type="way" ref="510463569" role=""/>
  <member type="way" ref="39499325" role=""/>
  <member type="way" ref="39499327" role=""/>
  <member type="way" ref="510474189" role=""/>
  <member type="way" ref="479757368" role=""/>
  <member type="way" ref="479757367" role=""/>
  <member type="way" ref="1427337633" role=""/>
  <member type="way" ref="510679901" role=""/>
  <member type="way" ref="39499328" role=""/>
  <member type="way" ref="479757360" role=""/>
  <member type="way" ref="479757359" role=""/>
  <member type="way" ref="510679900" role=""/>
  <member type="way" ref="409086887" role=""/>
  <member type="way" ref="48372344" role=""/>
  <member type="way" ref="772453865" role=""/>
  <member type="way" ref="48372345" role=""/>
  <member type="way" ref="27080961" role=""/>
  <member type="way" ref="4299003" role=""/>
  <member type="way" ref="772453863" role=""/>
  <member type="way" ref="4953483" role=""/>
  <member type="way" ref="1427338539" role=""/>
  <member type="way" ref="1427338540" role=""/>
  <member type="way" ref="479747864" role=""/>
  <member type="way" ref="33145657" role=""/>
  <member type="way" ref="781139622" role=""/>
  <member type="way" ref="479747873" role=""/>
  <member type="way" ref="26716757" role=""/>
  <member type="way" ref="479747872" role=""/>
  <member type="way" ref="189195881" role=""/>
  <member type="way" ref="5172378" role=""/>
  <member type="way" ref="5172380" role=""/>
  <member type="way" ref="479747871" role=""/>
  <member type="way" ref="479747869" role=""/>
  <member type="way" ref="95255239" role=""/>
  <member type="way" ref="95255279" role=""/>
  <member type="way" ref="189217043" role=""/>
  <member type="way" ref="189217034" role=""/>
  <member type="way" ref="26715168" role=""/>
  <member type="way" ref="479721421" role=""/>
  <member type="way" ref="154477086" role=""/>
  <member type="way" ref="377116062" role=""/>
  <member type="way" ref="479721423" role=""/>
  <member type="way" ref="479721422" role=""/>
  <member type="way" ref="26715179" role=""/>
  <member type="way" ref="26715184" role=""/>
  <member type="way" ref="48174054" role=""/>
  <member type="way" ref="48174049" role=""/>
  <member type="way" ref="154477080" role=""/>
  <member type="way" ref="154477077" role=""/>
  <member type="way" ref="48174058" role=""/>
  <member type="way" ref="48174039" role=""/>
  <member type="way" ref="189217039" role=""/>
  <member type="way" ref="189217048" role=""/>
  <member type="way" ref="189217035" role=""/>
  <member type="way" ref="189217047" role=""/>
  <member type="way" ref="97566806" role=""/>
  <member type="way" ref="97566783" role=""/>
  <member type="way" ref="180736298" role=""/>
  <member type="way" ref="180736300" role=""/>
  <member type="way" ref="479733548" role=""/>
  <member type="way" ref="479733544" role=""/>
  <member type="way" ref="479733543" role=""/>
  <member type="way" ref="205402600" role=""/>
  <member type="way" ref="32257325" role=""/>
  <member type="way" ref="32257328" role=""/>
  <member type="way" ref="205402599" role=""/>
  <member type="way" ref="32257336" role=""/>
  <member type="way" ref="205402598" role=""/>
  <member type="way" ref="32257339" role=""/>
  <member type="way" ref="32257392" role=""/>
  <member type="way" ref="189217032" role=""/>
  <member type="way" ref="189217046" role=""/>
  <member type="way" ref="135981593" role=""/>
  <member type="way" ref="479729952" role=""/>
  <member type="way" ref="479729951" role=""/>
  <member type="way" ref="510716850" role=""/>
  <member type="way" ref="479729948" role=""/>
  <member type="way" ref="479729947" role=""/>
  <member type="way" ref="135981594" role=""/>
  <member type="way" ref="189217037" role=""/>
  <member type="way" ref="155251134" role=""/>
  <member type="way" ref="479698856" role=""/>
  <member type="way" ref="155251137" role=""/>
  <member type="way" ref="510736666" role=""/>
  <member type="way" ref="479698859" role=""/>
  <member type="way" ref="479698858" role=""/>
  <member type="way" ref="23046074" role=""/>
  <member type="way" ref="189217042" role=""/>
  <member type="way" ref="189217050" role=""/>
  <member type="way" ref="32074860" role=""/>
  <member type="way" ref="32074861" role=""/>
  <member type="way" ref="32074864" role=""/>
  <member type="way" ref="32074865" role=""/>
  <member type="way" ref="32074921" role=""/>
  <member type="way" ref="32074922" role=""/>
  <member type="way" ref="25672055" role=""/>
  <member type="way" ref="32257517" role=""/>
  <member type="way" ref="32257561" role=""/>
  <member type="way" ref="32257543" role=""/>
  <member type="way" ref="479606202" role=""/>
  <member type="way" ref="510736663" role=""/>
  <member type="way" ref="409084305" role=""/>
  <member type="way" ref="30433263" role=""/>
  <member type="way" ref="251782748" role=""/>
  <member type="way" ref="251782747" role=""/>
  <member type="way" ref="251783639" role=""/>
  <member type="way" ref="32075186" role=""/>
  <member type="way" ref="32075187" role=""/>
  <member type="way" ref="32075190" role=""/>
  <member type="way" ref="479566351" role=""/>
  <member type="way" ref="479566350" role=""/>
  <member type="way" ref="479566353" role=""/>
  <member type="way" ref="479566352" role=""/>
  <member type="way" ref="32075191" role=""/>
  <member type="way" ref="479559555" role=""/>
  <member type="way" ref="479559553" role=""/>
  <member type="way" ref="32808717" role=""/>
  <member type="way" ref="32808718" role=""/>
  <member type="way" ref="479324621" role=""/>
  <member type="way" ref="30433246" role=""/>
  <member type="way" ref="251955330" role=""/>
  <member type="way" ref="251955326" role=""/>
  <member type="way" ref="32257765" role=""/>
  <member type="way" ref="32257769" role=""/>
  <member type="way" ref="479323090" role=""/>
  <member type="way" ref="479323089" role=""/>
  <member type="way" ref="93340644" role=""/>
  <member type="way" ref="93340677" role=""/>
  <member type="way" ref="93340718" role=""/>
  <member type="way" ref="93340600" role=""/>
  <member type="way" ref="93340710" role=""/>
  <member type="way" ref="93340593" role=""/>
  <member type="way" ref="37332129" role=""/>
  <member type="way" ref="37332130" role=""/>
  <member type="way" ref="93340656" role=""/>
  <member type="way" ref="93340691" role=""/>
  <member type="way" ref="93340727" role=""/>
  <member type="way" ref="93340610" role=""/>
  <member type="way" ref="37100037" role=""/>
  <member type="way" ref="479299360" role=""/>
  <member type="way" ref="479299359" role=""/>
  <member type="way" ref="479299357" role=""/>
  <member type="way" ref="479299356" role=""/>
  <member type="way" ref="510987751" role=""/>
  <member type="way" ref="510987727" role=""/>
  <member type="way" ref="510987715" role=""/>
  <member type="way" ref="37100038" role=""/>
  <member type="way" ref="23046469" role=""/>
  <member type="way" ref="291297310" role=""/>
  <member type="way" ref="291297318" role=""/>
  <member type="way" ref="219244631" role=""/>
  <member type="way" ref="479269620" role=""/>
  <member type="way" ref="479269618" role=""/>
  <member type="way" ref="479269623" role=""/>
  <member type="way" ref="479269621" role=""/>
  <member type="way" ref="219244632" role=""/>
  <member type="way" ref="265059584" role=""/>
  <member type="way" ref="265059587" role=""/>
  <member type="way" ref="95289277" role=""/>
  <member type="way" ref="95289281" role=""/>
  <member type="way" ref="1081405458" role=""/>
  <member type="way" ref="479266220" role=""/>
  <member type="way" ref="251979610" role=""/>
  <member type="way" ref="1081405459" role=""/>
  <member type="way" ref="251979892" role=""/>
  <member type="way" ref="251979893" role=""/>
  <member type="way" ref="231537930" role=""/>
  <member type="way" ref="231537936" role=""/>
  <member type="way" ref="11986311" role=""/>
  <member type="way" ref="11986307" role=""/>
  <member type="way" ref="267620410" role=""/>
  <member type="way" ref="479253422" role=""/>
  <member type="way" ref="479253420" role=""/>
  <member type="way" ref="479253439" role=""/>
  <member type="way" ref="479253438" role=""/>
  <member type="way" ref="267620407" role=""/>
  <member type="way" ref="251982683" role=""/>
  <member type="way" ref="251982685" role=""/>
  <member type="way" ref="479247086" role=""/>
  <member type="way" ref="479247087" role=""/>
  <member type="way" ref="16804629" role=""/>
  <member type="way" ref="479246025" role=""/>
  <member type="way" ref="479246024" role=""/>
  <member type="way" ref="620985628" role=""/>
  <member type="way" ref="22964108" role=""/>
  <member type="way" ref="22964109" role=""/>
  <member type="way" ref="553156084" role=""/>
  <member type="way" ref="553156086" role=""/>
  <member type="way" ref="553156085" role=""/>
  <member type="way" ref="1352118927" role=""/>
  <member type="way" ref="224107155" role=""/>
  <member type="way" ref="224107156" role=""/>
  <member type="way" ref="231547780" role=""/>
  <member type="way" ref="700091315" role=""/>
  <member type="way" ref="700091308" role=""/>
  <member type="way" ref="700091316" role=""/>
  <member type="way" ref="231237183" role=""/>
  <member type="way" ref="700091317" role=""/>
  <member type="way" ref="700091319" role=""/>
  <member type="way" ref="533976982" role=""/>
  <member type="way" ref="233363857" role=""/>
  <member type="way" ref="468700976" role=""/>
  <member type="way" ref="553157603" role=""/>
  <member type="way" ref="553157604" role=""/>
  <member type="way" ref="22909899" role=""/>
  <member type="way" ref="22909901" role=""/>
  <member type="way" ref="11660419" role=""/>
  <member type="way" ref="11660420" role=""/>
  <member type="way" ref="360890729" role=""/>
  <member type="way" ref="360890725" role=""/>
  <member type="way" ref="303110811" role=""/>
  <member type="way" ref="11660430" role=""/>
  <member type="way" ref="11660431" role=""/>
  <member type="way" ref="360890754" role=""/>
  <member type="way" ref="360890757" role=""/>
  <member type="way" ref="1240722111" role=""/>
  <member type="way" ref="1240722112" role=""/>
  <member type="way" ref="1240722108" role=""/>
  <member type="way" ref="1553899158" role=""/>
  <member type="way" ref="4296698" role=""/>
  <member type="way" ref="303093201" role=""/>
  <member type="way" ref="25843411" role=""/>
  <member type="way" ref="26780569" role=""/>
  <member type="way" ref="360890709" role=""/>
  <member type="way" ref="360890718" role=""/>
  <member type="way" ref="93866022" role=""/>
  <member type="way" ref="360890716" role=""/>
  <member type="way" ref="93863149" role=""/>
  <member type="way" ref="360890707" role=""/>
  <member type="way" ref="93863157" role=""/>
  <member type="way" ref="93863156" role=""/>
  <member type="way" ref="723849905" role=""/>
  <member type="way" ref="724284271" role=""/>
  <member type="way" ref="674080181" role=""/>
  <member type="way" ref="302968544" role=""/>
  <member type="way" ref="146793836" role=""/>
  <member type="way" ref="357192352" role=""/>
  <member type="way" ref="1460236617" role=""/>
  <member type="way" ref="823017415" role=""/>
  <member type="way" ref="302918896" role=""/>
  <member type="way" ref="302918897" role=""/>
  <member type="way" ref="81227028" role=""/>
  <member type="way" ref="93863153" role=""/>
  <member type="way" ref="360890737" role=""/>
  <member type="way" ref="360890741" role=""/>
  <member type="way" ref="81227027" role=""/>
  <member type="way" ref="4296699" role=""/>
  <member type="way" ref="360890713" role=""/>
  <member type="way" ref="360890719" role=""/>
  <member type="way" ref="25843417" role=""/>
  <member type="way" ref="25843416" role=""/>
  <member type="way" ref="360890724" role=""/>
  <member type="way" ref="83066082" role=""/>
  <member type="way" ref="1554607729" role=""/>
  <member type="way" ref="11660423" role=""/>
  <member type="way" ref="303110804" role=""/>
  <member type="way" ref="1496015827" role=""/>
  <member type="way" ref="1496015826" role=""/>
  <member type="way" ref="360899647" role=""/>
  <member type="way" ref="11660432" role=""/>
  <member type="way" ref="11660434" role=""/>
  <member type="way" ref="25843940" role=""/>
  <member type="way" ref="25843941" role=""/>
  <member type="way" ref="479246035" role=""/>
  <member type="way" ref="360899646" role=""/>
  <member type="way" ref="360899644" role=""/>
  <member type="way" ref="479229516" role=""/>
  <member type="way" ref="4296602" role=""/>
  <member type="way" ref="479229521" role=""/>
  <member type="way" ref="479229520" role=""/>
  <member type="way" ref="32258074" role=""/>
  <member type="way" ref="32258087" role=""/>
  <member type="way" ref="4296597" role=""/>
  <member type="way" ref="4296599" role=""/>
  <member type="way" ref="16922541" role=""/>
  <member type="way" ref="16922543" role=""/>
  <member type="way" ref="25965077" role=""/>
  <member type="way" ref="25965078" role=""/>
  <member type="way" ref="479221880" role=""/>
  <member type="way" ref="4296585" role=""/>
  <member type="way" ref="479221890" role=""/>
  <member type="way" ref="4296595" role=""/>
  <member type="way" ref="32258105" role=""/>
  <member type="way" ref="32258108" role=""/>
  <member type="way" ref="233363849" role=""/>
  <member type="way" ref="553149492" role=""/>
  <member type="way" ref="553149489" role=""/>
  <member type="way" ref="391330372" role=""/>
  <member type="way" ref="391330371" role=""/>
  <member type="way" ref="391330370" role=""/>
  <member type="way" ref="8604036" role=""/>
  <member type="way" ref="8604037" role=""/>
  <member type="way" ref="1352128026" role=""/>
  <member type="way" ref="172312323" role=""/>
  <member type="way" ref="303110814" role=""/>
  <member type="way" ref="479127159" role=""/>
  <member type="way" ref="4296572" role=""/>
  <member type="way" ref="621203713" role=""/>
  <member type="way" ref="674597003" role=""/>
  <member type="way" ref="621203712" role=""/>
  <member type="way" ref="674596999" role=""/>
  <member type="way" ref="621203714" role=""/>
  <member type="way" ref="1124388879" role=""/>
  <member type="way" ref="481235168" role=""/>
  <member type="way" ref="481235169" role=""/>
  <member type="way" ref="499423831" role=""/>
  <member type="way" ref="1352136469" role=""/>
  <member type="way" ref="1352136468" role=""/>
  <member type="way" ref="431761702" role=""/>
  <member type="way" ref="36839529" role=""/>
  <member type="way" ref="36839501" role=""/>
  <member type="way" ref="391973404" role=""/>
  <member type="way" ref="391973429" role=""/>
  <member type="way" ref="317086589" role=""/>
  <member type="way" ref="317086588" role=""/>
  <member type="way" ref="160235077" role=""/>
  <member type="way" ref="160235081" role=""/>
  <member type="way" ref="479114949" role=""/>
  <member type="way" ref="252044880" role=""/>
  <member type="way" ref="479114947" role=""/>
  <member type="way" ref="22921057" role=""/>
  <member type="way" ref="22921058" role=""/>
  <member type="way" ref="479113919" role=""/>
  <member type="way" ref="479113694" role=""/>
  <member type="way" ref="479105983" role=""/>
  <member type="way" ref="95393077" role=""/>
  <member type="way" ref="95393076" role=""/>
  <member type="way" ref="11682317" role=""/>
  <member type="way" ref="11682346" role=""/>
  <member type="way" ref="226432359" role=""/>
  <member type="way" ref="226432361" role=""/>
  <member type="way" ref="225045772" role=""/>
  <member type="way" ref="225045774" role=""/>
  <member type="way" ref="252045769" role=""/>
  <member type="way" ref="222371625" role=""/>
  <member type="way" ref="222371626" role=""/>
  <member type="way" ref="172312324" role=""/>
  <member type="way" ref="252045768" role=""/>
  <member type="way" ref="166102876" role=""/>
  <member type="way" ref="4296616" role=""/>
  <member type="way" ref="16942341" role=""/>
  <member type="way" ref="16943645" role=""/>
  <member type="way" ref="59263266" role=""/>
  <member type="way" ref="59263264" role=""/>
  <member type="way" ref="24051156" role=""/>
  <member type="way" ref="514397079" role=""/>
  <member type="way" ref="514397078" role=""/>
  <member type="way" ref="514397076" role=""/>
  <member type="way" ref="514397075" role=""/>
  <member type="way" ref="16943657" role=""/>
  <member type="way" ref="514406073" role=""/>
  <member type="way" ref="514406069" role=""/>
  <member type="way" ref="514397072" role=""/>
  <member type="way" ref="11684400" role=""/>
  <member type="way" ref="22924357" role=""/>
  <member type="way" ref="478714082" role=""/>
  <member type="way" ref="9092444" role=""/>
  <member type="way" ref="478714081" role=""/>
  <member type="way" ref="174415358" role=""/>
  <member type="way" ref="478714085" role=""/>
  <member type="way" ref="382929748" role=""/>
  <member type="way" ref="28360089" role=""/>
  <member type="way" ref="95393703" role=""/>
  <member type="way" ref="95393078" role=""/>
  <member type="way" ref="551257520" role=""/>
  <member type="way" ref="27390624" role=""/>
  <member type="way" ref="96213322" role=""/>
  <member type="way" ref="551257526" role=""/>
  <member type="way" ref="96213330" role=""/>
  <member type="way" ref="551257525" role=""/>
  <member type="way" ref="28360090" role=""/>
  <member type="way" ref="992030292" role=""/>
  <member type="way" ref="227123777" role=""/>
  <member type="way" ref="227121565" role=""/>
  <member type="way" ref="227121564" role=""/>
  <member type="way" ref="770556331" role=""/>
  <member type="way" ref="227121563" role=""/>
  <member type="way" ref="770556332" role=""/>
  <member type="way" ref="718247044" role=""/>
  <member type="way" ref="718247045" role=""/>
  <member type="way" ref="718247057" role=""/>
  <member type="way" ref="227475473" role=""/>
  <member type="way" ref="227475472" role=""/>
  <member type="way" ref="227474599" role=""/>
  <member type="way" ref="992030291" role=""/>
  <member type="way" ref="1082547070" role=""/>
  <member type="way" ref="1082547069" role=""/>
  <member type="way" ref="228612716" role=""/>
  <member type="way" ref="228612714" role=""/>
  <member type="way" ref="228612715" role=""/>
  <member type="way" ref="674080186" role=""/>
  <member type="way" ref="1063348585" role=""/>
  <member type="way" ref="229418668" role=""/>
  <member type="way" ref="1063348581" role=""/>
  <member type="way" ref="228612715" role=""/>
  <member type="way" ref="228612714" role=""/>
  <member type="way" ref="227473971" role=""/>
  <member type="way" ref="674080187" role=""/>
  <member type="way" ref="587443016" role=""/>
  <member type="way" ref="674080184" role=""/>
  <member type="way" ref="16639779" role=""/>
  <member type="way" ref="721776975" role=""/>
  <member type="way" ref="227465085" role=""/>
  <member type="way" ref="776644414" role=""/>
  <member type="way" ref="227465080" role=""/>
  <member type="way" ref="227465075" role=""/>
  <member type="way" ref="776644413" role=""/>
  <member type="way" ref="25740290" role=""/>
  <member type="way" ref="718247051" role=""/>
  <member type="way" ref="719446684" role=""/>
  <member type="way" ref="227123770" role=""/>
  <member type="way" ref="776648215" role=""/>
  <member type="way" ref="777888025" role=""/>
  <member type="way" ref="777888024" role=""/>
  <member type="way" ref="777889109" role=""/>
  <member type="way" ref="227123773" role=""/>
  <member type="way" ref="551257524" role=""/>
  <member type="way" ref="708038803" role=""/>
  <member type="way" ref="28360091" role=""/>
  <member type="way" ref="646595555" role=""/>
  <member type="way" ref="551257534" role=""/>
  <member type="way" ref="95393676" role=""/>
  <member type="way" ref="551253602" role=""/>
  <member type="way" ref="95393682" role=""/>
  <member type="way" ref="382929746" role=""/>
  <member type="way" ref="1005370729" role=""/>
  <member type="way" ref="478714084" role=""/>
  <member type="way" ref="646595565" role=""/>
  <member type="way" ref="26721630" role=""/>
  <member type="way" ref="646595561" role=""/>
  <member type="way" ref="478712221" role=""/>
  <member type="way" ref="9092475" role=""/>
  <member type="way" ref="478712220" role=""/>
  <member type="way" ref="252051336" role=""/>
  <member type="way" ref="252051335" role=""/>
  <member type="way" ref="252051530" role=""/>
  <member type="way" ref="252051528" role=""/>
  <member type="way" ref="359529382" role=""/>
  <member type="way" ref="359529383" role=""/>
  <member type="way" ref="17219619" role=""/>
  <member type="way" ref="17219622" role=""/>
  <member type="way" ref="478660675" role=""/>
  <member type="way" ref="478660680" role=""/>
  <member type="way" ref="478660678" role=""/>
  <member type="way" ref="514478912" role=""/>
  <member type="way" ref="514478907" role=""/>
  <member type="way" ref="478672507" role=""/>
  <member type="way" ref="478672504" role=""/>
  <member type="way" ref="252056193" role=""/>
  <member type="way" ref="514527213" role=""/>
  <member type="way" ref="514527208" role=""/>
  <member type="way" ref="99747751" role=""/>
  <member type="way" ref="478666700" role=""/>
  <member type="way" ref="478666697" role=""/>
  <member type="way" ref="99747752" role=""/>
  <member type="way" ref="252319189" role=""/>
  <member type="way" ref="252319195" role=""/>
  <member type="way" ref="99747746" role=""/>
  <member type="way" ref="99747747" role=""/>
  <member type="way" ref="305380986" role=""/>
  <member type="way" ref="305380988" role=""/>
  <member type="way" ref="224801089" role=""/>
  <member type="way" ref="224801098" role=""/>
  <member type="way" ref="32128919" role=""/>
  <member type="way" ref="30439688" role=""/>
  <member type="way" ref="30439679" role=""/>
  <member type="way" ref="30439681" role=""/>
  <member type="way" ref="252327452" role=""/>
  <member type="way" ref="4296629" role=""/>
  <member type="way" ref="478660691" role=""/>
  <member type="way" ref="478660700" role=""/>
  <member type="way" ref="317574082" role=""/>
  <member type="way" ref="478660697" role=""/>
  <member type="way" ref="224801093" role=""/>
  <member type="way" ref="224801096" role=""/>
  <member type="way" ref="32129074" role=""/>
  <member type="way" ref="514694849" role=""/>
  <member type="way" ref="32129075" role=""/>
  <member type="way" ref="252331737" role=""/>
  <member type="way" ref="232406788" role=""/>
  <member type="way" ref="211423373" role=""/>
  <member type="way" ref="478652509" role=""/>
  <member type="way" ref="478652508" role=""/>
  <member type="way" ref="478652506" role=""/>
  <member type="way" ref="478652505" role=""/>
  <member type="way" ref="211423406" role=""/>
  <member type="way" ref="380099904" role=""/>
  <member type="way" ref="380099905" role=""/>
  <member type="way" ref="32097603" role=""/>
  <member type="way" ref="252341875" role=""/>
  <member type="way" ref="162417214" role=""/>
  <member type="way" ref="162417217" role=""/>
  <member type="way" ref="30950543" role=""/>
  <member type="way" ref="4296640" role=""/>
  <member type="way" ref="162445583" role=""/>
  <member type="way" ref="162445585" role=""/>
  <member type="way" ref="478637296" role=""/>
  <member type="way" ref="252341869" role=""/>
  <member type="way" ref="252341872" role=""/>
  <member type="way" ref="252341868" role=""/>
  <member type="way" ref="252341871" role=""/>
  <member type="way" ref="252341867" role=""/>
  <member type="way" ref="32092925" role=""/>
  <member type="way" ref="32092927" role=""/>
  <member type="way" ref="515483241" role=""/>
  <member type="way" ref="515483247" role=""/>
  <member type="way" ref="252344535" role=""/>
  <member type="way" ref="30082123" role=""/>
  <member type="way" ref="294125658" role=""/>
  <member type="way" ref="32092931" role=""/>
  <member type="way" ref="252357384" role=""/>
  <member type="way" ref="515514872" role=""/>
  <member type="way" ref="294125655" role=""/>
  <member type="way" ref="294125653" role=""/>
  <member type="way" ref="536778007" role=""/>
  <member type="way" ref="4296637" role=""/>
  <member type="way" ref="536778006" role=""/>
  <member type="way" ref="4296632" role=""/>
  <member type="way" ref="43377008" role=""/>
  <member type="way" ref="43377004" role=""/>
  <member type="way" ref="189074578" role=""/>
  <member type="way" ref="189074625" role=""/>
  <member type="way" ref="247392066" role=""/>
  <member type="way" ref="294125329" role=""/>
  <member type="way" ref="247392063" role=""/>
  <member type="way" ref="189074595" role=""/>
  <member type="way" ref="189074648" role=""/>
  <member type="way" ref="247392067" role=""/>
  <member type="way" ref="47638896" role=""/>
  <member type="way" ref="294125325" role=""/>
  <member type="way" ref="96636995" role=""/>
  <member type="way" ref="43407831" role=""/>
  <member type="way" ref="294125327" role=""/>
  <member type="way" ref="294125333" role=""/>
  <member type="way" ref="294125326" role=""/>
  <member type="way" ref="43407832" role=""/>
  <member type="way" ref="20031794" role=""/>
  <member type="way" ref="96636989" role=""/>
  <member type="way" ref="96636969" role=""/>
  <member type="way" ref="96636981" role=""/>
  <member type="way" ref="515549963" role=""/>
  <member type="way" ref="20031796" role=""/>
  <member type="way" ref="4296633" role=""/>
  <member type="way" ref="174421603" role=""/>
  <member type="way" ref="515556199" role=""/>
  <member type="way" ref="515556198" role=""/>
  <member type="way" ref="252364735" role=""/>
  <member type="way" ref="252364734" role=""/>
  <member type="way" ref="43924169" role=""/>
  <member type="way" ref="43924165" role=""/>
  <member type="way" ref="294125305" role=""/>
  <member type="way" ref="247392053" role=""/>
  <member type="way" ref="252369047" role=""/>
  <member type="way" ref="80444916" role=""/>
  <member type="way" ref="478518070" role=""/>
  <member type="way" ref="478518068" role=""/>
  <member type="way" ref="478518067" role=""/>
  <member type="way" ref="478518071" role=""/>
  <member type="way" ref="219921670" role=""/>
  <member type="way" ref="219921672" role=""/>
  <member type="way" ref="219923252" role=""/>
  <member type="way" ref="219923254" role=""/>
  <member type="way" ref="219926728" role=""/>
  <member type="way" ref="219926726" role=""/>
  <member type="way" ref="110027878" role=""/>
  <member type="way" ref="478516522" role=""/>
  <member type="way" ref="478516520" role=""/>
  <member type="way" ref="478516527" role=""/>
  <member type="way" ref="478516526" role=""/>
  <member type="way" ref="4355949" role=""/>
  <member type="way" ref="515880046" role=""/>
  <member type="way" ref="515880048" role=""/>
  <member type="way" ref="273185906" role=""/>
  <member type="way" ref="273185907" role=""/>
  <member type="way" ref="150679994" role=""/>
  <member type="way" ref="150680002" role=""/>
  <member type="way" ref="119857899" role=""/>
  <member type="way" ref="119858335" role=""/>
  <member type="way" ref="175769955" role=""/>
  <member type="way" ref="515891636" role=""/>
  <member type="way" ref="175769948" role=""/>
  <member type="way" ref="478427289" role=""/>
  <member type="way" ref="478427290" role=""/>
  <member type="way" ref="478427291" role=""/>
  <member type="way" ref="478427292" role=""/>
  <member type="way" ref="478425491" role=""/>
  <member type="way" ref="478425489" role=""/>
  <member type="way" ref="478425488" role=""/>
  <member type="way" ref="252374344" role=""/>
  <member type="way" ref="478425508" role=""/>
  <member type="way" ref="478425504" role=""/>
  <member type="way" ref="478425503" role=""/>
  <member type="way" ref="478425509" role=""/>
  <member type="way" ref="35281531" role=""/>
  <member type="way" ref="35281529" role=""/>
  <member type="way" ref="172944868" role=""/>
  <member type="way" ref="172944857" role=""/>
  <member type="way" ref="35281526" role=""/>
  <member type="way" ref="35281527" role=""/>
  <member type="way" ref="165721686" role=""/>
  <member type="way" ref="478407822" role=""/>
  <member type="way" ref="516027076" role=""/>
  <member type="way" ref="516027075" role=""/>
  <member type="way" ref="478407817" role=""/>
  <member type="way" ref="478407836" role=""/>
  <member type="way" ref="478407831" role=""/>
  <member type="way" ref="165721684" role=""/>
  <member type="way" ref="516042640" role=""/>
  <member type="way" ref="516147917" role=""/>
  <member type="way" ref="516147916" role=""/>
  <member type="way" ref="516147911" role=""/>
  <member type="way" ref="516147910" role=""/>
  <member type="way" ref="516042639" role=""/>
  <member type="way" ref="1377368889" role=""/>
  <member type="way" ref="478396061" role=""/>
  <member type="way" ref="252378648" role=""/>
  <member type="way" ref="180398293" role=""/>
  <member type="way" ref="478396063" role=""/>
  <member type="way" ref="180398295" role=""/>
  <member type="way" ref="225059385" role=""/>
  <member type="way" ref="225059393" role=""/>
  <member type="way" ref="225059387" role=""/>
  <member type="way" ref="225059390" role=""/>
  <member type="way" ref="478396070" role=""/>
  <member type="way" ref="478396071" role=""/>
  <member type="way" ref="478396074" role=""/>
  <member type="way" ref="478396075" role=""/>
  <member type="way" ref="78564195" role=""/>
  <member type="way" ref="78564180" role=""/>
  <member type="way" ref="78564160" role=""/>
  <member type="way" ref="78564165" role=""/>
  <member type="way" ref="478393698" role=""/>
  <member type="way" ref="478393702" role=""/>
  <member type="way" ref="478393701" role=""/>
  <member type="way" ref="252379750" role=""/>
  <member type="way" ref="516376243" role=""/>
  <member type="way" ref="516376242" role=""/>
  <member type="way" ref="30985781" role=""/>
  <member type="way" ref="30985785" role=""/>
  <member type="way" ref="316491691" role=""/>
  <member type="way" ref="516407853" role=""/>
  <member type="way" ref="516407852" role=""/>
  <member type="way" ref="516407849" role=""/>
  <member type="way" ref="516407848" role=""/>
  <member type="way" ref="516407846" role=""/>
  <member type="way" ref="516407844" role=""/>
  <member type="way" ref="316491693" role=""/>
  <member type="way" ref="94131929" role=""/>
  <member type="way" ref="94131935" role=""/>
  <member type="way" ref="478386597" role=""/>
  <member type="way" ref="478386598" role=""/>
  <member type="way" ref="252496574" role=""/>
  <member type="way" ref="252496573" role=""/>
  <member type="way" ref="160954395" role=""/>
  <member type="way" ref="160954399" role=""/>
  <member type="way" ref="472349231" role=""/>
  <member type="way" ref="472349228" role=""/>
  <member type="way" ref="252501258" role=""/>
  <member type="way" ref="222371624" role=""/>
  <member type="way" ref="478353771" role=""/>
  <member type="way" ref="252501261" role=""/>
  <member type="way" ref="659408900" role=""/>
  <member type="way" ref="478353770" role=""/>
  <member type="way" ref="516659849" role=""/>
  <member type="way" ref="252521843" role=""/>
  <member type="way" ref="162885413" role=""/>
  <member type="way" ref="162885411" role=""/>
  <member type="way" ref="252521833" role=""/>
  <member type="way" ref="111411048" role=""/>
  <member type="way" ref="478351291" role=""/>
  <member type="way" ref="23712540" role=""/>
  <member type="way" ref="111411051" role=""/>
  <member type="way" ref="478351292" role=""/>
  <member type="way" ref="111411073" role=""/>
  <member type="way" ref="20029124" role=""/>
  <member type="way" ref="222437940" role=""/>
  <member type="way" ref="192505145" role=""/>
  <member type="way" ref="192505147" role=""/>
  <member type="way" ref="192723108" role=""/>
  <member type="way" ref="192723105" role=""/>
  <member type="way" ref="4973113" role=""/>
  <member type="way" ref="517033153" role=""/>
  <member type="way" ref="517033151" role=""/>
  <member type="way" ref="478351303" role=""/>
  <member type="way" ref="478351300" role=""/>
  <member type="way" ref="478351301" role=""/>
  <member type="way" ref="478351302" role=""/>
  <member type="way" ref="4973112" role=""/>
  <member type="way" ref="517198279" role=""/>
  <member type="way" ref="4533934" role=""/>
  <member type="way" ref="517198273" role=""/>
  <member type="way" ref="119661114" role=""/>
  <member type="way" ref="478351309" role=""/>
  <member type="way" ref="517209166" role=""/>
  <member type="way" ref="517209165" role=""/>
  <member type="way" ref="517209162" role=""/>
  <member type="way" ref="517209161" role=""/>
  <member type="way" ref="119661112" role=""/>
  <member type="way" ref="478323101" role=""/>
  <member type="way" ref="478323100" role=""/>
  <member type="way" ref="478323104" role=""/>
  <member type="way" ref="333643245" role=""/>
  <member type="way" ref="272325400" role=""/>
  <member type="way" ref="366474270" role=""/>
  <member type="way" ref="517270639" role=""/>
  <member type="way" ref="174435121" role=""/>
  <member type="way" ref="174435122" role=""/>
  <member type="way" ref="25966667" role=""/>
  <member type="way" ref="366474268" role=""/>
  <member type="way" ref="920885131" role=""/>
  <member type="way" ref="920885133" role=""/>
  <member type="way" ref="253329812" role=""/>
  <member type="way" ref="418677961" role=""/>
  <member type="way" ref="418677884" role=""/>
  <member type="way" ref="418677935" role=""/>
  <member type="way" ref="418678039" role=""/>
  <member type="way" ref="253329813" role=""/>
  <member type="way" ref="4533940" role=""/>
  <member type="way" ref="395887421" role=""/>
  <member type="way" ref="396059168" role=""/>
  <member type="way" ref="396059172" role=""/>
  <member type="way" ref="234564351" role=""/>
  <member type="way" ref="234564353" role=""/>
  <member type="way" ref="517333581" role=""/>
  <member type="way" ref="394622845" role=""/>
  <member type="way" ref="289103089" role=""/>
  <member type="way" ref="289103092" role=""/>
  <member type="way" ref="4533939" role=""/>
  <member type="way" ref="396059169" role=""/>
  <member type="way" ref="396059167" role=""/>
  <member type="way" ref="396059171" role=""/>
  <member type="way" ref="457030843" role=""/>
  <member type="way" ref="457030844" role=""/>
  <member type="way" ref="253354517" role=""/>
  <member type="way" ref="517528865" role=""/>
  <member type="way" ref="517528861" role=""/>
  <member type="way" ref="517528857" role=""/>
  <member type="way" ref="122016394" role=""/>
  <member type="way" ref="214606010" role=""/>
  <member type="way" ref="253354519" role=""/>
  <member type="way" ref="517542837" role=""/>
  <member type="way" ref="517542842" role=""/>
  <member type="way" ref="478282323" role=""/>
  <member type="way" ref="396089489" role=""/>
  <member type="way" ref="225059382" role=""/>
  <member type="way" ref="225059389" role=""/>
  <member type="way" ref="517542812" role=""/>
  <member type="way" ref="517542807" role=""/>
  <member type="way" ref="253567791" role=""/>
  <member type="way" ref="253567790" role=""/>
  <member type="way" ref="396274257" role=""/>
  <member type="way" ref="174441251" role=""/>
  <member type="way" ref="396274256" role=""/>
  <member type="way" ref="174441248" role=""/>
  <member type="way" ref="253355610" role=""/>
  <member type="way" ref="174441249" role=""/>
  <member type="way" ref="253355611" role=""/>
  <member type="way" ref="253357512" role=""/>
  <member type="way" ref="23427490" role=""/>
  <member type="way" ref="460993790" role=""/>
  <member type="way" ref="286822673" role=""/>
  <member type="way" ref="174441253" role=""/>
  <member type="way" ref="396290453" role=""/>
  <member type="way" ref="96232667" role=""/>
  <member type="way" ref="96232661" role=""/>
  <member type="way" ref="396290450" role=""/>
  <member type="way" ref="96232660" role=""/>
  <member type="way" ref="96232689" role=""/>
  <member type="way" ref="517867170" role=""/>
  <member type="way" ref="96232648" role=""/>
  <member type="way" ref="396290452" role=""/>
  <member type="way" ref="396290454" role=""/>
  <member type="way" ref="517867169" role=""/>
  <member type="way" ref="96232651" role=""/>
  <member type="way" ref="396292573" role=""/>
  <member type="way" ref="396292571" role=""/>
  <member type="way" ref="396292572" role=""/>
  <member type="way" ref="478251750" role=""/>
  <member type="way" ref="8080838" role=""/>
  <member type="way" ref="396292570" role=""/>
  <member type="way" ref="133460265" role=""/>
  <member type="way" ref="2912386" role=""/>
  <member type="way" ref="396292577" role=""/>
  <member type="way" ref="396360822" role=""/>
  <member type="way" ref="517974872" role=""/>
  <member type="way" ref="608817850" role=""/>
  <member type="way" ref="1054254034" role=""/>
  <member type="way" ref="396360819" role=""/>
  <member type="way" ref="16885465" role=""/>
  <member type="way" ref="16885463" role=""/>
  <member type="way" ref="148298984" role=""/>
  <member type="way" ref="396360821" role=""/>
  <member type="way" ref="240892063" role=""/>
  <member type="way" ref="253581215" role=""/>
  <member type="way" ref="517980948" role=""/>
  <member type="way" ref="108654506" role=""/>
  <member type="way" ref="253447829" role=""/>
  <member type="way" ref="396360820" role=""/>
  <member type="way" ref="396360818" role=""/>
  <member type="way" ref="396360817" role=""/>
  <member type="way" ref="16624948" role=""/>
  <member type="way" ref="16624950" role=""/>
  <member type="way" ref="125170501" role=""/>
  <member type="way" ref="1467802624" role=""/>
  <member type="way" ref="108654511" role=""/>
  <member type="way" ref="396383501" role=""/>
  <member type="way" ref="396383510" role=""/>
  <member type="way" ref="396383507" role=""/>
  <member type="way" ref="396383502" role=""/>
  <member type="way" ref="27872402" role=""/>
  <member type="way" ref="396383499" role=""/>
  <member type="way" ref="396383500" role=""/>
  <member type="way" ref="396383505" role=""/>
  <member type="way" ref="16629042" role=""/>
  <member type="way" ref="1486858706" role=""/>
  <member type="way" ref="396383503" role=""/>
  <member type="way" ref="1083341412" role=""/>
  <member type="way" ref="396383509" role=""/>
  <member type="way" ref="125170500" role=""/>
  <member type="way" ref="1079815903" role=""/>
  <member type="way" ref="109114370" role=""/>
  <member type="way" ref="16732067" role=""/>
  <member type="way" ref="23097341" role=""/>
  <member type="way" ref="16633848" role=""/>
  <member type="way" ref="608817823" role=""/>
  <member type="way" ref="837103005" role=""/>
  <member type="way" ref="1150476735" role=""/>
  <member type="way" ref="141458294" role=""/>
  <member type="way" ref="1150476739" role=""/>
  <member type="way" ref="1150476738" role=""/>
  <member type="way" ref="1150476737" role=""/>
  <member type="way" ref="1150476736" role=""/>
  <member type="way" ref="1421589816" role=""/>
  <member type="way" ref="379663677" role=""/>
  <member type="way" ref="1150476740" role=""/>
  <member type="way" ref="1421589812" role=""/>
  <member type="way" ref="16735434" role=""/>
  <member type="way" ref="379663682" role=""/>
  <member type="way" ref="612215685" role=""/>
  <member type="way" ref="1421801069" role=""/>
  <member type="way" ref="837103003" role=""/>
  <member type="way" ref="244811955" role=""/>
  <member type="way" ref="769154058" role=""/>
  <member type="way" ref="4252910" role=""/>
  <member type="way" ref="769154055" role=""/>
  <member type="way" ref="51206184" role=""/>
  <member type="way" ref="1468368769" role=""/>
  <member type="way" ref="1354289257" role=""/>
  <member type="way" ref="1468288120" role=""/>
  <tag k="check_date" v="2021-09-21"/>
  <tag k="colour" v="#73d700"/>
  <tag k="from" v="Madrid, Estación Sur de Autobuses"/>
  <tag k="name" v="Flixbus N748: Madrid, Estación Sur de Autobuses → Lyon, Perrache"/>
  <tag k="name:de" v="Flixbus N748: Madrid, Busbahnhof Süd → Lyon, Perrache"/>
  <tag k="name:es" v="Flixbus N748: Madrid, Estación Sur de Autobuses → Lyon, Perrache"/>
  <tag k="name:eu" v="Flixbus N748: Madril, Hegoaldeko autobus geltokia → Lyon, Perrache"/>
  <tag k="name:fr" v="Flixbus N748: Madrid, Gare Routière Sud → Lyon, Perrache"/>
  <tag k="network" v="Flixbus"/>
  <tag k="network:wikidata" v="Q15712258"/>
  <tag k="network:wikipedia" v="en:Flixbus"/>
  <tag k="operator" v="Flixbus"/>
  <tag k="public_transport:version" v="2"/>
  <tag k="ref" v="N748"/>
  <tag k="route" v="bus"/>
  <tag k="to" v="Lyon, Perrache"/>
  <tag k="type" v="route"/>
 </relation>
 <relation id="13164680" visible="true" version="4" changeset="122572005" timestamp="2022-06-19T09:19:51Z" user="Robot8A" uid="393359">
  <member type="relation" ref="13164679" role=""/>
  <member type="relation" ref="14271437" role=""/>
  <tag k="colour" v="#73d700"/>
  <tag k="name" v="Flixbus N748"/>
  <tag k="network" v="Flixbus"/>
  <tag k="network:wikidata" v="Q15712258"/>
  <tag k="network:wikipedia" v="en:Flixbus"/>
  <tag k="operator" v="Flixbus"/>
  <tag k="public_transport:version" v="2"/>
  <tag k="ref" v="N748"/>
  <tag k="route_master" v="bus"/>
  <tag k="type" v="route_master"/>
 </relation>
 <relation id="14271437" visible="true" version="165" changeset="188923499" timestamp="2026-09-12T16:05:54Z" user="Grandasse" uid="1407325">
  <member type="node" ref="2380205864" role="stop"/>
  <member type="node" ref="11519178508" role="platform"/>
  <member type="node" ref="6312690382" role="stop"/>
  <member type="node" ref="11476191970" role="platform"/>
  <member type="node" ref="4497580390" role="stop"/>
  <member type="node" ref="1737139974" role="platform"/>
  <member type="node" ref="11233979658" role="stop"/>
  <member type="node" ref="2102046475" role="platform"/>
  <member type="node" ref="224101094" role="stop"/>
  <member type="node" ref="8399487641" role="platform"/>
  <member type="node" ref="7390900350" role="stop"/>
  <member type="way" ref="1468288119" role=""/>
  <member type="way" ref="1417061455" role=""/>
  <member type="way" ref="1468287390" role=""/>
  <member type="way" ref="1354289257" role=""/>
  <member type="way" ref="1468368769" role=""/>
  <member type="way" ref="51206184" role=""/>
  <member type="way" ref="769154055" role=""/>
  <member type="way" ref="4252910" role=""/>
  <member type="way" ref="769154058" role=""/>
  <member type="way" ref="156013586" role=""/>
  <member type="way" ref="769154059" role=""/>
  <member type="way" ref="769154060" role=""/>
  <member type="way" ref="769154061" role=""/>
  <member type="way" ref="156013589" role=""/>
  <member type="way" ref="1421801072" role=""/>
  <member type="way" ref="1421801071" role=""/>
  <member type="way" ref="244811954" role=""/>
  <member type="way" ref="1421801073" role=""/>
  <member type="way" ref="1421801075" role=""/>
  <member type="way" ref="1421801074" role=""/>
  <member type="way" ref="1421801085" role=""/>
  <member type="way" ref="1421801082" role=""/>
  <member type="way" ref="1421801084" role=""/>
  <member type="way" ref="1421801081" role=""/>
  <member type="way" ref="16735419" role=""/>
  <member type="way" ref="1421801076" role=""/>
  <member type="way" ref="1150304658" role=""/>
  <member type="way" ref="608817822" role=""/>
  <member type="way" ref="769368933" role=""/>
  <member type="way" ref="16633852" role=""/>
  <member type="way" ref="89367147" role=""/>
  <member type="way" ref="89367159" role=""/>
  <member type="way" ref="141458295" role=""/>
  <member type="way" ref="1486868158" role=""/>
  <member type="way" ref="1150224540" role=""/>
  <member type="way" ref="255183665" role=""/>
  <member type="way" ref="125170503" role=""/>
  <member type="way" ref="16624945" role=""/>
  <member type="way" ref="1024017571" role=""/>
  <member type="way" ref="16624947" role=""/>
  <member type="way" ref="666432149" role=""/>
  <member type="way" ref="409155795" role=""/>
  <member type="way" ref="478222593" role=""/>
  <member type="way" ref="478222597" role=""/>
  <member type="way" ref="481266937" role=""/>
  <member type="way" ref="355507807" role=""/>
  <member type="way" ref="481266934" role=""/>
  <member type="way" ref="148298977" role=""/>
  <member type="way" ref="148298987" role=""/>
  <member type="way" ref="16885457" role=""/>
  <member type="way" ref="1054254032" role=""/>
  <member type="way" ref="1054254033" role=""/>
  <member type="way" ref="517974890" role=""/>
  <member type="way" ref="517974884" role=""/>
  <member type="way" ref="16885460" role=""/>
  <member type="way" ref="1054256880" role=""/>
  <member type="way" ref="1265617822" role=""/>
  <member type="way" ref="8080840" role=""/>
  <member type="way" ref="396292574" role=""/>
  <member type="way" ref="8080839" role=""/>
  <member type="way" ref="478251749" role=""/>
  <member type="way" ref="396292575" role=""/>
  <member type="way" ref="478251744" role=""/>
  <member type="way" ref="23427491" role=""/>
  <member type="way" ref="96232655" role=""/>
  <member type="way" ref="96232668" role=""/>
  <member type="way" ref="96232659" role=""/>
  <member type="way" ref="96232683" role=""/>
  <member type="way" ref="96232676" role=""/>
  <member type="way" ref="96232663" role=""/>
  <member type="way" ref="141644974" role=""/>
  <member type="way" ref="255184878" role=""/>
  <member type="way" ref="222396375" role=""/>
  <member type="way" ref="1054256881" role=""/>
  <member type="way" ref="1054256882" role=""/>
  <member type="way" ref="286822676" role=""/>
  <member type="way" ref="478275514" role=""/>
  <member type="way" ref="478275513" role=""/>
  <member type="way" ref="286822674" role=""/>
  <member type="way" ref="253567792" role=""/>
  <member type="way" ref="253567793" role=""/>
  <member type="way" ref="517542817" role=""/>
  <member type="way" ref="478282327" role=""/>
  <member type="way" ref="478282326" role=""/>
  <member type="way" ref="222371621" role=""/>
  <member type="way" ref="478282325" role=""/>
  <member type="way" ref="225059383" role=""/>
  <member type="way" ref="478282324" role=""/>
  <member type="way" ref="225059391" role=""/>
  <member type="way" ref="222371623" role=""/>
  <member type="way" ref="478290557" role=""/>
  <member type="way" ref="478290553" role=""/>
  <member type="way" ref="478290552" role=""/>
  <member type="way" ref="478290556" role=""/>
  <member type="way" ref="255184879" role=""/>
  <member type="way" ref="478290550" role=""/>
  <member type="way" ref="1356504042" role=""/>
  <member type="way" ref="478290549" role=""/>
  <member type="way" ref="222396372" role=""/>
  <member type="way" ref="214606014" role=""/>
  <member type="way" ref="517528863" role=""/>
  <member type="way" ref="517528862" role=""/>
  <member type="way" ref="517528864" role=""/>
  <member type="way" ref="122016386" role=""/>
  <member type="way" ref="222396373" role=""/>
  <member type="way" ref="255184877" role=""/>
  <member type="way" ref="457030842" role=""/>
  <member type="way" ref="457030845" role=""/>
  <member type="way" ref="478290546" role=""/>
  <member type="way" ref="4533933" role=""/>
  <member type="way" ref="478298980" role=""/>
  <member type="way" ref="478298981" role=""/>
  <member type="way" ref="289103090" role=""/>
  <member type="way" ref="289103091" role=""/>
  <member type="way" ref="517333574" role=""/>
  <member type="way" ref="517333566" role=""/>
  <member type="way" ref="234564350" role=""/>
  <member type="way" ref="234564352" role=""/>
  <member type="way" ref="478298977" role=""/>
  <member type="way" ref="478298978" role=""/>
  <member type="way" ref="478314242" role=""/>
  <member type="way" ref="418678008" role=""/>
  <member type="way" ref="478314239" role=""/>
  <member type="way" ref="418677921" role=""/>
  <member type="way" ref="418677908" role=""/>
  <member type="way" ref="418677983" role=""/>
  <member type="way" ref="2978009" role=""/>
  <member type="way" ref="920885134" role=""/>
  <member type="way" ref="920885132" role=""/>
  <member type="way" ref="366474275" role=""/>
  <member type="way" ref="25966669" role=""/>
  <member type="way" ref="25966670" role=""/>
  <member type="way" ref="174435120" role=""/>
  <member type="way" ref="174435118" role=""/>
  <member type="way" ref="366474272" role=""/>
  <member type="way" ref="272325399" role=""/>
  <member type="way" ref="272325401" role=""/>
  <member type="way" ref="478323105" role=""/>
  <member type="way" ref="478323106" role=""/>
  <member type="way" ref="478323102" role=""/>
  <member type="way" ref="366474277" role=""/>
  <member type="way" ref="478351310" role=""/>
  <member type="way" ref="4973110" role=""/>
  <member type="way" ref="119661113" role=""/>
  <member type="way" ref="478351308" role=""/>
  <member type="way" ref="517198275" role=""/>
  <member type="way" ref="119661115" role=""/>
  <member type="way" ref="478351305" role=""/>
  <member type="way" ref="478351299" role=""/>
  <member type="way" ref="478351298" role=""/>
  <member type="way" ref="478351306" role=""/>
  <member type="way" ref="517033155" role=""/>
  <member type="way" ref="517033154" role=""/>
  <member type="way" ref="4973111" role=""/>
  <member type="way" ref="20029125" role=""/>
  <member type="way" ref="192723107" role=""/>
  <member type="way" ref="192723106" role=""/>
  <member type="way" ref="478351295" role=""/>
  <member type="way" ref="192505146" role=""/>
  <member type="way" ref="192505148" role=""/>
  <member type="way" ref="516793513" role=""/>
  <member type="way" ref="23712536" role=""/>
  <member type="way" ref="478351289" role=""/>
  <member type="way" ref="111411061" role=""/>
  <member type="way" ref="111411044" role=""/>
  <member type="way" ref="478351290" role=""/>
  <member type="way" ref="111411066" role=""/>
  <member type="way" ref="111411043" role=""/>
  <member type="way" ref="162885412" role=""/>
  <member type="way" ref="478352919" role=""/>
  <member type="way" ref="162885414" role=""/>
  <member type="way" ref="222387256" role=""/>
  <member type="way" ref="427986131" role=""/>
  <member type="way" ref="478353773" role=""/>
  <member type="way" ref="478353772" role=""/>
  <member type="way" ref="222371622" role=""/>
  <member type="way" ref="478381566" role=""/>
  <member type="way" ref="659408901" role=""/>
  <member type="way" ref="478381567" role=""/>
  <member type="way" ref="472349224" role=""/>
  <member type="way" ref="472349220" role=""/>
  <member type="way" ref="160954396" role=""/>
  <member type="way" ref="478383730" role=""/>
  <member type="way" ref="478383729" role=""/>
  <member type="way" ref="478386596" role=""/>
  <member type="way" ref="478386595" role=""/>
  <member type="way" ref="160954397" role=""/>
  <member type="way" ref="94131933" role=""/>
  <member type="way" ref="478386593" role=""/>
  <member type="way" ref="478386592" role=""/>
  <member type="way" ref="478386591" role=""/>
  <member type="way" ref="478386590" role=""/>
  <member type="way" ref="94131931" role=""/>
  <member type="way" ref="516407855" role=""/>
  <member type="way" ref="516407854" role=""/>
  <member type="way" ref="316491690" role=""/>
  <member type="way" ref="316491692" role=""/>
  <member type="way" ref="30985788" role=""/>
  <member type="way" ref="30985791" role=""/>
  <member type="way" ref="516376240" role=""/>
  <member type="way" ref="516376239" role=""/>
  <member type="way" ref="366474273" role=""/>
  <member type="way" ref="478393704" role=""/>
  <member type="way" ref="478393696" role=""/>
  <member type="way" ref="478393695" role=""/>
  <member type="way" ref="4355953" role=""/>
  <member type="way" ref="78564174" role=""/>
  <member type="way" ref="78564200" role=""/>
  <member type="way" ref="78564171" role=""/>
  <member type="way" ref="478396068" role=""/>
  <member type="way" ref="478396067" role=""/>
  <member type="way" ref="478396073" role=""/>
  <member type="way" ref="478396072" role=""/>
  <member type="way" ref="78564205" role=""/>
  <member type="way" ref="225059386" role=""/>
  <member type="way" ref="225059392" role=""/>
  <member type="way" ref="225059384" role=""/>
  <member type="way" ref="225059388" role=""/>
  <member type="way" ref="478396064" role=""/>
  <member type="way" ref="478396065" role=""/>
  <member type="way" ref="180398294" role=""/>
  <member type="way" ref="180398299" role=""/>
  <member type="way" ref="478396060" role=""/>
  <member type="way" ref="1377368887" role=""/>
  <member type="way" ref="516042642" role=""/>
  <member type="way" ref="516147906" role=""/>
  <member type="way" ref="516147907" role=""/>
  <member type="way" ref="516147913" role=""/>
  <member type="way" ref="516147914" role=""/>
  <member type="way" ref="516042641" role=""/>
  <member type="way" ref="366474274" role=""/>
  <member type="way" ref="478407845" role=""/>
  <member type="way" ref="478407841" role=""/>
  <member type="way" ref="478407840" role=""/>
  <member type="way" ref="478407851" role=""/>
  <member type="way" ref="516027074" role=""/>
  <member type="way" ref="516027073" role=""/>
  <member type="way" ref="165721687" role=""/>
  <member type="way" ref="165721685" role=""/>
  <member type="way" ref="35281524" role=""/>
  <member type="way" ref="35281525" role=""/>
  <member type="way" ref="172944866" role=""/>
  <member type="way" ref="172944856" role=""/>
  <member type="way" ref="35281533" role=""/>
  <member type="way" ref="478425517" role=""/>
  <member type="way" ref="478425516" role=""/>
  <member type="way" ref="478425513" role=""/>
  <member type="way" ref="478425511" role=""/>
  <member type="way" ref="35281532" role=""/>
  <member type="way" ref="478425496" role=""/>
  <member type="way" ref="478425494" role=""/>
  <member type="way" ref="478425493" role=""/>
  <member type="way" ref="478425497" role=""/>
  <member type="way" ref="478425519" role=""/>
  <member type="way" ref="119858337" role=""/>
  <member type="way" ref="119857901" role=""/>
  <member type="way" ref="150680009" role=""/>
  <member type="way" ref="478432066" role=""/>
  <member type="way" ref="478432065" role=""/>
  <member type="way" ref="478432064" role=""/>
  <member type="way" ref="478432063" role=""/>
  <member type="way" ref="478432060" role=""/>
  <member type="way" ref="150680012" role=""/>
  <member type="way" ref="273185905" role=""/>
  <member type="way" ref="478432059" role=""/>
  <member type="way" ref="273185908" role=""/>
  <member type="way" ref="478516528" role=""/>
  <member type="way" ref="478516524" role=""/>
  <member type="way" ref="478516523" role=""/>
  <member type="way" ref="25025913" role=""/>
  <member type="way" ref="110027876" role=""/>
  <member type="way" ref="110027879" role=""/>
  <member type="way" ref="219926727" role=""/>
  <member type="way" ref="219926729" role=""/>
  <member type="way" ref="219923251" role=""/>
  <member type="way" ref="224130059" role=""/>
  <member type="way" ref="219921668" role=""/>
  <member type="way" ref="224130053" role=""/>
  <member type="way" ref="515611539" role=""/>
  <member type="way" ref="515611540" role=""/>
  <member type="way" ref="515610507" role=""/>
  <member type="way" ref="515610508" role=""/>
  <member type="way" ref="515608966" role=""/>
  <member type="way" ref="294125302" role=""/>
  <member type="way" ref="247392054" role=""/>
  <member type="way" ref="294125310" role=""/>
  <member type="way" ref="43924171" role=""/>
  <member type="way" ref="478553595" role=""/>
  <member type="way" ref="43924167" role=""/>
  <member type="way" ref="174512975" role=""/>
  <member type="way" ref="4296634" role=""/>
  <member type="way" ref="43407816" role=""/>
  <member type="way" ref="43407817" role=""/>
  <member type="way" ref="4296636" role=""/>
  <member type="way" ref="294125328" role=""/>
  <member type="way" ref="478554741" role=""/>
  <member type="way" ref="294125324" role=""/>
  <member type="way" ref="96636986" role=""/>
  <member type="way" ref="96636990" role=""/>
  <member type="way" ref="47638897" role=""/>
  <member type="way" ref="47638895" role=""/>
  <member type="way" ref="247392064" role=""/>
  <member type="way" ref="189074559" role=""/>
  <member type="way" ref="189074612" role=""/>
  <member type="way" ref="294125331" role=""/>
  <member type="way" ref="247392065" role=""/>
  <member type="way" ref="189074544" role=""/>
  <member type="way" ref="189074636" role=""/>
  <member type="way" ref="43377009" role=""/>
  <member type="way" ref="43377010" role=""/>
  <member type="way" ref="22814613" role=""/>
  <member type="way" ref="536778005" role=""/>
  <member type="way" ref="536778008" role=""/>
  <member type="way" ref="294125652" role=""/>
  <member type="way" ref="294125654" role=""/>
  <member type="way" ref="294125656" role=""/>
  <member type="way" ref="478640064" role=""/>
  <member type="way" ref="30082125" role=""/>
  <member type="way" ref="30082126" role=""/>
  <member type="way" ref="294125659" role=""/>
  <member type="way" ref="478640060" role=""/>
  <member type="way" ref="232407498" role=""/>
  <member type="way" ref="252344536" role=""/>
  <member type="way" ref="252343196" role=""/>
  <member type="way" ref="252343197" role=""/>
  <member type="way" ref="32092919" role=""/>
  <member type="way" ref="32092922" role=""/>
  <member type="way" ref="478637301" role=""/>
  <member type="way" ref="478637302" role=""/>
  <member type="way" ref="252342269" role=""/>
  <member type="way" ref="252341870" role=""/>
  <member type="way" ref="25802974" role=""/>
  <member type="way" ref="478637297" role=""/>
  <member type="way" ref="25802975" role=""/>
  <member type="way" ref="162445584" role=""/>
  <member type="way" ref="162445586" role=""/>
  <member type="way" ref="30950547" role=""/>
  <member type="way" ref="30950548" role=""/>
  <member type="way" ref="162417206" role=""/>
  <member type="way" ref="478645093" role=""/>
  <member type="way" ref="478645088" role=""/>
  <member type="way" ref="478645111" role=""/>
  <member type="way" ref="478645106" role=""/>
  <member type="way" ref="32097606" role=""/>
  <member type="way" ref="478650954" role=""/>
  <member type="way" ref="380098476" role=""/>
  <member type="way" ref="23483310" role=""/>
  <member type="way" ref="478652513" role=""/>
  <member type="way" ref="478652511" role=""/>
  <member type="way" ref="478652510" role=""/>
  <member type="way" ref="427678156" role=""/>
  <member type="way" ref="211423431" role=""/>
  <member type="way" ref="211423391" role=""/>
  <member type="way" ref="232406787" role=""/>
  <member type="way" ref="32129076" role=""/>
  <member type="way" ref="32129077" role=""/>
  <member type="way" ref="224801091" role=""/>
  <member type="way" ref="478645126" role=""/>
  <member type="way" ref="478645122" role=""/>
  <member type="way" ref="224801097" role=""/>
  <member type="way" ref="252327453" role=""/>
  <member type="way" ref="17219590" role=""/>
  <member type="way" ref="252327451" role=""/>
  <member type="way" ref="252327457" role=""/>
  <member type="way" ref="30439682" role=""/>
  <member type="way" ref="30439683" role=""/>
  <member type="way" ref="32128921" role=""/>
  <member type="way" ref="32129073" role=""/>
  <member type="way" ref="224801094" role=""/>
  <member type="way" ref="224801095" role=""/>
  <member type="way" ref="305380990" role=""/>
  <member type="way" ref="305380985" role=""/>
  <member type="way" ref="99747749" role=""/>
  <member type="way" ref="478666715" role=""/>
  <member type="way" ref="478666714" role=""/>
  <member type="way" ref="99747750" role=""/>
  <member type="way" ref="478666708" role=""/>
  <member type="way" ref="478666711" role=""/>
  <member type="way" ref="99747745" role=""/>
  <member type="way" ref="514527206" role=""/>
  <member type="way" ref="514527203" role=""/>
  <member type="way" ref="99747748" role=""/>
  <member type="way" ref="478681575" role=""/>
  <member type="way" ref="478681576" role=""/>
  <member type="way" ref="478672513" role=""/>
  <member type="way" ref="478672520" role=""/>
  <member type="way" ref="478660681" role=""/>
  <member type="way" ref="478660670" role=""/>
  <member type="way" ref="478660665" role=""/>
  <member type="way" ref="478660685" role=""/>
  <member type="way" ref="478712224" role=""/>
  <member type="way" ref="17219614" role=""/>
  <member type="way" ref="17219616" role=""/>
  <member type="way" ref="359529381" role=""/>
  <member type="way" ref="359529380" role=""/>
  <member type="way" ref="252051531" role=""/>
  <member type="way" ref="252051529" role=""/>
  <member type="way" ref="478712222" role=""/>
  <member type="way" ref="478712223" role=""/>
  <member type="way" ref="11685128" role=""/>
  <member type="way" ref="646595559" role=""/>
  <member type="way" ref="9092471" role=""/>
  <member type="way" ref="478712888" role=""/>
  <member type="way" ref="478712887" role=""/>
  <member type="way" ref="957887278" role=""/>
  <member type="way" ref="957887279" role=""/>
  <member type="way" ref="1419984700" role=""/>
  <member type="way" ref="9092463" role=""/>
  <member type="way" ref="1050231487" role=""/>
  <member type="way" ref="674080177" role=""/>
  <member type="way" ref="719446687" role=""/>
  <member type="way" ref="154046645" role=""/>
  <member type="way" ref="154046649" role=""/>
  <member type="way" ref="718241823" role=""/>
  <member type="way" ref="719446686" role=""/>
  <member type="way" ref="154046656" role=""/>
  <member type="way" ref="720015421" role=""/>
  <member type="way" ref="720042838" role=""/>
  <member type="way" ref="720042841" role=""/>
  <member type="way" ref="155220238" role=""/>
  <member type="way" ref="674080183" role=""/>
  <member type="way" ref="227138321" role=""/>
  <member type="way" ref="227463862" role=""/>
  <member type="way" ref="227138320" role=""/>
  <member type="way" ref="674080184" role=""/>
  <member type="way" ref="16639779" role=""/>
  <member type="way" ref="721776975" role=""/>
  <member type="way" ref="708038802" role=""/>
  <member type="way" ref="674080185" role=""/>
  <member type="way" ref="227473973" role=""/>
  <member type="way" ref="228612715" role=""/>
  <member type="way" ref="674080186" role=""/>
  <member type="way" ref="1063348585" role=""/>
  <member type="way" ref="229418668" role=""/>
  <member type="way" ref="1063348581" role=""/>
  <member type="way" ref="228612715" role=""/>
  <member type="way" ref="228612714" role=""/>
  <member type="way" ref="227473971" role=""/>
  <member type="way" ref="674080187" role=""/>
  <member type="way" ref="227138322" role=""/>
  <member type="way" ref="403103402" role=""/>
  <member type="way" ref="674080188" role=""/>
  <member type="way" ref="403103405" role=""/>
  <member type="way" ref="403103406" role=""/>
  <member type="way" ref="403103408" role=""/>
  <member type="way" ref="780822071" role=""/>
  <member type="way" ref="155220237" role=""/>
  <member type="way" ref="720658095" role=""/>
  <member type="way" ref="8038563" role=""/>
  <member type="way" ref="720042840" role=""/>
  <member type="way" ref="720042839" role=""/>
  <member type="way" ref="154046652" role=""/>
  <member type="way" ref="718241818" role=""/>
  <member type="way" ref="154046647" role=""/>
  <member type="way" ref="1080930922" role=""/>
  <member type="way" ref="719387430" role=""/>
  <member type="way" ref="719387431" role=""/>
  <member type="way" ref="931724698" role=""/>
  <member type="way" ref="719387432" role=""/>
  <member type="way" ref="931724697" role=""/>
  <member type="way" ref="9092478" role=""/>
  <member type="way" ref="957887281" role=""/>
  <member type="way" ref="1419984699" role=""/>
  <member type="way" ref="957887280" role=""/>
  <member type="way" ref="646595566" role=""/>
  <member type="way" ref="9092454" role=""/>
  <member type="way" ref="28360094" role=""/>
  <member type="way" ref="478712219" role=""/>
  <member type="way" ref="478712218" role=""/>
  <member type="way" ref="478712217" role=""/>
  <member type="way" ref="33147110" role=""/>
  <member type="way" ref="24239727" role=""/>
  <member type="way" ref="478719260" role=""/>
  <member type="way" ref="478889559" role=""/>
  <member type="way" ref="478889558" role=""/>
  <member type="way" ref="11684377" role=""/>
  <member type="way" ref="16943662" role=""/>
  <member type="way" ref="478892796" role=""/>
  <member type="way" ref="478892795" role=""/>
  <member type="way" ref="478892793" role=""/>
  <member type="way" ref="478892792" role=""/>
  <member type="way" ref="16943651" role=""/>
  <member type="way" ref="24051151" role=""/>
  <member type="way" ref="24051155" role=""/>
  <member type="way" ref="59263265" role=""/>
  <member type="way" ref="54041426" role=""/>
  <member type="way" ref="232408103" role=""/>
  <member type="way" ref="222371628" role=""/>
  <member type="way" ref="16942336" role=""/>
  <member type="way" ref="1373092626" role=""/>
  <member type="way" ref="16942334" role=""/>
  <member type="way" ref="4296573" role=""/>
  <member type="way" ref="479079556" role=""/>
  <member type="way" ref="479079555" role=""/>
  <member type="way" ref="479079554" role=""/>
  <member type="way" ref="166094927" role=""/>
  <member type="way" ref="225045773" role=""/>
  <member type="way" ref="225045775" role=""/>
  <member type="way" ref="226432360" role=""/>
  <member type="way" ref="226432364" role=""/>
  <member type="way" ref="11682339" role=""/>
  <member type="way" ref="11682323" role=""/>
  <member type="way" ref="95393684" role=""/>
  <member type="way" ref="479079553" role=""/>
  <member type="way" ref="479079752" role=""/>
  <member type="way" ref="479079751" role=""/>
  <member type="way" ref="95393691" role=""/>
  <member type="way" ref="22921059" role=""/>
  <member type="way" ref="479114953" role=""/>
  <member type="way" ref="479114952" role=""/>
  <member type="way" ref="479114951" role=""/>
  <member type="way" ref="479114950" role=""/>
  <member type="way" ref="22921060" role=""/>
  <member type="way" ref="160235079" role=""/>
  <member type="way" ref="160235082" role=""/>
  <member type="way" ref="317086587" role=""/>
  <member type="way" ref="391973411" role=""/>
  <member type="way" ref="391973398" role=""/>
  <member type="way" ref="479123903" role=""/>
  <member type="way" ref="479123902" role=""/>
  <member type="way" ref="479123899" role=""/>
  <member type="way" ref="479123898" role=""/>
  <member type="way" ref="317086584" role=""/>
  <member type="way" ref="36839523" role=""/>
  <member type="way" ref="699918901" role=""/>
  <member type="way" ref="699918903" role=""/>
  <member type="way" ref="699918902" role=""/>
  <member type="way" ref="36839517" role=""/>
  <member type="way" ref="497325947" role=""/>
  <member type="way" ref="285281058" role=""/>
  <member type="way" ref="377982987" role=""/>
  <member type="way" ref="1373105053" role=""/>
  <member type="way" ref="699918904" role=""/>
  <member type="way" ref="674597648" role=""/>
  <member type="way" ref="1032868194" role=""/>
  <member type="way" ref="674597649" role=""/>
  <member type="way" ref="479799022" role=""/>
  <member type="way" ref="808017753" role=""/>
  <member type="way" ref="79539047" role=""/>
  <member type="way" ref="252044878" role=""/>
  <member type="way" ref="252044879" role=""/>
  <member type="way" ref="8604038" role=""/>
  <member type="way" ref="11681018" role=""/>
  <member type="way" ref="49577918" role=""/>
  <member type="way" ref="49577824" role=""/>
  <member type="way" ref="32258109" role=""/>
  <member type="way" ref="32258106" role=""/>
  <member type="way" ref="479127157" role=""/>
  <member type="way" ref="4296586" role=""/>
  <member type="way" ref="479221882" role=""/>
  <member type="way" ref="16921698" role=""/>
  <member type="way" ref="25965075" role=""/>
  <member type="way" ref="25965076" role=""/>
  <member type="way" ref="16922544" role=""/>
  <member type="way" ref="16922546" role=""/>
  <member type="way" ref="4296598" role=""/>
  <member type="way" ref="4296601" role=""/>
  <member type="way" ref="32258080" role=""/>
  <member type="way" ref="479229528" role=""/>
  <member type="way" ref="32258076" role=""/>
  <member type="way" ref="479229529" role=""/>
  <member type="way" ref="367645021" role=""/>
  <member type="way" ref="22878662" role=""/>
  <member type="way" ref="367645019" role=""/>
  <member type="way" ref="367645020" role=""/>
  <member type="way" ref="360899634" role=""/>
  <member type="way" ref="700074686" role=""/>
  <member type="way" ref="360899639" role=""/>
  <member type="way" ref="479246036" role=""/>
  <member type="way" ref="11660427" role=""/>
  <member type="way" ref="360890753" role=""/>
  <member type="way" ref="360890758" role=""/>
  <member type="way" ref="360890759" role=""/>
  <member type="way" ref="360890754" role=""/>
  <member type="way" ref="360890757" role=""/>
  <member type="way" ref="1240722111" role=""/>
  <member type="way" ref="1240722112" role=""/>
  <member type="way" ref="1240722108" role=""/>
  <member type="way" ref="1553899158" role=""/>
  <member type="way" ref="4296698" role=""/>
  <member type="way" ref="303093201" role=""/>
  <member type="way" ref="25843411" role=""/>
  <member type="way" ref="26780569" role=""/>
  <member type="way" ref="360890709" role=""/>
  <member type="way" ref="360890718" role=""/>
  <member type="way" ref="93866022" role=""/>
  <member type="way" ref="360890716" role=""/>
  <member type="way" ref="93863149" role=""/>
  <member type="way" ref="360890707" role=""/>
  <member type="way" ref="93863157" role=""/>
  <member type="way" ref="93863156" role=""/>
  <member type="way" ref="723849905" role=""/>
  <member type="way" ref="724284271" role=""/>
  <member type="way" ref="674080181" role=""/>
  <member type="way" ref="302968544" role=""/>
  <member type="way" ref="146793836" role=""/>
  <member type="way" ref="357192352" role=""/>
  <member type="way" ref="1460236617" role=""/>
  <member type="way" ref="823017415" role=""/>
  <member type="way" ref="302918896" role=""/>
  <member type="way" ref="302918897" role=""/>
  <member type="way" ref="81227028" role=""/>
  <member type="way" ref="93863153" role=""/>
  <member type="way" ref="360890737" role=""/>
  <member type="way" ref="360890741" role=""/>
  <member type="way" ref="81227027" role=""/>
  <member type="way" ref="4296699" role=""/>
  <member type="way" ref="360890713" role=""/>
  <member type="way" ref="360890719" role=""/>
  <member type="way" ref="25843417" role=""/>
  <member type="way" ref="25843416" role=""/>
  <member type="way" ref="360890724" role=""/>
  <member type="way" ref="83066082" role=""/>
  <member type="way" ref="1554607729" role=""/>
  <member type="way" ref="11660423" role=""/>
  <member type="way" ref="303110804" role=""/>
  <member type="way" ref="1496015827" role=""/>
  <member type="way" ref="303110808" role=""/>
  <member type="way" ref="303110809" role=""/>
  <member type="way" ref="479246034" role=""/>
  <member type="way" ref="479246033" role=""/>
  <member type="way" ref="479246032" role=""/>
  <member type="way" ref="11660416" role=""/>
  <member type="way" ref="22909893" role=""/>
  <member type="way" ref="22909903" role=""/>
  <member type="way" ref="22909904" role=""/>
  <member type="way" ref="22909894" role=""/>
  <member type="way" ref="22909895" role=""/>
  <member type="way" ref="369736957" role=""/>
  <member type="way" ref="620986695" role=""/>
  <member type="way" ref="499426995" role=""/>
  <member type="way" ref="1063197548" role=""/>
  <member type="way" ref="22909883" role=""/>
  <member type="way" ref="700091305" role=""/>
  <member type="way" ref="700091303" role=""/>
  <member type="way" ref="22909884" role=""/>
  <member type="way" ref="22909885" role=""/>
  <member type="way" ref="553156082" role=""/>
  <member type="way" ref="620985061" role=""/>
  <member type="way" ref="22964110" role=""/>
  <member type="way" ref="479246028" role=""/>
  <member type="way" ref="22964111" role=""/>
  <member type="way" ref="16804625" role=""/>
  <member type="way" ref="479247090" role=""/>
  <member type="way" ref="479247089" role=""/>
  <member type="way" ref="330935806" role=""/>
  <member type="way" ref="251982684" role=""/>
  <member type="way" ref="251982686" role=""/>
  <member type="way" ref="479253442" role=""/>
  <member type="way" ref="479253443" role=""/>
  <member type="way" ref="479253430" role=""/>
  <member type="way" ref="479253437" role=""/>
  <member type="way" ref="479253435" role=""/>
  <member type="way" ref="267620412" role=""/>
  <member type="way" ref="267620414" role=""/>
  <member type="way" ref="11986317" role=""/>
  <member type="way" ref="11986315" role=""/>
  <member type="way" ref="231537933" role=""/>
  <member type="way" ref="479253982" role=""/>
  <member type="way" ref="479253981" role=""/>
  <member type="way" ref="231537925" role=""/>
  <member type="way" ref="251979429" role=""/>
  <member type="way" ref="251979434" role=""/>
  <member type="way" ref="95289291" role=""/>
  <member type="way" ref="95289245" role=""/>
  <member type="way" ref="265059585" role=""/>
  <member type="way" ref="265059586" role=""/>
  <member type="way" ref="219244630" role=""/>
  <member type="way" ref="219244633" role=""/>
  <member type="way" ref="291297313" role=""/>
  <member type="way" ref="291297322" role=""/>
  <member type="way" ref="479277398" role=""/>
  <member type="way" ref="479277394" role=""/>
  <member type="way" ref="479277393" role=""/>
  <member type="way" ref="510987707" role=""/>
  <member type="way" ref="510987701" role=""/>
  <member type="way" ref="23046073" role=""/>
  <member type="way" ref="479299369" role=""/>
  <member type="way" ref="479299367" role=""/>
  <member type="way" ref="479299363" role=""/>
  <member type="way" ref="479299370" role=""/>
  <member type="way" ref="37100035" role=""/>
  <member type="way" ref="37100036" role=""/>
  <member type="way" ref="93340699" role=""/>
  <member type="way" ref="93340737" role=""/>
  <member type="way" ref="93340616" role=""/>
  <member type="way" ref="93340640" role=""/>
  <member type="way" ref="37332131" role=""/>
  <member type="way" ref="37332132" role=""/>
  <member type="way" ref="93340627" role=""/>
  <member type="way" ref="93340654" role=""/>
  <member type="way" ref="93340634" role=""/>
  <member type="way" ref="93340667" role=""/>
  <member type="way" ref="330933986" role=""/>
  <member type="way" ref="93340693" role=""/>
  <member type="way" ref="479323087" role=""/>
  <member type="way" ref="479323084" role=""/>
  <member type="way" ref="93340733" role=""/>
  <member type="way" ref="32257761" role=""/>
  <member type="way" ref="32257763" role=""/>
  <member type="way" ref="479324627" role=""/>
  <member type="way" ref="30433247" role=""/>
  <member type="way" ref="251955332" role=""/>
  <member type="way" ref="251955335" role=""/>
  <member type="way" ref="32808719" role=""/>
  <member type="way" ref="479559557" role=""/>
  <member type="way" ref="479559556" role=""/>
  <member type="way" ref="32808720" role=""/>
  <member type="way" ref="479566355" role=""/>
  <member type="way" ref="479566354" role=""/>
  <member type="way" ref="479566346" role=""/>
  <member type="way" ref="479566344" role=""/>
  <member type="way" ref="32075192" role=""/>
  <member type="way" ref="32075193" role=""/>
  <member type="way" ref="32075188" role=""/>
  <member type="way" ref="479606212" role=""/>
  <member type="way" ref="32075189" role=""/>
  <member type="way" ref="479680002" role=""/>
  <member type="way" ref="479606211" role=""/>
  <member type="way" ref="409084303" role=""/>
  <member type="way" ref="479606207" role=""/>
  <member type="way" ref="479606206" role=""/>
  <member type="way" ref="30433264" role=""/>
  <member type="way" ref="479606204" role=""/>
  <member type="way" ref="479606205" role=""/>
  <member type="way" ref="174577607" role=""/>
  <member type="way" ref="32257537" role=""/>
  <member type="way" ref="32257528" role=""/>
  <member type="way" ref="25672058" role=""/>
  <member type="way" ref="25672057" role=""/>
  <member type="way" ref="32074923" role=""/>
  <member type="way" ref="32074924" role=""/>
  <member type="way" ref="32074866" role=""/>
  <member type="way" ref="32074867" role=""/>
  <member type="way" ref="32074862" role=""/>
  <member type="way" ref="32074863" role=""/>
  <member type="way" ref="189217031" role=""/>
  <member type="way" ref="189217030" role=""/>
  <member type="way" ref="479698862" role=""/>
  <member type="way" ref="155251139" role=""/>
  <member type="way" ref="479698860" role=""/>
  <member type="way" ref="479698861" role=""/>
  <member type="way" ref="155251136" role=""/>
  <member type="way" ref="155251138" role=""/>
  <member type="way" ref="479729961" role=""/>
  <member type="way" ref="479729957" role=""/>
  <member type="way" ref="479729956" role=""/>
  <member type="way" ref="479729962" role=""/>
  <member type="way" ref="135981592" role=""/>
  <member type="way" ref="135981595" role=""/>
  <member type="way" ref="189217040" role=""/>
  <member type="way" ref="189217044" role=""/>
  <member type="way" ref="32257379" role=""/>
  <member type="way" ref="32257338" role=""/>
  <member type="way" ref="32257337" role=""/>
  <member type="way" ref="32257327" role=""/>
  <member type="way" ref="330933842" role=""/>
  <member type="way" ref="479733554" role=""/>
  <member type="way" ref="479733555" role=""/>
  <member type="way" ref="479733551" role=""/>
  <member type="way" ref="180736299" role=""/>
  <member type="way" ref="479733550" role=""/>
  <member type="way" ref="180736297" role=""/>
  <member type="way" ref="97566820" role=""/>
  <member type="way" ref="97566892" role=""/>
  <member type="way" ref="330933416" role=""/>
  <member type="way" ref="189217045" role=""/>
  <member type="way" ref="189217033" role=""/>
  <member type="way" ref="189217049" role=""/>
  <member type="way" ref="48174059" role=""/>
  <member type="way" ref="48174050" role=""/>
  <member type="way" ref="154477076" role=""/>
  <member type="way" ref="154477072" role=""/>
  <member type="way" ref="48174055" role=""/>
  <member type="way" ref="48174056" role=""/>
  <member type="way" ref="26715192" role=""/>
  <member type="way" ref="479721425" role=""/>
  <member type="way" ref="479721424" role=""/>
  <member type="way" ref="4298900" role=""/>
  <member type="way" ref="479721417" role=""/>
  <member type="way" ref="479721416" role=""/>
  <member type="way" ref="26715173" role=""/>
  <member type="way" ref="26715176" role=""/>
  <member type="way" ref="189217038" role=""/>
  <member type="way" ref="189217036" role=""/>
  <member type="way" ref="95255289" role=""/>
  <member type="way" ref="95255252" role=""/>
  <member type="way" ref="5172379" role=""/>
  <member type="way" ref="5172377" role=""/>
  <member type="way" ref="479747868" role=""/>
  <member type="way" ref="26716756" role=""/>
  <member type="way" ref="479757385" role=""/>
  <member type="way" ref="189195882" role=""/>
  <member type="way" ref="781139626" role=""/>
  <member type="way" ref="479747867" role=""/>
  <member type="way" ref="4299001" role=""/>
  <member type="way" ref="158449385" role=""/>
  <member type="way" ref="158449388" role=""/>
  <member type="way" ref="479757381" role=""/>
  <member type="way" ref="479747862" role=""/>
  <member type="way" ref="800414946" role=""/>
  <member type="way" ref="4299216" role=""/>
  <member type="way" ref="48372341" role=""/>
  <member type="way" ref="479757378" role=""/>
  <member type="way" ref="479757377" role=""/>
  <member type="way" ref="479757369" role=""/>
  <member type="way" ref="479757370" role=""/>
  <member type="way" ref="202669948" role=""/>
  <member type="way" ref="479758892" role=""/>
  <member type="way" ref="231529331" role=""/>
  <member type="way" ref="479948828" role=""/>
  <member type="way" ref="479948829" role=""/>
  <member type="way" ref="479948832" role=""/>
  <member type="way" ref="130164786" role=""/>
  <member type="way" ref="130164790" role=""/>
  <member type="way" ref="1431029286" role=""/>
  <member type="way" ref="130157169" role=""/>
  <member type="way" ref="130157168" role=""/>
  <member type="way" ref="64830217" role=""/>
  <member type="way" ref="479950875" role=""/>
  <member type="way" ref="479950870" role=""/>
  <member type="way" ref="479950869" role=""/>
  <member type="way" ref="64830229" role=""/>
  <member type="way" ref="479952817" role=""/>
  <member type="way" ref="479952818" role=""/>
  <member type="way" ref="479952811" role=""/>
  <member type="way" ref="130125498" role=""/>
  <member type="way" ref="479959054" role=""/>
  <member type="way" ref="130125501" role=""/>
  <member type="way" ref="39499277" role=""/>
  <member type="way" ref="479959051" role=""/>
  <member type="way" ref="39499276" role=""/>
  <member type="way" ref="95236511" role=""/>
  <member type="way" ref="479959047" role=""/>
  <member type="way" ref="479959046" role=""/>
  <member type="way" ref="479959039" role=""/>
  <member type="way" ref="479959038" role=""/>
  <member type="way" ref="479959037" role=""/>
  <member type="way" ref="95236486" role=""/>
  <member type="way" ref="38556730" role=""/>
  <member type="way" ref="38556731" role=""/>
  <member type="way" ref="479960162" role=""/>
  <member type="way" ref="479960165" role=""/>
  <member type="way" ref="26718123" role=""/>
  <member type="way" ref="479960170" role=""/>
  <member type="way" ref="479960169" role=""/>
  <member type="way" ref="4299377" role=""/>
  <member type="way" ref="510374308" role=""/>
  <member type="way" ref="232893037" role=""/>
  <member type="way" ref="95225180" role=""/>
  <member type="way" ref="95225186" role=""/>
  <member type="way" ref="68589270" role=""/>
  <member type="way" ref="95735347" role=""/>
  <member type="way" ref="510362014" role=""/>
  <member type="way" ref="510362016" role=""/>
  <member type="way" ref="68589279" role=""/>
  <member type="way" ref="68588989" role=""/>
  <member type="way" ref="27064778" role=""/>
  <member type="way" ref="27064777" role=""/>
  <member type="way" ref="5203345" role=""/>
  <member type="way" ref="26758367" role=""/>
  <member type="way" ref="26717465" role=""/>
  <member type="way" ref="482553693" role=""/>
  <member type="way" ref="26718125" role=""/>
  <member type="way" ref="95225179" role=""/>
  <member type="way" ref="482553686" role=""/>
  <member type="way" ref="482553685" role=""/>
  <member type="way" ref="482553678" role=""/>
  <member type="way" ref="482553676" role=""/>
  <member type="way" ref="95225184" role=""/>
  <member type="way" ref="1232976187" role=""/>
  <member type="way" ref="1232976188" role=""/>
  <member type="way" ref="231355936" role=""/>
  <member type="way" ref="231355935" role=""/>
  <member type="way" ref="482557236" role=""/>
  <member type="way" ref="482557237" role=""/>
  <member type="way" ref="482591090" role=""/>
  <member type="way" ref="482591091" role=""/>
  <member type="way" ref="482591473" role=""/>
  <member type="way" ref="482591466" role=""/>
  <member type="way" ref="482591465" role=""/>
  <member type="way" ref="26717818" role=""/>
  <member type="way" ref="482592750" role=""/>
  <member type="way" ref="482592746" role=""/>
  <member type="way" ref="482592745" role=""/>
  <member type="way" ref="482592752" role=""/>
  <member type="way" ref="482592760" role=""/>
  <member type="way" ref="482592759" role=""/>
  <member type="way" ref="482599666" role=""/>
  <member type="way" ref="4299715" role=""/>
  <member type="way" ref="482603414" role=""/>
  <member type="way" ref="1430839928" role=""/>
  <member type="way" ref="1430839929" role=""/>
  <member type="way" ref="482603415" role=""/>
  <member type="way" ref="482699757" role=""/>
  <member type="way" ref="79818348" role=""/>
  <member type="way" ref="79818369" role=""/>
  <member type="way" ref="29548453" role=""/>
  <member type="way" ref="482699759" role=""/>
  <member type="way" ref="29548455" role=""/>
  <member type="way" ref="482706236" role=""/>
  <member type="way" ref="482706237" role=""/>
  <member type="way" ref="482706233" role=""/>
  <member type="way" ref="482706232" role=""/>
  <member type="way" ref="42941249" role=""/>
  <member type="way" ref="482742264" role=""/>
  <member type="way" ref="482742263" role=""/>
  <member type="way" ref="482743815" role=""/>
  <member type="way" ref="482743814" role=""/>
  <member type="way" ref="34857656" role=""/>
  <member type="way" ref="482746794" role=""/>
  <member type="way" ref="409089386" role=""/>
  <member type="way" ref="482798381" role=""/>
  <member type="way" ref="31030183" role=""/>
  <member type="way" ref="482869796" role=""/>
  <member type="way" ref="482869798" role=""/>
  <member type="way" ref="482870250" role=""/>
  <member type="way" ref="482870249" role=""/>
  <member type="way" ref="22998901" role=""/>
  <member type="way" ref="22998903" role=""/>
  <member type="way" ref="22998914" role=""/>
  <member type="way" ref="499392880" role=""/>
  <member type="way" ref="499392870" role=""/>
  <member type="way" ref="499392871" role=""/>
  <member type="way" ref="499392879" role=""/>
  <member type="way" ref="22998919" role=""/>
  <member type="way" ref="499392848" role=""/>
  <member type="way" ref="499392853" role=""/>
  <member type="way" ref="202265956" role=""/>
  <member type="way" ref="202265966" role=""/>
  <member type="way" ref="499490320" role=""/>
  <member type="way" ref="499490352" role=""/>
  <member type="way" ref="499490351" role=""/>
  <member type="way" ref="38116355" role=""/>
  <member type="way" ref="499490344" role=""/>
  <member type="way" ref="4299613" role=""/>
  <member type="way" ref="499490340" role=""/>
  <member type="way" ref="499490343" role=""/>
  <member type="way" ref="499490335" role=""/>
  <member type="way" ref="342619865" role=""/>
  <member type="way" ref="499503988" role=""/>
  <member type="way" ref="14785747" role=""/>
  <member type="way" ref="499503987" role=""/>
  <member type="way" ref="499503986" role=""/>
  <member type="way" ref="14785742" role=""/>
  <member type="way" ref="499513767" role=""/>
  <member type="way" ref="499513773" role=""/>
  <member type="way" ref="49197570" role=""/>
  <member type="way" ref="499513762" role=""/>
  <member type="way" ref="14689640" role=""/>
  <member type="way" ref="499513765" role=""/>
  <member type="way" ref="499513764" role=""/>
  <member type="way" ref="4299609" role=""/>
  <member type="way" ref="51160392" role=""/>
  <member type="way" ref="499513759" role=""/>
  <member type="way" ref="30631485" role=""/>
  <member type="way" ref="499548873" role=""/>
  <member type="way" ref="2305914" role=""/>
  <member type="way" ref="51261612" role=""/>
  <member type="way" ref="1499556547" role=""/>
  <member type="way" ref="512305579" role=""/>
  <member type="way" ref="228606724" role=""/>
  <member type="way" ref="206106307" role=""/>
  <member type="way" ref="198278975" role=""/>
  <member type="way" ref="150331718" role=""/>
  <member type="way" ref="935623788" role=""/>
  <member type="way" ref="87941766" role=""/>
  <member type="way" ref="123823459" role=""/>
  <member type="way" ref="708038806" role=""/>
  <member type="way" ref="264430198" role=""/>
  <member type="way" ref="87949229" role=""/>
  <member type="way" ref="417863168" role=""/>
  <member type="way" ref="327422478" role=""/>
  <member type="way" ref="486625457" role=""/>
  <member type="way" ref="219375667" role=""/>
  <member type="way" ref="87949226" role=""/>
  <member type="way" ref="1337807926" role=""/>
  <member type="way" ref="171894928" role=""/>
  <member type="way" ref="171894927" role=""/>
  <member type="way" ref="383294282" role=""/>
  <member type="way" ref="27802179" role=""/>
  <member type="way" ref="383294283" role=""/>
  <member type="way" ref="123723910" role=""/>
  <member type="way" ref="1558339661" role=""/>
  <member type="way" ref="123723913" role=""/>
  <member type="way" ref="1558339662" role=""/>
  <member type="way" ref="310455634" role=""/>
  <member type="way" ref="51261621" role=""/>
  <member type="way" ref="1486712657" role=""/>
  <member type="way" ref="1486712656" role=""/>
  <member type="way" ref="48059051" role=""/>
  <member type="way" ref="523973388" role=""/>
  <member type="way" ref="51832719" role=""/>
  <member type="way" ref="123032373" role=""/>
  <member type="way" ref="38184724" role=""/>
  <member type="way" ref="224074048" role=""/>
  <member type="way" ref="224200679" role=""/>
  <member type="way" ref="1486274259" role=""/>
  <member type="way" ref="224200678" role=""/>
  <member type="way" ref="8101649" role=""/>
  <member type="way" ref="185298816" role=""/>
  <member type="way" ref="1306441800" role=""/>
  <member type="way" ref="185298817" role=""/>
  <member type="way" ref="222067819" role=""/>
  <member type="way" ref="452945387" role=""/>
  <member type="way" ref="222067821" role=""/>
  <member type="way" ref="23448225" role=""/>
  <member type="way" ref="536141329" role=""/>
  <member type="way" ref="1040059130" role=""/>
  <member type="way" ref="189324347" role=""/>
  <member type="way" ref="1421037776" role=""/>
  <member type="way" ref="189324343" role=""/>
  <member type="way" ref="219554357" role=""/>
  <member type="way" ref="224200679" role=""/>
  <member type="way" ref="1486274259" role=""/>
  <member type="way" ref="224200678" role=""/>
  <member type="way" ref="548888590" role=""/>
  <member type="way" ref="708038804" role=""/>
  <member type="way" ref="32791468" role=""/>
  <member type="way" ref="182382213" role=""/>
  <member type="way" ref="843232149" role=""/>
  <member type="way" ref="163799138" role=""/>
  <member type="way" ref="843232148" role=""/>
  <member type="way" ref="843232147" role=""/>
  <member type="way" ref="123032376" role=""/>
  <member type="way" ref="38184727" role=""/>
  <member type="way" ref="810222217" role=""/>
  <member type="way" ref="123032375" role=""/>
  <member type="way" ref="885663666" role=""/>
  <member type="way" ref="22756288" role=""/>
  <member type="way" ref="885663667" role=""/>
  <member type="way" ref="123006655" role=""/>
  <member type="way" ref="544388231" role=""/>
  <member type="way" ref="544388232" role=""/>
  <member type="way" ref="106197276" role=""/>
  <member type="way" ref="843295288" role=""/>
  <member type="way" ref="99272680" role=""/>
  <member type="way" ref="543503637" role=""/>
  <member type="way" ref="441406351" role=""/>
  <member type="way" ref="123006657" role=""/>
  <member type="way" ref="543503635" role=""/>
  <member type="way" ref="97539206" role=""/>
  <member type="way" ref="441406353" role=""/>
  <member type="way" ref="442037984" role=""/>
  <member type="way" ref="38184731" role=""/>
  <member type="way" ref="441406352" role=""/>
  <member type="way" ref="24848515" role=""/>
  <member type="way" ref="99272678" role=""/>
  <member type="way" ref="35444638" role=""/>
  <member type="way" ref="35444639" role=""/>
  <member type="way" ref="14794477" role=""/>
  <member type="way" ref="14794479" role=""/>
  <member type="way" ref="25535528" role=""/>
  <member type="way" ref="25535527" role=""/>
  <member type="way" ref="25535519" role=""/>
  <member type="way" ref="14794180" role=""/>
  <member type="way" ref="241966582" role=""/>
  <member type="way" ref="578573058" role=""/>
  <member type="way" ref="578573061" role=""/>
  <member type="way" ref="578573060" role=""/>
  <member type="way" ref="149716375" role=""/>
  <member type="way" ref="961224677" role=""/>
  <member type="way" ref="961224678" role=""/>
  <member type="way" ref="1275766587" role=""/>
  <member type="way" ref="618249285" role=""/>
  <member type="way" ref="911843815" role=""/>
  <member type="way" ref="911843814" role=""/>
  <member type="way" ref="618249284" role=""/>
  <member type="way" ref="499650725" role=""/>
  <member type="way" ref="499650723" role=""/>
  <member type="way" ref="499650724" role=""/>
  <member type="way" ref="14774990" role=""/>
  <member type="way" ref="499650712" role=""/>
  <member type="way" ref="499650711" role=""/>
  <member type="way" ref="26405564" role=""/>
  <member type="way" ref="499650709" role=""/>
  <member type="way" ref="499650708" role=""/>
  <member type="way" ref="499673590" role=""/>
  <member type="way" ref="499673584" role=""/>
  <member type="way" ref="32073304" role=""/>
  <member type="way" ref="499673561" role=""/>
  <member type="way" ref="499673567" role=""/>
  <member type="way" ref="499673515" role=""/>
  <member type="way" ref="499673492" role=""/>
  <member type="way" ref="23053022" role=""/>
  <member type="way" ref="144345519" role=""/>
  <member type="way" ref="499673490" role=""/>
  <member type="way" ref="105023702" role=""/>
  <member type="way" ref="499721366" role=""/>
  <member type="way" ref="149118852" role=""/>
  <member type="way" ref="499721365" role=""/>
  <member type="way" ref="499721364" role=""/>
  <member type="way" ref="26405354" role=""/>
  <member type="way" ref="499721358" role=""/>
  <member type="way" ref="499721359" role=""/>
  <member type="way" ref="499805029" role=""/>
  <member type="way" ref="499805014" role=""/>
  <member type="way" ref="499805009" role=""/>
  <member type="way" ref="499805006" role=""/>
  <member type="way" ref="85030181" role=""/>
  <member type="way" ref="32807571" role=""/>
  <member type="way" ref="26405508" role=""/>
  <member type="way" ref="207077983" role=""/>
  <member type="way" ref="499805002" role=""/>
  <member type="way" ref="499805000" role=""/>
  <member type="way" ref="499828082" role=""/>
  <member type="way" ref="499828081" role=""/>
  <member type="way" ref="207077986" role=""/>
  <member type="way" ref="499828074" role=""/>
  <member type="way" ref="499828075" role=""/>
  <member type="way" ref="499828055" role=""/>
  <member type="way" ref="499828053" role=""/>
  <member type="way" ref="499828051" role=""/>
  <member type="way" ref="499828056" role=""/>
  <member type="way" ref="499828036" role=""/>
  <member type="way" ref="499828035" role=""/>
  <member type="way" ref="499828044" role=""/>
  <member type="way" ref="97291301" role=""/>
  <member type="way" ref="97289165" role=""/>
  <member type="way" ref="499828034" role=""/>
  <member type="way" ref="499828033" role=""/>
  <member type="way" ref="499828031" role=""/>
  <member type="way" ref="499828028" role=""/>
  <member type="way" ref="499828029" role=""/>
  <member type="way" ref="26405337" role=""/>
  <member type="way" ref="499831798" role=""/>
  <member type="way" ref="499831797" role=""/>
  <member type="way" ref="499831799" role=""/>
  <member type="way" ref="499831790" role=""/>
  <member type="way" ref="499831792" role=""/>
  <member type="way" ref="499850516" role=""/>
  <member type="way" ref="499850515" role=""/>
  <member type="way" ref="285299954" role=""/>
  <member type="way" ref="499850512" role=""/>
  <member type="way" ref="142047012" role=""/>
  <member type="way" ref="1191373416" role=""/>
  <member type="way" ref="499850507" role=""/>
  <member type="way" ref="499850506" role=""/>
  <member type="way" ref="499850505" role=""/>
  <member type="way" ref="499850498" role=""/>
  <member type="way" ref="499850496" role=""/>
  <member type="way" ref="499850497" role=""/>
  <member type="way" ref="499857804" role=""/>
  <member type="way" ref="499857802" role=""/>
  <member type="way" ref="499857801" role=""/>
  <member type="way" ref="499857799" role=""/>
  <member type="way" ref="499857797" role=""/>
  <member type="way" ref="499857798" role=""/>
  <member type="way" ref="142047014" role=""/>
  <member type="way" ref="499883865" role=""/>
  <member type="way" ref="499883837" role=""/>
  <member type="way" ref="499883830" role=""/>
  <member type="way" ref="499883824" role=""/>
  <member type="way" ref="499883880" role=""/>
  <member type="way" ref="499883805" role=""/>
  <member type="way" ref="499883793" role=""/>
  <member type="way" ref="499883798" role=""/>
  <member type="way" ref="499883797" role=""/>
  <member type="way" ref="499883812" role=""/>
  <member type="way" ref="499883792" role=""/>
  <member type="way" ref="499883789" role=""/>
  <member type="way" ref="499883787" role=""/>
  <member type="way" ref="300917245" role=""/>
  <member type="way" ref="499895144" role=""/>
  <member type="way" ref="499895140" role=""/>
  <member type="way" ref="499895131" role=""/>
  <member type="way" ref="499895145" role=""/>
  <member type="way" ref="300795180" role=""/>
  <member type="way" ref="300795181" role=""/>
  <member type="way" ref="290292225" role=""/>
  <member type="way" ref="290292223" role=""/>
  <member type="way" ref="499895099" role=""/>
  <member type="way" ref="499895100" role=""/>
  <member type="way" ref="499895096" role=""/>
  <member type="way" ref="499895095" role=""/>
  <member type="way" ref="274858375" role=""/>
  <member type="way" ref="274858373" role=""/>
  <member type="way" ref="94732029" role=""/>
  <member type="way" ref="94731934" role=""/>
  <member type="way" ref="499899993" role=""/>
  <member type="way" ref="499899988" role=""/>
  <member type="way" ref="499899987" role=""/>
  <member type="way" ref="147512229" role=""/>
  <member type="way" ref="816814133" role=""/>
  <member type="way" ref="816814132" role=""/>
  <member type="way" ref="184997045" role=""/>
  <member type="way" ref="184997062" role=""/>
  <member type="way" ref="184997048" role=""/>
  <member type="way" ref="184997069" role=""/>
  <member type="way" ref="56685693" role=""/>
  <member type="way" ref="56685689" role=""/>
  <member type="way" ref="94731942" role=""/>
  <member type="way" ref="94731976" role=""/>
  <member type="way" ref="57069139" role=""/>
  <member type="way" ref="96378629" role=""/>
  <member type="way" ref="619275148" role=""/>
  <member type="way" ref="98668109" role=""/>
  <member type="way" ref="499918296" role=""/>
  <member type="way" ref="184997057" role=""/>
  <member type="way" ref="499918293" role=""/>
  <member type="way" ref="499918292" role=""/>
  <member type="way" ref="499918287" role=""/>
  <member type="way" ref="96378633" role=""/>
  <member type="way" ref="499918279" role=""/>
  <member type="way" ref="499918278" role=""/>
  <member type="way" ref="499918284" role=""/>
  <member type="way" ref="500070729" role=""/>
  <member type="way" ref="4396473" role=""/>
  <member type="way" ref="500070707" role=""/>
  <member type="way" ref="500070708" role=""/>
  <member type="way" ref="500070713" role=""/>
  <member type="way" ref="500070690" role=""/>
  <member type="way" ref="500070719" role=""/>
  <member type="way" ref="500070677" role=""/>
  <member type="way" ref="500070676" role=""/>
  <member type="way" ref="20033981" role=""/>
  <member type="way" ref="500070675" role=""/>
  <member type="way" ref="500070678" role=""/>
  <member type="way" ref="500070674" role=""/>
  <member type="way" ref="142661095" role=""/>
  <member type="way" ref="500103854" role=""/>
  <member type="way" ref="500103851" role=""/>
  <member type="way" ref="500103842" role=""/>
  <member type="way" ref="292044052" role=""/>
  <member type="way" ref="289022648" role=""/>
  <member type="way" ref="289022649" role=""/>
  <member type="way" ref="142661096" role=""/>
  <member type="way" ref="500160842" role=""/>
  <member type="way" ref="142661098" role=""/>
  <member type="way" ref="500160830" role=""/>
  <member type="way" ref="1046400783" role=""/>
  <member type="way" ref="1343425976" role=""/>
  <member type="way" ref="8112081" role=""/>
  <member type="way" ref="1313922059" role=""/>
  <member type="way" ref="1313922060" role=""/>
  <member type="way" ref="8112079" role=""/>
  <member type="way" ref="25469073" role=""/>
  <member type="way" ref="1498225262" role=""/>
  <member type="way" ref="1498225261" role=""/>
  <member type="way" ref="292044057" role=""/>
  <member type="way" ref="500175662" role=""/>
  <member type="way" ref="500175664" role=""/>
  <member type="way" ref="26348434" role=""/>
  <member type="way" ref="335374797" role=""/>
  <member type="way" ref="24288259" role=""/>
  <member type="way" ref="500185692" role=""/>
  <member type="way" ref="500185694" role=""/>
  <member type="way" ref="500185690" role=""/>
  <member type="way" ref="500185689" role=""/>
  <member type="way" ref="500185687" role=""/>
  <member type="way" ref="500185688" role=""/>
  <member type="way" ref="500185686" role=""/>
  <member type="way" ref="500219930" role=""/>
  <member type="way" ref="500219929" role=""/>
  <member type="way" ref="188134372" role=""/>
  <member type="way" ref="1381636006" role=""/>
  <member type="way" ref="987200908" role=""/>
  <member type="way" ref="500219927" role=""/>
  <member type="way" ref="135021156" role=""/>
  <member type="way" ref="500219926" role=""/>
  <member type="way" ref="388018644" role=""/>
  <member type="way" ref="312392210" role=""/>
  <member type="way" ref="509638666" role=""/>
  <member type="way" ref="312392213" role=""/>
  <member type="way" ref="312392209" role=""/>
  <member type="way" ref="312392208" role=""/>
  <member type="way" ref="312392214" role=""/>
  <member type="way" ref="312392215" role=""/>
  <member type="way" ref="509638667" role=""/>
  <member type="way" ref="388018642" role=""/>
  <member type="way" ref="500219923" role=""/>
  <member type="way" ref="509638671" role=""/>
  <member type="way" ref="388016617" role=""/>
  <member type="way" ref="388016616" role=""/>
  <member type="way" ref="388014929" role=""/>
  <member type="way" ref="500268756" role=""/>
  <member type="way" ref="509638672" role=""/>
  <member type="way" ref="500268757" role=""/>
  <member type="way" ref="500268753" role=""/>
  <member type="way" ref="509624031" role=""/>
  <member type="way" ref="388014928" role=""/>
  <member type="way" ref="500268749" role=""/>
  <member type="way" ref="500268741" role=""/>
  <member type="way" ref="500268750" role=""/>
  <member type="way" ref="500268748" role=""/>
  <member type="way" ref="500268751" role=""/>
  <member type="way" ref="500268739" role=""/>
  <member type="way" ref="500268738" role=""/>
  <member type="way" ref="957431162" role=""/>
  <member type="way" ref="500268737" role=""/>
  <member type="way" ref="500185691" role=""/>
  <member type="way" ref="500268735" role=""/>
  <member type="way" ref="500268734" role=""/>
  <member type="way" ref="500268733" role=""/>
  <member type="way" ref="500268736" role=""/>
  <member type="way" ref="500268729" role=""/>
  <member type="way" ref="500268732" role=""/>
  <member type="way" ref="500268731" role=""/>
  <member type="way" ref="500268726" role=""/>
  <member type="way" ref="500268723" role=""/>
  <member type="way" ref="387988988" role=""/>
  <member type="way" ref="500268725" role=""/>
  <member type="way" ref="500268730" role=""/>
  <member type="way" ref="59344151" role=""/>
  <member type="way" ref="500331343" role=""/>
  <member type="way" ref="500331341" role=""/>
  <member type="way" ref="25559977" role=""/>
  <member type="way" ref="25559940" role=""/>
  <member type="way" ref="25694004" role=""/>
  <member type="way" ref="500331333" role=""/>
  <member type="way" ref="500331331" role=""/>
  <member type="way" ref="500331327" role=""/>
  <member type="way" ref="500331326" role=""/>
  <member type="way" ref="500331325" role=""/>
  <member type="way" ref="500331323" role=""/>
  <member type="way" ref="25694025" role=""/>
  <member type="way" ref="81973203" role=""/>
  <member type="way" ref="500331321" role=""/>
  <member type="way" ref="500331319" role=""/>
  <member type="way" ref="500331318" role=""/>
  <member type="way" ref="500331316" role=""/>
  <member type="way" ref="1098098472" role=""/>
  <member type="way" ref="81973226" role=""/>
  <member type="way" ref="500331313" role=""/>
  <member type="way" ref="155271635" role=""/>
  <member type="way" ref="125017355" role=""/>
  <member type="way" ref="155271637" role=""/>
  <member type="way" ref="500362702" role=""/>
  <member type="way" ref="510708171" role=""/>
  <member type="way" ref="233209200" role=""/>
  <member type="way" ref="888090381" role=""/>
  <member type="way" ref="1220357237" role=""/>
  <member type="way" ref="1220357236" role=""/>
  <member type="way" ref="1255620831" role=""/>
  <member type="way" ref="1220357234" role=""/>
  <member type="way" ref="888090382" role=""/>
  <member type="way" ref="888090383" role=""/>
  <member type="way" ref="584866291" role=""/>
  <member type="way" ref="1125654391" role=""/>
  <member type="way" ref="1076615195" role=""/>
  <member type="way" ref="1220357222" role=""/>
  <member type="way" ref="1220357223" role=""/>
  <member type="way" ref="1220357225" role=""/>
  <member type="way" ref="253131846" role=""/>
  <member type="way" ref="599653403" role=""/>
  <member type="way" ref="240862355" role=""/>
  <member type="way" ref="75804259" role=""/>
  <member type="way" ref="75804257" role=""/>
  <member type="way" ref="240383782" role=""/>
  <member type="way" ref="500400135" role=""/>
  <member type="way" ref="500400134" role=""/>
  <member type="way" ref="500400133" role=""/>
  <member type="way" ref="234302221" role=""/>
  <member type="way" ref="938875846" role=""/>
  <member type="way" ref="509461934" role=""/>
  <member type="way" ref="500400132" role=""/>
  <member type="way" ref="500400131" role=""/>
  <member type="way" ref="234302222" role=""/>
  <member type="way" ref="78460219" role=""/>
  <member type="way" ref="500400130" role=""/>
  <member type="way" ref="983667086" role=""/>
  <member type="way" ref="500400128" role=""/>
  <member type="way" ref="500415345" role=""/>
  <member type="way" ref="229638926" role=""/>
  <member type="way" ref="500415343" role=""/>
  <member type="way" ref="500415341" role=""/>
  <member type="way" ref="500415344" role=""/>
  <member type="way" ref="229638925" role=""/>
  <member type="way" ref="157746816" role=""/>
  <member type="way" ref="157746817" role=""/>
  <member type="way" ref="532414083" role=""/>
  <member type="way" ref="157746818" role=""/>
  <member type="way" ref="959707241" role=""/>
  <member type="way" ref="268112187" role=""/>
  <member type="way" ref="500433362" role=""/>
  <member type="way" ref="268112184" role=""/>
  <member type="way" ref="76449715" role=""/>
  <member type="way" ref="500433361" role=""/>
  <member type="way" ref="500433359" role=""/>
  <member type="way" ref="500433360" role=""/>
  <member type="way" ref="1355693964" role=""/>
  <member type="way" ref="1552753161" role=""/>
  <member type="way" ref="128296749" role=""/>
  <member type="way" ref="500438208" role=""/>
  <member type="way" ref="1261801921" role=""/>
  <member type="way" ref="1301726632" role=""/>
  <member type="way" ref="1356693926" role=""/>
  <member type="way" ref="1261801922" role=""/>
  <member type="way" ref="1301726633" role=""/>
  <member type="way" ref="500464952" role=""/>
  <member type="way" ref="132402709" role=""/>
  <member type="way" ref="898166159" role=""/>
  <member type="way" ref="898166160" role=""/>
  <member type="way" ref="1300289591" role=""/>
  <member type="way" ref="1300289590" role=""/>
  <member type="way" ref="500464951" role=""/>
  <member type="way" ref="500464949" role=""/>
  <member type="way" ref="432619935" role=""/>
  <member type="way" ref="432619928" role=""/>
  <member type="way" ref="500464948" role=""/>
  <member type="way" ref="432619926" role=""/>
  <member type="way" ref="294157169" role=""/>
  <member type="way" ref="1261801428" role=""/>
  <member type="way" ref="1261801427" role=""/>
  <member type="way" ref="577865340" role=""/>
  <member type="way" ref="577865339" role=""/>
  <member type="way" ref="577865341" role=""/>
  <member type="way" ref="1147869590" role=""/>
  <member type="way" ref="1147869587" role=""/>
  <member type="way" ref="1240105507" role=""/>
  <member type="way" ref="1147869589" role=""/>
  <member type="way" ref="294321387" role=""/>
  <member type="way" ref="905611265" role=""/>
  <member type="way" ref="432619932" role=""/>
  <member type="way" ref="500470455" role=""/>
  <member type="way" ref="500470443" role=""/>
  <member type="way" ref="500470441" role=""/>
  <member type="way" ref="500470451" role=""/>
  <member type="way" ref="500470444" role=""/>
  <member type="way" ref="500470442" role=""/>
  <member type="way" ref="294321391" role=""/>
  <member type="way" ref="500470449" role=""/>
  <member type="way" ref="500470448" role=""/>
  <member type="way" ref="500470447" role=""/>
  <member type="way" ref="905611264" role=""/>
  <member type="way" ref="500534280" role=""/>
  <member type="way" ref="294338703" role=""/>
  <member type="way" ref="500534277" role=""/>
  <member type="way" ref="527518295" role=""/>
  <member type="way" ref="500534275" role=""/>
  <member type="way" ref="500534279" role=""/>
  <member type="way" ref="294394011" role=""/>
  <member type="way" ref="500534262" role=""/>
  <member type="way" ref="527518294" role=""/>
  <member type="way" ref="956331049" role=""/>
  <member type="way" ref="500534266" role=""/>
  <member type="way" ref="1300451295" role=""/>
  <member type="way" ref="500534270" role=""/>
  <member type="way" ref="132935410" role=""/>
  <member type="way" ref="432619933" role=""/>
  <member type="way" ref="509402859" role=""/>
  <member type="way" ref="500632213" role=""/>
  <member type="way" ref="132935426" role=""/>
  <member type="way" ref="532414082" role=""/>
  <member type="way" ref="132935420" role=""/>
  <member type="way" ref="432619931" role=""/>
  <member type="way" ref="500632212" role=""/>
  <member type="way" ref="509392302" role=""/>
  <member type="way" ref="432619930" role=""/>
  <member type="way" ref="432619934" role=""/>
  <member type="way" ref="500712316" role=""/>
  <member type="way" ref="291877845" role=""/>
  <member type="way" ref="983847201" role=""/>
  <member type="way" ref="1240137063" role=""/>
  <member type="way" ref="1240137062" role=""/>
  <member type="way" ref="1300544344" role=""/>
  <member type="way" ref="337257142" role=""/>
  <member type="way" ref="500712308" role=""/>
  <member type="way" ref="500712309" role=""/>
  <member type="way" ref="500712307" role=""/>
  <member type="way" ref="1212761125" role=""/>
  <member type="way" ref="48470456" role=""/>
  <member type="way" ref="532414091" role=""/>
  <member type="way" ref="532414081" role=""/>
  <member type="way" ref="34983470" role=""/>
  <member type="way" ref="364406987" role=""/>
  <member type="way" ref="432619923" role=""/>
  <member type="way" ref="983847202" role=""/>
  <member type="way" ref="432619927" role=""/>
  <member type="way" ref="500712303" role=""/>
  <member type="way" ref="509288441" role=""/>
  <member type="way" ref="509288434" role=""/>
  <member type="way" ref="364406988" role=""/>
  <member type="way" ref="364438414" role=""/>
  <member type="way" ref="500712302" role=""/>
  <member type="way" ref="500712301" role=""/>
  <member type="way" ref="532417439" role=""/>
  <member type="way" ref="132402710" role=""/>
  <member type="way" ref="500712299" role=""/>
  <member type="way" ref="500712300" role=""/>
  <member type="way" ref="333537486" role=""/>
  <member type="way" ref="527522846" role=""/>
  <member type="way" ref="333537485" role=""/>
  <member type="way" ref="500712298" role=""/>
  <member type="way" ref="500712297" role=""/>
  <member type="way" ref="500712295" role=""/>
  <member type="way" ref="500712292" role=""/>
  <member type="way" ref="1147954759" role=""/>
  <member type="way" ref="500712291" role=""/>
  <member type="way" ref="500712290" role=""/>
  <member type="way" ref="132402711" role=""/>
  <member type="way" ref="500712289" role=""/>
  <member type="way" ref="132615739" role=""/>
  <member type="way" ref="500725419" role=""/>
  <member type="way" ref="500725416" role=""/>
  <member type="way" ref="509283452" role=""/>
  <member type="way" ref="500725403" role=""/>
  <member type="way" ref="500725410" role=""/>
  <member type="way" ref="500725407" role=""/>
  <member type="way" ref="500725400" role=""/>
  <member type="way" ref="500725396" role=""/>
  <member type="way" ref="1262238851" role=""/>
  <member type="way" ref="1262238850" role=""/>
  <member type="way" ref="500725393" role=""/>
  <member type="way" ref="500725389" role=""/>
  <member type="way" ref="500725385" role=""/>
  <member type="way" ref="1147958567" role=""/>
  <member type="way" ref="1147958562" role=""/>
  <member type="way" ref="1147958570" role=""/>
  <member type="way" ref="500725372" role=""/>
  <member type="way" ref="500725370" role=""/>
  <member type="way" ref="1212556923" role=""/>
  <member type="way" ref="500725366" role=""/>
  <member type="way" ref="500725363" role=""/>
  <member type="way" ref="500731516" role=""/>
  <member type="way" ref="500731511" role=""/>
  <member type="way" ref="500731503" role=""/>
  <member type="way" ref="500731498" role=""/>
  <member type="way" ref="500731488" role=""/>
  <member type="way" ref="189332053" role=""/>
  <member type="way" ref="432619922" role=""/>
  <member type="way" ref="189332052" role=""/>
  <member type="way" ref="500731483" role=""/>
  <member type="way" ref="384308922" role=""/>
  <member type="way" ref="432619918" role=""/>
  <member type="way" ref="157746519" role=""/>
  <member type="way" ref="432619919" role=""/>
  <member type="way" ref="509222944" role=""/>
  <member type="way" ref="432619929" role=""/>
  <member type="way" ref="500735923" role=""/>
  <member type="way" ref="500735922" role=""/>
  <member type="way" ref="500735921" role=""/>
  <member type="way" ref="500735920" role=""/>
  <member type="way" ref="500751111" role=""/>
  <member type="way" ref="500751110" role=""/>
  <member type="way" ref="132615741" role=""/>
  <member type="way" ref="432619921" role=""/>
  <member type="way" ref="500751109" role=""/>
  <member type="way" ref="500751108" role=""/>
  <member type="way" ref="132615740" role=""/>
  <member type="way" ref="532414097" role=""/>
  <member type="way" ref="500751107" role=""/>
  <member type="way" ref="500751103" role=""/>
  <member type="way" ref="432614927" role=""/>
  <member type="way" ref="500751105" role=""/>
  <member type="way" ref="509222947" role=""/>
  <member type="way" ref="500751102" role=""/>
  <member type="way" ref="509222949" role=""/>
  <member type="way" ref="500751101" role=""/>
  <member type="way" ref="532417443" role=""/>
  <member type="way" ref="1273633798" role=""/>
  <member type="way" ref="1273633799" role=""/>
  <member type="way" ref="500751100" role=""/>
  <member type="way" ref="122775129" role=""/>
  <member type="way" ref="500751099" role=""/>
  <member type="way" ref="432614926" role=""/>
  <member type="way" ref="122775152" role=""/>
  <member type="way" ref="679139325" role=""/>
  <member type="way" ref="122775145" role=""/>
  <member type="way" ref="509222957" role=""/>
  <member type="way" ref="968206009" role=""/>
  <member type="way" ref="968206008" role=""/>
  <member type="way" ref="122775155" role=""/>
  <member type="way" ref="500799362" role=""/>
  <member type="way" ref="500799357" role=""/>
  <member type="way" ref="500799361" role=""/>
  <member type="way" ref="122775142" role=""/>
  <member type="way" ref="34984470" role=""/>
  <member type="way" ref="157748870" role=""/>
  <member type="way" ref="34984473" role=""/>
  <member type="way" ref="500799355" role=""/>
  <member type="way" ref="25772255" role=""/>
  <member type="way" ref="532414105" role=""/>
  <member type="way" ref="1255663331" role=""/>
  <member type="way" ref="94556057" role=""/>
  <member type="way" ref="432612925" role=""/>
  <member type="way" ref="500799347" role=""/>
  <member type="way" ref="509143236" role=""/>
  <member type="way" ref="500799346" role=""/>
  <member type="way" ref="500864926" role=""/>
  <member type="way" ref="232937633" role=""/>
  <member type="way" ref="500864919" role=""/>
  <member type="way" ref="500864921" role=""/>
  <member type="way" ref="532150501" role=""/>
  <member type="way" ref="500864924" role=""/>
  <member type="way" ref="500864917" role=""/>
  <member type="way" ref="274920997" role=""/>
  <member type="way" ref="274920996" role=""/>
  <member type="way" ref="297493762" role=""/>
  <member type="way" ref="500864913" role=""/>
  <member type="way" ref="500864911" role=""/>
  <member type="way" ref="500864909" role=""/>
  <member type="way" ref="1240378025" role=""/>
  <member type="way" ref="297493763" role=""/>
  <member type="way" ref="500864904" role=""/>
  <member type="way" ref="500864905" role=""/>
  <member type="way" ref="1240378021" role=""/>
  <member type="way" ref="435564764" role=""/>
  <member type="way" ref="1220547398" role=""/>
  <member type="way" ref="154527472" role=""/>
  <member type="way" ref="239279849" role=""/>
  <member type="way" ref="239279848" role=""/>
  <member type="way" ref="23678075" role=""/>
  <member type="way" ref="435564768" role=""/>
  <member type="way" ref="372187241" role=""/>
  <member type="way" ref="435564761" role=""/>
  <member type="way" ref="254317009" role=""/>
  <member type="way" ref="254317008" role=""/>
  <member type="way" ref="372187239" role=""/>
  <member type="way" ref="500889869" role=""/>
  <member type="way" ref="1301468022" role=""/>
  <member type="way" ref="80597288" role=""/>
  <member type="way" ref="500900010" role=""/>
  <member type="way" ref="500900011" role=""/>
  <member type="way" ref="500900009" role=""/>
  <member type="way" ref="500900008" role=""/>
  <member type="way" ref="500900006" role=""/>
  <member type="way" ref="80597286" role=""/>
  <member type="way" ref="500900002" role=""/>
  <member type="way" ref="500900000" role=""/>
  <member type="way" ref="500899995" role=""/>
  <member type="way" ref="509140974" role=""/>
  <member type="way" ref="509140975" role=""/>
  <member type="way" ref="283160710" role=""/>
  <member type="way" ref="500899993" role=""/>
  <member type="way" ref="500899990" role=""/>
  <member type="way" ref="500899994" role=""/>
  <member type="way" ref="500899991" role=""/>
  <member type="way" ref="500899992" role=""/>
  <member type="way" ref="283160711" role=""/>
  <member type="way" ref="283160713" role=""/>
  <member type="way" ref="283160712" role=""/>
  <member type="way" ref="283160715" role=""/>
  <member type="way" ref="283160714" role=""/>
  <member type="way" ref="501027857" role=""/>
  <member type="way" ref="501027856" role=""/>
  <member type="way" ref="501027855" role=""/>
  <member type="way" ref="501027848" role=""/>
  <member type="way" ref="700164969" role=""/>
  <member type="way" ref="700164970" role=""/>
  <member type="way" ref="180254059" role=""/>
  <member type="way" ref="180254057" role=""/>
  <member type="way" ref="501027847" role=""/>
  <member type="way" ref="501027846" role=""/>
  <member type="way" ref="501027845" role=""/>
  <member type="way" ref="501027844" role=""/>
  <member type="way" ref="1304380987" role=""/>
  <member type="way" ref="501027843" role=""/>
  <member type="way" ref="501027840" role=""/>
  <member type="way" ref="501027839" role=""/>
  <member type="way" ref="283160717" role=""/>
  <member type="way" ref="432462108" role=""/>
  <member type="way" ref="283160716" role=""/>
  <member type="way" ref="432462106" role=""/>
  <member type="way" ref="509139746" role=""/>
  <member type="way" ref="501027859" role=""/>
  <member type="way" ref="501027833" role=""/>
  <member type="way" ref="509139747" role=""/>
  <member type="way" ref="501027860" role=""/>
  <member type="way" ref="501027836" role=""/>
  <member type="way" ref="501027835" role=""/>
  <member type="way" ref="501027834" role=""/>
  <member type="way" ref="1411592431" role=""/>
  <member type="way" ref="501027832" role=""/>
  <member type="way" ref="698164637" role=""/>
  <member type="way" ref="698164640" role=""/>
  <member type="way" ref="700083254" role=""/>
  <member type="way" ref="501027831" role=""/>
  <member type="way" ref="501027830" role=""/>
  <member type="way" ref="372187238" role=""/>
  <member type="way" ref="1234955107" role=""/>
  <member type="way" ref="501027825" role=""/>
  <member type="way" ref="532145522" role=""/>
  <member type="way" ref="501027819" role=""/>
  <member type="way" ref="509083885" role=""/>
  <member type="way" ref="1418002201" role=""/>
  <member type="way" ref="964005304" role=""/>
  <member type="way" ref="532145521" role=""/>
  <member type="way" ref="501027841" role=""/>
  <member type="way" ref="501027858" role=""/>
  <member type="way" ref="501027812" role=""/>
  <member type="way" ref="501027807" role=""/>
  <member type="way" ref="501027802" role=""/>
  <member type="way" ref="501027800" role=""/>
  <member type="way" ref="366965371" role=""/>
  <member type="way" ref="501027799" role=""/>
  <member type="way" ref="501027798" role=""/>
  <member type="way" ref="432462105" role=""/>
  <member type="way" ref="432462109" role=""/>
  <member type="way" ref="366965372" role=""/>
  <member type="way" ref="198414680" role=""/>
  <member type="way" ref="1234934981" role=""/>
  <member type="way" ref="532145517" role=""/>
  <member type="way" ref="901363052" role=""/>
  <member type="way" ref="532145518" role=""/>
  <member type="way" ref="901363047" role=""/>
  <member type="way" ref="198414685" role=""/>
  <member type="way" ref="501037595" role=""/>
  <member type="way" ref="432462110" role=""/>
  <member type="way" ref="501037594" role=""/>
  <member type="way" ref="509078842" role=""/>
  <member type="way" ref="509078843" role=""/>
  <member type="way" ref="509078845" role=""/>
  <member type="way" ref="509078846" role=""/>
  <member type="way" ref="198437553" role=""/>
  <member type="way" ref="1234839077" role=""/>
  <member type="way" ref="1234839078" role=""/>
  <member type="way" ref="1148066500" role=""/>
  <member type="way" ref="1148066497" role=""/>
  <member type="way" ref="1148066501" role=""/>
  <member type="way" ref="198437558" role=""/>
  <member type="way" ref="197863281" role=""/>
  <member type="way" ref="432460745" role=""/>
  <member type="way" ref="432460748" role=""/>
  <member type="way" ref="209879714" role=""/>
  <member type="way" ref="206327538" role=""/>
  <member type="way" ref="1234833184" role=""/>
  <member type="way" ref="1234833185" role=""/>
  <member type="way" ref="206327545" role=""/>
  <member type="way" ref="180254058" role=""/>
  <member type="way" ref="1300352179" role=""/>
  <member type="way" ref="1300352180" role=""/>
  <member type="way" ref="570606173" role=""/>
  <member type="way" ref="886237255" role=""/>
  <member type="way" ref="25773132" role=""/>
  <member type="way" ref="758155237" role=""/>
  <member type="way" ref="758155238" role=""/>
  <member type="way" ref="25773133" role=""/>
  <member type="way" ref="796892795" role=""/>
  <member type="way" ref="796892798" role=""/>
  <member type="way" ref="197863280" role=""/>
  <member type="way" ref="197863279" role=""/>
  <member type="way" ref="1340794607" role=""/>
  <member type="way" ref="1340794608" role=""/>
  <member type="way" ref="372187240" role=""/>
  <member type="way" ref="222803795" role=""/>
  <member type="way" ref="222803788" role=""/>
  <member type="way" ref="372187338" role=""/>
  <member type="way" ref="339127094" role=""/>
  <member type="way" ref="1420045117" role=""/>
  <member type="way" ref="372187337" role=""/>
  <member type="way" ref="432460752" role=""/>
  <member type="way" ref="222803791" role=""/>
  <member type="way" ref="432460750" role=""/>
  <member type="way" ref="222803794" role=""/>
  <member type="way" ref="432460749" role=""/>
  <member type="way" ref="222803796" role=""/>
  <member type="way" ref="432460756" role=""/>
  <member type="way" ref="222803789" role=""/>
  <member type="way" ref="432460754" role=""/>
  <member type="way" ref="222803793" role=""/>
  <member type="way" ref="222803797" role=""/>
  <member type="way" ref="222803792" role=""/>
  <member type="way" ref="432460747" role=""/>
  <member type="way" ref="432460757" role=""/>
  <member type="way" ref="222803790" role=""/>
  <member type="way" ref="197863282" role=""/>
  <member type="way" ref="197863283" role=""/>
  <member type="way" ref="224485326" role=""/>
  <member type="way" ref="224485313" role=""/>
  <member type="way" ref="224485324" role=""/>
  <member type="way" ref="224485320" role=""/>
  <member type="way" ref="224485321" role=""/>
  <member type="way" ref="224485319" role=""/>
  <member type="way" ref="224485323" role=""/>
  <member type="way" ref="224485331" role=""/>
  <member type="way" ref="224485314" role=""/>
  <member type="way" ref="224485330" role=""/>
  <member type="way" ref="224485318" role=""/>
  <member type="way" ref="224485327" role=""/>
  <member type="way" ref="432460753" role=""/>
  <member type="way" ref="432460755" role=""/>
  <member type="way" ref="260533195" role=""/>
  <member type="way" ref="260533197" role=""/>
  <member type="way" ref="224485316" role=""/>
  <member type="way" ref="224485335" role=""/>
  <member type="way" ref="260533196" role=""/>
  <member type="way" ref="224485322" role=""/>
  <member type="way" ref="224485310" role=""/>
  <member type="way" ref="224485317" role=""/>
  <member type="way" ref="432460751" role=""/>
  <member type="way" ref="224485334" role=""/>
  <member type="way" ref="487951966" role=""/>
  <member type="way" ref="224485312" role=""/>
  <member type="way" ref="487951967" role=""/>
  <member type="way" ref="224485333" role=""/>
  <member type="way" ref="1304380986" role=""/>
  <member type="way" ref="1304380985" role=""/>
  <member type="way" ref="1304380981" role=""/>
  <member type="way" ref="1304380984" role=""/>
  <member type="way" ref="224485315" role=""/>
  <member type="way" ref="432451191" role=""/>
  <member type="way" ref="432451189" role=""/>
  <member type="way" ref="487951962" role=""/>
  <member type="way" ref="487951961" role=""/>
  <member type="way" ref="432451196" role=""/>
  <member type="way" ref="1081879560" role=""/>
  <member type="way" ref="1081879561" role=""/>
  <member type="way" ref="432451192" role=""/>
  <member type="way" ref="1081879559" role=""/>
  <member type="way" ref="1081879557" role=""/>
  <member type="way" ref="1081879554" role=""/>
  <member type="way" ref="1081879558" role=""/>
  <member type="way" ref="224485328" role=""/>
  <member type="way" ref="487757376" role=""/>
  <member type="way" ref="224485325" role=""/>
  <member type="way" ref="487757375" role=""/>
  <member type="way" ref="224485311" role=""/>
  <member type="way" ref="1082082201" role=""/>
  <member type="way" ref="224485332" role=""/>
  <member type="way" ref="224485329" role=""/>
  <member type="way" ref="1304380176" role=""/>
  <member type="way" ref="1304380177" role=""/>
  <member type="way" ref="215427237" role=""/>
  <member type="way" ref="1357553189" role=""/>
  <member type="way" ref="432451195" role=""/>
  <member type="way" ref="432451194" role=""/>
  <member type="way" ref="1241003241" role=""/>
  <member type="way" ref="432451190" role=""/>
  <member type="way" ref="593650754" role=""/>
  <member type="way" ref="593650756" role=""/>
  <member type="way" ref="593650755" role=""/>
  <member type="way" ref="432451193" role=""/>
  <member type="way" ref="1491059852" role=""/>
  <member type="way" ref="699205216" role=""/>
  <member type="way" ref="696830231" role=""/>
  <member type="way" ref="1241003242" role=""/>
  <member type="way" ref="215427236" role=""/>
  <member type="way" ref="1304380175" role=""/>
  <member type="way" ref="487757357" role=""/>
  <member type="way" ref="487757358" role=""/>
  <member type="way" ref="1304380174" role=""/>
  <member type="way" ref="1304380171" role=""/>
  <member type="way" ref="1304380170" role=""/>
  <member type="way" ref="1304380168" role=""/>
  <member type="way" ref="1304380169" role=""/>
  <member type="way" ref="394424271" role=""/>
  <member type="way" ref="1304378922" role=""/>
  <member type="way" ref="394423650" role=""/>
  <member type="way" ref="1304378933" role=""/>
  <member type="way" ref="1304378921" role=""/>
  <member type="way" ref="988540843" role=""/>
  <member type="way" ref="988540844" role=""/>
  <member type="way" ref="220245389" role=""/>
  <member type="way" ref="1108970761" role=""/>
  <member type="way" ref="1304378919" role=""/>
  <member type="way" ref="1304378915" role=""/>
  <member type="way" ref="1108970760" role=""/>
  <member type="way" ref="1240851974" role=""/>
  <member type="way" ref="1241185666" role=""/>
  <member type="way" ref="1241185667" role=""/>
  <member type="way" ref="1241185665" role=""/>
  <member type="way" ref="1240851973" role=""/>
  <member type="way" ref="1208616147" role=""/>
  <member type="way" ref="1208616148" role=""/>
  <member type="way" ref="220245387" role=""/>
  <member type="way" ref="1304378911" role=""/>
  <member type="way" ref="1304378910" role=""/>
  <member type="way" ref="1304378907" role=""/>
  <member type="way" ref="374838432" role=""/>
  <member type="way" ref="1304378904" role=""/>
  <member type="way" ref="1375338270" role=""/>
  <member type="way" ref="1375338269" role=""/>
  <member type="way" ref="982867234" role=""/>
  <member type="way" ref="982867233" role=""/>
  <member type="way" ref="374838439" role=""/>
  <member type="way" ref="982867231" role=""/>
  <member type="way" ref="374838435" role=""/>
  <member type="way" ref="1013878639" role=""/>
  <member type="way" ref="1013878638" role=""/>
  <member type="way" ref="1375338273" role=""/>
  <member type="way" ref="982867230" role=""/>
  <member type="way" ref="1013878643" role=""/>
  <member type="way" ref="1013878641" role=""/>
  <member type="way" ref="1013878640" role=""/>
  <member type="way" ref="374838430" role=""/>
  <member type="way" ref="222519498" role=""/>
  <member type="way" ref="1425991148" role=""/>
  <member type="way" ref="65049742" role=""/>
  <member type="way" ref="1082760616" role=""/>
  <member type="way" ref="378660709" role=""/>
  <member type="way" ref="26263388" role=""/>
  <member type="way" ref="26263399" role=""/>
  <member type="way" ref="378645072" role=""/>
  <member type="way" ref="378645069" role=""/>
  <member type="way" ref="743459821" role=""/>
  <member type="way" ref="1082744710" role=""/>
  <member type="way" ref="743459825" role=""/>
  <member type="way" ref="743459829" role=""/>
  <member type="way" ref="743459832" role=""/>
  <member type="way" ref="1082744709" role=""/>
  <member type="way" ref="182585861" role=""/>
  <member type="way" ref="894004614" role=""/>
  <member type="way" ref="894004617" role=""/>
  <member type="way" ref="894004618" role=""/>
  <member type="way" ref="894004621" role=""/>
  <member type="way" ref="894004619" role=""/>
  <member type="way" ref="894004620" role=""/>
  <member type="way" ref="496467932" role=""/>
  <member type="way" ref="404276297" role=""/>
  <member type="way" ref="1081881600" role=""/>
  <member type="way" ref="1081881599" role=""/>
  <member type="way" ref="743328357" role=""/>
  <member type="way" ref="893935668" role=""/>
  <member type="way" ref="893935669" role=""/>
  <member type="way" ref="743328354" role=""/>
  <member type="way" ref="404276299" role=""/>
  <member type="way" ref="893935674" role=""/>
  <member type="way" ref="893935673" role=""/>
  <member type="way" ref="893935672" role=""/>
  <member type="way" ref="35796956" role=""/>
  <member type="way" ref="35796955" role=""/>
  <member type="way" ref="182585897" role=""/>
  <member type="way" ref="1304089547" role=""/>
  <member type="way" ref="1304089548" role=""/>
  <member type="way" ref="1304089546" role=""/>
  <member type="way" ref="182585860" role=""/>
  <member type="way" ref="182585893" role=""/>
  <member type="way" ref="182585883" role=""/>
  <member type="way" ref="182585910" role=""/>
  <member type="way" ref="182585878" role=""/>
  <member type="way" ref="182585870" role=""/>
  <member type="way" ref="496332895" role=""/>
  <member type="way" ref="496332896" role=""/>
  <member type="way" ref="1543210331" role=""/>
  <member type="way" ref="1543210332" role=""/>
  <member type="way" ref="35796716" role=""/>
  <member type="way" ref="35796715" role=""/>
  <member type="way" ref="182585873" role=""/>
  <member type="way" ref="35796770" role=""/>
  <member type="way" ref="35796769" role=""/>
  <member type="way" ref="443190818" role=""/>
  <member type="way" ref="303759850" role=""/>
  <member type="way" ref="182585902" role=""/>
  <member type="way" ref="303759849" role=""/>
  <member type="way" ref="35796710" role=""/>
  <member type="way" ref="1425025788" role=""/>
  <member type="way" ref="26263400" role=""/>
  <member type="way" ref="35796709" role=""/>
  <member type="way" ref="182585901" role=""/>
  <member type="way" ref="35796708" role=""/>
  <member type="way" ref="23318039" role=""/>
  <member type="way" ref="35796706" role=""/>
  <member type="way" ref="35796707" role=""/>
  <member type="way" ref="182585856" role=""/>
  <member type="way" ref="182585884" role=""/>
  <member type="way" ref="182442410" role=""/>
  <member type="way" ref="182442406" role=""/>
  <member type="way" ref="182442408" role=""/>
  <member type="way" ref="182442407" role=""/>
  <member type="way" ref="182442411" role=""/>
  <member type="way" ref="182442409" role=""/>
  <member type="way" ref="182423650" role=""/>
  <member type="way" ref="1304089534" role=""/>
  <member type="way" ref="1304089535" role=""/>
  <member type="way" ref="1304089537" role=""/>
  <member type="way" ref="182423645" role=""/>
  <member type="way" ref="182423646" role=""/>
  <member type="way" ref="182423648" role=""/>
  <member type="way" ref="1304089539" role=""/>
  <member type="way" ref="1304089542" role=""/>
  <member type="way" ref="1304089540" role=""/>
  <member type="way" ref="225682737" role=""/>
  <member type="way" ref="1304089544" role=""/>
  <member type="way" ref="1304032187" role=""/>
  <member type="way" ref="1304032188" role=""/>
  <member type="way" ref="1304032191" role=""/>
  <member type="way" ref="68275873" role=""/>
  <member type="way" ref="68275876" role=""/>
  <member type="way" ref="225682736" role=""/>
  <member type="way" ref="737672647" role=""/>
  <member type="way" ref="68275867" role=""/>
  <member type="way" ref="68275871" role=""/>
  <member type="way" ref="737672646" role=""/>
  <member type="way" ref="737672648" role=""/>
  <member type="way" ref="1304032878" role=""/>
  <member type="way" ref="1304032879" role=""/>
  <member type="way" ref="1304032881" role=""/>
  <member type="way" ref="1304032883" role=""/>
  <member type="way" ref="1304032884" role=""/>
  <member type="way" ref="1305687285" role=""/>
  <member type="way" ref="1305687284" role=""/>
  <member type="way" ref="1304032885" role=""/>
  <member type="way" ref="1306506095" role=""/>
  <member type="way" ref="1304032886" role=""/>
  <member type="way" ref="1306506089" role=""/>
  <member type="way" ref="1306160854" role=""/>
  <member type="way" ref="1306140418" role=""/>
  <member type="way" ref="1306160821" role=""/>
  <member type="way" ref="1306160833" role=""/>
  <member type="way" ref="1306160822" role=""/>
  <member type="way" ref="1304032888" role=""/>
  <member type="way" ref="182423644" role=""/>
  <member type="way" ref="757407672" role=""/>
  <member type="way" ref="757407677" role=""/>
  <member type="way" ref="757407671" role=""/>
  <member type="way" ref="182423649" role=""/>
  <member type="way" ref="182423647" role=""/>
  <member type="way" ref="68274700" role=""/>
  <member type="way" ref="1255665594" role=""/>
  <member type="way" ref="68274702" role=""/>
  <member type="way" ref="819155964" role=""/>
  <member type="way" ref="819148952" role=""/>
  <member type="way" ref="819155965" role=""/>
  <member type="way" ref="819148953" role=""/>
  <member type="way" ref="818118681" role=""/>
  <member type="way" ref="1305898455" role=""/>
  <member type="way" ref="1305898456" role=""/>
  <member type="way" ref="1303829649" role=""/>
  <member type="way" ref="1305898441" role=""/>
  <member type="way" ref="1305898437" role=""/>
  <member type="way" ref="1305898410" role=""/>
  <member type="way" ref="1305898409" role=""/>
  <member type="way" ref="818118682" role=""/>
  <member type="way" ref="818118684" role=""/>
  <member type="way" ref="182260934" role=""/>
  <member type="way" ref="818118683" role=""/>
  <member type="way" ref="818118685" role=""/>
  <member type="way" ref="818113682" role=""/>
  <member type="way" ref="35796394" role=""/>
  <member type="way" ref="818113685" role=""/>
  <member type="way" ref="182260928" role=""/>
  <member type="way" ref="182260930" role=""/>
  <member type="way" ref="818109720" role=""/>
  <member type="way" ref="182260924" role=""/>
  <member type="way" ref="818106752" role=""/>
  <member type="way" ref="754049297" role=""/>
  <member type="way" ref="1312690393" role=""/>
  <member type="way" ref="754049298" role=""/>
  <member type="way" ref="754049299" role=""/>
  <member type="way" ref="754050313" role=""/>
  <member type="way" ref="818098773" role=""/>
  <member type="way" ref="754050315" role=""/>
  <member type="way" ref="754050316" role=""/>
  <member type="way" ref="754050320" role=""/>
  <member type="way" ref="754050324" role=""/>
  <member type="way" ref="754050323" role=""/>
  <member type="way" ref="492680467" role=""/>
  <member type="way" ref="818098782" role=""/>
  <member type="way" ref="818098781" role=""/>
  <member type="way" ref="818098779" role=""/>
  <member type="way" ref="818098778" role=""/>
  <member type="way" ref="492680466" role=""/>
  <member type="way" ref="182260931" role=""/>
  <member type="way" ref="907235501" role=""/>
  <member type="way" ref="907235500" role=""/>
  <member type="way" ref="907235497" role=""/>
  <member type="way" ref="907235499" role=""/>
  <member type="way" ref="182260926" role=""/>
  <member type="way" ref="818012536" role=""/>
  <member type="way" ref="818012537" role=""/>
  <member type="way" ref="68273250" role=""/>
  <member type="way" ref="68273252" role=""/>
  <member type="way" ref="68273238" role=""/>
  <member type="way" ref="35564553" role=""/>
  <member type="way" ref="68273253" role=""/>
  <member type="way" ref="1255665598" role=""/>
  <member type="way" ref="37855422" role=""/>
  <member type="way" ref="818002027" role=""/>
  <member type="way" ref="817835396" role=""/>
  <member type="way" ref="817839066" role=""/>
  <member type="way" ref="817839065" role=""/>
  <member type="way" ref="70881391" role=""/>
  <member type="way" ref="70881386" role=""/>
  <member type="way" ref="70881393" role=""/>
  <member type="way" ref="70881396" role=""/>
  <member type="way" ref="37855423" role=""/>
  <member type="way" ref="813985830" role=""/>
  <member type="way" ref="817817288" role=""/>
  <member type="way" ref="817817287" role=""/>
  <member type="way" ref="817820411" role=""/>
  <member type="way" ref="817817284" role=""/>
  <member type="way" ref="817817283" role=""/>
  <member type="way" ref="817817285" role=""/>
  <member type="way" ref="817817286" role=""/>
  <member type="way" ref="62292971" role=""/>
  <member type="way" ref="817789001" role=""/>
  <member type="way" ref="817789002" role=""/>
  <member type="way" ref="817786119" role=""/>
  <member type="way" ref="817786120" role=""/>
  <member type="way" ref="817786118" role=""/>
  <member type="way" ref="817786117" role=""/>
  <member type="way" ref="67253954" role=""/>
  <member type="way" ref="62292973" role=""/>
  <member type="way" ref="68255342" role=""/>
  <member type="way" ref="70588087" role=""/>
  <member type="way" ref="70588069" role=""/>
  <member type="way" ref="817651398" role=""/>
  <member type="way" ref="817651397" role=""/>
  <member type="way" ref="817651394" role=""/>
  <member type="way" ref="817651399" role=""/>
  <member type="way" ref="817651396" role=""/>
  <member type="way" ref="817651395" role=""/>
  <member type="way" ref="817323688" role=""/>
  <member type="way" ref="197443682" role=""/>
  <member type="way" ref="817318924" role=""/>
  <member type="way" ref="197443681" role=""/>
  <member type="way" ref="817318923" role=""/>
  <member type="way" ref="817318928" role=""/>
  <member type="way" ref="817317863" role=""/>
  <member type="way" ref="817317862" role=""/>
  <member type="way" ref="817294985" role=""/>
  <member type="way" ref="70595320" role=""/>
  <member type="way" ref="70595324" role=""/>
  <member type="way" ref="817284800" role=""/>
  <member type="way" ref="817290456" role=""/>
  <member type="way" ref="817284798" role=""/>
  <member type="way" ref="817284797" role=""/>
  <member type="way" ref="817277105" role=""/>
  <member type="way" ref="817290453" role=""/>
  <member type="way" ref="817284799" role=""/>
  <member type="way" ref="70864147" role=""/>
  <member type="way" ref="197443684" role=""/>
  <member type="way" ref="70458503" role=""/>
  <member type="way" ref="817267640" role=""/>
  <member type="way" ref="817267639" role=""/>
  <member type="way" ref="817267642" role=""/>
  <member type="way" ref="70857940" role=""/>
  <member type="way" ref="197443691" role=""/>
  <member type="way" ref="197443692" role=""/>
  <member type="way" ref="1255691758" role=""/>
  <member type="way" ref="1255691757" role=""/>
  <member type="way" ref="1427926650" role=""/>
  <member type="way" ref="817257138" role=""/>
  <member type="way" ref="1243661489" role=""/>
  <member type="way" ref="1243661490" role=""/>
  <member type="way" ref="512338628" role=""/>
  <member type="way" ref="1378000758" role=""/>
  <member type="way" ref="1378000757" role=""/>
  <member type="way" ref="512320541" role=""/>
  <member type="way" ref="1284974643" role=""/>
  <member type="way" ref="1284974642" role=""/>
  <member type="way" ref="1086374533" role=""/>
  <member type="way" ref="860300976" role=""/>
  <member type="way" ref="813620026" role=""/>
  <member type="way" ref="367829775" role=""/>
  <member type="way" ref="514396519" role=""/>
  <member type="way" ref="320410785" role=""/>
  <member type="way" ref="514396515" role=""/>
  <member type="way" ref="320410799" role=""/>
  <member type="way" ref="19218071" role=""/>
  <member type="way" ref="813582991" role=""/>
  <member type="way" ref="321358855" role=""/>
  <member type="way" ref="813610994" role=""/>
  <member type="way" ref="813582986" role=""/>
  <member type="way" ref="25956857" role=""/>
  <member type="way" ref="813582993" role=""/>
  <member type="way" ref="813573185" role=""/>
  <member type="way" ref="813573183" role=""/>
  <member type="way" ref="813573184" role=""/>
  <member type="way" ref="319482385" role=""/>
  <member type="way" ref="62298431" role=""/>
  <member type="way" ref="62298469" role=""/>
  <member type="way" ref="62298435" role=""/>
  <member type="way" ref="318732606" role=""/>
  <member type="way" ref="807464202" role=""/>
  <member type="way" ref="807464201" role=""/>
  <member type="way" ref="807464199" role=""/>
  <member type="way" ref="815717842" role=""/>
  <member type="way" ref="318732604" role=""/>
  <member type="way" ref="807464197" role=""/>
  <member type="way" ref="807464198" role=""/>
  <member type="way" ref="62298425" role=""/>
  <member type="way" ref="807454864" role=""/>
  <member type="way" ref="807464200" role=""/>
  <member type="way" ref="62298442" role=""/>
  <member type="way" ref="807454861" role=""/>
  <member type="way" ref="807454863" role=""/>
  <member type="way" ref="807454862" role=""/>
  <member type="way" ref="182237475" role=""/>
  <member type="way" ref="182237480" role=""/>
  <member type="way" ref="95952365" role=""/>
  <member type="way" ref="95952364" role=""/>
  <member type="way" ref="329668740" role=""/>
  <member type="way" ref="807442437" role=""/>
  <member type="way" ref="807442436" role=""/>
  <member type="way" ref="815716748" role=""/>
  <member type="way" ref="329668742" role=""/>
  <member type="way" ref="807311668" role=""/>
  <member type="way" ref="668036172" role=""/>
  <member type="way" ref="807311663" role=""/>
  <member type="way" ref="807311669" role=""/>
  <member type="way" ref="668036171" role=""/>
  <member type="way" ref="807311667" role=""/>
  <member type="way" ref="668036174" role=""/>
  <member type="way" ref="668036173" role=""/>
  <member type="way" ref="806176907" role=""/>
  <member type="way" ref="806541146" role=""/>
  <member type="way" ref="815714725" role=""/>
  <member type="way" ref="806176906" role=""/>
  <member type="way" ref="815714726" role=""/>
  <member type="way" ref="806935632" role=""/>
  <member type="way" ref="806176905" role=""/>
  <member type="way" ref="34659909" role=""/>
  <member type="way" ref="34659912" role=""/>
  <member type="way" ref="34656815" role=""/>
  <member type="way" ref="815647662" role=""/>
  <member type="way" ref="815713952" role=""/>
  <member type="way" ref="815647660" role=""/>
  <member type="way" ref="815647661" role=""/>
  <member type="way" ref="400016274" role=""/>
  <member type="way" ref="815651277" role=""/>
  <member type="way" ref="815651276" role=""/>
  <member type="way" ref="815651261" role=""/>
  <member type="way" ref="815651260" role=""/>
  <member type="way" ref="400016270" role=""/>
  <member type="way" ref="815655927" role=""/>
  <member type="way" ref="815655926" role=""/>
  <member type="way" ref="34656817" role=""/>
  <member type="way" ref="276871376" role=""/>
  <member type="way" ref="815655917" role=""/>
  <member type="way" ref="815655919" role=""/>
  <member type="way" ref="815655918" role=""/>
  <member type="way" ref="815656879" role=""/>
  <member type="way" ref="815712841" role=""/>
  <member type="way" ref="815656877" role=""/>
  <member type="way" ref="815656876" role=""/>
  <member type="way" ref="815697227" role=""/>
  <member type="way" ref="276871372" role=""/>
  <member type="way" ref="276871377" role=""/>
  <member type="way" ref="276871373" role=""/>
  <member type="way" ref="96198341" role=""/>
  <member type="way" ref="96198529" role=""/>
  <member type="way" ref="815701118" role=""/>
  <member type="way" ref="815700973" role=""/>
  <member type="way" ref="815703336" role=""/>
  <member type="way" ref="815711799" role=""/>
  <member type="way" ref="815703335" role=""/>
  <member type="way" ref="815703334" role=""/>
  <member type="way" ref="815710718" role=""/>
  <member type="way" ref="815700974" role=""/>
  <member type="way" ref="182228054" role=""/>
  <member type="way" ref="182228055" role=""/>
  <member type="way" ref="1160235559" role=""/>
  <member type="way" ref="1160235558" role=""/>
  <member type="way" ref="1127566739" role=""/>
  <member type="way" ref="1127566738" role=""/>
  <member type="way" ref="1124649985" role=""/>
  <member type="way" ref="1124649984" role=""/>
  <member type="way" ref="713341037" role=""/>
  <member type="way" ref="371486321" role=""/>
  <member type="way" ref="371486320" role=""/>
  <member type="way" ref="34654626" role=""/>
  <member type="way" ref="34654627" role=""/>
  <member type="way" ref="713341033" role=""/>
  <member type="way" ref="23082059" role=""/>
  <member type="way" ref="713341032" role=""/>
  <member type="way" ref="713341034" role=""/>
  <member type="way" ref="713341035" role=""/>
  <member type="way" ref="34654239" role=""/>
  <member type="way" ref="34654240" role=""/>
  <member type="way" ref="1134075869" role=""/>
  <member type="way" ref="1134075868" role=""/>
  <member type="way" ref="182218276" role=""/>
  <member type="way" ref="182218275" role=""/>
  <member type="way" ref="182218282" role=""/>
  <member type="way" ref="182218286" role=""/>
  <member type="way" ref="806789973" role=""/>
  <member type="way" ref="806789974" role=""/>
  <member type="way" ref="42704821" role=""/>
  <member type="way" ref="806789972" role=""/>
  <member type="way" ref="806789971" role=""/>
  <member type="way" ref="812640444" role=""/>
  <member type="way" ref="812640441" role=""/>
  <member type="way" ref="42704822" role=""/>
  <member type="way" ref="1319958058" role=""/>
  <member type="way" ref="1319958059" role=""/>
  <member type="way" ref="165952896" role=""/>
  <member type="way" ref="165952898" role=""/>
  <member type="way" ref="1018231114" role=""/>
  <member type="way" ref="1018231113" role=""/>
  <member type="way" ref="37905593" role=""/>
  <member type="way" ref="1424761280" role=""/>
  <member type="way" ref="27917953" role=""/>
  <member type="way" ref="1424761284" role=""/>
  <member type="way" ref="1255691766" role=""/>
  <member type="way" ref="37905775" role=""/>
  <member type="way" ref="415863925" role=""/>
  <member type="way" ref="96567900" role=""/>
  <member type="way" ref="137717698" role=""/>
  <member type="way" ref="414644049" role=""/>
  <member type="way" ref="415863913" role=""/>
  <member type="way" ref="1476926895" role=""/>
  <member type="way" ref="414644022" role=""/>
  <member type="way" ref="414644026" role=""/>
  <member type="way" ref="24566277" role=""/>
  <member type="way" ref="24566278" role=""/>
  <member type="way" ref="5574524" role=""/>
  <member type="way" ref="24566345" role=""/>
  <member type="way" ref="24566346" role=""/>
  <member type="way" ref="414644023" role=""/>
  <member type="way" ref="414644025" role=""/>
  <member type="way" ref="23077941" role=""/>
  <member type="way" ref="23077942" role=""/>
  <member type="way" ref="24346328" role=""/>
  <member type="way" ref="24346327" role=""/>
  <member type="way" ref="7985934" role=""/>
  <member type="way" ref="7985932" role=""/>
  <member type="way" ref="24576907" role=""/>
  <member type="way" ref="24576908" role=""/>
  <member type="way" ref="24299794" role=""/>
  <member type="way" ref="382092892" role=""/>
  <member type="way" ref="414647505" role=""/>
  <member type="way" ref="24299793" role=""/>
  <member type="way" ref="5652418" role=""/>
  <member type="way" ref="819190562" role=""/>
  <member type="way" ref="414647506" role=""/>
  <member type="way" ref="175355189" role=""/>
  <member type="way" ref="175355190" role=""/>
  <member type="way" ref="175355194" role=""/>
  <member type="way" ref="175355191" role=""/>
  <member type="way" ref="175355192" role=""/>
  <member type="way" ref="819190563" role=""/>
  <member type="way" ref="800761995" role=""/>
  <member type="way" ref="513083846" role=""/>
  <member type="way" ref="325781355" role=""/>
  <member type="way" ref="325781354" role=""/>
  <member type="way" ref="417329241" role=""/>
  <member type="way" ref="34999068" role=""/>
  <member type="way" ref="449425610" role=""/>
  <member type="way" ref="369127298" role=""/>
  <member type="way" ref="527144204" role=""/>
  <member type="way" ref="1368461496" role=""/>
  <member type="way" ref="1368461497" role=""/>
  <member type="way" ref="34999066" role=""/>
  <member type="way" ref="296662014" role=""/>
  <member type="way" ref="1368463563" role=""/>
  <member type="way" ref="284795665" role=""/>
  <member type="way" ref="252332116" role=""/>
  <member type="way" ref="252332232" role=""/>
  <member type="way" ref="289958973" role=""/>
  <member type="way" ref="284795673" role=""/>
  <member type="way" ref="252332117" role=""/>
  <member type="way" ref="1382976292" role=""/>
  <member type="way" ref="284795649" role=""/>
  <member type="way" ref="325781351" role=""/>
  <member type="way" ref="34954315" role=""/>
  <member type="way" ref="325781345" role=""/>
  <member type="way" ref="20382178" role=""/>
  <member type="way" ref="302105628" role=""/>
  <member type="way" ref="803897489" role=""/>
  <member type="way" ref="24306074" role=""/>
  <member type="way" ref="1495810576" role=""/>
  <member type="way" ref="175355193" role=""/>
  <member type="way" ref="180980629" role=""/>
  <member type="way" ref="180980640" role=""/>
  <member type="way" ref="180980639" role=""/>
  <member type="way" ref="180980631" role=""/>
  <member type="way" ref="930382896" role=""/>
  <member type="way" ref="180980628" role=""/>
  <member type="way" ref="180980638" role=""/>
  <member type="way" ref="613952775" role=""/>
  <member type="way" ref="180980649" role=""/>
  <member type="way" ref="180980650" role=""/>
  <member type="way" ref="930382916" role=""/>
  <member type="way" ref="180980648" role=""/>
  <member type="way" ref="930382917" role=""/>
  <member type="way" ref="513083852" role=""/>
  <member type="way" ref="415863914" role=""/>
  <member type="way" ref="930382918" role=""/>
  <member type="way" ref="415863912" role=""/>
  <member type="way" ref="108724994" role=""/>
  <member type="way" ref="151613743" role=""/>
  <member type="way" ref="180980621" role=""/>
  <member type="way" ref="20381866" role=""/>
  <member type="way" ref="317871640" role=""/>
  <member type="way" ref="1465634815" role=""/>
  <member type="way" ref="1465634816" role=""/>
  <member type="way" ref="1465634817" role=""/>
  <member type="way" ref="1465634818" role=""/>
  <member type="way" ref="1465634819" role=""/>
  <member type="way" ref="1465634820" role=""/>
  <member type="way" ref="842253921" role=""/>
  <member type="way" ref="842253922" role=""/>
  <member type="way" ref="112167219" role=""/>
  <member type="way" ref="842253920" role=""/>
  <member type="way" ref="842253919" role=""/>
  <member type="way" ref="842253918" role=""/>
  <member type="way" ref="842253917" role=""/>
  <member type="way" ref="112167222" role=""/>
  <member type="way" ref="232443650" role=""/>
  <member type="way" ref="232443649" role=""/>
  <member type="way" ref="313726405" role=""/>
  <member type="way" ref="313726403" role=""/>
  <member type="way" ref="232446530" role=""/>
  <member type="way" ref="232446512" role=""/>
  <member type="way" ref="232446513" role=""/>
  <member type="way" ref="232446524" role=""/>
  <member type="way" ref="232446522" role=""/>
  <member type="way" ref="232446519" role=""/>
  <member type="way" ref="232446525" role=""/>
  <member type="way" ref="232446516" role=""/>
  <member type="way" ref="232448551" role=""/>
  <member type="way" ref="232448549" role=""/>
  <member type="way" ref="381363673" role=""/>
  <member type="way" ref="96368922" role=""/>
  <member type="way" ref="96368919" role=""/>
  <member type="way" ref="381363659" role=""/>
  <member type="way" ref="96982779" role=""/>
  <member type="way" ref="96982776" role=""/>
  <member type="way" ref="953544918" role=""/>
  <member type="way" ref="953544919" role=""/>
  <member type="way" ref="180824611" role=""/>
  <member type="way" ref="20374290" role=""/>
  <member type="way" ref="180824605" role=""/>
  <member type="way" ref="180824606" role=""/>
  <member type="way" ref="180824602" role=""/>
  <member type="way" ref="1423991926" role=""/>
  <member type="way" ref="1517699789" role=""/>
  <member type="way" ref="1517699790" role=""/>
  <member type="way" ref="381363665" role=""/>
  <member type="way" ref="381363662" role=""/>
  <member type="way" ref="232921281" role=""/>
  <member type="way" ref="180824604" role=""/>
  <member type="way" ref="180824608" role=""/>
  <member type="way" ref="1270966835" role=""/>
  <member type="way" ref="232921280" role=""/>
  <member type="way" ref="381363670" role=""/>
  <member type="way" ref="1299286737" role=""/>
  <member type="way" ref="1299286736" role=""/>
  <member type="way" ref="96834909" role=""/>
  <member type="way" ref="381350973" role=""/>
  <member type="way" ref="381350949" role=""/>
  <member type="way" ref="381350954" role=""/>
  <member type="way" ref="96834912" role=""/>
  <member type="way" ref="381350981" role=""/>
  <member type="way" ref="381351008" role=""/>
  <member type="way" ref="172902459" role=""/>
  <member type="way" ref="381351014" role=""/>
  <member type="way" ref="172902464" role=""/>
  <member type="way" ref="381351017" role=""/>
  <member type="way" ref="96414343" role=""/>
  <member type="way" ref="96414354" role=""/>
  <member type="way" ref="123557806" role=""/>
  <member type="way" ref="123557813" role=""/>
  <member type="way" ref="513069440" role=""/>
  <member type="way" ref="96414338" role=""/>
  <member type="way" ref="96414416" role=""/>
  <member type="way" ref="513069434" role=""/>
  <member type="way" ref="381319905" role=""/>
  <member type="way" ref="96152638" role=""/>
  <member type="way" ref="96152679" role=""/>
  <member type="way" ref="173469918" role=""/>
  <member type="way" ref="173469921" role=""/>
  <member type="way" ref="130174929" role=""/>
  <member type="way" ref="130174925" role=""/>
  <member type="way" ref="224348789" role=""/>
  <member type="way" ref="1304370564" role=""/>
  <member type="way" ref="224348790" role=""/>
  <member type="way" ref="26432164" role=""/>
  <member type="way" ref="1304370562" role=""/>
  <member type="way" ref="1304370560" role=""/>
  <member type="way" ref="1304370555" role=""/>
  <member type="way" ref="1304370552" role=""/>
  <member type="way" ref="1304370551" role=""/>
  <member type="way" ref="1304370554" role=""/>
  <member type="way" ref="1304370548" role=""/>
  <member type="way" ref="1304370547" role=""/>
  <member type="way" ref="1304370539" role=""/>
  <member type="way" ref="1304370537" role=""/>
  <member type="way" ref="26432165" role=""/>
  <member type="way" ref="1423864755" role=""/>
  <member type="way" ref="151663450" role=""/>
  <member type="way" ref="151663445" role=""/>
  <member type="way" ref="96883889" role=""/>
  <member type="way" ref="1254670859" role=""/>
  <member type="way" ref="1254670860" role=""/>
  <member type="way" ref="1255694334" role=""/>
  <member type="way" ref="1255694335" role=""/>
  <member type="way" ref="96883870" role=""/>
  <member type="way" ref="1254670855" role=""/>
  <member type="way" ref="96312181" role=""/>
  <member type="way" ref="96312016" role=""/>
  <member type="way" ref="20327917" role=""/>
  <member type="way" ref="254287236" role=""/>
  <member type="way" ref="254287233" role=""/>
  <member type="way" ref="486387848" role=""/>
  <member type="way" ref="810749575" role=""/>
  <member type="way" ref="810749574" role=""/>
  <member type="way" ref="557840231" role=""/>
  <member type="way" ref="557840228" role=""/>
  <member type="way" ref="1389625119" role=""/>
  <member type="way" ref="486387599" role=""/>
  <member type="way" ref="1418728198" role=""/>
  <member type="way" ref="486387600" role=""/>
  <member type="way" ref="1255335303" role=""/>
  <member type="way" ref="1255335304" role=""/>
  <member type="way" ref="20327239" role=""/>
  <member type="way" ref="68668269" role=""/>
  <member type="way" ref="68668277" role=""/>
  <member type="way" ref="68668280" role=""/>
  <member type="way" ref="1423698935" role=""/>
  <member type="way" ref="1425638274" role=""/>
  <member type="way" ref="1425638275" role=""/>
  <member type="way" ref="68668244" role=""/>
  <member type="way" ref="68668268" role=""/>
  <member type="way" ref="20326446" role=""/>
  <member type="way" ref="345735146" role=""/>
  <member type="way" ref="380962510" role=""/>
  <member type="way" ref="345735148" role=""/>
  <member type="way" ref="51285006" role=""/>
  <member type="way" ref="51284996" role=""/>
  <member type="way" ref="46171362" role=""/>
  <member type="way" ref="46171358" role=""/>
  <member type="way" ref="1017353215" role=""/>
  <member type="way" ref="1017353216" role=""/>
  <member type="way" ref="51261362" role=""/>
  <member type="way" ref="1017353212" role=""/>
  <member type="way" ref="51261357" role=""/>
  <member type="way" ref="51304534" role=""/>
  <member type="way" ref="51304516" role=""/>
  <member type="way" ref="645471449" role=""/>
  <member type="way" ref="156641980" role=""/>
  <member type="way" ref="645471447" role=""/>
  <member type="way" ref="513059780" role=""/>
  <member type="way" ref="48919083" role=""/>
  <member type="way" ref="48919084" role=""/>
  <member type="way" ref="469215388" role=""/>
  <member type="way" ref="645471444" role=""/>
  <member type="way" ref="645471443" role=""/>
  <member type="way" ref="19801249" role=""/>
  <member type="way" ref="380940024" role=""/>
  <member type="way" ref="380940023" role=""/>
  <member type="way" ref="51229588" role=""/>
  <member type="way" ref="179054006" role=""/>
  <member type="way" ref="156392654" role=""/>
  <member type="way" ref="156392651" role=""/>
  <member type="way" ref="51229585" role=""/>
  <member type="way" ref="1510489324" role=""/>
  <member type="way" ref="19801305" role=""/>
  <member type="way" ref="1510477402" role=""/>
  <member type="way" ref="1418978405" role=""/>
  <member type="way" ref="1510477399" role=""/>
  <member type="way" ref="1433887904" role=""/>
  <member type="way" ref="1433887903" role=""/>
  <member type="way" ref="1418978404" role=""/>
  <member type="way" ref="619444387" role=""/>
  <member type="way" ref="19801369" role=""/>
  <member type="way" ref="230479625" role=""/>
  <member type="way" ref="151143004" role=""/>
  <member type="way" ref="380893163" role=""/>
  <member type="way" ref="151142998" role=""/>
  <member type="way" ref="380893164" role=""/>
  <member type="way" ref="230479623" role=""/>
  <member type="way" ref="79499693" role=""/>
  <member type="way" ref="619447280" role=""/>
  <member type="way" ref="79499607" role=""/>
  <member type="way" ref="1510268775" role=""/>
  <member type="way" ref="151081790" role=""/>
  <member type="way" ref="151081792" role=""/>
  <member type="way" ref="380893165" role=""/>
  <member type="way" ref="380893162" role=""/>
  <member type="way" ref="79499619" role=""/>
  <member type="way" ref="96753356" role=""/>
  <member type="way" ref="96753357" role=""/>
  <member type="way" ref="1509783054" role=""/>
  <member type="way" ref="1509766619" role=""/>
  <member type="way" ref="1509766618" role=""/>
  <member type="way" ref="150989216" role=""/>
  <member type="way" ref="150989220" role=""/>
  <member type="way" ref="619451543" role=""/>
  <member type="way" ref="619453270" role=""/>
  <member type="way" ref="501281221" role=""/>
  <member type="way" ref="501281219" role=""/>
  <member type="way" ref="30189473" role=""/>
  <member type="way" ref="30189476" role=""/>
  <member type="way" ref="875281726" role=""/>
  <member type="way" ref="619453272" role=""/>
  <member type="way" ref="724708690" role=""/>
  <member type="way" ref="150951014" role=""/>
  <member type="way" ref="875281729" role=""/>
  <member type="way" ref="150951013" role=""/>
  <member type="way" ref="1509599098" role=""/>
  <member type="way" ref="875281731" role=""/>
  <member type="way" ref="22870150" role=""/>
  <member type="way" ref="150945368" role=""/>
  <member type="way" ref="150945367" role=""/>
  <member type="way" ref="233033571" role=""/>
  <member type="way" ref="85770535" role=""/>
  <member type="way" ref="469139110" role=""/>
  <member type="way" ref="85770542" role=""/>
  <member type="way" ref="1508048039" role=""/>
  <member type="way" ref="1508048038" role=""/>
  <member type="way" ref="150836273" role=""/>
  <member type="way" ref="150836274" role=""/>
  <member type="way" ref="79499629" role=""/>
  <member type="way" ref="79499595" role=""/>
  <member type="way" ref="38137993" role=""/>
  <member type="way" ref="355082513" role=""/>
  <member type="way" ref="355082518" role=""/>
  <member type="way" ref="355076208" role=""/>
  <member type="way" ref="355076213" role=""/>
  <member type="way" ref="233033570" role=""/>
  <member type="way" ref="233033568" role=""/>
  <member type="way" ref="109739092" role=""/>
  <member type="way" ref="109739086" role=""/>
  <member type="way" ref="233037068" role=""/>
  <member type="way" ref="1507676287" role=""/>
  <member type="way" ref="619474937" role=""/>
  <member type="way" ref="72536742" role=""/>
  <member type="way" ref="72536745" role=""/>
  <member type="way" ref="233037069" role=""/>
  <member type="way" ref="355082515" role=""/>
  <member type="way" ref="79499684" role=""/>
  <member type="way" ref="355082512" role=""/>
  <member type="way" ref="233037070" role=""/>
  <member type="way" ref="79499611" role=""/>
  <member type="way" ref="225750719" role=""/>
  <member type="way" ref="225750717" role=""/>
  <member type="way" ref="35174366" role=""/>
  <member type="way" ref="35174365" role=""/>
  <member type="way" ref="28166633" role=""/>
  <member type="way" ref="28166634" role=""/>
  <member type="way" ref="1506839120" role=""/>
  <member type="way" ref="513044431" role=""/>
  <member type="way" ref="1506839115" role=""/>
  <member type="way" ref="419950821" role=""/>
  <member type="way" ref="437077838" role=""/>
  <member type="way" ref="165664443" role=""/>
  <member type="way" ref="1506610834" role=""/>
  <member type="way" ref="165664442" role=""/>
  <member type="way" ref="1506610829" role=""/>
  <member type="way" ref="79499589" role=""/>
  <member type="way" ref="538849704" role=""/>
  <member type="way" ref="357839684" role=""/>
  <member type="way" ref="357839685" role=""/>
  <member type="way" ref="1115703652" role=""/>
  <member type="way" ref="1115703651" role=""/>
  <member type="way" ref="422632974" role=""/>
  <member type="way" ref="355558158" role=""/>
  <member type="way" ref="355558162" role=""/>
  <member type="way" ref="501763455" role=""/>
  <member type="way" ref="355558165" role=""/>
  <member type="way" ref="542334519" role=""/>
  <member type="way" ref="38754458" role=""/>
  <member type="way" ref="23859149" role=""/>
  <member type="way" ref="419948975" role=""/>
  <member type="way" ref="1001645756" role=""/>
  <member type="way" ref="24545624" role=""/>
  <member type="way" ref="4616767" role=""/>
  <member type="way" ref="355558160" role=""/>
  <member type="way" ref="355558155" role=""/>
  <member type="way" ref="1115703655" role=""/>
  <member type="way" ref="75117851" role=""/>
  <member type="way" ref="1116276146" role=""/>
  <member type="way" ref="409770784" role=""/>
  <member type="way" ref="35576031" role=""/>
  <member type="way" ref="1116276149" role=""/>
  <member type="way" ref="77065295" role=""/>
  <member type="way" ref="408956579" role=""/>
  <member type="way" ref="1549051979" role=""/>
  <member type="way" ref="1549051980" role=""/>
  <member type="way" ref="1066671723" role=""/>
  <member type="way" ref="1066671724" role=""/>
  <member type="way" ref="1549051843" role=""/>
  <member type="way" ref="1549051844" role=""/>
  <member type="way" ref="1549051845" role=""/>
  <member type="way" ref="1549051846" role=""/>
  <member type="way" ref="165745981" role=""/>
  <member type="way" ref="204755802" role=""/>
  <member type="way" ref="1116299026" role=""/>
  <member type="way" ref="165745983" role=""/>
  <member type="way" ref="359542024" role=""/>
  <member type="way" ref="1464020961" role=""/>
  <member type="way" ref="165745982" role=""/>
  <member type="way" ref="35967056" role=""/>
  <member type="way" ref="35967055" role=""/>
  <member type="way" ref="358416517" role=""/>
  <member type="way" ref="194469112" role=""/>
  <member type="way" ref="170358309" role=""/>
  <member type="way" ref="668065797" role=""/>
  <member type="way" ref="204777351" role=""/>
  <member type="way" ref="667573128" role=""/>
  <member type="way" ref="667573127" role=""/>
  <member type="way" ref="204777350" role=""/>
  <member type="way" ref="501123287" role=""/>
  <member type="way" ref="204799678" role=""/>
  <member type="way" ref="501123286" role=""/>
  <member type="way" ref="30915547" role=""/>
  <member type="way" ref="166398256" role=""/>
  <member type="way" ref="461673180" role=""/>
  <member type="way" ref="461672494" role=""/>
  <member type="way" ref="461672493" role=""/>
  <member type="way" ref="41426700" role=""/>
  <member type="way" ref="282453787" role=""/>
  <member type="way" ref="282453786" role=""/>
  <member type="way" ref="668065795" role=""/>
  <member type="way" ref="668065794" role=""/>
  <member type="way" ref="204799679" role=""/>
  <member type="way" ref="1548925596" role=""/>
  <member type="way" ref="1548925597" role=""/>
  <member type="way" ref="355341250" role=""/>
  <member type="way" ref="355341252" role=""/>
  <member type="way" ref="461675729" role=""/>
  <member type="way" ref="1526228592" role=""/>
  <member type="way" ref="166398257" role=""/>
  <member type="way" ref="461676130" role=""/>
  <member type="way" ref="225485170" role=""/>
  <member type="way" ref="461679166" role=""/>
  <member type="way" ref="41426695" role=""/>
  <member type="way" ref="77833744" role=""/>
  <member type="way" ref="77833760" role=""/>
  <member type="way" ref="461682208" role=""/>
  <member type="way" ref="461682207" role=""/>
  <member type="way" ref="263730853" role=""/>
  <member type="way" ref="1548926138" role=""/>
  <member type="way" ref="1548926139" role=""/>
  <member type="way" ref="1116305663" role=""/>
  <member type="way" ref="359841028" role=""/>
  <member type="way" ref="461682202" role=""/>
  <member type="way" ref="461682204" role=""/>
  <member type="way" ref="461682203" role=""/>
  <member type="way" ref="499730142" role=""/>
  <member type="way" ref="238876145" role=""/>
  <member type="way" ref="461682201" role=""/>
  <member type="way" ref="204842147" role=""/>
  <member type="way" ref="77833773" role=""/>
  <member type="way" ref="263688923" role=""/>
  <member type="way" ref="358916470" role=""/>
  <member type="way" ref="358916474" role=""/>
  <member type="way" ref="24323115" role=""/>
  <member type="way" ref="4317985" role=""/>
  <member type="way" ref="186227904" role=""/>
  <member type="way" ref="192162071" role=""/>
  <member type="way" ref="246706745" role=""/>
  <member type="way" ref="246706751" role=""/>
  <member type="way" ref="4297467" role=""/>
  <member type="way" ref="302574190" role=""/>
  <member type="way" ref="309138893" role=""/>
  <member type="way" ref="309138896" role=""/>
  <member type="way" ref="1555129153" role=""/>
  <member type="way" ref="1520686382" role=""/>
  <member type="way" ref="246709233" role=""/>
  <member type="way" ref="1520686389" role=""/>
  <member type="way" ref="318996251" role=""/>
  <member type="way" ref="318996254" role=""/>
  <member type="way" ref="319256925" role=""/>
  <member type="way" ref="241777004" role=""/>
  <member type="way" ref="309548997" role=""/>
  <member type="way" ref="309548995" role=""/>
  <member type="way" ref="1501521130" role=""/>
  <member type="way" ref="1501521129" role=""/>
  <member type="way" ref="1501521121" role=""/>
  <member type="way" ref="1501521122" role=""/>
  <member type="way" ref="309795232" role=""/>
  <member type="way" ref="241777037" role=""/>
  <member type="way" ref="306001248" role=""/>
  <member type="way" ref="44098506" role=""/>
  <member type="way" ref="371653626" role=""/>
  <member type="way" ref="241777005" role=""/>
  <member type="way" ref="241777022" role=""/>
  <member type="way" ref="824313865" role=""/>
  <member type="way" ref="44098787" role=""/>
  <member type="way" ref="1223428813" role=""/>
  <member type="way" ref="44098489" role=""/>
  <member type="way" ref="1501072967" role=""/>
  <member type="way" ref="1501072968" role=""/>
  <member type="way" ref="241777013" role=""/>
  <member type="way" ref="23069228" role=""/>
  <member type="way" ref="1336177828" role=""/>
  <member type="way" ref="859443347" role=""/>
  <member type="way" ref="740849897" role=""/>
  <member type="way" ref="335717526" role=""/>
  <member type="way" ref="335717524" role=""/>
  <member type="way" ref="31785308" role=""/>
  <member type="way" ref="790807989" role=""/>
  <member type="way" ref="892080694" role=""/>
  <member type="way" ref="916665768" role=""/>
  <member type="way" ref="966157603" role=""/>
  <member type="way" ref="923966059" role=""/>
  <member type="way" ref="30741170" role=""/>
  <member type="way" ref="1451127673" role=""/>
  <member type="way" ref="1451127674" role=""/>
  <member type="way" ref="1451127675" role=""/>
  <member type="way" ref="1451127676" role=""/>
  <member type="way" ref="1451127677" role=""/>
  <member type="way" ref="1451127678" role=""/>
  <member type="way" ref="1451127679" role=""/>
  <member type="way" ref="1451127680" role=""/>
  <member type="way" ref="1451127681" role=""/>
  <member type="way" ref="1451127682" role=""/>
  <member type="way" ref="1451127683" role=""/>
  <member type="way" ref="1451127684" role=""/>
  <member type="way" ref="1451127685" role=""/>
  <member type="way" ref="1451127686" role=""/>
  <member type="way" ref="1451127687" role=""/>
  <member type="way" ref="1451127688" role=""/>
  <member type="way" ref="1451127689" role=""/>
  <member type="way" ref="1451127690" role=""/>
  <member type="way" ref="1451127691" role=""/>
  <member type="way" ref="1451127692" role=""/>
  <member type="way" ref="1451127693" role=""/>
  <member type="way" ref="1451127694" role=""/>
  <member type="way" ref="1451127695" role=""/>
  <member type="way" ref="1451127696" role=""/>
  <member type="way" ref="1451127697" role=""/>
  <member type="way" ref="1451127698" role=""/>
  <member type="way" ref="1451127699" role=""/>
  <member type="way" ref="1451127700" role=""/>
  <member type="way" ref="790568848" role=""/>
  <member type="way" ref="606108194" role=""/>
  <member type="way" ref="903472752" role=""/>
  <member type="way" ref="827668601" role=""/>
  <member type="way" ref="93159998" role=""/>
  <member type="way" ref="827855144" role=""/>
  <member type="way" ref="790568830" role=""/>
  <tag k="colour" v="#73d700"/>
  <tag k="from" v="Lyon, Gerland"/>
  <tag k="name" v="Flixbus N748: Lyon, Gerland → Madrid, Estación Sur de Autobuses"/>
  <tag k="name:de" v="Flixbus N748: Lyon, Gerland → Madrid, Busbahnhof Süd"/>
  <tag k="name:es" v="Flixbus N748: Lyon, Gerland → Madrid, Estación Sur de Autobuses"/>
  <tag k="name:eu" v="Flixbus N748: Lyon, Gerland → Madril, Hegoaldeko autobus geltokia"/>
  <tag k="name:fr" v="Flixbus N748: Lyon, Gerland → Madrid, gare routière sud"/>
  <tag k="network" v="Flixbus"/>
  <tag k="network:wikidata" v="Q15712258"/>
  <tag k="network:wikipedia" v="en:Flixbus"/>
  <tag k="operator" v="Flixbus"/>
  <tag k="public_transport:version" v="2"/>
  <tag k="ref" v="N748"/>
  <tag k="route" v="bus"/>
  <tag k="to" v="Madrid, Estación Sur de Autobuses"/>
  <tag k="type" v="route"/>
 </relation>
 <relation id="19600202" visible="true" version="79" changeset="189533539" timestamp="2026-09-25T09:02:42Z" user="chamdam" uid="10397245">
  <member type="node" ref="7390900350" role="stop_entry_only"/>
  <member type="node" ref="12036223164" role="platform_entry_only"/>
  <member type="node" ref="224101094" role="stop_entry_only"/>
  <member type="node" ref="8399487641" role="platform_entry_only"/>
  <member type="node" ref="4497580390" role="stop"/>
  <member type="node" ref="1737139974" role="platform"/>
  <member type="node" ref="6312690382" role="stop"/>
  <member type="node" ref="11476191970" role="platform"/>
  <member type="node" ref="2380205864" role="stop"/>
  <member type="node" ref="11519178508" role="platform"/>
  <member type="node" ref="13466667256" role="stop_exit_only"/>
  <member type="node" ref="13466667258" role="platform_exit_only"/>
  <member type="way" ref="790568830" role=""/>
  <member type="way" ref="790699339" role=""/>
  <member type="way" ref="790699338" role=""/>
  <member type="way" ref="790568815" role=""/>
  <member type="way" ref="790568814" role=""/>
  <member type="way" ref="790568816" role=""/>
  <member type="way" ref="790586417" role=""/>
  <member type="way" ref="790586418" role=""/>
  <member type="way" ref="892080694" role=""/>
  <member type="way" ref="916665768" role=""/>
  <member type="way" ref="966157603" role=""/>
  <member type="way" ref="923966059" role=""/>
  <member type="way" ref="30741170" role=""/>
  <member type="way" ref="1451127673" role=""/>
  <member type="way" ref="1451127674" role=""/>
  <member type="way" ref="1451127675" role=""/>
  <member type="way" ref="1451127676" role=""/>
  <member type="way" ref="1451127677" role=""/>
  <member type="way" ref="1451127678" role=""/>
  <member type="way" ref="1451127679" role=""/>
  <member type="way" ref="1451127680" role=""/>
  <member type="way" ref="1451127681" role=""/>
  <member type="way" ref="1451127682" role=""/>
  <member type="way" ref="1451127683" role=""/>
  <member type="way" ref="1451127684" role=""/>
  <member type="way" ref="1451127685" role=""/>
  <member type="way" ref="1451127686" role=""/>
  <member type="way" ref="1451127687" role=""/>
  <member type="way" ref="1451127688" role=""/>
  <member type="way" ref="1451127689" role=""/>
  <member type="way" ref="1451127690" role=""/>
  <member type="way" ref="1451127691" role=""/>
  <member type="way" ref="1451127692" role=""/>
  <member type="way" ref="1451127693" role=""/>
  <member type="way" ref="1451127694" role=""/>
  <member type="way" ref="1451127695" role=""/>
  <member type="way" ref="1451127696" role=""/>
  <member type="way" ref="1451127697" role=""/>
  <member type="way" ref="1451127698" role=""/>
  <member type="way" ref="1451127699" role=""/>
  <member type="way" ref="1451127700" role=""/>
  <member type="way" ref="790568848" role=""/>
  <member type="way" ref="606108194" role=""/>
  <member type="way" ref="238560763" role=""/>
  <member type="way" ref="238560771" role=""/>
  <member type="way" ref="740849894" role=""/>
  <member type="way" ref="31785309" role=""/>
  <member type="way" ref="31785310" role=""/>
  <member type="way" ref="96389849" role=""/>
  <member type="way" ref="96389850" role=""/>
  <member type="way" ref="1501070521" role=""/>
  <member type="way" ref="31785277" role=""/>
  <member type="way" ref="31785279" role=""/>
  <member type="way" ref="793509811" role=""/>
  <member type="way" ref="31785278" role=""/>
  <member type="way" ref="108756228" role=""/>
  <member type="way" ref="108756221" role=""/>
  <member type="way" ref="1337078035" role=""/>
  <member type="way" ref="197895795" role=""/>
  <member type="way" ref="1501072970" role=""/>
  <member type="way" ref="197895794" role=""/>
  <member type="way" ref="44098689" role=""/>
  <member type="way" ref="1223428814" role=""/>
  <member type="way" ref="222576008" role=""/>
  <member type="way" ref="44098786" role=""/>
  <member type="way" ref="4317981" role=""/>
  <member type="way" ref="103599043" role=""/>
  <member type="way" ref="103599036" role=""/>
  <member type="way" ref="103599045" role=""/>
  <member type="way" ref="4298508" role=""/>
  <member type="way" ref="103599035" role=""/>
  <member type="way" ref="114491670" role=""/>
  <member type="way" ref="27889912" role=""/>
  <member type="way" ref="27889917" role=""/>
  <member type="way" ref="114491666" role=""/>
  <member type="way" ref="114491677" role=""/>
  <member type="way" ref="1033818103" role=""/>
  <member type="way" ref="246709236" role=""/>
  <member type="way" ref="31508286" role=""/>
  <member type="way" ref="1052967682" role=""/>
  <member type="way" ref="114491665" role=""/>
  <member type="way" ref="4305451" role=""/>
  <member type="way" ref="4305454" role=""/>
  <member type="way" ref="246716887" role=""/>
  <member type="way" ref="246716880" role=""/>
  <member type="way" ref="4305455" role=""/>
  <member type="way" ref="4305450" role=""/>
  <member type="way" ref="101233491" role=""/>
  <member type="way" ref="101233524" role=""/>
  <member type="way" ref="1336426837" role=""/>
  <member type="way" ref="131751229" role=""/>
  <member type="way" ref="1070944643" role=""/>
  <member type="way" ref="246686102" role=""/>
  <member type="way" ref="1070944644" role=""/>
  <member type="way" ref="501127229" role=""/>
  <member type="way" ref="246686149" role=""/>
  <member type="way" ref="246686158" role=""/>
  <member type="way" ref="30915540" role=""/>
  <member type="way" ref="198809092" role=""/>
  <member type="way" ref="4681803" role=""/>
  <member type="way" ref="305915980" role=""/>
  <member type="way" ref="96758348" role=""/>
  <member type="way" ref="96758345" role=""/>
  <member type="way" ref="186758455" role=""/>
  <member type="way" ref="23359889" role=""/>
  <member type="way" ref="34397276" role=""/>
  <member type="way" ref="432338252" role=""/>
  <member type="way" ref="432338253" role=""/>
  <member type="way" ref="248514390" role=""/>
  <member type="way" ref="493634208" role=""/>
  <member type="way" ref="156043989" role=""/>
  <member type="way" ref="493634207" role=""/>
  <member type="way" ref="156043993" role=""/>
  <member type="way" ref="35137579" role=""/>
  <member type="way" ref="1057864363" role=""/>
  <member type="way" ref="34326325" role=""/>
  <member type="way" ref="34326326" role=""/>
  <member type="way" ref="34326435" role=""/>
  <member type="way" ref="34125916" role=""/>
  <member type="way" ref="570322062" role=""/>
  <member type="way" ref="570322061" role=""/>
  <member type="way" ref="131751211" role=""/>
  <member type="way" ref="34125535" role=""/>
  <member type="way" ref="355797302" role=""/>
  <member type="way" ref="34125626" role=""/>
  <member type="way" ref="34125536" role=""/>
  <member type="way" ref="34125784" role=""/>
  <member type="way" ref="34119786" role=""/>
  <member type="way" ref="32459050" role=""/>
  <member type="way" ref="34400394" role=""/>
  <member type="way" ref="34828367" role=""/>
  <member type="way" ref="96560440" role=""/>
  <member type="way" ref="96560439" role=""/>
  <member type="way" ref="96679948" role=""/>
  <member type="way" ref="749028071" role=""/>
  <member type="way" ref="921060132" role=""/>
  <member type="way" ref="1429707674" role=""/>
  <member type="way" ref="1123943622" role=""/>
  <member type="way" ref="1473866269" role=""/>
  <member type="way" ref="1123943621" role=""/>
  <member type="way" ref="1429010855" role=""/>
  <member type="way" ref="1123943623" role=""/>
  <member type="way" ref="96679947" role=""/>
  <member type="way" ref="34798203" role=""/>
  <member type="way" ref="96546009" role=""/>
  <member type="way" ref="96541766" role=""/>
  <member type="way" ref="1057864365" role=""/>
  <member type="way" ref="34628457" role=""/>
  <member type="way" ref="34401426" role=""/>
  <member type="way" ref="34396793" role=""/>
  <member type="way" ref="34401460" role=""/>
  <member type="way" ref="181141601" role=""/>
  <member type="way" ref="34875717" role=""/>
  <member type="way" ref="34875715" role=""/>
  <member type="way" ref="34875761" role=""/>
  <member type="way" ref="1336561333" role=""/>
  <member type="way" ref="1336561332" role=""/>
  <member type="way" ref="970723488" role=""/>
  <member type="way" ref="288354665" role=""/>
  <member type="way" ref="491676657" role=""/>
  <member type="way" ref="491676660" role=""/>
  <member type="way" ref="288354658" role=""/>
  <member type="way" ref="31643811" role=""/>
  <member type="way" ref="555460246" role=""/>
  <member type="way" ref="555460245" role=""/>
  <member type="way" ref="31643818" role=""/>
  <member type="way" ref="1352156492" role=""/>
  <member type="way" ref="29254866" role=""/>
  <member type="way" ref="29254874" role=""/>
  <member type="way" ref="31645088" role=""/>
  <member type="way" ref="31645089" role=""/>
  <member type="way" ref="253107780" role=""/>
  <member type="way" ref="253107777" role=""/>
  <member type="way" ref="819864629" role=""/>
  <member type="way" ref="819864630" role=""/>
  <member type="way" ref="253108448" role=""/>
  <member type="way" ref="253108452" role=""/>
  <member type="way" ref="253110643" role=""/>
  <member type="way" ref="507986018" role=""/>
  <member type="way" ref="23890975" role=""/>
  <member type="way" ref="24382219" role=""/>
  <member type="way" ref="24382215" role=""/>
  <member type="way" ref="329280725" role=""/>
  <member type="way" ref="404805659" role=""/>
  <member type="way" ref="404805660" role=""/>
  <member type="way" ref="16111101" role=""/>
  <member type="way" ref="34908923" role=""/>
  <member type="way" ref="1222476713" role=""/>
  <member type="way" ref="34908922" role=""/>
  <member type="way" ref="329638919" role=""/>
  <member type="way" ref="329638922" role=""/>
  <member type="way" ref="37520679" role=""/>
  <member type="way" ref="37520680" role=""/>
  <member type="way" ref="329638917" role=""/>
  <member type="way" ref="37520686" role=""/>
  <member type="way" ref="37520687" role=""/>
  <member type="way" ref="329638920" role=""/>
  <member type="way" ref="37521438" role=""/>
  <member type="way" ref="768955584" role=""/>
  <member type="way" ref="37521439" role=""/>
  <member type="way" ref="37521448" role=""/>
  <member type="way" ref="37521449" role=""/>
  <member type="way" ref="37521460" role=""/>
  <member type="way" ref="37521461" role=""/>
  <member type="way" ref="37521465" role=""/>
  <member type="way" ref="37521466" role=""/>
  <member type="way" ref="37521472" role=""/>
  <member type="way" ref="37521473" role=""/>
  <member type="way" ref="189662788" role=""/>
  <member type="way" ref="189662793" role=""/>
  <member type="way" ref="1510827936" role=""/>
  <member type="way" ref="1510827935" role=""/>
  <member type="way" ref="1510827934" role=""/>
  <member type="way" ref="37522336" role=""/>
  <member type="way" ref="37522338" role=""/>
  <member type="way" ref="33487080" role=""/>
  <member type="way" ref="33487082" role=""/>
  <member type="way" ref="37522355" role=""/>
  <member type="way" ref="37522357" role=""/>
  <member type="way" ref="96711855" role=""/>
  <member type="way" ref="658561753" role=""/>
  <member type="way" ref="658561746" role=""/>
  <member type="way" ref="96711857" role=""/>
  <member type="way" ref="334575632" role=""/>
  <member type="way" ref="334575633" role=""/>
  <member type="way" ref="37522387" role=""/>
  <member type="way" ref="37522388" role=""/>
  <member type="way" ref="1510841827" role=""/>
  <member type="way" ref="1510841826" role=""/>
  <member type="way" ref="1510841828" role=""/>
  <member type="way" ref="1510841829" role=""/>
  <member type="way" ref="1510841830" role=""/>
  <member type="way" ref="1510841831" role=""/>
  <member type="way" ref="1510856679" role=""/>
  <member type="way" ref="768956462" role=""/>
  <member type="way" ref="26418044" role=""/>
  <member type="way" ref="26418045" role=""/>
  <member type="way" ref="26417899" role=""/>
  <member type="way" ref="26417900" role=""/>
  <member type="way" ref="1510887915" role=""/>
  <member type="way" ref="1510887914" role=""/>
  <member type="way" ref="1510887913" role=""/>
  <member type="way" ref="38137073" role=""/>
  <member type="way" ref="38137074" role=""/>
  <member type="way" ref="1510887917" role=""/>
  <member type="way" ref="32532647" role=""/>
  <member type="way" ref="32532648" role=""/>
  <member type="way" ref="1507717061" role=""/>
  <member type="way" ref="38138144" role=""/>
  <member type="way" ref="355082516" role=""/>
  <member type="way" ref="79499571" role=""/>
  <member type="way" ref="79499648" role=""/>
  <member type="way" ref="150836858" role=""/>
  <member type="way" ref="1508068388" role=""/>
  <member type="way" ref="1508068389" role=""/>
  <member type="way" ref="1508068392" role=""/>
  <member type="way" ref="1508068391" role=""/>
  <member type="way" ref="1508068390" role=""/>
  <member type="way" ref="191319409" role=""/>
  <member type="way" ref="824585855" role=""/>
  <member type="way" ref="824585856" role=""/>
  <member type="way" ref="85770580" role=""/>
  <member type="way" ref="875487744" role=""/>
  <member type="way" ref="85770619" role=""/>
  <member type="way" ref="150945369" role=""/>
  <member type="way" ref="150945366" role=""/>
  <member type="way" ref="875281730" role=""/>
  <member type="way" ref="5030995" role=""/>
  <member type="way" ref="849275983" role=""/>
  <member type="way" ref="849275984" role=""/>
  <member type="way" ref="150950582" role=""/>
  <member type="way" ref="875281728" role=""/>
  <member type="way" ref="150950583" role=""/>
  <member type="way" ref="875281727" role=""/>
  <member type="way" ref="875281725" role=""/>
  <member type="way" ref="30189470" role=""/>
  <member type="way" ref="501281220" role=""/>
  <member type="way" ref="875281724" role=""/>
  <member type="way" ref="1509706357" role=""/>
  <member type="way" ref="875281723" role=""/>
  <member type="way" ref="30189471" role=""/>
  <member type="way" ref="619451547" role=""/>
  <member type="way" ref="619451546" role=""/>
  <member type="way" ref="150988548" role=""/>
  <member type="way" ref="150988543" role=""/>
  <member type="way" ref="824583941" role=""/>
  <member type="way" ref="824583940" role=""/>
  <member type="way" ref="5030994" role=""/>
  <member type="way" ref="96753355" role=""/>
  <member type="way" ref="380893167" role=""/>
  <member type="way" ref="96753364" role=""/>
  <member type="way" ref="79499553" role=""/>
  <member type="way" ref="151082156" role=""/>
  <member type="way" ref="1510268776" role=""/>
  <member type="way" ref="151082152" role=""/>
  <member type="way" ref="1510268777" role=""/>
  <member type="way" ref="79499620" role=""/>
  <member type="way" ref="619447279" role=""/>
  <member type="way" ref="380893168" role=""/>
  <member type="way" ref="79499557" role=""/>
  <member type="way" ref="380893166" role=""/>
  <member type="way" ref="151145341" role=""/>
  <member type="way" ref="151145342" role=""/>
  <member type="way" ref="230479624" role=""/>
  <member type="way" ref="5030997" role=""/>
  <member type="way" ref="1510460000" role=""/>
  <member type="way" ref="1510460001" role=""/>
  <member type="way" ref="1510460002" role=""/>
  <member type="way" ref="143161844" role=""/>
  <member type="way" ref="1435122211" role=""/>
  <member type="way" ref="1435122212" role=""/>
  <member type="way" ref="1418978401" role=""/>
  <member type="way" ref="619444382" role=""/>
  <member type="way" ref="717294059" role=""/>
  <member type="way" ref="645471461" role=""/>
  <member type="way" ref="5030996" role=""/>
  <member type="way" ref="51229587" role=""/>
  <member type="way" ref="51229594" role=""/>
  <member type="way" ref="380940025" role=""/>
  <member type="way" ref="179054005" role=""/>
  <member type="way" ref="1017375432" role=""/>
  <member type="way" ref="380940026" role=""/>
  <member type="way" ref="5030999" role=""/>
  <member type="way" ref="1455531713" role=""/>
  <member type="way" ref="1455531714" role=""/>
  <member type="way" ref="789888876" role=""/>
  <member type="way" ref="645471459" role=""/>
  <member type="way" ref="48919081" role=""/>
  <member type="way" ref="48919085" role=""/>
  <member type="way" ref="5031000" role=""/>
  <member type="way" ref="645471456" role=""/>
  <member type="way" ref="645471455" role=""/>
  <member type="way" ref="513059781" role=""/>
  <member type="way" ref="645471454" role=""/>
  <member type="way" ref="5030998" role=""/>
  <member type="way" ref="51304535" role=""/>
  <member type="way" ref="51304533" role=""/>
  <member type="way" ref="5031002" role=""/>
  <member type="way" ref="51261361" role=""/>
  <member type="way" ref="51261355" role=""/>
  <member type="way" ref="46171363" role=""/>
  <member type="way" ref="46171359" role=""/>
  <member type="way" ref="51285005" role=""/>
  <member type="way" ref="51284997" role=""/>
  <member type="way" ref="380962509" role=""/>
  <member type="way" ref="345735145" role=""/>
  <member type="way" ref="345735147" role=""/>
  <member type="way" ref="68668248" role=""/>
  <member type="way" ref="1315594111" role=""/>
  <member type="way" ref="1315594110" role=""/>
  <member type="way" ref="68668274" role=""/>
  <member type="way" ref="68668278" role=""/>
  <member type="way" ref="68668250" role=""/>
  <member type="way" ref="1360121720" role=""/>
  <member type="way" ref="1360121721" role=""/>
  <member type="way" ref="68668238" role=""/>
  <member type="way" ref="1255335305" role=""/>
  <member type="way" ref="1255335306" role=""/>
  <member type="way" ref="557840239" role=""/>
  <member type="way" ref="1418724894" role=""/>
  <member type="way" ref="557840238" role=""/>
  <member type="way" ref="486387601" role=""/>
  <member type="way" ref="486387598" role=""/>
  <member type="way" ref="557840226" role=""/>
  <member type="way" ref="557840232" role=""/>
  <member type="way" ref="557840220" role=""/>
  <member type="way" ref="810749572" role=""/>
  <member type="way" ref="810749573" role=""/>
  <member type="way" ref="557840219" role=""/>
  <member type="way" ref="486387847" role=""/>
  <member type="way" ref="20333122" role=""/>
  <member type="way" ref="254287235" role=""/>
  <member type="way" ref="254287234" role=""/>
  <member type="way" ref="96312149" role=""/>
  <member type="way" ref="1254670857" role=""/>
  <member type="way" ref="96312118" role=""/>
  <member type="way" ref="1255694337" role=""/>
  <member type="way" ref="1255694336" role=""/>
  <member type="way" ref="1254670854" role=""/>
  <member type="way" ref="1254670853" role=""/>
  <member type="way" ref="96883887" role=""/>
  <member type="way" ref="96883829" role=""/>
  <member type="way" ref="151663449" role=""/>
  <member type="way" ref="1423864754" role=""/>
  <member type="way" ref="151663448" role=""/>
  <member type="way" ref="1304370538" role=""/>
  <member type="way" ref="1304370540" role=""/>
  <member type="way" ref="1304370545" role=""/>
  <member type="way" ref="1304370544" role=""/>
  <member type="way" ref="1304370559" role=""/>
  <member type="way" ref="1304370556" role=""/>
  <member type="way" ref="1304370557" role=""/>
  <member type="way" ref="1304370558" role=""/>
  <member type="way" ref="1304370541" role=""/>
  <member type="way" ref="1304370542" role=""/>
  <member type="way" ref="26432166" role=""/>
  <member type="way" ref="26432167" role=""/>
  <member type="way" ref="1304370565" role=""/>
  <member type="way" ref="1304370566" role=""/>
  <member type="way" ref="224348779" role=""/>
  <member type="way" ref="224348783" role=""/>
  <member type="way" ref="130174930" role=""/>
  <member type="way" ref="130174928" role=""/>
  <member type="way" ref="173469919" role=""/>
  <member type="way" ref="1423869601" role=""/>
  <member type="way" ref="173469920" role=""/>
  <member type="way" ref="96152619" role=""/>
  <member type="way" ref="96152697" role=""/>
  <member type="way" ref="513069435" role=""/>
  <member type="way" ref="96414405" role=""/>
  <member type="way" ref="96414347" role=""/>
  <member type="way" ref="513069439" role=""/>
  <member type="way" ref="123557808" role=""/>
  <member type="way" ref="381351005" role=""/>
  <member type="way" ref="123557802" role=""/>
  <member type="way" ref="96414385" role=""/>
  <member type="way" ref="381350975" role=""/>
  <member type="way" ref="96414427" role=""/>
  <member type="way" ref="381350994" role=""/>
  <member type="way" ref="381350997" role=""/>
  <member type="way" ref="172902462" role=""/>
  <member type="way" ref="172902454" role=""/>
  <member type="way" ref="381350988" role=""/>
  <member type="way" ref="1423987215" role=""/>
  <member type="way" ref="381350967" role=""/>
  <member type="way" ref="381350960" role=""/>
  <member type="way" ref="381351001" role=""/>
  <member type="way" ref="96834911" role=""/>
  <member type="way" ref="96834910" role=""/>
  <member type="way" ref="180824607" role=""/>
  <member type="way" ref="1021764082" role=""/>
  <member type="way" ref="1021764080" role=""/>
  <member type="way" ref="180824603" role=""/>
  <member type="way" ref="953544920" role=""/>
  <member type="way" ref="953544921" role=""/>
  <member type="way" ref="1326152051" role=""/>
  <member type="way" ref="1326152050" role=""/>
  <member type="way" ref="20374295" role=""/>
  <member type="way" ref="96982780" role=""/>
  <member type="way" ref="96982784" role=""/>
  <member type="way" ref="96368920" role=""/>
  <member type="way" ref="96368921" role=""/>
  <member type="way" ref="34329877" role=""/>
  <member type="way" ref="981033799" role=""/>
  <member type="way" ref="981033800" role=""/>
  <member type="way" ref="981033798" role=""/>
  <member type="way" ref="981033797" role=""/>
  <member type="way" ref="34329878" role=""/>
  <member type="way" ref="232446534" role=""/>
  <member type="way" ref="34329879" role=""/>
  <member type="way" ref="232446531" role=""/>
  <member type="way" ref="34329880" role=""/>
  <member type="way" ref="313726402" role=""/>
  <member type="way" ref="313726404" role=""/>
  <member type="way" ref="20381871" role=""/>
  <member type="way" ref="128293917" role=""/>
  <member type="way" ref="112167217" role=""/>
  <member type="way" ref="1466293367" role=""/>
  <member type="way" ref="180873590" role=""/>
  <member type="way" ref="1467976589" role=""/>
  <member type="way" ref="1468868834" role=""/>
  <member type="way" ref="1468868835" role=""/>
  <member type="way" ref="428808156" role=""/>
  <member type="way" ref="1429279912" role=""/>
  <member type="way" ref="1429279913" role=""/>
  <member type="way" ref="8548406" role=""/>
  <member type="way" ref="26257451" role=""/>
  <member type="way" ref="26257452" role=""/>
  <member type="way" ref="429512417" role=""/>
  <member type="way" ref="23077589" role=""/>
  <member type="way" ref="1429279911" role=""/>
  <member type="way" ref="23077590" role=""/>
  <member type="way" ref="26257444" role=""/>
  <member type="way" ref="23077577" role=""/>
  <member type="way" ref="416557429" role=""/>
  <member type="way" ref="108724999" role=""/>
  <member type="way" ref="108725006" role=""/>
  <member type="way" ref="849271942" role=""/>
  <member type="way" ref="930382903" role=""/>
  <member type="way" ref="930382902" role=""/>
  <member type="way" ref="930382913" role=""/>
  <member type="way" ref="96826075" role=""/>
  <member type="way" ref="849271941" role=""/>
  <member type="way" ref="180986220" role=""/>
  <member type="way" ref="180986221" role=""/>
  <member type="way" ref="930382906" role=""/>
  <member type="way" ref="930382898" role=""/>
  <member type="way" ref="180986219" role=""/>
  <member type="way" ref="180986214" role=""/>
  <member type="way" ref="180986213" role=""/>
  <member type="way" ref="930382914" role=""/>
  <member type="way" ref="930382900" role=""/>
  <member type="way" ref="180986217" role=""/>
  <member type="way" ref="930382907" role=""/>
  <member type="way" ref="180986212" role=""/>
  <member type="way" ref="180986210" role=""/>
  <member type="way" ref="930382912" role=""/>
  <member type="way" ref="20382350" role=""/>
  <member type="way" ref="1539576111" role=""/>
  <member type="way" ref="930382901" role=""/>
  <member type="way" ref="180986208" role=""/>
  <member type="way" ref="513083846" role=""/>
  <member type="way" ref="325781355" role=""/>
  <member type="way" ref="325781354" role=""/>
  <member type="way" ref="417329241" role=""/>
  <member type="way" ref="34999068" role=""/>
  <member type="way" ref="449425610" role=""/>
  <member type="way" ref="369127298" role=""/>
  <member type="way" ref="527144204" role=""/>
  <member type="way" ref="1368461496" role=""/>
  <member type="way" ref="1368461497" role=""/>
  <member type="way" ref="34999066" role=""/>
  <member type="way" ref="296662014" role=""/>
  <member type="way" ref="1368463563" role=""/>
  <member type="way" ref="284795665" role=""/>
  <member type="way" ref="252332116" role=""/>
  <member type="way" ref="252332232" role=""/>
  <member type="way" ref="289958973" role=""/>
  <member type="way" ref="284795673" role=""/>
  <member type="way" ref="252332117" role=""/>
  <member type="way" ref="1382976292" role=""/>
  <member type="way" ref="284795649" role=""/>
  <member type="way" ref="325781351" role=""/>
  <member type="way" ref="34954315" role=""/>
  <member type="way" ref="325781345" role=""/>
  <member type="way" ref="20382178" role=""/>
  <member type="way" ref="302105628" role=""/>
  <member type="way" ref="24306075" role=""/>
  <member type="way" ref="382092891" role=""/>
  <member type="way" ref="1432545445" role=""/>
  <member type="way" ref="1432545446" role=""/>
  <member type="way" ref="136858667" role=""/>
  <member type="way" ref="7985933" role=""/>
  <member type="way" ref="416557428" role=""/>
  <member type="way" ref="382092893" role=""/>
  <member type="way" ref="24299792" role=""/>
  <member type="way" ref="24299789" role=""/>
  <member type="way" ref="24576910" role=""/>
  <member type="way" ref="982175415" role=""/>
  <member type="way" ref="982175416" role=""/>
  <member type="way" ref="24576911" role=""/>
  <member type="way" ref="7985935" role=""/>
  <member type="way" ref="5574522" role=""/>
  <member type="way" ref="24346330" role=""/>
  <member type="way" ref="24346329" role=""/>
  <member type="way" ref="23077945" role=""/>
  <member type="way" ref="23077946" role=""/>
  <member type="way" ref="78252910" role=""/>
  <member type="way" ref="78252898" role=""/>
  <member type="way" ref="416557427" role=""/>
  <member type="way" ref="24566347" role=""/>
  <member type="way" ref="24566349" role=""/>
  <member type="way" ref="24566275" role=""/>
  <member type="way" ref="414644021" role=""/>
  <member type="way" ref="414644024" role=""/>
  <member type="way" ref="24566276" role=""/>
  <member type="way" ref="414644041" role=""/>
  <member type="way" ref="416557442" role=""/>
  <member type="way" ref="191051812" role=""/>
  <member type="way" ref="415863928" role=""/>
  <member type="way" ref="27914475" role=""/>
  <member type="way" ref="415863924" role=""/>
  <member type="way" ref="28214064" role=""/>
  <member type="way" ref="986885764" role=""/>
  <member type="way" ref="32469669" role=""/>
  <member type="way" ref="986885762" role=""/>
  <member type="way" ref="429906012" role=""/>
  <member type="way" ref="415863922" role=""/>
  <member type="way" ref="28192866" role=""/>
  <member type="way" ref="907510497" role=""/>
  <member type="way" ref="907510499" role=""/>
  <member type="way" ref="34619710" role=""/>
  <member type="way" ref="1018231117" role=""/>
  <member type="way" ref="1018231118" role=""/>
  <member type="way" ref="26206723" role=""/>
  <member type="way" ref="165952897" role=""/>
  <member type="way" ref="1493940872" role=""/>
  <member type="way" ref="1493940873" role=""/>
  <member type="way" ref="165952902" role=""/>
  <member type="way" ref="812640442" role=""/>
  <member type="way" ref="812640443" role=""/>
  <member type="way" ref="806790014" role=""/>
  <member type="way" ref="806790013" role=""/>
  <member type="way" ref="42704823" role=""/>
  <member type="way" ref="806790012" role=""/>
  <member type="way" ref="806789994" role=""/>
  <member type="way" ref="806861789" role=""/>
  <member type="way" ref="806861791" role=""/>
  <member type="way" ref="806861790" role=""/>
  <member type="way" ref="42704824" role=""/>
  <member type="way" ref="182218283" role=""/>
  <member type="way" ref="182218281" role=""/>
  <member type="way" ref="182218280" role=""/>
  <member type="way" ref="182218285" role=""/>
  <member type="way" ref="1134075867" role=""/>
  <member type="way" ref="1134075866" role=""/>
  <member type="way" ref="1336915914" role=""/>
  <member type="way" ref="1108466792" role=""/>
  <member type="way" ref="34654237" role=""/>
  <member type="way" ref="34654238" role=""/>
  <member type="way" ref="713341031" role=""/>
  <member type="way" ref="23082061" role=""/>
  <member type="way" ref="713341036" role=""/>
  <member type="way" ref="34654622" role=""/>
  <member type="way" ref="34654623" role=""/>
  <member type="way" ref="713341038" role=""/>
  <member type="way" ref="182218277" role=""/>
  <member type="way" ref="1124649982" role=""/>
  <member type="way" ref="1124649983" role=""/>
  <member type="way" ref="1127566740" role=""/>
  <member type="way" ref="1127566741" role=""/>
  <member type="way" ref="182218284" role=""/>
  <member type="way" ref="895698573" role=""/>
  <member type="way" ref="895698574" role=""/>
  <member type="way" ref="1160235557" role=""/>
  <member type="way" ref="1160235556" role=""/>
  <member type="way" ref="895698566" role=""/>
  <member type="way" ref="895698567" role=""/>
  <member type="way" ref="182228051" role=""/>
  <member type="way" ref="182228056" role=""/>
  <member type="way" ref="815710717" role=""/>
  <member type="way" ref="815704854" role=""/>
  <member type="way" ref="815704855" role=""/>
  <member type="way" ref="815704853" role=""/>
  <member type="way" ref="815704852" role=""/>
  <member type="way" ref="815711800" role=""/>
  <member type="way" ref="815701119" role=""/>
  <member type="way" ref="815700972" role=""/>
  <member type="way" ref="815700971" role=""/>
  <member type="way" ref="96198479" role=""/>
  <member type="way" ref="96198358" role=""/>
  <member type="way" ref="276871378" role=""/>
  <member type="way" ref="815697226" role=""/>
  <member type="way" ref="815697224" role=""/>
  <member type="way" ref="815697225" role=""/>
  <member type="way" ref="815697221" role=""/>
  <member type="way" ref="815712843" role=""/>
  <member type="way" ref="276871379" role=""/>
  <member type="way" ref="815712842" role=""/>
  <member type="way" ref="815655921" role=""/>
  <member type="way" ref="815655920" role=""/>
  <member type="way" ref="276871375" role=""/>
  <member type="way" ref="276871374" role=""/>
  <member type="way" ref="815655925" role=""/>
  <member type="way" ref="815655924" role=""/>
  <member type="way" ref="400016271" role=""/>
  <member type="way" ref="400016272" role=""/>
  <member type="way" ref="34656822" role=""/>
  <member type="way" ref="34656824" role=""/>
  <member type="way" ref="806541145" role=""/>
  <member type="way" ref="806176904" role=""/>
  <member type="way" ref="806541144" role=""/>
  <member type="way" ref="815714724" role=""/>
  <member type="way" ref="806176903" role=""/>
  <member type="way" ref="815714723" role=""/>
  <member type="way" ref="806935630" role=""/>
  <member type="way" ref="34659898" role=""/>
  <member type="way" ref="807311679" role=""/>
  <member type="way" ref="807311678" role=""/>
  <member type="way" ref="807311676" role=""/>
  <member type="way" ref="807311680" role=""/>
  <member type="way" ref="807311670" role=""/>
  <member type="way" ref="668036169" role=""/>
  <member type="way" ref="668036170" role=""/>
  <member type="way" ref="807324687" role=""/>
  <member type="way" ref="807324690" role=""/>
  <member type="way" ref="815716749" role=""/>
  <member type="way" ref="807324688" role=""/>
  <member type="way" ref="329668739" role=""/>
  <member type="way" ref="329668741" role=""/>
  <member type="way" ref="95952362" role=""/>
  <member type="way" ref="95952363" role=""/>
  <member type="way" ref="182237478" role=""/>
  <member type="way" ref="807452169" role=""/>
  <member type="way" ref="807452176" role=""/>
  <member type="way" ref="807452175" role=""/>
  <member type="way" ref="807452168" role=""/>
  <member type="way" ref="182237468" role=""/>
  <member type="way" ref="807452170" role=""/>
  <member type="way" ref="807452172" role=""/>
  <member type="way" ref="807452167" role=""/>
  <member type="way" ref="321358857" role=""/>
  <member type="way" ref="807452171" role=""/>
  <member type="way" ref="807459777" role=""/>
  <member type="way" ref="321358852" role=""/>
  <member type="way" ref="62298406" role=""/>
  <member type="way" ref="807459776" role=""/>
  <member type="way" ref="807459775" role=""/>
  <member type="way" ref="807459774" role=""/>
  <member type="way" ref="318732607" role=""/>
  <member type="way" ref="62298409" role=""/>
  <member type="way" ref="62298429" role=""/>
  <member type="way" ref="62298401" role=""/>
  <member type="way" ref="62298423" role=""/>
  <member type="way" ref="813566866" role=""/>
  <member type="way" ref="813566865" role=""/>
  <member type="way" ref="813566867" role=""/>
  <member type="way" ref="319482386" role=""/>
  <member type="way" ref="25956859" role=""/>
  <member type="way" ref="319926407" role=""/>
  <member type="way" ref="815719174" role=""/>
  <member type="way" ref="813582992" role=""/>
  <member type="way" ref="813582990" role=""/>
  <member type="way" ref="813582989" role=""/>
  <member type="way" ref="321358858" role=""/>
  <member type="way" ref="813602401" role=""/>
  <member type="way" ref="321358859" role=""/>
  <member type="way" ref="218948235" role=""/>
  <member type="way" ref="813587414" role=""/>
  <member type="way" ref="813587412" role=""/>
  <member type="way" ref="813587413" role=""/>
  <member type="way" ref="218948236" role=""/>
  <member type="way" ref="813587411" role=""/>
  <member type="way" ref="813587409" role=""/>
  <member type="way" ref="813587408" role=""/>
  <member type="way" ref="813587410" role=""/>
  <member type="way" ref="64048409" role=""/>
  <member type="way" ref="813638772" role=""/>
  <member type="way" ref="813638770" role=""/>
  <member type="way" ref="813638771" role=""/>
  <member type="way" ref="813628283" role=""/>
  <member type="way" ref="813628281" role=""/>
  <member type="way" ref="813628282" role=""/>
  <member type="way" ref="813662484" role=""/>
  <member type="way" ref="64051794" role=""/>
  <member type="way" ref="813662478" role=""/>
  <member type="way" ref="813662479" role=""/>
  <member type="way" ref="813662477" role=""/>
  <member type="way" ref="576774194" role=""/>
  <member type="way" ref="576774192" role=""/>
  <member type="way" ref="813685315" role=""/>
  <member type="way" ref="813685313" role=""/>
  <member type="way" ref="813685314" role=""/>
  <member type="way" ref="813685310" role=""/>
  <member type="way" ref="815723600" role=""/>
  <member type="way" ref="813685316" role=""/>
  <member type="way" ref="813685308" role=""/>
  <member type="way" ref="813685309" role=""/>
  <member type="way" ref="325878976" role=""/>
  <member type="way" ref="325878977" role=""/>
  <member type="way" ref="815723599" role=""/>
  <member type="way" ref="177563943" role=""/>
  <member type="way" ref="815723598" role=""/>
  <member type="way" ref="813695288" role=""/>
  <member type="way" ref="813695286" role=""/>
  <member type="way" ref="815723597" role=""/>
  <member type="way" ref="815723596" role=""/>
  <member type="way" ref="435020514" role=""/>
  <member type="way" ref="815726077" role=""/>
  <member type="way" ref="813970279" role=""/>
  <member type="way" ref="815726076" role=""/>
  <member type="way" ref="813970278" role=""/>
  <member type="way" ref="576774190" role=""/>
  <member type="way" ref="813970276" role=""/>
  <member type="way" ref="813970275" role=""/>
  <member type="way" ref="815726075" role=""/>
  <member type="way" ref="815726074" role=""/>
  <member type="way" ref="815726073" role=""/>
  <member type="way" ref="678223289" role=""/>
  <member type="way" ref="827610452" role=""/>
  <member type="way" ref="827610453" role=""/>
  <member type="way" ref="813695285" role=""/>
  <member type="way" ref="626243620" role=""/>
  <member type="way" ref="261419390" role=""/>
  <member type="way" ref="813970285" role=""/>
  <member type="way" ref="1341221227" role=""/>
  <member type="way" ref="813970284" role=""/>
  <member type="way" ref="813964885" role=""/>
  <member type="way" ref="813970281" role=""/>
  <member type="way" ref="813970283" role=""/>
  <member type="way" ref="813970282" role=""/>
  <member type="way" ref="435020517" role=""/>
  <member type="way" ref="25962377" role=""/>
  <member type="way" ref="25962379" role=""/>
  <member type="way" ref="815529942" role=""/>
  <member type="way" ref="307023319" role=""/>
  <member type="way" ref="177563939" role=""/>
  <member type="way" ref="206720048" role=""/>
  <member type="way" ref="460252590" role=""/>
  <member type="way" ref="460252591" role=""/>
  <member type="way" ref="447827831" role=""/>
  <member type="way" ref="813983385" role=""/>
  <member type="way" ref="813983384" role=""/>
  <member type="way" ref="815529938" role=""/>
  <member type="way" ref="815529937" role=""/>
  <member type="way" ref="447827835" role=""/>
  <member type="way" ref="815529936" role=""/>
  <member type="way" ref="284926064" role=""/>
  <member type="way" ref="815022721" role=""/>
  <member type="way" ref="815022720" role=""/>
  <member type="way" ref="678141544" role=""/>
  <member type="way" ref="198760160" role=""/>
  <member type="way" ref="606347621" role=""/>
  <member type="way" ref="606347619" role=""/>
  <member type="way" ref="815007709" role=""/>
  <member type="way" ref="815007714" role=""/>
  <member type="way" ref="815007713" role=""/>
  <member type="way" ref="198760171" role=""/>
  <member type="way" ref="815007712" role=""/>
  <member type="way" ref="815007711" role=""/>
  <member type="way" ref="602148280" role=""/>
  <member type="way" ref="815007710" role=""/>
  <member type="way" ref="815007705" role=""/>
  <member type="way" ref="1443648788" role=""/>
  <member type="way" ref="815007704" role=""/>
  <member type="way" ref="815007703" role=""/>
  <member type="way" ref="1412993585" role=""/>
  <member type="way" ref="1561656780" role=""/>
  <member type="way" ref="1412993584" role=""/>
  <member type="way" ref="449246482" role=""/>
  <member type="way" ref="449246483" role=""/>
  <member type="way" ref="446373750" role=""/>
  <member type="way" ref="382572710" role=""/>
  <member type="way" ref="446373749" role=""/>
  <member type="way" ref="1428765591" role=""/>
  <member type="way" ref="1428765592" role=""/>
  <member type="way" ref="382572713" role=""/>
  <member type="way" ref="294378280" role=""/>
  <member type="way" ref="294378284" role=""/>
  <member type="way" ref="284926086" role=""/>
  <member type="way" ref="534830998" role=""/>
  <member type="way" ref="1429707694" role=""/>
  <member type="way" ref="815611335" role=""/>
  <member type="way" ref="534830992" role=""/>
  <member type="way" ref="294378265" role=""/>
  <member type="way" ref="294378266" role=""/>
  <member type="way" ref="294378262" role=""/>
  <member type="way" ref="294378267" role=""/>
  <member type="way" ref="815611334" role=""/>
  <member type="way" ref="215571111" role=""/>
  <member type="way" ref="815606456" role=""/>
  <member type="way" ref="198760172" role=""/>
  <member type="way" ref="414261966" role=""/>
  <member type="way" ref="198760182" role=""/>
  <member type="way" ref="207369946" role=""/>
  <member type="way" ref="968911451" role=""/>
  <member type="way" ref="815614057" role=""/>
  <member type="way" ref="46799918" role=""/>
  <member type="way" ref="435023091" role=""/>
  <member type="way" ref="207990432" role=""/>
  <member type="way" ref="888745513" role=""/>
  <member type="way" ref="675172016" role=""/>
  <member type="way" ref="889869881" role=""/>
  <member type="way" ref="675172018" role=""/>
  <member type="way" ref="782510734" role=""/>
  <member type="way" ref="782510733" role=""/>
  <member type="way" ref="207990430" role=""/>
  <member type="way" ref="732397126" role=""/>
  <member type="way" ref="1493577807" role=""/>
  <member type="way" ref="1493577806" role=""/>
  <member type="way" ref="162567997" role=""/>
  <member type="way" ref="162567998" role=""/>
  <member type="way" ref="435023090" role=""/>
  <member type="way" ref="380817853" role=""/>
  <member type="way" ref="1429707691" role=""/>
  <member type="way" ref="380817855" role=""/>
  <member type="way" ref="822855502" role=""/>
  <member type="way" ref="294052573" role=""/>
  <member type="way" ref="1432644268" role=""/>
  <member type="way" ref="1125387717" role=""/>
  <member type="way" ref="847275430" role=""/>
  <member type="way" ref="651047197" role=""/>
  <member type="way" ref="1429707690" role=""/>
  <member type="way" ref="294052549" role=""/>
  <member type="way" ref="847275433" role=""/>
  <member type="way" ref="294052540" role=""/>
  <member type="way" ref="294052541" role=""/>
  <member type="way" ref="294052539" role=""/>
  <member type="way" ref="29293567" role=""/>
  <member type="way" ref="657088034" role=""/>
  <member type="way" ref="707254623" role=""/>
  <member type="way" ref="1493577805" role=""/>
  <member type="way" ref="675180439" role=""/>
  <member type="way" ref="1429707689" role=""/>
  <member type="way" ref="675180446" role=""/>
  <member type="way" ref="675180444" role=""/>
  <member type="way" ref="657088035" role=""/>
  <member type="way" ref="654000191" role=""/>
  <member type="way" ref="296569276" role=""/>
  <member type="way" ref="1414413387" role=""/>
  <member type="way" ref="1413449165" role=""/>
  <member type="way" ref="1347837683" role=""/>
  <member type="way" ref="1445726804" role=""/>
  <member type="way" ref="1414413388" role=""/>
  <member type="way" ref="1445726801" role=""/>
  <member type="way" ref="159630437" role=""/>
  <member type="way" ref="1445726806" role=""/>
  <member type="way" ref="370738823" role=""/>
  <member type="way" ref="165932577" role=""/>
  <member type="way" ref="165932578" role=""/>
  <member type="way" ref="441637708" role=""/>
  <member type="way" ref="1442841511" role=""/>
  <member type="way" ref="441637701" role=""/>
  <member type="way" ref="139477430" role=""/>
  <member type="way" ref="815626606" role=""/>
  <member type="way" ref="815626604" role=""/>
  <member type="way" ref="815626605" role=""/>
  <member type="way" ref="139477424" role=""/>
  <member type="way" ref="815629915" role=""/>
  <member type="way" ref="815629917" role=""/>
  <member type="way" ref="815629916" role=""/>
  <member type="way" ref="139477467" role=""/>
  <member type="way" ref="139477412" role=""/>
  <member type="way" ref="139477459" role=""/>
  <member type="way" ref="139477409" role=""/>
  <member type="way" ref="139477446" role=""/>
  <member type="way" ref="139477479" role=""/>
  <member type="way" ref="139477442" role=""/>
  <member type="way" ref="139477425" role=""/>
  <member type="way" ref="815636150" role=""/>
  <member type="way" ref="815636148" role=""/>
  <member type="way" ref="815636149" role=""/>
  <member type="way" ref="370738824" role=""/>
  <member type="way" ref="139477439" role=""/>
  <member type="way" ref="139477469" role=""/>
  <member type="way" ref="715735245" role=""/>
  <member type="way" ref="815639125" role=""/>
  <member type="way" ref="123093573" role=""/>
  <member type="way" ref="809927643" role=""/>
  <member type="way" ref="809927644" role=""/>
  <member type="way" ref="61766637" role=""/>
  <member type="way" ref="61766643" role=""/>
  <member type="way" ref="809927642" role=""/>
  <member type="way" ref="23219848" role=""/>
  <member type="way" ref="1321966633" role=""/>
  <member type="way" ref="1321966632" role=""/>
  <member type="way" ref="1321966630" role=""/>
  <member type="way" ref="23219849" role=""/>
  <member type="way" ref="1493576520" role=""/>
  <member type="way" ref="1493576519" role=""/>
  <member type="way" ref="435023648" role=""/>
  <member type="way" ref="435023649" role=""/>
  <member type="way" ref="105942922" role=""/>
  <member type="way" ref="1442143480" role=""/>
  <member type="way" ref="1493576517" role=""/>
  <member type="way" ref="1493576518" role=""/>
  <member type="way" ref="1493576516" role=""/>
  <member type="way" ref="105943025" role=""/>
  <member type="way" ref="1493576515" role=""/>
  <member type="way" ref="1493576514" role=""/>
  <member type="way" ref="377751894" role=""/>
  <member type="way" ref="435023650" role=""/>
  <member type="way" ref="1456097572" role=""/>
  <member type="way" ref="546439116" role=""/>
  <member type="way" ref="435023647" role=""/>
  <member type="way" ref="382883368" role=""/>
  <member type="way" ref="292319027" role=""/>
  <member type="way" ref="435023874" role=""/>
  <member type="way" ref="1493576513" role=""/>
  <member type="way" ref="1493576512" role=""/>
  <member type="way" ref="206601726" role=""/>
  <member type="way" ref="435026092" role=""/>
  <member type="way" ref="1493576511" role=""/>
  <member type="way" ref="1493576510" role=""/>
  <member type="way" ref="206601725" role=""/>
  <member type="way" ref="1493576509" role=""/>
  <member type="way" ref="1493576506" role=""/>
  <member type="way" ref="1493576508" role=""/>
  <member type="way" ref="105922094" role=""/>
  <member type="way" ref="1462758684" role=""/>
  <member type="way" ref="402507030" role=""/>
  <member type="way" ref="1462594812" role=""/>
  <member type="way" ref="1462594813" role=""/>
  <member type="way" ref="1493576505" role=""/>
  <member type="way" ref="105922123" role=""/>
  <member type="way" ref="1493576504" role=""/>
  <member type="way" ref="435026088" role=""/>
  <member type="way" ref="546451038" role=""/>
  <member type="way" ref="1454950709" role=""/>
  <member type="way" ref="1493576502" role=""/>
  <member type="way" ref="1493576501" role=""/>
  <member type="way" ref="1454485741" role=""/>
  <member type="way" ref="1454485740" role=""/>
  <member type="way" ref="1454485742" role=""/>
  <member type="way" ref="1454485745" role=""/>
  <member type="way" ref="435026094" role=""/>
  <member type="way" ref="105922103" role=""/>
  <member type="way" ref="701259802" role=""/>
  <member type="way" ref="1493576500" role=""/>
  <member type="way" ref="1493576499" role=""/>
  <member type="way" ref="1493576498" role=""/>
  <member type="way" ref="435026093" role=""/>
  <member type="way" ref="435026090" role=""/>
  <member type="way" ref="1493576497" role=""/>
  <member type="way" ref="105943036" role=""/>
  <member type="way" ref="105943012" role=""/>
  <member type="way" ref="1497032731" role=""/>
  <member type="way" ref="105917993" role=""/>
  <member type="way" ref="105917969" role=""/>
  <member type="way" ref="105917954" role=""/>
  <member type="way" ref="1493576496" role=""/>
  <member type="way" ref="153476210" role=""/>
  <member type="way" ref="435026091" role=""/>
  <member type="way" ref="381277832" role=""/>
  <member type="way" ref="1454472620" role=""/>
  <member type="way" ref="1454472618" role=""/>
  <member type="way" ref="381277831" role=""/>
  <member type="way" ref="153476197" role=""/>
  <member type="way" ref="159630436" role=""/>
  <member type="way" ref="159630438" role=""/>
  <member type="way" ref="1493576495" role=""/>
  <member type="way" ref="105948367" role=""/>
  <member type="way" ref="153476205" role=""/>
  <member type="way" ref="153476202" role=""/>
  <member type="way" ref="105917924" role=""/>
  <member type="way" ref="380680484" role=""/>
  <member type="way" ref="337178826" role=""/>
  <member type="way" ref="1436973008" role=""/>
  <member type="way" ref="1356486837" role=""/>
  <member type="way" ref="76450688" role=""/>
  <member type="way" ref="29050143" role=""/>
  <member type="way" ref="1368357629" role=""/>
  <member type="way" ref="225034067" role=""/>
  <member type="way" ref="235399365" role=""/>
  <member type="way" ref="235399364" role=""/>
  <member type="way" ref="625100577" role=""/>
  <member type="way" ref="48614583" role=""/>
  <member type="way" ref="855510129" role=""/>
  <member type="way" ref="855510130" role=""/>
  <member type="way" ref="625100576" role=""/>
  <member type="way" ref="505700172" role=""/>
  <member type="way" ref="505700171" role=""/>
  <member type="way" ref="219120283" role=""/>
  <member type="way" ref="219120284" role=""/>
  <member type="way" ref="1317875440" role=""/>
  <member type="way" ref="505700173" role=""/>
  <member type="way" ref="505700174" role=""/>
  <member type="way" ref="55493325" role=""/>
  <member type="way" ref="1315594598" role=""/>
  <member type="way" ref="55493333" role=""/>
  <member type="way" ref="1318462518" role=""/>
  <member type="way" ref="505700175" role=""/>
  <member type="way" ref="1315594595" role=""/>
  <member type="way" ref="48614582" role=""/>
  <member type="way" ref="1392058227" role=""/>
  <member type="way" ref="917824345" role=""/>
  <member type="way" ref="917824346" role=""/>
  <member type="way" ref="48614559" role=""/>
  <member type="way" ref="1502913007" role=""/>
  <member type="way" ref="55493412" role=""/>
  <member type="way" ref="917824347" role=""/>
  <member type="way" ref="55493406" role=""/>
  <member type="way" ref="1409423914" role=""/>
  <member type="way" ref="1411776990" role=""/>
  <member type="way" ref="1409423913" role=""/>
  <member type="way" ref="218951200" role=""/>
  <member type="way" ref="1556867479" role=""/>
  <member type="way" ref="917846446" role=""/>
  <member type="way" ref="714827621" role=""/>
  <member type="way" ref="714827622" role=""/>
  <member type="way" ref="48614558" role=""/>
  <member type="way" ref="222564328" role=""/>
  <member type="way" ref="1436973009" role=""/>
  <member type="way" ref="1366287839" role=""/>
  <member type="way" ref="35343224" role=""/>
  <member type="way" ref="35343223" role=""/>
  <member type="way" ref="218951201" role=""/>
  <member type="way" ref="48614503" role=""/>
  <member type="way" ref="917852873" role=""/>
  <member type="way" ref="1004715677" role=""/>
  <member type="way" ref="69682238" role=""/>
  <member type="way" ref="1556866107" role=""/>
  <member type="way" ref="1534492677" role=""/>
  <member type="way" ref="475913286" role=""/>
  <member type="way" ref="475913285" role=""/>
  <member type="way" ref="918238345" role=""/>
  <member type="way" ref="918238346" role=""/>
  <member type="way" ref="218947343" role=""/>
  <member type="way" ref="1121046012" role=""/>
  <member type="way" ref="48614509" role=""/>
  <member type="way" ref="48614506" role=""/>
  <member type="way" ref="75839134" role=""/>
  <member type="way" ref="50097240" role=""/>
  <member type="way" ref="49428948" role=""/>
  <member type="way" ref="48614507" role=""/>
  <member type="way" ref="49228408" role=""/>
  <member type="way" ref="190588680" role=""/>
  <member type="way" ref="1436973000" role=""/>
  <member type="way" ref="1047435469" role=""/>
  <member type="way" ref="49228404" role=""/>
  <member type="way" ref="49398307" role=""/>
  <member type="way" ref="49398308" role=""/>
  <member type="way" ref="49368690" role=""/>
  <member type="way" ref="238063066" role=""/>
  <member type="way" ref="238063074" role=""/>
  <member type="way" ref="238063065" role=""/>
  <member type="way" ref="49428945" role=""/>
  <member type="way" ref="49228511" role=""/>
  <member type="way" ref="190588681" role=""/>
  <member type="way" ref="49228487" role=""/>
  <member type="way" ref="238063073" role=""/>
  <member type="way" ref="238063069" role=""/>
  <member type="way" ref="49369563" role=""/>
  <member type="way" ref="238063067" role=""/>
  <member type="way" ref="238063068" role=""/>
  <member type="way" ref="238063071" role=""/>
  <member type="way" ref="238063072" role=""/>
  <member type="way" ref="238063070" role=""/>
  <member type="way" ref="49398608" role=""/>
  <member type="way" ref="49228391" role=""/>
  <member type="way" ref="49398610" role=""/>
  <member type="way" ref="49426170" role=""/>
  <member type="way" ref="97473775" role=""/>
  <member type="way" ref="1555103056" role=""/>
  <member type="way" ref="49228393" role=""/>
  <member type="way" ref="97473774" role=""/>
  <member type="way" ref="49228392" role=""/>
  <member type="way" ref="51888018" role=""/>
  <member type="way" ref="51888027" role=""/>
  <member type="way" ref="918262246" role=""/>
  <member type="way" ref="49428951" role=""/>
  <member type="way" ref="49228548" role=""/>
  <member type="way" ref="1436973014" role=""/>
  <member type="way" ref="1436973013" role=""/>
  <member type="way" ref="376236048" role=""/>
  <member type="way" ref="49228390" role=""/>
  <member type="way" ref="439693897" role=""/>
  <member type="way" ref="439693896" role=""/>
  <member type="way" ref="439693895" role=""/>
  <member type="way" ref="1059457791" role=""/>
  <member type="way" ref="1059457792" role=""/>
  <member type="way" ref="1417464751" role=""/>
  <member type="way" ref="50097243" role=""/>
  <member type="way" ref="50097253" role=""/>
  <member type="way" ref="424255403" role=""/>
  <member type="way" ref="439693894" role=""/>
  <member type="way" ref="835857372" role=""/>
  <member type="way" ref="157243966" role=""/>
  <member type="way" ref="157243967" role=""/>
  <member type="way" ref="439693893" role=""/>
  <member type="way" ref="474803127" role=""/>
  <member type="way" ref="147398838" role=""/>
  <member type="way" ref="1546358073" role=""/>
  <member type="way" ref="147398854" role=""/>
  <member type="way" ref="439693892" role=""/>
  <member type="way" ref="439693891" role=""/>
  <member type="way" ref="71422782" role=""/>
  <member type="way" ref="147398825" role=""/>
  <member type="way" ref="147398830" role=""/>
  <member type="way" ref="439693890" role=""/>
  <member type="way" ref="403044302" role=""/>
  <member type="way" ref="371155524" role=""/>
  <member type="way" ref="371155526" role=""/>
  <member type="way" ref="439693889" role=""/>
  <member type="way" ref="918304090" role=""/>
  <member type="way" ref="439693888" role=""/>
  <member type="way" ref="1352032200" role=""/>
  <member type="way" ref="962830232" role=""/>
  <member type="way" ref="160204999" role=""/>
  <member type="way" ref="160204995" role=""/>
  <member type="way" ref="835846023" role=""/>
  <member type="way" ref="835846024" role=""/>
  <member type="way" ref="835846025" role=""/>
  <member type="way" ref="815660231" role=""/>
  <member type="way" ref="439693887" role=""/>
  <member type="way" ref="835845035" role=""/>
  <member type="way" ref="1493561890" role=""/>
  <member type="way" ref="439693886" role=""/>
  <member type="way" ref="439693885" role=""/>
  <member type="way" ref="439693884" role=""/>
  <member type="way" ref="35935648" role=""/>
  <member type="way" ref="439146445" role=""/>
  <member type="way" ref="1230612221" role=""/>
  <member type="way" ref="1230621235" role=""/>
  <member type="way" ref="1230612222" role=""/>
  <member type="way" ref="35935634" role=""/>
  <member type="way" ref="35935635" role=""/>
  <member type="way" ref="190588743" role=""/>
  <member type="way" ref="35935639" role=""/>
  <member type="way" ref="35935647" role=""/>
  <member type="way" ref="174351621" role=""/>
  <member type="way" ref="174351619" role=""/>
  <member type="way" ref="1432339832" role=""/>
  <member type="way" ref="1429707686" role=""/>
  <member type="way" ref="74573722" role=""/>
  <member type="way" ref="35937767" role=""/>
  <member type="way" ref="863983199" role=""/>
  <member type="way" ref="891935134" role=""/>
  <member type="way" ref="891935135" role=""/>
  <member type="way" ref="891926696" role=""/>
  <member type="way" ref="35937766" role=""/>
  <member type="way" ref="34115834" role=""/>
  <member type="way" ref="55167412" role=""/>
  <member type="way" ref="55167425" role=""/>
  <member type="way" ref="1144181891" role=""/>
  <member type="way" ref="1429707685" role=""/>
  <member type="way" ref="1144181893" role=""/>
  <member type="way" ref="863983200" role=""/>
  <member type="way" ref="163567018" role=""/>
  <member type="way" ref="340251195" role=""/>
  <member type="way" ref="35939712" role=""/>
  <member type="way" ref="35939696" role=""/>
  <member type="way" ref="1196098103" role=""/>
  <member type="way" ref="35939702" role=""/>
  <member type="way" ref="35939705" role=""/>
  <member type="way" ref="35939706" role=""/>
  <member type="way" ref="1395493262" role=""/>
  <member type="way" ref="35939708" role=""/>
  <member type="way" ref="1148822533" role=""/>
  <member type="way" ref="55167427" role=""/>
  <member type="way" ref="35939709" role=""/>
  <member type="way" ref="35939710" role=""/>
  <member type="way" ref="835790014" role=""/>
  <member type="way" ref="835790013" role=""/>
  <member type="way" ref="34222074" role=""/>
  <member type="way" ref="34222075" role=""/>
  <member type="way" ref="891889326" role=""/>
  <member type="way" ref="63904326" role=""/>
  <member type="way" ref="35935652" role=""/>
  <member type="way" ref="1194862759" role=""/>
  <member type="way" ref="804768125" role=""/>
  <member type="way" ref="340251197" role=""/>
  <member type="way" ref="289094021" role=""/>
  <member type="way" ref="1230569509" role=""/>
  <member type="way" ref="1077107157" role=""/>
  <member type="way" ref="1429707684" role=""/>
  <member type="way" ref="1428513880" role=""/>
  <member type="way" ref="438992248" role=""/>
  <member type="way" ref="438992247" role=""/>
  <member type="way" ref="438992246" role=""/>
  <member type="way" ref="343751204" role=""/>
  <member type="way" ref="252832060" role=""/>
  <member type="way" ref="851398526" role=""/>
  <member type="way" ref="438992245" role=""/>
  <member type="way" ref="347340526" role=""/>
  <member type="way" ref="834924826" role=""/>
  <member type="way" ref="834924827" role=""/>
  <member type="way" ref="834924825" role=""/>
  <member type="way" ref="1102435083" role=""/>
  <member type="way" ref="905222239" role=""/>
  <member type="way" ref="1429707683" role=""/>
  <member type="way" ref="905222237" role=""/>
  <member type="way" ref="834924828" role=""/>
  <member type="way" ref="909522917" role=""/>
  <member type="way" ref="438992243" role=""/>
  <member type="way" ref="347340529" role=""/>
  <member type="way" ref="1274647490" role=""/>
  <member type="way" ref="1429707682" role=""/>
  <member type="way" ref="1274647489" role=""/>
  <member type="way" ref="1381998679" role=""/>
  <member type="way" ref="1138280009" role=""/>
  <member type="way" ref="1121929766" role=""/>
  <member type="way" ref="614486337" role=""/>
  <member type="way" ref="1138280008" role=""/>
  <member type="way" ref="614486336" role=""/>
  <member type="way" ref="438992242" role=""/>
  <member type="way" ref="370414781" role=""/>
  <member type="way" ref="438992241" role=""/>
  <member type="way" ref="438992240" role=""/>
  <member type="way" ref="438992239" role=""/>
  <member type="way" ref="438992238" role=""/>
  <member type="way" ref="438992237" role=""/>
  <member type="way" ref="1349228920" role=""/>
  <member type="way" ref="1349228921" role=""/>
  <member type="way" ref="1453653461" role=""/>
  <member type="way" ref="1349228922" role=""/>
  <member type="way" ref="438992235" role=""/>
  <member type="way" ref="438992234" role=""/>
  <member type="way" ref="438992232" role=""/>
  <member type="way" ref="438992233" role=""/>
  <member type="way" ref="438992231" role=""/>
  <member type="way" ref="438992230" role=""/>
  <member type="way" ref="438992229" role=""/>
  <member type="way" ref="438992228" role=""/>
  <member type="way" ref="818541299" role=""/>
  <member type="way" ref="818541298" role=""/>
  <member type="way" ref="438992227" role=""/>
  <member type="way" ref="438992226" role=""/>
  <member type="way" ref="438992225" role=""/>
  <member type="way" ref="1232964858" role=""/>
  <member type="way" ref="438992224" role=""/>
  <member type="way" ref="438992222" role=""/>
  <member type="way" ref="1233275281" role=""/>
  <member type="way" ref="1233275280" role=""/>
  <member type="way" ref="1232964861" role=""/>
  <member type="way" ref="438992223" role=""/>
  <member type="way" ref="438992221" role=""/>
  <member type="way" ref="1417677318" role=""/>
  <member type="way" ref="438992220" role=""/>
  <member type="way" ref="438992218" role=""/>
  <member type="way" ref="1347079268" role=""/>
  <member type="way" ref="1347079269" role=""/>
  <member type="way" ref="1347079270" role=""/>
  <member type="way" ref="1347079267" role=""/>
  <member type="way" ref="438992217" role=""/>
  <member type="way" ref="438992216" role=""/>
  <member type="way" ref="438992219" role=""/>
  <member type="way" ref="438992215" role=""/>
  <member type="way" ref="438529547" role=""/>
  <member type="way" ref="438529546" role=""/>
  <member type="way" ref="33465124" role=""/>
  <member type="way" ref="33465128" role=""/>
  <member type="way" ref="33465125" role=""/>
  <member type="way" ref="33465126" role=""/>
  <member type="way" ref="33468963" role=""/>
  <member type="way" ref="33468958" role=""/>
  <member type="way" ref="234715684" role=""/>
  <member type="way" ref="234715685" role=""/>
  <member type="way" ref="39667959" role=""/>
  <member type="way" ref="39667958" role=""/>
  <member type="way" ref="1430839229" role=""/>
  <member type="way" ref="1429707681" role=""/>
  <member type="way" ref="1430839231" role=""/>
  <member type="way" ref="26217371" role=""/>
  <member type="way" ref="234809345" role=""/>
  <member type="way" ref="482687381" role=""/>
  <member type="way" ref="482687380" role=""/>
  <member type="way" ref="37189728" role=""/>
  <member type="way" ref="37189729" role=""/>
  <member type="way" ref="26218038" role=""/>
  <member type="way" ref="26217370" role=""/>
  <member type="way" ref="294346114" role=""/>
  <member type="way" ref="26218039" role=""/>
  <member type="way" ref="864085901" role=""/>
  <member type="way" ref="29346374" role=""/>
  <member type="way" ref="848286702" role=""/>
  <member type="way" ref="30829083" role=""/>
  <member type="way" ref="30829084" role=""/>
  <member type="way" ref="819603112" role=""/>
  <member type="way" ref="33465121" role=""/>
  <member type="way" ref="1429707680" role=""/>
  <member type="way" ref="33465120" role=""/>
  <member type="way" ref="33465123" role=""/>
  <member type="way" ref="824901378" role=""/>
  <member type="way" ref="824901377" role=""/>
  <member type="way" ref="209142079" role=""/>
  <member type="way" ref="1429707679" role=""/>
  <member type="way" ref="209142082" role=""/>
  <member type="way" ref="209142081" role=""/>
  <member type="way" ref="1456006143" role=""/>
  <member type="way" ref="200568095" role=""/>
  <member type="way" ref="235715957" role=""/>
  <member type="way" ref="26180457" role=""/>
  <member type="way" ref="26180458" role=""/>
  <member type="way" ref="235715955" role=""/>
  <member type="way" ref="155021828" role=""/>
  <member type="way" ref="885227277" role=""/>
  <member type="way" ref="885227275" role=""/>
  <member type="way" ref="1106878047" role=""/>
  <member type="way" ref="26180455" role=""/>
  <member type="way" ref="155021829" role=""/>
  <member type="way" ref="241938137" role=""/>
  <member type="way" ref="241938138" role=""/>
  <member type="way" ref="925255482" role=""/>
  <member type="way" ref="27864732" role=""/>
  <member type="way" ref="925255483" role=""/>
  <member type="way" ref="27864733" role=""/>
  <member type="way" ref="29406953" role=""/>
  <member type="way" ref="482687373" role=""/>
  <member type="way" ref="1106878050" role=""/>
  <member type="way" ref="1106878048" role=""/>
  <member type="way" ref="1551080252" role=""/>
  <member type="way" ref="26189324" role=""/>
  <member type="way" ref="33652647" role=""/>
  <member type="way" ref="26208688" role=""/>
  <member type="way" ref="26208689" role=""/>
  <member type="way" ref="33771223" role=""/>
  <member type="way" ref="33771222" role=""/>
  <member type="way" ref="33652640" role=""/>
  <member type="way" ref="1133939915" role=""/>
  <member type="way" ref="26189326" role=""/>
  <member type="way" ref="33652642" role=""/>
  <member type="way" ref="510530707" role=""/>
  <member type="way" ref="33652645" role=""/>
  <member type="way" ref="190588742" role=""/>
  <member type="way" ref="1115732778" role=""/>
  <member type="way" ref="1133786711" role=""/>
  <member type="way" ref="31141054" role=""/>
  <member type="way" ref="31480785" role=""/>
  <member type="way" ref="60782635" role=""/>
  <member type="way" ref="994986107" role=""/>
  <member type="way" ref="60782627" role=""/>
  <member type="way" ref="619736234" role=""/>
  <member type="way" ref="482687371" role=""/>
  <member type="way" ref="482687370" role=""/>
  <member type="way" ref="46349515" role=""/>
  <member type="way" ref="1133786713" role=""/>
  <member type="way" ref="1133786715" role=""/>
  <member type="way" ref="1429707678" role=""/>
  <member type="way" ref="46349517" role=""/>
  <member type="way" ref="46349506" role=""/>
  <member type="way" ref="29406946" role=""/>
  <member type="way" ref="1429707677" role=""/>
  <member type="way" ref="29406943" role=""/>
  <member type="way" ref="29406942" role=""/>
  <member type="way" ref="438529545" role=""/>
  <member type="way" ref="389931573" role=""/>
  <member type="way" ref="438529544" role=""/>
  <member type="way" ref="1225159473" role=""/>
  <member type="way" ref="288170966" role=""/>
  <member type="way" ref="292514104" role=""/>
  <member type="way" ref="677407783" role=""/>
  <member type="way" ref="438529543" role=""/>
  <member type="way" ref="292514105" role=""/>
  <member type="way" ref="554921005" role=""/>
  <member type="way" ref="288183694" role=""/>
  <member type="way" ref="288183695" role=""/>
  <member type="way" ref="554921004" role=""/>
  <member type="way" ref="438529542" role=""/>
  <member type="way" ref="288183691" role=""/>
  <member type="way" ref="1225470112" role=""/>
  <member type="way" ref="1225470111" role=""/>
  <member type="way" ref="29406938" role=""/>
  <member type="way" ref="813466520" role=""/>
  <member type="way" ref="29406935" role=""/>
  <member type="way" ref="295636067" role=""/>
  <member type="way" ref="325895866" role=""/>
  <member type="way" ref="1429707676" role=""/>
  <member type="way" ref="1174637944" role=""/>
  <member type="way" ref="952700215" role=""/>
  <member type="way" ref="325895867" role=""/>
  <member type="way" ref="210525477" role=""/>
  <member type="way" ref="210525475" role=""/>
  <member type="way" ref="119357298" role=""/>
  <member type="way" ref="815517116" role=""/>
  <member type="way" ref="815517118" role=""/>
  <member type="way" ref="1429707675" role=""/>
  <member type="way" ref="33878492" role=""/>
  <member type="way" ref="210525488" role=""/>
  <member type="way" ref="34586852" role=""/>
  <member type="way" ref="34257479" role=""/>
  <member type="way" ref="34586858" role=""/>
  <member type="way" ref="732271692" role=""/>
  <member type="way" ref="37280872" role=""/>
  <member type="way" ref="37280873" role=""/>
  <member type="way" ref="163422131" role=""/>
  <member type="way" ref="163422128" role=""/>
  <member type="way" ref="475328562" role=""/>
  <member type="way" ref="475328561" role=""/>
  <member type="way" ref="475328566" role=""/>
  <member type="way" ref="475328565" role=""/>
  <member type="way" ref="56739790" role=""/>
  <member type="way" ref="56739794" role=""/>
  <member type="way" ref="56739796" role=""/>
  <member type="way" ref="56739780" role=""/>
  <member type="way" ref="56739786" role=""/>
  <member type="way" ref="56739782" role=""/>
  <member type="way" ref="34663569" role=""/>
  <member type="way" ref="34665390" role=""/>
  <member type="way" ref="178231976" role=""/>
  <member type="way" ref="178231977" role=""/>
  <member type="way" ref="34640832" role=""/>
  <member type="way" ref="34640833" role=""/>
  <member type="way" ref="34668522" role=""/>
  <member type="way" ref="633986880" role=""/>
  <member type="way" ref="633986872" role=""/>
  <member type="way" ref="633986869" role=""/>
  <member type="way" ref="34668041" role=""/>
  <member type="way" ref="292525108" role=""/>
  <member type="way" ref="850070431" role=""/>
  <member type="way" ref="850070430" role=""/>
  <member type="way" ref="34640841" role=""/>
  <member type="way" ref="34640843" role=""/>
  <member type="way" ref="260256133" role=""/>
  <member type="way" ref="260256134" role=""/>
  <member type="way" ref="260284595" role=""/>
  <member type="way" ref="551980409" role=""/>
  <member type="way" ref="551980400" role=""/>
  <member type="way" ref="1062817552" role=""/>
  <member type="way" ref="551980403" role=""/>
  <member type="way" ref="260284597" role=""/>
  <member type="way" ref="89967484" role=""/>
  <member type="way" ref="89967485" role=""/>
  <member type="way" ref="34640845" role=""/>
  <member type="way" ref="34640844" role=""/>
  <member type="way" ref="52867037" role=""/>
  <member type="way" ref="52867032" role=""/>
  <member type="way" ref="1556480269" role=""/>
  <member type="way" ref="292525099" role=""/>
  <member type="way" ref="292525103" role=""/>
  <member type="way" ref="262603731" role=""/>
  <member type="way" ref="1556480268" role=""/>
  <member type="way" ref="394616474" role=""/>
  <member type="way" ref="850024192" role=""/>
  <member type="way" ref="1474384163" role=""/>
  <member type="way" ref="1556480267" role=""/>
  <member type="way" ref="292525109" role=""/>
  <member type="way" ref="38663039" role=""/>
  <member type="way" ref="995629211" role=""/>
  <member type="way" ref="995629210" role=""/>
  <member type="way" ref="38663040" role=""/>
  <member type="way" ref="1474383315" role=""/>
  <member type="way" ref="1474383316" role=""/>
  <member type="way" ref="262603730" role=""/>
  <member type="way" ref="685299143" role=""/>
  <member type="way" ref="294074762" role=""/>
  <member type="way" ref="294074764" role=""/>
  <member type="way" ref="55982681" role=""/>
  <member type="way" ref="55982683" role=""/>
  <member type="way" ref="38663028" role=""/>
  <member type="way" ref="1474380630" role=""/>
  <member type="way" ref="1474380629" role=""/>
  <member type="way" ref="38663030" role=""/>
  <member type="way" ref="500070687" role=""/>
  <member type="way" ref="500070688" role=""/>
  <member type="way" ref="60127053" role=""/>
  <member type="way" ref="500070716" role=""/>
  <member type="way" ref="60127056" role=""/>
  <member type="way" ref="500070715" role=""/>
  <member type="way" ref="500070720" role=""/>
  <member type="way" ref="500070711" role=""/>
  <member type="way" ref="500070709" role=""/>
  <member type="way" ref="500070728" role=""/>
  <member type="way" ref="500070727" role=""/>
  <member type="way" ref="499918285" role=""/>
  <member type="way" ref="499919937" role=""/>
  <member type="way" ref="499919938" role=""/>
  <member type="way" ref="499918281" role=""/>
  <member type="way" ref="509684068" role=""/>
  <member type="way" ref="25504222" role=""/>
  <member type="way" ref="509684067" role=""/>
  <member type="way" ref="509745063" role=""/>
  <member type="way" ref="509745057" role=""/>
  <member type="way" ref="499918288" role=""/>
  <member type="way" ref="499918290" role=""/>
  <member type="way" ref="499918291" role=""/>
  <member type="way" ref="619276000" role=""/>
  <member type="way" ref="499918289" role=""/>
  <member type="way" ref="96378643" role=""/>
  <member type="way" ref="96378644" role=""/>
  <member type="way" ref="499918299" role=""/>
  <member type="way" ref="57069146" role=""/>
  <member type="way" ref="57069144" role=""/>
  <member type="way" ref="94731995" role=""/>
  <member type="way" ref="94732016" role=""/>
  <member type="way" ref="56685688" role=""/>
  <member type="way" ref="56685694" role=""/>
  <member type="way" ref="184997066" role=""/>
  <member type="way" ref="184997044" role=""/>
  <member type="way" ref="184997053" role=""/>
  <member type="way" ref="147512228" role=""/>
  <member type="way" ref="816814131" role=""/>
  <member type="way" ref="816814130" role=""/>
  <member type="way" ref="499899985" role=""/>
  <member type="way" ref="499899986" role=""/>
  <member type="way" ref="499899991" role=""/>
  <member type="way" ref="184997043" role=""/>
  <member type="way" ref="94732021" role=""/>
  <member type="way" ref="292050924" role=""/>
  <member type="way" ref="274858372" role=""/>
  <member type="way" ref="274858377" role=""/>
  <member type="way" ref="499895101" role=""/>
  <member type="way" ref="509776864" role=""/>
  <member type="way" ref="499895102" role=""/>
  <member type="way" ref="499895111" role=""/>
  <member type="way" ref="499895117" role=""/>
  <member type="way" ref="499895124" role=""/>
  <member type="way" ref="290292224" role=""/>
  <member type="way" ref="147512230" role=""/>
  <member type="way" ref="300795179" role=""/>
  <member type="way" ref="499895148" role=""/>
  <member type="way" ref="499895138" role=""/>
  <member type="way" ref="499895139" role=""/>
  <member type="way" ref="499895143" role=""/>
  <member type="way" ref="300795177" role=""/>
  <member type="way" ref="499883785" role=""/>
  <member type="way" ref="499883786" role=""/>
  <member type="way" ref="499883780" role=""/>
  <member type="way" ref="499883781" role=""/>
  <member type="way" ref="499883818" role=""/>
  <member type="way" ref="499883794" role=""/>
  <member type="way" ref="509794246" role=""/>
  <member type="way" ref="499883795" role=""/>
  <member type="way" ref="499883800" role=""/>
  <member type="way" ref="499883801" role=""/>
  <member type="way" ref="499883910" role=""/>
  <member type="way" ref="499883845" role=""/>
  <member type="way" ref="499883852" role=""/>
  <member type="way" ref="499883895" role=""/>
  <member type="way" ref="499883887" role=""/>
  <member type="way" ref="499857795" role=""/>
  <member type="way" ref="499857776" role=""/>
  <member type="way" ref="499857782" role=""/>
  <member type="way" ref="499857789" role=""/>
  <member type="way" ref="499857794" role=""/>
  <member type="way" ref="300917242" role=""/>
  <member type="way" ref="499850500" role=""/>
  <member type="way" ref="499850503" role=""/>
  <member type="way" ref="499850502" role=""/>
  <member type="way" ref="323641319" role=""/>
  <member type="way" ref="509805386" role=""/>
  <member type="way" ref="285299953" role=""/>
  <member type="way" ref="142047011" role=""/>
  <member type="way" ref="142047013" role=""/>
  <member type="way" ref="499850508" role=""/>
  <member type="way" ref="499850509" role=""/>
  <member type="way" ref="323459498" role=""/>
  <member type="way" ref="499850514" role=""/>
  <member type="way" ref="499850522" role=""/>
  <member type="way" ref="285299964" role=""/>
  <member type="way" ref="499831794" role=""/>
  <member type="way" ref="509811598" role=""/>
  <member type="way" ref="499831800" role=""/>
  <member type="way" ref="499831802" role=""/>
  <member type="way" ref="26405506" role=""/>
  <member type="way" ref="97289337" role=""/>
  <member type="way" ref="499828049" role=""/>
  <member type="way" ref="499828038" role=""/>
  <member type="way" ref="499828041" role=""/>
  <member type="way" ref="499828045" role=""/>
  <member type="way" ref="499828046" role=""/>
  <member type="way" ref="499828048" role=""/>
  <member type="way" ref="499828067" role=""/>
  <member type="way" ref="499828063" role=""/>
  <member type="way" ref="97293402" role=""/>
  <member type="way" ref="499828085" role=""/>
  <member type="way" ref="499828086" role=""/>
  <member type="way" ref="499805001" role=""/>
  <member type="way" ref="499805005" role=""/>
  <member type="way" ref="207077982" role=""/>
  <member type="way" ref="207077985" role=""/>
  <member type="way" ref="32807573" role=""/>
  <member type="way" ref="32807575" role=""/>
  <member type="way" ref="499805008" role=""/>
  <member type="way" ref="26405512" role=""/>
  <member type="way" ref="499805021" role=""/>
  <member type="way" ref="499805019" role=""/>
  <member type="way" ref="499721362" role=""/>
  <member type="way" ref="499721361" role=""/>
  <member type="way" ref="85030174" role=""/>
  <member type="way" ref="115924307" role=""/>
  <member type="way" ref="115924304" role=""/>
  <member type="way" ref="115924306" role=""/>
  <member type="way" ref="499721363" role=""/>
  <member type="way" ref="115924305" role=""/>
  <member type="way" ref="149118851" role=""/>
  <member type="way" ref="397313806" role=""/>
  <member type="way" ref="499721371" role=""/>
  <member type="way" ref="85030172" role=""/>
  <member type="way" ref="499721369" role=""/>
  <member type="way" ref="397313804" role=""/>
  <member type="way" ref="23053025" role=""/>
  <member type="way" ref="397313803" role=""/>
  <member type="way" ref="397313802" role=""/>
  <member type="way" ref="397313807" role=""/>
  <member type="way" ref="397313805" role=""/>
  <member type="way" ref="397983056" role=""/>
  <member type="way" ref="397983058" role=""/>
  <member type="way" ref="397983060" role=""/>
  <member type="way" ref="397983057" role=""/>
  <member type="way" ref="397983059" role=""/>
  <member type="way" ref="499666314" role=""/>
  <member type="way" ref="397983062" role=""/>
  <member type="way" ref="30850136" role=""/>
  <member type="way" ref="32073306" role=""/>
  <member type="way" ref="509848585" role=""/>
  <member type="way" ref="397983073" role=""/>
  <member type="way" ref="8599615" role=""/>
  <member type="way" ref="499650715" role=""/>
  <member type="way" ref="499650714" role=""/>
  <member type="way" ref="911843810" role=""/>
  <member type="way" ref="94481074" role=""/>
  <member type="way" ref="911843811" role=""/>
  <member type="way" ref="911843812" role=""/>
  <member type="way" ref="911843813" role=""/>
  <member type="way" ref="777184790" role=""/>
  <member type="way" ref="1275766588" role=""/>
  <member type="way" ref="315425770" role=""/>
  <member type="way" ref="1063054491" role=""/>
  <member type="way" ref="631671699" role=""/>
  <member type="way" ref="1327174749" role=""/>
  <member type="way" ref="631671698" role=""/>
  <member type="way" ref="14794186" role=""/>
  <member type="way" ref="576062732" role=""/>
  <member type="way" ref="24625337" role=""/>
  <member type="way" ref="578573059" role=""/>
  <member type="way" ref="14794183" role=""/>
  <member type="way" ref="99274485" role=""/>
  <member type="way" ref="25535521" role=""/>
  <member type="way" ref="25535522" role=""/>
  <member type="way" ref="25535525" role=""/>
  <member type="way" ref="25535524" role=""/>
  <member type="way" ref="14794480" role=""/>
  <member type="way" ref="22689785" role=""/>
  <member type="way" ref="1518315627" role=""/>
  <member type="way" ref="31009112" role=""/>
  <member type="way" ref="99274487" role=""/>
  <member type="way" ref="122192543" role=""/>
  <member type="way" ref="22689673" role=""/>
  <member type="way" ref="23044707" role=""/>
  <member type="way" ref="274541044" role=""/>
  <member type="way" ref="22689672" role=""/>
  <member type="way" ref="554313987" role=""/>
  <member type="way" ref="885663666" role=""/>
  <member type="way" ref="22756288" role=""/>
  <member type="way" ref="885663667" role=""/>
  <member type="way" ref="22756287" role=""/>
  <member type="way" ref="843232129" role=""/>
  <member type="way" ref="843232128" role=""/>
  <member type="way" ref="51206323" role=""/>
  <member type="way" ref="843232125" role=""/>
  <member type="way" ref="843232126" role=""/>
  <member type="way" ref="123982203" role=""/>
  <member type="way" ref="182382214" role=""/>
  <member type="way" ref="163799148" role=""/>
  <member type="way" ref="51261615" role=""/>
  <member type="way" ref="222067819" role=""/>
  <member type="way" ref="452945387" role=""/>
  <member type="way" ref="222067821" role=""/>
  <member type="way" ref="23448225" role=""/>
  <member type="way" ref="536141329" role=""/>
  <member type="way" ref="1040059130" role=""/>
  <member type="way" ref="241775315" role=""/>
  <member type="way" ref="454745403" role=""/>
  <member type="way" ref="454745402" role=""/>
  <member type="way" ref="24861370" role=""/>
  <member type="way" ref="962659804" role=""/>
  <member type="way" ref="224072944" role=""/>
  <member type="way" ref="123981923" role=""/>
  <member type="way" ref="2305296" role=""/>
  <member type="way" ref="218897872" role=""/>
  <member type="way" ref="218897870" role=""/>
  <member type="way" ref="218897868" role=""/>
  <member type="way" ref="218897871" role=""/>
  <member type="way" ref="2305297" role=""/>
  <member type="way" ref="218897873" role=""/>
  <member type="way" ref="218897869" role=""/>
  <member type="way" ref="123723915" role=""/>
  <member type="way" ref="1558339656" role=""/>
  <member type="way" ref="48064922" role=""/>
  <member type="way" ref="827692956" role=""/>
  <member type="way" ref="171894926" role=""/>
  <member type="way" ref="1337807926" role=""/>
  <member type="way" ref="87949226" role=""/>
  <member type="way" ref="219375667" role=""/>
  <member type="way" ref="486625457" role=""/>
  <member type="way" ref="87949227" role=""/>
  <member type="way" ref="150331715" role=""/>
  <member type="way" ref="417863164" role=""/>
  <member type="way" ref="417863174" role=""/>
  <member type="way" ref="264430198" role=""/>
  <member type="way" ref="87941764" role=""/>
  <member type="way" ref="87941766" role=""/>
  <member type="way" ref="935623788" role=""/>
  <member type="way" ref="150331718" role=""/>
  <member type="way" ref="198278975" role=""/>
  <member type="way" ref="206106307" role=""/>
  <member type="way" ref="228606724" role=""/>
  <member type="way" ref="512305579" role=""/>
  <member type="way" ref="512305578" role=""/>
  <member type="way" ref="51261612" role=""/>
  <member type="way" ref="16279905" role=""/>
  <member type="way" ref="16279904" role=""/>
  <member type="way" ref="16279885" role=""/>
  <member type="way" ref="16279973" role=""/>
  <member type="way" ref="510003336" role=""/>
  <member type="way" ref="16279990" role=""/>
  <member type="way" ref="708038800" role=""/>
  <member type="way" ref="616124351" role=""/>
  <member type="way" ref="616124350" role=""/>
  <member type="way" ref="18630334" role=""/>
  <member type="way" ref="499548865" role=""/>
  <member type="way" ref="499548863" role=""/>
  <member type="way" ref="499548862" role=""/>
  <member type="way" ref="510005741" role=""/>
  <member type="way" ref="38169096" role=""/>
  <member type="way" ref="277634782" role=""/>
  <member type="way" ref="14689631" role=""/>
  <member type="way" ref="277634786" role=""/>
  <member type="way" ref="499503957" role=""/>
  <member type="way" ref="510137377" role=""/>
  <member type="way" ref="49197568" role=""/>
  <member type="way" ref="499503982" role=""/>
  <member type="way" ref="499503983" role=""/>
  <member type="way" ref="510141370" role=""/>
  <member type="way" ref="499503984" role=""/>
  <member type="way" ref="499490339" role=""/>
  <member type="way" ref="342619852" role=""/>
  <member type="way" ref="1420172921" role=""/>
  <member type="way" ref="342619860" role=""/>
  <member type="way" ref="499490338" role=""/>
  <member type="way" ref="293505091" role=""/>
  <member type="way" ref="499392860" role=""/>
  <member type="way" ref="499392869" role=""/>
  <member type="way" ref="499392866" role=""/>
  <member type="way" ref="202261340" role=""/>
  <member type="way" ref="499392877" role=""/>
  <member type="way" ref="499392874" role=""/>
  <member type="way" ref="499392873" role=""/>
  <member type="way" ref="499392878" role=""/>
  <member type="way" ref="22998912" role=""/>
  <member type="way" ref="22998916" role=""/>
  <member type="way" ref="22998905" role=""/>
  <member type="way" ref="482870247" role=""/>
  <member type="way" ref="482870246" role=""/>
  <member type="way" ref="482869797" role=""/>
  <member type="way" ref="482869794" role=""/>
  <member type="way" ref="22998908" role=""/>
  <member type="way" ref="510213134" role=""/>
  <member type="way" ref="482798385" role=""/>
  <member type="way" ref="482746792" role=""/>
  <member type="way" ref="482746791" role=""/>
  <member type="way" ref="31030186" role=""/>
  <member type="way" ref="482743812" role=""/>
  <member type="way" ref="482743813" role=""/>
  <member type="way" ref="482743817" role=""/>
  <member type="way" ref="482743820" role=""/>
  <member type="way" ref="34857655" role=""/>
  <member type="way" ref="482706231" role=""/>
  <member type="way" ref="482706230" role=""/>
  <member type="way" ref="482706227" role=""/>
  <member type="way" ref="482706226" role=""/>
  <member type="way" ref="34857647" role=""/>
  <member type="way" ref="482699767" role=""/>
  <member type="way" ref="29548456" role=""/>
  <member type="way" ref="29548452" role=""/>
  <member type="way" ref="482699763" role=""/>
  <member type="way" ref="79818344" role=""/>
  <member type="way" ref="482603412" role=""/>
  <member type="way" ref="482603410" role=""/>
  <member type="way" ref="1430839926" role=""/>
  <member type="way" ref="1430839927" role=""/>
  <member type="way" ref="79818356" role=""/>
  <member type="way" ref="482599668" role=""/>
  <member type="way" ref="482592757" role=""/>
  <member type="way" ref="482592756" role=""/>
  <member type="way" ref="482592753" role=""/>
  <member type="way" ref="482592743" role=""/>
  <member type="way" ref="482592744" role=""/>
  <member type="way" ref="482592749" role=""/>
  <member type="way" ref="4299379" role=""/>
  <member type="way" ref="482591467" role=""/>
  <member type="way" ref="482591470" role=""/>
  <member type="way" ref="482591472" role=""/>
  <member type="way" ref="482591089" role=""/>
  <member type="way" ref="482591088" role=""/>
  <member type="way" ref="26718028" role=""/>
  <member type="way" ref="482557233" role=""/>
  <member type="way" ref="482557238" role=""/>
  <member type="way" ref="231355937" role=""/>
  <member type="way" ref="510262840" role=""/>
  <member type="way" ref="1232976498" role=""/>
  <member type="way" ref="231355938" role=""/>
  <member type="way" ref="482553683" role=""/>
  <member type="way" ref="482553684" role=""/>
  <member type="way" ref="482553688" role=""/>
  <member type="way" ref="482553689" role=""/>
  <member type="way" ref="510299316" role=""/>
  <member type="way" ref="95225178" role=""/>
  <member type="way" ref="95225189" role=""/>
  <member type="way" ref="510362019" role=""/>
  <member type="way" ref="482551538" role=""/>
  <member type="way" ref="482551540" role=""/>
  <member type="way" ref="26717464" role=""/>
  <member type="way" ref="26718126" role=""/>
  <member type="way" ref="5203347" role=""/>
  <member type="way" ref="26717466" role=""/>
  <member type="way" ref="27064775" role=""/>
  <member type="way" ref="27064780" role=""/>
  <member type="way" ref="510362017" role=""/>
  <member type="way" ref="75774358" role=""/>
  <member type="way" ref="68589047" role=""/>
  <member type="way" ref="68589272" role=""/>
  <member type="way" ref="89079993" role=""/>
  <member type="way" ref="95225190" role=""/>
  <member type="way" ref="1427336300" role=""/>
  <member type="way" ref="1427336299" role=""/>
  <member type="way" ref="95225174" role=""/>
  <member type="way" ref="510362012" role=""/>
  <member type="way" ref="510362011" role=""/>
  <member type="way" ref="39498531" role=""/>
  <member type="way" ref="479960171" role=""/>
  <member type="way" ref="479960166" role=""/>
  <member type="way" ref="4299217" role=""/>
  <member type="way" ref="26718124" role=""/>
  <member type="way" ref="38556729" role=""/>
  <member type="way" ref="38556723" role=""/>
  <member type="way" ref="479959035" role=""/>
  <member type="way" ref="479959036" role=""/>
  <member type="way" ref="479959043" role=""/>
  <member type="way" ref="479959044" role=""/>
  <member type="way" ref="479959048" role=""/>
  <member type="way" ref="95236488" role=""/>
  <member type="way" ref="95236507" role=""/>
  <member type="way" ref="510431161" role=""/>
  <member type="way" ref="39499143" role=""/>
  <member type="way" ref="510431158" role=""/>
  <member type="way" ref="510431160" role=""/>
  <member type="way" ref="39499144" role=""/>
  <member type="way" ref="479952808" role=""/>
  <member type="way" ref="130125500" role=""/>
  <member type="way" ref="479952809" role=""/>
  <member type="way" ref="479952815" role=""/>
  <member type="way" ref="479952813" role=""/>
  <member type="way" ref="130125499" role=""/>
  <member type="way" ref="479950873" role=""/>
  <member type="way" ref="479950874" role=""/>
  <member type="way" ref="479950878" role=""/>
  <member type="way" ref="479950880" role=""/>
  <member type="way" ref="64830215" role=""/>
  <member type="way" ref="64830233" role=""/>
  <member type="way" ref="130157165" role=""/>
  <member type="way" ref="130157173" role=""/>
  <member type="way" ref="205402597" role=""/>
  <member type="way" ref="1441543070" role=""/>
  <member type="way" ref="130164785" role=""/>
  <member type="way" ref="479948824" role=""/>
  <member type="way" ref="479948818" role=""/>
  <member type="way" ref="479948819" role=""/>
  <member type="way" ref="479948823" role=""/>
  <member type="way" ref="130164788" role=""/>
  <member type="way" ref="39499324" role=""/>
  <member type="way" ref="510463569" role=""/>
  <member type="way" ref="39499325" role=""/>
  <member type="way" ref="39499327" role=""/>
  <member type="way" ref="510474189" role=""/>
  <member type="way" ref="479757368" role=""/>
  <member type="way" ref="479757367" role=""/>
  <member type="way" ref="1427337633" role=""/>
  <member type="way" ref="510679901" role=""/>
  <member type="way" ref="39499328" role=""/>
  <member type="way" ref="479757360" role=""/>
  <member type="way" ref="479757359" role=""/>
  <member type="way" ref="510679900" role=""/>
  <member type="way" ref="409086887" role=""/>
  <member type="way" ref="48372344" role=""/>
  <member type="way" ref="772453865" role=""/>
  <member type="way" ref="48372345" role=""/>
  <member type="way" ref="27080961" role=""/>
  <member type="way" ref="4299003" role=""/>
  <member type="way" ref="772453863" role=""/>
  <member type="way" ref="4953483" role=""/>
  <member type="way" ref="1427338539" role=""/>
  <member type="way" ref="1427338540" role=""/>
  <member type="way" ref="479747864" role=""/>
  <member type="way" ref="33145657" role=""/>
  <member type="way" ref="781139622" role=""/>
  <member type="way" ref="479747873" role=""/>
  <member type="way" ref="26716757" role=""/>
  <member type="way" ref="479747872" role=""/>
  <member type="way" ref="189195881" role=""/>
  <member type="way" ref="5172378" role=""/>
  <member type="way" ref="5172380" role=""/>
  <member type="way" ref="479747871" role=""/>
  <member type="way" ref="479747869" role=""/>
  <member type="way" ref="95255239" role=""/>
  <member type="way" ref="95255279" role=""/>
  <member type="way" ref="189217043" role=""/>
  <member type="way" ref="189217034" role=""/>
  <member type="way" ref="26715168" role=""/>
  <member type="way" ref="479721421" role=""/>
  <member type="way" ref="154477086" role=""/>
  <member type="way" ref="377116062" role=""/>
  <member type="way" ref="479721423" role=""/>
  <member type="way" ref="479721422" role=""/>
  <member type="way" ref="26715179" role=""/>
  <member type="way" ref="26715184" role=""/>
  <member type="way" ref="48174054" role=""/>
  <member type="way" ref="48174049" role=""/>
  <member type="way" ref="154477080" role=""/>
  <member type="way" ref="154477077" role=""/>
  <member type="way" ref="48174058" role=""/>
  <member type="way" ref="48174039" role=""/>
  <member type="way" ref="189217039" role=""/>
  <member type="way" ref="189217048" role=""/>
  <member type="way" ref="189217035" role=""/>
  <member type="way" ref="189217047" role=""/>
  <member type="way" ref="97566806" role=""/>
  <member type="way" ref="97566783" role=""/>
  <member type="way" ref="180736298" role=""/>
  <member type="way" ref="180736300" role=""/>
  <member type="way" ref="479733548" role=""/>
  <member type="way" ref="479733544" role=""/>
  <member type="way" ref="479733543" role=""/>
  <member type="way" ref="205402600" role=""/>
  <member type="way" ref="32257325" role=""/>
  <member type="way" ref="32257328" role=""/>
  <member type="way" ref="205402599" role=""/>
  <member type="way" ref="32257336" role=""/>
  <member type="way" ref="205402598" role=""/>
  <member type="way" ref="32257339" role=""/>
  <member type="way" ref="32257392" role=""/>
  <member type="way" ref="189217032" role=""/>
  <member type="way" ref="189217046" role=""/>
  <member type="way" ref="135981593" role=""/>
  <member type="way" ref="479729952" role=""/>
  <member type="way" ref="479729951" role=""/>
  <member type="way" ref="510716850" role=""/>
  <member type="way" ref="479729948" role=""/>
  <member type="way" ref="479729947" role=""/>
  <member type="way" ref="135981594" role=""/>
  <member type="way" ref="189217037" role=""/>
  <member type="way" ref="155251134" role=""/>
  <member type="way" ref="479698856" role=""/>
  <member type="way" ref="155251137" role=""/>
  <member type="way" ref="510736666" role=""/>
  <member type="way" ref="479698859" role=""/>
  <member type="way" ref="479698858" role=""/>
  <member type="way" ref="23046074" role=""/>
  <member type="way" ref="189217042" role=""/>
  <member type="way" ref="189217050" role=""/>
  <member type="way" ref="32074860" role=""/>
  <member type="way" ref="32074861" role=""/>
  <member type="way" ref="32074864" role=""/>
  <member type="way" ref="32074865" role=""/>
  <member type="way" ref="32074921" role=""/>
  <member type="way" ref="32074922" role=""/>
  <member type="way" ref="25672055" role=""/>
  <member type="way" ref="32257517" role=""/>
  <member type="way" ref="32257561" role=""/>
  <member type="way" ref="32257543" role=""/>
  <member type="way" ref="479606202" role=""/>
  <member type="way" ref="510736663" role=""/>
  <member type="way" ref="409084305" role=""/>
  <member type="way" ref="30433263" role=""/>
  <member type="way" ref="251782748" role=""/>
  <member type="way" ref="251782747" role=""/>
  <member type="way" ref="251783639" role=""/>
  <member type="way" ref="32075186" role=""/>
  <member type="way" ref="32075187" role=""/>
  <member type="way" ref="32075190" role=""/>
  <member type="way" ref="479566351" role=""/>
  <member type="way" ref="479566350" role=""/>
  <member type="way" ref="479566353" role=""/>
  <member type="way" ref="479566352" role=""/>
  <member type="way" ref="32075191" role=""/>
  <member type="way" ref="479559555" role=""/>
  <member type="way" ref="479559553" role=""/>
  <member type="way" ref="32808717" role=""/>
  <member type="way" ref="32808718" role=""/>
  <member type="way" ref="479324621" role=""/>
  <member type="way" ref="30433246" role=""/>
  <member type="way" ref="251955330" role=""/>
  <member type="way" ref="251955326" role=""/>
  <member type="way" ref="32257765" role=""/>
  <member type="way" ref="32257769" role=""/>
  <member type="way" ref="479323090" role=""/>
  <member type="way" ref="479323089" role=""/>
  <member type="way" ref="93340644" role=""/>
  <member type="way" ref="93340677" role=""/>
  <member type="way" ref="93340718" role=""/>
  <member type="way" ref="93340600" role=""/>
  <member type="way" ref="93340710" role=""/>
  <member type="way" ref="93340593" role=""/>
  <member type="way" ref="37332129" role=""/>
  <member type="way" ref="37332130" role=""/>
  <member type="way" ref="93340656" role=""/>
  <member type="way" ref="93340691" role=""/>
  <member type="way" ref="93340727" role=""/>
  <member type="way" ref="93340610" role=""/>
  <member type="way" ref="37100037" role=""/>
  <member type="way" ref="479299360" role=""/>
  <member type="way" ref="479299359" role=""/>
  <member type="way" ref="479299357" role=""/>
  <member type="way" ref="479299356" role=""/>
  <member type="way" ref="510987751" role=""/>
  <member type="way" ref="510987727" role=""/>
  <member type="way" ref="510987715" role=""/>
  <member type="way" ref="37100038" role=""/>
  <member type="way" ref="23046469" role=""/>
  <member type="way" ref="291297310" role=""/>
  <member type="way" ref="291297318" role=""/>
  <member type="way" ref="219244631" role=""/>
  <member type="way" ref="479269620" role=""/>
  <member type="way" ref="479269618" role=""/>
  <member type="way" ref="479269623" role=""/>
  <member type="way" ref="479269621" role=""/>
  <member type="way" ref="219244632" role=""/>
  <member type="way" ref="265059584" role=""/>
  <member type="way" ref="265059587" role=""/>
  <member type="way" ref="95289277" role=""/>
  <member type="way" ref="95289281" role=""/>
  <member type="way" ref="1081405458" role=""/>
  <member type="way" ref="479266220" role=""/>
  <member type="way" ref="251979610" role=""/>
  <member type="way" ref="1081405459" role=""/>
  <member type="way" ref="251979892" role=""/>
  <member type="way" ref="251979893" role=""/>
  <member type="way" ref="231537930" role=""/>
  <member type="way" ref="231537936" role=""/>
  <member type="way" ref="11986311" role=""/>
  <member type="way" ref="11986307" role=""/>
  <member type="way" ref="267620410" role=""/>
  <member type="way" ref="479253422" role=""/>
  <member type="way" ref="479253420" role=""/>
  <member type="way" ref="479253439" role=""/>
  <member type="way" ref="479253438" role=""/>
  <member type="way" ref="267620407" role=""/>
  <member type="way" ref="251982683" role=""/>
  <member type="way" ref="251982685" role=""/>
  <member type="way" ref="479247086" role=""/>
  <member type="way" ref="479247087" role=""/>
  <member type="way" ref="16804629" role=""/>
  <member type="way" ref="479246025" role=""/>
  <member type="way" ref="479246024" role=""/>
  <member type="way" ref="620985628" role=""/>
  <member type="way" ref="22964108" role=""/>
  <member type="way" ref="22964109" role=""/>
  <member type="way" ref="553156084" role=""/>
  <member type="way" ref="553156086" role=""/>
  <member type="way" ref="553156085" role=""/>
  <member type="way" ref="1352118927" role=""/>
  <member type="way" ref="224107155" role=""/>
  <member type="way" ref="224107156" role=""/>
  <member type="way" ref="231547780" role=""/>
  <member type="way" ref="700091315" role=""/>
  <member type="way" ref="700091308" role=""/>
  <member type="way" ref="700091316" role=""/>
  <member type="way" ref="231237183" role=""/>
  <member type="way" ref="700091317" role=""/>
  <member type="way" ref="700091319" role=""/>
  <member type="way" ref="533976982" role=""/>
  <member type="way" ref="233363857" role=""/>
  <member type="way" ref="468700976" role=""/>
  <member type="way" ref="553157603" role=""/>
  <member type="way" ref="553157604" role=""/>
  <member type="way" ref="22909899" role=""/>
  <member type="way" ref="22909901" role=""/>
  <member type="way" ref="11660419" role=""/>
  <member type="way" ref="11660420" role=""/>
  <member type="way" ref="360890729" role=""/>
  <member type="way" ref="360890725" role=""/>
  <member type="way" ref="303110811" role=""/>
  <member type="way" ref="11660430" role=""/>
  <member type="way" ref="11660431" role=""/>
  <member type="way" ref="360890754" role=""/>
  <member type="way" ref="360890757" role=""/>
  <member type="way" ref="1240722111" role=""/>
  <member type="way" ref="1240722112" role=""/>
  <member type="way" ref="1240722108" role=""/>
  <member type="way" ref="1553899158" role=""/>
  <member type="way" ref="4296698" role=""/>
  <member type="way" ref="303093201" role=""/>
  <member type="way" ref="25843411" role=""/>
  <member type="way" ref="26780569" role=""/>
  <member type="way" ref="360890709" role=""/>
  <member type="way" ref="360890718" role=""/>
  <member type="way" ref="93866022" role=""/>
  <member type="way" ref="360890716" role=""/>
  <member type="way" ref="93863149" role=""/>
  <member type="way" ref="360890707" role=""/>
  <member type="way" ref="93863157" role=""/>
  <member type="way" ref="93863156" role=""/>
  <member type="way" ref="723849905" role=""/>
  <member type="way" ref="724284271" role=""/>
  <member type="way" ref="674080181" role=""/>
  <member type="way" ref="302968544" role=""/>
  <member type="way" ref="146793836" role=""/>
  <member type="way" ref="357192352" role=""/>
  <member type="way" ref="1460236617" role=""/>
  <member type="way" ref="823017415" role=""/>
  <member type="way" ref="302918896" role=""/>
  <member type="way" ref="302918897" role=""/>
  <member type="way" ref="81227028" role=""/>
  <member type="way" ref="93863153" role=""/>
  <member type="way" ref="360890737" role=""/>
  <member type="way" ref="360890741" role=""/>
  <member type="way" ref="81227027" role=""/>
  <member type="way" ref="4296699" role=""/>
  <member type="way" ref="360890713" role=""/>
  <member type="way" ref="360890719" role=""/>
  <member type="way" ref="25843417" role=""/>
  <member type="way" ref="25843416" role=""/>
  <member type="way" ref="360890724" role=""/>
  <member type="way" ref="83066082" role=""/>
  <member type="way" ref="1554607729" role=""/>
  <member type="way" ref="11660423" role=""/>
  <member type="way" ref="303110804" role=""/>
  <member type="way" ref="1496015827" role=""/>
  <member type="way" ref="1496015826" role=""/>
  <member type="way" ref="360899647" role=""/>
  <member type="way" ref="11660432" role=""/>
  <member type="way" ref="11660434" role=""/>
  <member type="way" ref="25843940" role=""/>
  <member type="way" ref="25843941" role=""/>
  <member type="way" ref="479246035" role=""/>
  <member type="way" ref="360899646" role=""/>
  <member type="way" ref="360899644" role=""/>
  <member type="way" ref="479229516" role=""/>
  <member type="way" ref="4296602" role=""/>
  <member type="way" ref="479229521" role=""/>
  <member type="way" ref="479229520" role=""/>
  <member type="way" ref="32258074" role=""/>
  <member type="way" ref="32258087" role=""/>
  <member type="way" ref="4296597" role=""/>
  <member type="way" ref="4296599" role=""/>
  <member type="way" ref="16922541" role=""/>
  <member type="way" ref="16922543" role=""/>
  <member type="way" ref="25965077" role=""/>
  <member type="way" ref="25965078" role=""/>
  <member type="way" ref="479221880" role=""/>
  <member type="way" ref="4296585" role=""/>
  <member type="way" ref="479221890" role=""/>
  <member type="way" ref="4296595" role=""/>
  <member type="way" ref="32258105" role=""/>
  <member type="way" ref="32258108" role=""/>
  <member type="way" ref="233363849" role=""/>
  <member type="way" ref="553149492" role=""/>
  <member type="way" ref="553149489" role=""/>
  <member type="way" ref="391330372" role=""/>
  <member type="way" ref="391330371" role=""/>
  <member type="way" ref="391330370" role=""/>
  <member type="way" ref="8604036" role=""/>
  <member type="way" ref="8604037" role=""/>
  <member type="way" ref="1352128026" role=""/>
  <member type="way" ref="172312323" role=""/>
  <member type="way" ref="303110814" role=""/>
  <member type="way" ref="479127159" role=""/>
  <member type="way" ref="4296572" role=""/>
  <member type="way" ref="621203713" role=""/>
  <member type="way" ref="674597003" role=""/>
  <member type="way" ref="621203712" role=""/>
  <member type="way" ref="674596999" role=""/>
  <member type="way" ref="621203714" role=""/>
  <member type="way" ref="1124388879" role=""/>
  <member type="way" ref="481235168" role=""/>
  <member type="way" ref="481235169" role=""/>
  <member type="way" ref="499423831" role=""/>
  <member type="way" ref="1352136469" role=""/>
  <member type="way" ref="1352136468" role=""/>
  <member type="way" ref="431761702" role=""/>
  <member type="way" ref="36839529" role=""/>
  <member type="way" ref="36839501" role=""/>
  <member type="way" ref="391973404" role=""/>
  <member type="way" ref="391973429" role=""/>
  <member type="way" ref="317086589" role=""/>
  <member type="way" ref="317086588" role=""/>
  <member type="way" ref="160235077" role=""/>
  <member type="way" ref="160235081" role=""/>
  <member type="way" ref="479114949" role=""/>
  <member type="way" ref="252044880" role=""/>
  <member type="way" ref="479114947" role=""/>
  <member type="way" ref="22921057" role=""/>
  <member type="way" ref="22921058" role=""/>
  <member type="way" ref="479113919" role=""/>
  <member type="way" ref="479113694" role=""/>
  <member type="way" ref="479105983" role=""/>
  <member type="way" ref="95393077" role=""/>
  <member type="way" ref="95393076" role=""/>
  <member type="way" ref="11682317" role=""/>
  <member type="way" ref="11682346" role=""/>
  <member type="way" ref="226432359" role=""/>
  <member type="way" ref="226432361" role=""/>
  <member type="way" ref="225045772" role=""/>
  <member type="way" ref="225045774" role=""/>
  <member type="way" ref="252045769" role=""/>
  <member type="way" ref="222371625" role=""/>
  <member type="way" ref="222371626" role=""/>
  <member type="way" ref="172312324" role=""/>
  <member type="way" ref="252045768" role=""/>
  <member type="way" ref="166102876" role=""/>
  <member type="way" ref="4296616" role=""/>
  <member type="way" ref="16942341" role=""/>
  <member type="way" ref="16943645" role=""/>
  <member type="way" ref="59263266" role=""/>
  <member type="way" ref="59263264" role=""/>
  <member type="way" ref="24051156" role=""/>
  <member type="way" ref="514397079" role=""/>
  <member type="way" ref="514397078" role=""/>
  <member type="way" ref="514397076" role=""/>
  <member type="way" ref="514397075" role=""/>
  <member type="way" ref="16943657" role=""/>
  <member type="way" ref="514406073" role=""/>
  <member type="way" ref="514406069" role=""/>
  <member type="way" ref="514397072" role=""/>
  <member type="way" ref="11684400" role=""/>
  <member type="way" ref="22924357" role=""/>
  <member type="way" ref="478714082" role=""/>
  <member type="way" ref="9092444" role=""/>
  <member type="way" ref="478714081" role=""/>
  <member type="way" ref="174415358" role=""/>
  <member type="way" ref="478714085" role=""/>
  <member type="way" ref="382929748" role=""/>
  <member type="way" ref="28360089" role=""/>
  <member type="way" ref="95393703" role=""/>
  <member type="way" ref="95393078" role=""/>
  <member type="way" ref="551257520" role=""/>
  <member type="way" ref="27390624" role=""/>
  <member type="way" ref="96213322" role=""/>
  <member type="way" ref="551257526" role=""/>
  <member type="way" ref="96213330" role=""/>
  <member type="way" ref="551257525" role=""/>
  <member type="way" ref="28360090" role=""/>
  <member type="way" ref="992030292" role=""/>
  <member type="way" ref="227123777" role=""/>
  <member type="way" ref="227121565" role=""/>
  <member type="way" ref="227121564" role=""/>
  <member type="way" ref="770556331" role=""/>
  <member type="way" ref="227121563" role=""/>
  <member type="way" ref="770556332" role=""/>
  <member type="way" ref="718247044" role=""/>
  <member type="way" ref="718247045" role=""/>
  <member type="way" ref="718247057" role=""/>
  <member type="way" ref="227475473" role=""/>
  <member type="way" ref="227475472" role=""/>
  <member type="way" ref="227474599" role=""/>
  <member type="way" ref="992030291" role=""/>
  <member type="way" ref="1082547070" role=""/>
  <member type="way" ref="1082547069" role=""/>
  <member type="way" ref="228612716" role=""/>
  <member type="way" ref="228612714" role=""/>
  <member type="way" ref="228612715" role=""/>
  <member type="way" ref="674080186" role=""/>
  <member type="way" ref="1063348585" role=""/>
  <member type="way" ref="229418668" role=""/>
  <member type="way" ref="1063348581" role=""/>
  <member type="way" ref="228612715" role=""/>
  <member type="way" ref="228612714" role=""/>
  <member type="way" ref="227473971" role=""/>
  <member type="way" ref="674080187" role=""/>
  <member type="way" ref="587443016" role=""/>
  <member type="way" ref="674080184" role=""/>
  <member type="way" ref="16639779" role=""/>
  <member type="way" ref="721776975" role=""/>
  <member type="way" ref="227465085" role=""/>
  <member type="way" ref="776644414" role=""/>
  <member type="way" ref="227465080" role=""/>
  <member type="way" ref="227465075" role=""/>
  <member type="way" ref="776644413" role=""/>
  <member type="way" ref="25740290" role=""/>
  <member type="way" ref="718247051" role=""/>
  <member type="way" ref="719446684" role=""/>
  <member type="way" ref="227123770" role=""/>
  <member type="way" ref="776648215" role=""/>
  <member type="way" ref="777888025" role=""/>
  <member type="way" ref="777888024" role=""/>
  <member type="way" ref="777889109" role=""/>
  <member type="way" ref="227123773" role=""/>
  <member type="way" ref="551257524" role=""/>
  <member type="way" ref="708038803" role=""/>
  <member type="way" ref="28360091" role=""/>
  <member type="way" ref="646595555" role=""/>
  <member type="way" ref="551257534" role=""/>
  <member type="way" ref="95393676" role=""/>
  <member type="way" ref="551253602" role=""/>
  <member type="way" ref="95393682" role=""/>
  <member type="way" ref="382929746" role=""/>
  <member type="way" ref="1005370729" role=""/>
  <member type="way" ref="478714084" role=""/>
  <member type="way" ref="646595565" role=""/>
  <member type="way" ref="26721630" role=""/>
  <member type="way" ref="646595561" role=""/>
  <member type="way" ref="478712221" role=""/>
  <member type="way" ref="9092475" role=""/>
  <member type="way" ref="478712220" role=""/>
  <member type="way" ref="252051336" role=""/>
  <member type="way" ref="252051335" role=""/>
  <member type="way" ref="252051530" role=""/>
  <member type="way" ref="252051528" role=""/>
  <member type="way" ref="359529382" role=""/>
  <member type="way" ref="359529383" role=""/>
  <member type="way" ref="17219619" role=""/>
  <member type="way" ref="17219622" role=""/>
  <member type="way" ref="478660675" role=""/>
  <member type="way" ref="478660680" role=""/>
  <member type="way" ref="478660678" role=""/>
  <member type="way" ref="514478912" role=""/>
  <member type="way" ref="514478907" role=""/>
  <member type="way" ref="478672507" role=""/>
  <member type="way" ref="478672504" role=""/>
  <member type="way" ref="252056193" role=""/>
  <member type="way" ref="514527213" role=""/>
  <member type="way" ref="514527208" role=""/>
  <member type="way" ref="99747751" role=""/>
  <member type="way" ref="478666700" role=""/>
  <member type="way" ref="478666697" role=""/>
  <member type="way" ref="99747752" role=""/>
  <member type="way" ref="252319189" role=""/>
  <member type="way" ref="252319195" role=""/>
  <member type="way" ref="99747746" role=""/>
  <member type="way" ref="99747747" role=""/>
  <member type="way" ref="305380986" role=""/>
  <member type="way" ref="305380988" role=""/>
  <member type="way" ref="224801089" role=""/>
  <member type="way" ref="224801098" role=""/>
  <member type="way" ref="32128919" role=""/>
  <member type="way" ref="30439688" role=""/>
  <member type="way" ref="30439679" role=""/>
  <member type="way" ref="30439681" role=""/>
  <member type="way" ref="252327452" role=""/>
  <member type="way" ref="4296629" role=""/>
  <member type="way" ref="478660691" role=""/>
  <member type="way" ref="478660700" role=""/>
  <member type="way" ref="317574082" role=""/>
  <member type="way" ref="478660697" role=""/>
  <member type="way" ref="224801093" role=""/>
  <member type="way" ref="224801096" role=""/>
  <member type="way" ref="32129074" role=""/>
  <member type="way" ref="514694849" role=""/>
  <member type="way" ref="32129075" role=""/>
  <member type="way" ref="252331737" role=""/>
  <member type="way" ref="232406788" role=""/>
  <member type="way" ref="211423373" role=""/>
  <member type="way" ref="478652509" role=""/>
  <member type="way" ref="478652508" role=""/>
  <member type="way" ref="478652506" role=""/>
  <member type="way" ref="478652505" role=""/>
  <member type="way" ref="211423406" role=""/>
  <member type="way" ref="380099904" role=""/>
  <member type="way" ref="380099905" role=""/>
  <member type="way" ref="32097603" role=""/>
  <member type="way" ref="252341875" role=""/>
  <member type="way" ref="162417214" role=""/>
  <member type="way" ref="162417217" role=""/>
  <member type="way" ref="30950543" role=""/>
  <member type="way" ref="4296640" role=""/>
  <member type="way" ref="162445583" role=""/>
  <member type="way" ref="162445585" role=""/>
  <member type="way" ref="478637296" role=""/>
  <member type="way" ref="252341869" role=""/>
  <member type="way" ref="252341872" role=""/>
  <member type="way" ref="252341868" role=""/>
  <member type="way" ref="252341871" role=""/>
  <member type="way" ref="252341867" role=""/>
  <member type="way" ref="32092925" role=""/>
  <member type="way" ref="32092927" role=""/>
  <member type="way" ref="515483241" role=""/>
  <member type="way" ref="515483247" role=""/>
  <member type="way" ref="252344535" role=""/>
  <member type="way" ref="30082123" role=""/>
  <member type="way" ref="294125658" role=""/>
  <member type="way" ref="32092931" role=""/>
  <member type="way" ref="252357384" role=""/>
  <member type="way" ref="515514872" role=""/>
  <member type="way" ref="294125655" role=""/>
  <member type="way" ref="294125653" role=""/>
  <member type="way" ref="536778007" role=""/>
  <member type="way" ref="4296637" role=""/>
  <member type="way" ref="536778006" role=""/>
  <member type="way" ref="4296632" role=""/>
  <member type="way" ref="43377008" role=""/>
  <member type="way" ref="43377004" role=""/>
  <member type="way" ref="189074578" role=""/>
  <member type="way" ref="189074625" role=""/>
  <member type="way" ref="247392066" role=""/>
  <member type="way" ref="294125329" role=""/>
  <member type="way" ref="247392063" role=""/>
  <member type="way" ref="189074595" role=""/>
  <member type="way" ref="189074648" role=""/>
  <member type="way" ref="247392067" role=""/>
  <member type="way" ref="47638896" role=""/>
  <member type="way" ref="294125325" role=""/>
  <member type="way" ref="96636995" role=""/>
  <member type="way" ref="43407831" role=""/>
  <member type="way" ref="294125327" role=""/>
  <member type="way" ref="294125333" role=""/>
  <member type="way" ref="294125326" role=""/>
  <member type="way" ref="43407832" role=""/>
  <member type="way" ref="20031794" role=""/>
  <member type="way" ref="96636989" role=""/>
  <member type="way" ref="96636969" role=""/>
  <member type="way" ref="96636981" role=""/>
  <member type="way" ref="515549963" role=""/>
  <member type="way" ref="20031796" role=""/>
  <member type="way" ref="4296633" role=""/>
  <member type="way" ref="174421603" role=""/>
  <member type="way" ref="515556199" role=""/>
  <member type="way" ref="515556198" role=""/>
  <member type="way" ref="252364735" role=""/>
  <member type="way" ref="252364734" role=""/>
  <member type="way" ref="43924169" role=""/>
  <member type="way" ref="43924165" role=""/>
  <member type="way" ref="294125305" role=""/>
  <member type="way" ref="247392053" role=""/>
  <member type="way" ref="252369047" role=""/>
  <member type="way" ref="80444916" role=""/>
  <member type="way" ref="478518070" role=""/>
  <member type="way" ref="478518068" role=""/>
  <member type="way" ref="478518067" role=""/>
  <member type="way" ref="478518071" role=""/>
  <member type="way" ref="219921670" role=""/>
  <member type="way" ref="219921672" role=""/>
  <member type="way" ref="219923252" role=""/>
  <member type="way" ref="219923254" role=""/>
  <member type="way" ref="219926728" role=""/>
  <member type="way" ref="219926726" role=""/>
  <member type="way" ref="110027878" role=""/>
  <member type="way" ref="478516522" role=""/>
  <member type="way" ref="478516520" role=""/>
  <member type="way" ref="478516527" role=""/>
  <member type="way" ref="478516526" role=""/>
  <member type="way" ref="4355949" role=""/>
  <member type="way" ref="515880046" role=""/>
  <member type="way" ref="515880048" role=""/>
  <member type="way" ref="273185906" role=""/>
  <member type="way" ref="273185907" role=""/>
  <member type="way" ref="150679994" role=""/>
  <member type="way" ref="150680002" role=""/>
  <member type="way" ref="119857899" role=""/>
  <member type="way" ref="119858335" role=""/>
  <member type="way" ref="175769955" role=""/>
  <member type="way" ref="515891636" role=""/>
  <member type="way" ref="175769948" role=""/>
  <member type="way" ref="478427289" role=""/>
  <member type="way" ref="478427290" role=""/>
  <member type="way" ref="478427291" role=""/>
  <member type="way" ref="478427292" role=""/>
  <member type="way" ref="478425491" role=""/>
  <member type="way" ref="478425489" role=""/>
  <member type="way" ref="478425488" role=""/>
  <member type="way" ref="252374344" role=""/>
  <member type="way" ref="478425508" role=""/>
  <member type="way" ref="478425504" role=""/>
  <member type="way" ref="478425503" role=""/>
  <member type="way" ref="478425509" role=""/>
  <member type="way" ref="35281531" role=""/>
  <member type="way" ref="35281529" role=""/>
  <member type="way" ref="172944868" role=""/>
  <member type="way" ref="172944857" role=""/>
  <member type="way" ref="35281526" role=""/>
  <member type="way" ref="35281527" role=""/>
  <member type="way" ref="165721686" role=""/>
  <member type="way" ref="478407822" role=""/>
  <member type="way" ref="516027076" role=""/>
  <member type="way" ref="516027075" role=""/>
  <member type="way" ref="478407817" role=""/>
  <member type="way" ref="478407836" role=""/>
  <member type="way" ref="478407831" role=""/>
  <member type="way" ref="165721684" role=""/>
  <member type="way" ref="516042640" role=""/>
  <member type="way" ref="516147917" role=""/>
  <member type="way" ref="516147916" role=""/>
  <member type="way" ref="516147911" role=""/>
  <member type="way" ref="516147910" role=""/>
  <member type="way" ref="516042639" role=""/>
  <member type="way" ref="1377368889" role=""/>
  <member type="way" ref="478396061" role=""/>
  <member type="way" ref="252378648" role=""/>
  <member type="way" ref="180398293" role=""/>
  <member type="way" ref="478396063" role=""/>
  <member type="way" ref="180398295" role=""/>
  <member type="way" ref="225059385" role=""/>
  <member type="way" ref="225059393" role=""/>
  <member type="way" ref="225059387" role=""/>
  <member type="way" ref="225059390" role=""/>
  <member type="way" ref="478396070" role=""/>
  <member type="way" ref="478396071" role=""/>
  <member type="way" ref="478396074" role=""/>
  <member type="way" ref="478396075" role=""/>
  <member type="way" ref="78564195" role=""/>
  <member type="way" ref="78564180" role=""/>
  <member type="way" ref="78564160" role=""/>
  <member type="way" ref="78564165" role=""/>
  <member type="way" ref="478393698" role=""/>
  <member type="way" ref="478393702" role=""/>
  <member type="way" ref="478393701" role=""/>
  <member type="way" ref="252379750" role=""/>
  <member type="way" ref="516376243" role=""/>
  <member type="way" ref="516376242" role=""/>
  <member type="way" ref="30985781" role=""/>
  <member type="way" ref="30985785" role=""/>
  <member type="way" ref="316491691" role=""/>
  <member type="way" ref="516407853" role=""/>
  <member type="way" ref="516407852" role=""/>
  <member type="way" ref="516407849" role=""/>
  <member type="way" ref="516407848" role=""/>
  <member type="way" ref="516407846" role=""/>
  <member type="way" ref="516407844" role=""/>
  <member type="way" ref="316491693" role=""/>
  <member type="way" ref="94131929" role=""/>
  <member type="way" ref="94131935" role=""/>
  <member type="way" ref="478386597" role=""/>
  <member type="way" ref="478386598" role=""/>
  <member type="way" ref="252496574" role=""/>
  <member type="way" ref="252496573" role=""/>
  <member type="way" ref="160954395" role=""/>
  <member type="way" ref="160954399" role=""/>
  <member type="way" ref="472349231" role=""/>
  <member type="way" ref="472349228" role=""/>
  <member type="way" ref="252501258" role=""/>
  <member type="way" ref="222371624" role=""/>
  <member type="way" ref="478353771" role=""/>
  <member type="way" ref="252501261" role=""/>
  <member type="way" ref="659408900" role=""/>
  <member type="way" ref="478353770" role=""/>
  <member type="way" ref="516659849" role=""/>
  <member type="way" ref="252521843" role=""/>
  <member type="way" ref="162885413" role=""/>
  <member type="way" ref="162885411" role=""/>
  <member type="way" ref="252521833" role=""/>
  <member type="way" ref="111411048" role=""/>
  <member type="way" ref="478351291" role=""/>
  <member type="way" ref="23712540" role=""/>
  <member type="way" ref="111411051" role=""/>
  <member type="way" ref="478351292" role=""/>
  <member type="way" ref="111411073" role=""/>
  <member type="way" ref="20029124" role=""/>
  <member type="way" ref="222437940" role=""/>
  <member type="way" ref="192505145" role=""/>
  <member type="way" ref="192505147" role=""/>
  <member type="way" ref="192723108" role=""/>
  <member type="way" ref="192723105" role=""/>
  <member type="way" ref="4973113" role=""/>
  <member type="way" ref="517033153" role=""/>
  <member type="way" ref="517033151" role=""/>
  <member type="way" ref="478351303" role=""/>
  <member type="way" ref="478351300" role=""/>
  <member type="way" ref="478351301" role=""/>
  <member type="way" ref="478351302" role=""/>
  <member type="way" ref="4973112" role=""/>
  <member type="way" ref="517198279" role=""/>
  <member type="way" ref="4533934" role=""/>
  <member type="way" ref="517198273" role=""/>
  <member type="way" ref="119661114" role=""/>
  <member type="way" ref="478351309" role=""/>
  <member type="way" ref="517209166" role=""/>
  <member type="way" ref="517209165" role=""/>
  <member type="way" ref="517209162" role=""/>
  <member type="way" ref="517209161" role=""/>
  <member type="way" ref="119661112" role=""/>
  <member type="way" ref="478323101" role=""/>
  <member type="way" ref="478323100" role=""/>
  <member type="way" ref="478323104" role=""/>
  <member type="way" ref="333643245" role=""/>
  <member type="way" ref="272325400" role=""/>
  <member type="way" ref="366474270" role=""/>
  <member type="way" ref="517270639" role=""/>
  <member type="way" ref="174435121" role=""/>
  <member type="way" ref="174435122" role=""/>
  <member type="way" ref="25966667" role=""/>
  <member type="way" ref="366474268" role=""/>
  <member type="way" ref="920885131" role=""/>
  <member type="way" ref="920885133" role=""/>
  <member type="way" ref="253329812" role=""/>
  <member type="way" ref="418677961" role=""/>
  <member type="way" ref="418677884" role=""/>
  <member type="way" ref="418677935" role=""/>
  <member type="way" ref="418678039" role=""/>
  <member type="way" ref="253329813" role=""/>
  <member type="way" ref="4533940" role=""/>
  <member type="way" ref="395887421" role=""/>
  <member type="way" ref="396059168" role=""/>
  <member type="way" ref="396059172" role=""/>
  <member type="way" ref="234564351" role=""/>
  <member type="way" ref="234564353" role=""/>
  <member type="way" ref="517333581" role=""/>
  <member type="way" ref="394622845" role=""/>
  <member type="way" ref="289103089" role=""/>
  <member type="way" ref="289103092" role=""/>
  <member type="way" ref="4533939" role=""/>
  <member type="way" ref="396059169" role=""/>
  <member type="way" ref="396059167" role=""/>
  <member type="way" ref="396059171" role=""/>
  <member type="way" ref="457030843" role=""/>
  <member type="way" ref="457030844" role=""/>
  <member type="way" ref="253354517" role=""/>
  <member type="way" ref="517528865" role=""/>
  <member type="way" ref="517528861" role=""/>
  <member type="way" ref="517528857" role=""/>
  <member type="way" ref="122016394" role=""/>
  <member type="way" ref="214606010" role=""/>
  <member type="way" ref="253354519" role=""/>
  <member type="way" ref="517542837" role=""/>
  <member type="way" ref="517542842" role=""/>
  <member type="way" ref="478282323" role=""/>
  <member type="way" ref="396089489" role=""/>
  <member type="way" ref="225059382" role=""/>
  <member type="way" ref="225059389" role=""/>
  <member type="way" ref="517542812" role=""/>
  <member type="way" ref="517542807" role=""/>
  <member type="way" ref="253567791" role=""/>
  <member type="way" ref="253567790" role=""/>
  <member type="way" ref="396274257" role=""/>
  <member type="way" ref="174441251" role=""/>
  <member type="way" ref="396274256" role=""/>
  <member type="way" ref="174441248" role=""/>
  <member type="way" ref="253355610" role=""/>
  <member type="way" ref="174441249" role=""/>
  <member type="way" ref="253355611" role=""/>
  <member type="way" ref="253357512" role=""/>
  <member type="way" ref="23427490" role=""/>
  <member type="way" ref="460993790" role=""/>
  <member type="way" ref="286822673" role=""/>
  <member type="way" ref="174441253" role=""/>
  <member type="way" ref="396290453" role=""/>
  <member type="way" ref="96232667" role=""/>
  <member type="way" ref="96232661" role=""/>
  <member type="way" ref="396290450" role=""/>
  <member type="way" ref="96232660" role=""/>
  <member type="way" ref="96232689" role=""/>
  <member type="way" ref="517867170" role=""/>
  <member type="way" ref="96232648" role=""/>
  <member type="way" ref="396290452" role=""/>
  <member type="way" ref="396290454" role=""/>
  <member type="way" ref="517867169" role=""/>
  <member type="way" ref="96232651" role=""/>
  <member type="way" ref="396292573" role=""/>
  <member type="way" ref="396292571" role=""/>
  <member type="way" ref="396292572" role=""/>
  <member type="way" ref="478251750" role=""/>
  <member type="way" ref="8080838" role=""/>
  <member type="way" ref="396292570" role=""/>
  <member type="way" ref="133460265" role=""/>
  <member type="way" ref="2912386" role=""/>
  <member type="way" ref="396292577" role=""/>
  <member type="way" ref="396360822" role=""/>
  <member type="way" ref="517974872" role=""/>
  <member type="way" ref="608817850" role=""/>
  <member type="way" ref="1054254034" role=""/>
  <member type="way" ref="396360819" role=""/>
  <member type="way" ref="16885465" role=""/>
  <member type="way" ref="16885463" role=""/>
  <member type="way" ref="148298984" role=""/>
  <member type="way" ref="396360821" role=""/>
  <member type="way" ref="240892063" role=""/>
  <member type="way" ref="253581215" role=""/>
  <member type="way" ref="517980948" role=""/>
  <member type="way" ref="108654506" role=""/>
  <member type="way" ref="253447829" role=""/>
  <member type="way" ref="396360820" role=""/>
  <member type="way" ref="396360818" role=""/>
  <member type="way" ref="396360817" role=""/>
  <member type="way" ref="16624948" role=""/>
  <member type="way" ref="16624950" role=""/>
  <member type="way" ref="125170501" role=""/>
  <member type="way" ref="1467802624" role=""/>
  <member type="way" ref="108654511" role=""/>
  <member type="way" ref="396383501" role=""/>
  <member type="way" ref="396383510" role=""/>
  <member type="way" ref="396383507" role=""/>
  <member type="way" ref="396383502" role=""/>
  <member type="way" ref="27872402" role=""/>
  <member type="way" ref="396383499" role=""/>
  <member type="way" ref="396383500" role=""/>
  <member type="way" ref="396383505" role=""/>
  <member type="way" ref="16629042" role=""/>
  <member type="way" ref="1486858706" role=""/>
  <member type="way" ref="396383503" role=""/>
  <member type="way" ref="1083341412" role=""/>
  <member type="way" ref="396383509" role=""/>
  <member type="way" ref="125170500" role=""/>
  <member type="way" ref="1079815903" role=""/>
  <member type="way" ref="109114370" role=""/>
  <member type="way" ref="16732067" role=""/>
  <member type="way" ref="23097341" role=""/>
  <member type="way" ref="16633848" role=""/>
  <member type="way" ref="608817823" role=""/>
  <member type="way" ref="837103005" role=""/>
  <member type="way" ref="1150476735" role=""/>
  <member type="way" ref="141458294" role=""/>
  <member type="way" ref="1150476739" role=""/>
  <member type="way" ref="1150476738" role=""/>
  <member type="way" ref="1150476737" role=""/>
  <member type="way" ref="1150476736" role=""/>
  <member type="way" ref="1421589816" role=""/>
  <member type="way" ref="379663677" role=""/>
  <member type="way" ref="1150476740" role=""/>
  <member type="way" ref="1421589812" role=""/>
  <member type="way" ref="16735434" role=""/>
  <member type="way" ref="379663682" role=""/>
  <member type="way" ref="612215685" role=""/>
  <member type="way" ref="1421801069" role=""/>
  <member type="way" ref="837103003" role=""/>
  <member type="way" ref="244811955" role=""/>
  <member type="way" ref="769154058" role=""/>
  <member type="way" ref="4252910" role=""/>
  <member type="way" ref="769154055" role=""/>
  <member type="way" ref="51206184" role=""/>
  <member type="way" ref="1468368769" role=""/>
  <member type="way" ref="1354289257" role=""/>
  <member type="way" ref="1468288120" role=""/>
  <tag k="check_date" v="2026-09-24"/>
  <tag k="from" v="Madrid, Estación Sur de Autobuses"/>
  <tag k="name" v="BlaBlaCar: Madrid, Estación Sur de Autobuses → Lyon, Gerland"/>
  <tag k="name:de" v="BlaBlaCar: Madrid, Busbahnhof Süd → Lyon, Gerland"/>
  <tag k="name:es" v="BlaBlaCar: Madrid, Estación Sur de Autobuses → Lyon, Gerland"/>
  <tag k="name:eu" v="BlaBlaCar: Madril, Hegoaldeko autobus geltokia → Lyon, Gerland"/>
  <tag k="name:fr" v="BlaBlaCar: Madrid, Gare Routière Sud → Lyon, Gerland"/>
  <tag k="network" v="BlaBlaCar Bus"/>
  <tag k="network:wikidata" v="Q1653380"/>
  <tag k="operator" v="BlaBlaCar"/>
  <tag k="public_transport:version" v="2"/>
  <tag k="route" v="bus"/>
  <tag k="to" v="Lyon, Gerland"/>
  <tag k="type" v="route"/>
 </relation>
</osm>
